forecast_id,forecast_kst_dtm,kpx_group_1,kpx_group_2,kpx_group_3
forecast_0001,2025-01-01 01:00:00,18221.720123555875,19300.52618529277,17081.867432037652
forecast_0002,2025-01-01 02:00:00,17809.583993041855,19158.011190975805,17067.715802334475
forecast_0003,2025-01-01 03:00:00,17439.942478878304,18781.359574715618,16926.328862619055
forecast_0004,2025-01-01 04:00:00,16770.56195384452,18442.645109939764,16505.11252669574
forecast_0005,2025-01-01 05:00:00,16265.622654574385,18162.142440888707,16001.029196092844
forecast_0006,2025-01-01 06:00:00,15997.932343424694,17631.59712457797,15451.152106648908
forecast_0007,2025-01-01 07:00:00,15804.291349614607,17133.57753688298,15016.961324820037
forecast_0008,2025-01-01 08:00:00,15521.525787535284,16574.637647375417,14463.104651235753
forecast_0009,2025-01-01 09:00:00,14843.420025700238,15301.287931277162,14299.034886055724
forecast_0010,2025-01-01 10:00:00,14880.801648266404,14358.588916957131,13110.221137152475
forecast_0011,2025-01-01 11:00:00,14818.706071857017,14604.502058347165,12883.748295361831
forecast_0012,2025-01-01 12:00:00,15161.47989350119,15080.937607715103,12899.171171593964
forecast_0013,2025-01-01 13:00:00,15396.753473963538,15449.859916254562,12898.301411650564
forecast_0014,2025-01-01 14:00:00,15175.865285498254,15308.773546192282,12044.900622594423
forecast_0015,2025-01-01 15:00:00,14518.795388594124,14988.242821410426,11347.727512895375
forecast_0016,2025-01-01 16:00:00,14508.906039830494,14803.885492116558,11334.797576359084
forecast_0017,2025-01-01 17:00:00,14449.991646699582,14249.854453874643,12037.375683015149
forecast_0018,2025-01-01 18:00:00,14314.742618685119,14252.75420657155,12596.90933815371
forecast_0019,2025-01-01 19:00:00,14706.387650315108,15052.113906310888,13271.547901475806
forecast_0020,2025-01-01 20:00:00,14616.286130494711,15524.516054942967,13983.978825099286
forecast_0021,2025-01-01 21:00:00,14573.567926409607,16199.369031092556,14113.603083938648
forecast_0022,2025-01-01 22:00:00,15149.85775669383,16599.618987285598,14200.700998544307
forecast_0023,2025-01-01 23:00:00,15141.037170551583,16617.84032484524,13654.43832245721
forecast_0024,2025-01-02 00:00:00,14668.51002929327,16008.569423029654,12717.313288158384
forecast_0025,2025-01-02 01:00:00,14213.693648342241,15298.97890906396,12010.151972707412
forecast_0026,2025-01-02 02:00:00,12360.287521179729,14292.331830505507,10846.702523690645
forecast_0027,2025-01-02 03:00:00,11457.313666846609,13261.395438119926,9530.506248348167
forecast_0028,2025-01-02 04:00:00,9998.141667224623,11859.05233696107,9034.468866032126
forecast_0029,2025-01-02 05:00:00,8930.713390430776,11269.703334122847,8245.782537399275
forecast_0030,2025-01-02 06:00:00,8748.434663397393,10116.289928209571,7773.983196126008
forecast_0031,2025-01-02 07:00:00,8407.111328625615,8819.65010141054,7370.860973395056
forecast_0032,2025-01-02 08:00:00,8464.362473148021,8302.258016863083,7134.534390186318
forecast_0033,2025-01-02 09:00:00,7893.308667205403,8108.591623669029,6729.096405403389
forecast_0034,2025-01-02 10:00:00,6629.926524207195,5955.255131129086,5563.439362986024
forecast_0035,2025-01-02 11:00:00,5659.273777518865,4975.536715700306,4903.421804261679
forecast_0036,2025-01-02 12:00:00,5658.923772182983,4845.352174573565,4891.569823072791
forecast_0037,2025-01-02 13:00:00,6280.89016920383,4937.534863687206,4960.729842174304
forecast_0038,2025-01-02 14:00:00,6853.903348513264,5416.477827803064,5264.44148372461
forecast_0039,2025-01-02 15:00:00,7576.618826768554,5841.313716660097,5730.491052142362
forecast_0040,2025-01-02 16:00:00,8562.848547309082,7059.514268187229,6203.830060925622
forecast_0041,2025-01-02 17:00:00,9252.868576823512,8240.359004808626,7078.0607343865995
forecast_0042,2025-01-02 18:00:00,9781.098358400372,9443.010555618781,7620.245234296167
forecast_0043,2025-01-02 19:00:00,10225.17655732121,9683.08267161056,8282.577549903017
forecast_0044,2025-01-02 20:00:00,10400.568428321189,9505.372511658188,8563.278602155102
forecast_0045,2025-01-02 21:00:00,10292.275852721361,10664.75063763979,9051.5307567158
forecast_0046,2025-01-02 22:00:00,10761.484190149578,11629.387490283487,10020.762178558769
forecast_0047,2025-01-02 23:00:00,11066.787571873341,12726.531254524001,10381.33696125247
forecast_0048,2025-01-03 00:00:00,11710.75306757335,13585.475349102631,10952.314643948594
forecast_0049,2025-01-03 01:00:00,11673.263596019387,12594.864436247302,11221.51404608514
forecast_0050,2025-01-03 02:00:00,11244.402060887547,11486.798843151995,11902.087302440448
forecast_0051,2025-01-03 03:00:00,11019.832023085757,12091.386218099395,11801.629682277377
forecast_0052,2025-01-03 04:00:00,11485.37387733223,12536.564732982595,12229.660058789694
forecast_0053,2025-01-03 05:00:00,11738.152433645926,13618.293541301626,11535.17838204747
forecast_0054,2025-01-03 06:00:00,11999.522392803776,13018.688519009054,10830.97174680885
forecast_0055,2025-01-03 07:00:00,11888.213514407478,12686.438517431294,10446.050381660454
forecast_0056,2025-01-03 08:00:00,11835.619809878128,13485.504526963268,10144.485297971813
forecast_0057,2025-01-03 09:00:00,12053.84415558193,11499.41976362345,9828.234925530265
forecast_0058,2025-01-03 10:00:00,12001.327629319843,9845.914139676604,8761.859777499143
forecast_0059,2025-01-03 11:00:00,11724.6137412911,9212.675915828213,8216.730681001523
forecast_0060,2025-01-03 12:00:00,11580.168826343934,9660.86713114047,8055.466108338727
forecast_0061,2025-01-03 13:00:00,11717.862733550155,10632.856151198494,8222.418617516674
forecast_0062,2025-01-03 14:00:00,12138.19243226339,11377.400911269791,8446.055425069724
forecast_0063,2025-01-03 15:00:00,12525.804774359982,10973.69063036895,8764.68043381694
forecast_0064,2025-01-03 16:00:00,12456.688574410033,10168.2107423853,9207.466937843401
forecast_0065,2025-01-03 17:00:00,12337.369438836064,10006.342399449808,9632.172395450434
forecast_0066,2025-01-03 18:00:00,12410.799742895564,10941.504238766927,10612.780672983372
forecast_0067,2025-01-03 19:00:00,12770.89140825042,11822.583398254614,11086.781962118572
forecast_0068,2025-01-03 20:00:00,12963.08694064069,12253.77211446371,11661.668662754135
forecast_0069,2025-01-03 21:00:00,13122.153408831417,12891.035614992328,12287.947882316934
forecast_0070,2025-01-03 22:00:00,12851.231250468965,14016.991903319107,12756.733126647432
forecast_0071,2025-01-03 23:00:00,12687.261459140122,14572.051999176816,12789.942486982462
forecast_0072,2025-01-04 00:00:00,13111.283960374898,15330.689599203404,13281.446124341393
forecast_0073,2025-01-04 01:00:00,13445.251036708709,14461.519478569535,13026.419204592177
forecast_0074,2025-01-04 02:00:00,13745.43523954722,14928.902121136736,13061.646550852503
forecast_0075,2025-01-04 03:00:00,13892.943572086593,15423.242084548565,12929.379946356847
forecast_0076,2025-01-04 04:00:00,13932.885617878965,15097.167095631885,12140.508091218708
forecast_0077,2025-01-04 05:00:00,14001.234303295947,14629.525638812047,12097.892667796332
forecast_0078,2025-01-04 06:00:00,13878.767679076976,14916.120095755045,12278.082196953736
forecast_0079,2025-01-04 07:00:00,14232.795846831246,15753.32498569462,12184.91951462593
forecast_0080,2025-01-04 08:00:00,14590.193553040433,16135.689696532303,12064.52488584649
forecast_0081,2025-01-04 09:00:00,14195.799306747183,16485.43354868136,11990.581757751137
forecast_0082,2025-01-04 10:00:00,12074.559698499386,14566.391640912603,9889.40785796515
forecast_0083,2025-01-04 11:00:00,10951.569889381433,11106.038355774006,8931.636639482633
forecast_0084,2025-01-04 12:00:00,10249.936312508784,9633.163172402445,8673.56930808275
forecast_0085,2025-01-04 13:00:00,10803.733698326301,9397.439722437057,9139.473039778859
forecast_0086,2025-01-04 14:00:00,11263.287542707689,9405.21448244372,9566.202542945874
forecast_0087,2025-01-04 15:00:00,11521.021774368335,9437.689845449231,9870.692267894334
forecast_0088,2025-01-04 16:00:00,12244.537311558855,9706.882864403822,9702.97354462685
forecast_0089,2025-01-04 17:00:00,12642.903235823655,10729.757530900619,10242.164045141835
forecast_0090,2025-01-04 18:00:00,13138.571306762804,13015.285398636257,12095.807941659685
forecast_0091,2025-01-04 19:00:00,13380.007501266598,14105.319338295232,12783.826481168606
forecast_0092,2025-01-04 20:00:00,14487.081124497916,15306.724817984861,13423.81394783589
forecast_0093,2025-01-04 21:00:00,15022.336193384239,15872.595270819533,13811.398403220603
forecast_0094,2025-01-04 22:00:00,15598.698181533735,16504.8283119244,14631.123278588504
forecast_0095,2025-01-04 23:00:00,16299.077300099336,17353.2984604746,14720.761235877682
forecast_0096,2025-01-05 00:00:00,16543.878841879538,16729.463658830722,14220.887911400561
forecast_0097,2025-01-05 01:00:00,16746.394343854125,17033.756198315597,12631.841634779868
forecast_0098,2025-01-05 02:00:00,15991.013441464773,15985.999896566209,12099.62709554007
forecast_0099,2025-01-05 03:00:00,15543.840576610466,16334.811395907152,11434.32866657324
forecast_0100,2025-01-05 04:00:00,14937.675256507286,16214.404562129577,11832.580924334852
forecast_0101,2025-01-05 05:00:00,13856.205016273256,16379.627457488099,11053.139397499923
forecast_0102,2025-01-05 06:00:00,12948.866528539904,16503.23436265775,11281.955464335617
forecast_0103,2025-01-05 07:00:00,12757.735984237841,16520.01088600752,11754.17723658263
forecast_0104,2025-01-05 08:00:00,12729.681886119306,16381.024943726938,11644.205258163729
forecast_0105,2025-01-05 09:00:00,13326.035383544397,15940.909789486483,12406.854158041948
forecast_0106,2025-01-05 10:00:00,13127.73134105571,14843.104302337555,13402.549563440421
forecast_0107,2025-01-05 11:00:00,13698.366848433232,14571.044792124092,13618.822551376456
forecast_0108,2025-01-05 12:00:00,13983.434320299491,15054.412488155032,13473.576530384566
forecast_0109,2025-01-05 13:00:00,13916.225245545216,15548.815779632409,13590.755533856545
forecast_0110,2025-01-05 14:00:00,12859.554816528242,14938.27657356056,12663.059370559271
forecast_0111,2025-01-05 15:00:00,11921.589846692765,13385.870076005745,12063.619809336098
forecast_0112,2025-01-05 16:00:00,11165.370781369158,12086.398696316486,11456.853057454333
forecast_0113,2025-01-05 17:00:00,11345.774023807353,13480.469738039523,11071.23459033772
forecast_0114,2025-01-05 18:00:00,12136.87872136986,13531.158584189954,12509.488656795418
forecast_0115,2025-01-05 19:00:00,13600.751434486816,14264.94660955903,12073.781612590752
forecast_0116,2025-01-05 20:00:00,13898.957641330559,14262.595752980604,11440.694045426226
forecast_0117,2025-01-05 21:00:00,14684.079880763302,13508.338170031613,12168.7525910701
forecast_0118,2025-01-05 22:00:00,14231.299485871383,13423.818328403142,12231.342384051497
forecast_0119,2025-01-05 23:00:00,13485.95270665431,14057.031594239728,11591.207387222845
forecast_0120,2025-01-06 00:00:00,12728.58120994458,13580.71836920644,11219.998073009798
forecast_0121,2025-01-06 01:00:00,12376.933292343823,12362.756510520256,10214.346102476717
forecast_0122,2025-01-06 02:00:00,11767.235638009104,11576.659711192633,9944.353559290841
forecast_0123,2025-01-06 03:00:00,10673.407632701113,10497.057930223498,9315.595330437196
forecast_0124,2025-01-06 04:00:00,9163.190132409065,10464.857005108228,8695.061723614866
forecast_0125,2025-01-06 05:00:00,7447.016807560092,8315.630131357277,7411.7439667996905
forecast_0126,2025-01-06 06:00:00,6872.4251550271265,7042.415497091716,7011.11524150743
forecast_0127,2025-01-06 07:00:00,5917.048247036784,6683.47641964226,6567.378728999269
forecast_0128,2025-01-06 08:00:00,5813.286155128446,6845.594007506489,6649.145229993268
forecast_0129,2025-01-06 09:00:00,6504.96083300092,8466.041319841153,6576.503499575332
forecast_0130,2025-01-06 10:00:00,6280.793097159547,8086.858301592356,6616.2033337240855
forecast_0131,2025-01-06 11:00:00,6247.790320867613,6605.595032591024,6929.5936778447685
forecast_0132,2025-01-06 12:00:00,6541.369652112852,5647.012863035908,7204.244479715447
forecast_0133,2025-01-06 13:00:00,7032.740378250343,6006.224280267038,7378.895067320327
forecast_0134,2025-01-06 14:00:00,7674.557540096735,6514.611348910063,7390.204289990489
forecast_0135,2025-01-06 15:00:00,8731.755613111192,6660.210032833291,8133.710190613084
forecast_0136,2025-01-06 16:00:00,9501.449165357632,8688.353629181685,8972.764710210575
forecast_0137,2025-01-06 17:00:00,10814.444243330609,10218.226658013033,10292.429508262914
forecast_0138,2025-01-06 18:00:00,11580.018321296202,11408.655071512501,12066.051930994136
forecast_0139,2025-01-06 19:00:00,11808.12774561558,12076.05490559106,12538.489301735877
forecast_0140,2025-01-06 20:00:00,12913.549959693139,13737.323380728576,12921.502804199281
forecast_0141,2025-01-06 21:00:00,13703.85679402039,14133.837330674609,13995.645382556944
forecast_0142,2025-01-06 22:00:00,14825.74352155265,14904.721118411951,14433.596663151839
forecast_0143,2025-01-06 23:00:00,15591.275540442795,15916.69148116558,15184.69240275407
forecast_0144,2025-01-07 00:00:00,16532.963118585772,17248.74477736865,15974.149273613737
forecast_0145,2025-01-07 01:00:00,16894.3518137805,18032.74239692374,16311.993013726875
forecast_0146,2025-01-07 02:00:00,17303.68666143314,18485.82805892163,16661.64468504862
forecast_0147,2025-01-07 03:00:00,17616.20867960684,18672.215959328976,16631.94079017798
forecast_0148,2025-01-07 04:00:00,17470.68683367021,18413.401343970116,16508.754868050233
forecast_0149,2025-01-07 05:00:00,17148.916346344737,17626.437924269252,15905.042156949537
forecast_0150,2025-01-07 06:00:00,16992.546831846827,17596.19672227939,15762.9503303579
forecast_0151,2025-01-07 07:00:00,16944.521821631843,17764.209700445157,15805.84548665025
forecast_0152,2025-01-07 08:00:00,16777.560324850016,17866.781618108602,15742.95753617222
forecast_0153,2025-01-07 09:00:00,16579.524325089453,17798.956321381538,15515.616949944764
forecast_0154,2025-01-07 10:00:00,16293.300179482947,17345.059334641253,15031.021362217969
forecast_0155,2025-01-07 11:00:00,16540.05948781526,17892.49780290054,14730.529259609295
forecast_0156,2025-01-07 12:00:00,16282.290777188955,17884.53192213548,14252.612211205367
forecast_0157,2025-01-07 13:00:00,16169.371813701942,17285.275717060616,14031.316494944731
forecast_0158,2025-01-07 14:00:00,15664.638122483979,16628.77538895024,13835.11796271674
forecast_0159,2025-01-07 15:00:00,15560.945478795631,16296.817044215513,13959.719791317624
forecast_0160,2025-01-07 16:00:00,15569.19235697493,16634.710109680404,13503.061186750001
forecast_0161,2025-01-07 17:00:00,15791.28933810797,16984.532163722335,14171.419400878072
forecast_0162,2025-01-07 18:00:00,16515.40733476247,17467.336973248417,15167.920075296191
forecast_0163,2025-01-07 19:00:00,17200.416070000567,18299.349207510528,15795.486913911562
forecast_0164,2025-01-07 20:00:00,17704.672839550945,18431.702890395423,15983.037556676707
forecast_0165,2025-01-07 21:00:00,17606.201642489228,18250.48509177023,16022.443427991464
forecast_0166,2025-01-07 22:00:00,17515.25856018717,18202.668938340925,16072.965542781309
forecast_0167,2025-01-07 23:00:00,17275.805962366143,18401.345767420797,16077.144245824722
forecast_0168,2025-01-08 00:00:00,17339.324059018494,18594.063386941023,15823.193745006065
forecast_0169,2025-01-08 01:00:00,17045.00947916967,18088.85012961841,15396.566010978146
forecast_0170,2025-01-08 02:00:00,16638.648350500753,17901.39671269287,14855.36925136668
forecast_0171,2025-01-08 03:00:00,16110.58818162145,17480.522539201786,14424.306807275458
forecast_0172,2025-01-08 04:00:00,15747.089722554138,16304.744300539842,13770.691072531701
forecast_0173,2025-01-08 05:00:00,15452.6254071767,15757.064804940423,13628.205705263052
forecast_0174,2025-01-08 06:00:00,15617.750818787703,15676.959043880226,13521.474381349712
forecast_0175,2025-01-08 07:00:00,15565.302857677125,15342.304128553104,12563.005999653014
forecast_0176,2025-01-08 08:00:00,15841.673516304076,16040.999967921583,13099.433180278058
forecast_0177,2025-01-08 09:00:00,16078.001352497857,16823.663931551644,13856.05509201873
forecast_0178,2025-01-08 10:00:00,15877.492247695216,16572.875233434603,12738.314403984434
forecast_0179,2025-01-08 11:00:00,16612.75639063023,17252.529813493475,14001.568327264646
forecast_0180,2025-01-08 12:00:00,16838.82275130396,17734.36112700388,14588.72169892232
forecast_0181,2025-01-08 13:00:00,16674.956161959217,17513.739636962626,14203.289804830136
forecast_0182,2025-01-08 14:00:00,16251.285032873893,17116.0990805668,14333.146061660762
forecast_0183,2025-01-08 15:00:00,15942.525723249586,17159.387133186927,14208.709304428823
forecast_0184,2025-01-08 16:00:00,15456.443804226317,16776.484333219567,13430.464904830016
forecast_0185,2025-01-08 17:00:00,15322.319067995832,16871.273096151566,13689.416463963506
forecast_0186,2025-01-08 18:00:00,15326.867693780358,17156.417851082217,14380.966417711566
forecast_0187,2025-01-08 19:00:00,15457.411914360433,17411.141835914543,14770.379015651557
forecast_0188,2025-01-08 20:00:00,15685.082836773003,17303.438777256913,15331.797026859116
forecast_0189,2025-01-08 21:00:00,15718.593458058527,17059.6593602414,15487.543752960311
forecast_0190,2025-01-08 22:00:00,16106.003193212666,17434.681177648312,15824.777781094868
forecast_0191,2025-01-08 23:00:00,16557.50184955444,17442.469754438076,15871.78335914165
forecast_0192,2025-01-09 00:00:00,16432.076665972072,17325.3571278629,15764.537772825617
forecast_0193,2025-01-09 01:00:00,16170.27456295025,17496.52878716993,15166.83097983485
forecast_0194,2025-01-09 02:00:00,16007.85930770278,17317.567137171915,15038.684670455346
forecast_0195,2025-01-09 03:00:00,16001.669820342238,17329.2677793708,14761.273052752964
forecast_0196,2025-01-09 04:00:00,15823.562082359313,17547.091276466053,14534.567920055488
forecast_0197,2025-01-09 05:00:00,15588.127601284206,17730.99229218584,14127.376943761883
forecast_0198,2025-01-09 06:00:00,16007.684849455294,17597.26142769116,13983.500292503162
forecast_0199,2025-01-09 07:00:00,15772.327753153051,17378.70213489147,13621.189198931359
forecast_0200,2025-01-09 08:00:00,15726.799269489526,17373.615019484634,13411.198803232724
forecast_0201,2025-01-09 09:00:00,15448.440014783704,17374.104363917562,13493.830778066298
forecast_0202,2025-01-09 10:00:00,15337.385245325793,17165.329768199445,13115.704869176541
forecast_0203,2025-01-09 11:00:00,15130.085023596723,16722.923654730803,12898.854736053341
forecast_0204,2025-01-09 12:00:00,15304.0815336109,16680.422925567073,12810.14343926632
forecast_0205,2025-01-09 13:00:00,15275.947404116992,16531.471182565772,12671.119661397415
forecast_0206,2025-01-09 14:00:00,15236.847129419904,15762.829505506987,12807.843141260293
forecast_0207,2025-01-09 15:00:00,15339.84868996272,15794.840923024774,13123.55896036745
forecast_0208,2025-01-09 16:00:00,15647.285372618138,16739.82885076924,13561.537517673283
forecast_0209,2025-01-09 17:00:00,15523.267874081826,15998.630235608798,13349.30838814666
forecast_0210,2025-01-09 18:00:00,15796.673847037702,16696.053163521716,13949.509613353468
forecast_0211,2025-01-09 19:00:00,16158.779089134918,17237.191236362545,14043.07214532492
forecast_0212,2025-01-09 20:00:00,16699.103029950184,18131.669266005934,14443.19992740464
forecast_0213,2025-01-09 21:00:00,17953.735739483625,18641.096936617367,15097.48713478071
forecast_0214,2025-01-09 22:00:00,19167.30252690564,18979.509667092774,15146.54029577682
forecast_0215,2025-01-09 23:00:00,19593.727084969847,19044.996582429038,15597.514664960781
forecast_0216,2025-01-10 00:00:00,19673.13155887675,18895.38342304848,16099.84293891583
forecast_0217,2025-01-10 01:00:00,18866.431573297457,18988.152870065333,14144.308993735442
forecast_0218,2025-01-10 02:00:00,18805.994935162696,18888.423883795258,14490.14433596997
forecast_0219,2025-01-10 03:00:00,18783.006881350415,18862.76533921847,14715.009430748349
forecast_0220,2025-01-10 04:00:00,18889.3947087761,18665.97865048388,14375.875347171997
forecast_0221,2025-01-10 05:00:00,18561.757537463807,18548.586341887967,14510.03127621585
forecast_0222,2025-01-10 06:00:00,17421.315271120373,17592.017164792283,13738.775939894425
forecast_0223,2025-01-10 07:00:00,15587.552575125272,14435.987241567836,12643.73999014965
forecast_0224,2025-01-10 08:00:00,13601.276174507617,11121.492818352337,11176.494728385853
forecast_0225,2025-01-10 09:00:00,11563.563927590603,9153.545054053739,9058.778808862515
forecast_0226,2025-01-10 10:00:00,8349.090452372051,5912.958132031983,7013.617575936901
forecast_0227,2025-01-10 11:00:00,6006.704517431419,4149.0426856735,5671.406356963581
forecast_0228,2025-01-10 12:00:00,4717.237520855987,3100.640313119829,4663.7634094808855
forecast_0229,2025-01-10 13:00:00,3988.3067888583278,3196.141054847349,4462.9860727958685
forecast_0230,2025-01-10 14:00:00,3984.0383652842543,3248.934315150399,5151.568206286557
forecast_0231,2025-01-10 15:00:00,4907.480793181932,3349.2886558319237,5482.923169195633
forecast_0232,2025-01-10 16:00:00,6031.2937524170575,3783.6830779485676,5782.843459174267
forecast_0233,2025-01-10 17:00:00,6656.673156112372,4520.733358134379,6279.8713558332165
forecast_0234,2025-01-10 18:00:00,7515.3231748037815,5689.2006554933105,7146.826456601353
forecast_0235,2025-01-10 19:00:00,8517.598666701739,7519.530255278912,8146.951972583498
forecast_0236,2025-01-10 20:00:00,9800.845020749026,8903.905288099024,8632.932849779405
forecast_0237,2025-01-10 21:00:00,9901.941645960644,9400.836722634684,8746.73311192026
forecast_0238,2025-01-10 22:00:00,10261.852101374281,8774.461420422344,8444.089053619853
forecast_0239,2025-01-10 23:00:00,10275.070820933548,8324.031201981546,8730.495433125448
forecast_0240,2025-01-11 00:00:00,10855.194145851532,8534.366411932515,9161.890337465382
forecast_0241,2025-01-11 01:00:00,12007.953406205372,9472.00508804673,9263.203304678073
forecast_0242,2025-01-11 02:00:00,11889.472329797392,9818.831103931509,9318.898502661183
forecast_0243,2025-01-11 03:00:00,11512.807618677758,9832.28618002481,9279.915480958685
forecast_0244,2025-01-11 04:00:00,11472.513979334086,9540.39989277567,9095.967887500323
forecast_0245,2025-01-11 05:00:00,11055.610604740617,9041.967189726256,8962.884818134275
forecast_0246,2025-01-11 06:00:00,9179.445046450133,8190.911679928248,8435.685870330533
forecast_0247,2025-01-11 07:00:00,7891.19703223524,6312.345674707166,7676.904587093273
forecast_0248,2025-01-11 08:00:00,6968.9704283847595,5359.998907333977,7222.644676428421
forecast_0249,2025-01-11 09:00:00,5752.708206108264,4687.091432526948,6177.775126797341
forecast_0250,2025-01-11 10:00:00,4108.985027279168,3581.7140821745793,4772.584068883273
forecast_0251,2025-01-11 11:00:00,3289.6262114089795,3066.6237378010273,4228.402780221623
forecast_0252,2025-01-11 12:00:00,3052.382250006811,2696.131241361415,3828.8086495859698
forecast_0253,2025-01-11 13:00:00,2810.856762002618,2623.009507925818,3855.2413946388583
forecast_0254,2025-01-11 14:00:00,2708.4365948583686,2831.7799210623643,3993.1549552939646
forecast_0255,2025-01-11 15:00:00,3063.1980208908058,2831.9782656042516,4146.349264728962
forecast_0256,2025-01-11 16:00:00,3780.4578810850344,3014.425806130266,4398.407259559922
forecast_0257,2025-01-11 17:00:00,4506.465054962915,3758.0332690463365,5296.056686945477
forecast_0258,2025-01-11 18:00:00,6090.669747868424,4937.079318768654,7048.021823551175
forecast_0259,2025-01-11 19:00:00,7654.8602778346285,6529.797980107896,8390.606711673518
forecast_0260,2025-01-11 20:00:00,8841.247244544484,7437.439678947627,8933.398933669854
forecast_0261,2025-01-11 21:00:00,9650.223326289115,8057.707778557181,9118.08604323545
forecast_0262,2025-01-11 22:00:00,10587.040107545454,9337.834101704915,9299.106493280713
forecast_0263,2025-01-11 23:00:00,11776.005421683412,9788.893359750511,9492.952147420603
forecast_0264,2025-01-12 00:00:00,11986.919143407533,9953.643496004997,9840.042334665082
forecast_0265,2025-01-12 01:00:00,10120.181889265414,10959.017885456069,9109.008613675473
forecast_0266,2025-01-12 02:00:00,10298.331607319238,10607.39837947427,9162.554479166953
forecast_0267,2025-01-12 03:00:00,11490.976770904283,11472.461154854213,9738.245474604832
forecast_0268,2025-01-12 04:00:00,12760.764189021022,13424.368342026948,10912.890469943944
forecast_0269,2025-01-12 05:00:00,14771.46816252249,14332.437728005247,11871.147284520684
forecast_0270,2025-01-12 06:00:00,15808.359693589548,15627.571757929534,12225.514404881125
forecast_0271,2025-01-12 07:00:00,16010.395452441433,16135.77969619945,12845.971092646076
forecast_0272,2025-01-12 08:00:00,16763.401934888672,16440.911443668578,13156.615862402803
forecast_0273,2025-01-12 09:00:00,16328.26378481448,16880.84283049289,12836.283822921707
forecast_0274,2025-01-12 10:00:00,14586.166725411676,14675.587244926788,11494.919569503229
forecast_0275,2025-01-12 11:00:00,12741.592321217713,11796.189567842113,10047.117103212375
forecast_0276,2025-01-12 12:00:00,11097.11267586314,10250.289135438965,9480.455527161055
forecast_0277,2025-01-12 13:00:00,11011.438478543678,9959.087726678023,9038.629375921952
forecast_0278,2025-01-12 14:00:00,10937.55733247993,10441.19290184492,8886.025315223758
forecast_0279,2025-01-12 15:00:00,10960.398343382307,11002.0402253058,8600.784452125128
forecast_0280,2025-01-12 16:00:00,11279.892698694774,10537.405036395136,9036.887922464328
forecast_0281,2025-01-12 17:00:00,11578.10745523676,10659.94626433993,9852.245180062928
forecast_0282,2025-01-12 18:00:00,12128.548525999882,12717.627129257144,11704.807310879369
forecast_0283,2025-01-12 19:00:00,12948.954161498055,13362.167441469239,12279.06199472167
forecast_0284,2025-01-12 20:00:00,13306.68435534841,13870.00076722312,12604.422854058515
forecast_0285,2025-01-12 21:00:00,13603.841582804534,14913.92004977561,13074.063146544555
forecast_0286,2025-01-12 22:00:00,14241.39098840303,15545.075508682508,13437.844673823358
forecast_0287,2025-01-12 23:00:00,15032.471527399415,16044.616225610818,14012.068580114435
forecast_0288,2025-01-13 00:00:00,15815.828203204372,15907.688678054561,14607.26065688055
forecast_0289,2025-01-13 01:00:00,17828.85029743242,17720.560727578282,15460.162852842706
forecast_0290,2025-01-13 02:00:00,18792.41602216985,18892.924779455425,15976.247591845266
forecast_0291,2025-01-13 03:00:00,19315.350460865367,19561.086647139316,16757.713967391424
forecast_0292,2025-01-13 04:00:00,19433.296728907033,19753.7307405522,17090.52653442783
forecast_0293,2025-01-13 05:00:00,19378.27193446798,19893.86041290978,17487.140295914243
forecast_0294,2025-01-13 06:00:00,19526.3427430263,20031.97938301287,17586.62887031125
forecast_0295,2025-01-13 07:00:00,19418.933349641407,19917.73073407108,17438.280440877083
forecast_0296,2025-01-13 08:00:00,19256.43851315537,19862.99822444746,16930.53425733402
forecast_0297,2025-01-13 09:00:00,19241.592353948556,19876.17018842168,17167.024983349587
forecast_0298,2025-01-13 10:00:00,18044.04878144271,19179.233533630282,16555.50037269628
forecast_0299,2025-01-13 11:00:00,17731.569019065035,18996.122534399616,16565.86312977799
forecast_0300,2025-01-13 12:00:00,16141.436329111271,18096.447161437285,15768.280758472996
forecast_0301,2025-01-13 13:00:00,14975.830569649323,15915.469610506021,13939.005870610948
forecast_0302,2025-01-13 14:00:00,14213.427529216402,13693.51171689757,11810.258396005625
forecast_0303,2025-01-13 15:00:00,14345.81202581588,13136.77788952945,12270.799078774644
forecast_0304,2025-01-13 16:00:00,14143.554455819798,13815.40051324214,12455.859770824794
forecast_0305,2025-01-13 17:00:00,14029.264313705931,13404.235609699455,12375.46185257691
forecast_0306,2025-01-13 18:00:00,14032.070854201269,13418.145010672595,13005.551096152412
forecast_0307,2025-01-13 19:00:00,14532.170805512811,14405.005005737574,13649.247969843504
forecast_0308,2025-01-13 20:00:00,14682.139312137077,15215.688284319283,13480.184838874477
forecast_0309,2025-01-13 21:00:00,15260.32623931026,16018.244956905557,14527.559193461813
forecast_0310,2025-01-13 22:00:00,16412.9484404603,16567.128671999813,15859.760762415848
forecast_0311,2025-01-13 23:00:00,16955.814279160415,17702.94964073474,15855.450604602353
forecast_0312,2025-01-14 00:00:00,17120.524318932697,18027.281865642504,16387.855206729768
forecast_0313,2025-01-14 01:00:00,17628.979351430182,18223.06857963045,16664.530324667503
forecast_0314,2025-01-14 02:00:00,17671.502031990738,18421.161413542064,16832.919319724595
forecast_0315,2025-01-14 03:00:00,17654.824755854203,18410.23512145694,17008.913644430413
forecast_0316,2025-01-14 04:00:00,17699.795433298656,18312.833048556673,16812.56891635312
forecast_0317,2025-01-14 05:00:00,17754.65427543626,18426.54871270733,16749.785320678955
forecast_0318,2025-01-14 06:00:00,17880.633139074976,18414.013702704902,16703.69734870093
forecast_0319,2025-01-14 07:00:00,17923.825184220375,18493.8278672006,16780.440098704814
forecast_0320,2025-01-14 08:00:00,17927.82173992813,17931.549890085127,16611.212471540886
forecast_0321,2025-01-14 09:00:00,17376.399957712078,17284.786840495257,16415.018620945066
forecast_0322,2025-01-14 10:00:00,16767.463060401747,16697.428935391312,16255.785849992484
forecast_0323,2025-01-14 11:00:00,16111.737957120775,16068.795439119633,15871.15708433326
forecast_0324,2025-01-14 12:00:00,15672.460192415456,15399.902645766346,13495.774579379766
forecast_0325,2025-01-14 13:00:00,15022.57727640251,14668.520653353171,12366.034789045825
forecast_0326,2025-01-14 14:00:00,14180.064415043522,13660.974370001346,11872.05141596714
forecast_0327,2025-01-14 15:00:00,13511.363068769226,13061.322272365975,11508.542785802343
forecast_0328,2025-01-14 16:00:00,12949.767144849759,11955.072845121593,10642.245599043139
forecast_0329,2025-01-14 17:00:00,12157.54732572354,11557.667011623354,10251.562922226924
forecast_0330,2025-01-14 18:00:00,11711.931227500685,12234.806220413991,10653.85842728116
forecast_0331,2025-01-14 19:00:00,11262.50977023159,12272.436397784328,10911.014214430803
forecast_0332,2025-01-14 20:00:00,11782.116775053037,11772.376362446836,10480.263935853916
forecast_0333,2025-01-14 21:00:00,12694.292692736064,11968.498501065862,11024.384735301523
forecast_0334,2025-01-14 22:00:00,13542.721597800142,12683.878964964351,12441.836155342946
forecast_0335,2025-01-14 23:00:00,14530.777683800326,13203.859488856038,11104.710283488963
forecast_0336,2025-01-15 00:00:00,14520.05567548969,13005.34480282487,10735.988700498861
forecast_0337,2025-01-15 01:00:00,14577.760524656907,13184.454934043897,10372.691297053098
forecast_0338,2025-01-15 02:00:00,13942.532713349212,12562.935663519535,9764.899556808658
forecast_0339,2025-01-15 03:00:00,12923.53151173246,12306.227759837604,9803.166068706432
forecast_0340,2025-01-15 04:00:00,12692.144981678335,12372.777575831715,9034.607383980036
forecast_0341,2025-01-15 05:00:00,12926.268776646024,12844.532483126772,9090.221470609913
forecast_0342,2025-01-15 06:00:00,13266.162653741998,12787.064922696625,9643.064737122808
forecast_0343,2025-01-15 07:00:00,13758.995370949579,13241.66027773865,11084.857023636918
forecast_0344,2025-01-15 08:00:00,14081.602365547562,14574.135856384259,11055.048071244233
forecast_0345,2025-01-15 09:00:00,13734.004020940349,14907.047155459526,12564.089152379456
forecast_0346,2025-01-15 10:00:00,13546.347533382563,14781.213683847034,12365.976865503537
forecast_0347,2025-01-15 11:00:00,13509.102362232476,14477.171251103427,11629.65044748286
forecast_0348,2025-01-15 12:00:00,12848.481137977178,12500.276731482689,11416.066731636154
forecast_0349,2025-01-15 13:00:00,12119.413411992962,11527.060407958144,11225.430138482192
forecast_0350,2025-01-15 14:00:00,11725.248463245323,11325.880081069019,10730.804037327498
forecast_0351,2025-01-15 15:00:00,11716.567493308583,10731.486010408227,10523.650296137374
forecast_0352,2025-01-15 16:00:00,12079.415805558714,10736.267027887163,10922.755547814391
forecast_0353,2025-01-15 17:00:00,12518.85185724076,11054.038731742938,12023.690224738242
forecast_0354,2025-01-15 18:00:00,13445.38013238338,12445.768410375116,13634.85112307692
forecast_0355,2025-01-15 19:00:00,14738.40131725878,14444.495182033874,14598.240171652855
forecast_0356,2025-01-15 20:00:00,15880.281142908523,16678.66735232665,15101.468832504455
forecast_0357,2025-01-15 21:00:00,17191.793735645268,18529.111724874187,15583.703876596082
forecast_0358,2025-01-15 22:00:00,18115.543868894383,19039.550535223618,15925.949565045357
forecast_0359,2025-01-15 23:00:00,18410.24248628932,19278.97783653467,16406.626878436313
forecast_0360,2025-01-16 00:00:00,18711.663436841052,19365.198122862752,16543.522370319268
forecast_0361,2025-01-16 01:00:00,18884.536177999104,19571.10702212252,16318.11263412374
forecast_0362,2025-01-16 02:00:00,18842.2192980605,19622.83680974486,16615.95301560936
forecast_0363,2025-01-16 03:00:00,18715.04672115468,19833.888244150246,16877.29888085969
forecast_0364,2025-01-16 04:00:00,19453.35611433974,19980.152824291643,17427.85518428557
forecast_0365,2025-01-16 05:00:00,19649.284797730863,20084.850169694488,17711.491698835656
forecast_0366,2025-01-16 06:00:00,19576.460918545843,19938.858393005234,18185.726588722417
forecast_0367,2025-01-16 07:00:00,19741.552571783093,19772.820912125706,18341.02320760046
forecast_0368,2025-01-16 08:00:00,19743.115604789527,19867.388054317442,18302.091066169836
forecast_0369,2025-01-16 09:00:00,19704.06785854843,19950.392531671565,18250.497236183983
forecast_0370,2025-01-16 10:00:00,19132.56021512767,19836.04103167383,18232.04577350018
forecast_0371,2025-01-16 11:00:00,18637.045811582626,19616.57679274647,18180.337678984633
forecast_0372,2025-01-16 12:00:00,18156.77175827659,19577.5806909792,17841.823482816708
forecast_0373,2025-01-16 13:00:00,17738.103259367475,19215.028866370238,17255.998726281774
forecast_0374,2025-01-16 14:00:00,17293.728924659517,18682.62989085337,16279.752016359584
forecast_0375,2025-01-16 15:00:00,17211.95238266241,18404.25561285633,16557.093243682724
forecast_0376,2025-01-16 16:00:00,16992.101916714768,18528.486054008008,15926.016610573828
forecast_0377,2025-01-16 17:00:00,16844.98607569475,18284.117616042662,16458.28645561986
forecast_0378,2025-01-16 18:00:00,17070.09423431861,17787.23921991787,15898.424605134383
forecast_0379,2025-01-16 19:00:00,16484.71952366787,16396.756975900353,14869.185555497275
forecast_0380,2025-01-16 20:00:00,15001.187523420562,14469.944037201141,11737.281565834113
forecast_0381,2025-01-16 21:00:00,12620.931925210749,10787.104479030551,10268.890034359363
forecast_0382,2025-01-16 22:00:00,11018.159181602821,9619.362669305709,9077.426390505127
forecast_0383,2025-01-16 23:00:00,9748.951055976775,8488.279941568588,8024.964874394242
forecast_0384,2025-01-17 00:00:00,7469.700540717358,6482.036899560134,6395.945558566904
forecast_0385,2025-01-17 01:00:00,4549.61973981212,4275.408760314581,4354.346512688591
forecast_0386,2025-01-17 02:00:00,3318.6006773909235,2722.5829731883878,3831.24098939528
forecast_0387,2025-01-17 03:00:00,2788.765140647226,2499.703930565156,3396.3636241137897
forecast_0388,2025-01-17 04:00:00,2443.439119542015,2066.1315820415857,3238.451582394981
forecast_0389,2025-01-17 05:00:00,2401.472990653884,1992.8924239552252,3178.684554007317
forecast_0390,2025-01-17 06:00:00,2379.233594107216,1886.2772079571278,3161.874681381593
forecast_0391,2025-01-17 07:00:00,2420.352261952161,1971.8437547228687,3137.914463051243
forecast_0392,2025-01-17 08:00:00,2410.4222404384236,2075.373141661219,3174.1842075249583
forecast_0393,2025-01-17 09:00:00,2451.2192346517477,2048.419706450257,3119.298750910147
forecast_0394,2025-01-17 10:00:00,2140.5075529775886,1803.7389213551096,3060.6258422551177
forecast_0395,2025-01-17 11:00:00,1980.561229891011,1703.0429416451252,3073.4933789161823
forecast_0396,2025-01-17 12:00:00,1931.0473408596526,1839.8286387727376,3069.764146859652
forecast_0397,2025-01-17 13:00:00,2045.9506608207303,1900.917655760053,3128.559034885544
forecast_0398,2025-01-17 14:00:00,2386.1585565707182,2372.444580297135,3353.465386990666
forecast_0399,2025-01-17 15:00:00,2905.9350820652508,2630.7061188650414,3913.1288023880134
forecast_0400,2025-01-17 16:00:00,3911.66403911445,3173.2868534349495,4583.740933995911
forecast_0401,2025-01-17 17:00:00,5334.260877076778,4623.016343737265,5679.3322291777495
forecast_0402,2025-01-17 18:00:00,6875.124998838492,6059.664495525949,7363.246223452686
forecast_0403,2025-01-17 19:00:00,9268.518687985543,9075.85252703594,8544.306131816615
forecast_0404,2025-01-17 20:00:00,11595.518086909276,10516.708599398493,9381.051878887354
forecast_0405,2025-01-17 21:00:00,13214.802217373723,11735.977162912284,10614.720859208785
forecast_0406,2025-01-17 22:00:00,14387.8953605937,12391.631254531372,10944.565221080178
forecast_0407,2025-01-17 23:00:00,15398.561706516637,13083.233696952315,11285.395904908035
forecast_0408,2025-01-18 00:00:00,16278.29562156555,14546.41951190208,11433.8259844098
forecast_0409,2025-01-18 01:00:00,14994.954145283784,13756.899697727848,10811.66049316757
forecast_0410,2025-01-18 02:00:00,15430.39617024078,13913.763364738803,11110.385144096363
forecast_0411,2025-01-18 03:00:00,16148.237130433881,14601.419618816115,11907.37350920607
forecast_0412,2025-01-18 04:00:00,17096.332029132,14844.650295700358,11826.660346099678
forecast_0413,2025-01-18 05:00:00,17295.784180978717,14442.826612648485,11640.22468058558
forecast_0414,2025-01-18 06:00:00,16246.560574256575,13754.688230027114,10584.765532016405
forecast_0415,2025-01-18 07:00:00,14540.273629247891,11622.912528211526,9087.128871796252
forecast_0416,2025-01-18 08:00:00,12236.495169156362,9453.061875242449,7660.237472193454
forecast_0417,2025-01-18 09:00:00,9443.034174126726,6800.204151239373,6182.685236245715
forecast_0418,2025-01-18 10:00:00,7002.898439072447,4828.386229079977,4809.101787248958
forecast_0419,2025-01-18 11:00:00,4773.4249291330925,3814.636422087308,4432.945240675726
forecast_0420,2025-01-18 12:00:00,3920.626018503995,3477.6284416512894,4659.959990321876
forecast_0421,2025-01-18 13:00:00,3762.637968733809,3602.2802588959407,4533.969565049748
forecast_0422,2025-01-18 14:00:00,3911.890288924274,3740.9727324403857,4461.715438802612
forecast_0423,2025-01-18 15:00:00,4523.074038551745,3996.817969399562,4752.7357289166375
forecast_0424,2025-01-18 16:00:00,5215.308471180347,4885.591298571075,5617.110099448221
forecast_0425,2025-01-18 17:00:00,8594.89753033666,6505.4379997111955,7504.501142630073
forecast_0426,2025-01-18 18:00:00,12722.393970822812,10823.869067832627,9380.092167752293
forecast_0427,2025-01-18 19:00:00,15722.420275794575,13623.205070700824,11123.772139378343
forecast_0428,2025-01-18 20:00:00,17914.754137292064,16633.676457701327,12049.447735519625
forecast_0429,2025-01-18 21:00:00,18668.474089176954,18210.827307188076,13862.639495942756
forecast_0430,2025-01-18 22:00:00,18752.305998874028,18511.9221534551,13931.381602746013
forecast_0431,2025-01-18 23:00:00,18414.116280601356,18780.920038105593,13663.930721688168
forecast_0432,2025-01-19 00:00:00,18357.535599771603,18686.07432847472,13240.251707595005
forecast_0433,2025-01-19 01:00:00,17974.522504656557,18058.32185643764,13219.2001639352
forecast_0434,2025-01-19 02:00:00,18300.224367568688,18368.24433610258,13013.374191514666
forecast_0435,2025-01-19 03:00:00,18454.632072699576,18850.040865247112,13344.84200849896
forecast_0436,2025-01-19 04:00:00,18888.13994724027,19109.859292164532,14413.107960604098
forecast_0437,2025-01-19 05:00:00,19087.072504080643,19254.865380615116,14723.77767459743
forecast_0438,2025-01-19 06:00:00,19191.25656468432,19256.35906980005,15164.37120853534
forecast_0439,2025-01-19 07:00:00,19109.94382452597,19124.288351335097,14937.326470037784
forecast_0440,2025-01-19 08:00:00,18985.399441812904,18943.443963324222,13770.218428744602
forecast_0441,2025-01-19 09:00:00,17996.016121699635,18333.17193015957,12765.576858412176
forecast_0442,2025-01-19 10:00:00,15595.667205958463,17572.483428432064,12026.605918074922
forecast_0443,2025-01-19 11:00:00,12916.016147087274,16447.724504164067,10119.510847422553
forecast_0444,2025-01-19 12:00:00,10666.285558280639,13932.696382769951,9202.445686747511
forecast_0445,2025-01-19 13:00:00,9901.50571791474,11095.440457859391,8007.198182277788
forecast_0446,2025-01-19 14:00:00,9372.969987688077,9501.7038489497,7257.929227613364
forecast_0447,2025-01-19 15:00:00,8215.44371592743,8565.929837899661,6878.0071589263325
forecast_0448,2025-01-19 16:00:00,7816.133177817104,8370.131585330384,6614.622413862373
forecast_0449,2025-01-19 17:00:00,8291.77135459174,9805.391288979155,7143.742606787365
forecast_0450,2025-01-19 18:00:00,10034.896468380091,10790.506288647126,8287.226277315654
forecast_0451,2025-01-19 19:00:00,11679.715251591362,12437.717426853793,8942.842051105268
forecast_0452,2025-01-19 20:00:00,12122.364117037014,14200.374093988115,9223.264586532257
forecast_0453,2025-01-19 21:00:00,12623.204324819855,14833.290626112588,9153.6986592496
forecast_0454,2025-01-19 22:00:00,12986.856849463453,14496.350305854588,9477.134696715033
forecast_0455,2025-01-19 23:00:00,13177.358651063298,13531.252527887718,9380.691403373825
forecast_0456,2025-01-20 00:00:00,13281.856043406877,12505.03188227216,9151.628283258164
forecast_0457,2025-01-20 01:00:00,11421.267708262389,9771.487323265948,8297.644879489384
forecast_0458,2025-01-20 02:00:00,9237.971683793176,7226.906376793287,7822.296045262368
forecast_0459,2025-01-20 03:00:00,8127.3823728511925,6444.057222563615,7307.110301776296
forecast_0460,2025-01-20 04:00:00,7146.410496045794,5401.718455580443,6474.219778759234
forecast_0461,2025-01-20 05:00:00,5884.54218644434,4258.643636575938,5641.185993086822
forecast_0462,2025-01-20 06:00:00,4648.348903538168,3790.1938866149603,4534.281664829577
forecast_0463,2025-01-20 07:00:00,3502.5499528304626,2796.4911222711353,3898.554477341552
forecast_0464,2025-01-20 08:00:00,2670.033166008839,2240.9515293696068,3451.178262119815
forecast_0465,2025-01-20 09:00:00,2238.387446259432,1979.7182684530871,3078.51901519634
forecast_0466,2025-01-20 10:00:00,2049.0191192927186,2213.0685401775654,2824.0793737319786
forecast_0467,2025-01-20 11:00:00,1872.3572958043796,2125.935174290781,2688.9987487319786
forecast_0468,2025-01-20 12:00:00,1749.84160489858,2027.4236267205542,2631.490154981979
forecast_0469,2025-01-20 13:00:00,1690.2695017803262,2001.8061924783142,2612.6951549819787
forecast_0470,2025-01-20 14:00:00,1664.612001780326,1893.314643047288,2613.9896081069787
forecast_0471,2025-01-20 15:00:00,1817.178408030326,1885.9465987716267,2662.725545606979
forecast_0472,2025-01-20 16:00:00,1905.7959919200302,1793.9987265893233,2859.8318737319787
forecast_0473,2025-01-20 17:00:00,1945.0064210501077,1809.21240452246,2939.6213268569786
forecast_0474,2025-01-20 18:00:00,1999.5638299222874,1842.3268686296842,2951.5121081069788
forecast_0475,2025-01-20 19:00:00,2059.855521967802,2017.7939865669214,2953.20387058828
forecast_0476,2025-01-20 20:00:00,2125.0991317135085,1814.1646413112194,2976.8358709673307
forecast_0477,2025-01-20 21:00:00,2196.6759982410867,1999.9358260115932,3072.4624624027488
forecast_0478,2025-01-20 22:00:00,2291.9134355235974,1957.4668593355618,3099.8848282380573
forecast_0479,2025-01-20 23:00:00,2350.7107315127996,2059.5165918992852,3186.453874782196
forecast_0480,2025-01-21 00:00:00,2515.458152120572,2237.6605102977355,3354.425252247237
forecast_0481,2025-01-21 01:00:00,2994.406210628468,2436.0711574193137,3714.450887800499
forecast_0482,2025-01-21 02:00:00,3652.3958248132535,2674.7052703713243,3984.5392967178514
forecast_0483,2025-01-21 03:00:00,4279.550289657045,3269.710706631366,4543.868231833821
forecast_0484,2025-01-21 04:00:00,4767.461873108269,3512.1329088130506,4774.793639733413
forecast_0485,2025-01-21 05:00:00,5300.06524988805,3555.656158792269,4768.69635000843
forecast_0486,2025-01-21 06:00:00,5046.167575280671,3528.0937154326134,4617.538890341577
forecast_0487,2025-01-21 07:00:00,4791.837187235104,3430.784180551839,4402.673445046461
forecast_0488,2025-01-21 08:00:00,4191.900715619158,3017.6063151438175,4083.0083456987695
forecast_0489,2025-01-21 09:00:00,3475.2029852239034,2747.200499229295,3690.5374066489785
forecast_0490,2025-01-21 10:00:00,2498.8231911822786,2220.098349604401,3332.658450209451
forecast_0491,2025-01-21 11:00:00,2526.121183639316,2105.3907264577037,3329.349996594357
forecast_0492,2025-01-21 12:00:00,2712.810025081436,2705.9412178676675,3448.210710936045
forecast_0493,2025-01-21 13:00:00,2974.621499352055,2938.994818119975,3744.110161648652
forecast_0494,2025-01-21 14:00:00,3510.4314714236048,3389.2669397842583,4191.426234644738
forecast_0495,2025-01-21 15:00:00,4408.134352564701,3810.8598093879505,4796.760070081125
forecast_0496,2025-01-21 16:00:00,4947.368118265627,4056.7916762054847,5288.902405459188
forecast_0497,2025-01-21 17:00:00,6044.8286509335,5520.266822986453,6520.417768531252
forecast_0498,2025-01-21 18:00:00,7134.145328140721,6871.505099866482,8017.498511660144
forecast_0499,2025-01-21 19:00:00,8381.842630077437,8758.21547520421,9525.699648473947
forecast_0500,2025-01-21 20:00:00,9628.275564831365,10846.978149649894,9847.982196329503
forecast_0501,2025-01-21 21:00:00,10605.314610070192,11790.815334552462,10709.301264936315
forecast_0502,2025-01-21 22:00:00,10639.605519503464,12487.37538200507,10952.34757581459
forecast_0503,2025-01-21 23:00:00,11400.22494730996,13002.682419904175,10591.01658883392
forecast_0504,2025-01-22 00:00:00,10772.312202091174,13050.74718781963,9993.875175173836
forecast_0505,2025-01-22 01:00:00,11614.017309924948,14480.973565956228,9750.179058270169
forecast_0506,2025-01-22 02:00:00,11709.852246959592,13538.448149054377,10196.279450313965
forecast_0507,2025-01-22 03:00:00,11902.668970312738,12399.136832815393,10042.475475241434
forecast_0508,2025-01-22 04:00:00,12267.662901533624,12002.976010701506,10760.14330452842
forecast_0509,2025-01-22 05:00:00,12556.622103047093,12713.145189828585,10994.6462987821
forecast_0510,2025-01-22 06:00:00,13022.84086711,13603.670943229223,11211.393637242043
forecast_0511,2025-01-22 07:00:00,14541.74177122723,15471.497201120103,12857.768458903427
forecast_0512,2025-01-22 08:00:00,14679.25456264607,15891.783648620425,12787.3809453545
forecast_0513,2025-01-22 09:00:00,14150.681364349639,14768.788827657521,12202.83799537057
forecast_0514,2025-01-22 10:00:00,12505.263600026456,12177.262970224081,11620.040606203336
forecast_0515,2025-01-22 11:00:00,10882.193146440093,10179.959264384039,9715.214389125862
forecast_0516,2025-01-22 12:00:00,8796.047671193919,8446.342017486833,7739.902520970405
forecast_0517,2025-01-22 13:00:00,7560.802330953696,7211.057164568551,6843.693744336798
forecast_0518,2025-01-22 14:00:00,6541.058797759364,5300.863313109015,6151.334671483584
forecast_0519,2025-01-22 15:00:00,5467.4222648065315,4542.529336136666,5446.266565410607
forecast_0520,2025-01-22 16:00:00,5480.911788245663,4419.399065279982,5414.0421682556025
forecast_0521,2025-01-22 17:00:00,5901.367647383234,4736.874672140728,5827.598007508526
forecast_0522,2025-01-22 18:00:00,6713.7387930369005,6051.852559051219,6644.676999442326
forecast_0523,2025-01-22 19:00:00,8003.4802598190645,7426.145280675017,7212.0277085788275
forecast_0524,2025-01-22 20:00:00,8808.90807103596,8633.985427640835,7031.0139350151785
forecast_0525,2025-01-22 21:00:00,9261.702869434166,9434.157694121724,7181.462274343629
forecast_0526,2025-01-22 22:00:00,10099.624781768398,10010.751082587807,7644.423963000909
forecast_0527,2025-01-22 23:00:00,10190.415486778693,10577.52243913059,7821.529034066578
forecast_0528,2025-01-23 00:00:00,10492.387248569907,11475.189121739772,8229.0973779467
forecast_0529,2025-01-23 01:00:00,10807.283449240585,10846.903094666992,9278.134755252144
forecast_0530,2025-01-23 02:00:00,11338.587787555405,11573.576663749616,9364.309299380218
forecast_0531,2025-01-23 03:00:00,12079.04156722905,12512.744873643689,9555.546757624921
forecast_0532,2025-01-23 04:00:00,11600.040970144106,13240.404771408264,9464.318622444756
forecast_0533,2025-01-23 05:00:00,10511.785700617067,12521.377223484677,8938.33682184326
forecast_0534,2025-01-23 06:00:00,9464.314782032367,11957.361639343548,8341.800374719416
forecast_0535,2025-01-23 07:00:00,8540.025128301111,11231.127215541193,8107.176792715634
forecast_0536,2025-01-23 08:00:00,8078.954979602235,10357.010498720188,7335.675631404955
forecast_0537,2025-01-23 09:00:00,7045.375047344048,8397.286074397269,6310.903599688754
forecast_0538,2025-01-23 10:00:00,5101.552618764065,5978.670910105333,4691.950133368959
forecast_0539,2025-01-23 11:00:00,4224.242836744414,4233.802643298452,4195.0638553228355
forecast_0540,2025-01-23 12:00:00,3945.496687774711,3656.4719923355137,4052.4296858588295
forecast_0541,2025-01-23 13:00:00,3409.6982921657186,3258.241332816104,3771.6867412867587
forecast_0542,2025-01-23 14:00:00,3031.556980380655,2905.802164350417,3654.943065199338
forecast_0543,2025-01-23 15:00:00,2688.763919079669,2658.100352048701,3361.4166448896563
forecast_0544,2025-01-23 16:00:00,2557.6931889320467,2230.452994170575,3229.539463509315
forecast_0545,2025-01-23 17:00:00,2604.608315111368,2399.3319059021296,3194.065455352272
forecast_0546,2025-01-23 18:00:00,2893.6807900143262,2573.1617722946976,3321.954467478077
forecast_0547,2025-01-23 19:00:00,3028.033298218509,2657.9900928794104,3420.202122197951
forecast_0548,2025-01-23 20:00:00,3091.826945572219,2863.3819309064447,3493.163174560542
forecast_0549,2025-01-23 21:00:00,3108.5578430780647,2862.62999133232,3564.3349772360248
forecast_0550,2025-01-23 22:00:00,3375.88667046618,3145.722798452191,3661.7375354304177
forecast_0551,2025-01-23 23:00:00,3648.4733117113756,3327.4434304627002,3696.6685527924856
forecast_0552,2025-01-24 00:00:00,3370.839163415343,2998.2859932133933,3538.3099120877673
forecast_0553,2025-01-24 01:00:00,3050.458484607843,2540.57393319329,3296.247448038695
forecast_0554,2025-01-24 02:00:00,2852.2593135056554,2248.094892966512,3215.409759765891
forecast_0555,2025-01-24 03:00:00,2787.803187600079,2053.541681993388,3175.6717406444486
forecast_0556,2025-01-24 04:00:00,2610.7333115637184,1963.175071221961,3082.847743608755
forecast_0557,2025-01-24 05:00:00,2390.4686792652947,1927.6276760220007,2929.874848599981
forecast_0558,2025-01-24 06:00:00,2104.566045059296,1683.470743185484,2898.9713752809653
forecast_0559,2025-01-24 07:00:00,2005.70071460288,1601.8979166578274,2829.312764899361
forecast_0560,2025-01-24 08:00:00,1975.6752528353882,1597.85046706713,2804.795936185688
forecast_0561,2025-01-24 09:00:00,1957.6866631862795,1601.5513924493107,2704.392806487257
forecast_0562,2025-01-24 10:00:00,1756.9518887074519,1537.4479722444412,2617.6385274599083
forecast_0563,2025-01-24 11:00:00,1675.199548258568,1474.898079581032,2576.6558483539607
forecast_0564,2025-01-24 12:00:00,1663.7452234847688,1777.2696419379545,2550.207215545019
forecast_0565,2025-01-24 13:00:00,1669.9044962703347,1595.5480554163905,2618.7308339462343
forecast_0566,2025-01-24 14:00:00,1656.8904330175765,1699.56816068011,2728.7876104216302
forecast_0567,2025-01-24 15:00:00,1663.7896898504532,1429.6426200340802,2814.565506888804
forecast_0568,2025-01-24 16:00:00,1813.8842742023671,1477.8462897509198,2874.8346915177626
forecast_0569,2025-01-24 17:00:00,1857.627423111643,1438.4130054012185,2945.405093493445
forecast_0570,2025-01-24 18:00:00,1981.7084619576626,1665.2359902628268,3026.4674513617865
forecast_0571,2025-01-24 19:00:00,2147.568948134931,2299.0721127697507,3280.787688319108
forecast_0572,2025-01-24 20:00:00,2396.681830087443,2791.897769181919,3483.163288316808
forecast_0573,2025-01-24 21:00:00,2520.505662794646,3100.999802160938,3775.590682137172
forecast_0574,2025-01-24 22:00:00,3001.546783933348,2933.784941971736,3956.477725636986
forecast_0575,2025-01-24 23:00:00,3349.5653215738566,3521.049993669968,4252.455387387347
forecast_0576,2025-01-25 00:00:00,4098.178677845112,4344.781734005457,4918.907887759011
forecast_0577,2025-01-25 01:00:00,3530.1497297958185,4570.632580891119,4986.665931238558
forecast_0578,2025-01-25 02:00:00,3695.6611819507634,5032.574864662714,5438.230375537222
forecast_0579,2025-01-25 03:00:00,3947.77810192094,5296.211209075487,6031.906886304722
forecast_0580,2025-01-25 04:00:00,4568.780900130159,5053.165730600254,6540.06448884876
forecast_0581,2025-01-25 05:00:00,4625.335902180222,5014.632248870428,6689.258929322362
forecast_0582,2025-01-25 06:00:00,4644.463263297806,5129.273346342468,6710.083662175699
forecast_0583,2025-01-25 07:00:00,4643.758475480216,5151.014171962506,7050.141593155687
forecast_0584,2025-01-25 08:00:00,4612.587873609847,5235.516738550602,6821.802577382052
forecast_0585,2025-01-25 09:00:00,4536.983103136989,5464.965779772996,6831.236161141566
forecast_0586,2025-01-25 10:00:00,3709.915967055563,4990.643396972823,6650.272037927237
forecast_0587,2025-01-25 11:00:00,3269.9595964502646,4432.259876088161,6173.613925550195
forecast_0588,2025-01-25 12:00:00,2850.604535330161,3392.4043719426613,6004.144176891221
forecast_0589,2025-01-25 13:00:00,2765.563445432066,3041.6505611465327,5448.254554262854
forecast_0590,2025-01-25 14:00:00,2884.0238801250225,3171.605686764838,5595.08606460714
forecast_0591,2025-01-25 15:00:00,3097.3134312171983,3338.308803608939,5346.688000463751
forecast_0592,2025-01-25 16:00:00,3640.2619966495818,3909.783416951283,5588.932482009996
forecast_0593,2025-01-25 17:00:00,4049.8866782701903,4464.862757473834,5985.158401075507
forecast_0594,2025-01-25 18:00:00,4598.498471858899,5079.624957401672,6280.574960915772
forecast_0595,2025-01-25 19:00:00,4906.386919734905,5397.558709842773,6702.915014526609
forecast_0596,2025-01-25 20:00:00,5028.406139942712,5757.117181239148,6896.610925761991
forecast_0597,2025-01-25 21:00:00,5368.49285046078,6823.398634505378,7137.891970934769
forecast_0598,2025-01-25 22:00:00,5524.841496525276,7355.403227019658,7400.214005107996
forecast_0599,2025-01-25 23:00:00,5242.005345203646,7190.30106066372,7250.817018387658
forecast_0600,2025-01-26 00:00:00,4704.857911474657,7458.976100043679,7158.2218179198435
forecast_0601,2025-01-26 01:00:00,5110.733388365288,6832.307831500701,7653.601051577958
forecast_0602,2025-01-26 02:00:00,4991.513543649595,5983.328560665786,7548.858935188136
forecast_0603,2025-01-26 03:00:00,4757.070551606008,6097.869433957061,7155.806837319607
forecast_0604,2025-01-26 04:00:00,4706.38659207527,6132.172563442664,6856.975432877163
forecast_0605,2025-01-26 05:00:00,4739.157132270955,6100.272173241533,6357.3733116378735
forecast_0606,2025-01-26 06:00:00,4354.447266594665,5660.803951162321,6108.778226129102
forecast_0607,2025-01-26 07:00:00,3825.7552881420306,5309.797739893185,5340.458336283787
forecast_0608,2025-01-26 08:00:00,4091.7409652922233,5133.250189844364,5573.18672449361
forecast_0609,2025-01-26 09:00:00,3420.794034817946,4300.543313756645,5075.581654490922
forecast_0610,2025-01-26 10:00:00,3126.661471634799,3616.968636642026,4635.254601906688
forecast_0611,2025-01-26 11:00:00,2748.529168390566,3137.195890985986,4472.614752376437
forecast_0612,2025-01-26 12:00:00,2295.160359918338,2614.44846288796,4068.4756778208775
forecast_0613,2025-01-26 13:00:00,1644.9948828461447,1697.8490997291601,3440.8863263205676
forecast_0614,2025-01-26 14:00:00,1637.1432058241953,1611.9045967945167,3189.163487337222
forecast_0615,2025-01-26 15:00:00,1533.6047474414218,1413.2489298332357,3086.0989571192863
forecast_0616,2025-01-26 16:00:00,1658.1070264203063,1555.4446008813038,2927.9531348971577
forecast_0617,2025-01-26 17:00:00,1715.8206066473076,1544.6383748587868,2896.8410238035494
forecast_0618,2025-01-26 18:00:00,1657.5898576387535,1530.2248456722473,2938.3233316064893
forecast_0619,2025-01-26 19:00:00,1692.6677008475936,1494.186764467895,2981.489009853472
forecast_0620,2025-01-26 20:00:00,1798.6416578233184,1506.603610386349,2958.693789450764
forecast_0621,2025-01-26 21:00:00,2071.453149429416,1717.694446854398,2998.848075508185
forecast_0622,2025-01-26 22:00:00,2308.769280706817,1650.7213849583259,3067.7471693114667
forecast_0623,2025-01-26 23:00:00,2488.3606705144675,2023.05387587732,3099.0457728809006
forecast_0624,2025-01-27 00:00:00,2753.8537072576914,2015.3156036656665,3099.797617954908
forecast_0625,2025-01-27 01:00:00,2369.886284107237,1965.9359334262645,3056.0709237518654
forecast_0626,2025-01-27 02:00:00,2500.4144947169525,2083.6970997821463,3037.101837783096
forecast_0627,2025-01-27 03:00:00,2934.556570755238,2261.1784422919764,3047.905562165323
forecast_0628,2025-01-27 04:00:00,3034.6036761782802,2630.199141778,3162.533451040566
forecast_0629,2025-01-27 05:00:00,3098.704500779289,3133.5159522316717,3377.3926095372394
forecast_0630,2025-01-27 06:00:00,3200.9196425650684,3256.0378655552913,3472.508043814424
forecast_0631,2025-01-27 07:00:00,3327.378595399188,3413.0293258908173,3525.0500176275023
forecast_0632,2025-01-27 08:00:00,3784.0513067230963,3895.0767438887533,3770.603059077579
forecast_0633,2025-01-27 09:00:00,4872.516862505839,4733.42713264488,4417.519270075722
forecast_0634,2025-01-27 10:00:00,5306.986970162816,6268.427986336114,5248.954345879808
forecast_0635,2025-01-27 11:00:00,7494.924445125982,9680.681558837856,7111.291331711647
forecast_0636,2025-01-27 12:00:00,10333.74554904892,14777.28114681891,10656.810843820887
forecast_0637,2025-01-27 13:00:00,10984.513969841044,16734.626431629342,12800.418679576562
forecast_0638,2025-01-27 14:00:00,13659.320531461111,17419.956759230005,14606.14347224098
forecast_0639,2025-01-27 15:00:00,16610.533754477245,18195.09753648688,15418.698364233074
forecast_0640,2025-01-27 16:00:00,17339.103605754357,18222.079412899177,15767.040780312167
forecast_0641,2025-01-27 17:00:00,17366.624084871222,18361.05753368203,15801.365878379936
forecast_0642,2025-01-27 18:00:00,18266.05762443391,18406.42531374436,16293.642295945228
forecast_0643,2025-01-27 19:00:00,18538.681674519026,18328.206188633005,16241.847436229524
forecast_0644,2025-01-27 20:00:00,18233.119463475134,18404.963732029984,16432.956250076142
forecast_0645,2025-01-27 21:00:00,18079.95820171971,18282.679321378884,16431.52141863722
forecast_0646,2025-01-27 22:00:00,17681.697383249622,18038.361746583178,16145.449872500358
forecast_0647,2025-01-27 23:00:00,17986.87834970513,17976.35617628697,16260.13383653833
forecast_0648,2025-01-28 00:00:00,17743.691333864503,17404.119010724422,16098.58004054434
forecast_0649,2025-01-28 01:00:00,17988.749575444333,18002.962117187137,16293.59909077749
forecast_0650,2025-01-28 02:00:00,18259.2127847678,17905.193660111087,15953.039679600242
forecast_0651,2025-01-28 03:00:00,17857.414416108768,17862.100392237382,15830.80655280426
forecast_0652,2025-01-28 04:00:00,17801.5320174665,17951.180789361435,15617.002362971936
forecast_0653,2025-01-28 05:00:00,16929.198567119896,17598.146021914166,15391.916592933758
forecast_0654,2025-01-28 06:00:00,16611.737124909785,17631.372577651215,15828.997129097683
forecast_0655,2025-01-28 07:00:00,17024.345143664723,17536.910066474673,16188.65092267948
forecast_0656,2025-01-28 08:00:00,16792.637226731906,17593.678052451298,16178.781645785617
forecast_0657,2025-01-28 09:00:00,17263.463334822227,17836.411795240285,16183.033377517237
forecast_0658,2025-01-28 10:00:00,17534.703274792057,18044.915512797994,16200.760254907724
forecast_0659,2025-01-28 11:00:00,17637.885103165023,18081.881738502085,16047.4907328853
forecast_0660,2025-01-28 12:00:00,17285.073174579167,18076.639380007047,16018.860741332875
forecast_0661,2025-01-28 13:00:00,17341.761309894966,18264.48812397238,15600.391574283654
forecast_0662,2025-01-28 14:00:00,16962.537255796284,18224.48210317973,15495.960310522732
forecast_0663,2025-01-28 15:00:00,16752.19756243013,17993.817162365583,15488.853367997286
forecast_0664,2025-01-28 16:00:00,16264.770047117647,17878.090643735875,15142.967288324518
forecast_0665,2025-01-28 17:00:00,16324.798357893233,17601.092208092217,14947.225684752211
forecast_0666,2025-01-28 18:00:00,16127.290366707097,17422.470203260204,14944.669958333598
forecast_0667,2025-01-28 19:00:00,16116.391336928838,17420.629503749486,15341.089670728907
forecast_0668,2025-01-28 20:00:00,16281.719707658933,17505.693657626936,15979.125022602515
forecast_0669,2025-01-28 21:00:00,16815.03745342764,17580.05506848651,16444.47302376606
forecast_0670,2025-01-28 22:00:00,17522.124836671905,18099.141289129344,16648.134932146444
forecast_0671,2025-01-28 23:00:00,17897.56705206675,18211.855359857356,17098.860500618965
forecast_0672,2025-01-29 00:00:00,18066.60995787238,18116.014491777005,16909.039749562053
forecast_0673,2025-01-29 01:00:00,18243.71375080723,18098.586904798285,17370.596013362447
forecast_0674,2025-01-29 02:00:00,18491.131805657555,18196.794936009017,17464.111047848073
forecast_0675,2025-01-29 03:00:00,18691.961064723833,18511.41162635326,17660.601231377863
forecast_0676,2025-01-29 04:00:00,18816.2988892038,18531.246432856504,17793.67302714123
forecast_0677,2025-01-29 05:00:00,18938.79508637516,18841.637989753734,17875.848825537352
forecast_0678,2025-01-29 06:00:00,19017.69302303567,19076.353393549467,17963.430708772237
forecast_0679,2025-01-29 07:00:00,18996.32919287802,19087.95299360348,18175.778840782164
forecast_0680,2025-01-29 08:00:00,18946.404066859963,19024.033220093792,17963.003432438894
forecast_0681,2025-01-29 09:00:00,18884.083536579266,18960.65126543863,17808.209436182802
forecast_0682,2025-01-29 10:00:00,18789.10145199227,18810.014887103225,17662.261898814297
forecast_0683,2025-01-29 11:00:00,18711.11987009531,18701.241830288636,17539.36734162437
forecast_0684,2025-01-29 12:00:00,18262.02733147237,18437.71905744325,16854.577459715063
forecast_0685,2025-01-29 13:00:00,17939.80855763869,17996.67727900968,16485.360582196878
forecast_0686,2025-01-29 14:00:00,17964.063250262956,17941.18034746267,16349.959011441362
forecast_0687,2025-01-29 15:00:00,17669.474881620925,17633.88902846211,16124.859740672826
forecast_0688,2025-01-29 16:00:00,16931.63401945548,17358.27873829296,16066.113001082005
forecast_0689,2025-01-29 17:00:00,16609.411559029784,17465.583104858248,15744.009580315716
forecast_0690,2025-01-29 18:00:00,16480.48588651047,17851.25751084679,15694.719403681203
forecast_0691,2025-01-29 19:00:00,16768.45224937534,17950.497015001758,15769.585886964505
forecast_0692,2025-01-29 20:00:00,16624.13420614552,17946.743483927086,15635.315809264004
forecast_0693,2025-01-29 21:00:00,16693.5494567151,18185.15974815608,15632.013410269603
forecast_0694,2025-01-29 22:00:00,16665.091829887282,18164.829060511198,15454.825746001748
forecast_0695,2025-01-29 23:00:00,16516.594402976494,18089.27461426957,15360.527954256671
forecast_0696,2025-01-30 00:00:00,16830.37318852259,18252.794646419847,15734.684702694172
forecast_0697,2025-01-30 01:00:00,17153.84891147963,18862.023935362562,16029.617070968096
forecast_0698,2025-01-30 02:00:00,17205.242316120995,19063.362617509127,16286.268865066955
forecast_0699,2025-01-30 03:00:00,17409.64920208748,18939.64995178618,16448.67898952327
forecast_0700,2025-01-30 04:00:00,17511.725177798,18792.45190028851,16347.061033127295
forecast_0701,2025-01-30 05:00:00,17530.14167627985,18656.5670080308,16095.100168182034
forecast_0702,2025-01-30 06:00:00,17552.420555467823,18541.19503715709,16060.769919688813
forecast_0703,2025-01-30 07:00:00,17705.722662581495,18554.994708899234,16607.687585257787
forecast_0704,2025-01-30 08:00:00,17763.79563814673,18376.480198241,16559.0354205776
forecast_0705,2025-01-30 09:00:00,17518.193985059257,17975.620143465025,16126.117680217547
forecast_0706,2025-01-30 10:00:00,17153.632627509432,17086.200278771066,15751.000483622214
forecast_0707,2025-01-30 11:00:00,16520.184964252407,16602.355125093003,14510.976285123357
forecast_0708,2025-01-30 12:00:00,16133.203242350191,16201.493904201834,13661.071777678091
forecast_0709,2025-01-30 13:00:00,15978.676186530305,15308.590252569835,12305.819852717974
forecast_0710,2025-01-30 14:00:00,15597.174174682368,14713.098411420746,11132.8834230905
forecast_0711,2025-01-30 15:00:00,15407.804533558745,14898.84678119402,11388.15499885441
forecast_0712,2025-01-30 16:00:00,14865.072562142428,14920.870287292426,10865.090300539638
forecast_0713,2025-01-30 17:00:00,14531.479134962334,15010.814931022152,12074.755855907802
forecast_0714,2025-01-30 18:00:00,14677.688015196134,14875.12919967817,14229.227085646962
forecast_0715,2025-01-30 19:00:00,15142.545453380575,15670.391840399447,14915.725951869077
forecast_0716,2025-01-30 20:00:00,15500.002113188722,16335.501825865136,15045.584473628642
forecast_0717,2025-01-30 21:00:00,15754.310590718575,16247.161439556803,15262.65243697308
forecast_0718,2025-01-30 22:00:00,15917.993559562645,16725.500270239532,15329.875571621465
forecast_0719,2025-01-30 23:00:00,16601.76574925331,17029.250451177635,14691.283955393938
forecast_0720,2025-01-31 00:00:00,16756.438989679616,16733.669806134254,14437.774192027417
forecast_0721,2025-01-31 01:00:00,16236.988940134492,15649.776335261202,13794.688540438012
forecast_0722,2025-01-31 02:00:00,16368.030207845648,15638.079142049872,13891.629552359373
forecast_0723,2025-01-31 03:00:00,15748.86092165572,15691.114871866634,12931.135215246562
forecast_0724,2025-01-31 04:00:00,15287.802980648095,15583.2519487373,12480.681261207857
forecast_0725,2025-01-31 05:00:00,14686.217139078657,15483.097212621717,12421.772514394293
forecast_0726,2025-01-31 06:00:00,14942.134699510014,15952.074821407048,13064.208449327021
forecast_0727,2025-01-31 07:00:00,15479.782643975337,16325.197130057964,13560.073284154008
forecast_0728,2025-01-31 08:00:00,15875.317436786241,15636.725152754145,13214.491322227565
forecast_0729,2025-01-31 09:00:00,14350.244004875582,14643.528483235013,12798.088257059851
forecast_0730,2025-01-31 10:00:00,12966.483136588766,13523.177618735972,11377.943149897823
forecast_0731,2025-01-31 11:00:00,11373.007374046816,11432.205273068153,10430.125535753466
forecast_0732,2025-01-31 12:00:00,9856.294349292582,10103.864018131819,8932.801197729868
forecast_0733,2025-01-31 13:00:00,8450.440833983357,8305.108403600027,7723.823194963739
forecast_0734,2025-01-31 14:00:00,7403.648395969774,7059.966586790346,6745.087034199473
forecast_0735,2025-01-31 15:00:00,6586.402254519283,6115.140111076666,6118.162921455411
forecast_0736,2025-01-31 16:00:00,5752.1801792923,5991.411475021808,5542.172217076358
forecast_0737,2025-01-31 17:00:00,4850.844785783126,5620.54868403223,5024.938614253511
forecast_0738,2025-01-31 18:00:00,4775.526358915292,5446.841903936764,4753.339362639391
forecast_0739,2025-01-31 19:00:00,5307.776770962398,5838.606462685646,5163.570895707977
forecast_0740,2025-01-31 20:00:00,5975.954577840333,6851.845357493833,5382.905169623249
forecast_0741,2025-01-31 21:00:00,6179.019590468941,8450.246139277893,5528.132574753624
forecast_0742,2025-01-31 22:00:00,6065.4401768273565,7273.36179296747,5758.668378713503
forecast_0743,2025-01-31 23:00:00,6240.141543524484,8157.792932368286,6183.058701814143
forecast_0744,2025-02-01 00:00:00,6279.342955368813,9107.025854723826,5980.112624782273
forecast_0745,2025-02-01 01:00:00,5799.661852369922,7381.530664417712,5540.193261209547
forecast_0746,2025-02-01 02:00:00,5117.311403513754,7121.7579905045695,5137.46605133525
forecast_0747,2025-02-01 03:00:00,4557.672654174819,5730.579632515988,4485.843634603268
forecast_0748,2025-02-01 04:00:00,4076.768877298886,4479.763853668218,3694.7115179778248
forecast_0749,2025-02-01 05:00:00,3493.4324544781603,3423.6157485372864,3467.099928148933
forecast_0750,2025-02-01 06:00:00,2765.816316749898,2661.7521369750903,3204.6581678399198
forecast_0751,2025-02-01 07:00:00,2181.4809909318847,1922.2055119599545,3044.0850872567157
forecast_0752,2025-02-01 08:00:00,2052.751545364472,1641.7467504316637,2971.502644262258
forecast_0753,2025-02-01 09:00:00,2016.1412960414318,1599.4976240273909,2842.0795183515283
forecast_0754,2025-02-01 10:00:00,1886.14670483403,1560.575077642433,2775.8732301548703
forecast_0755,2025-02-01 11:00:00,1626.2492868819645,1510.6466975992325,2714.771694596859
forecast_0756,2025-02-01 12:00:00,1426.3415093727335,1750.607219467187,2692.7978666155263
forecast_0757,2025-02-01 13:00:00,1464.625013818716,1624.6476991915106,2759.344941453161
forecast_0758,2025-02-01 14:00:00,1620.6906612190905,1485.8329795420805,2837.663457078161
forecast_0759,2025-02-01 15:00:00,1719.3965081733613,1411.4297946593797,2897.3378784279626
forecast_0760,2025-02-01 16:00:00,1862.7089294640682,1458.7078493206236,2952.6883471779624
forecast_0761,2025-02-01 17:00:00,1849.8379813048732,1446.660280467051,2965.8386596779624
forecast_0762,2025-02-01 18:00:00,1911.447625002129,1463.701056039481,2952.6304565529626
forecast_0763,2025-02-01 19:00:00,1930.0267772430307,1510.589602775739,2983.135608281386
forecast_0764,2025-02-01 20:00:00,1940.4994071286064,1509.3183090982975,2997.6298757970544
forecast_0765,2025-02-01 21:00:00,1907.2740276950135,1463.230539086765,2992.4104565529624
forecast_0766,2025-02-01 22:00:00,1983.3270754179348,1518.8834248192416,2975.2278995112188
forecast_0767,2025-02-01 23:00:00,2020.2630639957815,1509.637658978586,2933.3902550600997
forecast_0768,2025-02-02 00:00:00,2096.1679592156615,1599.0754570074496,2950.4836827373583
forecast_0769,2025-02-02 01:00:00,1977.966613313276,1689.7376581722474,3048.153436560063
forecast_0770,2025-02-02 02:00:00,1981.90148463889,1666.9445722347473,3008.6565676684545
forecast_0771,2025-02-02 03:00:00,2013.6519246173575,1679.041871060821,3024.1612611734736
forecast_0772,2025-02-02 04:00:00,2072.9529267611733,1617.4161131120181,2981.4680222171146
forecast_0773,2025-02-02 05:00:00,2142.36862229261,1645.4231525918403,2932.6004575852935
forecast_0774,2025-02-02 06:00:00,2109.5431102569983,1728.951152157305,2886.5663950852936
forecast_0775,2025-02-02 07:00:00,2250.736693104205,1770.6379201269328,2945.304095066596
forecast_0776,2025-02-02 08:00:00,2089.687069295818,1638.1806205924295,2902.272675828161
forecast_0777,2025-02-02 09:00:00,2123.2552417277666,1841.2887410646517,2904.9500150565846
forecast_0778,2025-02-02 10:00:00,2000.5341855048728,1805.0339093024677,2849.1942171097535
forecast_0779,2025-02-02 11:00:00,1632.1327426110902,1734.7689211343504,2762.6689423742077
forecast_0780,2025-02-02 12:00:00,1427.0540827867644,2099.515423792799,2676.5839648871024
forecast_0781,2025-02-02 13:00:00,1472.7711999137273,1979.6149777222463,2618.6391556815847
forecast_0782,2025-02-02 14:00:00,1712.822909370504,1897.909982967365,2684.4471299507145
forecast_0783,2025-02-02 15:00:00,1942.7527607086968,1858.8729427332592,2714.0431809997376
forecast_0784,2025-02-02 16:00:00,2244.4139057660504,2206.4150637962557,2992.54220949687
forecast_0785,2025-02-02 17:00:00,3489.849576651406,3614.5101653870047,3615.4561442650593
forecast_0786,2025-02-02 18:00:00,4841.6208779810595,4996.521944977565,5031.242977281928
forecast_0787,2025-02-02 19:00:00,6089.799948878987,6884.09466268269,6834.618985113052
forecast_0788,2025-02-02 20:00:00,7121.0829920193055,7784.592256249209,8056.003511596957
forecast_0789,2025-02-02 21:00:00,7981.654746975146,8378.463844304933,8336.191238442052
forecast_0790,2025-02-02 22:00:00,10339.2913921119,11230.790668784664,9746.222223015318
forecast_0791,2025-02-02 23:00:00,12295.21500484702,14137.7330016965,12438.019331032952
forecast_0792,2025-02-03 00:00:00,13885.655144553151,16812.164044985475,13166.595923043009
forecast_0793,2025-02-03 01:00:00,14945.998494935666,17418.331214801146,14357.418739689994
forecast_0794,2025-02-03 02:00:00,15439.055539842171,17763.122389179924,15861.3795763427
forecast_0795,2025-02-03 03:00:00,15370.112009828747,18103.398819616003,15973.96716657915
forecast_0796,2025-02-03 04:00:00,15058.51291490814,17577.31711736766,16102.97857282306
forecast_0797,2025-02-03 05:00:00,14160.406576596471,16995.77551329739,16314.425118414554
forecast_0798,2025-02-03 06:00:00,14349.810122334227,16399.48643776567,15770.198869051288
forecast_0799,2025-02-03 07:00:00,14974.20944239137,16559.158169318798,15646.098890056215
forecast_0800,2025-02-03 08:00:00,15294.733645217962,16386.55232073752,15748.111160872355
forecast_0801,2025-02-03 09:00:00,14937.091479113253,16991.602188971156,15745.239392124884
forecast_0802,2025-02-03 10:00:00,14491.583385760354,17554.50698362091,14228.495840288753
forecast_0803,2025-02-03 11:00:00,14389.435485671567,17559.75480880632,13998.312737237902
forecast_0804,2025-02-03 12:00:00,14281.514023885786,17101.51299262399,14062.724113305641
forecast_0805,2025-02-03 13:00:00,14086.332623750419,16708.983318764436,13500.868387583023
forecast_0806,2025-02-03 14:00:00,14004.185357504146,15977.74590343266,12490.14990892843
forecast_0807,2025-02-03 15:00:00,14012.604847827859,16139.208624771261,12206.811120465933
forecast_0808,2025-02-03 16:00:00,14145.598117750931,16659.06330980258,13134.939367526022
forecast_0809,2025-02-03 17:00:00,14114.215016760976,17047.471559980273,14377.677569654199
forecast_0810,2025-02-03 18:00:00,14381.51865689754,17279.209974223635,15431.457818932398
forecast_0811,2025-02-03 19:00:00,14599.025355861048,17942.531155262528,16107.776779094995
forecast_0812,2025-02-03 20:00:00,14799.404001575702,17830.33926754754,16505.04114806232
forecast_0813,2025-02-03 21:00:00,15115.715031182419,17979.48587105178,16477.73238675344
forecast_0814,2025-02-03 22:00:00,15141.932778925242,18037.283866091824,16567.84985396662
forecast_0815,2025-02-03 23:00:00,15403.087884340865,18364.617339783064,16545.485341555974
forecast_0816,2025-02-04 00:00:00,15247.868589668771,18281.069013208155,16635.395843568174
forecast_0817,2025-02-04 01:00:00,15395.46774184193,18692.785308911272,16571.881698235014
forecast_0818,2025-02-04 02:00:00,15217.951083380838,18491.677500867863,16568.376280459146
forecast_0819,2025-02-04 03:00:00,15287.41689954646,18361.403895121675,16342.876254837327
forecast_0820,2025-02-04 04:00:00,15031.12603529284,18685.911515731113,16152.69066508573
forecast_0821,2025-02-04 05:00:00,15357.373775256914,18901.347212949255,16151.445858485531
forecast_0822,2025-02-04 06:00:00,15723.819136458962,18842.74491997634,16339.790069985727
forecast_0823,2025-02-04 07:00:00,15804.055445393482,19057.328436004074,16514.601075670776
forecast_0824,2025-02-04 08:00:00,14954.764749540387,18944.54256365618,16431.426985262
forecast_0825,2025-02-04 09:00:00,14853.776049872215,18666.114866948024,16463.20388593759
forecast_0826,2025-02-04 10:00:00,14519.552205965849,18625.460753395393,16243.748573162444
forecast_0827,2025-02-04 11:00:00,14139.811566574275,18729.567789887336,16062.925305207773
forecast_0828,2025-02-04 12:00:00,13831.73866515081,18426.5087529373,15752.098874836178
forecast_0829,2025-02-04 13:00:00,13453.685102550664,18001.41189624077,14793.295942842124
forecast_0830,2025-02-04 14:00:00,13284.525098439211,17569.577273598807,14577.535698599186
forecast_0831,2025-02-04 15:00:00,13560.772983670002,17686.424823056725,14703.702476859384
forecast_0832,2025-02-04 16:00:00,14115.400114514512,17968.050394814745,15547.198221869214
forecast_0833,2025-02-04 17:00:00,14389.518284723848,18139.286868492367,16065.739264610464
forecast_0834,2025-02-04 18:00:00,14080.758737891789,18025.235613023193,16229.10143839004
forecast_0835,2025-02-04 19:00:00,13791.987470623531,18296.83054132364,16195.50509417669
forecast_0836,2025-02-04 20:00:00,14343.275684376524,18285.006771227032,16502.12703732855
forecast_0837,2025-02-04 21:00:00,14153.032745537672,17856.305417344833,16679.05452956996
forecast_0838,2025-02-04 22:00:00,14191.069439156765,17629.685993767624,16513.417176662
forecast_0839,2025-02-04 23:00:00,14351.404282262236,17672.29476000036,16297.683859039022
forecast_0840,2025-02-05 00:00:00,14025.325289993008,17268.056511229483,16122.600547185048
forecast_0841,2025-02-05 01:00:00,14254.904288804646,16874.26562418035,16059.40987853099
forecast_0842,2025-02-05 02:00:00,14124.186122987408,16671.736116697924,16340.853472297444
forecast_0843,2025-02-05 03:00:00,14280.848615528397,17285.064836287693,16242.83500182063
forecast_0844,2025-02-05 04:00:00,14415.10490036496,17516.273832572977,15949.450757625742
forecast_0845,2025-02-05 05:00:00,15102.728179435631,17670.870542930734,15557.20908164134
forecast_0846,2025-02-05 06:00:00,15503.522303542406,17451.757062492463,15720.921048170268
forecast_0847,2025-02-05 07:00:00,15309.724929902528,17137.069703092562,15782.789621584372
forecast_0848,2025-02-05 08:00:00,14974.09846272278,17290.607185109082,15466.502272487112
forecast_0849,2025-02-05 09:00:00,15076.437548928763,17771.15268687628,15278.47342140687
forecast_0850,2025-02-05 10:00:00,15418.688207767347,17771.956161513637,14149.800995691083
forecast_0851,2025-02-05 11:00:00,15726.719250561662,17373.9461451082,14110.553700964047
forecast_0852,2025-02-05 12:00:00,15746.929007017694,17524.776103533597,13673.680427715974
forecast_0853,2025-02-05 13:00:00,15851.613489073865,17835.309329497723,13756.266923161507
forecast_0854,2025-02-05 14:00:00,15735.204737601394,17143.921716133686,13416.089260709588
forecast_0855,2025-02-05 15:00:00,14907.03351638099,16449.725166397388,13299.523705901564
forecast_0856,2025-02-05 16:00:00,14145.880039153419,16180.814483979022,13807.105688822498
forecast_0857,2025-02-05 17:00:00,13831.273581475198,16362.843073662614,13972.414734236056
forecast_0858,2025-02-05 18:00:00,14058.865906740608,15936.335714511035,14012.813614006962
forecast_0859,2025-02-05 19:00:00,14262.89347233728,16056.78468621138,14743.526021228721
forecast_0860,2025-02-05 20:00:00,14107.053529188754,16453.99600922089,15461.492463017395
forecast_0861,2025-02-05 21:00:00,14114.70070753619,16577.980751875286,15461.685805801411
forecast_0862,2025-02-05 22:00:00,14367.645878897252,17044.447885286037,16169.435785391863
forecast_0863,2025-02-05 23:00:00,14412.044117486173,17708.895313994806,16367.931044580193
forecast_0864,2025-02-06 00:00:00,14736.861871557954,18282.59778731126,16474.78963038534
forecast_0865,2025-02-06 01:00:00,15411.163807507397,18638.030789152086,16911.766156462632
forecast_0866,2025-02-06 02:00:00,15342.383970896222,18776.203780404263,16636.39272989475
forecast_0867,2025-02-06 03:00:00,15400.61140875184,19280.5055456027,16931.2842812987
forecast_0868,2025-02-06 04:00:00,16071.6787775058,19423.068324414464,17178.920935353355
forecast_0869,2025-02-06 05:00:00,16084.819918151126,19381.247446098216,17063.032757851382
forecast_0870,2025-02-06 06:00:00,16176.984583585334,19276.080633960053,16651.84572141842
forecast_0871,2025-02-06 07:00:00,15754.456750562276,18605.45518026846,16033.147072147629
forecast_0872,2025-02-06 08:00:00,15174.93057369105,18105.905284349043,15595.539336478538
forecast_0873,2025-02-06 09:00:00,14771.917586301362,17742.330590777085,14745.982605190718
forecast_0874,2025-02-06 10:00:00,13976.895625194808,15878.438601619993,13731.589262175556
forecast_0875,2025-02-06 11:00:00,13212.73869138298,14834.901180179451,12241.666359682966
forecast_0876,2025-02-06 12:00:00,13287.796167469201,14702.398107001896,11419.280541238651
forecast_0877,2025-02-06 13:00:00,13583.925977063085,14499.223267309944,11955.393262361282
forecast_0878,2025-02-06 14:00:00,12951.057941197372,13516.809152539154,12021.854311332476
forecast_0879,2025-02-06 15:00:00,12950.616098117842,12883.70671628639,12690.358783769934
forecast_0880,2025-02-06 16:00:00,12804.94014269907,12706.768602342916,12652.21833658413
forecast_0881,2025-02-06 17:00:00,12599.657387407953,13478.690962528995,12504.92752517727
forecast_0882,2025-02-06 18:00:00,12408.29017491176,13462.657393292862,12712.027574614855
forecast_0883,2025-02-06 19:00:00,12294.110133406535,13459.522575354253,12696.884637214243
forecast_0884,2025-02-06 20:00:00,12881.106792456201,13497.721808840979,12931.677832051892
forecast_0885,2025-02-06 21:00:00,13111.269763702361,13206.538737015802,12676.222222552591
forecast_0886,2025-02-06 22:00:00,12438.920963144283,13292.636286044148,10919.083146760999
forecast_0887,2025-02-06 23:00:00,12535.598316558335,12726.86903077958,9634.393445638596
forecast_0888,2025-02-07 00:00:00,11719.301397939918,11563.517207161518,9084.9341476739
forecast_0889,2025-02-07 01:00:00,10305.164636541713,12255.61931093993,8374.267771084236
forecast_0890,2025-02-07 02:00:00,10124.346240712941,13159.318168924066,9318.82032943655
forecast_0891,2025-02-07 03:00:00,9692.577802669635,12466.910039506753,8830.645477212434
forecast_0892,2025-02-07 04:00:00,9262.929386225904,11102.09979673323,8635.982112299278
forecast_0893,2025-02-07 05:00:00,9632.250389392753,11103.997884121221,8494.150715519618
forecast_0894,2025-02-07 06:00:00,9082.533596506019,11743.185079317282,7689.104871638607
forecast_0895,2025-02-07 07:00:00,8326.671821533337,12051.278374547706,7074.585350332661
forecast_0896,2025-02-07 08:00:00,7830.574779211776,11535.367370076274,7311.4018159814805
forecast_0897,2025-02-07 09:00:00,8115.304921703935,11813.015810902387,7918.92758137447
forecast_0898,2025-02-07 10:00:00,9334.978304665345,11188.027976772859,8874.044535650895
forecast_0899,2025-02-07 11:00:00,10460.828297615128,12145.00701688059,10793.854428283978
forecast_0900,2025-02-07 12:00:00,11858.913624718985,12598.588836625831,12095.680326799866
forecast_0901,2025-02-07 13:00:00,12620.604704592051,13429.062421645613,12174.071375625143
forecast_0902,2025-02-07 14:00:00,13394.769297550469,14099.343116749853,11988.438427930421
forecast_0903,2025-02-07 15:00:00,13591.943999862053,14899.42699265936,12149.159933382532
forecast_0904,2025-02-07 16:00:00,13697.614250102662,14299.367016175433,12691.140373822616
forecast_0905,2025-02-07 17:00:00,12928.902163504568,13840.389379464572,13331.539265539941
forecast_0906,2025-02-07 18:00:00,12740.967052799813,13742.797712521617,14497.322280603752
forecast_0907,2025-02-07 19:00:00,13087.61483449719,14622.015679474222,14852.138238197305
forecast_0908,2025-02-07 20:00:00,13482.037448544734,16930.397355478235,15546.987645077414
forecast_0909,2025-02-07 21:00:00,14287.25752344833,17969.95457863017,16264.648423845967
forecast_0910,2025-02-07 22:00:00,15502.210498243778,18622.347556149143,16712.656344312734
forecast_0911,2025-02-07 23:00:00,16626.770295992705,19235.4433390974,17109.99547662673
forecast_0912,2025-02-08 00:00:00,17569.14193447664,19434.718246408112,17326.771237454843
forecast_0913,2025-02-08 01:00:00,17931.73697833824,19281.18227868736,17104.331528979837
forecast_0914,2025-02-08 02:00:00,18593.646991256024,19441.946907151305,17147.57706909062
forecast_0915,2025-02-08 03:00:00,18609.5694550514,19562.58417475021,17336.265778501715
forecast_0916,2025-02-08 04:00:00,18641.11932128614,19637.341455678143,17302.851689917585
forecast_0917,2025-02-08 05:00:00,18704.824138148335,19688.566846927857,17072.117924178096
forecast_0918,2025-02-08 06:00:00,18741.057706602976,19542.653184713352,16776.47037641729
forecast_0919,2025-02-08 07:00:00,18699.356422390327,19305.71062712832,16323.75296221723
forecast_0920,2025-02-08 08:00:00,18134.99158727482,19092.871672889283,15588.435471184992
forecast_0921,2025-02-08 09:00:00,16546.645795744407,18155.55100686243,14168.849441870818
forecast_0922,2025-02-08 10:00:00,14384.959475887088,15218.960112378954,12496.42859772106
forecast_0923,2025-02-08 11:00:00,10677.171636671008,13277.031112042743,10825.51363634942
forecast_0924,2025-02-08 12:00:00,9124.225737269111,10417.241972508602,10102.51379423962
forecast_0925,2025-02-08 13:00:00,7882.164240479916,8016.1207393886825,8913.396853908114
forecast_0926,2025-02-08 14:00:00,6973.633461373807,6124.5946992978115,7347.4896626675945
forecast_0927,2025-02-08 15:00:00,6601.4020963507455,5859.368699836517,6856.487258546146
forecast_0928,2025-02-08 16:00:00,6823.268666484189,5636.580550442177,6917.8712025155955
forecast_0929,2025-02-08 17:00:00,7478.893172404191,5971.963173836221,7419.35794845138
forecast_0930,2025-02-08 18:00:00,8193.32658437944,8587.94763299948,9161.115721694832
forecast_0931,2025-02-08 19:00:00,10252.576332644032,11405.157166775083,11270.907672841236
forecast_0932,2025-02-08 20:00:00,12560.503344948498,14190.764435667832,12067.24120785536
forecast_0933,2025-02-08 21:00:00,15255.504391289007,15979.96531312841,13787.63432494393
forecast_0934,2025-02-08 22:00:00,17409.505220137067,17425.613034245984,14595.780986098573
forecast_0935,2025-02-08 23:00:00,18358.59100153382,17969.266983505036,14674.436240090967
forecast_0936,2025-02-09 00:00:00,18748.27593176236,18469.69547003351,15394.023115455373
forecast_0937,2025-02-09 01:00:00,18846.166333423498,18517.705761235942,15529.369622373139
forecast_0938,2025-02-09 02:00:00,19076.77900431321,18763.119030578666,16068.861236379733
forecast_0939,2025-02-09 03:00:00,19196.73797596442,18937.850670018524,16297.972078363819
forecast_0940,2025-02-09 04:00:00,19072.70613911513,19070.72399463862,16470.668515251058
forecast_0941,2025-02-09 05:00:00,19119.64984383316,19481.122073081784,16603.23032878591
forecast_0942,2025-02-09 06:00:00,19034.389488200868,19535.828119137488,16687.128747893872
forecast_0943,2025-02-09 07:00:00,18915.345656010326,19269.368336439646,16320.314395239788
forecast_0944,2025-02-09 08:00:00,18614.32427747301,19024.509617755346,15668.906475875028
forecast_0945,2025-02-09 09:00:00,17798.546380913227,18612.599207873744,14703.713754843739
forecast_0946,2025-02-09 10:00:00,15105.852475569198,17023.117256295234,12676.07960430752
forecast_0947,2025-02-09 11:00:00,12589.49772651181,14861.680336267054,11958.403306214019
forecast_0948,2025-02-09 12:00:00,11086.485489667608,12743.132561196864,9889.26841361899
forecast_0949,2025-02-09 13:00:00,10422.801016445723,11259.745704950572,8918.955425996892
forecast_0950,2025-02-09 14:00:00,9892.736192124328,10379.157586459924,9135.846929994004
forecast_0951,2025-02-09 15:00:00,9785.995493061697,9912.88174074386,9450.253084386508
forecast_0952,2025-02-09 16:00:00,10246.322088370793,9377.054423475887,10265.055243211997
forecast_0953,2025-02-09 17:00:00,11481.290185700202,10948.013253058105,11320.900912481582
forecast_0954,2025-02-09 18:00:00,12732.238353817971,12337.536174192093,12422.0098503234
forecast_0955,2025-02-09 19:00:00,13619.5447350575,13901.318202366365,13135.694711848868
forecast_0956,2025-02-09 20:00:00,14457.264381097864,14871.227928317534,14169.237101100185
forecast_0957,2025-02-09 21:00:00,14741.535605722012,15959.352827635936,14571.52251075309
forecast_0958,2025-02-09 22:00:00,15404.106013003267,17219.84203343782,14997.676451984858
forecast_0959,2025-02-09 23:00:00,16122.317099661494,17943.521425235438,15545.761913153405
forecast_0960,2025-02-10 00:00:00,16848.27170760986,18573.00933794469,15871.014287592523
forecast_0961,2025-02-10 01:00:00,16914.447960842765,18787.680197661866,15866.477689289579
forecast_0962,2025-02-10 02:00:00,17224.216565228606,19127.445255794075,16192.18206779586
forecast_0963,2025-02-10 03:00:00,17748.16008229992,19561.4445560381,16559.93034989935
forecast_0964,2025-02-10 04:00:00,17834.819111899604,19672.456521587523,16671.287353845135
forecast_0965,2025-02-10 05:00:00,17726.399562325616,19802.70142399353,17428.33338138179
forecast_0966,2025-02-10 06:00:00,17557.36724545714,19948.601894701056,17586.312179728327
forecast_0967,2025-02-10 07:00:00,17522.48474681136,20063.221719987323,17515.44230377773
forecast_0968,2025-02-10 08:00:00,17544.637915027306,20052.945737175967,17139.38888675382
forecast_0969,2025-02-10 09:00:00,16857.427779837657,20010.540276496406,16611.351736732307
forecast_0970,2025-02-10 10:00:00,15206.857413829846,19305.670687661288,15691.272237744157
forecast_0971,2025-02-10 11:00:00,14679.34742037452,17904.50577117554,14314.59438595373
forecast_0972,2025-02-10 12:00:00,13608.60154952936,16051.084974291156,13046.078402891944
forecast_0973,2025-02-10 13:00:00,12676.56812971101,14334.981322302625,12174.82158908954
forecast_0974,2025-02-10 14:00:00,12181.833287312958,12950.560289454632,10637.185132238355
forecast_0975,2025-02-10 15:00:00,12057.51549195548,12714.257422322611,10798.980384778271
forecast_0976,2025-02-10 16:00:00,12135.829610563454,13130.902747795206,10901.043125121188
forecast_0977,2025-02-10 17:00:00,11789.307608243795,12711.243433962416,10096.579927373476
forecast_0978,2025-02-10 18:00:00,11106.009544988927,11682.18698174533,10411.879482751618
forecast_0979,2025-02-10 19:00:00,11300.04192027921,11978.878649151757,10645.185823261243
forecast_0980,2025-02-10 20:00:00,10681.03534654215,11549.167074385543,10417.883093697055
forecast_0981,2025-02-10 21:00:00,10075.856647269295,12021.180368401634,10202.763698478773
forecast_0982,2025-02-10 22:00:00,9736.351896953996,12286.388464103653,10394.492738365345
forecast_0983,2025-02-10 23:00:00,9587.006445627869,12228.63164403003,10266.295545407873
forecast_0984,2025-02-11 00:00:00,9709.762238302072,12190.146324645553,10366.718298631777
forecast_0985,2025-02-11 01:00:00,9483.308781425818,11180.875877161794,10534.895875473827
forecast_0986,2025-02-11 02:00:00,9685.399894924447,11401.268608689514,10179.509940566883
forecast_0987,2025-02-11 03:00:00,10049.079044109427,11408.748665431616,9875.507007817825
forecast_0988,2025-02-11 04:00:00,10069.762379037496,11470.55589323549,10095.427799906443
forecast_0989,2025-02-11 05:00:00,9945.999994892216,11524.931512032024,9420.63583519607
forecast_0990,2025-02-11 06:00:00,10141.082439015663,10704.971893766326,8725.365680552846
forecast_0991,2025-02-11 07:00:00,10165.14564338031,9750.995106679087,8311.734488129288
forecast_0992,2025-02-11 08:00:00,9149.218838599645,8074.688289383846,7661.795464201732
forecast_0993,2025-02-11 09:00:00,8514.216311566226,6160.697670021992,6414.273902038859
forecast_0994,2025-02-11 10:00:00,6463.135577730988,4715.4864698280435,5402.952406355235
forecast_0995,2025-02-11 11:00:00,4871.51192048693,3551.7444963819717,4698.165521777415
forecast_0996,2025-02-11 12:00:00,3797.0526050379935,3085.0656194429075,4284.200551779843
forecast_0997,2025-02-11 13:00:00,3056.1330134284594,2316.8515655622186,4196.397714275782
forecast_0998,2025-02-11 14:00:00,2775.4421547664806,2052.490873073022,4014.6339062927054
forecast_0999,2025-02-11 15:00:00,2702.1553331850037,2144.1344196659065,3653.9882681619065
forecast_1000,2025-02-11 16:00:00,2912.9957188023564,2439.1510307325198,3775.970739277158
forecast_1001,2025-02-11 17:00:00,3808.2884454309574,3357.0986812070555,3912.7811974160086
forecast_1002,2025-02-11 18:00:00,5100.028330978932,4420.065468485969,5149.406908670562
forecast_1003,2025-02-11 19:00:00,7151.796218015535,5814.398777236376,6523.453688871189
forecast_1004,2025-02-11 20:00:00,10180.92724372336,9762.304275978604,7904.554830401468
forecast_1005,2025-02-11 21:00:00,12610.883734322584,11425.708579439472,8622.025757586605
forecast_1006,2025-02-11 22:00:00,13930.96847148884,13734.811319401,8847.68879284586
forecast_1007,2025-02-11 23:00:00,15893.047963847253,15513.511191636899,10462.192194685096
forecast_1008,2025-02-12 00:00:00,16829.655826706563,16351.245852258839,12004.159517533128
forecast_1009,2025-02-12 01:00:00,17133.131212956898,17249.1644275712,10911.296317538996
forecast_1010,2025-02-12 02:00:00,17141.523194965375,16536.10991184479,11776.172492583788
forecast_1011,2025-02-12 03:00:00,17038.475833060635,16981.57608372089,11491.910220991129
forecast_1012,2025-02-12 04:00:00,17557.590964856576,16976.45740493602,12609.97161059496
forecast_1013,2025-02-12 05:00:00,16203.284027285274,15738.364487870775,11266.446678256481
forecast_1014,2025-02-12 06:00:00,13119.613451056874,13486.916052947763,8935.10657061797
forecast_1015,2025-02-12 07:00:00,9869.857623036503,10165.392073605322,7690.82635464946
forecast_1016,2025-02-12 08:00:00,9127.212435945052,11380.042753761725,7179.970997058721
forecast_1017,2025-02-12 09:00:00,8537.13740962011,12823.993259870575,7297.21901455947
forecast_1018,2025-02-12 10:00:00,7926.251275449073,12211.964179201728,9343.999703264819
forecast_1019,2025-02-12 11:00:00,8966.40598607866,13238.283089624485,10993.49097615862
forecast_1020,2025-02-12 12:00:00,9321.68788094198,13785.45777840403,11872.618078658003
forecast_1021,2025-02-12 13:00:00,11384.709182628289,15395.30402014208,12850.48950506523
forecast_1022,2025-02-12 14:00:00,13416.997089407863,17159.52453004392,14962.825970029313
forecast_1023,2025-02-12 15:00:00,14630.542608004305,18799.054540171026,15619.18948614844
forecast_1024,2025-02-12 16:00:00,15015.70370858765,18292.965146053695,15679.527798016887
forecast_1025,2025-02-12 17:00:00,16346.134741007369,18195.52655738521,15705.124563092286
forecast_1026,2025-02-12 18:00:00,17204.520139144905,18261.536774147284,16244.384478974069
forecast_1027,2025-02-12 19:00:00,17540.540884811202,18516.83047978397,15818.95359670147
forecast_1028,2025-02-12 20:00:00,17458.060702620704,17847.227892705218,15317.5032865461
forecast_1029,2025-02-12 21:00:00,16814.399699605707,16286.409701201454,14869.486065199922
forecast_1030,2025-02-12 22:00:00,16060.120130464478,16062.168287741639,14180.566132547352
forecast_1031,2025-02-12 23:00:00,14745.141146165104,15508.420931250428,13209.081582756986
forecast_1032,2025-02-13 00:00:00,14135.549628820881,14623.104825706047,12733.036287201034
forecast_1033,2025-02-13 01:00:00,12433.18038903298,13611.56577343191,10634.433779741135
forecast_1034,2025-02-13 02:00:00,12409.779127217149,14226.388813006653,11365.03402238077
forecast_1035,2025-02-13 03:00:00,12396.653819534435,13439.649285660536,11260.36389818837
forecast_1036,2025-02-13 04:00:00,12281.133369097093,13084.169557328722,11276.03818898561
forecast_1037,2025-02-13 05:00:00,12834.050895622178,14261.131873140952,12563.447833975086
forecast_1038,2025-02-13 06:00:00,13589.327293841217,15764.404523917616,13678.473659576819
forecast_1039,2025-02-13 07:00:00,14580.357751922249,16870.18449153523,14652.436593952349
forecast_1040,2025-02-13 08:00:00,14644.31055971121,17665.592038739567,15288.035147415107
forecast_1041,2025-02-13 09:00:00,14683.790766789934,18345.4192213443,15156.276823154778
forecast_1042,2025-02-13 10:00:00,14235.432524605068,17603.364894610524,14711.201365951638
forecast_1043,2025-02-13 11:00:00,13724.432248816309,16340.775191669803,14279.963057613444
forecast_1044,2025-02-13 12:00:00,13650.171397800736,15481.662956209166,13805.053553193524
forecast_1045,2025-02-13 13:00:00,13794.544877002656,16129.207550916835,14211.136985880505
forecast_1046,2025-02-13 14:00:00,14228.465563923884,17339.87093814951,14569.11707654164
forecast_1047,2025-02-13 15:00:00,15087.271160863358,18016.918798416526,15526.62626309767
forecast_1048,2025-02-13 16:00:00,15370.890158719005,18686.664809638307,16388.96586481858
forecast_1049,2025-02-13 17:00:00,15883.604906291719,18826.12621419174,16707.785027736685
forecast_1050,2025-02-13 18:00:00,16353.954816480502,19107.66571461577,17515.846254641958
forecast_1051,2025-02-13 19:00:00,16582.212734746932,19024.782831995963,17808.560114462718
forecast_1052,2025-02-13 20:00:00,17158.400692455933,18940.2934179772,18025.24517938206
forecast_1053,2025-02-13 21:00:00,17607.876979869106,19154.222376634283,18244.321503713298
forecast_1054,2025-02-13 22:00:00,17933.833609306406,19177.610071248742,18355.652419847363
forecast_1055,2025-02-13 23:00:00,18032.448342046824,19193.70455259728,18350.770210267463
forecast_1056,2025-02-14 00:00:00,18368.09935289505,19379.546976465594,18437.56794539757
forecast_1057,2025-02-14 01:00:00,18538.723146182387,19401.851943408634,18329.313725743617
forecast_1058,2025-02-14 02:00:00,18545.885333411374,19456.766109597123,18346.514703681252
forecast_1059,2025-02-14 03:00:00,18282.05215136822,19532.420496510975,18263.04030680587
forecast_1060,2025-02-14 04:00:00,18218.6809979917,19659.687797524548,18116.718759841064
forecast_1061,2025-02-14 05:00:00,18579.158148646893,19726.89828071564,18100.13071480194
forecast_1062,2025-02-14 06:00:00,18765.475167058514,19643.3150667623,17937.130325145696
forecast_1063,2025-02-14 07:00:00,18770.532580020066,19375.3336191484,17694.368715444485
forecast_1064,2025-02-14 08:00:00,17955.150150345533,18949.858096750264,17085.96579138056
forecast_1065,2025-02-14 09:00:00,16913.72189749754,18420.849814258585,15503.087065472722
forecast_1066,2025-02-14 10:00:00,14561.98601553751,17438.247451941912,13796.82729318248
forecast_1067,2025-02-14 11:00:00,11589.557066140318,14798.671157922405,11840.58177796238
forecast_1068,2025-02-14 12:00:00,9822.725859050088,11945.395274385774,10329.254291138926
forecast_1069,2025-02-14 13:00:00,8912.165017775515,10187.66317680613,9067.636401844129
forecast_1070,2025-02-14 14:00:00,8058.693187230298,9542.337671132276,9095.968990052796
forecast_1071,2025-02-14 15:00:00,8690.964687732772,10751.622273701867,10402.012100402586
forecast_1072,2025-02-14 16:00:00,9638.5516585679,11478.354282522188,11419.95463298654
forecast_1073,2025-02-14 17:00:00,10907.439938736432,13859.454702940751,11932.921179253408
forecast_1074,2025-02-14 18:00:00,13307.675869545323,15661.910872896133,12952.187690392322
forecast_1075,2025-02-14 19:00:00,15144.312258897728,16638.80336104631,13336.430886634414
forecast_1076,2025-02-14 20:00:00,16076.026953913824,17712.00172800087,13342.450541760794
forecast_1077,2025-02-14 21:00:00,17084.138242913887,17762.925665090046,13378.968519615184
forecast_1078,2025-02-14 22:00:00,17802.384410498566,17809.606132025372,13655.055209419636
forecast_1079,2025-02-14 23:00:00,17898.64368009844,17541.44577704006,13367.34583337083
forecast_1080,2025-02-15 00:00:00,18408.90689532514,17577.04806699252,14286.51622035008
forecast_1081,2025-02-15 01:00:00,18135.799614680618,17074.534696800878,14079.05374860104
forecast_1082,2025-02-15 02:00:00,18213.09641119844,16536.26779160407,13996.75207547025
forecast_1083,2025-02-15 03:00:00,18694.909954232415,16960.992478769684,14156.082018436638
forecast_1084,2025-02-15 04:00:00,19164.68051977026,16976.18308869257,13612.389146723695
forecast_1085,2025-02-15 05:00:00,19113.343454702816,17283.652108117643,13850.119601712222
forecast_1086,2025-02-15 06:00:00,18483.45506642837,17116.20422687344,12909.122585073921
forecast_1087,2025-02-15 07:00:00,17533.712051542298,16767.227150308187,11566.583398523539
forecast_1088,2025-02-15 08:00:00,16364.679070009399,17314.46284842736,11134.87482537821
forecast_1089,2025-02-15 09:00:00,14994.170243651675,16874.44761400297,10218.557963007108
forecast_1090,2025-02-15 10:00:00,11508.97385557894,14509.068373972887,8985.47371381642
forecast_1091,2025-02-15 11:00:00,10140.130000804647,12628.010579977805,7866.296186309547
forecast_1092,2025-02-15 12:00:00,9730.182353790311,12092.023511074105,7509.171524308411
forecast_1093,2025-02-15 13:00:00,9554.653100573887,12802.808692729592,9461.709638701932
forecast_1094,2025-02-15 14:00:00,10154.797835538599,13226.07507400753,10921.452553487543
forecast_1095,2025-02-15 15:00:00,12256.605468978072,15090.052511701786,12414.854458726604
forecast_1096,2025-02-15 16:00:00,13575.864081336706,15544.554727544513,12805.20136231149
forecast_1097,2025-02-15 17:00:00,14531.454371554324,14973.934421612998,15063.842887958162
forecast_1098,2025-02-15 18:00:00,15648.908178483274,15968.580018726047,15888.381841755498
forecast_1099,2025-02-15 19:00:00,17497.076741230267,17468.536847219497,16159.031339094658
forecast_1100,2025-02-15 20:00:00,18213.08884855145,18395.617259333525,16647.427752348143
forecast_1101,2025-02-15 21:00:00,18456.02595327095,18983.901402761658,16423.026678581282
forecast_1102,2025-02-15 22:00:00,18502.033447789596,18968.31600814425,16370.66661333205
forecast_1103,2025-02-15 23:00:00,18231.86913005428,18909.44405760814,16087.07707386146
forecast_1104,2025-02-16 00:00:00,18206.179003213285,19030.069875368146,16660.985246100052
forecast_1105,2025-02-16 01:00:00,18470.67969422613,19322.9923156746,16481.408514318075
forecast_1106,2025-02-16 02:00:00,18288.1196504145,19079.40190459738,16124.197984648938
forecast_1107,2025-02-16 03:00:00,17735.772577904685,18983.91521987216,15650.277903880353
forecast_1108,2025-02-16 04:00:00,17166.501166880396,18653.901153551782,15166.159346767396
forecast_1109,2025-02-16 05:00:00,16260.467335469242,18469.570943682258,14232.576526022705
forecast_1110,2025-02-16 06:00:00,15929.406336931468,18225.73321610045,12999.874752897962
forecast_1111,2025-02-16 07:00:00,14684.244445685912,17470.580541444448,12107.907021196632
forecast_1112,2025-02-16 08:00:00,13289.861663349016,16112.597335453218,10830.163640333623
forecast_1113,2025-02-16 09:00:00,11770.1979924947,15209.05489283152,10477.372077388256
forecast_1114,2025-02-16 10:00:00,8713.070882973012,13461.856419907233,9365.144765043276
forecast_1115,2025-02-16 11:00:00,7751.741398708067,12540.933512750933,8933.434040421389
forecast_1116,2025-02-16 12:00:00,7718.086841760039,11814.203381131229,9802.88401536253
forecast_1117,2025-02-16 13:00:00,9129.591138604344,11207.815012753774,10255.583418863316
forecast_1118,2025-02-16 14:00:00,10473.450484599425,12501.926829754451,11295.6793821081
forecast_1119,2025-02-16 15:00:00,11741.89142435113,14473.376857980436,12032.235655367922
forecast_1120,2025-02-16 16:00:00,13841.788335759627,15155.055566486597,13219.068524856257
forecast_1121,2025-02-16 17:00:00,14842.871114282236,16477.822150788124,14467.30444665268
forecast_1122,2025-02-16 18:00:00,15807.199855569088,17377.336208321794,15424.527759516208
forecast_1123,2025-02-16 19:00:00,15910.841184422876,17336.93737677034,15237.745905641634
forecast_1124,2025-02-16 20:00:00,16003.38009081989,17341.4095379206,15232.98671400383
forecast_1125,2025-02-16 21:00:00,16254.139950840949,17664.28241768228,15479.845313489488
forecast_1126,2025-02-16 22:00:00,16200.011906474043,17473.22259989886,14141.94302198511
forecast_1127,2025-02-16 23:00:00,15740.694390037446,17183.900002679977,14272.038220541413
forecast_1128,2025-02-17 00:00:00,15146.955957108603,16549.746304745873,12526.712645119536
forecast_1129,2025-02-17 01:00:00,14617.711833004854,14996.05617797529,11163.886979417392
forecast_1130,2025-02-17 02:00:00,13790.522230485913,13302.288432017172,10530.68260586937
forecast_1131,2025-02-17 03:00:00,13197.162787373427,12630.784206974144,10410.045087172464
forecast_1132,2025-02-17 04:00:00,12832.614252222582,11958.399426359974,11377.892640460832
forecast_1133,2025-02-17 05:00:00,12250.029327104718,10662.649542139057,11009.429145874565
forecast_1134,2025-02-17 06:00:00,11936.75103008486,11413.678026537294,10756.824075306678
forecast_1135,2025-02-17 07:00:00,12119.233528955001,11551.712508332643,10455.223018644072
forecast_1136,2025-02-17 08:00:00,12529.814247812776,12520.870310126946,10572.99247291323
forecast_1137,2025-02-17 09:00:00,12757.0486722946,13579.492831661202,10895.718652091851
forecast_1138,2025-02-17 10:00:00,12623.576370345043,13258.620855143974,10606.154253060398
forecast_1139,2025-02-17 11:00:00,12809.857421636067,12634.28777049037,10042.24521869838
forecast_1140,2025-02-17 12:00:00,12685.17958639663,12285.611902408556,9569.87760033438
forecast_1141,2025-02-17 13:00:00,12559.416775671325,12342.79008956805,8918.520006292007
forecast_1142,2025-02-17 14:00:00,11879.228031143368,12204.04320114986,7981.1306283350605
forecast_1143,2025-02-17 15:00:00,11303.52132574601,11737.427302202314,7437.43247608675
forecast_1144,2025-02-17 16:00:00,10387.49388609131,10789.283891865723,7098.597047869027
forecast_1145,2025-02-17 17:00:00,9491.286187937294,9184.498467360447,6904.432671993643
forecast_1146,2025-02-17 18:00:00,9034.84221237163,8447.217764431736,6363.656253443232
forecast_1147,2025-02-17 19:00:00,8807.799284338646,7168.584201559197,6252.838049286937
forecast_1148,2025-02-17 20:00:00,8329.027793854879,6895.26267502667,6059.618378454597
forecast_1149,2025-02-17 21:00:00,8034.156264076601,6961.704715659464,6033.37374993895
forecast_1150,2025-02-17 22:00:00,8066.051270002038,7427.895777209601,6361.464701290031
forecast_1151,2025-02-17 23:00:00,8430.413975875279,8416.352108376379,7155.568409885618
forecast_1152,2025-02-18 00:00:00,9168.217092645566,9224.318078131617,7744.4206498620315
forecast_1153,2025-02-18 01:00:00,9423.134093552417,9536.624986198805,8340.52177040006
forecast_1154,2025-02-18 02:00:00,10263.25385468973,9553.53480713398,9722.320391677964
forecast_1155,2025-02-18 03:00:00,10804.50549436695,10254.89478724595,10573.037220180564
forecast_1156,2025-02-18 04:00:00,11004.721615101691,10885.388040078653,11341.479587827484
forecast_1157,2025-02-18 05:00:00,11163.960963124706,11572.841945023123,12235.646296999439
forecast_1158,2025-02-18 06:00:00,11260.28947421255,12545.795083423807,12701.762156441726
forecast_1159,2025-02-18 07:00:00,11210.316410762229,13639.818983723031,13003.100392749964
forecast_1160,2025-02-18 08:00:00,11023.864100282768,13898.067307141682,12854.26417234372
forecast_1161,2025-02-18 09:00:00,11248.695590551511,12813.986287609303,11865.896550523443
forecast_1162,2025-02-18 10:00:00,10968.67973920223,11835.433598294218,10536.969444762559
forecast_1163,2025-02-18 11:00:00,11268.504551150541,11944.979505689806,10540.7337324869
forecast_1164,2025-02-18 12:00:00,11814.10689124625,11769.7186542819,10135.634342654354
forecast_1165,2025-02-18 13:00:00,12041.607544892471,11790.163509504571,9946.047786908344
forecast_1166,2025-02-18 14:00:00,12505.056845336701,11931.409846112125,9867.632892773501
forecast_1167,2025-02-18 15:00:00,12438.870288864126,11272.953580844078,9435.158245274522
forecast_1168,2025-02-18 16:00:00,12121.94518185584,10285.900715064603,8875.97596828622
forecast_1169,2025-02-18 17:00:00,12014.248167405789,9337.630315009605,8980.95918858917
forecast_1170,2025-02-18 18:00:00,11602.950987734708,9608.761512226014,8959.30859267041
forecast_1171,2025-02-18 19:00:00,11254.595387357771,10113.811331091052,10056.38272465099
forecast_1172,2025-02-18 20:00:00,10731.858692197005,10960.57849494291,10093.881804164002
forecast_1173,2025-02-18 21:00:00,10137.74677412588,12446.494704767909,9349.20124547867
forecast_1174,2025-02-18 22:00:00,9924.015155713707,13839.045629741839,9049.822319109557
forecast_1175,2025-02-18 23:00:00,10104.0691184966,14516.059528850636,9946.69882960659
forecast_1176,2025-02-19 00:00:00,10497.732855008355,14024.85943171301,10871.910808902343
forecast_1177,2025-02-19 01:00:00,10083.865613835223,14246.38746000799,9920.295554083767
forecast_1178,2025-02-19 02:00:00,10791.19340244918,14874.913136538908,10861.073744852094
forecast_1179,2025-02-19 03:00:00,10898.334253973177,15398.72470416204,12122.861185585987
forecast_1180,2025-02-19 04:00:00,10967.018497316803,15672.390533367969,12280.967139073782
forecast_1181,2025-02-19 05:00:00,11123.074148565203,16077.769442830118,12421.70505491873
forecast_1182,2025-02-19 06:00:00,11002.601973493609,16324.63835083077,12394.460640355072
forecast_1183,2025-02-19 07:00:00,11149.483145937393,16900.601528728414,12833.657470192615
forecast_1184,2025-02-19 08:00:00,11253.60907755647,16927.028434846794,12675.273924540837
forecast_1185,2025-02-19 09:00:00,10360.938358976979,15077.914820245001,10488.122397353012
forecast_1186,2025-02-19 10:00:00,9012.166179956723,10851.731827986972,9287.448880664422
forecast_1187,2025-02-19 11:00:00,7982.308262056902,7284.434495433112,8718.871798840633
forecast_1188,2025-02-19 12:00:00,7395.50417362526,6162.091213245358,7642.871270622221
forecast_1189,2025-02-19 13:00:00,6967.558771927175,5949.829921812409,6678.026672661013
forecast_1190,2025-02-19 14:00:00,7013.853865655363,5814.3523064672845,6443.784120224917
forecast_1191,2025-02-19 15:00:00,6983.100352994463,5822.801492467555,6328.823546925115
forecast_1192,2025-02-19 16:00:00,7027.151000077733,5673.11592678566,6299.221259320823
forecast_1193,2025-02-19 17:00:00,7065.541772747511,5677.052788853471,6544.13228928101
forecast_1194,2025-02-19 18:00:00,7230.5920974043465,5767.4279517345,6881.952892718475
forecast_1195,2025-02-19 19:00:00,7279.94329582629,6132.862584325344,7191.623329648515
forecast_1196,2025-02-19 20:00:00,7415.398597611313,6516.756715028294,7713.680415310174
forecast_1197,2025-02-19 21:00:00,7544.246509149755,8623.695700277729,8178.35012923344
forecast_1198,2025-02-19 22:00:00,8060.141176552666,11657.537913481105,8432.52149482632
forecast_1199,2025-02-19 23:00:00,8735.482182980368,13321.843570411911,8617.134693573156
forecast_1200,2025-02-20 00:00:00,9738.837015412264,13569.731563741745,8902.278172580978
forecast_1201,2025-02-20 01:00:00,9465.056587370931,13261.117714310185,8140.651568064406
forecast_1202,2025-02-20 02:00:00,9044.901481532557,12696.3266120356,8306.214260671415
forecast_1203,2025-02-20 03:00:00,9059.514684305286,12931.07074442706,8576.951751619354
forecast_1204,2025-02-20 04:00:00,9243.168810607523,13115.465633156127,9271.680684996514
forecast_1205,2025-02-20 05:00:00,9662.645540606172,13782.192527105555,10198.64594897785
forecast_1206,2025-02-20 06:00:00,10042.555791214583,14834.465719783733,11265.594780908668
forecast_1207,2025-02-20 07:00:00,11171.153093494862,15577.327700943493,12046.990721769009
forecast_1208,2025-02-20 08:00:00,11807.814818150207,16575.726387024035,11937.640774174575
forecast_1209,2025-02-20 09:00:00,11252.867719065765,16619.299969935353,10320.539573159698
forecast_1210,2025-02-20 10:00:00,10252.929587590397,14009.8069655855,9788.19566484975
forecast_1211,2025-02-20 11:00:00,9818.976299113689,10546.622870609068,9572.214100448404
forecast_1212,2025-02-20 12:00:00,9383.504507869835,9380.570695070608,10156.059215485868
forecast_1213,2025-02-20 13:00:00,9427.539006619878,9320.381511880767,9257.186819241464
forecast_1214,2025-02-20 14:00:00,9798.926727319464,9009.274635182794,9151.72767017406
forecast_1215,2025-02-20 15:00:00,9773.959388589425,9089.590927286346,8808.822829773328
forecast_1216,2025-02-20 16:00:00,9528.191217802032,8870.168220327128,7856.517698874686
forecast_1217,2025-02-20 17:00:00,9519.313240917503,8897.972761096926,7840.538196803717
forecast_1218,2025-02-20 18:00:00,9619.075986002154,9047.691811964063,8826.379710746232
forecast_1219,2025-02-20 19:00:00,9782.281247352152,9096.945733100116,9383.073723046122
forecast_1220,2025-02-20 20:00:00,9631.121114846968,9914.483052291223,10307.278096322076
forecast_1221,2025-02-20 21:00:00,8974.759677070946,10878.305369736978,9270.32564308798
forecast_1222,2025-02-20 22:00:00,8672.007002403549,12535.183828254634,8959.636232846455
forecast_1223,2025-02-20 23:00:00,8447.791697276964,13754.532205192823,8470.757675564848
forecast_1224,2025-02-21 00:00:00,9018.17104992579,13910.941904016534,8337.938173402646
forecast_1225,2025-02-21 01:00:00,8856.79024387266,13160.49083923921,8079.10005655183
forecast_1226,2025-02-21 02:00:00,9774.181229882288,13215.874449185561,8848.316256522612
forecast_1227,2025-02-21 03:00:00,9798.019379313173,12662.967778777118,9150.362871746887
forecast_1228,2025-02-21 04:00:00,9715.207409200444,12288.281487529563,9160.914938735235
forecast_1229,2025-02-21 05:00:00,9104.326904293208,12090.48277946387,9290.317655904379
forecast_1230,2025-02-21 06:00:00,9300.281621363472,12506.53382902217,9386.808468158351
forecast_1231,2025-02-21 07:00:00,9485.560048375348,13141.337106069368,9484.185241350793
forecast_1232,2025-02-21 08:00:00,9518.441375691942,13405.531773172934,9405.696564275553
forecast_1233,2025-02-21 09:00:00,8574.387405650494,11725.24406826409,8356.836020743276
forecast_1234,2025-02-21 10:00:00,7063.748336345075,9153.247903862371,7367.936117517181
forecast_1235,2025-02-21 11:00:00,6417.149316727986,6241.01469965994,6884.457505861722
forecast_1236,2025-02-21 12:00:00,6206.502953627146,5585.655775497567,6289.360993000432
forecast_1237,2025-02-21 13:00:00,6485.240973941148,5412.5250968041055,6175.761117796005
forecast_1238,2025-02-21 14:00:00,6942.950521061956,6351.076037707381,6297.1979222225045
forecast_1239,2025-02-21 15:00:00,7711.094437550419,6606.939541740959,6394.75201142501
forecast_1240,2025-02-21 16:00:00,8323.764388069867,6785.6886935222665,6610.760406448577
forecast_1241,2025-02-21 17:00:00,8762.997339837602,7103.005264653842,7241.322796963116
forecast_1242,2025-02-21 18:00:00,9507.039712876867,7773.026649586979,8202.595363631117
forecast_1243,2025-02-21 19:00:00,10213.063555073702,7961.54051571011,9181.548020769285
forecast_1244,2025-02-21 20:00:00,10653.805496705972,8460.463230260952,9896.248832533474
forecast_1245,2025-02-21 21:00:00,10803.16287854401,9239.028631264235,9855.35837076875
forecast_1246,2025-02-21 22:00:00,10752.56960599065,9804.270059141953,11171.986284020692
forecast_1247,2025-02-21 23:00:00,10882.188415774493,10192.215742238222,11462.597135935495
forecast_1248,2025-02-22 00:00:00,11925.49595873741,11347.62903175665,11445.847065932321
forecast_1249,2025-02-22 01:00:00,13528.68606515192,12215.870339048557,11859.895728403473
forecast_1250,2025-02-22 02:00:00,14075.789033601433,12448.331503010828,12354.583843339558
forecast_1251,2025-02-22 03:00:00,14127.567656643232,13364.030178321487,13665.116481257095
forecast_1252,2025-02-22 04:00:00,13660.599574837659,13939.613247190653,13487.914793375992
forecast_1253,2025-02-22 05:00:00,12617.507368604442,13619.768144140622,11619.860041331885
forecast_1254,2025-02-22 06:00:00,10990.3478561681,12937.249084114994,10234.368798907119
forecast_1255,2025-02-22 07:00:00,9954.162906365544,12218.481896786918,10071.811321554087
forecast_1256,2025-02-22 08:00:00,9585.795798569454,11410.321282333825,9296.197238831512
forecast_1257,2025-02-22 09:00:00,8561.026785029233,10447.594952130941,7392.141481159637
forecast_1258,2025-02-22 10:00:00,6302.760354760916,6247.804332517891,5733.35992972953
forecast_1259,2025-02-22 11:00:00,5471.964922208209,4373.544335624449,5131.721592235275
forecast_1260,2025-02-22 12:00:00,5290.343988302475,4024.9008828667575,5216.725068572961
forecast_1261,2025-02-22 13:00:00,5996.201154856411,4802.637971093243,6072.416718626059
forecast_1262,2025-02-22 14:00:00,6494.538716451776,5304.346359467128,6738.90896694848
forecast_1263,2025-02-22 15:00:00,6992.435043638998,6423.240441822529,7598.743018778936
forecast_1264,2025-02-22 16:00:00,7970.850513893417,6052.110269857268,7747.684607846789
forecast_1265,2025-02-22 17:00:00,8796.96780789395,7200.469573674346,8303.31487466521
forecast_1266,2025-02-22 18:00:00,10031.368751501757,8458.63453541007,9799.494959153002
forecast_1267,2025-02-22 19:00:00,11068.582875412612,11663.380364510307,11923.779692665426
forecast_1268,2025-02-22 20:00:00,11854.221386316298,13090.895726230174,12896.50097325265
forecast_1269,2025-02-22 21:00:00,12880.835265663958,14860.537325243547,14377.267053846932
forecast_1270,2025-02-22 22:00:00,13761.994400203126,16894.04649298681,15656.502864751696
forecast_1271,2025-02-22 23:00:00,14108.134155856122,18254.22482099591,16095.607055607223
forecast_1272,2025-02-23 00:00:00,14451.675080875319,18444.46011347202,16193.52584786027
forecast_1273,2025-02-23 01:00:00,14639.66250973942,18731.521703474526,16099.876613170218
forecast_1274,2025-02-23 02:00:00,14488.3773695264,18400.61655253524,16390.90438794275
forecast_1275,2025-02-23 03:00:00,14659.563290486552,18457.732029183113,16644.059102110532
forecast_1276,2025-02-23 04:00:00,14853.25286246257,18694.717108319066,17018.933227234986
forecast_1277,2025-02-23 05:00:00,16181.763584192715,18966.80732642238,17318.831721662136
forecast_1278,2025-02-23 06:00:00,16332.02987728166,19313.78050258328,17520.530450228536
forecast_1279,2025-02-23 07:00:00,16433.707025333762,19397.177420191038,17487.108042736156
forecast_1280,2025-02-23 08:00:00,16193.507266281627,19358.254322579378,17399.894594856098
forecast_1281,2025-02-23 09:00:00,15155.533361415059,18752.618985775767,16828.00715197776
forecast_1282,2025-02-23 10:00:00,13983.77451332564,16967.079005708525,15559.95593987784
forecast_1283,2025-02-23 11:00:00,13634.564962720477,15741.946386406242,14522.380281447036
forecast_1284,2025-02-23 12:00:00,13481.313348295926,15392.520993897862,13183.344926183841
forecast_1285,2025-02-23 13:00:00,13280.129185693686,14589.923952597983,11925.759665372307
forecast_1286,2025-02-23 14:00:00,13026.935434191217,13813.09747575028,11186.0585279758
forecast_1287,2025-02-23 15:00:00,12648.481114337897,12350.349124405673,10294.836244456525
forecast_1288,2025-02-23 16:00:00,12092.156957036983,10085.86921974257,9697.496778876859
forecast_1289,2025-02-23 17:00:00,11780.638926203243,9086.079619225218,9146.011776616848
forecast_1290,2025-02-23 18:00:00,11868.569623994446,8720.396925726443,10085.09238070978
forecast_1291,2025-02-23 19:00:00,11774.884088468576,9118.95016604874,10623.350555647718
forecast_1292,2025-02-23 20:00:00,11505.38745370935,10424.385132485339,11096.970268427302
forecast_1293,2025-02-23 21:00:00,10927.792060885991,11560.768645850258,10414.661707510331
forecast_1294,2025-02-23 22:00:00,11958.242922545003,13890.383097598937,10380.771237179873
forecast_1295,2025-02-23 23:00:00,13156.41904237193,15562.614756015351,10843.172252033113
forecast_1296,2025-02-24 00:00:00,13942.37220955413,16291.3082615284,11587.915615969316
forecast_1297,2025-02-24 01:00:00,14724.801909799766,17126.743775054285,12698.627320641539
forecast_1298,2025-02-24 02:00:00,15965.755441886071,18563.513251638586,14016.395576190764
forecast_1299,2025-02-24 03:00:00,16140.907890196308,18825.542827687546,14536.238585276344
forecast_1300,2025-02-24 04:00:00,16874.73592573782,18825.793503359357,15212.598377849015
forecast_1301,2025-02-24 05:00:00,16789.982169726427,18672.788809555437,15421.390836469782
forecast_1302,2025-02-24 06:00:00,16406.066301723058,18495.309220099072,15341.070334818425
forecast_1303,2025-02-24 07:00:00,15642.556132243568,17707.733841727288,14836.92865231678
forecast_1304,2025-02-24 08:00:00,15237.334923324932,17202.192914281284,14625.487705681338
forecast_1305,2025-02-24 09:00:00,14079.119429002032,16225.041607171719,13159.802851196446
forecast_1306,2025-02-24 10:00:00,10163.159839832728,13222.576018523458,11226.635395506306
forecast_1307,2025-02-24 11:00:00,8299.744448558658,10533.365963311298,10436.346746030522
forecast_1308,2025-02-24 12:00:00,8065.328756940944,9023.265352346298,10071.74639917984
forecast_1309,2025-02-24 13:00:00,7731.717661067423,8889.224179714922,9432.507395225055
forecast_1310,2025-02-24 14:00:00,8079.918019406341,8102.872031998713,9632.905380984304
forecast_1311,2025-02-24 15:00:00,8267.791709629713,7572.5738966625395,9507.867222956931
forecast_1312,2025-02-24 16:00:00,8995.800751729479,8092.8021525050735,9664.568960914099
forecast_1313,2025-02-24 17:00:00,9916.739762565978,8894.471641094931,10271.194340181934
forecast_1314,2025-02-24 18:00:00,11498.46067941384,10900.82414801044,12160.871014943707
forecast_1315,2025-02-24 19:00:00,13824.051567063398,13663.337638006167,13703.032923456147
forecast_1316,2025-02-24 20:00:00,15165.771204574314,15478.08746803899,14519.385953819343
forecast_1317,2025-02-24 21:00:00,16549.927218091038,17094.27807333995,15419.64925473752
forecast_1318,2025-02-24 22:00:00,18716.425231455054,18765.765527021267,16455.331236593523
forecast_1319,2025-02-24 23:00:00,19609.233223450923,19207.72901602909,16844.827821157774
forecast_1320,2025-02-25 00:00:00,19971.78453705935,19685.221546671615,17246.775467034156
forecast_1321,2025-02-25 01:00:00,19834.63380685503,19744.49526206749,17561.281960580844
forecast_1322,2025-02-25 02:00:00,19799.732989651613,19889.296701790117,17892.03149873658
forecast_1323,2025-02-25 03:00:00,19749.649419246587,20071.9840330885,18022.110653553773
forecast_1324,2025-02-25 04:00:00,19429.80804761248,20046.357772566913,18344.032399182586
forecast_1325,2025-02-25 05:00:00,19257.258520292424,20115.637808461946,18402.585911251812
forecast_1326,2025-02-25 06:00:00,19193.323092942257,20092.24237681519,18452.606779922477
forecast_1327,2025-02-25 07:00:00,19066.10407182969,19973.269036551224,18444.575637758484
forecast_1328,2025-02-25 08:00:00,19227.502465580055,20046.973331572633,18363.028875800668
forecast_1329,2025-02-25 09:00:00,19277.121973143396,19937.63483749588,18236.83146259799
forecast_1330,2025-02-25 10:00:00,17738.41162585458,19668.499900346014,17750.680787891106
forecast_1331,2025-02-25 11:00:00,16990.69580803568,19520.30854230155,17436.164708055483
forecast_1332,2025-02-25 12:00:00,15644.014595088196,19275.60611432783,16342.469015526502
forecast_1333,2025-02-25 13:00:00,15197.420884264611,18785.769093038827,14951.151778590116
forecast_1334,2025-02-25 14:00:00,14989.295207159681,18277.160456539394,15724.016724993613
forecast_1335,2025-02-25 15:00:00,15682.312520901312,18026.230042592397,16208.572754196935
forecast_1336,2025-02-25 16:00:00,16541.33382871319,18465.89496694084,16536.499792340597
forecast_1337,2025-02-25 17:00:00,17450.948978914963,19048.43941198229,17544.95168445572
forecast_1338,2025-02-25 18:00:00,18588.954060279226,19286.718931396597,18203.949647264253
forecast_1339,2025-02-25 19:00:00,18908.545689712482,19282.5719407411,18524.000629443646
forecast_1340,2025-02-25 20:00:00,19232.314627358013,19241.219442826343,18601.646166708113
forecast_1341,2025-02-25 21:00:00,19407.16126329727,19189.500979183947,18587.009057370175
forecast_1342,2025-02-25 22:00:00,19352.513174017407,19115.699701847272,18567.104568199953
forecast_1343,2025-02-25 23:00:00,19254.594347996586,18996.18278749951,18317.01924873726
forecast_1344,2025-02-26 00:00:00,19200.353448545266,19117.10592825975,18218.874414333328
forecast_1345,2025-02-26 01:00:00,19063.628422871378,19049.489006237498,17968.22263064324
forecast_1346,2025-02-26 02:00:00,18746.708550593798,18949.84096691386,18038.04207227503
forecast_1347,2025-02-26 03:00:00,18388.578666451613,18901.18581976925,17872.293662751686
forecast_1348,2025-02-26 04:00:00,18192.06300806524,18816.063469733235,17545.657907563975
forecast_1349,2025-02-26 05:00:00,17687.68611877268,18469.556485474004,17817.265646980737
forecast_1350,2025-02-26 06:00:00,16878.76814980952,18586.383949374882,17516.12877962278
forecast_1351,2025-02-26 07:00:00,16331.522938879902,18684.755209490362,17327.524155997085
forecast_1352,2025-02-26 08:00:00,15803.212322771662,17971.24724661099,16608.882957431615
forecast_1353,2025-02-26 09:00:00,14339.804472878954,17446.779670598185,15166.695680023375
forecast_1354,2025-02-26 10:00:00,12631.012038673696,14953.984220600223,13200.039386813689
forecast_1355,2025-02-26 11:00:00,11907.358167548307,13490.112152702575,11715.774579620344
forecast_1356,2025-02-26 12:00:00,11606.923238593565,12579.22374021123,10410.366523139077
forecast_1357,2025-02-26 13:00:00,11967.258373275901,13081.681255213733,10272.21183807406
forecast_1358,2025-02-26 14:00:00,12015.361711272068,12946.396726632545,9984.831287539217
forecast_1359,2025-02-26 15:00:00,12401.206697554135,13360.834207136093,9981.177715129988
forecast_1360,2025-02-26 16:00:00,12677.543458735756,13424.195104883838,11077.355208500474
forecast_1361,2025-02-26 17:00:00,13116.22610958363,13624.067367982667,11414.042089276209
forecast_1362,2025-02-26 18:00:00,13723.862135174888,14929.896568104898,14216.539159201093
forecast_1363,2025-02-26 19:00:00,14413.231375208736,16991.889669273667,16136.023834656826
forecast_1364,2025-02-26 20:00:00,15360.132636249924,19023.792945333622,16968.832334511226
forecast_1365,2025-02-26 21:00:00,16488.874056670877,19088.642910771014,17836.51318506792
forecast_1366,2025-02-26 22:00:00,16607.001609664352,19114.933339343595,17866.343018157637
forecast_1367,2025-02-26 23:00:00,16908.250197804955,19303.126689776378,17713.812947067992
forecast_1368,2025-02-27 00:00:00,18287.492672316916,19724.233856868985,17924.755065470057
forecast_1369,2025-02-27 01:00:00,18849.73123208579,19935.84086033577,18131.75170176592
forecast_1370,2025-02-27 02:00:00,19171.493821035692,19971.74849333468,18140.674567272003
forecast_1371,2025-02-27 03:00:00,19322.51744257943,19992.03403877156,18267.16249671915
forecast_1372,2025-02-27 04:00:00,19056.12938742301,19934.96908001985,18229.8347628426
forecast_1373,2025-02-27 05:00:00,18862.98041873745,19747.886579872327,17922.012911118367
forecast_1374,2025-02-27 06:00:00,18712.138253171997,19567.28320161926,17459.243181732367
forecast_1375,2025-02-27 07:00:00,18615.38708259546,19434.132011232014,17444.997282247343
forecast_1376,2025-02-27 08:00:00,18425.21744914137,19123.244856873713,16686.867922745274
forecast_1377,2025-02-27 09:00:00,17475.876088393816,18452.644216163746,15242.805990922094
forecast_1378,2025-02-27 10:00:00,14297.268165201178,17341.165620576343,14764.094423850722
forecast_1379,2025-02-27 11:00:00,12140.855130582127,15261.677021295127,13823.95305173409
forecast_1380,2025-02-27 12:00:00,10804.369574862281,12952.29236591186,12545.151994013788
forecast_1381,2025-02-27 13:00:00,9811.41434862159,12146.860916077316,11222.976238786927
forecast_1382,2025-02-27 14:00:00,8933.409504383226,10119.167784719926,8816.050035259936
forecast_1383,2025-02-27 15:00:00,8014.607340610548,8877.833017672527,8527.891836115024
forecast_1384,2025-02-27 16:00:00,8242.541030451866,7877.717675476732,8456.585564890327
forecast_1385,2025-02-27 17:00:00,8333.35455872331,7183.967344446086,7413.539441449513
forecast_1386,2025-02-27 18:00:00,9478.288481736476,8165.462822076717,8158.51851039333
forecast_1387,2025-02-27 19:00:00,11122.201133923416,10512.060177867303,8955.32292003881
forecast_1388,2025-02-27 20:00:00,11528.458166269811,12219.419681512449,9325.545127483741
forecast_1389,2025-02-27 21:00:00,12129.256835927095,12943.688347152594,10013.82358755199
forecast_1390,2025-02-27 22:00:00,13872.589220545291,15216.313415316501,10244.574746991892
forecast_1391,2025-02-27 23:00:00,14812.84849055214,15901.82098075276,11195.64111711409
forecast_1392,2025-02-28 00:00:00,15164.446391046538,16973.0167044434,12204.41037756937
forecast_1393,2025-02-28 01:00:00,15457.46379582616,17164.505715374762,12503.194608769709
forecast_1394,2025-02-28 02:00:00,15633.276398863392,16889.372128623723,12303.061868205323
forecast_1395,2025-02-28 03:00:00,16217.72610120511,16763.74023349858,11891.912079063311
forecast_1396,2025-02-28 04:00:00,16492.306985036394,17545.352697504044,13832.657448544596
forecast_1397,2025-02-28 05:00:00,17514.091101260772,18205.09609360022,15171.390969676315
forecast_1398,2025-02-28 06:00:00,17916.706029877743,18679.851082382913,15796.898670142844
forecast_1399,2025-02-28 07:00:00,17983.046020255846,18759.33530362893,16728.626426817813
forecast_1400,2025-02-28 08:00:00,17729.67636564394,18899.830828727067,16805.644155553236
forecast_1401,2025-02-28 09:00:00,16926.394721671648,18911.731070125545,16829.95539778363
forecast_1402,2025-02-28 10:00:00,15170.027268041711,18292.942426439407,16203.150116580422
forecast_1403,2025-02-28 11:00:00,14233.293373706421,17638.28927746519,14416.315585032204
forecast_1404,2025-02-28 12:00:00,13319.626623971213,16914.862584846167,12882.26410502863
forecast_1405,2025-02-28 13:00:00,12485.228363151391,16291.595006356401,12531.949466946247
forecast_1406,2025-02-28 14:00:00,12002.882643507537,14899.594343367675,12146.508831866591
forecast_1407,2025-02-28 15:00:00,11896.436804090696,14270.911916215548,11906.516734273711
forecast_1408,2025-02-28 16:00:00,12292.015622832947,14629.148997065557,12491.24896289619
forecast_1409,2025-02-28 17:00:00,13915.114463663158,14821.148742892907,12753.555095952699
forecast_1410,2025-02-28 18:00:00,14381.663470966414,15312.762342344377,12584.234415972602
forecast_1411,2025-02-28 19:00:00,15901.643800669051,15800.555847960895,12893.96749026125
forecast_1412,2025-02-28 20:00:00,16925.157537453037,16435.263345814114,12383.806944797845
forecast_1413,2025-02-28 21:00:00,16176.58197935958,15331.110337722472,11388.285338516906
forecast_1414,2025-02-28 22:00:00,15475.350233994635,15147.501084001204,11722.549192213832
forecast_1415,2025-02-28 23:00:00,14228.565511921915,13312.81842972075,10841.570655665126
forecast_1416,2025-03-01 00:00:00,12199.767346703497,12936.428574191043,9982.300243115782
forecast_1417,2025-03-01 01:00:00,12237.767491470346,10984.806706078107,9862.038368822457
forecast_1418,2025-03-01 02:00:00,10176.051376776113,9099.711141954676,7837.261191122725
forecast_1419,2025-03-01 03:00:00,8096.159843209782,7097.90987346323,6128.612047558732
forecast_1420,2025-03-01 04:00:00,6292.477821862634,5456.6690654850345,5156.913049023713
forecast_1421,2025-03-01 05:00:00,4915.553704535935,4304.648172541723,4190.700116967133
forecast_1422,2025-03-01 06:00:00,3686.882697849063,3798.787275770329,3840.469181042408
forecast_1423,2025-03-01 07:00:00,2938.130310427251,2996.823207827608,3527.8449524675752
forecast_1424,2025-03-01 08:00:00,2504.0854008404995,2599.7132195866825,3180.89973847932
forecast_1425,2025-03-01 09:00:00,2145.2468949914646,2267.4665714036255,2897.473606137743
forecast_1426,2025-03-01 10:00:00,1938.9111102757724,2170.2711515703804,2738.718557234256
forecast_1427,2025-03-01 11:00:00,1803.1577735782494,2396.262226927881,2802.2455634776265
forecast_1428,2025-03-01 12:00:00,1913.3871087347206,2668.142887791173,3013.0922863345713
forecast_1429,2025-03-01 13:00:00,2132.321073628573,2771.064909977288,3164.842750967472
forecast_1430,2025-03-01 14:00:00,2716.6630743934356,3309.752321122077,3505.6080664785127
forecast_1431,2025-03-01 15:00:00,3513.0343121023498,3919.230688453087,3990.2483424828633
forecast_1432,2025-03-01 16:00:00,4040.3147467932313,4581.294746142107,4368.555997973166
forecast_1433,2025-03-01 17:00:00,4088.632141289443,4869.280507196053,4424.483143355925
forecast_1434,2025-03-01 18:00:00,4357.67764720046,4866.187116194292,4187.555848836353
forecast_1435,2025-03-01 19:00:00,4397.16871971951,4692.365134678821,4409.973665030235
forecast_1436,2025-03-01 20:00:00,4192.032499624216,4941.8995372572135,4216.206421662202
forecast_1437,2025-03-01 21:00:00,4079.0867932798074,5223.661538989795,3864.765005218467
forecast_1438,2025-03-01 22:00:00,3883.109825607503,5237.642595073631,4168.175923692602
forecast_1439,2025-03-01 23:00:00,3678.1224735878955,4886.4920027641365,4014.1101794767246
forecast_1440,2025-03-02 00:00:00,4209.092220995005,5126.320477512332,4252.814925432315
forecast_1441,2025-03-02 01:00:00,4867.845009252199,4945.571192375541,5239.077582927595
forecast_1442,2025-03-02 02:00:00,5405.199978541585,5174.8220315040535,5848.455937228412
forecast_1443,2025-03-02 03:00:00,5256.7363302933245,5197.51549854797,5978.191421274018
forecast_1444,2025-03-02 04:00:00,5618.985554437514,5063.933647639628,5933.951819199491
forecast_1445,2025-03-02 05:00:00,6003.373362958548,5143.983272640763,5514.368519243178
forecast_1446,2025-03-02 06:00:00,4586.662278853979,4943.876624112445,4391.120022680794
forecast_1447,2025-03-02 07:00:00,3501.160636391712,3868.948451469741,4033.3745178958493
forecast_1448,2025-03-02 08:00:00,3296.9450516871843,3672.2689793594814,3933.2061560726634
forecast_1449,2025-03-02 09:00:00,3213.665117049315,3560.753720557711,3998.6012717601275
forecast_1450,2025-03-02 10:00:00,3332.145609891233,3723.3755104051943,4475.889640300367
forecast_1451,2025-03-02 11:00:00,3982.614755958402,4507.357172084963,5253.821759178833
forecast_1452,2025-03-02 12:00:00,4991.841917869133,5214.9053697411655,5779.701499706176
forecast_1453,2025-03-02 13:00:00,5959.103843020487,6527.664566379623,6998.97018676629
forecast_1454,2025-03-02 14:00:00,7199.32651828716,8502.526630956376,7732.230895867771
forecast_1455,2025-03-02 15:00:00,8200.468779275681,9445.314167450144,8057.584359309534
forecast_1456,2025-03-02 16:00:00,8810.97541809948,11196.305617148024,9049.069643248315
forecast_1457,2025-03-02 17:00:00,9429.57708087167,12376.374695586588,9458.496472022896
forecast_1458,2025-03-02 18:00:00,10843.25834080616,13302.362062389937,10844.247060393642
forecast_1459,2025-03-02 19:00:00,12505.50009814907,14856.110268677989,11801.690390305288
forecast_1460,2025-03-02 20:00:00,13487.986641412223,15924.969776885624,11744.331060119355
forecast_1461,2025-03-02 21:00:00,12971.05623520965,15991.566040671394,11861.568280511085
forecast_1462,2025-03-02 22:00:00,13867.041806438716,16666.57424593282,12752.748292377351
forecast_1463,2025-03-02 23:00:00,12971.49963644424,16828.068176578716,12683.500060264487
forecast_1464,2025-03-03 00:00:00,13043.367529381336,16959.113009384266,12347.516472417075
forecast_1465,2025-03-03 01:00:00,15015.3072058219,17263.232526917698,13192.43556853264
forecast_1466,2025-03-03 02:00:00,15145.20231432968,17635.992351066674,13457.314122207255
forecast_1467,2025-03-03 03:00:00,13910.78727855855,17460.18207777788,13177.298337878447
forecast_1468,2025-03-03 04:00:00,13823.40062858534,17392.304050668845,13353.487894912221
forecast_1469,2025-03-03 05:00:00,14133.95954287597,17385.589931407027,13569.34276914624
forecast_1470,2025-03-03 06:00:00,15332.934708889734,17990.805267645857,13711.866516808663
forecast_1471,2025-03-03 07:00:00,16253.910891175066,17860.912673138842,13811.543112824353
forecast_1472,2025-03-03 08:00:00,16109.899217860424,18026.852064379396,13171.499235799016
forecast_1473,2025-03-03 09:00:00,16085.170532899148,17931.080671773394,13276.251943401014
forecast_1474,2025-03-03 10:00:00,15250.62103860245,17773.079785336122,13091.197447550447
forecast_1475,2025-03-03 11:00:00,15228.555073911597,17126.785602929947,13033.194610874049
forecast_1476,2025-03-03 12:00:00,14248.876874154832,17036.243022912862,12977.813465987238
forecast_1477,2025-03-03 13:00:00,14224.584741939878,17113.54828404388,13099.216462728968
forecast_1478,2025-03-03 14:00:00,12919.968811422206,16946.453305783696,13156.541610719516
forecast_1479,2025-03-03 15:00:00,13245.062726864133,15914.966600401865,13171.989397530777
forecast_1480,2025-03-03 16:00:00,13342.514257393985,14488.232213062576,12670.938999585223
forecast_1481,2025-03-03 17:00:00,12591.861481077449,12693.908912519539,12227.48945086035
forecast_1482,2025-03-03 18:00:00,12404.996654449704,13274.133398310318,12235.928672807897
forecast_1483,2025-03-03 19:00:00,12061.189835419838,14148.118304898542,12123.167612029185
forecast_1484,2025-03-03 20:00:00,12266.954471474626,14410.866677960865,11975.863119694857
forecast_1485,2025-03-03 21:00:00,12756.777044945997,15213.560072516582,11696.954505476144
forecast_1486,2025-03-03 22:00:00,13826.566999960984,15479.691421226096,12028.913543572631
forecast_1487,2025-03-03 23:00:00,14289.92207962694,15881.927337130277,12422.099670028612
forecast_1488,2025-03-04 00:00:00,14637.70432550606,16348.788160460153,12402.402055671988
forecast_1489,2025-03-04 01:00:00,15103.247902104802,16585.198314067995,11945.455064297392
forecast_1490,2025-03-04 02:00:00,15069.088553501762,16682.358940594535,12019.207758287284
forecast_1491,2025-03-04 03:00:00,15326.666616878312,16789.086849824555,12382.139714589968
forecast_1492,2025-03-04 04:00:00,15167.801199030444,16633.71061693305,12339.173340590889
forecast_1493,2025-03-04 05:00:00,15338.663314712132,16749.675470804323,12404.073269986016
forecast_1494,2025-03-04 06:00:00,15759.739795412508,17123.292349672345,13183.181855959701
forecast_1495,2025-03-04 07:00:00,15609.123409537122,17201.62163308193,13210.049013205324
forecast_1496,2025-03-04 08:00:00,16118.541095596058,17237.266134786885,13525.086202916034
forecast_1497,2025-03-04 09:00:00,16136.110562870908,17396.973137167504,13773.23143047008
forecast_1498,2025-03-04 10:00:00,16018.786685916031,17516.858768444636,13469.360067255286
forecast_1499,2025-03-04 11:00:00,16148.61329044772,17566.316027051973,13534.086587220008
forecast_1500,2025-03-04 12:00:00,16123.448928948652,17512.32943762853,13261.529845367098
forecast_1501,2025-03-04 13:00:00,15497.746098940905,17672.018998383715,13153.89852246521
forecast_1502,2025-03-04 14:00:00,15739.919061376782,17773.080714961117,13364.518829706572
forecast_1503,2025-03-04 15:00:00,15170.911663831368,18055.813658227144,13244.489419239853
forecast_1504,2025-03-04 16:00:00,14276.063529688243,17798.698897868213,13292.647187497194
forecast_1505,2025-03-04 17:00:00,13707.113759470998,17588.19432752345,13134.470858242781
forecast_1506,2025-03-04 18:00:00,13507.18588236763,17446.773970080805,12861.68685634624
forecast_1507,2025-03-04 19:00:00,12934.523508612507,17243.97738211317,12730.278881267412
forecast_1508,2025-03-04 20:00:00,12890.75408495187,17376.1057553995,12666.636309268823
forecast_1509,2025-03-04 21:00:00,13039.720281356766,17105.397876390583,12233.114034524417
forecast_1510,2025-03-04 22:00:00,12086.324038271592,16035.820136821738,11973.185873543742
forecast_1511,2025-03-04 23:00:00,11002.98512857056,14936.942919595067,11740.30288231199
forecast_1512,2025-03-05 00:00:00,10027.054523626979,13288.490204156402,10805.061594332972
forecast_1513,2025-03-05 01:00:00,8391.782410383843,9831.569583096894,9844.521572213576
forecast_1514,2025-03-05 02:00:00,7450.4075542068185,8482.997948330767,9021.471277022634
forecast_1515,2025-03-05 03:00:00,6950.417385778455,7751.707849054528,8046.462463060056
forecast_1516,2025-03-05 04:00:00,5856.0941120356765,6914.4228763194615,7603.498341605635
forecast_1517,2025-03-05 05:00:00,5578.832434158745,6946.024871683751,6913.028915437456
forecast_1518,2025-03-05 06:00:00,5633.265272592168,6725.605081258949,6872.63452539639
forecast_1519,2025-03-05 07:00:00,5303.809388257154,6828.311272821622,6773.114994677
forecast_1520,2025-03-05 08:00:00,5406.997063369797,5948.789075139127,6757.1037193842485
forecast_1521,2025-03-05 09:00:00,5011.823943479109,4657.784645228025,6480.991759621189
forecast_1522,2025-03-05 10:00:00,3605.8163020725137,3325.5846179504774,5642.565707060167
forecast_1523,2025-03-05 11:00:00,3081.292808669045,2562.981263804172,4953.735825848806
forecast_1524,2025-03-05 12:00:00,2326.551632948278,2216.079636610002,4564.37938653969
forecast_1525,2025-03-05 13:00:00,2369.397207530952,2282.5848960367084,4524.015876237367
forecast_1526,2025-03-05 14:00:00,2254.256190664134,2158.0614466847237,4235.809805267211
forecast_1527,2025-03-05 15:00:00,2271.9579879464536,1896.6177063394216,3873.626963057902
forecast_1528,2025-03-05 16:00:00,2317.6378752310966,1906.6296442585017,3726.9412188385363
forecast_1529,2025-03-05 17:00:00,2429.307576003018,1945.1293905854945,3703.747461751874
forecast_1530,2025-03-05 18:00:00,2386.635352133455,1952.5791381886775,3495.582642823308
forecast_1531,2025-03-05 19:00:00,2439.7350539108766,1903.1874406121033,3524.886753907165
forecast_1532,2025-03-05 20:00:00,2574.4086941919822,2085.906016806829,3558.008834182202
forecast_1533,2025-03-05 21:00:00,2887.819176182874,2280.6396712598917,3536.9461315063013
forecast_1534,2025-03-05 22:00:00,3026.9386676325403,2404.9468530629465,3493.333576018498
forecast_1535,2025-03-05 23:00:00,2906.29169457472,2302.977523283147,3450.856768903064
forecast_1536,2025-03-06 00:00:00,2820.6075868076528,2382.386004291434,3483.529970257066
forecast_1537,2025-03-06 01:00:00,2722.3756781574516,2480.946823216562,3282.1660141556363
forecast_1538,2025-03-06 02:00:00,2605.642405737106,2483.221842388605,3243.980393833178
forecast_1539,2025-03-06 03:00:00,2552.657185569141,2333.1339327625055,3227.4560902608723
forecast_1540,2025-03-06 04:00:00,2514.4473575057746,2251.280660624603,3215.7994781983402
forecast_1541,2025-03-06 05:00:00,2490.9687750912753,2326.460558432018,3201.6920841015635
forecast_1542,2025-03-06 06:00:00,2452.7787258972758,2210.5335481198263,3118.186567542564
forecast_1543,2025-03-06 07:00:00,2268.9064706699482,2117.9466310351245,3063.3567062138254
forecast_1544,2025-03-06 08:00:00,2121.602126386553,1924.2639311159237,2938.9842991532582
forecast_1545,2025-03-06 09:00:00,1990.0308732187514,1818.5661033184215,2868.8799206069784
forecast_1546,2025-03-06 10:00:00,1813.3652834898194,1893.9337017503995,2807.7649987319787
forecast_1547,2025-03-06 11:00:00,1367.0890129127865,1776.1273767096927,2920.7644518569787
forecast_1548,2025-03-06 12:00:00,1248.7577578440669,1685.0996043283458,2995.363201856979
forecast_1549,2025-03-06 13:00:00,1300.6718895944077,1769.3313716069551,3048.2349206069784
forecast_1550,2025-03-06 14:00:00,1160.9370433069453,1720.6192713575283,3104.6483016463294
forecast_1551,2025-03-06 15:00:00,1344.469804146458,1769.105464260033,3188.4706714107665
forecast_1552,2025-03-06 16:00:00,1601.103344383504,1694.6854554147185,3293.090882900647
forecast_1553,2025-03-06 17:00:00,1755.0678809455658,1694.609148382703,3329.4298194923676
forecast_1554,2025-03-06 18:00:00,1853.870482336778,1739.3605729444134,3301.423383451872
forecast_1555,2025-03-06 19:00:00,1841.5001285990156,1756.075809305139,3227.6950277602905
forecast_1556,2025-03-06 20:00:00,2054.0945892629097,1878.7222182860733,3262.360252566612
forecast_1557,2025-03-06 21:00:00,2033.9053634351421,1898.6456977333792,3282.3327717690495
forecast_1558,2025-03-06 22:00:00,2373.6074424942753,1931.4648430712114,3232.8632803973424
forecast_1559,2025-03-06 23:00:00,2489.266906408224,2002.5107747208513,3237.5929403352884
forecast_1560,2025-03-07 00:00:00,2214.914108754175,1808.272563650029,3252.081997690027
forecast_1561,2025-03-07 01:00:00,2330.0019174665204,1948.0550335016042,3294.596056179532
forecast_1562,2025-03-07 02:00:00,2406.4838012856917,1891.229092157815,3252.658152723913
forecast_1563,2025-03-07 03:00:00,2208.716096826023,1900.343778052732,3100.1044479033762
forecast_1564,2025-03-07 04:00:00,2112.5186430447748,1870.865690948057,3096.435456113965
forecast_1565,2025-03-07 05:00:00,2066.6794173461467,1790.8322247536653,3075.1423424819786
forecast_1566,2025-03-07 06:00:00,2196.5556401019167,1958.7350642994315,3068.920858106979
forecast_1567,2025-03-07 07:00:00,2122.150514064063,1818.6580966104611,3040.6397643569785
forecast_1568,2025-03-07 08:00:00,2067.7355086045736,1770.5766921703862,2938.5900768569786
forecast_1569,2025-03-07 09:00:00,1975.2203808322975,1656.896932339635,2822.9283581069785
forecast_1570,2025-03-07 10:00:00,1783.0373018120645,1647.925044453672,2696.6803893569786
forecast_1571,2025-03-07 11:00:00,1268.8046943816817,1811.1595092663238,2635.0149206069786
forecast_1572,2025-03-07 12:00:00,1100.4773813929296,1696.9092785128123,2699.8011936065927
forecast_1573,2025-03-07 13:00:00,1097.0608713663269,1730.6215072100013,2641.2090268382804
forecast_1574,2025-03-07 14:00:00,1119.1475499232201,1747.2810175812183,2650.5972179146897
forecast_1575,2025-03-07 15:00:00,1275.9009443624172,1559.2628314296771,2750.972654981979
forecast_1576,2025-03-07 16:00:00,1507.653065417553,1389.886074820086,2827.2258581069786
forecast_1577,2025-03-07 17:00:00,1630.647571088236,1459.8927539417482,2824.8455456069787
forecast_1578,2025-03-07 18:00:00,1812.7078255940432,1577.9725048937607,2905.8990936497676
forecast_1579,2025-03-07 19:00:00,1980.1704438061543,1629.7966818262876,2973.624963593113
forecast_1580,2025-03-07 20:00:00,2288.6518586191187,1954.0753862300717,3051.627227500336
forecast_1581,2025-03-07 21:00:00,2431.771399493584,2229.76732085787,3135.118070211791
forecast_1582,2025-03-07 22:00:00,2758.042302876095,2442.2010907753693,3351.5077666056904
forecast_1583,2025-03-07 23:00:00,3236.5452763803546,2968.630339346294,3522.9816973446436
forecast_1584,2025-03-08 00:00:00,3739.583726781352,3664.7272186841988,4018.9485774508703
forecast_1585,2025-03-08 01:00:00,4367.277697493424,4453.292163467204,4624.444091509918
forecast_1586,2025-03-08 02:00:00,4791.279362159094,5374.554430801741,5141.839976746318
forecast_1587,2025-03-08 03:00:00,5434.7875039168775,6037.073177329702,5637.913412854286
forecast_1588,2025-03-08 04:00:00,5897.419021508772,6080.881643923469,5906.2616618790325
forecast_1589,2025-03-08 05:00:00,6194.429653270907,7280.04660137788,6174.122080646845
forecast_1590,2025-03-08 06:00:00,6426.398035459075,7994.811873728135,6246.7968860375595
forecast_1591,2025-03-08 07:00:00,6362.576810082616,8286.108616016736,6016.446675785194
forecast_1592,2025-03-08 08:00:00,6333.111905894731,8568.01748943152,5592.630053382018
forecast_1593,2025-03-08 09:00:00,5556.798347660175,7697.448441490949,5707.4197164646075
forecast_1594,2025-03-08 10:00:00,4926.861253933973,6195.511861663884,6042.791430024345
forecast_1595,2025-03-08 11:00:00,4843.922314927423,6000.262458886007,6712.270266385552
forecast_1596,2025-03-08 12:00:00,4729.392382942671,6159.306604623303,6643.218121658832
forecast_1597,2025-03-08 13:00:00,5169.287312786684,6136.1761706648185,6890.9326296381405
forecast_1598,2025-03-08 14:00:00,5828.636089305525,6857.352488763183,7294.399127707236
forecast_1599,2025-03-08 15:00:00,6419.53348390242,7993.197335059892,7491.266517925092
forecast_1600,2025-03-08 16:00:00,7859.215563806906,8396.502214743594,8022.8683680218855
forecast_1601,2025-03-08 17:00:00,8477.446158570665,8020.404168614957,8085.223611743141
forecast_1602,2025-03-08 18:00:00,9223.25026916169,8591.714808503068,8269.29159835664
forecast_1603,2025-03-08 19:00:00,9607.999572258173,10138.132294779887,9191.512518180854
forecast_1604,2025-03-08 20:00:00,9952.052095626788,11149.623355358252,9378.40990084187
forecast_1605,2025-03-08 21:00:00,10445.46165164331,11474.084533447327,9262.086801151892
forecast_1606,2025-03-08 22:00:00,10403.635095181437,11872.056617500766,9199.723397612215
forecast_1607,2025-03-08 23:00:00,10027.639517392758,11850.598938260506,9513.883256259218
forecast_1608,2025-03-09 00:00:00,10103.551582974858,10900.06683461889,9190.123053495328
forecast_1609,2025-03-09 01:00:00,9258.514089415141,10330.938845316112,8693.923754909694
forecast_1610,2025-03-09 02:00:00,8034.861226087244,8889.258481980665,8666.06238703287
forecast_1611,2025-03-09 03:00:00,7670.937643439034,7911.685013134489,8002.236020569476
forecast_1612,2025-03-09 04:00:00,7005.57535962049,6214.525157273033,7170.183183491186
forecast_1613,2025-03-09 05:00:00,5990.012790778857,5171.343265308813,6125.291905266831
forecast_1614,2025-03-09 06:00:00,5100.909335043635,4140.461634195342,5390.272345595245
forecast_1615,2025-03-09 07:00:00,4858.90256520602,3428.81579819595,4934.628282813075
forecast_1616,2025-03-09 08:00:00,3527.5454794366506,2512.64535764676,3860.6397102185992
forecast_1617,2025-03-09 09:00:00,2259.7110398280047,1949.0355206142103,3206.332246154607
forecast_1618,2025-03-09 10:00:00,1271.217083829246,1916.9196740310663,2904.096945005092
forecast_1619,2025-03-09 11:00:00,992.7990774697173,1682.8618497643029,2710.450784647222
forecast_1620,2025-03-09 12:00:00,912.266137254539,1579.3113272485625,2591.1204658762954
forecast_1621,2025-03-09 13:00:00,947.3347372364442,1553.158992923979,2541.196248731979
forecast_1622,2025-03-09 14:00:00,1000.814073173944,1398.5235241739783,2605.0015612319785
forecast_1623,2025-03-09 15:00:00,1151.2435491777578,1398.9979935841538,2579.1896081069785
forecast_1624,2025-03-09 16:00:00,1269.5541795150684,1470.2281565062267,2592.1077561065927
forecast_1625,2025-03-09 17:00:00,1473.2451099299933,1503.815647484228,2663.2990612319786
forecast_1626,2025-03-09 18:00:00,1753.7653425587987,1608.1203153056404,2777.0442956069787
forecast_1627,2025-03-09 19:00:00,1882.6369184358318,1570.5851938368842,3024.6080429250937
forecast_1628,2025-03-09 20:00:00,1962.2701755658845,1697.540046781347,3160.041059389634
forecast_1629,2025-03-09 21:00:00,2276.75017710479,2087.3597381099316,3408.1503652877755
forecast_1630,2025-03-09 22:00:00,3178.775553817544,2933.313010235738,4342.354384134072
forecast_1631,2025-03-09 23:00:00,3974.1484507860705,3780.9717888992463,5115.369227552468
forecast_1632,2025-03-10 00:00:00,4833.162631373174,4150.905200304069,5835.384442441261
forecast_1633,2025-03-10 01:00:00,6275.616747958223,5533.010473252759,6792.25666998165
forecast_1634,2025-03-10 02:00:00,6975.790762704749,6301.11716611712,7761.225090936647
forecast_1635,2025-03-10 03:00:00,7456.4790810094855,7657.586501888134,7510.571801435289
forecast_1636,2025-03-10 04:00:00,7910.12773219261,8536.49762270273,7380.594736084965
forecast_1637,2025-03-10 05:00:00,7528.623418774509,7022.555224610015,7067.70153916732
forecast_1638,2025-03-10 06:00:00,7590.352219767096,6765.675826087284,6802.424330635184
forecast_1639,2025-03-10 07:00:00,7222.348739929353,6650.405378058203,6988.733884645328
forecast_1640,2025-03-10 08:00:00,6857.288414489691,6532.857698559793,6399.579662381417
forecast_1641,2025-03-10 09:00:00,6329.716435608132,7026.940672688892,5581.741298146745
forecast_1642,2025-03-10 10:00:00,3894.257008101068,5577.581328180414,4692.402923309421
forecast_1643,2025-03-10 11:00:00,3192.4211344954947,4147.045979716595,4135.71448693016
forecast_1644,2025-03-10 12:00:00,2950.360279918382,3808.834595029958,3932.688306444732
forecast_1645,2025-03-10 13:00:00,3089.4668784350606,3917.778173116988,3899.074029260745
forecast_1646,2025-03-10 14:00:00,3699.970117993617,4491.799164419804,4074.6964089184085
forecast_1647,2025-03-10 15:00:00,4211.722531433266,5519.80637640208,4408.3130993063105
forecast_1648,2025-03-10 16:00:00,5120.883782985715,5746.647193981642,4999.972044152029
forecast_1649,2025-03-10 17:00:00,5742.852759247682,6472.571689884619,6013.374054553196
forecast_1650,2025-03-10 18:00:00,6560.036201963243,7754.481597492671,6651.2119186087575
forecast_1651,2025-03-10 19:00:00,8093.630348882217,9571.41721571662,7687.628839428483
forecast_1652,2025-03-10 20:00:00,9047.692486711965,11110.03960076212,8962.637899103189
forecast_1653,2025-03-10 21:00:00,11009.926296322685,13978.472917997049,10527.0361745624
forecast_1654,2025-03-10 22:00:00,14020.563607913347,16798.82543979975,12490.58427193059
forecast_1655,2025-03-10 23:00:00,15643.150404700027,17528.982551820787,14012.50137962793
forecast_1656,2025-03-11 00:00:00,17325.775822873864,17523.23561137782,14958.729930128524
forecast_1657,2025-03-11 01:00:00,18370.58559465313,17709.91334272345,14811.673102526453
forecast_1658,2025-03-11 02:00:00,18722.16747632542,18074.959974417696,14856.59797659274
forecast_1659,2025-03-11 03:00:00,18534.070917501555,18543.99236251302,14876.864434747407
forecast_1660,2025-03-11 04:00:00,18599.282615150943,18464.142316222056,14436.637662284462
forecast_1661,2025-03-11 05:00:00,18039.842149790922,17782.736178242787,13479.036370036007
forecast_1662,2025-03-11 06:00:00,16464.414848345823,15939.37465062226,11892.873231944995
forecast_1663,2025-03-11 07:00:00,14482.462256099381,14480.430994700848,9937.446950833322
forecast_1664,2025-03-11 08:00:00,10172.50642645673,10722.265498623503,7934.165624807193
forecast_1665,2025-03-11 09:00:00,6514.895715904166,6472.191457042041,5795.488619480302
forecast_1666,2025-03-11 10:00:00,3920.445970038094,3989.6581382957957,4558.065501044903
forecast_1667,2025-03-11 11:00:00,2498.8428224026184,2721.912095625901,3646.259828971929
forecast_1668,2025-03-11 12:00:00,1888.7077436772106,2083.374253691126,3344.4425763130403
forecast_1669,2025-03-11 13:00:00,1859.7073773530246,2005.959419563028,3220.55528656033
forecast_1670,2025-03-11 14:00:00,1835.0429220527876,1890.7687523241038,3163.130107545838
forecast_1671,2025-03-11 15:00:00,1869.6023718075494,2029.7697401663354,3284.8928053896157
forecast_1672,2025-03-11 16:00:00,2050.2608454831343,2033.355275889111,3441.157872006989
forecast_1673,2025-03-11 17:00:00,2360.121554357893,2464.342204594951,3790.248675808889
forecast_1674,2025-03-11 18:00:00,3642.4239387912357,3820.0756689547156,5109.721607484503
forecast_1675,2025-03-11 19:00:00,5225.795152314715,6303.0646170026685,6698.1513765852
forecast_1676,2025-03-11 20:00:00,7014.4863213468925,9091.63228211301,7988.251732381805
forecast_1677,2025-03-11 21:00:00,10267.343711103533,11929.330635085116,9765.904237420713
forecast_1678,2025-03-11 22:00:00,12403.651641694141,14605.778328732133,10059.736439531662
forecast_1679,2025-03-11 23:00:00,14611.926455546745,14714.639664243721,11246.713053569289
forecast_1680,2025-03-12 00:00:00,16746.637691475415,16356.865094532943,12439.263653715876
forecast_1681,2025-03-12 01:00:00,17264.922696590904,17396.56043830855,13172.4596399977
forecast_1682,2025-03-12 02:00:00,16731.4521322378,17033.747550775166,12646.16704475358
forecast_1683,2025-03-12 03:00:00,15340.775430344958,16196.920809267605,12534.676287146347
forecast_1684,2025-03-12 04:00:00,15971.037582096724,16924.493154919575,12847.467194550427
forecast_1685,2025-03-12 05:00:00,17307.156742657116,17402.42371103027,13353.236299844437
forecast_1686,2025-03-12 06:00:00,17754.040134325212,17744.11153625052,14277.412885015681
forecast_1687,2025-03-12 07:00:00,18504.28341813264,18714.982642761395,15459.135225660626
forecast_1688,2025-03-12 08:00:00,18528.3684083303,19046.316266614784,16458.928049669947
forecast_1689,2025-03-12 09:00:00,18044.005739246346,19140.554891844542,17191.699692022084
forecast_1690,2025-03-12 10:00:00,17508.67147038572,18880.21154881662,17043.814831031003
forecast_1691,2025-03-12 11:00:00,16942.778428901376,18143.432003404432,16091.589836247294
forecast_1692,2025-03-12 12:00:00,17378.284276228253,17715.752271379693,15957.768237637338
forecast_1693,2025-03-12 13:00:00,17434.101491986425,17996.037139895885,16255.04567488216
forecast_1694,2025-03-12 14:00:00,17553.245007175257,17873.224625437146,16331.576960240971
forecast_1695,2025-03-12 15:00:00,17697.529683793855,18431.656777406068,16901.806085362477
forecast_1696,2025-03-12 16:00:00,17186.716212559968,18350.06586543699,17108.40497351714
forecast_1697,2025-03-12 17:00:00,17104.04289930222,18279.087688556127,16947.43029186166
forecast_1698,2025-03-12 18:00:00,16937.71520050227,18347.2281402129,16685.68895477182
forecast_1699,2025-03-12 19:00:00,16419.809419622557,17460.919268951373,16161.093933883825
forecast_1700,2025-03-12 20:00:00,15404.258659197742,17158.652883277682,14323.273316681818
forecast_1701,2025-03-12 21:00:00,14549.064262180178,16214.406235861694,14361.669796019458
forecast_1702,2025-03-12 22:00:00,13920.461639301393,14422.025004362826,12621.556892584433
forecast_1703,2025-03-12 23:00:00,13100.958051023952,13310.471333171372,12092.068831091508
forecast_1704,2025-03-13 00:00:00,12211.127405801151,12874.033601076673,12361.914281759866
forecast_1705,2025-03-13 01:00:00,12670.158405366055,13542.683374502893,10917.794505993461
forecast_1706,2025-03-13 02:00:00,12624.101831166066,13307.76324746789,11624.175231947296
forecast_1707,2025-03-13 03:00:00,12463.59951570018,12954.805160006188,10705.367492703415
forecast_1708,2025-03-13 04:00:00,11729.037275077295,12029.344697458628,10036.026733599665
forecast_1709,2025-03-13 05:00:00,10906.285799871333,11481.08091719091,9441.249935329392
forecast_1710,2025-03-13 06:00:00,9842.72474335651,12259.130908233541,9717.503728648564
forecast_1711,2025-03-13 07:00:00,9299.059959155338,12899.05468082756,9448.35231758563
forecast_1712,2025-03-13 08:00:00,8524.142425490423,10939.777061715584,7675.339052918913
forecast_1713,2025-03-13 09:00:00,7997.89875843956,8243.38303237233,6574.096581208211
forecast_1714,2025-03-13 10:00:00,6724.3724832350335,6440.767350628117,5802.361904816881
forecast_1715,2025-03-13 11:00:00,5590.243696637778,4945.274021707835,4990.165102095501
forecast_1716,2025-03-13 12:00:00,4706.996181472032,3618.7451661439322,4399.178272421725
forecast_1717,2025-03-13 13:00:00,3757.2793870324786,2986.98713778984,4056.3288472134345
forecast_1718,2025-03-13 14:00:00,2875.7658252130227,2301.114548544432,3583.736548846478
forecast_1719,2025-03-13 15:00:00,2332.848106734603,2148.67559998461,3194.233269054495
forecast_1720,2025-03-13 16:00:00,2181.0327646142423,1940.186896245039,3114.9205356116695
forecast_1721,2025-03-13 17:00:00,1977.830251955912,1934.5309473513862,3086.1976707681783
forecast_1722,2025-03-13 18:00:00,2237.789973692692,2090.2645669906333,3218.143825502248
forecast_1723,2025-03-13 19:00:00,2718.873600933113,2642.866505149179,3465.3814025326287
forecast_1724,2025-03-13 20:00:00,3209.4096306331594,3585.078987849693,3665.9044925563276
forecast_1725,2025-03-13 21:00:00,3992.8310432545336,4155.025229924162,3939.6489047548903
forecast_1726,2025-03-13 22:00:00,4596.7383762473855,4070.7290391358065,4542.7467271442
forecast_1727,2025-03-13 23:00:00,4770.751906532521,4152.129777452258,4633.052661005581
forecast_1728,2025-03-14 00:00:00,4493.94838313034,3999.8394746037247,4471.090918686309
forecast_1729,2025-03-14 01:00:00,3801.439151774865,3940.476971761473,4258.14157647935
forecast_1730,2025-03-14 02:00:00,3465.9880109162605,3912.0534976540057,3874.1843489272824
forecast_1731,2025-03-14 03:00:00,3278.646070487802,3639.071302691137,3474.7424254203383
forecast_1732,2025-03-14 04:00:00,3049.8462712304295,3637.3335473554944,3210.2281691853236
forecast_1733,2025-03-14 05:00:00,2550.9882091689897,2777.412295593538,3079.953075046628
forecast_1734,2025-03-14 06:00:00,2401.4167597024407,2610.1251504735146,3026.5337609627945
forecast_1735,2025-03-14 07:00:00,2390.652722322263,2487.760058210488,2922.897823257823
forecast_1736,2025-03-14 08:00:00,2376.9690050051013,2570.315862111158,2854.980209953928
forecast_1737,2025-03-14 09:00:00,2145.1671612801356,2714.5085392928504,2834.2793584947967
forecast_1738,2025-03-14 10:00:00,1815.3485676955597,2196.36899794298,2815.5099980936984
forecast_1739,2025-03-14 11:00:00,1801.0092941501562,2160.6047103337387,2898.6308065888975
forecast_1740,2025-03-14 12:00:00,1810.3699638353037,2174.267622060437,3027.5058792288146
forecast_1741,2025-03-14 13:00:00,2024.946825506534,2262.2942578768198,3043.810712154958
forecast_1742,2025-03-14 14:00:00,2184.302309807642,2373.4485327630364,3085.3155582783797
forecast_1743,2025-03-14 15:00:00,2224.6513499714574,2372.151684207486,3057.436404803843
forecast_1744,2025-03-14 16:00:00,2288.3550570504285,2139.2935924330704,3014.2526983515463
forecast_1745,2025-03-14 17:00:00,2247.60307957827,2156.783801663987,3011.223120155551
forecast_1746,2025-03-14 18:00:00,2325.6978693896335,2050.698136172782,3023.248023996916
forecast_1747,2025-03-14 19:00:00,2593.887779858592,2607.704977999727,3070.419269814119
forecast_1748,2025-03-14 20:00:00,2809.2716471065105,2821.1517315555766,3126.167343025625
forecast_1749,2025-03-14 21:00:00,3151.5864671035497,2839.855241354433,3174.942152907923
forecast_1750,2025-03-14 22:00:00,3647.298681124895,3348.353298990876,3384.9374784088923
forecast_1751,2025-03-14 23:00:00,4036.500872198572,3482.5471433365924,3850.892545009353
forecast_1752,2025-03-15 00:00:00,4471.686564246067,4047.62247618841,3925.1300483653067
forecast_1753,2025-03-15 01:00:00,5274.8298316737055,4515.836514711484,4256.947577076454
forecast_1754,2025-03-15 02:00:00,5920.443935220323,4910.177688568868,4494.492223277554
forecast_1755,2025-03-15 03:00:00,6128.709753131054,5448.721041807981,4722.215435928002
forecast_1756,2025-03-15 04:00:00,6341.0005403130945,5924.631742010257,4821.231876335692
forecast_1757,2025-03-15 05:00:00,6608.442039686962,6011.098887336849,5040.431851626087
forecast_1758,2025-03-15 06:00:00,6747.986011565656,6687.582439931228,5471.229972950191
forecast_1759,2025-03-15 07:00:00,6733.75292634868,6990.096928889561,5649.415759582665
forecast_1760,2025-03-15 08:00:00,6861.568650708726,7920.38811639273,5649.271447133417
forecast_1761,2025-03-15 09:00:00,6524.010008567582,8405.483767218702,5512.912920624787
forecast_1762,2025-03-15 10:00:00,5828.2381539864955,5973.347694300514,5294.941538877687
forecast_1763,2025-03-15 11:00:00,5331.935198920463,5825.68178933974,4864.818398513816
forecast_1764,2025-03-15 12:00:00,4375.766928330784,5482.090737761644,4457.026915575293
forecast_1765,2025-03-15 13:00:00,3845.1293330212197,4893.66515058671,4275.783949798873
forecast_1766,2025-03-15 14:00:00,3619.1456462482815,4663.060097489046,4248.412862114472
forecast_1767,2025-03-15 15:00:00,3277.149772882535,4184.878133651635,4219.382555168791
forecast_1768,2025-03-15 16:00:00,3242.3610175804793,3485.6582284065325,4256.80148069158
forecast_1769,2025-03-15 17:00:00,3304.317335640735,3130.1221229186876,4342.8451086485165
forecast_1770,2025-03-15 18:00:00,3408.932720087053,3213.960014564396,4403.735786315211
forecast_1771,2025-03-15 19:00:00,3941.3370837966004,3718.049749559263,4604.488048322088
forecast_1772,2025-03-15 20:00:00,4386.16089298215,3787.639563457182,4767.406609431129
forecast_1773,2025-03-15 21:00:00,3965.968389289968,3394.4002411676943,4623.528711593288
forecast_1774,2025-03-15 22:00:00,4066.793159988463,3414.387917483558,4473.580887482303
forecast_1775,2025-03-15 23:00:00,3687.8264385777675,3012.9162752813554,4182.393731005676
forecast_1776,2025-03-16 00:00:00,2936.650787627252,2579.6454109543965,3582.0658031645744
forecast_1777,2025-03-16 01:00:00,2664.7877763399324,2277.240085146381,3603.0045114881077
forecast_1778,2025-03-16 02:00:00,2247.9774749621893,1942.1761427200263,3312.775395531227
forecast_1779,2025-03-16 03:00:00,2129.7700686936005,1517.8416644137978,3133.456479006684
forecast_1780,2025-03-16 04:00:00,1958.5335079560164,1363.1941140109684,3005.7929793370613
forecast_1781,2025-03-16 05:00:00,1941.7416342898923,1364.0071324248684,2955.7834554684955
forecast_1782,2025-03-16 06:00:00,1976.8293380990235,1373.1065024609888,2911.954199636753
forecast_1783,2025-03-16 07:00:00,1964.606483058149,1377.5453532806678,2863.119300985309
forecast_1784,2025-03-16 08:00:00,1948.0086515277017,1361.0417843993,2870.341525232597
forecast_1785,2025-03-16 09:00:00,1980.0757401787541,1371.3069784579857,2879.5074206069785
forecast_1786,2025-03-16 10:00:00,1920.4049507970094,1465.756068401216,2925.2710143569784
forecast_1787,2025-03-16 11:00:00,1983.436264479622,1603.5001543203753,2954.470638100294
forecast_1788,2025-03-16 12:00:00,1979.2245164727774,1936.3699862314088,3075.512726819067
forecast_1789,2025-03-16 13:00:00,2254.02480963527,2528.567385537778,3356.5982545115435
forecast_1790,2025-03-16 14:00:00,3692.5407904376652,3809.1746829499693,3968.165698232899
forecast_1791,2025-03-16 15:00:00,5670.481483964028,6025.483346163205,5649.699050755147
forecast_1792,2025-03-16 16:00:00,6870.780499931315,6442.350133621376,6705.974081677533
forecast_1793,2025-03-16 17:00:00,7198.555184424807,6786.495857537741,7864.2166108044385
forecast_1794,2025-03-16 18:00:00,7746.67239035504,7353.948876728014,8609.468816748486
forecast_1795,2025-03-16 19:00:00,8492.58903863958,8446.748083437276,10294.889744640284
forecast_1796,2025-03-16 20:00:00,9188.867598994291,9298.562825469799,10926.62289311906
forecast_1797,2025-03-16 21:00:00,9776.747669500643,9825.83069836926,10115.217585090912
forecast_1798,2025-03-16 22:00:00,10009.023246529088,10275.061569721933,10190.194176445173
forecast_1799,2025-03-16 23:00:00,8925.904777037778,9625.712039817674,8693.981527004793
forecast_1800,2025-03-17 00:00:00,8468.240382816484,10099.373472503734,8527.056612376993
forecast_1801,2025-03-17 01:00:00,9026.435170997078,11090.992753249022,10184.855694331483
forecast_1802,2025-03-17 02:00:00,8628.900176259622,10608.538568498316,9654.704204788693
forecast_1803,2025-03-17 03:00:00,8540.094275275424,8957.263838875922,8420.926044068425
forecast_1804,2025-03-17 04:00:00,8100.63507239032,8674.996286570224,7358.978124105591
forecast_1805,2025-03-17 05:00:00,6825.896768067856,7023.830480435231,6739.434035158133
forecast_1806,2025-03-17 06:00:00,6066.335078677755,7714.130514130478,5894.729569350336
forecast_1807,2025-03-17 07:00:00,4922.412753021383,5899.878697850884,4717.156364901855
forecast_1808,2025-03-17 08:00:00,4194.681520338793,4714.172365710514,4241.249380061656
forecast_1809,2025-03-17 09:00:00,3828.1105258346024,4237.127377059725,3930.812255224737
forecast_1810,2025-03-17 10:00:00,3752.064796822341,4369.557077992358,3914.5086300275198
forecast_1811,2025-03-17 11:00:00,4258.557634458818,4972.203467353423,4851.293009524255
forecast_1812,2025-03-17 12:00:00,5702.736554280742,5912.475896685971,6168.463248161543
forecast_1813,2025-03-17 13:00:00,5904.969928273267,7480.222854318693,6648.417235919843
forecast_1814,2025-03-17 14:00:00,8003.4779378487065,8354.167113735353,7119.204228703077
forecast_1815,2025-03-17 15:00:00,8809.989063707999,8413.187660835927,7627.692979252087
forecast_1816,2025-03-17 16:00:00,9571.344377539379,8663.837322975773,7609.571199594843
forecast_1817,2025-03-17 17:00:00,10298.291580566452,8132.470591680263,7999.718898443887
forecast_1818,2025-03-17 18:00:00,10446.101345841871,8028.159146775526,8707.978621509114
forecast_1819,2025-03-17 19:00:00,10252.952626451672,9672.512273667313,9573.423073674126
forecast_1820,2025-03-17 20:00:00,10668.590748553881,12218.118570554103,9961.163426165313
forecast_1821,2025-03-17 21:00:00,10332.499004104991,12251.30914308874,10163.629378890395
forecast_1822,2025-03-17 22:00:00,10659.949369597496,12525.384583932691,10254.050373150509
forecast_1823,2025-03-17 23:00:00,9502.478763884581,11853.601076425462,9796.555257633227
forecast_1824,2025-03-18 00:00:00,8011.667101094029,9840.312961525437,7747.624691476918
forecast_1825,2025-03-18 01:00:00,7598.066487980354,8735.406859356644,6925.075651602052
forecast_1826,2025-03-18 02:00:00,6834.5815834081695,7400.627323480546,5942.450442484479
forecast_1827,2025-03-18 03:00:00,5878.355442553012,6315.521198199732,4612.470308773807
forecast_1828,2025-03-18 04:00:00,5072.323119267548,5287.04635962359,4171.599096109595
forecast_1829,2025-03-18 05:00:00,4290.1281605536715,4532.325270450039,3882.5126149098287
forecast_1830,2025-03-18 06:00:00,3243.949318489897,3563.4370927084456,3503.884885934254
forecast_1831,2025-03-18 07:00:00,2810.1654900840895,2994.4018162887087,3275.7524811668773
forecast_1832,2025-03-18 08:00:00,3034.95202577234,3219.156292543762,3363.1393103650576
forecast_1833,2025-03-18 09:00:00,2940.2377885889805,3256.7432805334647,3481.5144060749226
forecast_1834,2025-03-18 10:00:00,2552.7207382278593,2940.8779821580893,3546.510703167524
forecast_1835,2025-03-18 11:00:00,2533.8849082563847,2676.464142262792,3565.738730073375
forecast_1836,2025-03-18 12:00:00,2665.054727326202,2692.0622868383516,3789.6122086982377
forecast_1837,2025-03-18 13:00:00,4277.556565961769,3711.00649026145,4323.207543456823
forecast_1838,2025-03-18 14:00:00,5357.960374050377,4980.212567194817,5596.565509062636
forecast_1839,2025-03-18 15:00:00,5941.798669354332,7305.277220008022,6264.374432524873
forecast_1840,2025-03-18 16:00:00,7587.847974976321,9251.854547601515,7514.200140290244
forecast_1841,2025-03-18 17:00:00,9734.995933814838,12071.233121129124,8439.649148853976
forecast_1842,2025-03-18 18:00:00,10609.9420468828,13419.278982123193,8718.791002710772
forecast_1843,2025-03-18 19:00:00,10919.75309489149,12958.01064466887,9023.544790143122
forecast_1844,2025-03-18 20:00:00,9423.252873835141,11754.25564480191,8931.634281258563
forecast_1845,2025-03-18 21:00:00,6826.881362054795,8807.347840286868,7635.925510877294
forecast_1846,2025-03-18 22:00:00,5106.637433922349,5686.764765639538,6884.234304503972
forecast_1847,2025-03-18 23:00:00,4346.898137808526,4240.74861821893,6680.116495303212
forecast_1848,2025-03-19 00:00:00,4206.568971215893,3949.830150253724,5876.487744783218
forecast_1849,2025-03-19 01:00:00,3667.001414032822,3809.8905298652153,4878.209331608838
forecast_1850,2025-03-19 02:00:00,3584.310181915353,3628.5596567639354,4183.9597245163095
forecast_1851,2025-03-19 03:00:00,3402.888760308239,3468.096769857111,4068.1110561918995
forecast_1852,2025-03-19 04:00:00,3441.949732280579,3597.490882152937,4012.0519076083983
forecast_1853,2025-03-19 05:00:00,3530.0275985557737,4080.5770124186915,4030.327735352892
forecast_1854,2025-03-19 06:00:00,3938.2023711064276,4327.801457623251,4418.021838959652
forecast_1855,2025-03-19 07:00:00,5456.495253513777,5664.407564129682,5561.371628322934
forecast_1856,2025-03-19 08:00:00,6734.426905070973,6991.858943872123,6648.657756925919
forecast_1857,2025-03-19 09:00:00,7708.8105734532855,7046.607477540729,6621.843149839283
forecast_1858,2025-03-19 10:00:00,6901.372059075078,6126.749202565765,6993.466478884857
forecast_1859,2025-03-19 11:00:00,7058.244282733666,6306.564119531135,7351.816307784629
forecast_1860,2025-03-19 12:00:00,7704.202735417442,8182.253005322054,7528.560550360781
forecast_1861,2025-03-19 13:00:00,8702.649894529337,8544.400845966624,8265.853650877536
forecast_1862,2025-03-19 14:00:00,8999.991578664734,8355.70764931471,8609.428822956557
forecast_1863,2025-03-19 15:00:00,9970.172655230423,8860.846335303799,9097.563536681773
forecast_1864,2025-03-19 16:00:00,10981.238980027527,9104.03314442469,10490.036563799888
forecast_1865,2025-03-19 17:00:00,11418.511517701732,9578.108699806333,11391.577763482119
forecast_1866,2025-03-19 18:00:00,11957.115141288145,10074.076211430955,11563.363083823888
forecast_1867,2025-03-19 19:00:00,12431.014963532087,9863.685249131835,12816.135282534917
forecast_1868,2025-03-19 20:00:00,13007.817203446506,11199.983128322923,13698.984299436677
forecast_1869,2025-03-19 21:00:00,13988.06886583582,13527.244077786108,14359.287851125107
forecast_1870,2025-03-19 22:00:00,14877.846684554082,16106.031741173578,14771.709933210437
forecast_1871,2025-03-19 23:00:00,14895.056618483042,16856.95407428608,15060.7913468226
forecast_1872,2025-03-20 00:00:00,15586.106254623552,16990.771639293413,15251.421133078511
forecast_1873,2025-03-20 01:00:00,16136.68173407188,16966.12410735638,14555.569096307256
forecast_1874,2025-03-20 02:00:00,16267.194483979994,16838.907279105453,14457.323124035443
forecast_1875,2025-03-20 03:00:00,16474.4255395135,16821.822038959228,14841.94806530327
forecast_1876,2025-03-20 04:00:00,16541.218993589,16928.047358602445,15555.211972193418
forecast_1877,2025-03-20 05:00:00,17115.573171711832,17856.613148087068,16446.83817509828
forecast_1878,2025-03-20 06:00:00,17533.44855713649,18633.74040332709,17154.426095987987
forecast_1879,2025-03-20 07:00:00,17886.363243066757,18910.52475513214,17132.18157811432
forecast_1880,2025-03-20 08:00:00,17381.251379209218,19095.200685656957,17411.914923137047
forecast_1881,2025-03-20 09:00:00,16431.06309441591,18952.586400952943,17411.214674015286
forecast_1882,2025-03-20 10:00:00,16535.87103289654,18630.759398129794,17012.48654295738
forecast_1883,2025-03-20 11:00:00,16353.683278054152,18183.92259961651,16444.420052305588
forecast_1884,2025-03-20 12:00:00,15895.023030807999,17843.42290105384,16155.116761722209
forecast_1885,2025-03-20 13:00:00,16072.176624252246,17964.69169126355,16026.67397801911
forecast_1886,2025-03-20 14:00:00,16116.726017048335,18483.926003623506,16282.185952011776
forecast_1887,2025-03-20 15:00:00,16965.48821804917,18336.27320455681,16053.6876805479
forecast_1888,2025-03-20 16:00:00,17652.185470709548,18244.55625728486,15974.851414363653
forecast_1889,2025-03-20 17:00:00,18056.137214084327,18478.52718304177,16757.484117813245
forecast_1890,2025-03-20 18:00:00,18425.997571786083,18864.74778878841,17270.23030942076
forecast_1891,2025-03-20 19:00:00,18169.182384085892,19068.958595827276,17671.848773963826
forecast_1892,2025-03-20 20:00:00,18434.215833671886,19092.823187266422,17838.358356590332
forecast_1893,2025-03-20 21:00:00,18578.648275464177,19201.60233053084,18108.917438093977
forecast_1894,2025-03-20 22:00:00,18248.442716069825,19353.164294596656,18210.67528193641
forecast_1895,2025-03-20 23:00:00,18035.98555377736,19301.99564162341,18252.386659385716
forecast_1896,2025-03-21 00:00:00,17403.69463275273,19159.552975267783,18104.193325577482
forecast_1897,2025-03-21 01:00:00,18393.5795444032,18830.511083796562,17769.438296375338
forecast_1898,2025-03-21 02:00:00,18306.157045262502,18796.84897619784,18172.888702243068
forecast_1899,2025-03-21 03:00:00,18284.887504026123,18949.416827640605,18285.675887292007
forecast_1900,2025-03-21 04:00:00,18486.467179801988,19032.642324405693,18370.55133697335
forecast_1901,2025-03-21 05:00:00,19032.22104560943,19025.72033346615,18427.639656490148
forecast_1902,2025-03-21 06:00:00,19284.22102890153,19063.213700576,18447.71020780643
forecast_1903,2025-03-21 07:00:00,19089.58658224072,18997.22200127179,18434.21455153864
forecast_1904,2025-03-21 08:00:00,19056.618806419694,19157.056870432676,18371.834110529137
forecast_1905,2025-03-21 09:00:00,18884.1616205933,19329.086916762328,18120.76539101956
forecast_1906,2025-03-21 10:00:00,18712.944316223526,19330.707191781414,17717.235201449275
forecast_1907,2025-03-21 11:00:00,18030.73307125922,19259.428655498723,17202.837211250317
forecast_1908,2025-03-21 12:00:00,17483.009426939087,18860.511076010444,16692.550954470487
forecast_1909,2025-03-21 13:00:00,17280.5617169614,18419.743715065437,16207.648190651704
forecast_1910,2025-03-21 14:00:00,17046.326901767097,18171.184753344427,15853.421980590785
forecast_1911,2025-03-21 15:00:00,16935.428827958855,17951.663451232052,15522.557210450534
forecast_1912,2025-03-21 16:00:00,17041.728205007214,18204.249364156116,15414.548875314504
forecast_1913,2025-03-21 17:00:00,16990.779498755117,18396.042371290892,16102.863744046903
forecast_1914,2025-03-21 18:00:00,17195.75699795062,18595.46425901413,16740.077788877737
forecast_1915,2025-03-21 19:00:00,17531.660365585172,18483.82575465752,17394.29502591732
forecast_1916,2025-03-21 20:00:00,17521.255172165547,18381.458780813842,17427.840084669755
forecast_1917,2025-03-21 21:00:00,17338.226163343454,18285.19706745741,17264.662041509022
forecast_1918,2025-03-21 22:00:00,17492.816504313778,18657.41832842002,17392.250489523452
forecast_1919,2025-03-21 23:00:00,18176.66457926714,19020.53998738531,17644.35155091511
forecast_1920,2025-03-22 00:00:00,18058.189181965772,19130.072953365736,17916.412638753638
forecast_1921,2025-03-22 01:00:00,18467.281834722362,19349.441781622703,18020.16089436272
forecast_1922,2025-03-22 02:00:00,18303.624698194883,19351.185180390115,18017.280536824193
forecast_1923,2025-03-22 03:00:00,18154.745463790496,19192.16185890082,17725.747628247656
forecast_1924,2025-03-22 04:00:00,18013.49950437659,18982.44166091758,17695.69191447999
forecast_1925,2025-03-22 05:00:00,17976.05428149638,18938.97791369261,17660.86836604326
forecast_1926,2025-03-22 06:00:00,18074.817155883975,19038.6338089371,17685.98463360508
forecast_1927,2025-03-22 07:00:00,18146.64548595654,19131.49535731853,17697.799586851823
forecast_1928,2025-03-22 08:00:00,18263.132270606686,19163.380459730855,17657.49032105909
forecast_1929,2025-03-22 09:00:00,17601.68675141294,19049.562878668596,17494.00497571296
forecast_1930,2025-03-22 10:00:00,17047.771955577384,18984.993653218284,17236.075641457825
forecast_1931,2025-03-22 11:00:00,16880.611912191627,18679.71663623148,16663.469090816892
forecast_1932,2025-03-22 12:00:00,16655.066845498583,18567.08302310049,16135.662120403646
forecast_1933,2025-03-22 13:00:00,16596.834794364586,18461.12996864012,15510.077933999008
forecast_1934,2025-03-22 14:00:00,16392.765311930532,18130.52626447415,15296.021345527959
forecast_1935,2025-03-22 15:00:00,16038.113604645234,17702.493407720656,15155.361754447695
forecast_1936,2025-03-22 16:00:00,15889.150042957317,17536.277038046617,15098.480412721696
forecast_1937,2025-03-22 17:00:00,15906.5398253514,17271.745761159244,15337.324834100633
forecast_1938,2025-03-22 18:00:00,16032.907582853553,17625.784532930047,15964.999935399836
forecast_1939,2025-03-22 19:00:00,15880.514224059814,17712.003378061017,16480.50540028793
forecast_1940,2025-03-22 20:00:00,15838.5489663835,17914.565211241625,16981.33792115065
forecast_1941,2025-03-22 21:00:00,16403.285926268964,18064.56748462488,17051.710008792663
forecast_1942,2025-03-22 22:00:00,17394.901528353625,18461.440241045955,17290.55004187761
forecast_1943,2025-03-22 23:00:00,17827.831939550786,18714.876240899754,17498.719728674387
forecast_1944,2025-03-23 00:00:00,17792.182808099486,18855.482363440195,17186.134360853746
forecast_1945,2025-03-23 01:00:00,16956.33931347841,18194.706166609165,16677.207985697685
forecast_1946,2025-03-23 02:00:00,16906.75647770963,18575.759283809595,16338.626711484372
forecast_1947,2025-03-23 03:00:00,16485.708514395737,18296.92557640931,16154.197537260974
forecast_1948,2025-03-23 04:00:00,15328.180515694956,17072.913030918644,14700.32939426972
forecast_1949,2025-03-23 05:00:00,12729.826835774424,14644.080110080424,12619.365108338454
forecast_1950,2025-03-23 06:00:00,10294.523882820515,11998.774796460486,10218.111631188003
forecast_1951,2025-03-23 07:00:00,8527.06810329498,9549.085649112134,8772.547469781965
forecast_1952,2025-03-23 08:00:00,6587.947205587095,7322.883174928595,6108.23611711337
forecast_1953,2025-03-23 09:00:00,4797.688593195261,4802.781499349685,3894.5042325500117
forecast_1954,2025-03-23 10:00:00,2970.5421735551836,2857.839413696791,3221.332193128578
forecast_1955,2025-03-23 11:00:00,2214.3450843130768,2143.4890190917076,2679.960767731594
forecast_1956,2025-03-23 12:00:00,2014.3279433276948,1879.3810534496351,2551.4516059042166
forecast_1957,2025-03-23 13:00:00,2043.6399000044848,1935.9485891508375,2590.367460235666
forecast_1958,2025-03-23 14:00:00,2198.4158763334744,2365.580229964009,2712.793790932233
forecast_1959,2025-03-23 15:00:00,2774.186989887676,3059.295185632176,2920.0047944604335
forecast_1960,2025-03-23 16:00:00,3485.528110460343,3471.6862949960355,3147.7019609315043
forecast_1961,2025-03-23 17:00:00,4028.20355087709,3747.760455857605,3589.0820154060443
forecast_1962,2025-03-23 18:00:00,4049.5284168217663,4170.917257646175,3588.9231786029914
forecast_1963,2025-03-23 19:00:00,5028.9782189809375,5413.971250957063,4565.965410804414
forecast_1964,2025-03-23 20:00:00,5505.11368906575,6491.846069590809,6191.142563607589
forecast_1965,2025-03-23 21:00:00,7152.853842282412,9337.247917966206,7512.170503379146
forecast_1966,2025-03-23 22:00:00,9590.060186212884,12946.049737873618,9502.817249663
forecast_1967,2025-03-23 23:00:00,10985.349900508358,14292.53781427238,10841.197768618647
forecast_1968,2025-03-24 00:00:00,11813.915791863525,15021.870690391092,11591.679099744102
forecast_1969,2025-03-24 01:00:00,11779.678516443102,15787.151149951591,11580.49866237558
forecast_1970,2025-03-24 02:00:00,11692.723527114867,16332.904141214418,11884.65777691943
forecast_1971,2025-03-24 03:00:00,12977.433836933931,16013.413597325209,12974.824408154484
forecast_1972,2025-03-24 04:00:00,12825.37283262522,15736.476713540043,12203.336821330591
forecast_1973,2025-03-24 05:00:00,12159.342177084909,15617.76454689712,11323.344017244548
forecast_1974,2025-03-24 06:00:00,12191.253555722185,15383.153822226988,13025.081157945908
forecast_1975,2025-03-24 07:00:00,11301.43548496627,14778.622302345284,12624.034909466363
forecast_1976,2025-03-24 08:00:00,12117.31969135422,15939.485130765454,12650.502984503342
forecast_1977,2025-03-24 09:00:00,12416.588301710079,16482.42943612595,12432.143908631828
forecast_1978,2025-03-24 10:00:00,12543.209121605192,15272.219676155806,12254.424357124613
forecast_1979,2025-03-24 11:00:00,12452.755435118986,15440.506679618371,12341.226586229419
forecast_1980,2025-03-24 12:00:00,13544.999128848556,15437.886664523758,13457.050816039913
forecast_1981,2025-03-24 13:00:00,13905.107117844813,15287.179986702475,13467.994606757376
forecast_1982,2025-03-24 14:00:00,13851.386396353513,14854.15332377397,12810.71562474217
forecast_1983,2025-03-24 15:00:00,13101.294184596125,14245.84826013897,11966.999386502033
forecast_1984,2025-03-24 16:00:00,12229.872103170754,13394.379407780829,11428.49603116316
forecast_1985,2025-03-24 17:00:00,12313.32776317553,12490.579693304982,11002.981111010336
forecast_1986,2025-03-24 18:00:00,13042.227371570945,12420.868077579598,11336.08099476798
forecast_1987,2025-03-24 19:00:00,13960.887359408665,12144.100308453333,12135.408540440887
forecast_1988,2025-03-24 20:00:00,14312.645975365318,14035.220225157787,13106.494557184986
forecast_1989,2025-03-24 21:00:00,15134.755877504005,15372.649799520776,13998.448839515539
forecast_1990,2025-03-24 22:00:00,16255.232910034381,16932.854579630613,15742.286285229096
forecast_1991,2025-03-24 23:00:00,17295.838857189898,18141.955047568717,16157.498198054625
forecast_1992,2025-03-25 00:00:00,17636.00631435737,18437.260504617334,16490.68604297149
forecast_1993,2025-03-25 01:00:00,17474.480671907746,18422.746900710863,16582.97740886132
forecast_1994,2025-03-25 02:00:00,16375.148449627446,17615.3846828468,15371.606157244209
forecast_1995,2025-03-25 03:00:00,13773.271769311737,15232.157766045959,12122.544318039803
forecast_1996,2025-03-25 04:00:00,11066.700371506216,13849.698595750742,11001.396464702146
forecast_1997,2025-03-25 05:00:00,9349.137441625822,11663.61812763226,9414.987009235243
forecast_1998,2025-03-25 06:00:00,8295.119953622034,10652.53374818097,8063.660973814446
forecast_1999,2025-03-25 07:00:00,7506.469399948997,11160.540867565709,7661.517335802517
forecast_2000,2025-03-25 08:00:00,7086.216182874558,10413.337926990966,7519.622510187923
forecast_2001,2025-03-25 09:00:00,7033.917081586106,9172.394532168515,7093.943676351834
forecast_2002,2025-03-25 10:00:00,6856.730078326532,7691.688404325391,7538.251516666154
forecast_2003,2025-03-25 11:00:00,7090.3365060630795,7880.545456647476,8118.519227696967
forecast_2004,2025-03-25 12:00:00,8419.069065809426,11223.248463469925,9677.438918734431
forecast_2005,2025-03-25 13:00:00,10675.028607510441,13897.913577751504,13288.412265607694
forecast_2006,2025-03-25 14:00:00,11635.316520734512,15636.630559344965,15165.029431455096
forecast_2007,2025-03-25 15:00:00,12733.299961346114,16427.01723076594,15916.841964652645
forecast_2008,2025-03-25 16:00:00,14103.187323260841,16715.76712059866,16762.067704695895
forecast_2009,2025-03-25 17:00:00,14924.354042138973,16936.516273340927,16793.037446120175
forecast_2010,2025-03-25 18:00:00,15570.412863282556,17336.155626211428,16480.38685825317
forecast_2011,2025-03-25 19:00:00,16387.1339949855,17368.55317378459,16765.543588088654
forecast_2012,2025-03-25 20:00:00,16502.29606720353,17521.46695048214,16495.78066113477
forecast_2013,2025-03-25 21:00:00,16939.292004266834,18324.93399527074,16896.23791243591
forecast_2014,2025-03-25 22:00:00,17576.944643072413,18644.738220283405,17613.594537488138
forecast_2015,2025-03-25 23:00:00,18005.908418216546,18841.088934753552,17789.809247921108
forecast_2016,2025-03-26 00:00:00,17937.389577965532,18693.895585114493,18023.71215541606
forecast_2017,2025-03-26 01:00:00,17308.761168093664,18250.331484780476,18143.80178989358
forecast_2018,2025-03-26 02:00:00,16556.917294841973,18067.954441892816,17563.497288945753
forecast_2019,2025-03-26 03:00:00,16400.929362736064,17078.920078281382,16271.074186329173
forecast_2020,2025-03-26 04:00:00,15890.97808901549,15965.888622286478,14000.16920361061
forecast_2021,2025-03-26 05:00:00,14348.540335970712,14244.739022760905,11392.727637577056
forecast_2022,2025-03-26 06:00:00,10935.015387408577,11122.85655594587,8605.828697104555
forecast_2023,2025-03-26 07:00:00,7317.579527793894,7077.010195377054,5997.489833312092
forecast_2024,2025-03-26 08:00:00,4851.182740855849,4282.766238912491,4343.18338368248
forecast_2025,2025-03-26 09:00:00,3419.282919143815,2715.1272484815927,3471.140166416005
forecast_2026,2025-03-26 10:00:00,2452.9137174088282,2358.8574357727666,2868.182875896708
forecast_2027,2025-03-26 11:00:00,2239.681387490241,2162.9101000487344,2680.963186659512
forecast_2028,2025-03-26 12:00:00,2187.077649108359,2089.7037149851867,2641.346700828374
forecast_2029,2025-03-26 13:00:00,2385.0732151249276,2228.398556296207,2736.2395626049583
forecast_2030,2025-03-26 14:00:00,2579.8200318154604,2470.854205366585,2929.010530433159
forecast_2031,2025-03-26 15:00:00,3089.0093248691364,3050.6340916200797,3077.472945098702
forecast_2032,2025-03-26 16:00:00,3349.6519148055463,3208.9355291924935,3164.7998892307264
forecast_2033,2025-03-26 17:00:00,3746.1088313989603,3357.864311580821,3285.8425917178206
forecast_2034,2025-03-26 18:00:00,4923.202508292656,4735.271139027458,3691.4445280859472
forecast_2035,2025-03-26 19:00:00,6520.133311216975,6750.060246133705,4936.16346165554
forecast_2036,2025-03-26 20:00:00,7623.560240313635,9494.5400822394,5604.9802113201295
forecast_2037,2025-03-26 21:00:00,9186.351317665938,14797.451178810748,6736.646995815163
forecast_2038,2025-03-26 22:00:00,11212.5758261543,16683.051631558425,8512.78138402648
forecast_2039,2025-03-26 23:00:00,12543.348940961048,17254.05142250055,10946.053717986766
forecast_2040,2025-03-27 00:00:00,13334.086683434207,17857.66509283945,13777.185111342267
forecast_2041,2025-03-27 01:00:00,13992.178819804245,18028.597659291907,14448.060316185798
forecast_2042,2025-03-27 02:00:00,15689.80173998309,18039.589631144714,15929.599643169848
forecast_2043,2025-03-27 03:00:00,16039.875378074492,18066.3313232498,16216.287582270368
forecast_2044,2025-03-27 04:00:00,16358.96901744114,18353.74709184662,16331.4947021045
forecast_2045,2025-03-27 05:00:00,16271.240265678607,18047.689627260203,14848.050372713577
forecast_2046,2025-03-27 06:00:00,14862.959825466747,16859.278766486903,12266.945891775082
forecast_2047,2025-03-27 07:00:00,13111.72929553156,16272.009771830468,12473.792018962795
forecast_2048,2025-03-27 08:00:00,12800.098365519114,16517.791687823177,12364.844732042995
forecast_2049,2025-03-27 09:00:00,11657.734158588719,16741.548589184622,11883.284496519587
forecast_2050,2025-03-27 10:00:00,10953.83835974372,16176.90404943957,10426.078892712158
forecast_2051,2025-03-27 11:00:00,10463.315521719898,15606.528503496429,11088.165726278108
forecast_2052,2025-03-27 12:00:00,9837.066136396046,14508.24168815701,10724.869493907598
forecast_2053,2025-03-27 13:00:00,9366.315998256501,11965.040783304417,9972.923316323071
forecast_2054,2025-03-27 14:00:00,9575.134895982033,11275.448896287744,9359.038921204368
forecast_2055,2025-03-27 15:00:00,9264.10088516128,11056.696645098313,8448.67671544089
forecast_2056,2025-03-27 16:00:00,8694.30979079201,10444.114606691423,7020.587073889859
forecast_2057,2025-03-27 17:00:00,8844.982103779534,11388.536415303535,7297.226851395366
forecast_2058,2025-03-27 18:00:00,9915.178820384785,12112.730729756224,7746.586022270074
forecast_2059,2025-03-27 19:00:00,10716.521590234957,12643.821192833173,7954.048927639207
forecast_2060,2025-03-27 20:00:00,11203.905889876283,11780.75726435788,8208.61750719225
forecast_2061,2025-03-27 21:00:00,10721.956531083082,11531.661786229779,8496.841746620476
forecast_2062,2025-03-27 22:00:00,9626.081927298299,10236.110095308424,8075.178737743574
forecast_2063,2025-03-27 23:00:00,8775.757435728761,9784.42201638399,7633.925449906401
forecast_2064,2025-03-28 00:00:00,7184.156143200709,7334.0828131039,7301.954797303266
forecast_2065,2025-03-28 01:00:00,5711.824749659898,6251.738843284681,4596.423105207156
forecast_2066,2025-03-28 02:00:00,4621.449417312714,4419.815447410183,3856.080018201898
forecast_2067,2025-03-28 03:00:00,4330.615916070343,3647.4497811400693,3481.84737663357
forecast_2068,2025-03-28 04:00:00,4528.112665219279,3858.098036727555,3491.47809532977
forecast_2069,2025-03-28 05:00:00,3134.3275610595792,3132.380814289706,3292.7186150109465
forecast_2070,2025-03-28 06:00:00,2378.4127014669575,2557.314188407171,2980.0907277797323
forecast_2071,2025-03-28 07:00:00,2226.9002704293516,2283.7458903339966,2902.840348985197
forecast_2072,2025-03-28 08:00:00,2084.6730356995613,2261.14012911435,2862.646515592996
forecast_2073,2025-03-28 09:00:00,1979.5820605363533,2163.487949408458,2916.2661877210962
forecast_2074,2025-03-28 10:00:00,2141.284655821385,2487.757295155445,3105.423627941673
forecast_2075,2025-03-28 11:00:00,2252.794761250543,2893.279876835257,3374.4155948598454
forecast_2076,2025-03-28 12:00:00,2229.35997215293,3227.415365597036,3164.1254860021936
forecast_2077,2025-03-28 13:00:00,2208.5428701544524,2809.2171828551227,3156.1617391555774
forecast_2078,2025-03-28 14:00:00,2088.6171621751364,2692.4471366678754,3153.710879295539
forecast_2079,2025-03-28 15:00:00,2242.203116190786,2504.914332608515,3012.6065901814145
forecast_2080,2025-03-28 16:00:00,2493.312286322199,2695.4998234344075,2921.755011990089
forecast_2081,2025-03-28 17:00:00,3002.269592050422,3746.837200778417,3049.563405048618
forecast_2082,2025-03-28 18:00:00,3907.0231183718256,3799.6831606947817,3327.04243633
forecast_2083,2025-03-28 19:00:00,5221.87969337969,4756.771985672657,3825.8287988133575
forecast_2084,2025-03-28 20:00:00,5334.33613296692,4967.425743155773,4421.942525639375
forecast_2085,2025-03-28 21:00:00,5199.182288443175,5445.712549193467,4773.284302006893
forecast_2086,2025-03-28 22:00:00,5156.129461194159,5765.394459956592,4545.394604173233
forecast_2087,2025-03-28 23:00:00,4809.048243770059,5290.559992358369,4350.48774993766
forecast_2088,2025-03-29 00:00:00,4704.379063052285,4771.649920948636,4335.475514323431
forecast_2089,2025-03-29 01:00:00,3783.5622385831552,3493.8585774790017,3199.643731919065
forecast_2090,2025-03-29 02:00:00,2648.6997400747186,2325.403547603054,3032.608558389125
forecast_2091,2025-03-29 03:00:00,2702.4386833213007,2270.8425863763296,3288.2008684677126
forecast_2092,2025-03-29 04:00:00,3581.923408808595,3338.1766638402737,3821.5329114007036
forecast_2093,2025-03-29 05:00:00,5916.989441167383,5798.235021156039,4519.934785743949
forecast_2094,2025-03-29 06:00:00,7048.946384847343,8735.658808533546,5256.725286742642
forecast_2095,2025-03-29 07:00:00,7890.567229277933,9671.678968708473,5793.080743316669
forecast_2096,2025-03-29 08:00:00,7282.507117823125,8672.832500549088,6476.079126594754
forecast_2097,2025-03-29 09:00:00,7098.506552107762,7964.527614672414,7276.507954411314
forecast_2098,2025-03-29 10:00:00,7428.356729381886,8249.240861578062,7771.625490220007
forecast_2099,2025-03-29 11:00:00,8551.053877006158,9738.23365021734,8916.136615903386
forecast_2100,2025-03-29 12:00:00,9688.699191569998,11457.631778961982,10272.262179071204
forecast_2101,2025-03-29 13:00:00,10145.848401817067,11593.759960242664,10181.880923039767
forecast_2102,2025-03-29 14:00:00,11061.532464580494,11778.252578235764,10429.10927716887
forecast_2103,2025-03-29 15:00:00,12208.70943715952,12148.408671040812,10231.013959207621
forecast_2104,2025-03-29 16:00:00,13009.799955753257,13359.740810778876,10594.597289773339
forecast_2105,2025-03-29 17:00:00,13320.434260230846,13127.471846453147,10026.591941595745
forecast_2106,2025-03-29 18:00:00,13434.460205509497,12721.786396077225,9630.96844473858
forecast_2107,2025-03-29 19:00:00,12969.29302202271,11995.683812849478,9407.648422019036
forecast_2108,2025-03-29 20:00:00,12710.912998944365,11345.70520821391,9084.910964194143
forecast_2109,2025-03-29 21:00:00,12504.866367889223,10894.030748334746,9071.839389839974
forecast_2110,2025-03-29 22:00:00,12368.584599227324,10590.98286306062,9024.486425575667
forecast_2111,2025-03-29 23:00:00,11663.404646956174,10104.319268369842,8559.116805650527
forecast_2112,2025-03-30 00:00:00,11710.197836130365,10345.140343571798,8852.925052950402
forecast_2113,2025-03-30 01:00:00,12325.662274283633,10935.700465379672,8891.871309324366
forecast_2114,2025-03-30 02:00:00,11758.95844257201,9907.432410223018,8128.202921916456
forecast_2115,2025-03-30 03:00:00,11152.8713851149,9215.179067152885,8074.077438035694
forecast_2116,2025-03-30 04:00:00,10551.557380884324,8339.560197170375,7698.378623932977
forecast_2117,2025-03-30 05:00:00,9941.949791859897,7434.413459945977,7386.470109068076
forecast_2118,2025-03-30 06:00:00,9994.019575408276,6784.618295592452,7052.8411718736925
forecast_2119,2025-03-30 07:00:00,10118.854839354743,6009.497801177391,7135.798224918823
forecast_2120,2025-03-30 08:00:00,10320.581121594525,6628.8446368322675,6506.640733430545
forecast_2121,2025-03-30 09:00:00,10745.630392769988,7338.585418132354,6614.399952592376
forecast_2122,2025-03-30 10:00:00,10347.175673097277,7785.491525962947,6760.100598410474
forecast_2123,2025-03-30 11:00:00,10230.709302767622,7901.197107879148,6879.75176266562
forecast_2124,2025-03-30 12:00:00,10191.880465250048,7821.305297646843,7045.649262312722
forecast_2125,2025-03-30 13:00:00,9949.214716408333,7213.078497418564,7891.202075139742
forecast_2126,2025-03-30 14:00:00,9628.473709246597,8471.702861675087,7905.025227362689
forecast_2127,2025-03-30 15:00:00,9358.981150357162,8273.817281719237,7141.081273641084
forecast_2128,2025-03-30 16:00:00,8387.274967960055,6518.388093619838,6481.24976111746
forecast_2129,2025-03-30 17:00:00,8053.775049547842,5976.828542642192,6498.6039923810185
forecast_2130,2025-03-30 18:00:00,7630.243209988973,5305.429825900302,6380.006021660982
forecast_2131,2025-03-30 19:00:00,7599.784453298454,5702.831745156156,6598.0028335585375
forecast_2132,2025-03-30 20:00:00,7274.415352165494,7589.753517350794,7041.305419585526
forecast_2133,2025-03-30 21:00:00,7925.281626713165,8310.931022285242,7242.4354308949205
forecast_2134,2025-03-30 22:00:00,8934.94175009789,8401.24019491373,8135.735663643507
forecast_2135,2025-03-30 23:00:00,9488.346605833154,8418.81364540113,8691.926495761509
forecast_2136,2025-03-31 00:00:00,11278.562286874356,10466.114095392737,9723.485762240585
forecast_2137,2025-03-31 01:00:00,13640.477192011596,12980.079516750351,13074.06892976787
forecast_2138,2025-03-31 02:00:00,14789.112218903047,15336.421475326668,14076.929353282787
forecast_2139,2025-03-31 03:00:00,14644.962017621046,15606.746283381573,14416.064575745575
forecast_2140,2025-03-31 04:00:00,14720.759308574976,16009.741991145296,14514.57266506679
forecast_2141,2025-03-31 05:00:00,14312.228571348405,14699.175554346457,12552.580757297676
forecast_2142,2025-03-31 06:00:00,13554.438163903764,13315.702145201298,12013.278634125145
forecast_2143,2025-03-31 07:00:00,11010.602560362095,12640.3831422804,9916.464033121685
forecast_2144,2025-03-31 08:00:00,8433.420333079415,9177.633812724316,7481.933009209504
forecast_2145,2025-03-31 09:00:00,6542.685023597528,6143.602236476105,6170.146803701389
forecast_2146,2025-03-31 10:00:00,4288.337992848174,4157.4997147021,5071.616686067397
forecast_2147,2025-03-31 11:00:00,3581.1305180020554,3272.8424449769577,4464.168829777
forecast_2148,2025-03-31 12:00:00,3758.270894739746,3377.2852704802126,4469.4708973631705
forecast_2149,2025-03-31 13:00:00,4175.857069529163,3919.4227382210142,4621.005495292968
forecast_2150,2025-03-31 14:00:00,4605.031323658062,4895.713231028834,4589.333637383547
forecast_2151,2025-03-31 15:00:00,4668.166975684133,5346.273474045265,4554.634547450707
forecast_2152,2025-03-31 16:00:00,4711.181692645874,5522.265103669796,4717.121712885801
forecast_2153,2025-03-31 17:00:00,5067.687656887169,5620.616065612772,5574.056439724532
forecast_2154,2025-03-31 18:00:00,5927.704280584556,5940.412837935609,6073.213868628323
forecast_2155,2025-03-31 19:00:00,6537.756427636916,7151.892032371298,7152.334982485888
forecast_2156,2025-03-31 20:00:00,7327.66596236731,8525.852671449942,7968.248584631539
forecast_2157,2025-03-31 21:00:00,8181.409253723665,10314.379632135704,8686.547581058509
forecast_2158,2025-03-31 22:00:00,10174.374613673162,12832.032012031395,9809.176501471151
forecast_2159,2025-03-31 23:00:00,11215.779061242549,12481.465276562107,11223.491185995976
forecast_2160,2025-04-01 00:00:00,11146.469691564675,11145.672536153108,10567.52445712365
forecast_2161,2025-04-01 01:00:00,9860.904707211186,10752.919884392975,9386.223412758938
forecast_2162,2025-04-01 02:00:00,8406.325127318774,7135.8195159047045,8581.317742801177
forecast_2163,2025-04-01 03:00:00,7452.189733885175,7320.6903015428,8207.674056640446
forecast_2164,2025-04-01 04:00:00,6674.604854652293,5697.000629740965,7609.3551057630775
forecast_2165,2025-04-01 05:00:00,5493.398566306176,4902.002016061097,7169.807767129152
forecast_2166,2025-04-01 06:00:00,4518.242841451856,4047.0723866043636,6246.114273633583
forecast_2167,2025-04-01 07:00:00,4083.8178501740695,3772.283892551825,5048.2907357047225
forecast_2168,2025-04-01 08:00:00,3016.2500454461774,2617.5936475607796,3815.925496463199
forecast_2169,2025-04-01 09:00:00,1966.875846933206,1963.1523225209885,3200.017580524263
forecast_2170,2025-04-01 10:00:00,1391.3852698646642,1714.2439051479087,2856.299824474585
forecast_2171,2025-04-01 11:00:00,1275.0224723892588,1635.741312203787,2671.596503501205
forecast_2172,2025-04-01 12:00:00,1216.9819965063061,1592.5048040002002,2591.948246151832
forecast_2173,2025-04-01 13:00:00,1172.564910703063,1567.4922349047547,2597.7569666417876
forecast_2174,2025-04-01 14:00:00,1150.5359833520188,1583.9555994006341,2656.887216466036
forecast_2175,2025-04-01 15:00:00,1284.8844187687064,1677.1046697747015,2721.5245502785897
forecast_2176,2025-04-01 16:00:00,1534.9592482880698,1649.075563227686,2842.5264770533013
forecast_2177,2025-04-01 17:00:00,1702.5776130369732,1715.5607027381848,2866.933223315626
forecast_2178,2025-04-01 18:00:00,1974.066437757524,1959.3605834315622,2905.2132454782873
forecast_2179,2025-04-01 19:00:00,2190.173540196076,2221.521020789168,2977.2690742265404
forecast_2180,2025-04-01 20:00:00,2390.260720476871,2539.458127525322,2990.216937411449
forecast_2181,2025-04-01 21:00:00,2610.3187138328703,2748.7042532390806,3045.257571760267
forecast_2182,2025-04-01 22:00:00,2855.225848484067,2831.692847368392,3070.1937391507477
forecast_2183,2025-04-01 23:00:00,2951.6653329246897,2888.605728304645,3073.2174700345395
forecast_2184,2025-04-02 00:00:00,2847.8297508583632,2762.1923420688527,3099.760232562319
forecast_2185,2025-04-02 01:00:00,2763.9262403239204,2459.003349985318,2967.7999873625445
forecast_2186,2025-04-02 02:00:00,2630.8884336442547,2092.279329748977,2949.629844021721
forecast_2187,2025-04-02 03:00:00,2295.855523298387,1968.581118220981,2903.811889297089
forecast_2188,2025-04-02 04:00:00,2121.80204331601,1901.2381806352314,2890.204208028102
forecast_2189,2025-04-02 05:00:00,2072.795414632278,1866.7872104021953,2859.2948342538702
forecast_2190,2025-04-02 06:00:00,2039.9590543625309,1708.8096473300175,2854.363831522222
forecast_2191,2025-04-02 07:00:00,1978.6978775984999,1906.0588050187416,2854.995367554009
forecast_2192,2025-04-02 08:00:00,1991.0957109217616,1882.7116401075473,2731.642951938116
forecast_2193,2025-04-02 09:00:00,1724.8895618556899,1743.7906509143404,2654.91660371411
forecast_2194,2025-04-02 10:00:00,1522.0350879532853,1790.5050331221682,2652.0595459081765
forecast_2195,2025-04-02 11:00:00,1536.8586292413556,1740.9439327917216,2800.5138813262347
forecast_2196,2025-04-02 12:00:00,1485.963123906391,1921.5300543743751,2798.970846757549
forecast_2197,2025-04-02 13:00:00,1593.2396434898565,2105.283234836632,2823.889118694137
forecast_2198,2025-04-02 14:00:00,1927.4029256014446,2574.54148383991,2932.1112542227884
forecast_2199,2025-04-02 15:00:00,2096.828627319105,2810.1886495897743,3006.5802869880413
forecast_2200,2025-04-02 16:00:00,2349.772821832329,2792.5532479745407,3150.6244078935497
forecast_2201,2025-04-02 17:00:00,2409.783521884946,2659.297327898171,3099.260493368726
forecast_2202,2025-04-02 18:00:00,2404.2135082662126,2427.9949947898567,3163.8792285568848
forecast_2203,2025-04-02 19:00:00,2609.161061650012,2428.5996095667088,3184.156421161121
forecast_2204,2025-04-02 20:00:00,2501.0423717356534,2207.9107048650058,3210.5551872078136
forecast_2205,2025-04-02 21:00:00,2222.554750398037,1778.4008220481446,3282.058128985217
forecast_2206,2025-04-02 22:00:00,2171.0610295038296,1772.468588771536,3512.9327975290653
forecast_2207,2025-04-02 23:00:00,2428.350856593731,2288.487693601075,3620.752055377632
forecast_2208,2025-04-03 00:00:00,2670.549865074207,2801.0677437744,3910.1119027466066
forecast_2209,2025-04-03 01:00:00,2880.2282121303324,3082.412440639345,3627.1548383948657
forecast_2210,2025-04-03 02:00:00,2702.0865256820216,2963.534118916117,3628.6918584806817
forecast_2211,2025-04-03 03:00:00,2628.6124142560107,2821.469515209432,3722.6775264538137
forecast_2212,2025-04-03 04:00:00,2584.11027938832,2596.316726036478,3714.4385711123487
forecast_2213,2025-04-03 05:00:00,2667.3018522192024,2586.801386225832,3697.8970464399017
forecast_2214,2025-04-03 06:00:00,2788.257147546598,2753.8687003750374,3713.5009668203816
forecast_2215,2025-04-03 07:00:00,2833.2252239035033,2922.394219115323,3915.7347866799073
forecast_2216,2025-04-03 08:00:00,2525.4464354911242,2685.81312424124,3843.855474412194
forecast_2217,2025-04-03 09:00:00,2176.7630771901668,2446.6242519656107,3400.3160797958376
forecast_2218,2025-04-03 10:00:00,1877.4047354413588,1934.5479178267378,3137.546562907529
forecast_2219,2025-04-03 11:00:00,1735.1814015603077,1889.5181211051113,2950.9324444445624
forecast_2220,2025-04-03 12:00:00,1699.8935433338493,1896.517288920144,2822.0718646719397
forecast_2221,2025-04-03 13:00:00,1667.751388665356,1782.227494612025,2778.9125852561942
forecast_2222,2025-04-03 14:00:00,1585.439798624333,1652.6565322306906,2829.088783216722
forecast_2223,2025-04-03 15:00:00,1622.9466037705333,1744.3994849151431,2848.091627990902
forecast_2224,2025-04-03 16:00:00,1724.7424309910512,1806.0042380968825,2832.435519309797
forecast_2225,2025-04-03 17:00:00,1825.349582867887,1852.780784522769,2871.832444877507
forecast_2226,2025-04-03 18:00:00,1932.9256196663673,1889.225169319834,2964.95018134491
forecast_2227,2025-04-03 19:00:00,2138.689517748069,2129.166143191016,3060.103716564183
forecast_2228,2025-04-03 20:00:00,2450.892126671848,2732.3408962753765,3225.125822762827
forecast_2229,2025-04-03 21:00:00,3041.398080583499,3650.2740380318623,3490.910975768304
forecast_2230,2025-04-03 22:00:00,3976.2750783078354,4313.115220376607,3880.8369317365277
forecast_2231,2025-04-03 23:00:00,4603.219772093273,4886.137009407295,4582.82205216401
forecast_2232,2025-04-04 00:00:00,5086.161510730746,5513.746830749813,5350.581312839969
forecast_2233,2025-04-04 01:00:00,6275.651852285682,6499.002558890956,6229.615269197517
forecast_2234,2025-04-04 02:00:00,7067.2450108422145,7535.960078121466,7259.057324366547
forecast_2235,2025-04-04 03:00:00,7812.461127266104,8738.604402359424,8162.983919683777
forecast_2236,2025-04-04 04:00:00,8849.58087605327,9557.149665724075,8447.19852761806
forecast_2237,2025-04-04 05:00:00,9109.747313993032,9881.463993895977,8549.39344430296
forecast_2238,2025-04-04 06:00:00,9242.685949564824,10058.997731526777,8422.442336551263
forecast_2239,2025-04-04 07:00:00,8923.5376135486,9358.220891368628,8102.753477410264
forecast_2240,2025-04-04 08:00:00,8134.388617088598,7988.398577709945,6615.341856726369
forecast_2241,2025-04-04 09:00:00,6018.514848020145,6594.375684421843,5147.582895387046
forecast_2242,2025-04-04 10:00:00,3656.1290458980216,4139.613449904556,3870.906568920561
forecast_2243,2025-04-04 11:00:00,2492.4274627889954,2438.009348217406,3332.429443113492
forecast_2244,2025-04-04 12:00:00,2173.997396484633,2298.89108433643,3144.0160317146615
forecast_2245,2025-04-04 13:00:00,1934.148265913892,2148.777934088571,3062.995132264302
forecast_2246,2025-04-04 14:00:00,1909.0032242485304,2162.0075888977826,2979.8843937889865
forecast_2247,2025-04-04 15:00:00,1990.2301273336825,2323.164492689486,3092.7522285010828
forecast_2248,2025-04-04 16:00:00,2367.678214864668,2685.2397532300038,3309.0132837292717
forecast_2249,2025-04-04 17:00:00,2646.897945666234,3202.8998598268145,3557.398682525027
forecast_2250,2025-04-04 18:00:00,3012.390951718248,3209.1876892870523,3826.835388636404
forecast_2251,2025-04-04 19:00:00,3602.6913762529434,3488.9821540503717,3731.9783381912994
forecast_2252,2025-04-04 20:00:00,4700.547321671348,4128.590344494747,4279.692667049606
forecast_2253,2025-04-04 21:00:00,4885.075184485125,4698.064275826566,4348.789210986955
forecast_2254,2025-04-04 22:00:00,5359.586610583996,5626.652155631212,4312.666885056593
forecast_2255,2025-04-04 23:00:00,5600.997697007198,6294.098818081267,5132.333117546688
forecast_2256,2025-04-05 00:00:00,6714.6383053305535,7458.843605051177,6403.045580463724
forecast_2257,2025-04-05 01:00:00,7670.562402389505,9217.391078122757,7200.46396750472
forecast_2258,2025-04-05 02:00:00,8311.45221096633,10334.346793840215,7513.1324168617075
forecast_2259,2025-04-05 03:00:00,8713.891967230384,11009.394393742956,7546.896589584969
forecast_2260,2025-04-05 04:00:00,9083.761764982271,11926.34917339822,7715.604709695459
forecast_2261,2025-04-05 05:00:00,8734.700256974102,10274.180220002774,7301.440430329261
forecast_2262,2025-04-05 06:00:00,8487.266473573669,8991.495546815324,7473.575012700743
forecast_2263,2025-04-05 07:00:00,7547.707535697905,8436.931866519975,6523.733699848242
forecast_2264,2025-04-05 08:00:00,6936.816600146444,7615.423798449819,5840.134283047634
forecast_2265,2025-04-05 09:00:00,6076.6095647885395,6799.399826464149,5691.505868930669
forecast_2266,2025-04-05 10:00:00,4667.363473203681,6149.789949256725,5418.279400656198
forecast_2267,2025-04-05 11:00:00,4578.887430392846,6450.309865839874,6181.502594531244
forecast_2268,2025-04-05 12:00:00,6269.400455521758,9968.512634956776,8157.585320463408
forecast_2269,2025-04-05 13:00:00,8824.147621325996,13123.086941356865,11369.20730886596
forecast_2270,2025-04-05 14:00:00,11687.067316602152,14294.760493819258,12706.078257136585
forecast_2271,2025-04-05 15:00:00,12922.378176851478,15527.667754364986,12875.169203345798
forecast_2272,2025-04-05 16:00:00,13922.61756647793,15717.073930688912,12961.809158157572
forecast_2273,2025-04-05 17:00:00,13322.686063056142,16085.821132224857,12737.888208890283
forecast_2274,2025-04-05 18:00:00,13116.704047253394,15995.313892377391,12811.705393667678
forecast_2275,2025-04-05 19:00:00,13256.581741039168,15072.153758347806,12315.01150829196
forecast_2276,2025-04-05 20:00:00,14113.391519949513,14668.134487088699,12851.520078482165
forecast_2277,2025-04-05 21:00:00,14222.84159385848,14525.802584917508,12891.01345862455
forecast_2278,2025-04-05 22:00:00,14471.709977110368,14436.253110361333,12791.444240024102
forecast_2279,2025-04-05 23:00:00,14752.620592587227,15232.326330228127,12720.398769324209
forecast_2280,2025-04-06 00:00:00,14633.05882885183,15515.77808389653,13010.877985478368
forecast_2281,2025-04-06 01:00:00,14362.253126071328,14736.381151858473,13392.61826581079
forecast_2282,2025-04-06 02:00:00,13989.74159641844,14058.732620502931,13682.025087381826
forecast_2283,2025-04-06 03:00:00,14981.148089305061,14951.249130966318,14720.08827795729
forecast_2284,2025-04-06 04:00:00,15066.890690175347,15976.278023466599,14743.476313500469
forecast_2285,2025-04-06 05:00:00,14978.04776183267,15586.771506896686,14781.660317302365
forecast_2286,2025-04-06 06:00:00,15062.529266093152,15721.508561049806,14730.977993041677
forecast_2287,2025-04-06 07:00:00,15237.89624525066,15510.087717711784,14471.070254744976
forecast_2288,2025-04-06 08:00:00,14755.590558109754,15165.141071249482,13636.373722467531
forecast_2289,2025-04-06 09:00:00,14439.751520044283,14558.175386240877,12108.124215349038
forecast_2290,2025-04-06 10:00:00,13846.722940318054,12743.82468302036,10840.484942022911
forecast_2291,2025-04-06 11:00:00,13480.971434626772,12606.812554905795,10540.179738439241
forecast_2292,2025-04-06 12:00:00,13293.899144239675,12288.353498947803,10343.242040618068
forecast_2293,2025-04-06 13:00:00,13150.684420521835,11796.952299920336,10561.43418547586
forecast_2294,2025-04-06 14:00:00,13137.05258837993,12076.824959691767,11128.631449026392
forecast_2295,2025-04-06 15:00:00,13099.181940110422,12462.060349166137,11079.53061326862
forecast_2296,2025-04-06 16:00:00,12838.660966727432,12065.324042701173,10193.824402523278
forecast_2297,2025-04-06 17:00:00,12759.939118672042,11387.567762236096,9912.935817390458
forecast_2298,2025-04-06 18:00:00,12458.40875560667,11236.61589046968,9704.031360472636
forecast_2299,2025-04-06 19:00:00,12289.276420249138,12007.073575164988,11530.126226886903
forecast_2300,2025-04-06 20:00:00,12546.957472068498,12595.778660158703,11942.236596773531
forecast_2301,2025-04-06 21:00:00,12807.651501047956,12832.66266455175,12386.252025586078
forecast_2302,2025-04-06 22:00:00,13413.357205072516,13878.624091235768,13002.821625984168
forecast_2303,2025-04-06 23:00:00,13774.022462367759,14493.841107150836,13818.331302579085
forecast_2304,2025-04-07 00:00:00,13357.075760333168,14601.127621435877,14180.865326193962
forecast_2305,2025-04-07 01:00:00,13061.376811496171,13661.010254624223,14362.156556021728
forecast_2306,2025-04-07 02:00:00,12992.965953939347,13180.173365302657,14063.828257642406
forecast_2307,2025-04-07 03:00:00,12878.778983120472,13095.578906127961,13830.478385746246
forecast_2308,2025-04-07 04:00:00,13378.206265899076,14301.991139448623,14503.182285836181
forecast_2309,2025-04-07 05:00:00,13583.434434190975,15038.389416602631,14854.905494526505
forecast_2310,2025-04-07 06:00:00,14427.100623192438,15454.18873323427,14950.752362729796
forecast_2311,2025-04-07 07:00:00,14623.23524374146,15460.712349634738,14572.267114593164
forecast_2312,2025-04-07 08:00:00,13802.92169554517,16108.806785183777,13605.64130297889
forecast_2313,2025-04-07 09:00:00,12173.474706837094,14498.221189750846,12713.9750507373
forecast_2314,2025-04-07 10:00:00,10138.07134431582,12677.645651032217,11258.133134030275
forecast_2315,2025-04-07 11:00:00,9498.873229841069,10335.015847372253,9672.147166592367
forecast_2316,2025-04-07 12:00:00,9347.058597410056,9176.462885060975,9220.375639065911
forecast_2317,2025-04-07 13:00:00,9819.32889111503,10254.103283217122,10177.18629285798
forecast_2318,2025-04-07 14:00:00,10705.64431371623,11158.965290331344,11207.210976677761
forecast_2319,2025-04-07 15:00:00,11904.638171076553,11990.907515814679,11637.277733683557
forecast_2320,2025-04-07 16:00:00,12736.487489739495,12953.78573932575,12919.903518025298
forecast_2321,2025-04-07 17:00:00,13554.785373799667,14124.65057008497,13838.284814987357
forecast_2322,2025-04-07 18:00:00,14016.798307093919,14975.083597303987,14680.702725448751
forecast_2323,2025-04-07 19:00:00,14359.27639908039,16071.80382876061,15250.474009690737
forecast_2324,2025-04-07 20:00:00,15113.553539395652,18104.42005138199,16812.50617919996
forecast_2325,2025-04-07 21:00:00,16399.73725310342,18682.120602867322,17545.460518574026
forecast_2326,2025-04-07 22:00:00,16947.858821105223,18869.34972741517,17946.199774094788
forecast_2327,2025-04-07 23:00:00,17202.099363899306,18949.35148338188,18440.859097631852
forecast_2328,2025-04-08 00:00:00,17922.381773880858,18948.410675691313,18599.763200987574
forecast_2329,2025-04-08 01:00:00,17857.04315348627,19010.79342215023,18358.00930719999
forecast_2330,2025-04-08 02:00:00,17929.94558657886,19108.76818401665,18322.23725672051
forecast_2331,2025-04-08 03:00:00,18286.208650084052,19062.331425358192,18248.98880879422
forecast_2332,2025-04-08 04:00:00,18591.81063230177,19125.02193108139,18227.071527138327
forecast_2333,2025-04-08 05:00:00,18696.137433172713,19063.515755848282,17905.8017207158
forecast_2334,2025-04-08 06:00:00,18174.069889352442,18736.943944723324,17621.324593686368
forecast_2335,2025-04-08 07:00:00,17305.25492488833,18719.72378353272,17184.36972321427
forecast_2336,2025-04-08 08:00:00,16378.059019956108,17937.76407880282,16210.854922474748
forecast_2337,2025-04-08 09:00:00,15762.847674835604,16529.196826047406,14030.235780276475
forecast_2338,2025-04-08 10:00:00,14294.662693309607,15137.229282329354,11504.275319644148
forecast_2339,2025-04-08 11:00:00,13790.259892352473,14618.674700435968,10621.146285134088
forecast_2340,2025-04-08 12:00:00,13345.931287269796,13815.40570127754,10120.359521252769
forecast_2341,2025-04-08 13:00:00,12691.91751416547,12530.056373626594,9220.994610282618
forecast_2342,2025-04-08 14:00:00,11806.79575407939,10858.791965281966,7730.398598936875
forecast_2343,2025-04-08 15:00:00,9782.593091923061,8184.324343299012,6273.162570500197
forecast_2344,2025-04-08 16:00:00,7284.592225422661,6000.3924617927705,4820.517699071157
forecast_2345,2025-04-08 17:00:00,4895.759048970951,4051.447609196878,3868.7144234349594
forecast_2346,2025-04-08 18:00:00,3427.581707445583,2917.2384989035554,3348.6075056066206
forecast_2347,2025-04-08 19:00:00,2618.875856158478,2509.685310607728,3064.38465062872
forecast_2348,2025-04-08 20:00:00,2322.9730047239473,2176.611188266009,2924.0187755142647
forecast_2349,2025-04-08 21:00:00,2174.591234089826,2035.5583824539963,2925.0440158302545
forecast_2350,2025-04-08 22:00:00,2252.4056982510047,2137.80302893494,2963.196500089521
forecast_2351,2025-04-08 23:00:00,2402.5005688698284,2226.2069985220933,2985.399917575858
forecast_2352,2025-04-09 00:00:00,2393.4845277513477,2226.3854321773206,3077.3600041063246
forecast_2353,2025-04-09 01:00:00,2452.9065286330697,2343.325204423869,3106.581822448113
forecast_2354,2025-04-09 02:00:00,2619.674481087498,2487.3144646604796,3132.86437074622
forecast_2355,2025-04-09 03:00:00,2751.946168875645,2549.643865228897,3146.2120602456207
forecast_2356,2025-04-09 04:00:00,2760.2734459939843,2641.4193224272376,3167.082271466665
forecast_2357,2025-04-09 05:00:00,2823.2652434749352,2863.1717750914577,3109.771963377087
forecast_2358,2025-04-09 06:00:00,2919.037521215589,2973.5129575782576,3133.5154338731772
forecast_2359,2025-04-09 07:00:00,2978.6552652993273,3035.330452405329,3226.205217205926
forecast_2360,2025-04-09 08:00:00,3067.3553417584644,3310.7529639758563,3160.586053783511
forecast_2361,2025-04-09 09:00:00,2747.5666794721187,3141.694905214284,3180.060748892256
forecast_2362,2025-04-09 10:00:00,2477.0433422840833,2710.5651840429255,3228.4373810349216
forecast_2363,2025-04-09 11:00:00,2701.6036920535403,2955.915660940711,3490.0621172932983
forecast_2364,2025-04-09 12:00:00,3451.4962380741053,3760.694330390917,4388.201838782637
forecast_2365,2025-04-09 13:00:00,3815.58344209989,4677.214529563147,4743.145062605356
forecast_2366,2025-04-09 14:00:00,3825.870888239925,5519.719501428421,5571.780841208689
forecast_2367,2025-04-09 15:00:00,4399.992540355794,5922.024773826558,6619.010809805341
forecast_2368,2025-04-09 16:00:00,5279.217789838773,5935.407030144068,6904.803883159484
forecast_2369,2025-04-09 17:00:00,5423.1026939325075,5845.971520230613,6833.631760889578
forecast_2370,2025-04-09 18:00:00,5629.118528621627,5438.4932561194055,6128.140910843623
forecast_2371,2025-04-09 19:00:00,5494.0531671874805,6758.43256550244,5691.640701875439
forecast_2372,2025-04-09 20:00:00,6153.059175030351,7457.767092954562,5683.947165112994
forecast_2373,2025-04-09 21:00:00,6066.352217016761,7447.597747234887,5540.73282959969
forecast_2374,2025-04-09 22:00:00,6338.744765387838,7688.429810896171,5531.0477260893085
forecast_2375,2025-04-09 23:00:00,6387.263020513105,7386.46145025707,5720.40210442222
forecast_2376,2025-04-10 00:00:00,6830.608657016724,7813.423807456624,6416.7795646023915
forecast_2377,2025-04-10 01:00:00,7707.316348553919,9088.424499375225,6869.819991681398
forecast_2378,2025-04-10 02:00:00,8449.77354793071,8917.609556777086,7154.933841351649
forecast_2379,2025-04-10 03:00:00,9260.940241022752,8605.873057281491,7523.267497822456
forecast_2380,2025-04-10 04:00:00,8516.110534242229,8027.056313289566,7362.508046587187
forecast_2381,2025-04-10 05:00:00,7536.091226846125,7417.7526127863475,6718.487543723984
forecast_2382,2025-04-10 06:00:00,6789.535269808394,6878.793320402497,6107.960021013155
forecast_2383,2025-04-10 07:00:00,5856.7427549151425,6263.214494790601,5551.90991369748
forecast_2384,2025-04-10 08:00:00,5575.930614691159,6321.101746788073,5207.647665491952
forecast_2385,2025-04-10 09:00:00,4741.157659937531,5621.359215189561,4644.203888725213
forecast_2386,2025-04-10 10:00:00,4652.279890673032,5157.327588208903,4746.283666691485
forecast_2387,2025-04-10 11:00:00,4177.615768081654,4700.70637718497,4458.354050013425
forecast_2388,2025-04-10 12:00:00,3575.578629981254,4161.001007442699,4156.100009874681
forecast_2389,2025-04-10 13:00:00,3251.5329287444333,3719.526016098078,3687.8907647010647
forecast_2390,2025-04-10 14:00:00,3315.2019216475574,3969.5324786101546,3673.364513556988
forecast_2391,2025-04-10 15:00:00,3491.6103750180555,4305.986347531851,3843.326428350315
forecast_2392,2025-04-10 16:00:00,3733.4708478781563,4143.16833018374,3534.7248504238455
forecast_2393,2025-04-10 17:00:00,3351.8205847815198,3554.9136180419227,3409.1514500022213
forecast_2394,2025-04-10 18:00:00,3135.474185370935,3415.9044513216277,3279.867800163219
forecast_2395,2025-04-10 19:00:00,3094.2063160971998,3229.779104258203,3313.590707666167
forecast_2396,2025-04-10 20:00:00,3086.454340534658,3122.4058578081813,3383.4271110557083
forecast_2397,2025-04-10 21:00:00,3305.2239516063223,3308.8372965007457,3477.8299336567466
forecast_2398,2025-04-10 22:00:00,3592.016702909688,3860.5688633180735,3754.865427596376
forecast_2399,2025-04-10 23:00:00,3710.784149126352,3988.0525820786015,3843.6945159893594
forecast_2400,2025-04-11 00:00:00,3347.516915273507,3872.378910665447,3821.200355302969
forecast_2401,2025-04-11 01:00:00,3195.1288604386436,3553.8882249947446,3740.176183537707
forecast_2402,2025-04-11 02:00:00,3191.016095975188,3666.398531448149,3772.308114781784
forecast_2403,2025-04-11 03:00:00,3127.323346467666,3778.4183678048444,3754.227440537832
forecast_2404,2025-04-11 04:00:00,2968.8074776474796,3660.6138802379783,3625.394762716983
forecast_2405,2025-04-11 05:00:00,2644.0590847739923,3058.905347956348,3571.851325504721
forecast_2406,2025-04-11 06:00:00,2257.9290300678913,2784.424887173983,3456.444582525474
forecast_2407,2025-04-11 07:00:00,2011.1032015124656,2353.6406742578247,3221.0229580386813
forecast_2408,2025-04-11 08:00:00,1759.254965948584,1986.7887390089209,2909.744792833162
forecast_2409,2025-04-11 09:00:00,1610.386885557261,1720.4268708271748,2688.285663958608
forecast_2410,2025-04-11 10:00:00,1397.5662842997262,1500.744829953659,2566.1873657401015
forecast_2411,2025-04-11 11:00:00,1277.869843702044,1395.85982615572,2547.68324268986
forecast_2412,2025-04-11 12:00:00,1280.9371122288667,1427.2259008469418,2542.4236768076116
forecast_2413,2025-04-11 13:00:00,1316.0739155524288,1431.77526961495,2574.7401953648045
forecast_2414,2025-04-11 14:00:00,1352.6927987111849,1446.1154035600548,2588.4164670118003
forecast_2415,2025-04-11 15:00:00,1479.8422248670968,1477.6262729509717,2655.2938861959246
forecast_2416,2025-04-11 16:00:00,1726.7976597009747,1644.9975537181408,2773.4461186915432
forecast_2417,2025-04-11 17:00:00,1969.012307522571,1823.5745669153048,2825.009880322538
forecast_2418,2025-04-11 18:00:00,2598.248405421433,1912.104739043778,2897.946419105688
forecast_2419,2025-04-11 19:00:00,3089.2341719143487,2701.6312041612255,3164.166971696168
forecast_2420,2025-04-11 20:00:00,3239.768571451391,3464.8260547378945,3477.4844449204065
forecast_2421,2025-04-11 21:00:00,4030.277796456912,3966.399541218902,3611.3936860331564
forecast_2422,2025-04-11 22:00:00,4913.2852358052605,4758.781244346188,4201.64112462326
forecast_2423,2025-04-11 23:00:00,4768.5736123456545,5008.166734089246,4304.839557046329
forecast_2424,2025-04-12 00:00:00,4731.1930790878105,4953.188108669512,4306.48873218781
forecast_2425,2025-04-12 01:00:00,4395.219142193875,5123.898068534212,4175.565273472695
forecast_2426,2025-04-12 02:00:00,4105.68120083862,5568.735302483312,3984.792200007515
forecast_2427,2025-04-12 03:00:00,4178.958422189231,5533.175648990217,4101.0353370254825
forecast_2428,2025-04-12 04:00:00,5114.851981678387,6097.7215072539475,4792.574655040644
forecast_2429,2025-04-12 05:00:00,5848.353417656377,5991.672793633077,4879.85257534491
forecast_2430,2025-04-12 06:00:00,5858.209245354307,6478.569621520338,5072.629604214789
forecast_2431,2025-04-12 07:00:00,6050.093295092789,7471.950170340629,5554.885243457144
forecast_2432,2025-04-12 08:00:00,6362.489843341268,9449.45859994982,6235.244078848297
forecast_2433,2025-04-12 09:00:00,6320.939432429124,10027.095957612897,7485.31841459355
forecast_2434,2025-04-12 10:00:00,5921.886737141909,9991.608625959632,7947.043506393047
forecast_2435,2025-04-12 11:00:00,6551.053063237867,9890.645199801533,8924.766122543657
forecast_2436,2025-04-12 12:00:00,7443.058104006951,10696.63256402304,9935.886660856337
forecast_2437,2025-04-12 13:00:00,9210.380264246072,11623.474353094865,10855.572177013215
forecast_2438,2025-04-12 14:00:00,9708.98685382019,12160.538430318273,10768.978174743956
forecast_2439,2025-04-12 15:00:00,9445.160878069495,11762.287124550785,10657.298109229727
forecast_2440,2025-04-12 16:00:00,9886.71500536182,12947.325477656977,10863.64584806225
forecast_2441,2025-04-12 17:00:00,10804.688589607991,14150.483177720016,11227.43735273127
forecast_2442,2025-04-12 18:00:00,12664.8298874886,13950.12847151718,12158.505871238536
forecast_2443,2025-04-12 19:00:00,14540.997383587437,14339.14943102077,13069.904407493272
forecast_2444,2025-04-12 20:00:00,15946.388498157488,15382.352529076641,14146.606456087618
forecast_2445,2025-04-12 21:00:00,16811.094551727656,16172.670943711502,14526.947171672204
forecast_2446,2025-04-12 22:00:00,17587.354036165696,16375.307967362427,14345.869930865872
forecast_2447,2025-04-12 23:00:00,17655.033480867838,16427.818554439782,14188.139155221299
forecast_2448,2025-04-13 00:00:00,17410.416772480676,16716.689301262515,14756.024074030753
forecast_2449,2025-04-13 01:00:00,17188.04840551162,16713.62030691646,13908.354476187462
forecast_2450,2025-04-13 02:00:00,16348.057819582162,17807.138218000422,13923.581572207237
forecast_2451,2025-04-13 03:00:00,17307.041747308573,18766.12427528697,15022.807665283766
forecast_2452,2025-04-13 04:00:00,17610.289329895088,19081.530748716406,15708.390705907022
forecast_2453,2025-04-13 05:00:00,17181.03791115993,18749.049541281285,15422.790565274074
forecast_2454,2025-04-13 06:00:00,17377.080762241563,18543.214041380787,15339.856136497656
forecast_2455,2025-04-13 07:00:00,17757.522980643236,18590.750992985464,15620.769917323
forecast_2456,2025-04-13 08:00:00,17621.849028825993,18710.32951040178,16086.547760864636
forecast_2457,2025-04-13 09:00:00,18013.345187417934,18608.881088613965,16445.924853346547
forecast_2458,2025-04-13 10:00:00,17245.402374359124,18331.32974402775,16093.914426291922
forecast_2459,2025-04-13 11:00:00,15203.161722314504,18089.541678799502,15830.145337506787
forecast_2460,2025-04-13 12:00:00,14580.080645022426,18009.830800346008,15767.103136589136
forecast_2461,2025-04-13 13:00:00,13962.963503130042,17892.4108226977,15739.839498386096
forecast_2462,2025-04-13 14:00:00,12989.480225630317,17464.284202979183,15587.7927833453
forecast_2463,2025-04-13 15:00:00,13431.434805831479,17649.81245040358,15362.56410299581
forecast_2464,2025-04-13 16:00:00,14029.580429469812,17763.525739868477,15453.867219786793
forecast_2465,2025-04-13 17:00:00,14891.433115491653,18193.003666124263,16050.679113809721
forecast_2466,2025-04-13 18:00:00,16573.27021811969,18554.313152712853,17019.98062419946
forecast_2467,2025-04-13 19:00:00,17544.737523383406,18566.273876450465,17587.097308502845
forecast_2468,2025-04-13 20:00:00,17546.68592877659,18831.485438158717,17552.124293259283
forecast_2469,2025-04-13 21:00:00,17349.43160134942,18620.836934091316,17189.106178376034
forecast_2470,2025-04-13 22:00:00,16396.901914544527,17954.237747388554,17132.465224631553
forecast_2471,2025-04-13 23:00:00,14930.839958060056,16477.581779241293,16195.235580333632
forecast_2472,2025-04-14 00:00:00,14084.46867495645,16093.973731978425,15437.317114347472
forecast_2473,2025-04-14 01:00:00,12865.641342414248,15427.950077670703,13878.576459059175
forecast_2474,2025-04-14 02:00:00,11286.613959898299,15312.232296480472,12561.876223991503
forecast_2475,2025-04-14 03:00:00,10655.416626646402,14914.822364834017,9616.453401213987
forecast_2476,2025-04-14 04:00:00,9525.186034625161,14133.110349820865,8319.519012402885
forecast_2477,2025-04-14 05:00:00,8025.678173597996,9916.315616692711,7853.214596058042
forecast_2478,2025-04-14 06:00:00,6564.911290807871,7776.902846229553,6081.077934382518
forecast_2479,2025-04-14 07:00:00,5464.758234375156,6293.657234851723,5356.2850362755835
forecast_2480,2025-04-14 08:00:00,4561.354862510053,4959.186832566101,5043.467513325891
forecast_2481,2025-04-14 09:00:00,4007.8180331900403,4714.5903351045545,4356.301586172989
forecast_2482,2025-04-14 10:00:00,3128.433727545035,4536.448241976199,3854.897730244227
forecast_2483,2025-04-14 11:00:00,3418.0721799094504,4595.682322151625,3820.884653797595
forecast_2484,2025-04-14 12:00:00,3238.7843197582233,4195.202187999945,3819.015987436216
forecast_2485,2025-04-14 13:00:00,3118.057634712405,3641.129036808861,3989.432603561154
forecast_2486,2025-04-14 14:00:00,2396.5868289309865,4006.4621162469934,3463.0270159828888
forecast_2487,2025-04-14 15:00:00,2197.0488737949754,2969.941744978384,3193.1267869253584
forecast_2488,2025-04-14 16:00:00,2099.520743678856,2589.5431317839993,3267.236386056431
forecast_2489,2025-04-14 17:00:00,1959.4452130434265,2626.9081152673125,3418.915217176134
forecast_2490,2025-04-14 18:00:00,2185.3607571325792,2866.6081442234145,3655.432159917932
forecast_2491,2025-04-14 19:00:00,2578.966557435767,3216.9732058966333,3762.480999578343
forecast_2492,2025-04-14 20:00:00,2902.8890516458414,3596.1135335260487,4104.449405413962
forecast_2493,2025-04-14 21:00:00,3146.399874683763,3790.058705413634,4461.275908990051
forecast_2494,2025-04-14 22:00:00,3738.239370835446,4418.399123185094,4660.914499416032
forecast_2495,2025-04-14 23:00:00,4726.081138333844,4471.826402368115,4672.517675532974
forecast_2496,2025-04-15 00:00:00,4969.135579364027,4961.789257979388,4845.002450463382
forecast_2497,2025-04-15 01:00:00,5623.42136473379,5406.108086613721,5459.0651798973795
forecast_2498,2025-04-15 02:00:00,6203.309500152626,5923.715269904696,5407.913796100257
forecast_2499,2025-04-15 03:00:00,6214.512103082665,6723.630594741306,5295.076484281222
forecast_2500,2025-04-15 04:00:00,5839.052842004758,7217.178064752027,5517.66125164692
forecast_2501,2025-04-15 05:00:00,6482.277004722745,7394.65581193589,5822.223771156807
forecast_2502,2025-04-15 06:00:00,7030.380035516573,8842.714691021318,6738.791855233575
forecast_2503,2025-04-15 07:00:00,7802.071208144097,9807.430541190823,7824.552459822098
forecast_2504,2025-04-15 08:00:00,7884.772093630409,10824.898432007187,7846.031618777684
forecast_2505,2025-04-15 09:00:00,7895.1980603449,10380.13542919884,8089.725668815369
forecast_2506,2025-04-15 10:00:00,7977.763481005637,10559.85181007348,8426.12752446763
forecast_2507,2025-04-15 11:00:00,7837.65638076475,10082.60444028174,8067.554945748465
forecast_2508,2025-04-15 12:00:00,7825.9469118167435,8901.74598291935,7600.779872942056
forecast_2509,2025-04-15 13:00:00,9253.602971626384,9207.363645854528,7877.377381167816
forecast_2510,2025-04-15 14:00:00,10622.671012869774,10345.791684317255,8706.594099633781
forecast_2511,2025-04-15 15:00:00,11385.756864497298,11005.536244819652,9114.125311259364
forecast_2512,2025-04-15 16:00:00,12176.46265523995,11066.977684392687,8875.932281667083
forecast_2513,2025-04-15 17:00:00,12652.923733843822,11114.449091825982,9615.787917850512
forecast_2514,2025-04-15 18:00:00,13418.226756117321,12330.562966571566,11016.883362719578
forecast_2515,2025-04-15 19:00:00,14174.973091016345,13785.456243994135,12303.632130926424
forecast_2516,2025-04-15 20:00:00,14545.097118413778,15202.54516100694,14632.440407055677
forecast_2517,2025-04-15 21:00:00,14485.688030262012,16141.76082692742,14919.150272981544
forecast_2518,2025-04-15 22:00:00,15108.191683927638,17013.183047755774,15836.600101944281
forecast_2519,2025-04-15 23:00:00,15439.690225571863,17646.945392959333,16717.075573536833
forecast_2520,2025-04-16 00:00:00,15097.656074448514,17855.89099318173,16622.67844085791
forecast_2521,2025-04-16 01:00:00,15299.198166184746,17937.231222805647,16127.35615479964
forecast_2522,2025-04-16 02:00:00,15657.351830609485,17735.627527513545,15796.207482070353
forecast_2523,2025-04-16 03:00:00,15084.956644403344,17508.916917103405,15138.949102399503
forecast_2524,2025-04-16 04:00:00,14430.781465490849,16937.311906509483,15132.250156823
forecast_2525,2025-04-16 05:00:00,14475.194411582004,16437.65797209336,15402.934082167383
forecast_2526,2025-04-16 06:00:00,14325.208523455305,16334.624429908563,15666.117396799917
forecast_2527,2025-04-16 07:00:00,13215.714788691552,16263.704626069262,13540.10537426937
forecast_2528,2025-04-16 08:00:00,12862.615893871818,15730.918944374727,13088.47226131102
forecast_2529,2025-04-16 09:00:00,11460.103584902237,13485.037322662924,12015.896662134712
forecast_2530,2025-04-16 10:00:00,10412.16566354943,11230.067035535405,10885.054050944495
forecast_2531,2025-04-16 11:00:00,10707.910993865231,9797.077015610423,10289.148479385418
forecast_2532,2025-04-16 12:00:00,11609.37018539606,10674.414183464985,10649.792813361264
forecast_2533,2025-04-16 13:00:00,12399.477811272587,12919.20269579648,11856.0489656504
forecast_2534,2025-04-16 14:00:00,13610.853361974521,15015.928125998973,12949.11852271594
forecast_2535,2025-04-16 15:00:00,14395.617034366518,16069.350726638339,14053.929109002362
forecast_2536,2025-04-16 16:00:00,14994.326193344354,16557.798899726422,14848.263832094057
forecast_2537,2025-04-16 17:00:00,15772.527704116274,17228.094885086713,16127.303372360246
forecast_2538,2025-04-16 18:00:00,16949.126562754976,18399.798260789037,16745.87611230966
forecast_2539,2025-04-16 19:00:00,17211.407000240924,18796.753580634628,17287.48821062432
forecast_2540,2025-04-16 20:00:00,17692.93167087739,18853.16779769699,17791.277328778495
forecast_2541,2025-04-16 21:00:00,17550.239883599817,18873.63916960893,17718.15181565999
forecast_2542,2025-04-16 22:00:00,17488.298907515724,18814.889092570913,17425.999530426216
forecast_2543,2025-04-16 23:00:00,17991.94708883302,19229.065748708494,17231.118222060424
forecast_2544,2025-04-17 00:00:00,17846.583620580564,18988.319997035644,17253.14709282051
forecast_2545,2025-04-17 01:00:00,17503.282919826004,18354.22100492725,16496.397231703257
forecast_2546,2025-04-17 02:00:00,16957.947314716137,18490.670362996687,16412.77377382351
forecast_2547,2025-04-17 03:00:00,16871.894386336182,18632.789335508045,16202.676948685676
forecast_2548,2025-04-17 04:00:00,16473.289280586385,18503.487092871568,15701.450050798081
forecast_2549,2025-04-17 05:00:00,16101.25716162625,17853.012494068356,15139.897400262096
forecast_2550,2025-04-17 06:00:00,15795.198773973305,17308.954220448642,13714.247082011529
forecast_2551,2025-04-17 07:00:00,14739.402081061698,16517.78851175289,14186.416655699275
forecast_2552,2025-04-17 08:00:00,14319.833380312273,15643.177162175969,14119.505270964488
forecast_2553,2025-04-17 09:00:00,12748.774147089229,13954.631521813062,11766.56470460441
forecast_2554,2025-04-17 10:00:00,10342.90612438546,12559.89247894995,10506.735020316559
forecast_2555,2025-04-17 11:00:00,9839.481930899332,11738.045555364246,10020.8133702704
forecast_2556,2025-04-17 12:00:00,9650.152930440949,11137.527308781799,9839.07776603056
forecast_2557,2025-04-17 13:00:00,9373.981929008964,11128.84076421354,10212.404440480364
forecast_2558,2025-04-17 14:00:00,9842.407926464542,12790.4906815404,11166.787498746417
forecast_2559,2025-04-17 15:00:00,10429.494692654964,12297.12241099072,11888.532461510797
forecast_2560,2025-04-17 16:00:00,10969.140403999118,12503.031586540004,12113.39256012328
forecast_2561,2025-04-17 17:00:00,11025.055272267471,12059.123697061994,12148.532753990501
forecast_2562,2025-04-17 18:00:00,10961.251681780614,12139.490471437026,12233.181922517215
forecast_2563,2025-04-17 19:00:00,12010.427010551262,13734.736698762905,12436.528926593448
forecast_2564,2025-04-17 20:00:00,12560.118375720422,15040.454070217413,12439.62211032035
forecast_2565,2025-04-17 21:00:00,13581.409923237345,16055.70821054011,13240.438038818225
forecast_2566,2025-04-17 22:00:00,14033.08154458574,17097.202976331915,14503.732419451524
forecast_2567,2025-04-17 23:00:00,14899.051843126697,17893.15287382104,15263.262029310448
forecast_2568,2025-04-18 00:00:00,16764.830574696556,18524.89974745141,16532.02702272557
forecast_2569,2025-04-18 01:00:00,17465.147377460184,18778.95442687047,15679.136007792353
forecast_2570,2025-04-18 02:00:00,17445.804469636685,18736.14615307154,16485.03996390946
forecast_2571,2025-04-18 03:00:00,17868.183874711896,18674.93192428451,16868.57760880045
forecast_2572,2025-04-18 04:00:00,18191.938466821583,18527.145983757713,16685.93652209834
forecast_2573,2025-04-18 05:00:00,17922.089385571624,18301.64533656036,16183.866779285301
forecast_2574,2025-04-18 06:00:00,17180.901166376505,17547.479777828543,14832.597317193733
forecast_2575,2025-04-18 07:00:00,16172.268473574353,16088.182010257762,13987.898731521418
forecast_2576,2025-04-18 08:00:00,14034.6002620403,14545.908999749718,12215.624559835343
forecast_2577,2025-04-18 09:00:00,12077.352277671689,12789.708889057138,9933.333183665016
forecast_2578,2025-04-18 10:00:00,10118.143852163335,10387.453159683626,9858.102665294091
forecast_2579,2025-04-18 11:00:00,9912.260563944714,11168.14529960858,9936.51480869027
forecast_2580,2025-04-18 12:00:00,10189.294652000657,11307.77681159056,9494.439673771878
forecast_2581,2025-04-18 13:00:00,9522.209825250437,9663.604623054376,8683.433984768239
forecast_2582,2025-04-18 14:00:00,9241.361836600261,8550.637593488038,8496.456312646798
forecast_2583,2025-04-18 15:00:00,8477.328108773658,7892.516013500564,8022.286418518039
forecast_2584,2025-04-18 16:00:00,7831.28286183275,7553.301356089468,7879.3994038225155
forecast_2585,2025-04-18 17:00:00,7845.0691595798435,7868.1638208073755,7869.137504784971
forecast_2586,2025-04-18 18:00:00,8723.49857924733,8705.178142742872,8297.01900781124
forecast_2587,2025-04-18 19:00:00,9751.090408808801,10928.56041535744,8873.96763562133
forecast_2588,2025-04-18 20:00:00,10638.447399226194,11805.949979134322,8995.59876877577
forecast_2589,2025-04-18 21:00:00,10741.115828265343,11219.509131622988,9232.224025914928
forecast_2590,2025-04-18 22:00:00,11474.147716896681,12826.959609091376,9807.031837797924
forecast_2591,2025-04-18 23:00:00,11091.19048840427,13634.887535396349,10292.493607554334
forecast_2592,2025-04-19 00:00:00,11458.720840982982,13901.541843600971,11289.571236258207
forecast_2593,2025-04-19 01:00:00,12629.236919327996,15528.752469774146,11290.412323073793
forecast_2594,2025-04-19 02:00:00,13156.062232329321,16390.973331934878,12198.903481660069
forecast_2595,2025-04-19 03:00:00,12948.000698033642,16511.026946607675,13125.45169150422
forecast_2596,2025-04-19 04:00:00,13397.440551070269,16971.27334523604,12616.078548326164
forecast_2597,2025-04-19 05:00:00,12728.169211649221,16123.955525294943,12395.163752967743
forecast_2598,2025-04-19 06:00:00,12017.31615594924,15401.51392754506,11917.715335856257
forecast_2599,2025-04-19 07:00:00,11224.791908155812,14175.27888433815,11927.075322852153
forecast_2600,2025-04-19 08:00:00,10865.513583765176,14144.317593745513,11802.805212388394
forecast_2601,2025-04-19 09:00:00,10951.191575537072,14381.175086203779,11728.713819185601
forecast_2602,2025-04-19 10:00:00,12043.408847003684,14855.216952232957,12013.491989761198
forecast_2603,2025-04-19 11:00:00,12112.412317642651,14938.963088653034,12894.841218447384
forecast_2604,2025-04-19 12:00:00,12169.449583470094,16974.199198539656,15162.901593621707
forecast_2605,2025-04-19 13:00:00,13538.217481814723,17689.298674256468,15669.996710383857
forecast_2606,2025-04-19 14:00:00,15583.489834293145,17996.830079043957,16014.762794895098
forecast_2607,2025-04-19 15:00:00,15882.568461737286,18444.093581961053,16435.33161922769
forecast_2608,2025-04-19 16:00:00,15904.403557360409,18394.3848632052,16910.95427531392
forecast_2609,2025-04-19 17:00:00,16303.088321601721,18311.9366961969,17426.09339835856
forecast_2610,2025-04-19 18:00:00,16923.641360539754,18621.395407011256,16936.234089952828
forecast_2611,2025-04-19 19:00:00,17555.753947347734,18117.488230673065,16721.60998850011
forecast_2612,2025-04-19 20:00:00,16700.800212763635,18153.76135398951,16217.047095665188
forecast_2613,2025-04-19 21:00:00,15998.821266479928,17223.92094390824,15564.389541427201
forecast_2614,2025-04-19 22:00:00,14798.589521506608,15059.938480747514,12797.450488055601
forecast_2615,2025-04-19 23:00:00,12693.273575872918,14016.927616798042,10603.948256680287
forecast_2616,2025-04-20 00:00:00,11278.780486645064,11823.944209186022,9798.17078155111
forecast_2617,2025-04-20 01:00:00,9162.850644142227,9866.990398508253,8606.380011853838
forecast_2618,2025-04-20 02:00:00,7867.737387431173,7666.914330526276,7362.813562341933
forecast_2619,2025-04-20 03:00:00,6308.913016908535,6403.597706112013,6098.611951976093
forecast_2620,2025-04-20 04:00:00,4753.005131419282,4434.750033235132,4642.54757970707
forecast_2621,2025-04-20 05:00:00,3631.681615248119,3110.36599436117,3653.478179717802
forecast_2622,2025-04-20 06:00:00,2884.4936023891464,2662.9735495923906,3168.7658748042127
forecast_2623,2025-04-20 07:00:00,2537.084104635118,2449.18112574503,2896.7998812311553
forecast_2624,2025-04-20 08:00:00,2262.1253134238686,2117.753759353607,2707.7639021979094
forecast_2625,2025-04-20 09:00:00,2123.1224816999656,1978.8185485698104,2691.9134084876428
forecast_2626,2025-04-20 10:00:00,1862.7651138477459,1778.5133137106968,2672.1631921039607
forecast_2627,2025-04-20 11:00:00,1791.6289420850426,1593.2787505010401,2719.587498685688
forecast_2628,2025-04-20 12:00:00,1734.9841244781082,1612.1217671554696,2678.502044362804
forecast_2629,2025-04-20 13:00:00,1656.7231289570464,1644.5413399238414,2631.97087543722
forecast_2630,2025-04-20 14:00:00,1623.9230190663293,1660.753050344957,2664.8610489019397
forecast_2631,2025-04-20 15:00:00,1658.942646316591,1661.8639053119878,2726.0602497263617
forecast_2632,2025-04-20 16:00:00,1694.894274319151,1645.2347455226045,2684.566283737663
forecast_2633,2025-04-20 17:00:00,1794.1949601846645,1659.8150348807503,2650.96093016754
forecast_2634,2025-04-20 18:00:00,1906.3462031955996,1600.2421065710341,2689.767106235355
forecast_2635,2025-04-20 19:00:00,2029.253176588255,1636.023439919989,2738.4746539438797
forecast_2636,2025-04-20 20:00:00,2092.611496296233,1680.0319568332607,2814.879258744582
forecast_2637,2025-04-20 21:00:00,2104.1349364019406,1782.6772196261454,2877.945498668228
forecast_2638,2025-04-20 22:00:00,2202.741140570145,1832.3459364021455,2946.956155222634
forecast_2639,2025-04-20 23:00:00,2113.458262057169,1905.711865775791,2952.9817277355946
forecast_2640,2025-04-21 00:00:00,1970.453288000902,1854.410748249912,2983.711623536659
forecast_2641,2025-04-21 01:00:00,2110.4176245169665,2081.4738588274386,2949.2999062350627
forecast_2642,2025-04-21 02:00:00,2232.658594926076,2003.5169552054876,2964.25174137542
forecast_2643,2025-04-21 03:00:00,2271.7001129940145,2169.2051587917667,3015.7994533306833
forecast_2644,2025-04-21 04:00:00,2507.920112502641,2162.897767014647,3035.454825775714
forecast_2645,2025-04-21 05:00:00,2806.907458268484,2409.3961104569535,3142.279088784096
forecast_2646,2025-04-21 06:00:00,3127.722439206224,2654.221920201908,3176.8204820039023
forecast_2647,2025-04-21 07:00:00,3303.2934596558584,3176.6322853892684,3171.3240856861967
forecast_2648,2025-04-21 08:00:00,3169.894681384339,3329.378584424542,3133.039612519426
forecast_2649,2025-04-21 09:00:00,2890.139696799656,3091.616451765603,3028.0951775661038
forecast_2650,2025-04-21 10:00:00,2471.6509759176224,2545.8428888372882,3001.66493741374
forecast_2651,2025-04-21 11:00:00,2336.5964872820214,2349.4114885096014,3058.8703633729124
forecast_2652,2025-04-21 12:00:00,2276.467760322248,2379.5240533803544,3116.712702951055
forecast_2653,2025-04-21 13:00:00,2313.372120374853,2451.0782352054302,3368.2944987391797
forecast_2654,2025-04-21 14:00:00,2472.4723349128835,2442.475453545235,3386.4281267670003
forecast_2655,2025-04-21 15:00:00,2610.419340436002,2296.474203262909,3419.015777306849
forecast_2656,2025-04-21 16:00:00,2805.1109424594283,2301.5585157418136,3326.8579667384565
forecast_2657,2025-04-21 17:00:00,2768.8867927650244,2319.308994145561,3456.8977886337625
forecast_2658,2025-04-21 18:00:00,3237.7378677262177,2871.9644130695433,3606.9039474767624
forecast_2659,2025-04-21 19:00:00,4251.172065280736,3942.019857419207,4335.388714629983
forecast_2660,2025-04-21 20:00:00,5666.181041273072,5491.218054358326,4769.3945006485455
forecast_2661,2025-04-21 21:00:00,5832.38797325716,6935.471501432849,5003.102038494555
forecast_2662,2025-04-21 22:00:00,6792.596952307334,8516.026409753671,5577.364244804364
forecast_2663,2025-04-21 23:00:00,7072.045276753977,9597.805644540724,5849.583826371062
forecast_2664,2025-04-22 00:00:00,6877.2480155348485,7859.055108163579,5991.5156984269015
forecast_2665,2025-04-22 01:00:00,7316.594397283354,7412.6318723466175,6534.663302998475
forecast_2666,2025-04-22 02:00:00,7468.972300855343,8317.421663904785,6866.539145095195
forecast_2667,2025-04-22 03:00:00,6989.511905004037,7567.4083913855775,6347.003388907519
forecast_2668,2025-04-22 04:00:00,6526.795139806836,7352.223046919087,5910.618566552863
forecast_2669,2025-04-22 05:00:00,5576.829895920724,7500.210970713201,5798.217789283829
forecast_2670,2025-04-22 06:00:00,4774.384198893998,6072.74480646778,5258.735747189219
forecast_2671,2025-04-22 07:00:00,4509.238008902628,5406.074736937973,5067.954957394254
forecast_2672,2025-04-22 08:00:00,5057.7085623635585,5762.601657092332,5410.328013756122
forecast_2673,2025-04-22 09:00:00,5405.873844349628,6612.725233032011,5970.792882204654
forecast_2674,2025-04-22 10:00:00,5643.772546553311,7528.661915628805,7007.980820397816
forecast_2675,2025-04-22 11:00:00,6459.023732988359,8480.890872643988,8240.90454503946
forecast_2676,2025-04-22 12:00:00,7249.108411131856,9679.69612005122,8475.131804725568
forecast_2677,2025-04-22 13:00:00,7398.1794656153725,8764.235104635374,7965.497620350772
forecast_2678,2025-04-22 14:00:00,7065.848408755431,7731.792080185916,6813.008729801866
forecast_2679,2025-04-22 15:00:00,6418.660059852849,7798.73337560164,5943.647814502431
forecast_2680,2025-04-22 16:00:00,5055.629722162105,7323.687166811602,4933.917028658122
forecast_2681,2025-04-22 17:00:00,3957.8318636918707,5114.070953011859,4412.5976818545605
forecast_2682,2025-04-22 18:00:00,3097.157223420187,3754.5995741244315,4048.2289527162848
forecast_2683,2025-04-22 19:00:00,3218.055494790941,3657.2454868283157,3631.897704450307
forecast_2684,2025-04-22 20:00:00,3881.946880613261,3782.322056829764,3902.4923515627715
forecast_2685,2025-04-22 21:00:00,4015.3067676562655,3782.445952010636,4334.339350795255
forecast_2686,2025-04-22 22:00:00,3889.5085948143437,3732.3076395778976,4391.504970001312
forecast_2687,2025-04-22 23:00:00,3955.2195371561306,3837.4818045160105,4534.571940729086
forecast_2688,2025-04-23 00:00:00,3997.288863165918,4085.5406588781693,4818.8204686743675
forecast_2689,2025-04-23 01:00:00,3830.454929797902,3855.6863337507048,4973.479602734922
forecast_2690,2025-04-23 02:00:00,3887.22827284087,4139.896490609824,5095.118149172689
forecast_2691,2025-04-23 03:00:00,4221.804997180267,4461.449297641413,5188.611735884626
forecast_2692,2025-04-23 04:00:00,4284.954724520832,4630.361812630864,5343.820031690769
forecast_2693,2025-04-23 05:00:00,4473.717854183389,4821.996046715747,5063.3862703505
forecast_2694,2025-04-23 06:00:00,4485.600010268192,4798.7169074097055,4860.444768758709
forecast_2695,2025-04-23 07:00:00,4369.640088475355,4521.224016879189,4571.936032522793
forecast_2696,2025-04-23 08:00:00,3557.948755829265,3894.5640065434277,3866.9588048047817
forecast_2697,2025-04-23 09:00:00,3064.642540490534,2940.1710329451225,3486.3787775399974
forecast_2698,2025-04-23 10:00:00,2343.6851349991603,2473.416964863379,3136.784376340261
forecast_2699,2025-04-23 11:00:00,2034.7699125097388,2254.668922151134,2907.7617887194842
forecast_2700,2025-04-23 12:00:00,1849.1334889197751,1957.63909085074,2737.2377423073576
forecast_2701,2025-04-23 13:00:00,1790.3751175027946,1732.0267170266843,2638.979825116484
forecast_2702,2025-04-23 14:00:00,1906.8988552884484,1771.5024483302477,2632.0363933116446
forecast_2703,2025-04-23 15:00:00,2045.1809654871968,2045.5316885529492,2628.363915070247
forecast_2704,2025-04-23 16:00:00,2279.621921882005,2162.628507063275,2689.113551724448
forecast_2705,2025-04-23 17:00:00,2712.2502815191197,2449.1533260952638,2845.7597097346943
forecast_2706,2025-04-23 18:00:00,3367.5741297303916,2863.7987799592593,3126.4506450125114
forecast_2707,2025-04-23 19:00:00,4538.399210141381,4059.8455848802632,4006.9745378374064
forecast_2708,2025-04-23 20:00:00,6503.676625090911,6049.809303527223,5293.920025549788
forecast_2709,2025-04-23 21:00:00,7709.063661159969,8773.512272650103,7127.652740639641
forecast_2710,2025-04-23 22:00:00,10254.573989107452,11963.17998854375,9456.255382310774
forecast_2711,2025-04-23 23:00:00,12831.530182554132,15216.478582682723,10996.480462928484
forecast_2712,2025-04-24 00:00:00,14182.893771335803,15952.329181393532,12525.393791963183
forecast_2713,2025-04-24 01:00:00,15242.896325753016,14738.141644586442,13388.932889856778
forecast_2714,2025-04-24 02:00:00,15642.009657669656,14734.386152506711,14552.84892048869
forecast_2715,2025-04-24 03:00:00,16095.479740647173,15260.188402596003,15121.118958237497
forecast_2716,2025-04-24 04:00:00,16880.76329095417,14995.345287559634,15423.610087618243
forecast_2717,2025-04-24 05:00:00,16413.903084969006,14970.29227868158,15217.06887255732
forecast_2718,2025-04-24 06:00:00,16762.42395527627,15881.983947863326,14592.839733427165
forecast_2719,2025-04-24 07:00:00,16211.923922543101,16691.61399586395,13008.883874575742
forecast_2720,2025-04-24 08:00:00,13558.083995254263,15928.527968282924,11742.388371101411
forecast_2721,2025-04-24 09:00:00,10743.280325535292,13698.730931570142,9842.707901391841
forecast_2722,2025-04-24 10:00:00,8591.352160652277,10977.256094253877,8954.863881370733
forecast_2723,2025-04-24 11:00:00,8535.483727762452,10422.057141473884,9414.319985675234
forecast_2724,2025-04-24 12:00:00,10018.32317711075,11467.131661721833,10168.991177338723
forecast_2725,2025-04-24 13:00:00,11240.165476039088,11979.335522425557,10971.694018369828
forecast_2726,2025-04-24 14:00:00,12722.922479390902,13398.613046616261,12032.734272606624
forecast_2727,2025-04-24 15:00:00,13843.397998777704,15072.343857877098,13265.091395916961
forecast_2728,2025-04-24 16:00:00,14389.134921295063,15828.409819805034,13733.241924351547
forecast_2729,2025-04-24 17:00:00,14405.66925600289,16126.65689461345,14190.85189167349
forecast_2730,2025-04-24 18:00:00,15564.10581503401,16882.135753574228,15410.55221068917
forecast_2731,2025-04-24 19:00:00,15841.008624143047,17316.570035602486,15720.764990552303
forecast_2732,2025-04-24 20:00:00,15656.821882605927,17314.09845926146,15630.698309458556
forecast_2733,2025-04-24 21:00:00,15570.016646069955,17025.029970706095,15163.20425814829
forecast_2734,2025-04-24 22:00:00,14980.259540285842,15603.36069328543,14063.428520022375
forecast_2735,2025-04-24 23:00:00,14581.319570085805,15090.889629485071,13568.85732532509
forecast_2736,2025-04-25 00:00:00,14388.433652017404,15161.767807036926,13202.974025938693
forecast_2737,2025-04-25 01:00:00,14165.40374005695,16067.09156381425,11875.973103247983
forecast_2738,2025-04-25 02:00:00,13615.856961261541,14904.670149861557,10350.576317141667
forecast_2739,2025-04-25 03:00:00,13212.848993306845,14432.436487429022,9821.174065572079
forecast_2740,2025-04-25 04:00:00,13290.260588457779,14146.281822867895,9630.414959481466
forecast_2741,2025-04-25 05:00:00,13652.360468309702,14534.65110370306,9970.005328738116
forecast_2742,2025-04-25 06:00:00,13524.661302341357,14496.49511591127,10148.590192092755
forecast_2743,2025-04-25 07:00:00,12950.408989681358,13741.186318872838,9618.765797033635
forecast_2744,2025-04-25 08:00:00,12677.974249221352,12774.07792679658,8746.541900549932
forecast_2745,2025-04-25 09:00:00,12633.001537112441,12724.385497382948,8711.94580572344
forecast_2746,2025-04-25 10:00:00,12490.567736947658,11796.782329152356,8437.406297433157
forecast_2747,2025-04-25 11:00:00,12420.452770496035,11815.659440453084,8296.607953635394
forecast_2748,2025-04-25 12:00:00,12348.545873736348,11453.619291692388,8113.615078066641
forecast_2749,2025-04-25 13:00:00,12503.713845047896,10951.372702908055,8036.622134037945
forecast_2750,2025-04-25 14:00:00,12098.286944709293,10622.228871245392,8214.275679904124
forecast_2751,2025-04-25 15:00:00,11958.716942385878,10440.654578549931,8433.175506695765
forecast_2752,2025-04-25 16:00:00,12023.287255211824,9869.358083670459,8040.819654129657
forecast_2753,2025-04-25 17:00:00,11971.70801818938,9462.340296908615,7811.526965288449
forecast_2754,2025-04-25 18:00:00,12140.230572875553,8817.935829223783,8148.932335154805
forecast_2755,2025-04-25 19:00:00,11951.314992934134,9288.97170784546,9043.493429129208
forecast_2756,2025-04-25 20:00:00,11682.77840659059,10119.189951776278,9507.832049418072
forecast_2757,2025-04-25 21:00:00,12215.415589877355,10430.634581578286,10508.658528393287
forecast_2758,2025-04-25 22:00:00,12554.4749089135,10529.175984443256,10581.42567214515
forecast_2759,2025-04-25 23:00:00,11792.902598265446,10295.226480575988,9834.586722949469
forecast_2760,2025-04-26 00:00:00,11240.614157675469,10835.670903852068,10222.91589522137
forecast_2761,2025-04-26 01:00:00,10981.027834696357,12706.352105346981,10217.751496353372
forecast_2762,2025-04-26 02:00:00,11253.52289583699,15085.587197598274,10236.994407178005
forecast_2763,2025-04-26 03:00:00,11747.488571104357,15457.669535476769,11439.515227552998
forecast_2764,2025-04-26 04:00:00,12589.690862440923,15401.284959348195,11587.375978393633
forecast_2765,2025-04-26 05:00:00,13388.593021837296,15809.370250963933,11625.98777820824
forecast_2766,2025-04-26 06:00:00,14063.30093908275,15717.888225028306,13088.023372663905
forecast_2767,2025-04-26 07:00:00,14481.594878094937,15102.906643809303,13344.34735799572
forecast_2768,2025-04-26 08:00:00,14936.377727296753,13757.002769230385,14543.602533324141
forecast_2769,2025-04-26 09:00:00,13253.870171915038,12907.82435352599,13880.072627633926
forecast_2770,2025-04-26 10:00:00,12548.787752869908,13052.51438110781,13033.433588818818
forecast_2771,2025-04-26 11:00:00,12794.446320811781,13362.882333045585,12700.062407581998
forecast_2772,2025-04-26 12:00:00,13852.144170258696,14106.229999804676,13393.546362269033
forecast_2773,2025-04-26 13:00:00,14097.054422288864,14613.26487353584,13386.161789841193
forecast_2774,2025-04-26 14:00:00,14355.226031466631,14904.113501744254,13172.184838347977
forecast_2775,2025-04-26 15:00:00,14954.909109957975,15844.563252640499,14103.236397833254
forecast_2776,2025-04-26 16:00:00,14969.2039971423,16586.25118432569,14327.008550903029
forecast_2777,2025-04-26 17:00:00,15503.257901082823,17172.689279065,15739.938558154736
forecast_2778,2025-04-26 18:00:00,15964.322861164477,17947.20806010583,16663.25377976946
forecast_2779,2025-04-26 19:00:00,16706.228586280282,18155.84588498157,17303.352131105745
forecast_2780,2025-04-26 20:00:00,16960.00161234082,18356.03561013849,17959.141712694112
forecast_2781,2025-04-26 21:00:00,17071.474848909595,18275.86756788775,18060.16050326414
forecast_2782,2025-04-26 22:00:00,17550.119771282232,18323.0572225026,18138.358642733678
forecast_2783,2025-04-26 23:00:00,18283.690606109474,18731.354568444473,18090.031916125085
forecast_2784,2025-04-27 00:00:00,18764.732963983704,18955.849266236342,18160.80371779396
forecast_2785,2025-04-27 01:00:00,19181.059038350857,18941.036008002004,18071.95475933222
forecast_2786,2025-04-27 02:00:00,18941.80094957473,19049.903306340133,18075.14685166505
forecast_2787,2025-04-27 03:00:00,18813.16279286608,19111.303662471015,18277.621882985695
forecast_2788,2025-04-27 04:00:00,18293.329039736356,18773.389612131105,18201.224912977515
forecast_2789,2025-04-27 05:00:00,17944.347625037055,18423.260990595067,17948.52401573004
forecast_2790,2025-04-27 06:00:00,18109.217750524444,18385.993192501348,17778.294971902276
forecast_2791,2025-04-27 07:00:00,17361.798572076437,17912.784445249956,17206.47609747956
forecast_2792,2025-04-27 08:00:00,16738.3268224063,17724.817826251536,16278.932658447193
forecast_2793,2025-04-27 09:00:00,15381.588523316896,17530.08030218015,15724.240522661454
forecast_2794,2025-04-27 10:00:00,13703.357991964298,16779.22847927333,14295.111093698248
forecast_2795,2025-04-27 11:00:00,13346.72523281007,16793.78119549897,13506.352630375735
forecast_2796,2025-04-27 12:00:00,14349.629591139097,17546.934883006033,14470.542723861
forecast_2797,2025-04-27 13:00:00,15035.139011254709,17980.497285953963,14547.69965308117
forecast_2798,2025-04-27 14:00:00,14511.385347339754,17852.288908996536,14578.965690074616
forecast_2799,2025-04-27 15:00:00,14080.583291621653,16771.820213315506,14208.039029040352
forecast_2800,2025-04-27 16:00:00,14063.060379500024,15742.266001148499,13540.886743392217
forecast_2801,2025-04-27 17:00:00,14130.15895705215,15792.01504221763,13199.345066664726
forecast_2802,2025-04-27 18:00:00,14451.983774017968,15478.523349774354,13848.259243184008
forecast_2803,2025-04-27 19:00:00,14656.215103855327,15854.047101151831,14113.48998662049
forecast_2804,2025-04-27 20:00:00,15030.549062488797,16874.670551494746,14417.074509543872
forecast_2805,2025-04-27 21:00:00,14828.94120305493,17305.904078895408,14189.107415807532
forecast_2806,2025-04-27 22:00:00,15840.316204158833,17805.945253141937,14477.479763076473
forecast_2807,2025-04-27 23:00:00,15508.111374715736,17284.763251716326,14487.042859756002
forecast_2808,2025-04-28 00:00:00,15568.16963880074,17279.88842313114,13871.793977159381
forecast_2809,2025-04-28 01:00:00,14539.43868954058,16916.278548677692,13836.040998051594
forecast_2810,2025-04-28 02:00:00,13749.924508183514,16474.293168666314,13755.924028577134
forecast_2811,2025-04-28 03:00:00,13279.71542649387,15111.406874147815,12544.631351523503
forecast_2812,2025-04-28 04:00:00,13481.990672335132,13923.747933306553,11520.007870870098
forecast_2813,2025-04-28 05:00:00,11962.881543007268,11021.641292426812,9795.231808511184
forecast_2814,2025-04-28 06:00:00,9815.245564204184,9367.010732266377,8851.590338026159
forecast_2815,2025-04-28 07:00:00,8634.662311858203,8689.890845533855,8106.809168942333
forecast_2816,2025-04-28 08:00:00,7508.830972370854,7946.438701240532,6309.755677305884
forecast_2817,2025-04-28 09:00:00,7024.424263855879,7375.9147341188955,5407.705028883994
forecast_2818,2025-04-28 10:00:00,7269.393065231596,6995.261561823828,5643.182759126615
forecast_2819,2025-04-28 11:00:00,8786.24941175871,7835.689401861851,6820.791752626736
forecast_2820,2025-04-28 12:00:00,10907.147682034232,9913.55176895798,8540.73831365136
forecast_2821,2025-04-28 13:00:00,11793.208376470086,10867.435085856981,8030.2324751278375
forecast_2822,2025-04-28 14:00:00,11959.424941990204,10632.932154227808,7466.489531057174
forecast_2823,2025-04-28 15:00:00,10957.792927947929,9622.392550922239,6417.539714241302
forecast_2824,2025-04-28 16:00:00,9395.806316790493,7386.914561393527,5532.84609746173
forecast_2825,2025-04-28 17:00:00,6983.02795341122,5657.786614151681,4916.644940410662
forecast_2826,2025-04-28 18:00:00,5253.764838914471,4772.046966393254,4389.059656336708
forecast_2827,2025-04-28 19:00:00,4672.01789329832,5122.674810405092,4306.0451776904165
forecast_2828,2025-04-28 20:00:00,5271.750826084175,5246.658656827181,4404.855735633863
forecast_2829,2025-04-28 21:00:00,5503.171166641201,5317.722646193148,4348.7054879104235
forecast_2830,2025-04-28 22:00:00,5988.543773367827,5885.419126433234,4369.395757480624
forecast_2831,2025-04-28 23:00:00,5803.851522728011,6439.242786313989,4331.054465819077
forecast_2832,2025-04-29 00:00:00,5066.727516038126,5644.54558009267,4331.682232959063
forecast_2833,2025-04-29 01:00:00,4216.9634147081015,4169.169504701469,3679.673658252811
forecast_2834,2025-04-29 02:00:00,3820.661210064959,3817.2033090908462,3563.7692326487063
forecast_2835,2025-04-29 03:00:00,3506.7740720083066,3824.1320455878263,3568.647069178711
forecast_2836,2025-04-29 04:00:00,3538.407978915298,3924.857740516681,3627.250981621825
forecast_2837,2025-04-29 05:00:00,4271.36614911013,4570.469537880748,4039.351356978368
forecast_2838,2025-04-29 06:00:00,5497.5071435305545,6045.332002766976,4658.656218036473
forecast_2839,2025-04-29 07:00:00,6566.785211653545,7222.3979102509265,5555.12127381523
forecast_2840,2025-04-29 08:00:00,6641.088607947849,7510.522343479452,5707.1965850237775
forecast_2841,2025-04-29 09:00:00,6538.243962508393,6993.622750540124,5984.972305025667
forecast_2842,2025-04-29 10:00:00,6595.979196064306,6304.799215841779,6194.341168570834
forecast_2843,2025-04-29 11:00:00,6886.835497318526,6214.9744868812295,6342.789976899606
forecast_2844,2025-04-29 12:00:00,7221.043148033474,6329.5900330414015,6727.700751337737
forecast_2845,2025-04-29 13:00:00,7651.4296171970855,6159.287028350672,7046.662688089822
forecast_2846,2025-04-29 14:00:00,7741.921022277341,6058.213012984918,6857.295371006573
forecast_2847,2025-04-29 15:00:00,8143.069821769879,5877.137519113232,7054.179089493688
forecast_2848,2025-04-29 16:00:00,8928.11141789177,6155.14178239727,7454.896692678898
forecast_2849,2025-04-29 17:00:00,8823.504171431094,6743.5956011187,7717.142260430421
forecast_2850,2025-04-29 18:00:00,9162.821367832326,7864.181610847283,8659.707148488276
forecast_2851,2025-04-29 19:00:00,10874.064241736458,10943.927863476372,10199.189288804413
forecast_2852,2025-04-29 20:00:00,12717.712998645815,13360.198225913766,13125.811547097092
forecast_2853,2025-04-29 21:00:00,13980.901322681497,15427.7141628483,14765.086086365358
forecast_2854,2025-04-29 22:00:00,16302.114972183292,17628.797533562767,16136.193937133019
forecast_2855,2025-04-29 23:00:00,17441.934464440325,18626.81813626182,17012.236022000256
forecast_2856,2025-04-30 00:00:00,17192.121203536943,18235.00852660107,17078.307340703414
forecast_2857,2025-04-30 01:00:00,18883.37878074605,18994.507235090776,17247.26503185932
forecast_2858,2025-04-30 02:00:00,18891.84140191136,19075.687849714774,17418.72167775044
forecast_2859,2025-04-30 03:00:00,18911.680747774823,18696.69488745067,17366.6832659624
forecast_2860,2025-04-30 04:00:00,18713.121384534796,18567.44727515157,17250.765333954878
forecast_2861,2025-04-30 05:00:00,18553.674156082478,18679.917301727524,16880.225548719714
forecast_2862,2025-04-30 06:00:00,18464.701122225604,18755.675926623535,16957.18711612974
forecast_2863,2025-04-30 07:00:00,17625.644246125583,18589.619940538818,16279.470900807843
forecast_2864,2025-04-30 08:00:00,16684.919343953326,18188.239305423336,15365.387194652987
forecast_2865,2025-04-30 09:00:00,14970.766199615868,17484.857534442384,14644.30410140309
forecast_2866,2025-04-30 10:00:00,13264.05382835243,15282.696147041535,13414.972984474178
forecast_2867,2025-04-30 11:00:00,12118.610942308096,14444.640598888427,12980.976471296806
forecast_2868,2025-04-30 12:00:00,11246.22444372627,14130.137483981276,12498.58287787222
forecast_2869,2025-04-30 13:00:00,10152.299227321106,12952.519031420059,11776.821139534462
forecast_2870,2025-04-30 14:00:00,9007.919712412118,12202.020392289605,10979.968682277588
forecast_2871,2025-04-30 15:00:00,7757.607983717733,11735.98969913619,10182.704985437944
forecast_2872,2025-04-30 16:00:00,6994.22507843994,11024.67975269246,9155.183569669112
forecast_2873,2025-04-30 17:00:00,6428.146204386411,10084.741283385327,7821.490902582003
forecast_2874,2025-04-30 18:00:00,6139.764343430815,7405.704319836015,6693.584335159334
forecast_2875,2025-04-30 19:00:00,6978.614823528316,7075.954270971838,6544.771469840693
forecast_2876,2025-04-30 20:00:00,6998.191811313682,7651.624951339884,6765.288811014936
forecast_2877,2025-04-30 21:00:00,7407.622713619903,8458.486599517111,7470.70941572613
forecast_2878,2025-04-30 22:00:00,9978.357616832345,10610.731082924314,8669.292477336296
forecast_2879,2025-04-30 23:00:00,11281.058342676388,12953.885403693628,10061.357028345696
forecast_2880,2025-05-01 00:00:00,12931.304676308599,14433.671202966498,10832.250551848352
forecast_2881,2025-05-01 01:00:00,13161.537495212491,13999.918952817497,11390.789755885018
forecast_2882,2025-05-01 02:00:00,13281.223013494531,14045.340559327713,12623.526937608554
forecast_2883,2025-05-01 03:00:00,13567.896418964967,14216.756806579653,13731.745770714051
forecast_2884,2025-05-01 04:00:00,15284.984328186161,15684.569626924298,14632.02664732781
forecast_2885,2025-05-01 05:00:00,16618.67633743244,16414.72621521438,15243.072704252481
forecast_2886,2025-05-01 06:00:00,16947.359428504766,16560.895126168565,16004.818151568506
forecast_2887,2025-05-01 07:00:00,16451.917480288408,16659.18485802022,15857.587789641388
forecast_2888,2025-05-01 08:00:00,15536.595354914727,16911.691440655995,16077.264912736933
forecast_2889,2025-05-01 09:00:00,15464.331288612626,17274.640372919184,15405.174000424744
forecast_2890,2025-05-01 10:00:00,15286.35678782676,17173.487859421562,16022.22941369292
forecast_2891,2025-05-01 11:00:00,14981.844872961421,17244.249646286153,16417.69744258981
forecast_2892,2025-05-01 12:00:00,14412.454062666322,17018.130991522143,16326.579282243682
forecast_2893,2025-05-01 13:00:00,15253.959541158445,16780.759181313304,16296.02895262784
forecast_2894,2025-05-01 14:00:00,15373.867315543914,16960.506844286938,15548.941815827136
forecast_2895,2025-05-01 15:00:00,14824.266577112585,16057.492283398962,15441.014063857012
forecast_2896,2025-05-01 16:00:00,14402.799274682002,15313.118574664739,15304.324089518694
forecast_2897,2025-05-01 17:00:00,13855.832425458773,16699.20224716868,14000.23240761504
forecast_2898,2025-05-01 18:00:00,12083.880368671926,15702.676708288705,12604.522087798605
forecast_2899,2025-05-01 19:00:00,12693.423915976586,15041.093570311437,12358.331173036437
forecast_2900,2025-05-01 20:00:00,12040.162520825366,15293.745104499954,12003.60258886587
forecast_2901,2025-05-01 21:00:00,12501.790730930727,15023.028095322701,11665.945040744233
forecast_2902,2025-05-01 22:00:00,14301.272312011319,15433.655611059276,11966.109765074452
forecast_2903,2025-05-01 23:00:00,15851.039522478812,16539.041098653375,13269.960333545165
forecast_2904,2025-05-02 00:00:00,16447.77693207587,17338.43050881852,14808.95205675254
forecast_2905,2025-05-02 01:00:00,16324.541270060156,17350.05265914107,15896.25205405576
forecast_2906,2025-05-02 02:00:00,15959.43541623692,17237.519641968775,15594.259888721703
forecast_2907,2025-05-02 03:00:00,14996.330225789625,16405.125497106874,15809.294668899103
forecast_2908,2025-05-02 04:00:00,15495.84488069683,15658.974186973763,15636.212760004135
forecast_2909,2025-05-02 05:00:00,15251.069157046237,15000.359054430988,14820.966966026543
forecast_2910,2025-05-02 06:00:00,15222.88382500675,14741.319568356454,15180.34537083895
forecast_2911,2025-05-02 07:00:00,14467.839534629944,15081.821888638593,14714.242072598696
forecast_2912,2025-05-02 08:00:00,14211.361603033523,15180.312752201147,12754.404396165013
forecast_2913,2025-05-02 09:00:00,13238.879941584531,14670.504621587968,11179.923684048234
forecast_2914,2025-05-02 10:00:00,12358.007433102119,13097.027715631208,10371.781311338356
forecast_2915,2025-05-02 11:00:00,11888.898683995705,11555.22058237484,8846.457771570804
forecast_2916,2025-05-02 12:00:00,11367.088468371545,10061.58323477548,7955.609712124136
forecast_2917,2025-05-02 13:00:00,10127.67474497456,8275.53343094432,7391.880002386677
forecast_2918,2025-05-02 14:00:00,9721.363209780902,7993.867619687779,6938.102989666438
forecast_2919,2025-05-02 15:00:00,8896.251178262632,7490.51014366658,6522.878557986224
forecast_2920,2025-05-02 16:00:00,8181.731156012669,7201.204761686208,6403.739633091058
forecast_2921,2025-05-02 17:00:00,7989.55310824912,7552.790152143796,6348.262024351599
forecast_2922,2025-05-02 18:00:00,8587.750582130007,7992.022926271367,6959.317749919436
forecast_2923,2025-05-02 19:00:00,9604.626860515775,10061.605477804023,8039.343932346895
forecast_2924,2025-05-02 20:00:00,9960.645827171871,10240.484156245373,8873.165614800684
forecast_2925,2025-05-02 21:00:00,10255.743976024805,9766.555284726886,9197.286692457174
forecast_2926,2025-05-02 22:00:00,10666.586124241367,10553.84276151692,9168.591504858476
forecast_2927,2025-05-02 23:00:00,11276.088421297707,11933.104018586686,8748.083436516681
forecast_2928,2025-05-03 00:00:00,11388.122337799778,12963.907502077578,9192.658840720735
forecast_2929,2025-05-03 01:00:00,12020.195627834895,12904.35846452668,10438.34505780062
forecast_2930,2025-05-03 02:00:00,11386.707889492214,12231.147863719907,10271.264544737982
forecast_2931,2025-05-03 03:00:00,10945.349262119862,10695.510696033523,9869.485943214295
forecast_2932,2025-05-03 04:00:00,9006.42822645844,9829.203207980685,8503.889627809638
forecast_2933,2025-05-03 05:00:00,7884.110605058565,8983.583356422796,7700.915918546063
forecast_2934,2025-05-03 06:00:00,6728.0966524841715,7922.866619783235,6505.986526757438
forecast_2935,2025-05-03 07:00:00,6445.306588707631,9230.101108325925,6031.957720778785
forecast_2936,2025-05-03 08:00:00,7378.483042268012,11426.84976334673,7044.261960396476
forecast_2937,2025-05-03 09:00:00,7384.362092397918,10192.267502694718,8028.034407354899
forecast_2938,2025-05-03 10:00:00,7897.73889929056,9886.465326059253,8694.032765787999
forecast_2939,2025-05-03 11:00:00,8805.263144731893,10458.610289066082,9480.048908614277
forecast_2940,2025-05-03 12:00:00,9585.163874132404,10703.77161598924,9478.145216456294
forecast_2941,2025-05-03 13:00:00,9534.311090638446,12068.503465083442,10893.410573071771
forecast_2942,2025-05-03 14:00:00,9870.548134547707,11778.946479373415,10937.225344673056
forecast_2943,2025-05-03 15:00:00,10703.033021736344,10726.152582283343,10494.659164802659
forecast_2944,2025-05-03 16:00:00,11731.705542074076,10582.512392410286,10724.799581000847
forecast_2945,2025-05-03 17:00:00,12233.241050060824,11473.056511204977,10709.400255488508
forecast_2946,2025-05-03 18:00:00,12210.28613606891,12322.75776426913,11306.23993192267
forecast_2947,2025-05-03 19:00:00,13406.015224130859,13528.99869512588,12042.619128975359
forecast_2948,2025-05-03 20:00:00,14547.90077104361,13989.215795894219,12792.205767700736
forecast_2949,2025-05-03 21:00:00,15556.173196017815,15930.885349781322,12427.20673185778
forecast_2950,2025-05-03 22:00:00,15576.824174980673,15751.876798209214,12437.236781209718
forecast_2951,2025-05-03 23:00:00,15633.782943969705,15708.686495667993,13163.547311204009
forecast_2952,2025-05-04 00:00:00,15416.309510036288,16086.564242441953,13693.7865556464
forecast_2953,2025-05-04 01:00:00,15104.313565847147,15607.634907505391,13483.453917182826
forecast_2954,2025-05-04 02:00:00,14751.92218903162,14689.176235490986,13817.760745713415
forecast_2955,2025-05-04 03:00:00,14732.20578849738,14572.89068013454,13483.687951878448
forecast_2956,2025-05-04 04:00:00,14889.84618892121,15064.188995578952,13191.877912206808
forecast_2957,2025-05-04 05:00:00,15137.105734273868,15194.897777653612,13015.619741362496
forecast_2958,2025-05-04 06:00:00,15179.970152805741,15550.956162220667,13509.300491286256
forecast_2959,2025-05-04 07:00:00,15060.209571865646,15170.307747779194,13010.58557313498
forecast_2960,2025-05-04 08:00:00,14061.373241009293,14694.540891821696,11845.244225924642
forecast_2961,2025-05-04 09:00:00,13371.091096472468,14220.242076721559,11178.117963322733
forecast_2962,2025-05-04 10:00:00,13134.551295217585,13699.320871553278,10107.012964983896
forecast_2963,2025-05-04 11:00:00,13527.915633934525,14258.934476849605,10262.10010777834
forecast_2964,2025-05-04 12:00:00,14011.020418552158,14788.290142678079,11321.033257198422
forecast_2965,2025-05-04 13:00:00,14280.102106525992,15518.11744422822,13208.580357601637
forecast_2966,2025-05-04 14:00:00,15020.185522178064,16170.740885103849,13772.263617607816
forecast_2967,2025-05-04 15:00:00,15488.643828354918,16215.906718372236,13991.589799016521
forecast_2968,2025-05-04 16:00:00,15773.11501640924,16270.438307516117,13932.897094203337
forecast_2969,2025-05-04 17:00:00,15512.689249027531,15562.941085955437,13694.73651308898
forecast_2970,2025-05-04 18:00:00,15005.787890235584,14756.616886549327,12640.47582268585
forecast_2971,2025-05-04 19:00:00,14130.34691515805,14116.231735598523,11084.233081506492
forecast_2972,2025-05-04 20:00:00,13118.01500853878,12168.595757928568,10052.29194241446
forecast_2973,2025-05-04 21:00:00,10891.570957592528,9371.11643626646,8109.549232936808
forecast_2974,2025-05-04 22:00:00,8769.612806332574,7623.475244143167,6820.482847065449
forecast_2975,2025-05-04 23:00:00,7304.016278180148,7224.656615838085,5681.444201744509
forecast_2976,2025-05-05 00:00:00,6180.331699801676,6669.839586770781,5627.677648686313
forecast_2977,2025-05-05 01:00:00,6197.027920766417,4905.9843466363645,5391.812495160397
forecast_2978,2025-05-05 02:00:00,4482.223552707244,3902.1254417410332,4832.873259230632
forecast_2979,2025-05-05 03:00:00,4304.308055109512,3363.443994517434,4526.954985348297
forecast_2980,2025-05-05 04:00:00,4211.060332874662,3243.819443519569,4123.3792687219075
forecast_2981,2025-05-05 05:00:00,3247.776033487742,2669.034801518088,3589.5367808532365
forecast_2982,2025-05-05 06:00:00,2541.9842701792104,2364.0975226004093,3231.8487110313386
forecast_2983,2025-05-05 07:00:00,2328.1215172863895,2146.509905837749,2869.5057914431222
forecast_2984,2025-05-05 08:00:00,1810.2867119048005,1862.8947658320794,2563.5134410663272
forecast_2985,2025-05-05 09:00:00,1610.455154307895,1522.445270233673,2440.6789609871785
forecast_2986,2025-05-05 10:00:00,1322.4542761921984,1442.7944893239774,2356.502087452161
forecast_2987,2025-05-05 11:00:00,1316.8902688642047,1558.2205643613106,2329.7131869578507
forecast_2988,2025-05-05 12:00:00,1394.881641967484,1540.3003911260403,2279.7256837362374
forecast_2989,2025-05-05 13:00:00,1440.899159417976,1433.7388003140377,2332.288450747448
forecast_2990,2025-05-05 14:00:00,1448.716429485241,1467.8630709739364,2433.2739352314443
forecast_2991,2025-05-05 15:00:00,1578.0774009253146,1730.442977583998,2614.533672130921
forecast_2992,2025-05-05 16:00:00,1742.334489653491,1980.7920062139583,2761.796286499263
forecast_2993,2025-05-05 17:00:00,2171.3290350423504,2322.4515018917555,2909.490511402938
forecast_2994,2025-05-05 18:00:00,2592.093165735575,2544.546981226763,2981.1100363579944
forecast_2995,2025-05-05 19:00:00,2986.7823792849035,2830.19304689979,3391.396246460715
forecast_2996,2025-05-05 20:00:00,3584.435565221046,3557.4971246160862,3704.4371417451425
forecast_2997,2025-05-05 21:00:00,4336.116428905831,4100.57157532716,3561.6354110435345
forecast_2998,2025-05-05 22:00:00,4531.9283116431,4158.59891196525,3730.0100076767258
forecast_2999,2025-05-05 23:00:00,4212.808666674241,4048.7288636038697,3509.1934698278515
forecast_3000,2025-05-06 00:00:00,3436.5986507261464,3087.9535045902653,3614.3711445497815
forecast_3001,2025-05-06 01:00:00,3272.2774070706164,3156.826276142633,3151.4600281457724
forecast_3002,2025-05-06 02:00:00,2508.7612572903736,2216.9152453014467,3019.144580994683
forecast_3003,2025-05-06 03:00:00,2385.099621554932,2207.9136039401383,3052.349542332048
forecast_3004,2025-05-06 04:00:00,2315.9178059839724,2119.4058668301222,2915.458679894835
forecast_3005,2025-05-06 05:00:00,2510.0300362889775,2328.366487964282,2939.5679150108153
forecast_3006,2025-05-06 06:00:00,2717.9036610865833,2557.7533666117306,2964.235894912114
forecast_3007,2025-05-06 07:00:00,2803.705688424346,2839.966513561946,2982.9647021022865
forecast_3008,2025-05-06 08:00:00,2688.6477553318828,2820.717100965853,3038.487556116947
forecast_3009,2025-05-06 09:00:00,2446.4134592645905,2693.6382045966466,3036.0815432917298
forecast_3010,2025-05-06 10:00:00,2166.791152238575,2587.4849469741703,2928.433684671683
forecast_3011,2025-05-06 11:00:00,2065.2998886188952,2461.513046029352,2897.3169702697314
forecast_3012,2025-05-06 12:00:00,2045.5593397236325,2363.38934474275,2906.3679763525884
forecast_3013,2025-05-06 13:00:00,2078.0614713658997,2170.8837896356263,2923.325242131478
forecast_3014,2025-05-06 14:00:00,2023.8801503767554,2180.772271018297,2967.3786514022795
forecast_3015,2025-05-06 15:00:00,2020.1837373910012,2049.107166591599,3007.5386705076307
forecast_3016,2025-05-06 16:00:00,1952.4925134903106,1794.1565813106854,3003.1017034519646
forecast_3017,2025-05-06 17:00:00,1895.1477869911287,1724.3224663095662,3055.218958873754
forecast_3018,2025-05-06 18:00:00,1919.4598844623652,1814.4861823886713,2995.252120545078
forecast_3019,2025-05-06 19:00:00,2002.4201452025918,1990.1777052804118,2975.9191835694614
forecast_3020,2025-05-06 20:00:00,2240.4277056099963,2016.645493673821,3050.1546201952383
forecast_3021,2025-05-06 21:00:00,2388.1586820366465,2239.1785145946824,3238.2417963422336
forecast_3022,2025-05-06 22:00:00,2823.4823275126305,2597.7324857141184,3343.1465403680536
forecast_3023,2025-05-06 23:00:00,3035.9378557283057,3042.558003700453,3439.607218858913
forecast_3024,2025-05-07 00:00:00,3258.2304973255054,3505.445469336826,3782.0627461067925
forecast_3025,2025-05-07 01:00:00,3276.3237817927006,3520.7477446434323,3612.1741654970374
forecast_3026,2025-05-07 02:00:00,3398.329978085652,3659.1881322107415,3582.799525782979
forecast_3027,2025-05-07 03:00:00,3604.6353342142756,3558.260768262349,3635.9106679825004
forecast_3028,2025-05-07 04:00:00,3946.0083558134693,3740.6122199951465,3636.2513244656097
forecast_3029,2025-05-07 05:00:00,4341.883870230517,4123.070928787103,4038.853816869003
forecast_3030,2025-05-07 06:00:00,4756.588255430326,4266.279848150473,4722.056691354474
forecast_3031,2025-05-07 07:00:00,4707.697909489174,4259.187903503131,4588.293621203042
forecast_3032,2025-05-07 08:00:00,4005.2988140526227,3588.8133623952403,3707.575547546736
forecast_3033,2025-05-07 09:00:00,3131.0125611392286,3247.558320688416,3600.2471495292616
forecast_3034,2025-05-07 10:00:00,2646.82297693221,3012.292647957064,3477.985362605295
forecast_3035,2025-05-07 11:00:00,2529.311498798801,2655.2672299594906,3195.5047638280284
forecast_3036,2025-05-07 12:00:00,2557.642412171527,2778.3277021676577,3153.5478938776546
forecast_3037,2025-05-07 13:00:00,2543.671265743017,3141.4553490332423,2995.287810314247
forecast_3038,2025-05-07 14:00:00,2437.996435810908,2855.8843589244143,2990.6216923334773
forecast_3039,2025-05-07 15:00:00,2229.3357578825935,2657.712644903525,2848.43938243762
forecast_3040,2025-05-07 16:00:00,1965.3931347067173,2431.6607799991816,2913.0923625149653
forecast_3041,2025-05-07 17:00:00,1969.2338639509371,2247.519486454621,2991.755691906271
forecast_3042,2025-05-07 18:00:00,2220.378967461157,2676.1765743007045,3009.521413841223
forecast_3043,2025-05-07 19:00:00,2871.130340285778,3477.144835460978,3299.90862806961
forecast_3044,2025-05-07 20:00:00,3878.8396428004635,4632.2438021062535,4211.307470155385
forecast_3045,2025-05-07 21:00:00,5339.843767344916,5723.582809542537,5271.544717019641
forecast_3046,2025-05-07 22:00:00,6572.107144106167,7207.4829483478725,6085.900470723157
forecast_3047,2025-05-07 23:00:00,7547.621963602043,8202.672382188011,6854.200397618486
forecast_3048,2025-05-08 00:00:00,8200.626241115991,9233.983395260599,7050.725768206223
forecast_3049,2025-05-08 01:00:00,7808.578519431598,8534.017164923256,6644.056869542143
forecast_3050,2025-05-08 02:00:00,7811.237805583403,9362.234826726293,7474.197602823233
forecast_3051,2025-05-08 03:00:00,9022.719874476796,10810.314399791545,8472.8396806753
forecast_3052,2025-05-08 04:00:00,9648.257924972351,10696.312031272702,8843.959230210283
forecast_3053,2025-05-08 05:00:00,9832.947595008984,9693.248862389933,8757.14681167611
forecast_3054,2025-05-08 06:00:00,8256.422837393988,7997.927190743195,7665.653708993292
forecast_3055,2025-05-08 07:00:00,6510.436509256347,6413.11133265294,5718.555331983516
forecast_3056,2025-05-08 08:00:00,3956.455348499161,4061.228347351374,4156.29426942804
forecast_3057,2025-05-08 09:00:00,2482.4253964537384,2243.184614652102,3395.045704653429
forecast_3058,2025-05-08 10:00:00,1827.3624604845982,1943.3044748427847,2765.547551829798
forecast_3059,2025-05-08 11:00:00,1658.8860287197604,2090.2064820745672,2576.405531881293
forecast_3060,2025-05-08 12:00:00,1723.0265573388888,2216.1902005265956,2637.7290390842804
forecast_3061,2025-05-08 13:00:00,1748.8825945715116,2341.449339824875,2909.520136262003
forecast_3062,2025-05-08 14:00:00,2283.2786532126365,2351.9055465387346,3731.513726491041
forecast_3063,2025-05-08 15:00:00,2493.6171093540243,2445.4889313471613,3690.4406786158397
forecast_3064,2025-05-08 16:00:00,2930.8162440224005,2960.3923942086267,4047.4744367397016
forecast_3065,2025-05-08 17:00:00,3237.830010148344,3097.295873042751,4168.218320927212
forecast_3066,2025-05-08 18:00:00,3600.607640662902,2874.926704405334,4297.4304128165495
forecast_3067,2025-05-08 19:00:00,3917.3874097000325,3200.9152782003675,4432.335451439866
forecast_3068,2025-05-08 20:00:00,3816.6096290006562,3450.451275380816,4168.701155947616
forecast_3069,2025-05-08 21:00:00,3760.715770369049,3654.3288781822944,4100.10016672214
forecast_3070,2025-05-08 22:00:00,4118.55841309545,4199.966276169975,4446.958180938454
forecast_3071,2025-05-08 23:00:00,4066.1932383064504,4667.746401552764,4427.471525096244
forecast_3072,2025-05-09 00:00:00,4572.6089551448795,4488.291523718492,4405.505213761859
forecast_3073,2025-05-09 01:00:00,5149.251328394448,5389.680787206237,4992.402063167515
forecast_3074,2025-05-09 02:00:00,5589.89571329818,6199.220436893775,5125.234966590899
forecast_3075,2025-05-09 03:00:00,5622.404092975702,6363.625217207271,4806.989107525108
forecast_3076,2025-05-09 04:00:00,4900.091246638944,5795.322949620227,4266.675846680222
forecast_3077,2025-05-09 05:00:00,4096.172852049695,4896.462790939006,3937.461553842053
forecast_3078,2025-05-09 06:00:00,3630.668233112865,3620.919094957485,3475.4128167912636
forecast_3079,2025-05-09 07:00:00,3065.5992895128397,3747.978559325819,3386.837869227259
forecast_3080,2025-05-09 08:00:00,2837.394513262673,3744.5426377330214,3384.8006451225733
forecast_3081,2025-05-09 09:00:00,3562.184374199906,4230.6143988464955,3656.5760414179067
forecast_3082,2025-05-09 10:00:00,4957.962434682516,6033.34658725144,4663.011694519862
forecast_3083,2025-05-09 11:00:00,6315.592771991514,6842.031321998027,5605.305330755649
forecast_3084,2025-05-09 12:00:00,7264.415274223395,8312.646659056292,7439.478126621778
forecast_3085,2025-05-09 13:00:00,8868.110330712409,10180.292818122012,8285.898865716947
forecast_3086,2025-05-09 14:00:00,9704.791091243496,11749.534305256562,9415.135928164014
forecast_3087,2025-05-09 15:00:00,9919.557788865466,11458.860543078743,9239.896106588203
forecast_3088,2025-05-09 16:00:00,10618.05190438592,11800.59652302564,8848.61623355709
forecast_3089,2025-05-09 17:00:00,10007.187756873633,10670.098052310903,8198.822192160069
forecast_3090,2025-05-09 18:00:00,9161.042684139386,8889.16581496658,7138.24400445652
forecast_3091,2025-05-09 19:00:00,7613.871602670423,7314.132973874947,5567.978018344084
forecast_3092,2025-05-09 20:00:00,6166.968259476336,5649.6979152958465,4787.216855825936
forecast_3093,2025-05-09 21:00:00,5572.085325688149,5972.270979841871,4676.8842755959795
forecast_3094,2025-05-09 22:00:00,5944.352988476036,8034.1530423446475,4710.564086120943
forecast_3095,2025-05-09 23:00:00,6369.034026569847,8757.821074460024,5299.342739027925
forecast_3096,2025-05-10 00:00:00,7833.19080385652,10904.503797840243,6571.971555974846
forecast_3097,2025-05-10 01:00:00,10371.12364212841,14455.259428726045,9316.930713577269
forecast_3098,2025-05-10 02:00:00,13017.50265954707,16573.611793867905,12035.164539028263
forecast_3099,2025-05-10 03:00:00,13954.28220569587,17743.075005664767,13616.278402187661
forecast_3100,2025-05-10 04:00:00,14336.96691059487,17350.757705017764,15569.638402655728
forecast_3101,2025-05-10 05:00:00,15575.793031156765,18099.83769823429,16259.907690786084
forecast_3102,2025-05-10 06:00:00,17303.705329617944,18426.28629071586,16496.52477303886
forecast_3103,2025-05-10 07:00:00,17836.076799627193,18702.6612604091,17084.96959811459
forecast_3104,2025-05-10 08:00:00,17390.75648398134,18558.67665487965,17494.05142843216
forecast_3105,2025-05-10 09:00:00,17920.596344764675,18449.476731057133,17583.675316272012
forecast_3106,2025-05-10 10:00:00,18208.53333800179,18440.430391694466,17601.142261311645
forecast_3107,2025-05-10 11:00:00,18238.650897620362,18313.222434121602,17576.31578294444
forecast_3108,2025-05-10 12:00:00,18227.82591374526,18117.601400840762,17526.643486757886
forecast_3109,2025-05-10 13:00:00,18031.793146931657,17606.803348495425,17447.269428606738
forecast_3110,2025-05-10 14:00:00,17774.811118578677,17215.133289623533,17080.343192051994
forecast_3111,2025-05-10 15:00:00,16992.65603841936,16708.08386960307,16559.02330628543
forecast_3112,2025-05-10 16:00:00,16416.8034848274,15764.095626793005,15153.599544422774
forecast_3113,2025-05-10 17:00:00,15652.875371676542,16028.306349174429,14377.869025627806
forecast_3114,2025-05-10 18:00:00,14162.347877619643,15297.787424689654,12689.306246943714
forecast_3115,2025-05-10 19:00:00,12950.526423998215,14031.946983815462,11953.824589092565
forecast_3116,2025-05-10 20:00:00,12656.289081291936,12161.177756929947,11674.002125804642
forecast_3117,2025-05-10 21:00:00,11689.027123846257,11524.522669599968,10318.758906542049
forecast_3118,2025-05-10 22:00:00,11097.530545632884,10698.475387098866,10699.965320868283
forecast_3119,2025-05-10 23:00:00,10551.273655448596,9769.864790303713,9339.36130802559
forecast_3120,2025-05-11 00:00:00,9575.445450596699,8529.836878914768,9061.469573240201
forecast_3121,2025-05-11 01:00:00,9219.342086784689,8326.85840485709,8674.138551730568
forecast_3122,2025-05-11 02:00:00,9246.532353723518,8578.48977323826,8264.211777361863
forecast_3123,2025-05-11 03:00:00,8585.454288668847,8308.439241248441,7720.94922423329
forecast_3124,2025-05-11 04:00:00,8252.918568070092,7891.705229233142,7757.659744569912
forecast_3125,2025-05-11 05:00:00,8101.914257435638,7201.42096802439,7520.844182862899
forecast_3126,2025-05-11 06:00:00,6834.389280996805,6339.010930093245,6262.420931339249
forecast_3127,2025-05-11 07:00:00,5763.245607845528,5157.077990257499,5429.8350170387685
forecast_3128,2025-05-11 08:00:00,4313.3202347437955,4011.4737415377576,4805.445826719903
forecast_3129,2025-05-11 09:00:00,3004.787445628228,3127.0408152085774,3477.728737292766
forecast_3130,2025-05-11 10:00:00,2206.605725607419,2528.1716351481928,3014.3648697609174
forecast_3131,2025-05-11 11:00:00,2112.1180040082036,2301.688926314666,2994.52360018738
forecast_3132,2025-05-11 12:00:00,2048.7496708209665,2425.905084043303,3190.126503112277
forecast_3133,2025-05-11 13:00:00,2249.019988088152,2649.3049075132476,3529.3481255719853
forecast_3134,2025-05-11 14:00:00,2802.9921701582016,3435.278294912711,4105.080551952284
forecast_3135,2025-05-11 15:00:00,3433.9276888892196,3693.16590456829,4271.268047650862
forecast_3136,2025-05-11 16:00:00,3821.171832888521,3912.5588034142866,4609.086429996987
forecast_3137,2025-05-11 17:00:00,4626.23543568733,4424.271246236385,5294.192894226175
forecast_3138,2025-05-11 18:00:00,5990.361810076089,5489.103473708405,5844.779594934878
forecast_3139,2025-05-11 19:00:00,6827.446344132446,7110.622082267995,6833.875251213663
forecast_3140,2025-05-11 20:00:00,8046.768498616264,8462.233834231047,8098.855282191145
forecast_3141,2025-05-11 21:00:00,8706.159245314524,9428.81637039927,9191.123068517047
forecast_3142,2025-05-11 22:00:00,10707.260899409292,12117.56344726603,11287.451592144535
forecast_3143,2025-05-11 23:00:00,12720.030608807465,14782.520435497117,12710.960761332615
forecast_3144,2025-05-12 00:00:00,13665.77166792309,15265.153146320186,13880.541559846813
forecast_3145,2025-05-12 01:00:00,14398.609966373013,15745.428618909478,13884.823430751294
forecast_3146,2025-05-12 02:00:00,14702.196564355496,15977.719144523624,13949.618528469506
forecast_3147,2025-05-12 03:00:00,14440.249530851754,15694.038273821308,14269.509991480445
forecast_3148,2025-05-12 04:00:00,14299.757817309488,14996.490699854694,14876.12355527873
forecast_3149,2025-05-12 05:00:00,14031.430425582044,14865.708056686974,15176.743331229653
forecast_3150,2025-05-12 06:00:00,14110.622540157165,14766.454722610133,14579.106178673239
forecast_3151,2025-05-12 07:00:00,13828.623849303593,13788.980892676704,14206.454417037716
forecast_3152,2025-05-12 08:00:00,12851.342543095025,12411.847129713438,12380.103219843337
forecast_3153,2025-05-12 09:00:00,11978.75568941281,11439.494275125646,10569.263970618034
forecast_3154,2025-05-12 10:00:00,10390.774713055403,10532.073473648197,9254.051798628807
forecast_3155,2025-05-12 11:00:00,9340.251570208078,9388.691562857066,8076.259759738727
forecast_3156,2025-05-12 12:00:00,9173.191064586506,9497.5896826014,7847.430303108131
forecast_3157,2025-05-12 13:00:00,9143.083478487813,9619.978880829172,7980.093449662314
forecast_3158,2025-05-12 14:00:00,8957.539087086312,9635.589065739263,7736.3360993412725
forecast_3159,2025-05-12 15:00:00,9049.469758294204,9087.568207312483,7810.939230824768
forecast_3160,2025-05-12 16:00:00,9314.929542102844,9339.178998972326,7662.41231948369
forecast_3161,2025-05-12 17:00:00,9398.778447059656,9106.328092593309,7946.741613860544
forecast_3162,2025-05-12 18:00:00,9563.022511874367,10118.97283046356,8532.027914929016
forecast_3163,2025-05-12 19:00:00,12138.879752652661,12639.87230896223,11439.158618695285
forecast_3164,2025-05-12 20:00:00,14101.709135065335,14971.820639951482,13087.801713166136
forecast_3165,2025-05-12 21:00:00,15640.784086559772,16943.19282846646,14525.43165419962
forecast_3166,2025-05-12 22:00:00,17589.099016380052,17774.462580621686,15941.57212958008
forecast_3167,2025-05-12 23:00:00,18551.078771064254,18043.287924427535,16437.90126170783
forecast_3168,2025-05-13 00:00:00,18481.45130387473,18285.9116596409,16513.85109072997
forecast_3169,2025-05-13 01:00:00,19418.14939428676,18221.195064059957,17139.53566136398
forecast_3170,2025-05-13 02:00:00,19495.310145625674,18524.757484406477,17016.989775176648
forecast_3171,2025-05-13 03:00:00,19427.204553500374,18545.11100358435,16710.550892786006
forecast_3172,2025-05-13 04:00:00,19306.708900910493,18438.482018189774,17014.95417782526
forecast_3173,2025-05-13 05:00:00,19066.35446388853,18380.217138925993,17042.20687971345
forecast_3174,2025-05-13 06:00:00,18570.880023155994,18376.03175295435,16920.290377700927
forecast_3175,2025-05-13 07:00:00,17659.671168024408,18183.520565156086,16696.83149735208
forecast_3176,2025-05-13 08:00:00,17030.02934057624,18240.83597278656,16214.747644704094
forecast_3177,2025-05-13 09:00:00,15920.760845985911,17442.988197750507,15625.773362825195
forecast_3178,2025-05-13 10:00:00,14765.449203218173,16391.60469407701,14879.94826397104
forecast_3179,2025-05-13 11:00:00,14155.196406362567,15885.34795646567,14079.612266387561
forecast_3180,2025-05-13 12:00:00,14008.517470826711,16058.95121317295,14076.44486815577
forecast_3181,2025-05-13 13:00:00,13776.40372963007,16233.439404042554,13674.127381068927
forecast_3182,2025-05-13 14:00:00,13567.6622327049,15695.945328212561,13119.925700340467
forecast_3183,2025-05-13 15:00:00,13362.791307327028,14737.255958462749,12604.625097918357
forecast_3184,2025-05-13 16:00:00,13176.70162899348,13625.322370593063,13300.493626024778
forecast_3185,2025-05-13 17:00:00,13483.28278628286,14000.535881563763,13490.93131132182
forecast_3186,2025-05-13 18:00:00,14153.912158108149,14850.11737786762,14588.953635009151
forecast_3187,2025-05-13 19:00:00,15645.797597880948,16231.700868448064,15726.967710418397
forecast_3188,2025-05-13 20:00:00,17619.083381399185,17185.58346022613,16392.137961343404
forecast_3189,2025-05-13 21:00:00,18996.513539962558,18124.0550730851,16898.57445193652
forecast_3190,2025-05-13 22:00:00,19615.715452283708,18227.652970745323,17186.67344408905
forecast_3191,2025-05-13 23:00:00,19819.92381280689,18190.502982613627,17391.473311128244
forecast_3192,2025-05-14 00:00:00,19866.25328572816,18303.828882608486,17337.901995490643
forecast_3193,2025-05-14 01:00:00,19796.18138302028,18341.447970010144,17239.576015482042
forecast_3194,2025-05-14 02:00:00,19843.877411924524,18424.960833778485,17143.683302893016
forecast_3195,2025-05-14 03:00:00,19813.04229847536,18438.724662562763,16747.045735642783
forecast_3196,2025-05-14 04:00:00,20004.844720700858,18431.285049760725,16423.8351342757
forecast_3197,2025-05-14 05:00:00,20134.328193674082,18516.908104159957,15318.591285277354
forecast_3198,2025-05-14 06:00:00,19929.853008627004,18551.4957133716,14517.56081512187
forecast_3199,2025-05-14 07:00:00,18993.85225784064,18232.920743733444,13152.175448673592
forecast_3200,2025-05-14 08:00:00,16903.774098015543,16582.973904489725,11393.263882122097
forecast_3201,2025-05-14 09:00:00,12410.089525141539,13327.720125723125,9117.185239450286
forecast_3202,2025-05-14 10:00:00,8513.474215805156,10038.634419694954,7478.9505305953535
forecast_3203,2025-05-14 11:00:00,6713.956920927597,8038.405228764379,6940.143230815874
forecast_3204,2025-05-14 12:00:00,5836.664818202287,6388.668508704842,6646.150766299843
forecast_3205,2025-05-14 13:00:00,5465.877511871207,5744.117295349826,6608.808563487828
forecast_3206,2025-05-14 14:00:00,5461.162082580343,5636.597705333797,6629.6286206846
forecast_3207,2025-05-14 15:00:00,5423.286966009288,5573.327622737418,6350.753252315948
forecast_3208,2025-05-14 16:00:00,5076.8206700244045,5049.4032713106635,5689.782062727407
forecast_3209,2025-05-14 17:00:00,4871.4418074254345,4802.76288922087,5583.098018073998
forecast_3210,2025-05-14 18:00:00,5460.7230027123,4980.563936377648,5750.604200905231
forecast_3211,2025-05-14 19:00:00,6616.559140916151,6581.800383878835,6596.4267757601465
forecast_3212,2025-05-14 20:00:00,7135.541832401224,7699.395852990403,7213.344998595338
forecast_3213,2025-05-14 21:00:00,7822.99724163271,8511.807839531646,7266.49329727641
forecast_3214,2025-05-14 22:00:00,9483.59219255561,11079.528196183554,8181.985453513387
forecast_3215,2025-05-14 23:00:00,10946.898670816077,12801.872656720996,8496.619467514729
forecast_3216,2025-05-15 00:00:00,11446.987719531564,13790.804629865997,9160.478521095427
forecast_3217,2025-05-15 01:00:00,11308.277426711695,13896.229737649684,9386.869376953931
forecast_3218,2025-05-15 02:00:00,10930.705635157925,14454.337810036188,10342.438474345528
forecast_3219,2025-05-15 03:00:00,10928.435253211777,15239.466416549727,10826.12814546813
forecast_3220,2025-05-15 04:00:00,11708.322547363363,15888.507127463603,11467.169912761907
forecast_3221,2025-05-15 05:00:00,12324.87257034919,16114.772493704004,11971.667899912798
forecast_3222,2025-05-15 06:00:00,12912.056174574249,16668.417949242907,12939.50576849941
forecast_3223,2025-05-15 07:00:00,14644.248970099192,17092.029162343806,15209.440141014511
forecast_3224,2025-05-15 08:00:00,15605.949962132963,16886.291736419156,15682.251269121094
forecast_3225,2025-05-15 09:00:00,15242.605024811743,16645.424654373965,15555.244770417365
forecast_3226,2025-05-15 10:00:00,14569.533867272552,16164.370945940529,15109.633528407736
forecast_3227,2025-05-15 11:00:00,14571.854137439866,16195.272955519278,14338.354160379018
forecast_3228,2025-05-15 12:00:00,14205.389313341624,16025.165454686226,14364.17693524226
forecast_3229,2025-05-15 13:00:00,14230.382290505258,15891.689565883506,15078.622418040843
forecast_3230,2025-05-15 14:00:00,15346.106658149798,16677.07660363847,15853.824828426466
forecast_3231,2025-05-15 15:00:00,15823.263070029901,17235.55451042326,15717.129631581698
forecast_3232,2025-05-15 16:00:00,16075.660850238168,16965.262452203882,16362.269487689773
forecast_3233,2025-05-15 17:00:00,16063.489615580027,17124.199969418234,16504.627856344843
forecast_3234,2025-05-15 18:00:00,16611.813725020467,17465.435030822966,16637.46107563764
forecast_3235,2025-05-15 19:00:00,17169.188179170535,17448.981059397916,16908.31397966399
forecast_3236,2025-05-15 20:00:00,17323.390445402532,17351.755922894747,16998.04457122571
forecast_3237,2025-05-15 21:00:00,17800.94850120257,17842.35876332128,16904.16684666412
forecast_3238,2025-05-15 22:00:00,18463.312373499568,17958.747695481616,17095.584648194203
forecast_3239,2025-05-15 23:00:00,18569.3009948248,18166.06173086424,17177.01169848441
forecast_3240,2025-05-16 00:00:00,18398.699057390517,18255.121595677003,16992.16935350438
forecast_3241,2025-05-16 01:00:00,18032.79045381773,18130.01617508651,17081.67174992272
forecast_3242,2025-05-16 02:00:00,17584.698749687588,18139.406112407156,17103.00186108444
forecast_3243,2025-05-16 03:00:00,17241.276451586175,17876.698157807856,16958.888840629057
forecast_3244,2025-05-16 04:00:00,17334.733159124295,17792.44673535093,17040.11369951204
forecast_3245,2025-05-16 05:00:00,17401.75441296549,17718.700894520578,16280.484179795618
forecast_3246,2025-05-16 06:00:00,17460.788174618054,17457.012168024474,16029.506539384856
forecast_3247,2025-05-16 07:00:00,16881.60900425122,17242.673373223,15977.70606705808
forecast_3248,2025-05-16 08:00:00,15722.353375779545,16401.916872099493,14392.682580782734
forecast_3249,2025-05-16 09:00:00,14466.284961688527,15185.471607837992,13585.476492003854
forecast_3250,2025-05-16 10:00:00,12040.885741025788,12897.248186801888,12013.13460714855
forecast_3251,2025-05-16 11:00:00,10365.266555837474,12130.66793748231,11390.632692032184
forecast_3252,2025-05-16 12:00:00,9180.190317891924,10286.814670399715,10334.414750158026
forecast_3253,2025-05-16 13:00:00,8097.596557669211,9217.171461022672,9190.01524734882
forecast_3254,2025-05-16 14:00:00,7011.179115237717,8379.9939362285,8623.443435499978
forecast_3255,2025-05-16 15:00:00,6252.556143485823,8115.380332151217,7640.06418936532
forecast_3256,2025-05-16 16:00:00,6054.935910701598,6822.3145365028395,7257.855073209146
forecast_3257,2025-05-16 17:00:00,6061.304335418253,6451.09152236146,7164.950890704483
forecast_3258,2025-05-16 18:00:00,5922.1130918034905,6301.707326766236,6871.769223171706
forecast_3259,2025-05-16 19:00:00,5597.226971996995,5716.250596962362,6475.518315158663
forecast_3260,2025-05-16 20:00:00,5531.851635622307,5908.216835421426,6043.221859868702
forecast_3261,2025-05-16 21:00:00,4534.087940385802,5461.164383826993,5471.374506098355
forecast_3262,2025-05-16 22:00:00,4353.084384199798,4731.837955681994,4704.920171018591
forecast_3263,2025-05-16 23:00:00,4060.3270062989677,4040.087388231689,4445.33824644179
forecast_3264,2025-05-17 00:00:00,4392.298159635482,4610.293541667519,4429.970624398209
forecast_3265,2025-05-17 01:00:00,4503.912380943131,5753.156094196927,4960.123169508641
forecast_3266,2025-05-17 02:00:00,4140.049616382769,4407.377598329892,4690.716942072977
forecast_3267,2025-05-17 03:00:00,4584.993728268815,4492.515110325905,4654.811455350175
forecast_3268,2025-05-17 04:00:00,4452.007114589844,4946.926745744257,4802.269379860461
forecast_3269,2025-05-17 05:00:00,3759.012378573696,4601.116326189511,4288.245056256489
forecast_3270,2025-05-17 06:00:00,2761.463554270567,3157.9176827773003,3629.371815542365
forecast_3271,2025-05-17 07:00:00,2939.0006017426176,2712.4143326367903,3293.3947780884346
forecast_3272,2025-05-17 08:00:00,3672.783856301941,3663.2804501394503,3791.5018157531304
forecast_3273,2025-05-17 09:00:00,4860.400835716572,4897.918213460496,4362.831337953829
forecast_3274,2025-05-17 10:00:00,4638.699763761624,4790.873499177218,4703.888197445715
forecast_3275,2025-05-17 11:00:00,4881.545368800966,4830.2495768200115,5492.865964789865
forecast_3276,2025-05-17 12:00:00,5880.804501447845,5672.327289376259,6587.293868145826
forecast_3277,2025-05-17 13:00:00,7510.828785607359,8022.767503495816,8101.538418976517
forecast_3278,2025-05-17 14:00:00,9045.752028307623,10668.268122101119,9664.955244441318
forecast_3279,2025-05-17 15:00:00,11067.31650526569,12322.414314267939,11381.687068496109
forecast_3280,2025-05-17 16:00:00,13007.925466028966,14213.14736193981,13429.399891378805
forecast_3281,2025-05-17 17:00:00,15783.950255955555,16608.174881793904,15089.805037800652
forecast_3282,2025-05-17 18:00:00,17091.599218660052,18007.332252242002,16620.737405655564
forecast_3283,2025-05-17 19:00:00,18045.5244058801,17692.48025478198,17485.99492039173
forecast_3284,2025-05-17 20:00:00,18223.779761861228,17574.87321695594,17909.611653778404
forecast_3285,2025-05-17 21:00:00,18713.455703155712,18092.914542724186,18060.183367658465
forecast_3286,2025-05-17 22:00:00,18940.844256830333,18303.852280162486,17977.913450812543
forecast_3287,2025-05-17 23:00:00,19364.332936809875,18557.49592214299,17936.159025483787
forecast_3288,2025-05-18 00:00:00,19156.070401776036,18483.03268806687,17502.540855051106
forecast_3289,2025-05-18 01:00:00,18190.93222961321,17855.124400479068,16805.74495439016
forecast_3290,2025-05-18 02:00:00,17280.03040080464,17459.466311443226,15069.032676436156
forecast_3291,2025-05-18 03:00:00,15894.367911118385,15573.877867137293,11650.218789481962
forecast_3292,2025-05-18 04:00:00,14154.086122547113,12473.07505165647,9172.1768061777
forecast_3293,2025-05-18 05:00:00,11578.516469534274,9648.569684795926,7833.475357947901
forecast_3294,2025-05-18 06:00:00,7691.839436643498,7001.978255360566,5919.843097397828
forecast_3295,2025-05-18 07:00:00,5168.626735955321,4825.710183081128,3901.3564089573065
forecast_3296,2025-05-18 08:00:00,3745.623183190868,3102.0080715271874,3260.216172242315
forecast_3297,2025-05-18 09:00:00,2232.362943359998,2008.9377705261923,2872.121350836427
forecast_3298,2025-05-18 10:00:00,1818.7363086978794,1707.8482498769572,2601.344892571822
forecast_3299,2025-05-18 11:00:00,1961.427691754635,1886.0065031064087,2681.7577341173924
forecast_3300,2025-05-18 12:00:00,2700.2917222943597,2509.721398157326,2937.3507045355223
forecast_3301,2025-05-18 13:00:00,3338.1713390053947,3450.5773019074586,3278.85066523062
forecast_3302,2025-05-18 14:00:00,3706.3961568687273,3556.6430881278716,3482.231703832236
forecast_3303,2025-05-18 15:00:00,4711.4259304101815,4067.337476527193,3927.4484821084698
forecast_3304,2025-05-18 16:00:00,5312.383387656855,5222.6229047696725,4935.815137572928
forecast_3305,2025-05-18 17:00:00,6257.775572180379,6201.744983256351,5774.985999211475
forecast_3306,2025-05-18 18:00:00,7095.3134914926195,6455.433496681175,6567.564517684561
forecast_3307,2025-05-18 19:00:00,8090.508288040935,8484.249937909975,7992.548532491675
forecast_3308,2025-05-18 20:00:00,9887.404870544906,10419.02586014148,9478.081974988247
forecast_3309,2025-05-18 21:00:00,11099.687791143782,12365.527251567684,10492.91749484815
forecast_3310,2025-05-18 22:00:00,12056.789423103774,12924.18265098766,10918.496891280945
forecast_3311,2025-05-18 23:00:00,12152.144331038668,12984.054879621333,11084.636004859964
forecast_3312,2025-05-19 00:00:00,12443.577200979773,13974.55013349247,11054.98535539558
forecast_3313,2025-05-19 01:00:00,12712.006099973038,13580.628517822373,10950.526423997911
forecast_3314,2025-05-19 02:00:00,11914.755952247415,13484.289428874737,10081.549729087908
forecast_3315,2025-05-19 03:00:00,11295.231512793536,12666.661638670812,8862.918973448242
forecast_3316,2025-05-19 04:00:00,10708.870730567623,11715.270415917992,8139.914945215301
forecast_3317,2025-05-19 05:00:00,9598.512849944931,11115.508383108689,8416.07235618968
forecast_3318,2025-05-19 06:00:00,10131.906044955502,13931.942867375756,8869.218225337263
forecast_3319,2025-05-19 07:00:00,11089.035349501864,15855.381438344113,9990.346519798186
forecast_3320,2025-05-19 08:00:00,10829.56396294944,15145.364351334452,11106.56037371988
forecast_3321,2025-05-19 09:00:00,10352.324380747636,14529.915099453965,11449.724072904355
forecast_3322,2025-05-19 10:00:00,10459.40924906544,14402.548966729959,12467.348784714657
forecast_3323,2025-05-19 11:00:00,11449.556295783623,15516.431097844514,13591.406436649671
forecast_3324,2025-05-19 12:00:00,13573.586109684704,16402.046658175008,14389.856941135531
forecast_3325,2025-05-19 13:00:00,14491.883884004386,16175.3365802497,15319.69045051762
forecast_3326,2025-05-19 14:00:00,15165.283779550147,16324.153830691328,15970.317275298556
forecast_3327,2025-05-19 15:00:00,16122.300259287913,16995.467509988037,16377.522664914624
forecast_3328,2025-05-19 16:00:00,15788.176345938366,16655.543678422444,17317.732769258815
forecast_3329,2025-05-19 17:00:00,16628.757990013604,17211.40640605358,17744.12510931079
forecast_3330,2025-05-19 18:00:00,17059.453972113017,17763.117977148246,17738.980226441614
forecast_3331,2025-05-19 19:00:00,17774.483070226666,17910.77516962973,17815.207498689895
forecast_3332,2025-05-19 20:00:00,17820.573733934558,17958.06132258183,17683.719243686708
forecast_3333,2025-05-19 21:00:00,17767.301508548902,17727.93767547365,17603.319694577334
forecast_3334,2025-05-19 22:00:00,17399.62127959899,17629.73692722588,17168.78697035344
forecast_3335,2025-05-19 23:00:00,17313.91245952504,17260.917813485077,16404.628199132614
forecast_3336,2025-05-20 00:00:00,17283.40527605068,17728.816457577286,16303.793172613707
forecast_3337,2025-05-20 01:00:00,16664.101121470358,17226.864955607114,17095.18444714391
forecast_3338,2025-05-20 02:00:00,16946.402820950974,17600.299940578254,16999.991262907828
forecast_3339,2025-05-20 03:00:00,16832.134979068564,17502.503856436233,16637.921939865835
forecast_3340,2025-05-20 04:00:00,16615.655235546405,17309.953298592038,17240.47521810645
forecast_3341,2025-05-20 05:00:00,16170.162477523074,17208.731331964755,17187.502678564168
forecast_3342,2025-05-20 06:00:00,15872.619517478448,16680.137044696905,16982.755640180425
forecast_3343,2025-05-20 07:00:00,15158.66589102822,16207.550427307822,16715.742414124834
forecast_3344,2025-05-20 08:00:00,14748.744645435032,15929.871839353276,16248.381450579149
forecast_3345,2025-05-20 09:00:00,14612.351630398243,15978.344203598572,16071.908838229843
forecast_3346,2025-05-20 10:00:00,14027.327879753637,15458.485270273632,14795.20766260158
forecast_3347,2025-05-20 11:00:00,13995.336040969789,14264.056504386434,14018.121602412411
forecast_3348,2025-05-20 12:00:00,13414.5660364434,14219.644466034657,13176.008799413728
forecast_3349,2025-05-20 13:00:00,13300.236246429364,13774.320373868022,12976.74892021552
forecast_3350,2025-05-20 14:00:00,13247.744187667224,13929.262135767947,13191.42523521178
forecast_3351,2025-05-20 15:00:00,13625.760775502036,14302.66560833702,13301.48757941414
forecast_3352,2025-05-20 16:00:00,13800.128582624287,14232.008245348861,13655.084304111653
forecast_3353,2025-05-20 17:00:00,13952.883842049778,14598.329308190518,14379.82485271226
forecast_3354,2025-05-20 18:00:00,14166.847120405577,15143.780651514253,15211.12837924717
forecast_3355,2025-05-20 19:00:00,14295.809686260662,15146.948149781223,15892.001683654118
forecast_3356,2025-05-20 20:00:00,14631.156880152772,15490.670241040258,16253.824606041115
forecast_3357,2025-05-20 21:00:00,15133.059513303313,15887.95031445568,15860.398728502249
forecast_3358,2025-05-20 22:00:00,15894.209694466506,16068.670125024746,15697.703420204674
forecast_3359,2025-05-20 23:00:00,17109.80743679107,16217.470419899684,16314.280118052022
forecast_3360,2025-05-21 00:00:00,16741.881204208126,16197.401396973812,16305.134952553799
forecast_3361,2025-05-21 01:00:00,17969.40415696868,17267.245192979986,15972.677200910577
forecast_3362,2025-05-21 02:00:00,17823.60958367507,16831.027054241305,15987.787786753757
forecast_3363,2025-05-21 03:00:00,17923.376851603596,17060.498350774684,15187.851144007589
forecast_3364,2025-05-21 04:00:00,17057.98276827129,15907.792193647987,13909.290922274598
forecast_3365,2025-05-21 05:00:00,14947.634139613318,14655.412072853536,13485.069453958771
forecast_3366,2025-05-21 06:00:00,13315.370985582813,13355.472551100695,11618.53448056315
forecast_3367,2025-05-21 07:00:00,10143.802526718533,9882.248330927223,8360.744206448959
forecast_3368,2025-05-21 08:00:00,7125.616438463789,6909.815007287574,6076.701987606379
forecast_3369,2025-05-21 09:00:00,4653.8449298333035,4100.586376485284,4842.739548796116
forecast_3370,2025-05-21 10:00:00,2648.9012705830455,2680.0566264707586,3519.821839569886
forecast_3371,2025-05-21 11:00:00,2223.425546183468,2362.7450230138493,3169.077360441668
forecast_3372,2025-05-21 12:00:00,1982.8835566576,2111.5333457711076,3119.8531939703357
forecast_3373,2025-05-21 13:00:00,1925.0421842976948,1987.9156909202302,3095.41067427424
forecast_3374,2025-05-21 14:00:00,1889.7378446316889,1919.5998949815703,3089.779124309802
forecast_3375,2025-05-21 15:00:00,1746.860357751004,2140.134076549488,3049.357939912019
forecast_3376,2025-05-21 16:00:00,1695.7231449537321,2176.875199540935,3051.63596853253
forecast_3377,2025-05-21 17:00:00,1698.1201124825002,2123.4959617815357,2989.5834421512354
forecast_3378,2025-05-21 18:00:00,1850.7696442213937,2121.3357822366943,2886.848782666569
forecast_3379,2025-05-21 19:00:00,1906.099108533519,2219.2526676142625,2962.9796335290735
forecast_3380,2025-05-21 20:00:00,1893.3472755910798,2241.841962029378,3012.2114831069784
forecast_3381,2025-05-21 21:00:00,1935.5320199838407,2323.263290199333,3074.1059585241674
forecast_3382,2025-05-21 22:00:00,2068.5247067108203,2375.9561039187984,3138.391256704936
forecast_3383,2025-05-21 23:00:00,1989.5651259660244,2120.548730311635,3124.3636471195205
forecast_3384,2025-05-22 00:00:00,2080.6786098722723,2299.7521626769494,3178.4026150655277
forecast_3385,2025-05-22 01:00:00,2323.1229783636445,2730.089395097387,3318.112043293134
forecast_3386,2025-05-22 02:00:00,2834.1369520970425,2949.229074341987,3346.231293870822
forecast_3387,2025-05-22 03:00:00,2964.7691281659095,3259.6485073715044,3408.382763198922
forecast_3388,2025-05-22 04:00:00,3099.197769390575,3449.6306233894743,3349.2776581741878
forecast_3389,2025-05-22 05:00:00,2969.838769418024,3029.9391972462126,3329.352510250203
forecast_3390,2025-05-22 06:00:00,2653.3362810971835,2556.839316131536,3311.67147507988
forecast_3391,2025-05-22 07:00:00,2414.528836020848,2227.918370180956,3386.7469365364236
forecast_3392,2025-05-22 08:00:00,2354.888078287674,2350.4143544581257,3557.5621365529587
forecast_3393,2025-05-22 09:00:00,2823.45139949988,3018.220236310026,3803.4053551178467
forecast_3394,2025-05-22 10:00:00,3237.797336056294,3451.3042130129393,4107.191170348526
forecast_3395,2025-05-22 11:00:00,3465.5345544871166,3782.428349356186,4152.643154571508
forecast_3396,2025-05-22 12:00:00,3339.7413541928,3754.3558893527957,4198.545415933423
forecast_3397,2025-05-22 13:00:00,3276.236663439482,3588.487725401603,4018.6898129539395
forecast_3398,2025-05-22 14:00:00,2977.682475947526,3469.127480134378,3736.58251645374
forecast_3399,2025-05-22 15:00:00,2574.0186262549987,3092.511742541056,3420.588441009481
forecast_3400,2025-05-22 16:00:00,2271.2667261108236,2413.2924141298563,3102.151520351604
forecast_3401,2025-05-22 17:00:00,2116.467593053033,2032.028288645516,2946.8367371577583
forecast_3402,2025-05-22 18:00:00,2088.8352548204402,1896.829554029663,2884.471250743617
forecast_3403,2025-05-22 19:00:00,2207.24271806075,1872.954860904856,2869.178881865683
forecast_3404,2025-05-22 20:00:00,2342.220205479859,1896.7071490211374,2868.5091862545823
forecast_3405,2025-05-22 21:00:00,2452.361975693422,2202.9495094035856,2851.216423099057
forecast_3406,2025-05-22 22:00:00,3054.261688638095,2691.2593852736018,2824.760692495377
forecast_3407,2025-05-22 23:00:00,3529.329115468294,3011.015032566819,2890.6999013524364
forecast_3408,2025-05-23 00:00:00,3779.427835858454,3478.181175903997,2980.7943556981977
forecast_3409,2025-05-23 01:00:00,3875.6106759490226,3453.9369106906533,2975.8036909680477
forecast_3410,2025-05-23 02:00:00,3799.378219584864,3445.803820893895,2977.828581567328
forecast_3411,2025-05-23 03:00:00,3829.3127267652867,3765.784492310997,3009.995919170416
forecast_3412,2025-05-23 04:00:00,3823.337304909009,3941.430217815618,3080.128554025988
forecast_3413,2025-05-23 05:00:00,3836.516656133118,3971.778309789051,3030.81158680301
forecast_3414,2025-05-23 06:00:00,4141.431747385233,4181.009139441575,3059.9376372100696
forecast_3415,2025-05-23 07:00:00,4091.3992962286006,4272.576580081382,3034.9748247100697
forecast_3416,2025-05-23 08:00:00,3801.478325748723,3987.356897782598,3024.692909915905
forecast_3417,2025-05-23 09:00:00,3543.1150454939057,3756.4464085895615,3007.1934272515205
forecast_3418,2025-05-23 10:00:00,3141.2022749346484,3412.9625159429597,2983.30955764673
forecast_3419,2025-05-23 11:00:00,2868.3475690618798,3188.770324195302,2952.791867591822
forecast_3420,2025-05-23 12:00:00,2753.2340559221793,3094.813950509758,2933.9115534205716
forecast_3421,2025-05-23 13:00:00,2764.2420667005144,3008.9281291661055,2907.618000761525
forecast_3422,2025-05-23 14:00:00,2761.704941759654,3049.065576295312,2941.302985141712
forecast_3423,2025-05-23 15:00:00,2728.8828424874273,3100.054128480173,2931.6193845745333
forecast_3424,2025-05-23 16:00:00,3079.6767050036187,3181.752347294058,2960.4943288005034
forecast_3425,2025-05-23 17:00:00,3507.0596208518073,3536.9059222655883,3015.22135469594
forecast_3426,2025-05-23 18:00:00,3957.06172949299,3641.087512318433,3070.4953359401534
forecast_3427,2025-05-23 19:00:00,4048.038260232927,3733.011685519569,3099.947336527047
forecast_3428,2025-05-23 20:00:00,4387.626648966669,4225.739026303828,3239.637294173746
forecast_3429,2025-05-23 21:00:00,4262.885653368625,4456.69851068389,3275.8199165510664
forecast_3430,2025-05-23 22:00:00,4992.11187437131,4790.663237910418,3317.659768881716
forecast_3431,2025-05-23 23:00:00,5116.684580059586,5190.680325341651,3264.2630550571216
forecast_3432,2025-05-24 00:00:00,5504.586679925784,5360.875714581729,3315.0173592895517
forecast_3433,2025-05-24 01:00:00,5397.191070338725,5633.353068245123,3580.103567928731
forecast_3434,2025-05-24 02:00:00,5400.687535994195,5781.950892303839,3840.600176660613
forecast_3435,2025-05-24 03:00:00,5427.384684258561,5765.780482974553,3943.4710435029874
forecast_3436,2025-05-24 04:00:00,5418.671211656165,5923.716426933807,4057.509627962063
forecast_3437,2025-05-24 05:00:00,5857.123514317136,6244.369516095259,4573.310367927979
forecast_3438,2025-05-24 06:00:00,5760.326017689797,6239.790330852607,4846.3201658164
forecast_3439,2025-05-24 07:00:00,5796.249212604291,6102.30648508681,5171.425090968155
forecast_3440,2025-05-24 08:00:00,5635.177127082029,5914.573457498864,5358.594097354364
forecast_3441,2025-05-24 09:00:00,5547.812506540393,5693.656233463382,5219.369535724665
forecast_3442,2025-05-24 10:00:00,4971.403080001975,5231.76563002373,4966.252591551009
forecast_3443,2025-05-24 11:00:00,5008.5853512793465,4851.458312924048,4958.561435832039
forecast_3444,2025-05-24 12:00:00,5137.195603967809,4617.019572772149,5000.958294536054
forecast_3445,2025-05-24 13:00:00,5192.8664694093495,4820.689552941507,5218.09253498421
forecast_3446,2025-05-24 14:00:00,5238.303167895313,5163.486001297938,5553.6027262170865
forecast_3447,2025-05-24 15:00:00,5463.611797535471,5804.071086359349,6416.069189071654
forecast_3448,2025-05-24 16:00:00,6000.038423446322,6634.007710556994,6809.729898824714
forecast_3449,2025-05-24 17:00:00,6498.232363495375,7072.2050554501375,6944.681275312625
forecast_3450,2025-05-24 18:00:00,6833.52701562407,7305.92465050086,7560.958890822647
forecast_3451,2025-05-24 19:00:00,6694.524024892628,7662.394471195658,7560.54846065055
forecast_3452,2025-05-24 20:00:00,6601.270605320238,7899.518094622019,7125.9348868521065
forecast_3453,2025-05-24 21:00:00,6571.004744644604,7559.329827984044,7015.477163112728
forecast_3454,2025-05-24 22:00:00,6442.139327866405,6616.1239793233435,6697.676006968108
forecast_3455,2025-05-24 23:00:00,5655.747860739241,6073.505079230659,6112.387939931238
forecast_3456,2025-05-25 00:00:00,4975.585515494521,5619.643195616888,5815.816758418054
forecast_3457,2025-05-25 01:00:00,4634.056218410653,4748.349763713524,5331.490377010643
forecast_3458,2025-05-25 02:00:00,4186.6281767823675,4326.218299039581,4853.687708946044
forecast_3459,2025-05-25 03:00:00,3894.685916138177,3644.2114028253054,4433.911707065723
forecast_3460,2025-05-25 04:00:00,3897.8963850751456,4000.911960458785,4177.352501542477
forecast_3461,2025-05-25 05:00:00,3584.29562853466,3664.7731235017723,4339.769699791805
forecast_3462,2025-05-25 06:00:00,3325.0677260420944,3515.603199508494,4318.3505750004615
forecast_3463,2025-05-25 07:00:00,3134.7511654695563,3167.960008115721,4127.668675142655
forecast_3464,2025-05-25 08:00:00,2556.283612484641,2591.5395791496885,3490.7843149959294
forecast_3465,2025-05-25 09:00:00,2179.068162946759,2159.407559546018,3064.4203015344997
forecast_3466,2025-05-25 10:00:00,2076.3001219523658,1965.2039766146709,2872.3555413659988
forecast_3467,2025-05-25 11:00:00,2083.5109132935277,2006.0185166785332,2804.2751325969944
forecast_3468,2025-05-25 12:00:00,2803.4027571225274,2581.304025255017,2902.6122499409303
forecast_3469,2025-05-25 13:00:00,3465.136593712302,2892.4769795128705,3205.72790192323
forecast_3470,2025-05-25 14:00:00,3210.051608319399,2555.3336017291895,3194.657502058054
forecast_3471,2025-05-25 15:00:00,2962.517957998019,2627.762363664815,3350.2448802754257
forecast_3472,2025-05-25 16:00:00,3154.0206563715155,2556.189528836021,3512.991005872008
forecast_3473,2025-05-25 17:00:00,3474.331829021836,3270.104372266177,3802.45642121492
forecast_3474,2025-05-25 18:00:00,4038.7723498657856,4112.0367195758645,4419.212231505929
forecast_3475,2025-05-25 19:00:00,4960.076259860223,5471.934381518082,5650.194133853097
forecast_3476,2025-05-25 20:00:00,6228.142582681982,7425.2361148719465,7785.444613701858
forecast_3477,2025-05-25 21:00:00,7049.659135300169,8223.09381344129,7468.884998712784
forecast_3478,2025-05-25 22:00:00,8015.621091699564,8871.957350409104,8240.765323124873
forecast_3479,2025-05-25 23:00:00,8895.78863497726,10533.667639278587,8684.115206680273
forecast_3480,2025-05-26 00:00:00,9036.724929592818,10751.544290472299,8509.920189688786
forecast_3481,2025-05-26 01:00:00,10095.417649793559,9955.612312021562,8813.684731084777
forecast_3482,2025-05-26 02:00:00,10177.908006507321,9435.002564057486,8405.645611105469
forecast_3483,2025-05-26 03:00:00,8910.640858300716,8986.770067195694,7902.37791891939
forecast_3484,2025-05-26 04:00:00,7093.1663565373965,7216.302782395695,6868.53000360225
forecast_3485,2025-05-26 05:00:00,5874.104766588631,5487.821231631884,5816.960959977626
forecast_3486,2025-05-26 06:00:00,4268.813549721863,3928.001886566714,4725.858934050685
forecast_3487,2025-05-26 07:00:00,2778.394944676003,2605.3003578537846,3525.056934973153
forecast_3488,2025-05-26 08:00:00,2044.3319917920808,1987.6059107006486,3000.9551943241336
forecast_3489,2025-05-26 09:00:00,1610.9995297081714,1714.404270240001,2765.768143659182
forecast_3490,2025-05-26 10:00:00,1370.9312436041128,1663.734924710966,2582.216795606979
forecast_3491,2025-05-26 11:00:00,1351.839650629101,1712.8758079976842,2496.7376549819787
forecast_3492,2025-05-26 12:00:00,1417.9309687807727,1796.0401439351845,2516.298036436732
forecast_3493,2025-05-26 13:00:00,1376.2315772038291,1502.8080305615913,2726.2053112319786
forecast_3494,2025-05-26 14:00:00,1552.1819249173586,1393.8497384788707,2701.8012710241674
forecast_3495,2025-05-26 15:00:00,1590.0397504069288,1634.2763450387638,2773.0767995544647
forecast_3496,2025-05-26 16:00:00,1735.260309760486,1677.3464213253328,2834.7765563377
forecast_3497,2025-05-26 17:00:00,1868.3160453072833,1756.5377907676357,2905.864356576717
forecast_3498,2025-05-26 18:00:00,1943.7800224750763,1793.9968336394832,2938.1788412741917
forecast_3499,2025-05-26 19:00:00,2346.603553023271,2008.7760323058938,3107.190742579757
forecast_3500,2025-05-26 20:00:00,2630.171607210953,2339.5649497104405,3307.231922225213
forecast_3501,2025-05-26 21:00:00,3280.3942270166085,3299.559747118385,3602.5749200421533
forecast_3502,2025-05-26 22:00:00,4689.360669780123,4769.491349684005,4273.397866291305
forecast_3503,2025-05-26 23:00:00,5173.354218421139,5529.772622338555,5279.574980648021
forecast_3504,2025-05-27 00:00:00,6052.3448296756105,6372.136924130733,6012.766157022043
forecast_3505,2025-05-27 01:00:00,6370.024714045327,7282.1100219530335,6579.393866700474
forecast_3506,2025-05-27 02:00:00,6612.7212400370445,7563.920239153518,6942.033044686244
forecast_3507,2025-05-27 03:00:00,7049.597844040934,7990.634643479669,6671.752866107255
forecast_3508,2025-05-27 04:00:00,6592.111767290577,7471.011664196467,6753.78711333547
forecast_3509,2025-05-27 05:00:00,5116.192638860488,6311.410712708325,5847.92001425991
forecast_3510,2025-05-27 06:00:00,3448.0231745374253,4221.475390403844,4422.715055349564
forecast_3511,2025-05-27 07:00:00,2308.403419311927,2465.427978559349,3669.325850978566
forecast_3512,2025-05-27 08:00:00,1704.6354525541383,1882.007659109845,3023.805344742511
forecast_3513,2025-05-27 09:00:00,1424.7989289135203,1698.9092206488476,2756.4679018769193
forecast_3514,2025-05-27 10:00:00,1259.6395027204044,1410.501526273466,2741.2506417232967
forecast_3515,2025-05-27 11:00:00,1249.2791251816543,1585.6343236226849,2646.7787717315928
forecast_3516,2025-05-27 12:00:00,1382.030441164714,1632.2880736226844,2626.5724987319786
forecast_3517,2025-05-27 13:00:00,1357.0105615456532,1560.8761204976845,2747.071717481979
forecast_3518,2025-05-27 14:00:00,1363.0565203570686,1481.3451971336717,2806.409608106979
forecast_3519,2025-05-27 15:00:00,1356.879038733021,1508.1251203333422,2779.1325768569786
forecast_3520,2025-05-27 16:00:00,1328.6742528109808,1488.5912531458425,2783.1567956069784
forecast_3521,2025-05-27 17:00:00,1384.850186970456,1562.7361204976842,2698.8882018569784
forecast_3522,2025-05-27 18:00:00,1529.090853684348,1609.0821361226845,2758.0414049819788
forecast_3523,2025-05-27 19:00:00,1794.5194205348744,1696.1896631723066,2833.8659362319786
forecast_3524,2025-05-27 20:00:00,1775.121084714342,1671.5544506295655,2961.9085593095733
forecast_3525,2025-05-27 21:00:00,2032.478707797708,2027.2665894445227,3079.7136461025293
forecast_3526,2025-05-27 22:00:00,2568.8796957603163,2526.2988675908437,3266.282720987204
forecast_3527,2025-05-27 23:00:00,3094.064394467679,3044.1437150730517,3695.7929374448577
forecast_3528,2025-05-28 00:00:00,3869.9261835980274,3880.1360726346384,4398.541262513931
forecast_3529,2025-05-28 01:00:00,4949.940293592857,5574.480084423825,5366.959200004294
forecast_3530,2025-05-28 02:00:00,6058.952725942651,6755.923012414345,5913.403774044611
forecast_3531,2025-05-28 03:00:00,6443.571494992081,7174.286418266152,5944.0594897941955
forecast_3532,2025-05-28 04:00:00,5966.6357671313235,6792.967177866661,5625.394122819282
forecast_3533,2025-05-28 05:00:00,4964.3816928750475,5074.3427195018585,4792.2203594347775
forecast_3534,2025-05-28 06:00:00,3598.749199737899,3124.6093776551857,3792.647284232675
forecast_3535,2025-05-28 07:00:00,2435.7929696236642,2115.9409063061803,3188.2420065363426
forecast_3536,2025-05-28 08:00:00,1843.5815361281057,1782.2440999679438,2811.974063502852
forecast_3537,2025-05-28 09:00:00,1467.0224478779637,1682.3177611226847,2595.688626205415
forecast_3538,2025-05-28 10:00:00,1305.5893344546912,1514.9760033101848,2553.2114831069784
forecast_3539,2025-05-28 11:00:00,1188.2415267819752,1520.0107298726844,2537.6370299819787
forecast_3540,2025-05-28 12:00:00,1349.3840673203313,1450.7209395163773,2661.56992263678
forecast_3541,2025-05-28 13:00:00,1410.6028642168576,1518.6664689753825,2638.0770914661935
forecast_3542,2025-05-28 14:00:00,1504.1962847902641,1516.0069841883487,2918.0454891171257
forecast_3543,2025-05-28 15:00:00,1543.9558067846383,1544.7920320102812,3069.9059442238954
forecast_3544,2025-05-28 16:00:00,1765.1970349195626,1863.759897097474,3163.5184996340527
forecast_3545,2025-05-28 17:00:00,1769.2106438146238,1796.1509008276844,3088.145458013896
forecast_3546,2025-05-28 18:00:00,1808.9778379658055,1690.1093490633075,3049.435654387709
forecast_3547,2025-05-28 19:00:00,1897.5897233754285,1744.9128649128643,3045.058894803274
forecast_3548,2025-05-28 20:00:00,1870.8452392539702,1727.7652439042904,3164.3140592715768
forecast_3549,2025-05-28 21:00:00,2132.841696067955,1576.048017496536,3311.761081608411
forecast_3550,2025-05-28 22:00:00,2514.538927899611,1977.0413789202466,3518.504487300239
forecast_3551,2025-05-28 23:00:00,2917.603560355757,2289.037635133358,3837.033176071764
forecast_3552,2025-05-29 00:00:00,2583.1662354725486,2177.1662131724115,3755.4028627529983
forecast_3553,2025-05-29 01:00:00,2245.3912401223442,2159.078098473854,3430.703598285466
forecast_3554,2025-05-29 02:00:00,2229.2214526272455,2068.4810471908004,3431.417808947191
forecast_3555,2025-05-29 03:00:00,2275.584072723257,2025.9755379585968,3432.298024319836
forecast_3556,2025-05-29 04:00:00,2346.6944110545937,2017.4247870130612,3328.724596824376
forecast_3557,2025-05-29 05:00:00,2108.2335931135185,1916.712030988334,3199.2849433598067
forecast_3558,2025-05-29 06:00:00,1988.6843642219292,1856.8408366732774,3079.8061381321168
forecast_3559,2025-05-29 07:00:00,1955.1857788603447,1862.7314841515454,2944.682984400099
forecast_3560,2025-05-29 08:00:00,1768.4098716734488,1751.3174660337581,2836.5290343785437
forecast_3561,2025-05-29 09:00:00,1540.407078066758,1784.1609836050493,2728.9594573336844
forecast_3562,2025-05-29 10:00:00,1444.8894731437604,1667.4401540409808,2672.010081693767
forecast_3563,2025-05-29 11:00:00,1423.0514873705897,1641.3163673722247,2763.0622271838074
forecast_3564,2025-05-29 12:00:00,1450.6014042367078,1861.8472368498788,2845.392860041847
forecast_3565,2025-05-29 13:00:00,1517.689685131756,2076.4234565909164,2933.934065175726
forecast_3566,2025-05-29 14:00:00,1697.6718522799474,2267.9526823349943,2995.379711379293
forecast_3567,2025-05-29 15:00:00,1760.0907168555332,2118.769256840287,3068.443710292489
forecast_3568,2025-05-29 16:00:00,1964.7943259973854,2244.0918002305834,3048.868533949666
forecast_3569,2025-05-29 17:00:00,2062.1371673765507,2269.4886036020043,3163.3694429418483
forecast_3570,2025-05-29 18:00:00,2169.7792843280995,2385.8760427698135,3237.337754992733
forecast_3571,2025-05-29 19:00:00,2450.286814112469,2683.172297257207,3349.618976752891
forecast_3572,2025-05-29 20:00:00,2654.3945508631323,3069.6882179630675,3494.0519311093367
forecast_3573,2025-05-29 21:00:00,2812.7478520014038,3176.086444880152,3550.0583129260426
forecast_3574,2025-05-29 22:00:00,3112.2394300572537,3653.1867424726256,3564.1270244826164
forecast_3575,2025-05-29 23:00:00,3259.5719034289555,3894.1669349050003,3541.4421458861434
forecast_3576,2025-05-30 00:00:00,3071.6592676871496,3942.911421413783,3501.8408685043723
forecast_3577,2025-05-30 01:00:00,3258.564826098386,3122.7335269566706,3413.8878639427157
forecast_3578,2025-05-30 02:00:00,3401.9113342062637,3191.3514148687536,3487.7031635165654
forecast_3579,2025-05-30 03:00:00,3562.7215159666407,3724.014938934302,3667.662901244585
forecast_3580,2025-05-30 04:00:00,3383.185356918691,3661.9264934395806,3736.3222243976215
forecast_3581,2025-05-30 05:00:00,3552.430375222267,3932.8572641837613,3839.394684723814
forecast_3582,2025-05-30 06:00:00,3574.0383804285375,4239.443858333236,3788.963833439137
forecast_3583,2025-05-30 07:00:00,3361.482946445172,4332.84810921923,3723.658292102823
forecast_3584,2025-05-30 08:00:00,2888.7905179808604,3674.0217691341695,3504.3157216103923
forecast_3585,2025-05-30 09:00:00,2469.7271580889683,3122.8915907291944,3329.130938821459
forecast_3586,2025-05-30 10:00:00,2171.2220677897976,2881.000320324457,3289.8131800647006
forecast_3587,2025-05-30 11:00:00,2040.6810235343555,2612.8927582861597,3266.3670717906584
forecast_3588,2025-05-30 12:00:00,1961.939987210464,2511.2395823599154,3240.5559234703915
forecast_3589,2025-05-30 13:00:00,1790.5726761771566,2300.6636414088543,3144.8295817545823
forecast_3590,2025-05-30 14:00:00,1627.4003415960833,2012.5204481722294,3027.6307491770694
forecast_3591,2025-05-30 15:00:00,1551.4665571301039,1954.021614049937,2913.3876633382783
forecast_3592,2025-05-30 16:00:00,1661.3647159724806,1976.2882560750886,2882.2523694503348
forecast_3593,2025-05-30 17:00:00,1818.8869168205074,2159.0461341352993,2907.0093186561535
forecast_3594,2025-05-30 18:00:00,1954.362922678204,2199.775433719732,3026.7127120809614
forecast_3595,2025-05-30 19:00:00,2189.784520416246,2539.6472050491902,3178.137659375209
forecast_3596,2025-05-30 20:00:00,2211.1852169730573,2770.1616933835267,3361.1034843739167
forecast_3597,2025-05-30 21:00:00,2462.11189128552,3028.897450632551,3490.2912943512397
forecast_3598,2025-05-30 22:00:00,2761.220162956347,3479.248597194891,3496.056285159927
forecast_3599,2025-05-30 23:00:00,2730.8993449478307,3166.3841344118414,3498.0430080512147
forecast_3600,2025-05-31 00:00:00,2500.692671695094,3055.0448304202528,3467.2498395926204
forecast_3601,2025-05-31 01:00:00,2243.4290106904946,3052.2867869584697,3422.510443521458
forecast_3602,2025-05-31 02:00:00,2259.5871742649315,3057.3274888842407,3496.724538853529
forecast_3603,2025-05-31 03:00:00,2613.8948862598154,3204.6417639902443,3544.3251113012843
forecast_3604,2025-05-31 04:00:00,2627.4869734475283,3301.2675456798333,3561.9776660737584
forecast_3605,2025-05-31 05:00:00,2462.9436778651107,3098.695408975431,3523.9499674579283
forecast_3606,2025-05-31 06:00:00,2390.336160044023,2978.7074062584707,3479.6654044463903
forecast_3607,2025-05-31 07:00:00,2348.6712875075727,2870.8859188813585,3342.7002832465496
forecast_3608,2025-05-31 08:00:00,2085.0976416715403,2767.0794676393934,3240.3703695072522
forecast_3609,2025-05-31 09:00:00,1850.8922889433943,2563.084423310047,3098.067255596265
forecast_3610,2025-05-31 10:00:00,1672.9439683783658,2453.361012262505,3130.924854557966
forecast_3611,2025-05-31 11:00:00,1647.7803411392651,2670.8979060641987,3229.423507787045
forecast_3612,2025-05-31 12:00:00,1713.9135211843495,2321.95386369063,3362.971252561785
forecast_3613,2025-05-31 13:00:00,1755.3249050050044,2347.476199655921,3345.130303569165
forecast_3614,2025-05-31 14:00:00,1752.430250340748,2248.409559312019,3341.1355160262715
forecast_3615,2025-05-31 15:00:00,1709.4712777008053,2221.4554252308644,3281.962476228251
forecast_3616,2025-05-31 16:00:00,1727.310267783214,2245.026284866334,3263.0002882675867
forecast_3617,2025-05-31 17:00:00,1778.3177173824251,2276.8114761771903,3141.4795332806657
forecast_3618,2025-05-31 18:00:00,1961.3654653267322,2467.1887472572853,3177.2163479638907
forecast_3619,2025-05-31 19:00:00,2382.43793771505,2823.998954195724,3232.9054942981707
forecast_3620,2025-05-31 20:00:00,2159.453918837482,2752.7996339033443,3288.3774262984357
forecast_3621,2025-05-31 21:00:00,2140.2617750703694,2588.4840455615586,3275.007411582582
forecast_3622,2025-05-31 22:00:00,2367.1190818318055,2687.3577707687236,3275.102641656212
forecast_3623,2025-05-31 23:00:00,2207.474258633669,2734.7066212668115,3309.408193097799
forecast_3624,2025-06-01 00:00:00,2034.8729474225538,2594.2265330279297,3218.06200733182
forecast_3625,2025-06-01 01:00:00,1886.480648907921,2353.0893654432757,3120.130908308585
forecast_3626,2025-06-01 02:00:00,1949.7741104505594,2336.490367741364,3231.6030965547493
forecast_3627,2025-06-01 03:00:00,1978.1781824054624,2481.232148127632,3299.409262268992
forecast_3628,2025-06-01 04:00:00,2136.8900702913134,2634.21112463818,3294.763481605663
forecast_3629,2025-06-01 05:00:00,1948.6249656423051,2361.4507370921865,3179.999797503168
forecast_3630,2025-06-01 06:00:00,1823.1270001109497,2127.8645155823588,3020.0323468809925
forecast_3631,2025-06-01 07:00:00,1674.4824433453805,1888.6271254341127,2849.466619691457
forecast_3632,2025-06-01 08:00:00,1534.3336158340353,1765.067323027727,2741.037801335294
forecast_3633,2025-06-01 09:00:00,1422.0878002113732,1634.2489720601843,2623.1734263352937
forecast_3634,2025-06-01 10:00:00,1261.253908961212,1524.7493236226846,2596.8622544602936
forecast_3635,2025-06-01 11:00:00,1246.1889870862115,1417.896120497684,2590.304772451612
forecast_3636,2025-06-01 12:00:00,1182.2997598136235,1456.6599876851842,2621.5289393033154
forecast_3637,2025-06-01 13:00:00,1246.2133572740013,1482.9854564351845,2618.439863328161
forecast_3638,2025-06-01 14:00:00,1231.403489156347,1433.723229872684,2608.785019578161
forecast_3639,2025-06-01 15:00:00,1249.1698666414686,1391.207604872684,2509.53817897143
forecast_3640,2025-06-01 16:00:00,1393.2168792243538,1602.8567845601847,2576.589819596859
forecast_3641,2025-06-01 17:00:00,1565.3063017274362,1751.3363126057984,2718.4881537770802
forecast_3642,2025-06-01 18:00:00,1960.8326907202945,1960.2265884059125,3015.867321757325
forecast_3643,2025-06-01 19:00:00,2991.4442622066686,2875.70416369121,3439.0175105299263
forecast_3644,2025-06-01 20:00:00,3864.9156019618104,3853.170326145502,4275.271814555024
forecast_3645,2025-06-01 21:00:00,4445.154730208413,4679.920445691194,4949.578505704122
forecast_3646,2025-06-01 22:00:00,5408.152296924221,5366.822809631596,5328.832222262264
forecast_3647,2025-06-01 23:00:00,5510.689528223735,5421.832285783206,5206.126045142925
forecast_3648,2025-06-02 00:00:00,5577.000097470303,5629.368596769765,5636.239942290239
forecast_3649,2025-06-02 01:00:00,5298.892713871926,6413.710548838857,5462.288327415344
forecast_3650,2025-06-02 02:00:00,4680.3416322139565,5374.339011991351,4998.973507623319
forecast_3651,2025-06-02 03:00:00,5004.095807222245,4522.4214448181,4776.063835668391
forecast_3652,2025-06-02 04:00:00,3980.8145141919754,3579.440193381758,4244.946490218402
forecast_3653,2025-06-02 05:00:00,3337.0009778988883,2567.087439414704,3814.934902671583
forecast_3654,2025-06-02 06:00:00,2543.695754457357,2348.531066977708,3349.232536208638
forecast_3655,2025-06-02 07:00:00,1978.572362481692,1908.2639233128093,3056.893871612982
forecast_3656,2025-06-02 08:00:00,1846.5761302010014,1816.1947508746198,2874.7300345304507
forecast_3657,2025-06-02 09:00:00,1704.2042450336558,1805.827871625559,2775.255961354782
forecast_3658,2025-06-02 10:00:00,1641.0706581802287,1782.9664773832983,2701.4899960233856
forecast_3659,2025-06-02 11:00:00,1676.3390707123071,1844.872677503011,2691.466404491057
forecast_3660,2025-06-02 12:00:00,1660.4254708458457,2013.509324200617,2781.38016306144
forecast_3661,2025-06-02 13:00:00,1698.0121717963375,2003.8976626886742,2823.6574290510193
forecast_3662,2025-06-02 14:00:00,1901.0006577002923,2546.5639912963215,2947.666732044552
forecast_3663,2025-06-02 15:00:00,2176.5980429115425,3018.8387830386755,3283.7667878360053
forecast_3664,2025-06-02 16:00:00,2707.685683551329,3226.951969611366,3501.7353056483385
forecast_3665,2025-06-02 17:00:00,3076.5131609529035,3567.8582800550557,3855.507037650973
forecast_3666,2025-06-02 18:00:00,3561.462523369484,3837.4325380494747,4062.0016032074636
forecast_3667,2025-06-02 19:00:00,3719.360394682874,3905.981661951394,3836.509424096751
forecast_3668,2025-06-02 20:00:00,3160.896522513628,3700.2955114285346,3500.7362409450607
forecast_3669,2025-06-02 21:00:00,2855.5562759536356,3502.7895193699665,3388.9153546383773
forecast_3670,2025-06-02 22:00:00,2673.493077303969,3301.6556820289447,3259.7622150578845
forecast_3671,2025-06-02 23:00:00,2257.2518805134005,2876.9224005203214,3188.526056837229
forecast_3672,2025-06-03 00:00:00,2057.155862239213,2731.350540405634,3264.622962038356
forecast_3673,2025-06-03 01:00:00,2483.1979925262704,2647.7278630367364,3137.0432746022284
forecast_3674,2025-06-03 02:00:00,2729.985419347763,3233.382661123788,3202.7925983919863
forecast_3675,2025-06-03 03:00:00,2850.0948311538527,3805.63665502802,3514.164222390179
forecast_3676,2025-06-03 04:00:00,2797.89498099034,4019.6844301455967,3233.5237523770315
forecast_3677,2025-06-03 05:00:00,2913.6426193492707,3681.3816171106655,3528.2780720090523
forecast_3678,2025-06-03 06:00:00,2712.156634015229,3044.0153674755193,3525.7143927436364
forecast_3679,2025-06-03 07:00:00,2555.3979777659088,2599.1349144672586,3142.432541179128
forecast_3680,2025-06-03 08:00:00,2457.4479790541664,2464.5606544504935,3004.911045736821
forecast_3681,2025-06-03 09:00:00,2591.672420074011,2687.649251992195,3092.6876416136324
forecast_3682,2025-06-03 10:00:00,3137.6341757318664,3526.465657322844,3710.6773245011245
forecast_3683,2025-06-03 11:00:00,4399.693824796117,3959.583951542723,4483.541451322508
forecast_3684,2025-06-03 12:00:00,5702.591060337687,4692.8008529779145,5514.751235931942
forecast_3685,2025-06-03 13:00:00,6972.833514244705,6167.656224597653,6460.610949751467
forecast_3686,2025-06-03 14:00:00,8744.143565943386,8109.255620627097,7611.880976430053
forecast_3687,2025-06-03 15:00:00,9472.881143168916,8790.283478610294,8205.63959229753
forecast_3688,2025-06-03 16:00:00,10203.327871420843,9900.919416010012,9081.504990483476
forecast_3689,2025-06-03 17:00:00,11169.769571939289,10277.022884258495,9160.00786314984
forecast_3690,2025-06-03 18:00:00,11915.95125547146,10820.700872414891,9883.483891621936
forecast_3691,2025-06-03 19:00:00,12692.139734400509,12511.971485905482,11443.463960456196
forecast_3692,2025-06-03 20:00:00,13997.314134967772,14753.59783044913,13009.805486380541
forecast_3693,2025-06-03 21:00:00,15432.547656844847,15778.616374929745,14916.306117644941
forecast_3694,2025-06-03 22:00:00,15281.377342034342,15231.090703846905,14644.480546318133
forecast_3695,2025-06-03 23:00:00,14080.446742051137,13933.831961898308,13397.882707118955
forecast_3696,2025-06-04 00:00:00,13602.375223535008,13617.39255643453,13846.255557669232
forecast_3697,2025-06-04 01:00:00,14493.28834463072,14059.562657933115,13459.977914115369
forecast_3698,2025-06-04 02:00:00,13703.059612828736,14931.666852828554,13313.849138879803
forecast_3699,2025-06-04 03:00:00,14513.285296001071,16012.581250482363,14206.279262722706
forecast_3700,2025-06-04 04:00:00,15825.717804034888,16163.258285853124,15348.984058464637
forecast_3701,2025-06-04 05:00:00,16538.899630454063,16562.25334088951,15828.991463166414
forecast_3702,2025-06-04 06:00:00,17000.81006367324,16813.599887925386,16455.181725021717
forecast_3703,2025-06-04 07:00:00,17010.397898300045,17023.624497443303,16468.450118758108
forecast_3704,2025-06-04 08:00:00,16721.3858112543,16736.342050147538,16683.35433979909
forecast_3705,2025-06-04 09:00:00,16829.857213474326,16929.810016975185,16438.533580928055
forecast_3706,2025-06-04 10:00:00,16759.382560610586,17171.687183463197,16116.78556780945
forecast_3707,2025-06-04 11:00:00,16829.378493132972,17149.396556781616,15441.905214571798
forecast_3708,2025-06-04 12:00:00,16391.696775224853,17235.660106880423,14696.119244510806
forecast_3709,2025-06-04 13:00:00,15886.844834806037,16775.26979103193,13913.976562297896
forecast_3710,2025-06-04 14:00:00,15066.989147601184,15643.149626983697,12345.929158819057
forecast_3711,2025-06-04 15:00:00,13715.876226726032,14893.907782625636,11099.50308616025
forecast_3712,2025-06-04 16:00:00,13346.54285201105,13845.864133071793,9590.555519240628
forecast_3713,2025-06-04 17:00:00,12901.75710280512,12676.189715544482,9482.942083984437
forecast_3714,2025-06-04 18:00:00,12837.139355661388,11752.641334024092,9037.409314250363
forecast_3715,2025-06-04 19:00:00,12708.85360565906,10281.302442665197,8557.951536356217
forecast_3716,2025-06-04 20:00:00,12405.49120055616,11367.850347900232,9235.032574819577
forecast_3717,2025-06-04 21:00:00,11647.291574041988,11822.962849165175,10227.155951203698
forecast_3718,2025-06-04 22:00:00,12034.840528625999,12366.16699913628,11000.080016463493
forecast_3719,2025-06-04 23:00:00,12591.364053236313,12051.401159942074,11778.742190904148
forecast_3720,2025-06-05 00:00:00,12182.604340660939,13577.2857745293,12151.303456436624
forecast_3721,2025-06-05 01:00:00,12241.01650124841,14558.043700816917,12227.188056794295
forecast_3722,2025-06-05 02:00:00,13224.95877031048,14799.874951128859,12125.321345022465
forecast_3723,2025-06-05 03:00:00,13500.25421503922,14594.107971909554,12357.89300124522
forecast_3724,2025-06-05 04:00:00,13468.497971983821,14725.220391515408,12302.28274288007
forecast_3725,2025-06-05 05:00:00,13566.944439588788,14827.8279310701,12802.30029321929
forecast_3726,2025-06-05 06:00:00,13748.813237032324,15695.4710950162,12569.341996347637
forecast_3727,2025-06-05 07:00:00,13163.890907140929,16117.904361934765,12150.070665033207
forecast_3728,2025-06-05 08:00:00,11191.267426141952,14323.85220971224,10827.030092432706
forecast_3729,2025-06-05 09:00:00,9771.62110446132,11173.496780298872,8888.257330420705
forecast_3730,2025-06-05 10:00:00,7959.520557227273,8498.72308541663,7361.5720550734495
forecast_3731,2025-06-05 11:00:00,7102.082491748812,6868.538128259281,6570.896993639494
forecast_3732,2025-06-05 12:00:00,6629.379721559086,6059.412716360228,6113.59856021254
forecast_3733,2025-06-05 13:00:00,6207.34394512904,5927.986984015079,5838.733199097113
forecast_3734,2025-06-05 14:00:00,6274.429631275726,6061.083498618987,5892.802399850584
forecast_3735,2025-06-05 15:00:00,6229.130916070097,6033.980134768679,6182.065106969568
forecast_3736,2025-06-05 16:00:00,6816.020557057062,6975.757145786802,7062.036472984441
forecast_3737,2025-06-05 17:00:00,8172.581333075206,8461.26102591965,8970.063661039436
forecast_3738,2025-06-05 18:00:00,10079.764576601645,10638.92815651616,10911.638195942873
forecast_3739,2025-06-05 19:00:00,12777.960493015591,13500.571691383037,13503.506367354534
forecast_3740,2025-06-05 20:00:00,14316.721064383199,15928.647172421228,15433.058440967125
forecast_3741,2025-06-05 21:00:00,15926.866066476916,17318.26453478861,16195.235955330223
forecast_3742,2025-06-05 22:00:00,17996.79624144333,17989.51245459337,16566.24460928771
forecast_3743,2025-06-05 23:00:00,18893.061868657052,18104.400136100638,16835.690031783604
forecast_3744,2025-06-06 00:00:00,18929.5658319716,18054.37168777097,16985.453621681598
forecast_3745,2025-06-06 01:00:00,18957.050688115378,18495.37760715449,17098.882061120363
forecast_3746,2025-06-06 02:00:00,19001.13624588567,18291.612185662485,17195.676778260586
forecast_3747,2025-06-06 03:00:00,19443.72943710152,18364.698849074335,17265.17016159622
forecast_3748,2025-06-06 04:00:00,19405.62330539918,18320.58592352869,17223.757545356682
forecast_3749,2025-06-06 05:00:00,19528.96152566496,18290.33698575285,17151.19728523859
forecast_3750,2025-06-06 06:00:00,19310.54177729552,18415.667837814162,17031.74795655681
forecast_3751,2025-06-06 07:00:00,18473.623176978443,18298.514079071996,16685.743888623416
forecast_3752,2025-06-06 08:00:00,17041.94681323137,17559.527647864026,16240.651829350827
forecast_3753,2025-06-06 09:00:00,14087.17091460717,15749.653673918263,14603.397297033338
forecast_3754,2025-06-06 10:00:00,12977.399972114945,14656.916477866282,13630.761731135022
forecast_3755,2025-06-06 11:00:00,12728.128133785352,14829.98464823455,13464.49614716823
forecast_3756,2025-06-06 12:00:00,12528.06982824226,14247.108648713618,12963.636309024325
forecast_3757,2025-06-06 13:00:00,12911.766903399883,14173.932698250017,12697.39162066201
forecast_3758,2025-06-06 14:00:00,13171.32295610744,14363.076193032019,12918.53659171544
forecast_3759,2025-06-06 15:00:00,13504.61429142867,14100.98292953636,12966.821836294774
forecast_3760,2025-06-06 16:00:00,13770.549628467477,14309.87484439823,13190.46169953571
forecast_3761,2025-06-06 17:00:00,13885.667999545065,14823.48444262481,13778.377881854012
forecast_3762,2025-06-06 18:00:00,14234.712099562155,15417.24254113368,14349.412874840607
forecast_3763,2025-06-06 19:00:00,15766.094101791863,15581.410605015819,15857.934013986076
forecast_3764,2025-06-06 20:00:00,16478.75641970829,16523.12098761916,16407.18658507377
forecast_3765,2025-06-06 21:00:00,17320.09886634766,17587.761686965347,16693.57506799949
forecast_3766,2025-06-06 22:00:00,18195.812631728902,17710.882975190496,16678.491879474932
forecast_3767,2025-06-06 23:00:00,18664.338680802502,17477.993712660806,16745.822457855822
forecast_3768,2025-06-07 00:00:00,18544.507319743192,17166.897147841657,16941.048398816445
forecast_3769,2025-06-07 01:00:00,18753.040299757802,16915.276684890818,17003.37188219824
forecast_3770,2025-06-07 02:00:00,18693.384208997915,17159.841038323655,17126.521035733374
forecast_3771,2025-06-07 03:00:00,18522.488774393052,17584.968218977512,17150.503208200887
forecast_3772,2025-06-07 04:00:00,18375.03091946494,17854.038786234476,17115.434837624132
forecast_3773,2025-06-07 05:00:00,18679.429460125146,18117.053905430905,17091.54009638085
forecast_3774,2025-06-07 06:00:00,18899.110884723097,18413.45378830629,17021.34126863054
forecast_3775,2025-06-07 07:00:00,18286.121518691765,18179.148554985662,16333.402828764727
forecast_3776,2025-06-07 08:00:00,16038.147074302055,16959.62559649905,14832.009310395562
forecast_3777,2025-06-07 09:00:00,13537.935214837045,14645.705194552549,12105.470652392338
forecast_3778,2025-06-07 10:00:00,9746.578153631639,10605.854765785247,9243.741914429365
forecast_3779,2025-06-07 11:00:00,7741.340195257236,8535.074672232997,8360.142393214086
forecast_3780,2025-06-07 12:00:00,6826.444694904296,7250.2356192515135,6998.246333456273
forecast_3781,2025-06-07 13:00:00,6285.09406398985,6698.466184292514,5921.103245397024
forecast_3782,2025-06-07 14:00:00,5839.231365523175,6383.273514204909,5613.385375309191
forecast_3783,2025-06-07 15:00:00,5638.097580502462,6061.541423931114,5627.286507791536
forecast_3784,2025-06-07 16:00:00,5387.459638721861,6036.444578785223,5807.467999523522
forecast_3785,2025-06-07 17:00:00,5586.397432785181,6095.684514806091,6116.231372560276
forecast_3786,2025-06-07 18:00:00,6199.598771538961,7150.602415647604,7113.085719059834
forecast_3787,2025-06-07 19:00:00,7893.2824213642325,9369.665395223688,8328.279384196549
forecast_3788,2025-06-07 20:00:00,10548.14400575251,12064.432440927525,10215.602720783325
forecast_3789,2025-06-07 21:00:00,12201.214773934571,13835.135444063586,11169.57863140142
forecast_3790,2025-06-07 22:00:00,13379.594749180611,13781.01832449716,10964.623858735125
forecast_3791,2025-06-07 23:00:00,13210.749327968966,13161.900924164342,10947.117295585202
forecast_3792,2025-06-08 00:00:00,13038.398123709465,13895.633774595166,11169.291898626348
forecast_3793,2025-06-08 01:00:00,12697.704248452073,14235.153314064184,10883.174756611537
forecast_3794,2025-06-08 02:00:00,11689.325698698765,13189.660584051926,10416.632813355682
forecast_3795,2025-06-08 03:00:00,10393.427493498679,11350.214423318794,9183.174518047272
forecast_3796,2025-06-08 04:00:00,9227.916905844122,9486.994359356482,8598.89054115072
forecast_3797,2025-06-08 05:00:00,8852.192980461186,8410.378494341609,7789.273983280031
forecast_3798,2025-06-08 06:00:00,7695.133594311494,6971.768271650668,6537.518632146636
forecast_3799,2025-06-08 07:00:00,5221.535700066159,4924.745084366823,4643.029277012544
forecast_3800,2025-06-08 08:00:00,3131.443238121042,2843.001574904989,3552.3207484380596
forecast_3801,2025-06-08 09:00:00,2168.9511325605627,2097.0651323783422,3018.431710422321
forecast_3802,2025-06-08 10:00:00,1669.533331849524,1840.552307807844,2614.127082603965
forecast_3803,2025-06-08 11:00:00,1492.2224262908676,1648.8515158009905,2463.5810123147435
forecast_3804,2025-06-08 12:00:00,1449.2983236485798,1478.8480345601847,2451.6115612319786
forecast_3805,2025-06-08 13:00:00,1445.6731793580211,1465.1782298726848,2452.3292174819785
forecast_3806,2025-06-08 14:00:00,1489.4559527955216,1550.556237685184,2457.2717174819786
forecast_3807,2025-06-08 15:00:00,1484.7967547320686,1572.1346751851843,2546.169920606979
forecast_3808,2025-06-08 16:00:00,1481.9656306207808,1494.3808861226844,2575.296873731979
forecast_3809,2025-06-08 17:00:00,1547.104234225927,1467.446862685184,2593.1339321431133
forecast_3810,2025-06-08 18:00:00,1749.0989037442669,1814.4405405309608,2778.019554288162
forecast_3811,2025-06-08 19:00:00,2372.1222454457447,2286.6953856672935,3072.5827987881066
forecast_3812,2025-06-08 20:00:00,3122.4927351099586,2828.226538721,3538.236329521625
forecast_3813,2025-06-08 21:00:00,4153.521185953487,4052.7932795784864,4312.085669836328
forecast_3814,2025-06-08 22:00:00,5966.948594027684,5713.7062362588895,5510.4704365329435
forecast_3815,2025-06-08 23:00:00,7781.926021944133,7495.158465738782,6675.28877411203
forecast_3816,2025-06-09 00:00:00,9277.36873390114,9141.316508455448,7997.895201611347
forecast_3817,2025-06-09 01:00:00,9619.344479195417,10218.836632311562,8506.632423598976
forecast_3818,2025-06-09 02:00:00,10058.828330952876,10338.948262238937,8479.193450712633
forecast_3819,2025-06-09 03:00:00,10299.56795179087,9974.163430976878,7985.488709734689
forecast_3820,2025-06-09 04:00:00,9966.112875235833,9266.17722863924,7270.40727728085
forecast_3821,2025-06-09 05:00:00,8635.108192077301,8222.374506475764,6822.245307651551
forecast_3822,2025-06-09 06:00:00,6545.434353441185,6515.539508676292,5882.510596742044
forecast_3823,2025-06-09 07:00:00,4581.593738943899,3964.707978223668,4539.374919467789
forecast_3824,2025-06-09 08:00:00,2743.3343184225646,2262.963631805869,3323.391329507485
forecast_3825,2025-06-09 09:00:00,2147.02724792363,1981.380799888254,2930.955990017654
forecast_3826,2025-06-09 10:00:00,1720.9706804407006,1988.7296078592053,2722.7777993228915
forecast_3827,2025-06-09 11:00:00,1695.422552327589,1896.6398152007869,2718.100814845941
forecast_3828,2025-06-09 12:00:00,1734.3922610214404,1993.084233446526,2794.9810059276865
forecast_3829,2025-06-09 13:00:00,1898.137357518227,2173.0910353998133,2906.389467682897
forecast_3830,2025-06-09 14:00:00,2099.4008203739577,2425.5136643153137,3047.0595973622703
forecast_3831,2025-06-09 15:00:00,2484.9140153956396,2908.658042443425,3443.818522990513
forecast_3832,2025-06-09 16:00:00,2853.98173939563,3407.092839557703,3681.172460115209
forecast_3833,2025-06-09 17:00:00,3054.1682254207667,3384.170710071149,3999.3748521100642
forecast_3834,2025-06-09 18:00:00,3714.637465842198,3505.454196226805,4380.055994773908
forecast_3835,2025-06-09 19:00:00,4690.464125562735,4343.008198407399,4897.277511387948
forecast_3836,2025-06-09 20:00:00,5017.241028976838,5361.180747319847,5500.196947790753
forecast_3837,2025-06-09 21:00:00,6594.411797358565,7565.655690858899,6732.379908372035
forecast_3838,2025-06-09 22:00:00,9784.73494020374,11528.391721907763,9099.575082095638
forecast_3839,2025-06-09 23:00:00,11561.463966245416,14253.515213048766,9799.703737575139
forecast_3840,2025-06-10 00:00:00,12939.406023995904,16002.487970362952,10780.044063018024
forecast_3841,2025-06-10 01:00:00,15087.054234506937,16813.60754186248,13407.360017992618
forecast_3842,2025-06-10 02:00:00,16129.687380043306,17250.13530442046,14064.381888654341
forecast_3843,2025-06-10 03:00:00,16379.770022064295,17287.141687595937,14920.68936595329
forecast_3844,2025-06-10 04:00:00,16054.713923227897,17236.925425577847,14531.271280309218
forecast_3845,2025-06-10 05:00:00,16748.303826065214,16447.471067093935,14890.066666678198
forecast_3846,2025-06-10 06:00:00,16597.438203429465,15440.410579893454,13628.738424398685
forecast_3847,2025-06-10 07:00:00,14539.336023086833,15276.697898008671,11858.578293807985
forecast_3848,2025-06-10 08:00:00,11644.660721144319,13550.245207084034,9277.382908145073
forecast_3849,2025-06-10 09:00:00,8425.61625676184,8731.54703872203,7176.761859408489
forecast_3850,2025-06-10 10:00:00,5963.444845027578,6384.1383540255565,6062.1589564632295
forecast_3851,2025-06-10 11:00:00,5255.56470294825,5698.710121320056,5710.7318077718655
forecast_3852,2025-06-10 12:00:00,5171.728141101598,5823.80933912908,5709.766587209842
forecast_3853,2025-06-10 13:00:00,5364.443651462599,5857.7839411162295,6080.867813368924
forecast_3854,2025-06-10 14:00:00,6002.90212095831,6686.18938016182,6292.0070544556875
forecast_3855,2025-06-10 15:00:00,6572.230838910485,7763.0644201843625,6629.857201892028
forecast_3856,2025-06-10 16:00:00,7202.345554537818,8402.902707894991,7712.113859409364
forecast_3857,2025-06-10 17:00:00,7903.634420857456,8892.58048516215,8121.668578923758
forecast_3858,2025-06-10 18:00:00,8691.199396879452,8884.225468039394,8173.946670960173
forecast_3859,2025-06-10 19:00:00,9403.565703335902,9679.464402866866,8767.454573183422
forecast_3860,2025-06-10 20:00:00,10219.395537373779,9991.687455539857,9618.999270749388
forecast_3861,2025-06-10 21:00:00,11486.707403557371,12186.36618571662,10808.277793547211
forecast_3862,2025-06-10 22:00:00,12888.573077298664,15394.674413856901,13096.663242873103
forecast_3863,2025-06-10 23:00:00,13823.347160394058,15877.995685438462,13795.645234707343
forecast_3864,2025-06-11 00:00:00,13662.516274405421,14156.58383072292,14253.38212312662
forecast_3865,2025-06-11 01:00:00,14523.238567963861,15352.944512278864,13794.066274035697
forecast_3866,2025-06-11 02:00:00,13831.596130243124,14950.852329096055,12369.462802117796
forecast_3867,2025-06-11 03:00:00,12334.596195307464,14235.824198074408,11598.108491577193
forecast_3868,2025-06-11 04:00:00,11236.562933615109,13904.383962322012,10727.123082661541
forecast_3869,2025-06-11 05:00:00,11211.883310461035,13487.779119860923,10581.265487908495
forecast_3870,2025-06-11 06:00:00,11701.304289324784,13076.505131808739,10028.718421030346
forecast_3871,2025-06-11 07:00:00,11303.968432829884,10402.641408590196,9077.313629530157
forecast_3872,2025-06-11 08:00:00,9594.45657000399,8002.631702712712,7892.145090929034
forecast_3873,2025-06-11 09:00:00,8408.629282319436,6851.923160785927,6661.2285932189625
forecast_3874,2025-06-11 10:00:00,7729.616041009219,6202.029361996331,6123.264751787491
forecast_3875,2025-06-11 11:00:00,7729.056234886602,5797.432830204529,5797.914998566552
forecast_3876,2025-06-11 12:00:00,7615.249280142697,5716.651892768837,5660.051731630689
forecast_3877,2025-06-11 13:00:00,7617.071114091407,5705.593079027554,6001.966269654967
forecast_3878,2025-06-11 14:00:00,7444.69923657807,6132.715943045914,6165.3277048476875
forecast_3879,2025-06-11 15:00:00,6338.597601818637,5880.999640157932,5486.35279175283
forecast_3880,2025-06-11 16:00:00,5584.981228305055,4682.236084985196,4925.530556794432
forecast_3881,2025-06-11 17:00:00,5078.915528112845,3601.633437835998,4465.365943139872
forecast_3882,2025-06-11 18:00:00,4284.9056942279985,3575.544068733597,4069.7884461969143
forecast_3883,2025-06-11 19:00:00,4266.024449029292,4378.727664241728,4496.925686782247
forecast_3884,2025-06-11 20:00:00,5404.801707630899,5243.809958304168,4945.851531061991
forecast_3885,2025-06-11 21:00:00,5978.60645975077,6173.322886008444,5474.137752057744
forecast_3886,2025-06-11 22:00:00,7056.168609091462,7227.71128659419,5976.18330868963
forecast_3887,2025-06-11 23:00:00,7712.296039936542,7712.631139344466,6425.576491563101
forecast_3888,2025-06-12 00:00:00,7004.864798777649,6544.944103375629,5892.900078255924
forecast_3889,2025-06-12 01:00:00,5011.102144188819,4797.232458189967,5147.501479308614
forecast_3890,2025-06-12 02:00:00,4294.1015747057045,3504.267286833865,4574.33231683222
forecast_3891,2025-06-12 03:00:00,3404.9195424587074,2644.493362055353,3749.4554827449538
forecast_3892,2025-06-12 04:00:00,2501.372367529262,2276.4339902442753,3406.6400478938576
forecast_3893,2025-06-12 05:00:00,1991.6665485836238,2050.090805652123,3159.058601663458
forecast_3894,2025-06-12 06:00:00,1896.5663651055384,2029.5660940013286,2932.086242789351
forecast_3895,2025-06-12 07:00:00,1874.3414088675327,1944.976035515384,2757.0709241713835
forecast_3896,2025-06-12 08:00:00,1676.1886412224421,1716.733230226736,2661.109152688134
forecast_3897,2025-06-12 09:00:00,1573.913951195812,1574.7883244471877,2630.4885904397433
forecast_3898,2025-06-12 10:00:00,1476.8998423361754,1557.5359778562452,2557.4878893569785
forecast_3899,2025-06-12 11:00:00,1411.4282965455213,1461.9569798726843,2599.3118737319787
forecast_3900,2025-06-12 12:00:00,1363.6329059205218,1447.6367845601844,2545.977029981979
forecast_3901,2025-06-12 13:00:00,1337.2203668580214,1400.7748078333425,2563.2673424819786
forecast_3902,2025-06-12 14:00:00,1360.3334918580213,1387.375940645842,2560.2589049819785
forecast_3903,2025-06-12 15:00:00,1403.0240642235276,1402.0596338734958,2568.267029981979
forecast_3904,2025-06-12 16:00:00,1514.8271864453682,1485.6667864187484,2618.904217481979
forecast_3905,2025-06-12 17:00:00,1657.2014669605733,1585.0409676062582,2656.6436605886183
forecast_3906,2025-06-12 18:00:00,1870.2398952873527,1670.4436255847122,2747.6607058044647
forecast_3907,2025-06-12 19:00:00,2119.8174656455294,2035.778129562831,2878.334773976
forecast_3908,2025-06-12 20:00:00,2002.922379957823,2143.7171722973335,3051.2862263030206
forecast_3909,2025-06-12 21:00:00,2082.4059695412197,2183.204637139578,3172.292937468802
forecast_3910,2025-06-12 22:00:00,2654.2872774502325,2681.9625230336924,3439.305519808552
forecast_3911,2025-06-12 23:00:00,3246.6789790349126,3425.578708584069,3744.034759505914
forecast_3912,2025-06-13 00:00:00,3769.8393074952514,4200.170173935492,4375.977549913459
forecast_3913,2025-06-13 01:00:00,4454.329287896084,5414.341821081345,4717.795280817143
forecast_3914,2025-06-13 02:00:00,5581.893774000666,5959.986136054606,5294.186551313413
forecast_3915,2025-06-13 03:00:00,5883.517367673005,6093.970492249556,5666.9556227005605
forecast_3916,2025-06-13 04:00:00,6116.34372767035,5885.61819261427,5439.683871352752
forecast_3917,2025-06-13 05:00:00,5319.721743755327,4386.040738312905,4634.878140320182
forecast_3918,2025-06-13 06:00:00,3729.5976746442775,2783.0684648699407,3892.4504080679926
forecast_3919,2025-06-13 07:00:00,2447.7889534906935,2072.17345939611,3179.757311003953
forecast_3920,2025-06-13 08:00:00,1989.91196226378,1558.4264147429858,2799.4390559424687
forecast_3921,2025-06-13 09:00:00,1594.1808887945044,1409.014302735497,2692.0361765122707
forecast_3922,2025-06-13 10:00:00,1356.259943269869,1199.4891532957827,2614.761639356979
forecast_3923,2025-06-13 11:00:00,1392.2004980533948,1285.4419332057287,2540.1071994343806
forecast_3924,2025-06-13 12:00:00,1407.8908869478482,1335.6811338654834,2627.5216173737895
forecast_3925,2025-06-13 13:00:00,1465.0714058159992,1498.239081340017,2813.2548054634167
forecast_3926,2025-06-13 14:00:00,1642.4948657451023,1658.2471071237178,2976.3919911924254
forecast_3927,2025-06-13 15:00:00,1664.615509703075,1803.5799320824244,3089.436615776428
forecast_3928,2025-06-13 16:00:00,1740.66835627801,2049.0786763666983,3012.443678855984
forecast_3929,2025-06-13 17:00:00,1908.287269891971,2307.444857302231,3230.216064158466
forecast_3930,2025-06-13 18:00:00,2035.945116368206,2312.4165196446156,3284.7898405087035
forecast_3931,2025-06-13 19:00:00,2079.5291300950275,2625.811704500773,3241.16944073719
forecast_3932,2025-06-13 20:00:00,1937.5980793938543,2762.3000104040084,3354.8074328208545
forecast_3933,2025-06-13 21:00:00,2250.702303196127,2994.921839458644,3457.7398053577454
forecast_3934,2025-06-13 22:00:00,3167.5618625227453,3696.1466107292417,4560.936393797374
forecast_3935,2025-06-13 23:00:00,3820.6983119765955,4352.867590212545,4574.438797670812
forecast_3936,2025-06-14 00:00:00,4625.037723399289,5849.8630196236445,5425.327766964964
forecast_3937,2025-06-14 01:00:00,7407.561478626092,8249.474967317274,7935.758826848608
forecast_3938,2025-06-14 02:00:00,9220.041309812515,11108.784743609218,8365.417565585969
forecast_3939,2025-06-14 03:00:00,9036.269540698493,11563.323206824243,7799.650999177313
forecast_3940,2025-06-14 04:00:00,8199.104293734405,10022.107664784324,6360.700841919788
forecast_3941,2025-06-14 05:00:00,6486.688565795813,6346.380036051168,4826.644363089248
forecast_3942,2025-06-14 06:00:00,3918.691001479405,3787.2332105109076,4108.17730203663
forecast_3943,2025-06-14 07:00:00,2603.434423050012,2321.734085006051,3217.864050778575
forecast_3944,2025-06-14 08:00:00,2215.852054422775,2117.1881259209913,3005.366266689336
forecast_3945,2025-06-14 09:00:00,1930.0525377224494,2141.2264748700572,2960.7676527601056
forecast_3946,2025-06-14 10:00:00,1790.0890513955474,2156.62506116463,3037.6175381923085
forecast_3947,2025-06-14 11:00:00,1809.065383399372,2181.023481022504,3110.1701120688595
forecast_3948,2025-06-14 12:00:00,1871.1399135681977,2332.4067269103516,3100.905343166402
forecast_3949,2025-06-14 13:00:00,1854.2848373702973,2354.6696751928084,3144.2379011779526
forecast_3950,2025-06-14 14:00:00,1694.4629062786644,2091.321099924173,3177.4304780447387
forecast_3951,2025-06-14 15:00:00,1653.0455531458956,1860.6750029864052,3108.252566430278
forecast_3952,2025-06-14 16:00:00,1693.7825813055288,1798.753306411525,3019.120774150408
forecast_3953,2025-06-14 17:00:00,1794.7079327417077,1919.0057954016402,2995.618076323935
forecast_3954,2025-06-14 18:00:00,1880.4934216524025,2104.3865971321684,2976.9153880469844
forecast_3955,2025-06-14 19:00:00,2015.8123997088524,2426.722056079355,2993.2895686464626
forecast_3956,2025-06-14 20:00:00,1981.788845880702,2583.792036643941,3093.3571517902187
forecast_3957,2025-06-14 21:00:00,1994.1420663644303,2483.571868141178,3283.2536124454973
forecast_3958,2025-06-14 22:00:00,2596.9044430432923,2609.566953175642,3500.995433118971
forecast_3959,2025-06-14 23:00:00,2748.7263831503974,2621.0346776824517,3600.3349948597292
forecast_3960,2025-06-15 00:00:00,3230.977136153249,3235.093749323181,3969.694966733132
forecast_3961,2025-06-15 01:00:00,4849.539462448784,4277.461635389678,5774.471447006614
forecast_3962,2025-06-15 02:00:00,5743.968378709611,5159.095042394686,6300.283992768157
forecast_3963,2025-06-15 03:00:00,5937.512112252518,5389.9125693251635,6368.854094228363
forecast_3964,2025-06-15 04:00:00,6234.835189989821,5239.818075142677,6289.71718806557
forecast_3965,2025-06-15 05:00:00,5838.209150751855,4991.837170440223,6310.0791786024665
forecast_3966,2025-06-15 06:00:00,5320.518519766388,4590.406697485763,6093.255195949414
forecast_3967,2025-06-15 07:00:00,4128.205369726025,3865.2994137080254,4933.448761063564
forecast_3968,2025-06-15 08:00:00,2935.4552582683477,2817.0438787384855,3808.17937245114
forecast_3969,2025-06-15 09:00:00,2310.1427225745565,2114.525507867799,3267.7843405209587
forecast_3970,2025-06-15 10:00:00,1819.936769996346,1950.9562142597479,3046.3873218888984
forecast_3971,2025-06-15 11:00:00,1761.3380939443014,1945.5161202302615,3050.643617788036
forecast_3972,2025-06-15 12:00:00,1980.47227994667,2133.676686838804,3294.1972209518826
forecast_3973,2025-06-15 13:00:00,2245.6092245959844,2736.9411964624314,3898.479251502111
forecast_3974,2025-06-15 14:00:00,2573.849225045142,3104.7976760345764,4633.115685779378
forecast_3975,2025-06-15 15:00:00,3133.048202906517,3507.6121383337504,4991.874513119286
forecast_3976,2025-06-15 16:00:00,3604.556605475109,3894.5944976080345,5429.176113080673
forecast_3977,2025-06-15 17:00:00,3809.8351915112753,4184.234172406623,5441.592751851571
forecast_3978,2025-06-15 18:00:00,4451.515241395762,5183.758785966576,6531.1783645752
forecast_3979,2025-06-15 19:00:00,5917.743254089166,7960.202300163166,7063.99983201626
forecast_3980,2025-06-15 20:00:00,6420.834704743151,10433.578530428365,6524.898395779702
forecast_3981,2025-06-15 21:00:00,7103.05297001601,10547.500514606787,7665.376897076664
forecast_3982,2025-06-15 22:00:00,8656.337469720607,11666.674662036086,8689.10092065858
forecast_3983,2025-06-15 23:00:00,9770.75167776556,14660.897065109653,9737.734784042066
forecast_3984,2025-06-16 00:00:00,9914.176935402176,14924.347292650891,10744.71668125816
forecast_3985,2025-06-16 01:00:00,9488.415662234738,14323.376628576276,9109.060176719155
forecast_3986,2025-06-16 02:00:00,9407.351781618108,13094.297741192233,9010.768400365247
forecast_3987,2025-06-16 03:00:00,9708.749713232697,13612.63176810148,9546.976741039345
forecast_3988,2025-06-16 04:00:00,9423.14742138147,13519.571878423265,8755.901820685527
forecast_3989,2025-06-16 05:00:00,8768.100420755824,12396.505973912808,8529.579630897419
forecast_3990,2025-06-16 06:00:00,8592.263160742956,12423.296348435695,8497.184944536224
forecast_3991,2025-06-16 07:00:00,8407.90937056578,14333.991297750297,7697.668834023739
forecast_3992,2025-06-16 08:00:00,8543.1703903544,14279.767727123657,7299.632198372094
forecast_3993,2025-06-16 09:00:00,8806.424020637365,12915.675806606076,7314.942968328351
forecast_3994,2025-06-16 10:00:00,8546.857558523741,11135.205025341613,7645.43824226236
forecast_3995,2025-06-16 11:00:00,9002.550665044584,10996.806935046021,8658.408729295326
forecast_3996,2025-06-16 12:00:00,9593.797304945427,11357.951042087552,8227.092283855645
forecast_3997,2025-06-16 13:00:00,8568.249252649779,9654.99271531073,8557.771133845534
forecast_3998,2025-06-16 14:00:00,8836.165237383808,10354.875430915094,9377.07075809465
forecast_3999,2025-06-16 15:00:00,9313.088759524868,11541.165537492614,10386.705959923605
forecast_4000,2025-06-16 16:00:00,9460.426290920273,12866.461050810658,11124.988988544806
forecast_4001,2025-06-16 17:00:00,11056.682990713778,13248.791973498415,11394.140799746943
forecast_4002,2025-06-16 18:00:00,11850.15733842524,13091.862841154534,11303.373934132298
forecast_4003,2025-06-16 19:00:00,12111.486961466697,12609.155357652544,11456.607063183259
forecast_4004,2025-06-16 20:00:00,12716.860083674052,13133.234880006556,12350.522844675452
forecast_4005,2025-06-16 21:00:00,12773.152368992367,14636.969280953104,12726.73197389887
forecast_4006,2025-06-16 22:00:00,15868.13080609859,16453.878584592192,14077.71148421153
forecast_4007,2025-06-16 23:00:00,16719.14103168885,17325.181723823523,14801.045885749914
forecast_4008,2025-06-17 00:00:00,17047.697732912842,17374.09387510831,15733.460580102961
forecast_4009,2025-06-17 01:00:00,16621.627735476945,17279.95598213947,15626.87230502866
forecast_4010,2025-06-17 02:00:00,17027.31246134644,17495.991883318016,16051.84864248844
forecast_4011,2025-06-17 03:00:00,16876.805370167138,18195.499305157973,15982.320625763365
forecast_4012,2025-06-17 04:00:00,16761.60436337277,18360.099552430067,15531.138236174931
forecast_4013,2025-06-17 05:00:00,16786.25513799884,18009.814633831065,15455.53688103284
forecast_4014,2025-06-17 06:00:00,15954.59292658711,17603.761371101125,15051.611538808633
forecast_4015,2025-06-17 07:00:00,13998.842886517537,16601.461706442627,13420.046708700105
forecast_4016,2025-06-17 08:00:00,12422.885117956648,14860.515857969462,12141.443385963656
forecast_4017,2025-06-17 09:00:00,11312.851530051512,13356.260814114674,12154.077610776601
forecast_4018,2025-06-17 10:00:00,10045.207829279265,10832.436394290431,10732.071678177399
forecast_4019,2025-06-17 11:00:00,9297.630529841275,10162.01904579286,9787.033286554091
forecast_4020,2025-06-17 12:00:00,8983.082502633184,10291.76085869522,9668.22701416022
forecast_4021,2025-06-17 13:00:00,8663.018208835843,10465.918608774668,9220.575194198042
forecast_4022,2025-06-17 14:00:00,8294.540295265426,9986.15802523254,8740.776542993324
forecast_4023,2025-06-17 15:00:00,7824.104774595434,8901.348565463337,8447.085217815109
forecast_4024,2025-06-17 16:00:00,7608.792756180863,8620.463910266852,8459.068337211671
forecast_4025,2025-06-17 17:00:00,7062.059770074982,7689.622665019626,7592.883181182586
forecast_4026,2025-06-17 18:00:00,6433.997724393167,6450.58274720661,7053.5541319958475
forecast_4027,2025-06-17 19:00:00,5560.156490545033,6366.168103919924,6561.029711519537
forecast_4028,2025-06-17 20:00:00,5706.912085230518,6718.246876524822,6102.7013525227085
forecast_4029,2025-06-17 21:00:00,6279.325272275428,7467.140399515741,6272.654535709086
forecast_4030,2025-06-17 22:00:00,7791.961015955155,9779.426185813458,6622.755001224529
forecast_4031,2025-06-17 23:00:00,8755.466814734862,11110.85885130395,7107.802476544124
forecast_4032,2025-06-18 00:00:00,8575.0899036685,11174.29681901792,7220.0639989932315
forecast_4033,2025-06-18 01:00:00,10066.10883768024,11732.52493514197,7437.117473065622
forecast_4034,2025-06-18 02:00:00,10713.70398421023,11859.527561736213,7561.151022914894
forecast_4035,2025-06-18 03:00:00,11005.718662424759,12202.377563884213,8179.004775373995
forecast_4036,2025-06-18 04:00:00,11272.203846013834,13235.337322080466,8423.608177059563
forecast_4037,2025-06-18 05:00:00,11430.128067266694,13985.571994898397,8630.042196940369
forecast_4038,2025-06-18 06:00:00,11613.980655032428,14137.992825519974,8632.816950708482
forecast_4039,2025-06-18 07:00:00,9870.824632826969,12737.981004172032,8064.68501088288
forecast_4040,2025-06-18 08:00:00,7896.542161714296,9268.18122610988,7490.393919655355
forecast_4041,2025-06-18 09:00:00,7220.22774951823,7758.937644414502,6213.975513228866
forecast_4042,2025-06-18 10:00:00,6112.821113102728,6243.313192388282,5335.807469422529
forecast_4043,2025-06-18 11:00:00,5298.116551887741,4845.343065031955,4641.464942820658
forecast_4044,2025-06-18 12:00:00,4741.869118167762,4413.783231143538,4265.30461623294
forecast_4045,2025-06-18 13:00:00,4538.814170315354,4079.48568822586,4110.151983362395
forecast_4046,2025-06-18 14:00:00,4382.3606088599145,3903.0070413191934,4096.32512195804
forecast_4047,2025-06-18 15:00:00,4751.580484274568,3814.438167961063,4318.388462377954
forecast_4048,2025-06-18 16:00:00,4901.728279498095,3855.0369104571673,4442.3531682966495
forecast_4049,2025-06-18 17:00:00,5298.866153071362,3980.745350426631,5131.726927814797
forecast_4050,2025-06-18 18:00:00,5316.31146759361,4551.643365178583,5653.832575264652
forecast_4051,2025-06-18 19:00:00,6150.837582109537,6327.82525257057,6395.609033035569
forecast_4052,2025-06-18 20:00:00,7261.232553315018,7958.094947610618,7773.5780330459775
forecast_4053,2025-06-18 21:00:00,8662.501781601288,9972.205900137673,8660.724201361705
forecast_4054,2025-06-18 22:00:00,11227.986294774091,12606.045286148785,10261.301871091684
forecast_4055,2025-06-18 23:00:00,12462.326928372198,13475.890901624289,11137.528971957156
forecast_4056,2025-06-19 00:00:00,12811.167168807176,14221.77548160387,11524.956274553926
forecast_4057,2025-06-19 01:00:00,13072.883938619703,14883.989996494849,11716.924541791139
forecast_4058,2025-06-19 02:00:00,12931.239900553303,14257.505947184844,11615.403101881413
forecast_4059,2025-06-19 03:00:00,13080.913595152888,13706.730036032182,11291.09896820346
forecast_4060,2025-06-19 04:00:00,13192.496778399433,12893.750203353382,10706.18343970832
forecast_4061,2025-06-19 05:00:00,12510.761476522934,12479.961225973544,9860.96056297699
forecast_4062,2025-06-19 06:00:00,10788.961512994383,10927.23839587926,8503.53033392252
forecast_4063,2025-06-19 07:00:00,8707.894522520746,8541.618808079033,6829.884453598152
forecast_4064,2025-06-19 08:00:00,6157.550650473545,5184.615775862126,4776.741358671775
forecast_4065,2025-06-19 09:00:00,3609.857765675146,2403.4193357046424,3527.1626399175066
forecast_4066,2025-06-19 10:00:00,1840.2642092257538,1482.90641311947,2952.345089117333
forecast_4067,2025-06-19 11:00:00,1442.719904397265,1248.138600911153,2607.1875157717454
forecast_4068,2025-06-19 12:00:00,1177.567850078749,1215.2265465600067,2477.099682756082
forecast_4069,2025-06-19 13:00:00,1137.4989788375797,1244.4604369039344,2444.770691960294
forecast_4070,2025-06-19 14:00:00,1140.3937181718438,1346.121488776249,2454.129869121737
forecast_4071,2025-06-19 15:00:00,1254.5638918421855,1715.7364625567234,2526.6625145374046
forecast_4072,2025-06-19 16:00:00,1633.4046634657352,1966.340207455596,2779.7578319183835
forecast_4073,2025-06-19 17:00:00,2207.5616781619055,2403.2805908903883,3284.891583934828
forecast_4074,2025-06-19 18:00:00,2871.5720413978456,3303.8269222270055,3748.997110529024
forecast_4075,2025-06-19 19:00:00,3636.9533285457483,3677.101937418666,4369.98365609963
forecast_4076,2025-06-19 20:00:00,4365.173343956988,4796.0610099027235,4770.627582237797
forecast_4077,2025-06-19 21:00:00,5337.315818808981,6032.408236731137,5638.833334219053
forecast_4078,2025-06-19 22:00:00,7273.9520602327475,8012.796219753363,7067.478511842257
forecast_4079,2025-06-19 23:00:00,8625.69823938664,9662.190461490232,7649.6760650315755
forecast_4080,2025-06-20 00:00:00,9640.425905396442,11691.32300920273,7837.672202198907
forecast_4081,2025-06-20 01:00:00,10051.569371069243,13440.883415231205,8664.763978669824
forecast_4082,2025-06-20 02:00:00,10995.084335276406,14318.453457273898,9164.613548546928
forecast_4083,2025-06-20 03:00:00,10991.379877817217,14435.405530169977,9930.701853592976
forecast_4084,2025-06-20 04:00:00,11664.803643058747,14228.177677173548,10989.974654801086
forecast_4085,2025-06-20 05:00:00,12207.066482704946,14354.88389936253,10765.1521873753
forecast_4086,2025-06-20 06:00:00,11110.934829342941,14027.237723286225,10155.295945224672
forecast_4087,2025-06-20 07:00:00,10632.365899365703,14101.042779480158,9564.642923611591
forecast_4088,2025-06-20 08:00:00,10185.33251174008,14373.283154005008,9851.115309070849
forecast_4089,2025-06-20 09:00:00,9602.035645096084,14408.041659511608,9950.825092341507
forecast_4090,2025-06-20 10:00:00,8906.778234895393,12849.839289859072,10285.857184280267
forecast_4091,2025-06-20 11:00:00,9409.352869653596,14440.075870995941,11447.94561220066
forecast_4092,2025-06-20 12:00:00,10592.272956150488,15325.265207924806,12733.745187737624
forecast_4093,2025-06-20 13:00:00,12836.041224414887,16365.16741763656,14057.987077524464
forecast_4094,2025-06-20 14:00:00,13066.935244923327,17148.937903359478,14935.280826966497
forecast_4095,2025-06-20 15:00:00,13785.31470919096,17274.27650808558,16004.596323274134
forecast_4096,2025-06-20 16:00:00,15192.098105937726,17342.742915255087,16680.916314829825
forecast_4097,2025-06-20 17:00:00,16363.53742208469,17315.783880545074,17226.421524994425
forecast_4098,2025-06-20 18:00:00,16542.266265498416,17446.95450977237,17711.35863215209
forecast_4099,2025-06-20 19:00:00,17444.72742828752,17744.099287422556,18246.116238770734
forecast_4100,2025-06-20 20:00:00,17774.976743112962,17625.78593040191,18428.34034293791
forecast_4101,2025-06-20 21:00:00,17638.83625541393,17507.23987240675,18356.940113314937
forecast_4102,2025-06-20 22:00:00,17923.265917403718,17666.791568311804,18321.779349316763
forecast_4103,2025-06-20 23:00:00,17779.992762521222,17821.21275717784,18094.199694748506
forecast_4104,2025-06-21 00:00:00,17446.55854492537,17897.58713625405,17896.75355764814
forecast_4105,2025-06-21 01:00:00,17119.70074623974,17447.311891673642,17649.400110197665
forecast_4106,2025-06-21 02:00:00,16941.502783585667,17049.87797479842,17423.848007356875
forecast_4107,2025-06-21 03:00:00,16369.688957730752,16993.64725186287,17014.545558600887
forecast_4108,2025-06-21 04:00:00,15160.747416324553,16886.934011902624,14928.467989509274
forecast_4109,2025-06-21 05:00:00,15004.301337962865,16702.184365527763,14906.549974175734
forecast_4110,2025-06-21 06:00:00,14278.132747386244,15549.988990296679,14056.03489823049
forecast_4111,2025-06-21 07:00:00,13814.855615612545,14670.03453126676,14107.520612188971
forecast_4112,2025-06-21 08:00:00,13092.50465667859,14540.764627951,13933.59107613398
forecast_4113,2025-06-21 09:00:00,11997.03404251074,12402.41069147929,13185.36827807746
forecast_4114,2025-06-21 10:00:00,9797.263495851908,8338.7728728832,9953.44247667978
forecast_4115,2025-06-21 11:00:00,9052.410637533769,7647.195557392752,9399.746684712598
forecast_4116,2025-06-21 12:00:00,8272.192036667804,8040.567209969942,9318.374171080059
forecast_4117,2025-06-21 13:00:00,8207.522218181759,7913.722612447022,8157.173742626492
forecast_4118,2025-06-21 14:00:00,8193.755235248726,7547.191036666726,8272.589005483598
forecast_4119,2025-06-21 15:00:00,7604.4925087211595,6956.702189166979,8546.850421692725
forecast_4120,2025-06-21 16:00:00,8468.58716151183,10290.8686714558,8802.26995404499
forecast_4121,2025-06-21 17:00:00,9578.016019847815,12366.692349123849,10000.52711197031
forecast_4122,2025-06-21 18:00:00,9308.271515457516,12767.708199167431,9674.149885271563
forecast_4123,2025-06-21 19:00:00,9245.9842519283,12446.050504044006,9300.458653404003
forecast_4124,2025-06-21 20:00:00,11202.990054400176,13529.823049127572,11142.332144169439
forecast_4125,2025-06-21 21:00:00,12644.70940303909,14669.883120035433,10775.97642688735
forecast_4126,2025-06-21 22:00:00,12713.443886548916,14652.19524436161,10911.727376230832
forecast_4127,2025-06-21 23:00:00,13233.288771117226,14101.451219461047,11205.99774882857
forecast_4128,2025-06-22 00:00:00,13585.71108166638,14414.666930390315,12218.077839206111
forecast_4129,2025-06-22 01:00:00,13548.343252148861,14589.66562694452,10960.03433402664
forecast_4130,2025-06-22 02:00:00,14056.991065128754,14669.289108874844,10908.337154762772
forecast_4131,2025-06-22 03:00:00,12638.294207555053,14661.087313522654,10114.330799188938
forecast_4132,2025-06-22 04:00:00,11272.720898241703,13097.962343543295,9098.321781335952
forecast_4133,2025-06-22 05:00:00,10540.034174157949,10701.052065261894,8655.030828505205
forecast_4134,2025-06-22 06:00:00,9898.3266089446,9596.57988296818,8230.79824564004
forecast_4135,2025-06-22 07:00:00,9497.729648229652,10056.575932196258,7855.404253009905
forecast_4136,2025-06-22 08:00:00,8593.685865030766,9434.559181923505,6961.036594829914
forecast_4137,2025-06-22 09:00:00,7069.128891326347,7506.488343158933,5918.702857561516
forecast_4138,2025-06-22 10:00:00,5753.945139841673,5513.6623704251015,5077.721099549797
forecast_4139,2025-06-22 11:00:00,5641.880159247141,4310.981361541872,4556.381029370522
forecast_4140,2025-06-22 12:00:00,5285.323578063346,4258.863295798059,4321.671568592184
forecast_4141,2025-06-22 13:00:00,4691.69045541147,3862.798795550056,4378.546952180995
forecast_4142,2025-06-22 14:00:00,4379.521562063022,3393.4972927844383,4064.33813166683
forecast_4143,2025-06-22 15:00:00,4340.628273297336,3436.9661477988225,4028.383648070423
forecast_4144,2025-06-22 16:00:00,4451.242251556343,3523.8966980743603,4134.739000063143
forecast_4145,2025-06-22 17:00:00,4660.184110689859,3826.7870985808613,4349.384211010723
forecast_4146,2025-06-22 18:00:00,5700.7911288434,4470.576448141106,4854.29601830764
forecast_4147,2025-06-22 19:00:00,6410.075303187642,4766.261866190896,5058.975495564367
forecast_4148,2025-06-22 20:00:00,6266.369028025696,4976.6470599857,5164.13384911933
forecast_4149,2025-06-22 21:00:00,6442.982870515741,5254.794700610188,5341.072342490832
forecast_4150,2025-06-22 22:00:00,6957.416607207233,5784.371229919008,5684.147327309796
forecast_4151,2025-06-22 23:00:00,7031.663365472007,5432.926686395133,5613.616730551081
forecast_4152,2025-06-23 00:00:00,5783.601276629972,4510.313979804016,5367.861248435607
forecast_4153,2025-06-23 01:00:00,4772.336749452292,3822.433875489474,4982.478117590359
forecast_4154,2025-06-23 02:00:00,4025.398383870999,3408.5546609980097,4716.03236040307
forecast_4155,2025-06-23 03:00:00,3916.5023882126397,2883.736389761929,4352.1912734436
forecast_4156,2025-06-23 04:00:00,3482.490746136437,2738.4939021970695,3986.683389993086
forecast_4157,2025-06-23 05:00:00,2979.8184661777336,2420.7285809171062,3614.9083992675887
forecast_4158,2025-06-23 06:00:00,2452.609299510689,2282.003671422487,3327.691860739394
forecast_4159,2025-06-23 07:00:00,2133.5429631367097,2053.2885785142325,2959.2932177275325
forecast_4160,2025-06-23 08:00:00,1796.0713361260478,1882.207111141547,2652.4035225774014
forecast_4161,2025-06-23 09:00:00,1588.9575199189449,1707.3735238921417,2597.8010323263757
forecast_4162,2025-06-23 10:00:00,1463.575464054662,1671.1640474060514,2591.741987688545
forecast_4163,2025-06-23 11:00:00,1447.430758225165,1631.5264941089017,2583.647531534043
forecast_4164,2025-06-23 12:00:00,1484.2685358282306,1647.1663922574007,2600.151179449147
forecast_4165,2025-06-23 13:00:00,1499.2452675486838,1651.1291781413656,2643.1054142439425
forecast_4166,2025-06-23 14:00:00,1605.1873834766366,1686.370534167395,2651.647137486528
forecast_4167,2025-06-23 15:00:00,1552.6580086941694,1598.021332532866,2606.894419934293
forecast_4168,2025-06-23 16:00:00,1630.0941117313996,1600.6951580479417,2647.2397919060622
forecast_4169,2025-06-23 17:00:00,1641.4866991129484,1570.1095333706871,2654.3946261234114
forecast_4170,2025-06-23 18:00:00,1687.6289751256509,1629.3748226360412,2667.5890866540735
forecast_4171,2025-06-23 19:00:00,1801.9955735307012,1582.1668858408893,2662.6407018569785
forecast_4172,2025-06-23 20:00:00,1834.7336282551214,1685.20762802839,2720.3072643569785
forecast_4173,2025-06-23 21:00:00,1814.545782451376,1802.7689861776953,2778.4118737319786
forecast_4174,2025-06-23 22:00:00,1922.0903936726636,1801.6126543618648,2781.5166393569784
forecast_4175,2025-06-23 23:00:00,1915.327002807193,1898.8803074196157,2814.8958581069787
forecast_4176,2025-06-24 00:00:00,1748.6770023220006,1806.9612915748075,2842.5811706069785
forecast_4177,2025-06-24 01:00:00,1626.777756423171,1796.3246185580092,2814.1208880105532
forecast_4178,2025-06-24 02:00:00,1765.3845537212019,1939.4155522915253,2838.805800828161
forecast_4179,2025-06-24 03:00:00,1880.9544573690519,2084.890365089095,2842.0514743729036
forecast_4180,2025-06-24 04:00:00,2050.563568450447,2353.6735609043944,2864.982842606016
forecast_4181,2025-06-24 05:00:00,2202.1181631568807,2389.78787849773,2921.613472117784
forecast_4182,2025-06-24 06:00:00,2491.9695906480956,2677.9965491188996,2977.810400754725
forecast_4183,2025-06-24 07:00:00,2950.2976141010395,3302.0041857833226,3029.7999837212756
forecast_4184,2025-06-24 08:00:00,3307.0594650528897,3678.963790322072,3068.745059337997
forecast_4185,2025-06-24 09:00:00,3222.72995959661,3558.5214082957177,3145.253879853992
forecast_4186,2025-06-24 10:00:00,2820.8529965886496,3297.3892574784495,3216.089027155497
forecast_4187,2025-06-24 11:00:00,2598.889985942863,3154.7859280530565,3238.686152695943
forecast_4188,2025-06-24 12:00:00,2636.0696824575593,3255.1915324068605,3475.131714145647
forecast_4189,2025-06-24 13:00:00,2588.0063943216346,3207.361943810397,3337.6399074245464
forecast_4190,2025-06-24 14:00:00,2613.3842242372402,3206.6596526437747,3434.519715971766
forecast_4191,2025-06-24 15:00:00,2672.6850250771176,3220.312250737738,3268.8871082016667
forecast_4192,2025-06-24 16:00:00,2826.082594255664,3475.678448090017,3172.645690976936
forecast_4193,2025-06-24 17:00:00,3091.827345331736,3782.1323727993254,3131.747260837622
forecast_4194,2025-06-24 18:00:00,3546.073281841627,4735.257674931238,3194.1002212211733
forecast_4195,2025-06-24 19:00:00,4155.922923960285,5455.177917366042,3284.5068794408585
forecast_4196,2025-06-24 20:00:00,4846.2750062927635,6340.646926207138,3580.0361504673224
forecast_4197,2025-06-24 21:00:00,4644.604471607232,6312.461895069482,3744.9185990497544
forecast_4198,2025-06-24 22:00:00,5003.482754205131,6543.391065866961,3862.0183672044914
forecast_4199,2025-06-24 23:00:00,5080.2167497420105,6464.367533244255,3686.4788894316735
forecast_4200,2025-06-25 00:00:00,4797.920274294336,5889.685312498614,3577.799881645562
forecast_4201,2025-06-25 01:00:00,4683.8862626820355,4989.168504978083,3552.1960523330604
forecast_4202,2025-06-25 02:00:00,4051.053260282061,3829.8851585664547,3799.10429050226
forecast_4203,2025-06-25 03:00:00,3651.8109328434703,3573.3649849446106,3762.9234107860175
forecast_4204,2025-06-25 04:00:00,4591.060645209627,3550.5397208535924,3817.8630971125785
forecast_4205,2025-06-25 05:00:00,3757.596598797863,3397.885230535543,3534.433409672605
forecast_4206,2025-06-25 06:00:00,3651.1812258870723,3219.4165773143905,3545.7560869305235
forecast_4207,2025-06-25 07:00:00,3180.820551519033,3103.206221825787,3467.164096456332
forecast_4208,2025-06-25 08:00:00,2815.546073864595,3081.021935531792,3415.4622997370434
forecast_4209,2025-06-25 09:00:00,2476.4510473449927,2945.92133272087,3422.2724368821214
forecast_4210,2025-06-25 10:00:00,2234.7814888104976,2737.6919303574414,3371.715440372192
forecast_4211,2025-06-25 11:00:00,2283.2651744797067,2805.2472083186167,3320.921786649701
forecast_4212,2025-06-25 12:00:00,2135.846424651606,2396.5172355114582,3292.354432702683
forecast_4213,2025-06-25 13:00:00,1973.7192848770446,2274.730515999283,3192.257457730368
forecast_4214,2025-06-25 14:00:00,1888.2701174727636,2014.2251579060257,3134.807432739403
forecast_4215,2025-06-25 15:00:00,1854.0206763046572,2012.5105696436394,3104.1755391121687
forecast_4216,2025-06-25 16:00:00,1836.606635324616,1877.137297517088,3033.8632569923675
forecast_4217,2025-06-25 17:00:00,1810.2573024524445,1731.1887847240487,3043.443505389279
forecast_4218,2025-06-25 18:00:00,1952.4658593249096,1988.3716352792735,3020.9962660690653
forecast_4219,2025-06-25 19:00:00,2375.3692691537117,2379.6117313447867,3212.3691046556596
forecast_4220,2025-06-25 20:00:00,3234.9633649392526,3342.6058592642194,3608.7055051804973
forecast_4221,2025-06-25 21:00:00,4049.656429465503,4285.088063883989,4153.468912447158
forecast_4222,2025-06-25 22:00:00,5880.540800868201,5637.928334161922,5389.687517728019
forecast_4223,2025-06-25 23:00:00,7054.5902265252735,6806.763909851767,6722.591641247883
forecast_4224,2025-06-26 00:00:00,8042.277896015716,8704.139646787044,7983.785826141122
forecast_4225,2025-06-26 01:00:00,8541.306197228267,9875.454523825601,8493.217437667347
forecast_4226,2025-06-26 02:00:00,9385.576510009903,11907.769972024063,9986.935047729407
forecast_4227,2025-06-26 03:00:00,9774.637573185453,12917.695255473871,11349.062421662566
forecast_4228,2025-06-26 04:00:00,10444.400057784242,13444.669734905361,11297.210165194403
forecast_4229,2025-06-26 05:00:00,10815.411877758408,13334.78643439815,11714.40183904708
forecast_4230,2025-06-26 06:00:00,10942.109099839974,13103.591833309487,11730.24894581989
forecast_4231,2025-06-26 07:00:00,10562.400421185,13071.265354385618,11382.600516532424
forecast_4232,2025-06-26 08:00:00,10302.510072616042,12923.751106407726,10531.183472817855
forecast_4233,2025-06-26 09:00:00,9477.395812211998,12125.850102595361,9815.533869035173
forecast_4234,2025-06-26 10:00:00,7737.225793020755,9254.142075698084,9239.184810280598
forecast_4235,2025-06-26 11:00:00,6900.412853194247,7992.6735245953105,8234.18070737217
forecast_4236,2025-06-26 12:00:00,6416.1874645100415,7504.798619919668,7495.926343592257
forecast_4237,2025-06-26 13:00:00,6107.643908005874,7104.186371317727,7196.355510913108
forecast_4238,2025-06-26 14:00:00,6150.6899785175965,6118.827191220806,6871.506753377302
forecast_4239,2025-06-26 15:00:00,6167.2053069530075,5824.830349596492,7258.1675796519075
forecast_4240,2025-06-26 16:00:00,6134.494977584749,5598.895157157913,6704.414529332381
forecast_4241,2025-06-26 17:00:00,6017.307175380406,4855.334309252925,6361.062962180769
forecast_4242,2025-06-26 18:00:00,6032.087298146356,4754.524517062418,6468.041744116358
forecast_4243,2025-06-26 19:00:00,5970.939165526381,5029.820016500162,6235.767448890511
forecast_4244,2025-06-26 20:00:00,6586.555695227529,6118.957501737889,6343.63798133496
forecast_4245,2025-06-26 21:00:00,7284.052739400833,7172.493056316759,6901.01486029463
forecast_4246,2025-06-26 22:00:00,7481.99875686063,7440.354177844549,7021.590784651156
forecast_4247,2025-06-26 23:00:00,7098.250825024178,6872.187002305758,6365.666513551423
forecast_4248,2025-06-27 00:00:00,6280.357684639692,5946.77889932828,5895.043139027976
forecast_4249,2025-06-27 01:00:00,4662.21926286043,5170.622760070935,5436.773356546845
forecast_4250,2025-06-27 02:00:00,4314.069859125269,4222.205493120267,5262.075846173605
forecast_4251,2025-06-27 03:00:00,4273.876089888989,3759.0653841669828,5180.326001101927
forecast_4252,2025-06-27 04:00:00,4343.836908399129,3444.4375962885356,5256.651219178709
forecast_4253,2025-06-27 05:00:00,4102.446728341729,3232.762107832428,4807.449026361037
forecast_4254,2025-06-27 06:00:00,3677.8990061948307,3085.1802468468395,4204.7328708919895
forecast_4255,2025-06-27 07:00:00,3111.047239765506,2451.1942658503576,3590.777962641521
forecast_4256,2025-06-27 08:00:00,2264.9772435413415,1880.9121008234451,3131.359984937732
forecast_4257,2025-06-27 09:00:00,1798.071635746218,1689.224855564462,2795.954985704272
forecast_4258,2025-06-27 10:00:00,1512.7515894362105,1598.1592962467948,2591.27693829175
forecast_4259,2025-06-27 11:00:00,1377.4467874977508,1450.4083682691034,2490.1121741713837
forecast_4260,2025-06-27 12:00:00,1353.939712293166,1441.0513514085133,2592.7150668386184
forecast_4261,2025-06-27 13:00:00,1432.8330131653029,1544.7974704185672,2755.2607622705036
forecast_4262,2025-06-27 14:00:00,1491.3342301408766,1554.1290779611527,2794.451264087043
forecast_4263,2025-06-27 15:00:00,1693.2392561682127,1501.2596863515137,2826.881268834742
forecast_4264,2025-06-27 16:00:00,1569.5392229099716,1391.7323589871094,2739.296861671384
forecast_4265,2025-06-27 17:00:00,1541.951661088402,1371.129543721383,2666.3053091897436
forecast_4266,2025-06-27 18:00:00,1658.1913558085243,1469.7054417888494,2668.88592278956
forecast_4267,2025-06-27 19:00:00,2043.559254567187,1821.572954462189,2825.749362129412
forecast_4268,2025-06-27 20:00:00,2487.721487391759,2593.507390134818,3278.4752650423547
forecast_4269,2025-06-27 21:00:00,3881.4357470867767,4174.931499817736,4224.80964307135
forecast_4270,2025-06-27 22:00:00,5673.582197906728,6051.874909692955,5342.45299458163
forecast_4271,2025-06-27 23:00:00,6897.149978801537,7005.232116576707,6107.196690324867
forecast_4272,2025-06-28 00:00:00,7077.98709518573,7884.667304350221,6570.27275303838
forecast_4273,2025-06-28 01:00:00,8485.909980863855,8198.799691593638,7472.9698819157675
forecast_4274,2025-06-28 02:00:00,9187.872226906597,9155.126735957916,8361.550808712524
forecast_4275,2025-06-28 03:00:00,9546.089032490012,9857.273971364888,8451.619491339698
forecast_4276,2025-06-28 04:00:00,9831.366250587194,11185.229485244603,8655.545747554599
forecast_4277,2025-06-28 05:00:00,10075.294361184557,11567.44046301289,8392.734311133156
forecast_4278,2025-06-28 06:00:00,9601.800522205473,11626.7281848866,8000.767261036539
forecast_4279,2025-06-28 07:00:00,8886.818323854033,10822.394596035585,8100.583221345204
forecast_4280,2025-06-28 08:00:00,8596.643071353463,10613.46105903998,6961.181872803271
forecast_4281,2025-06-28 09:00:00,7626.140484094139,8016.441708142332,5399.275057957036
forecast_4282,2025-06-28 10:00:00,5785.98311085688,5935.685946284635,4137.624058965592
forecast_4283,2025-06-28 11:00:00,3581.545178353474,3329.110482022578,3280.944852456527
forecast_4284,2025-06-28 12:00:00,2204.5398482358105,1833.5251905175783,2876.156938117298
forecast_4285,2025-06-28 13:00:00,2044.6780468131483,1772.3014539430987,2831.922475772867
forecast_4286,2025-06-28 14:00:00,2075.7474178626762,1901.5387907381564,3067.727361068438
forecast_4287,2025-06-28 15:00:00,2212.42533601204,2103.93208502175,3402.613788429
forecast_4288,2025-06-28 16:00:00,2431.687159854453,2666.5429962926655,3679.148750353764
forecast_4289,2025-06-28 17:00:00,3192.942397525683,3324.465999667027,4485.594732605028
forecast_4290,2025-06-28 18:00:00,3740.9242384418408,3599.760369046743,4746.961564707815
forecast_4291,2025-06-28 19:00:00,4565.657197139578,4823.360813549452,5347.979850585936
forecast_4292,2025-06-28 20:00:00,5920.575440479701,6248.2369926019,6444.788305540013
forecast_4293,2025-06-28 21:00:00,7027.4332265306075,7677.926832886381,7111.387927064024
forecast_4294,2025-06-28 22:00:00,10032.063923406226,10695.795835944544,7409.132468179332
forecast_4295,2025-06-28 23:00:00,10707.2734278143,11687.737495860882,7964.128881079412
forecast_4296,2025-06-29 00:00:00,10947.079628880729,12386.174906696857,8120.67287924383
forecast_4297,2025-06-29 01:00:00,11037.883260066974,11357.546780241504,8733.66878999213
forecast_4298,2025-06-29 02:00:00,11237.965350099188,12469.619031135182,9055.373188351638
forecast_4299,2025-06-29 03:00:00,11533.677972508456,13196.184827393216,9229.52090639999
forecast_4300,2025-06-29 04:00:00,11719.627258804157,12756.012234177335,10611.759359806178
forecast_4301,2025-06-29 05:00:00,11488.041310116809,11963.404070446488,10805.075829018675
forecast_4302,2025-06-29 06:00:00,11880.665426751922,11851.195857910403,10593.13754200083
forecast_4303,2025-06-29 07:00:00,10908.253372298173,11418.528155894139,9846.311272871855
forecast_4304,2025-06-29 08:00:00,9769.319079264455,10180.414562777161,9104.212662438891
forecast_4305,2025-06-29 09:00:00,7823.114014025021,8026.589658211848,7261.688886958511
forecast_4306,2025-06-29 10:00:00,6062.426401920211,6325.310531793955,6159.395245467433
forecast_4307,2025-06-29 11:00:00,5375.423646622539,4492.348679991104,5375.299780144578
forecast_4308,2025-06-29 12:00:00,4631.373352595716,3767.3941344644522,4674.736298870929
forecast_4309,2025-06-29 13:00:00,4233.323942383674,3398.897705467393,4372.702077762145
forecast_4310,2025-06-29 14:00:00,3882.367206743887,3392.425036202519,4276.307876496507
forecast_4311,2025-06-29 15:00:00,3725.595843834575,3358.4476646990324,4356.356182220776
forecast_4312,2025-06-29 16:00:00,3757.713350253508,3579.162752844191,4742.67578446231
forecast_4313,2025-06-29 17:00:00,4232.976817457724,3960.4421664667793,5080.775259752029
forecast_4314,2025-06-29 18:00:00,4435.663044317867,4216.396515385219,5534.547749110711
forecast_4315,2025-06-29 19:00:00,5647.01896787045,5316.052378396436,6279.260309613273
forecast_4316,2025-06-29 20:00:00,7309.352913953863,7542.300428137695,6849.845339926669
forecast_4317,2025-06-29 21:00:00,8643.418937733459,9532.369766510179,7287.088775610989
forecast_4318,2025-06-29 22:00:00,11651.77379362251,12382.904131838368,8539.498759204556
forecast_4319,2025-06-29 23:00:00,12423.14077369578,12815.82034786392,9374.458197755806
forecast_4320,2025-06-30 00:00:00,11644.993957713612,12970.696161828735,8898.352209361883
forecast_4321,2025-06-30 01:00:00,11362.488629214256,12827.921663282614,8605.535639458638
forecast_4322,2025-06-30 02:00:00,11489.349820053769,13431.436597219114,9101.829404917278
forecast_4323,2025-06-30 03:00:00,11512.824169138432,13602.724618808452,8800.76542242091
forecast_4324,2025-06-30 04:00:00,11642.631008836523,12322.24616793263,8509.187866878041
forecast_4325,2025-06-30 05:00:00,11774.840978465643,11174.224974132301,8498.479032873518
forecast_4326,2025-06-30 06:00:00,11540.25621138348,11019.28529209581,8428.338179092745
forecast_4327,2025-06-30 07:00:00,11419.393508034358,10921.172622548129,8101.6871666770885
forecast_4328,2025-06-30 08:00:00,9832.194549795895,8834.297841963202,6468.678971638918
forecast_4329,2025-06-30 09:00:00,7427.812124940469,6532.48130260204,5588.752885094537
forecast_4330,2025-06-30 10:00:00,5203.685256320353,5247.737261223972,4647.3217792107625
forecast_4331,2025-06-30 11:00:00,3860.087830554583,4029.4391972219087,4087.8947974214525
forecast_4332,2025-06-30 12:00:00,3847.078223093552,3697.8183130374796,4122.167191242444
forecast_4333,2025-06-30 13:00:00,3840.009598380794,4086.480241070112,4784.5373195080565
forecast_4334,2025-06-30 14:00:00,4027.3521879004875,5088.859220522282,5730.8594045771215
forecast_4335,2025-06-30 15:00:00,4675.098681797066,6009.636738916081,6526.224977931318
forecast_4336,2025-06-30 16:00:00,4824.099092575139,6380.672532409168,7278.978425288028
forecast_4337,2025-06-30 17:00:00,5552.068011840985,7577.774192072098,7523.5460985615655
forecast_4338,2025-06-30 18:00:00,6351.335639028069,8043.556949509347,7368.217503970107
forecast_4339,2025-06-30 19:00:00,8508.908836277114,8702.177094125302,8160.843669337505
forecast_4340,2025-06-30 20:00:00,9568.353491611135,9881.150764061129,8714.424477290993
forecast_4341,2025-06-30 21:00:00,10863.239918464447,11643.673313901076,9353.528092028357
forecast_4342,2025-06-30 22:00:00,12646.21209339808,13414.806992193186,10201.286964272553
forecast_4343,2025-06-30 23:00:00,12698.28755676815,13588.250922180923,10461.193925325719
forecast_4344,2025-07-01 00:00:00,11735.0385932173,13741.161956001964,10242.465145115271
forecast_4345,2025-07-01 01:00:00,12298.324425054834,15037.90444479654,10118.315114675788
forecast_4346,2025-07-01 02:00:00,11981.190379597781,15331.981589128545,10605.792846758815
forecast_4347,2025-07-01 03:00:00,11677.944471774968,14267.118301177714,9881.945526606054
forecast_4348,2025-07-01 04:00:00,11854.21572763371,14004.79254597136,9865.45693211573
forecast_4349,2025-07-01 05:00:00,11914.830670457563,13693.890696511135,9913.468278657328
forecast_4350,2025-07-01 06:00:00,12340.915374379892,14908.337138339353,10370.377245311662
forecast_4351,2025-07-01 07:00:00,12026.26472295058,15036.922134808909,10370.375765209961
forecast_4352,2025-07-01 08:00:00,9771.135377226923,12534.978212922495,8933.468715006024
forecast_4353,2025-07-01 09:00:00,8500.796396595617,10429.75443749771,7895.751313337918
forecast_4354,2025-07-01 10:00:00,7308.115474365653,8373.396838062099,7027.615138504051
forecast_4355,2025-07-01 11:00:00,6595.169650872863,6874.416606838429,6878.3930445401675
forecast_4356,2025-07-01 12:00:00,6190.733983572494,6088.32118782638,7185.5045680783605
forecast_4357,2025-07-01 13:00:00,6144.213613195915,5853.026921106979,7135.9635017155
forecast_4358,2025-07-01 14:00:00,6279.398409451788,5956.238112769629,6332.408422972584
forecast_4359,2025-07-01 15:00:00,6268.198663075403,6250.742832303624,6199.089581435031
forecast_4360,2025-07-01 16:00:00,6293.268226857576,6383.633386719267,6467.233687805272
forecast_4361,2025-07-01 17:00:00,5997.023614760542,6612.136908496785,6590.030739993315
forecast_4362,2025-07-01 18:00:00,5691.141581936547,6496.546842713524,6837.298431044533
forecast_4363,2025-07-01 19:00:00,6702.396433227257,7290.843532778905,7911.787509174733
forecast_4364,2025-07-01 20:00:00,8225.337960394367,9374.483096554422,8752.301681586056
forecast_4365,2025-07-01 21:00:00,10566.533070493939,11740.02342038838,9339.81986013345
forecast_4366,2025-07-01 22:00:00,12255.619549639501,14450.161866201299,11118.537388757544
forecast_4367,2025-07-01 23:00:00,13970.91205191235,15709.493399580952,12829.185773682068
forecast_4368,2025-07-02 00:00:00,14288.54806713833,15643.42882055735,12717.799751097984
forecast_4369,2025-07-02 01:00:00,15357.281002189247,16540.548410938864,13727.072959435236
forecast_4370,2025-07-02 02:00:00,15669.247788821624,16930.692540608365,14803.988268891953
forecast_4371,2025-07-02 03:00:00,16417.12019264263,17060.76953953818,14769.115389116749
forecast_4372,2025-07-02 04:00:00,16395.29971351689,17161.074387588393,15436.399346479484
forecast_4373,2025-07-02 05:00:00,16573.467506713965,17011.070591451367,15632.174787515632
forecast_4374,2025-07-02 06:00:00,16706.40631428555,17178.948366587505,15505.5789152968
forecast_4375,2025-07-02 07:00:00,16418.25898204027,17056.538686914537,14714.98382677407
forecast_4376,2025-07-02 08:00:00,15579.048806600487,16144.178063086343,13565.291806089122
forecast_4377,2025-07-02 09:00:00,13695.123028611535,14676.378624946901,11476.730735034806
forecast_4378,2025-07-02 10:00:00,10797.72890307164,12597.471697954796,9568.063952944878
forecast_4379,2025-07-02 11:00:00,8770.591477254475,11350.380327130704,8265.243221462442
forecast_4380,2025-07-02 12:00:00,7535.789051237058,9592.738259373518,7747.843236045193
forecast_4381,2025-07-02 13:00:00,6794.148291337661,7096.146897649983,6937.481467292835
forecast_4382,2025-07-02 14:00:00,6126.904265496518,6482.191021388895,6493.594742668633
forecast_4383,2025-07-02 15:00:00,5799.712878801355,6241.071926332646,6267.847973123292
forecast_4384,2025-07-02 16:00:00,5035.680595122793,5741.489611702635,5796.188956703523
forecast_4385,2025-07-02 17:00:00,4490.028162928914,5094.653572224373,5318.776234872722
forecast_4386,2025-07-02 18:00:00,4732.479859675126,4742.274774967385,5185.999761245158
forecast_4387,2025-07-02 19:00:00,6312.203230649306,5892.203378474981,5699.720318392412
forecast_4388,2025-07-02 20:00:00,7462.99907837373,7521.165790300092,6671.305070631555
forecast_4389,2025-07-02 21:00:00,8935.049581355906,9800.858940622884,7660.863657319292
forecast_4390,2025-07-02 22:00:00,10388.811385162891,12001.73851664688,8579.484996957182
forecast_4391,2025-07-02 23:00:00,11295.977204509138,12659.189602497587,9334.603859109804
forecast_4392,2025-07-03 00:00:00,10766.100668815823,13687.486676389915,9712.431735749757
forecast_4393,2025-07-03 01:00:00,11603.903909267205,13929.190182519556,10075.54260941067
forecast_4394,2025-07-03 02:00:00,12286.166593081594,14601.841408263934,10556.526819940362
forecast_4395,2025-07-03 03:00:00,12512.756848937948,15038.520202110885,11028.594447712174
forecast_4396,2025-07-03 04:00:00,13564.720080007248,15140.383181702267,11267.929582845023
forecast_4397,2025-07-03 05:00:00,14160.043722852119,15621.591231351835,11345.898703070483
forecast_4398,2025-07-03 06:00:00,14174.135397051296,15690.26168517784,11541.888808124892
forecast_4399,2025-07-03 07:00:00,14132.227197442287,15541.41549788804,11367.28105815663
forecast_4400,2025-07-03 08:00:00,13054.934346359494,15845.17321763204,11106.977754353335
forecast_4401,2025-07-03 09:00:00,11101.982158516461,15287.595571792572,11331.143648234372
forecast_4402,2025-07-03 10:00:00,9765.133204650116,13424.86452086316,10019.966127827696
forecast_4403,2025-07-03 11:00:00,8777.106384089253,11673.283564819625,10159.797151762843
forecast_4404,2025-07-03 12:00:00,9051.253384836797,10754.147231827563,10182.345643425699
forecast_4405,2025-07-03 13:00:00,8813.531399870193,9469.525499171279,9650.968266694987
forecast_4406,2025-07-03 14:00:00,8301.878343600642,8223.257319652812,8798.098977161637
forecast_4407,2025-07-03 15:00:00,8169.373901167891,8052.590833525172,8689.725077794628
forecast_4408,2025-07-03 16:00:00,8283.999153548146,8338.598530792204,8559.426647079426
forecast_4409,2025-07-03 17:00:00,8144.3258460832,8502.95256116771,8569.530315833219
forecast_4410,2025-07-03 18:00:00,8728.522909594212,9307.47904466884,9201.018656606582
forecast_4411,2025-07-03 19:00:00,10166.762074079868,11240.748713195037,10658.911660268823
forecast_4412,2025-07-03 20:00:00,11340.726402204029,12458.94667652861,11121.27443307199
forecast_4413,2025-07-03 21:00:00,12950.698139031629,13466.063237730294,11864.249240129211
forecast_4414,2025-07-03 22:00:00,14395.291460906656,13889.45327443712,12870.690522763285
forecast_4415,2025-07-03 23:00:00,14476.405232890746,14686.260275504159,13584.190327821792
forecast_4416,2025-07-04 00:00:00,14536.315830269807,14856.445320433355,13188.207066307355
forecast_4417,2025-07-04 01:00:00,14722.529306111544,14949.714963226139,13451.656238621945
forecast_4418,2025-07-04 02:00:00,15027.230758321948,16476.465985527022,14273.68725266902
forecast_4419,2025-07-04 03:00:00,15395.707058090236,17174.08499364633,15645.305483795782
forecast_4420,2025-07-04 04:00:00,16081.630381670802,17231.721661783744,16150.858047809943
forecast_4421,2025-07-04 05:00:00,16539.242614969044,17350.516966783394,16412.0733613273
forecast_4422,2025-07-04 06:00:00,16825.45732944028,17718.505206506365,16996.35490806953
forecast_4423,2025-07-04 07:00:00,16408.48342625847,17701.9013046738,16964.619874553166
forecast_4424,2025-07-04 08:00:00,16226.300493474788,17655.633129764796,17062.847384385255
forecast_4425,2025-07-04 09:00:00,15689.947936950059,17483.560671702286,16666.798203017992
forecast_4426,2025-07-04 10:00:00,15521.54759955953,17324.627430787365,15296.357951201138
forecast_4427,2025-07-04 11:00:00,15150.860717533404,17271.36562671836,15625.642632460167
forecast_4428,2025-07-04 12:00:00,15391.044142299233,16452.655499814216,15069.55781219236
forecast_4429,2025-07-04 13:00:00,13865.919118143673,15622.261261438147,14487.778535246209
forecast_4430,2025-07-04 14:00:00,13812.29489198709,15748.628781684954,15156.939870371138
forecast_4431,2025-07-04 15:00:00,14433.924020555882,16018.192252674911,15253.178111617883
forecast_4432,2025-07-04 16:00:00,14638.366928774129,17036.990333672547,15067.366354834008
forecast_4433,2025-07-04 17:00:00,14375.363553171264,16188.94928751684,15805.461764158415
forecast_4434,2025-07-04 18:00:00,14467.54863622968,15886.177051723953,16185.693387803556
forecast_4435,2025-07-04 19:00:00,14549.281432044681,16481.77005428863,16492.927571375138
forecast_4436,2025-07-04 20:00:00,14998.657534841677,17388.12392543007,17065.422904198032
forecast_4437,2025-07-04 21:00:00,15579.154505571347,17650.648244697182,17254.128690316073
forecast_4438,2025-07-04 22:00:00,16327.156491608275,17947.11035683084,17185.24009375035
forecast_4439,2025-07-04 23:00:00,16895.751384345112,17886.649483563364,17245.04806736304
forecast_4440,2025-07-05 00:00:00,16239.093768952785,17654.596759484568,17028.565098816543
forecast_4441,2025-07-05 01:00:00,15221.73976019783,17208.380995386135,16551.181819077192
forecast_4442,2025-07-05 02:00:00,14258.112896665036,16908.58176380921,16156.69813675416
forecast_4443,2025-07-05 03:00:00,13912.895408835579,16817.273992853832,16296.32075114836
forecast_4444,2025-07-05 04:00:00,13896.87273900609,17054.20721748381,16258.347826443223
forecast_4445,2025-07-05 05:00:00,14069.398125158688,17129.462707309205,16417.864224638477
forecast_4446,2025-07-05 06:00:00,14200.398467860585,17299.519407287837,16240.834599151527
forecast_4447,2025-07-05 07:00:00,14239.945518512126,17087.62702794741,15992.637029945341
forecast_4448,2025-07-05 08:00:00,13408.048682879751,16592.245257244424,14799.716435207294
forecast_4449,2025-07-05 09:00:00,12384.341199909692,15349.466291619603,13522.982832630478
forecast_4450,2025-07-05 10:00:00,11072.757638631356,13668.93203647045,13162.704002216673
forecast_4451,2025-07-05 11:00:00,10621.998681785024,11759.428094300463,12308.164194037323
forecast_4452,2025-07-05 12:00:00,10503.197469066039,11488.824362956926,11580.35068893954
forecast_4453,2025-07-05 13:00:00,10948.915877309346,10672.864758877244,11625.552877422258
forecast_4454,2025-07-05 14:00:00,10916.098931067907,10186.70247550339,11484.681148778913
forecast_4455,2025-07-05 15:00:00,11015.161354937096,10437.579970232882,11530.31915368604
forecast_4456,2025-07-05 16:00:00,10026.17644970385,10941.61110194496,11453.181659432592
forecast_4457,2025-07-05 17:00:00,10083.617828834009,10722.362717647004,11697.137100573222
forecast_4458,2025-07-05 18:00:00,11200.238772394367,11249.494377327277,12734.953760309498
forecast_4459,2025-07-05 19:00:00,12516.591577473408,13485.562377882321,13897.591722442925
forecast_4460,2025-07-05 20:00:00,14192.778675069985,15696.286614919773,14456.920835490004
forecast_4461,2025-07-05 21:00:00,15346.512629183017,16956.908491778882,15396.713243012091
forecast_4462,2025-07-05 22:00:00,16570.207230124775,17310.37328370296,15946.457777617881
forecast_4463,2025-07-05 23:00:00,17115.81758577406,17303.79013196237,16146.35249070571
forecast_4464,2025-07-06 00:00:00,16468.621468293215,17237.725781579607,15916.083120815067
forecast_4465,2025-07-06 01:00:00,17221.41023932883,17097.06173977021,16088.751119484416
forecast_4466,2025-07-06 02:00:00,17711.943176736502,17522.44391395316,16134.463555978655
forecast_4467,2025-07-06 03:00:00,17780.079729786245,17547.953159189787,16184.773331059729
forecast_4468,2025-07-06 04:00:00,17535.741456532356,17549.586338501183,16267.804592040691
forecast_4469,2025-07-06 05:00:00,17576.36683225844,17671.07032226009,16291.458033365703
forecast_4470,2025-07-06 06:00:00,17203.58613744982,17539.42172154676,16286.183489690717
forecast_4471,2025-07-06 07:00:00,16658.28540981292,17168.37946334391,15893.72813053742
forecast_4472,2025-07-06 08:00:00,15316.114220205975,16770.707008365087,14086.58583821225
forecast_4473,2025-07-06 09:00:00,13560.493157177554,16256.55125544202,12905.7523711467
forecast_4474,2025-07-06 10:00:00,11760.477987669288,15074.225439822476,10850.740422509538
forecast_4475,2025-07-06 11:00:00,9842.665763597932,11761.338997025625,8992.613109076645
forecast_4476,2025-07-06 12:00:00,8169.805625195182,8434.507896012099,7745.656748533544
forecast_4477,2025-07-06 13:00:00,6885.281053448401,5975.230932488071,6482.9112317414365
forecast_4478,2025-07-06 14:00:00,5998.199061892098,4565.586810817726,5426.996120140974
forecast_4479,2025-07-06 15:00:00,5154.997605825926,4190.34987721518,4660.6382094699
forecast_4480,2025-07-06 16:00:00,4925.593681775454,3894.936280052426,4411.416598586728
forecast_4481,2025-07-06 17:00:00,5462.245465188929,3891.3852898666314,4864.652844525057
forecast_4482,2025-07-06 18:00:00,5720.637700658186,4168.626210974473,5558.91083351787
forecast_4483,2025-07-06 19:00:00,6858.0709857954425,5234.569680737968,6385.143549320153
forecast_4484,2025-07-06 20:00:00,8216.241825384554,7216.229694395412,7726.123542147377
forecast_4485,2025-07-06 21:00:00,9949.913784587046,9507.002344729268,8571.650535148565
forecast_4486,2025-07-06 22:00:00,11737.556302349762,11258.369222169207,9005.310078864279
forecast_4487,2025-07-06 23:00:00,11940.919714380994,12198.291462478788,9449.44690711085
forecast_4488,2025-07-07 00:00:00,11082.651347383886,11857.442085908646,9462.935969961978
forecast_4489,2025-07-07 01:00:00,11090.549402574106,11359.641645479136,8989.465865824039
forecast_4490,2025-07-07 02:00:00,11320.292275401309,10972.047604355852,8593.538414820747
forecast_4491,2025-07-07 03:00:00,11216.961175193437,10897.383443544077,8160.286433844109
forecast_4492,2025-07-07 04:00:00,10145.344904481437,9482.470098002554,7387.734157811925
forecast_4493,2025-07-07 05:00:00,8003.476810808704,7690.803156838658,6325.163148135491
forecast_4494,2025-07-07 06:00:00,5211.346219852627,4634.167863879358,4446.375283858562
forecast_4495,2025-07-07 07:00:00,3080.1750170065434,2587.7148871908084,3523.7879692494084
forecast_4496,2025-07-07 08:00:00,2017.1473860516726,1842.4166174576176,2989.8332577280116
forecast_4497,2025-07-07 09:00:00,1612.2582328695507,1579.3392945191317,2666.98514153956
forecast_4498,2025-07-07 10:00:00,1384.8858666072147,1389.2892461073488,2624.9089049819786
forecast_4499,2025-07-07 11:00:00,1337.3892074027053,1344.4736058396156,2617.070144963618
forecast_4500,2025-07-07 12:00:00,1341.886406349693,1346.4794159735475,2650.8089870544645
forecast_4501,2025-07-07 13:00:00,1386.1322434053382,1398.1847077637767,2712.616422943647
forecast_4502,2025-07-07 14:00:00,1470.9160961817142,1467.4960053467548,2765.0689238990935
forecast_4503,2025-07-07 15:00:00,1617.4895876090222,1582.7278224435386,2813.2161928667715
forecast_4504,2025-07-07 16:00:00,1649.6430546643005,1706.7342499190036,2907.236882752409
forecast_4505,2025-07-07 17:00:00,1613.346013609158,1515.5185507694578,2904.78213690365
forecast_4506,2025-07-07 18:00:00,1605.4639529434235,1499.4762237745254,2997.7823906987323
forecast_4507,2025-07-07 19:00:00,1669.0461843009716,1551.3501003382198,2971.3466272963838
forecast_4508,2025-07-07 20:00:00,1742.0559717384267,1764.079797563515,2994.2208920415687
forecast_4509,2025-07-07 21:00:00,1858.6908705485803,1844.667292309381,2981.1353245631344
forecast_4510,2025-07-07 22:00:00,1880.7308500535219,1948.7806060713556,2968.1778112319785
forecast_4511,2025-07-07 23:00:00,1906.2680313485662,1943.6142808928726,2953.4442154397434
forecast_4512,2025-07-08 00:00:00,1810.7438775983228,1854.3645061653006,2943.9031237319787
forecast_4513,2025-07-08 01:00:00,1767.435733084475,1810.5841285292627,2982.3591393569786
forecast_4514,2025-07-08 02:00:00,1736.8994388784176,1711.6683948327945,2962.5424987319784
forecast_4515,2025-07-08 03:00:00,1677.215296727628,1768.02577432425,2986.9746862319785
forecast_4516,2025-07-08 04:00:00,1721.8998267462403,1627.5368280161483,2934.8878893569786
forecast_4517,2025-07-08 05:00:00,1739.5702358406152,1653.7311012625441,2946.0483581069784
forecast_4518,2025-07-08 06:00:00,1730.7162690947198,1593.4393217400511,2931.921873731979
forecast_4519,2025-07-08 07:00:00,1742.031652955824,1622.7053277455625,2845.7684362319787
forecast_4520,2025-07-08 08:00:00,1688.115708657404,1588.6923708618533,2765.4171862319786
forecast_4521,2025-07-08 09:00:00,1626.9300117902021,1504.093069534375,2722.7720671886827
forecast_4522,2025-07-08 10:00:00,1558.9542891831916,1605.7287769597751,2677.027723088618
forecast_4523,2025-07-08 11:00:00,1515.7916506057163,1691.0515374847673,2732.695256168419
forecast_4524,2025-07-08 12:00:00,1524.7074840817058,1643.749957337819,2740.7449485814864
forecast_4525,2025-07-08 13:00:00,1618.5267227441673,1762.386796955706,2860.2940801490936
forecast_4526,2025-07-08 14:00:00,1691.0591479648556,1971.0280522203511,2906.337370712303
forecast_4527,2025-07-08 15:00:00,1711.460561855546,1940.1583914669864,2945.122794751939
forecast_4528,2025-07-08 16:00:00,1756.7835220033849,1818.7490311283746,2969.188269641799
forecast_4529,2025-07-08 17:00:00,1704.7812895215675,1787.581331436254,2921.230219984548
forecast_4530,2025-07-08 18:00:00,1675.4554238904775,1599.1958232694105,2969.8905958089135
forecast_4531,2025-07-08 19:00:00,1788.0177119710806,1674.4467475121128,2979.001386044345
forecast_4532,2025-07-08 20:00:00,2024.212007334775,1902.7365503719757,3001.676760661264
forecast_4533,2025-07-08 21:00:00,2158.5247285592977,2165.126667480049,3004.555526669345
forecast_4534,2025-07-08 22:00:00,2580.1888439432223,2803.848985804192,3055.4868411924936
forecast_4535,2025-07-08 23:00:00,2713.239350419919,3009.231836400875,3047.870980139601
forecast_4536,2025-07-09 00:00:00,2565.3844213600305,2855.91869461819,3083.2820124471427
forecast_4537,2025-07-09 01:00:00,2424.6862553437168,2666.0148427284857,3016.0913190667834
forecast_4538,2025-07-09 02:00:00,2447.109552827562,2640.967147446453,2995.0798543448673
forecast_4539,2025-07-09 03:00:00,2446.3950865577317,2756.206831886614,2980.0490160479294
forecast_4540,2025-07-09 04:00:00,2377.6855834619137,2873.3373365989055,3028.5793646330617
forecast_4541,2025-07-09 05:00:00,2537.295025093341,3172.631840390176,3103.86243094488
forecast_4542,2025-07-09 06:00:00,2714.5457417848656,3364.4899310556357,3155.779638399242
forecast_4543,2025-07-09 07:00:00,2642.4087307058253,3427.1478753286688,3196.0532705579963
forecast_4544,2025-07-09 08:00:00,2453.4808597306555,3380.410635689361,3145.7760629911986
forecast_4545,2025-07-09 09:00:00,2195.1586947295027,3175.8767863629887,3124.1782390948288
forecast_4546,2025-07-09 10:00:00,1947.5401398502472,3013.0501527805054,3108.7701247900245
forecast_4547,2025-07-09 11:00:00,1902.8250908635991,2936.154264358266,3085.380926038759
forecast_4548,2025-07-09 12:00:00,1953.9633311652651,2907.83679612144,3067.763236004514
forecast_4549,2025-07-09 13:00:00,1967.7171274837765,2859.0425375055065,3044.334642254514
forecast_4550,2025-07-09 14:00:00,1981.5004599968288,2775.270803208049,3044.731906050259
forecast_4551,2025-07-09 15:00:00,2029.4743835358258,2720.149539070456,3076.452202555494
forecast_4552,2025-07-09 16:00:00,2166.280560706359,2729.1575935619203,3052.7126694447625
forecast_4553,2025-07-09 17:00:00,2294.635715101698,2544.7234589964655,3083.8289387470572
forecast_4554,2025-07-09 18:00:00,2415.988113629246,2426.9718355960576,3125.18825906928
forecast_4555,2025-07-09 19:00:00,2649.266095988332,2648.3692845583564,3128.1950338664747
forecast_4556,2025-07-09 20:00:00,2846.3161653934358,3402.3077449929706,3223.688460685949
forecast_4557,2025-07-09 21:00:00,3246.7068045983237,3858.6987684596425,3273.320545818964
forecast_4558,2025-07-09 22:00:00,4149.880173961627,4515.1884198478165,3348.432925542442
forecast_4559,2025-07-09 23:00:00,4311.292480408032,4834.653485917265,3463.626364351102
forecast_4560,2025-07-10 00:00:00,4188.902604406318,4802.958326304599,3625.723321983919
forecast_4561,2025-07-10 01:00:00,4092.6294785413425,4605.401649796469,3392.6212462618996
forecast_4562,2025-07-10 02:00:00,4160.202358896644,4769.94370220018,3398.524548356742
forecast_4563,2025-07-10 03:00:00,4225.579978574885,5430.835688807259,3463.451199932685
forecast_4564,2025-07-10 04:00:00,4686.318337475341,6434.8772111221715,3700.044678695507
forecast_4565,2025-07-10 05:00:00,5298.672630307912,7100.207678520293,4506.79932205173
forecast_4566,2025-07-10 06:00:00,5765.277332187542,7512.155428108777,4796.025555085909
forecast_4567,2025-07-10 07:00:00,5323.897239878288,7058.00782461196,4823.617173664482
forecast_4568,2025-07-10 08:00:00,5362.047988120341,6625.322250249164,4740.321686903198
forecast_4569,2025-07-10 09:00:00,5203.649538620697,6699.404977065917,4499.980582740819
forecast_4570,2025-07-10 10:00:00,4295.496835009844,6469.1772162136,4437.098843042722
forecast_4571,2025-07-10 11:00:00,4466.652725194945,6367.670739862786,4724.933004379171
forecast_4572,2025-07-10 12:00:00,4441.877093939593,6534.794083492946,4907.336674242527
forecast_4573,2025-07-10 13:00:00,4394.4575812135445,6142.582144502168,4787.653150059368
forecast_4574,2025-07-10 14:00:00,4000.934331653795,5801.125446344344,4649.188641500596
forecast_4575,2025-07-10 15:00:00,3839.7103665842615,5513.873332170969,4686.219885193262
forecast_4576,2025-07-10 16:00:00,3742.7492502822206,5352.077658100919,4470.151970153763
forecast_4577,2025-07-10 17:00:00,3876.4082637030333,5180.774109199165,4388.732038281437
forecast_4578,2025-07-10 18:00:00,4124.7944763536025,5545.932082111205,4387.472979824948
forecast_4579,2025-07-10 19:00:00,4894.919681536049,6208.585095321024,4646.664822130724
forecast_4580,2025-07-10 20:00:00,5637.46678162466,7525.347600797356,5308.387211304878
forecast_4581,2025-07-10 21:00:00,6033.33480872454,8795.248963581987,5747.396352758126
forecast_4582,2025-07-10 22:00:00,6495.315829500816,9463.804186206542,6360.144394078319
forecast_4583,2025-07-10 23:00:00,6626.068611135313,9364.277460119274,6462.655840033129
forecast_4584,2025-07-11 00:00:00,6664.358076318579,8624.667809865225,6695.513923130446
forecast_4585,2025-07-11 01:00:00,7496.961835417358,9967.690812729728,6766.198043585607
forecast_4586,2025-07-11 02:00:00,7431.659348961774,9770.033392034165,6834.385666783266
forecast_4587,2025-07-11 03:00:00,7442.948599332801,9103.759328868939,6867.613620217363
forecast_4588,2025-07-11 04:00:00,7594.462636647782,8984.719699466996,6950.687080045027
forecast_4589,2025-07-11 05:00:00,8081.955300485437,9076.704695880342,7217.204033330162
forecast_4590,2025-07-11 06:00:00,8577.081469613184,9739.353982671051,7229.592083907184
forecast_4591,2025-07-11 07:00:00,8416.088274586878,9808.030853150702,6960.897078497802
forecast_4592,2025-07-11 08:00:00,7802.382306710921,9585.127608243525,7129.419587641883
forecast_4593,2025-07-11 09:00:00,7104.6520185261525,8945.476836408721,7040.342025585163
forecast_4594,2025-07-11 10:00:00,6113.770203667002,8012.643480279274,6121.961647010483
forecast_4595,2025-07-11 11:00:00,5472.207493086342,7195.739040730034,5812.5002628920265
forecast_4596,2025-07-11 12:00:00,5064.345024024135,7293.832352757613,5826.413819374702
forecast_4597,2025-07-11 13:00:00,4714.436206186016,6771.748378539273,5290.013087599832
forecast_4598,2025-07-11 14:00:00,4695.495123444924,6578.9130892267485,5029.164228035701
forecast_4599,2025-07-11 15:00:00,4570.947520004856,6357.275184685371,4991.226534932255
forecast_4600,2025-07-11 16:00:00,4286.375051308627,5980.614445196308,4669.75632435346
forecast_4601,2025-07-11 17:00:00,4254.282159252286,5578.580420462991,4454.827077847325
forecast_4602,2025-07-11 18:00:00,4317.354660697996,5292.933964598475,4358.630566520105
forecast_4603,2025-07-11 19:00:00,4982.116467005719,5948.016264971375,4336.339591395094
forecast_4604,2025-07-11 20:00:00,5792.176746262177,6802.244917851787,4708.66958672272
forecast_4605,2025-07-11 21:00:00,6140.970693377024,7558.58024949045,5121.886690891432
forecast_4606,2025-07-11 22:00:00,6727.029064263619,8596.069829715147,5262.13444405936
forecast_4607,2025-07-11 23:00:00,6822.134183791062,8560.079690550238,5160.32526438541
forecast_4608,2025-07-12 00:00:00,6531.940538614474,7810.769114186838,4985.040197932826
forecast_4609,2025-07-12 01:00:00,6510.541995557344,7431.215371149599,4748.089582385379
forecast_4610,2025-07-12 02:00:00,5956.37705176881,6919.2793609241735,4502.26232931734
forecast_4611,2025-07-12 03:00:00,5750.164761277811,6759.751346660741,4309.082663625664
forecast_4612,2025-07-12 04:00:00,5660.443355088064,6206.860394047975,4076.161770273835
forecast_4613,2025-07-12 05:00:00,5530.403133009644,6192.052265416948,4004.328939765745
forecast_4614,2025-07-12 06:00:00,5245.827822771097,6078.349114669451,3901.424344287296
forecast_4615,2025-07-12 07:00:00,4498.39315470451,5270.332740440687,3516.581871421323
forecast_4616,2025-07-12 08:00:00,3840.962250269762,4091.417967340041,3315.889383496634
forecast_4617,2025-07-12 09:00:00,3105.9627891545165,3492.5987610286866,3147.4563696019654
forecast_4618,2025-07-12 10:00:00,2379.4416459814474,2749.8734209616478,2973.623574702976
forecast_4619,2025-07-12 11:00:00,1994.3173311287455,2364.6364813893106,2846.85840096552
forecast_4620,2025-07-12 12:00:00,1860.0623050575232,2144.282829903588,2752.6439857257824
forecast_4621,2025-07-12 13:00:00,1761.2860364789922,2011.2533675541372,2702.306464048452
forecast_4622,2025-07-12 14:00:00,1668.445231512319,1833.2434460730365,2651.9707396125486
forecast_4623,2025-07-12 15:00:00,1566.0568116347868,1638.0658063614446,2631.5853135612642
forecast_4624,2025-07-12 16:00:00,1534.6712741937872,1464.3384219923728,2611.8377440459976
forecast_4625,2025-07-12 17:00:00,1551.5510586680666,1399.8517791304075,2621.9375647963834
forecast_4626,2025-07-12 18:00:00,1619.6421443569552,1459.9637306670784,2721.0906180921716
forecast_4627,2025-07-12 19:00:00,1713.4061873674282,1532.8689777240188,2845.278836263024
forecast_4628,2025-07-12 20:00:00,1743.9178667218566,1592.5464898780365,3025.674229137009
forecast_4629,2025-07-12 21:00:00,1914.0570194186912,1940.1983672700217,3276.3349440916995
forecast_4630,2025-07-12 22:00:00,2461.5930332569797,2189.242563734664,3542.9092411925867
forecast_4631,2025-07-12 23:00:00,2924.1895364805464,2585.2448173181465,3903.2046577570854
forecast_4632,2025-07-13 00:00:00,3306.0546896732517,2839.7598964075214,4252.357297377697
forecast_4633,2025-07-13 01:00:00,2838.4053633671456,2618.346264330413,4148.595330032496
forecast_4634,2025-07-13 02:00:00,2844.0164635245105,2557.6630421708396,4224.2148124696305
forecast_4635,2025-07-13 03:00:00,2806.373041560972,2295.801325597249,3977.545249754214
forecast_4636,2025-07-13 04:00:00,2424.662806377518,2047.5648380845305,3437.633948358576
forecast_4637,2025-07-13 05:00:00,1968.144518385975,1796.5594282511174,3228.6800223699347
forecast_4638,2025-07-13 06:00:00,1702.1095581787868,1553.8091420262508,3009.0066382523273
forecast_4639,2025-07-13 07:00:00,1532.3839385257288,1463.9272345499994,2801.9150647963834
forecast_4640,2025-07-13 08:00:00,1494.0317596790537,1391.2297165400805,2643.0895279397437
forecast_4641,2025-07-13 09:00:00,1424.8928927970428,1390.007532805821,2541.9033581069784
forecast_4642,2025-07-13 10:00:00,1290.5517174944316,1345.773118743321,2426.3166393569786
forecast_4643,2025-07-13 11:00:00,1175.2539015321809,1269.49069279773,2455.296506106593
forecast_4644,2025-07-13 12:00:00,1147.1791163759308,1168.5201695245714,2493.7591327345535
forecast_4645,2025-07-13 13:00:00,1157.1840349798595,1168.1675072164344,2527.5717620669543
forecast_4646,2025-07-13 14:00:00,1183.9221343404406,1125.2119855856972,2532.21373765037
forecast_4647,2025-07-13 15:00:00,1339.364537966786,1187.8627444659787,2622.4344318928675
forecast_4648,2025-07-13 16:00:00,1522.00348731318,1367.3104292606422,2875.804916687328
forecast_4649,2025-07-13 17:00:00,1911.3316775016556,1788.6638941332312,3093.6855990350214
forecast_4650,2025-07-13 18:00:00,2511.8460640247995,2474.6312987916035,3329.7009942089912
forecast_4651,2025-07-13 19:00:00,2794.953857694137,3059.8575951380017,3542.165261904863
forecast_4652,2025-07-13 20:00:00,3035.2964453969735,3427.114344318641,3715.1795670442575
forecast_4653,2025-07-13 21:00:00,2990.836384415363,3901.186718458914,4214.679372625258
forecast_4654,2025-07-13 22:00:00,3502.779141734614,4840.545132019953,4648.806661157177
forecast_4655,2025-07-13 23:00:00,3725.384650375732,5739.306958046083,4726.519011363333
forecast_4656,2025-07-14 00:00:00,3866.554571031462,6248.658436800832,5198.798430968208
forecast_4657,2025-07-14 01:00:00,4577.088357650558,5689.2663372310835,5623.564004632425
forecast_4658,2025-07-14 02:00:00,4764.750230971949,6241.446102348772,6044.861679467504
forecast_4659,2025-07-14 03:00:00,5428.537753398596,7507.367274153701,5829.203584898112
forecast_4660,2025-07-14 04:00:00,4723.0051213408215,6383.091705508813,4998.267494973021
forecast_4661,2025-07-14 05:00:00,4694.085463334866,5744.739126610268,4911.479830025324
forecast_4662,2025-07-14 06:00:00,4545.289658209329,5762.962287598989,5231.255833339892
forecast_4663,2025-07-14 07:00:00,4695.6350585869195,6214.684271594779,5456.608755910891
forecast_4664,2025-07-14 08:00:00,5191.0615148671495,6160.643388801226,5286.1166036356435
forecast_4665,2025-07-14 09:00:00,5089.9714010161315,5138.908349878731,5358.336158545268
forecast_4666,2025-07-14 10:00:00,4979.239143553272,5486.31701345626,5403.939091149486
forecast_4667,2025-07-14 11:00:00,4923.66588878583,4987.741825727604,5270.598666812385
forecast_4668,2025-07-14 12:00:00,4861.696003555615,5728.966440969578,4877.317136505288
forecast_4669,2025-07-14 13:00:00,5414.439734521995,6026.041775989274,5092.5099238392095
forecast_4670,2025-07-14 14:00:00,5142.299389058498,5570.711874679409,5127.049192503104
forecast_4671,2025-07-14 15:00:00,5093.767838566458,5178.929440926362,5050.263009964496
forecast_4672,2025-07-14 16:00:00,5287.852648249072,5084.6429784529555,5210.213319325489
forecast_4673,2025-07-14 17:00:00,5576.122796781843,5141.287226415456,5202.765812605483
forecast_4674,2025-07-14 18:00:00,5942.598989470713,4745.538031667394,5121.399799537608
forecast_4675,2025-07-14 19:00:00,6618.876335299822,5149.9610239171225,5330.117064866446
forecast_4676,2025-07-14 20:00:00,6569.887302667323,6065.879957594663,5674.869514430438
forecast_4677,2025-07-14 21:00:00,6854.326953629465,7039.083126496285,5833.653030838134
forecast_4678,2025-07-14 22:00:00,6986.049132666686,7369.106484438447,6246.654125578451
forecast_4679,2025-07-14 23:00:00,7389.506164383659,7603.738592535397,6580.287132627746
forecast_4680,2025-07-15 00:00:00,7873.665684727495,8955.367759288116,7469.883135394367
forecast_4681,2025-07-15 01:00:00,9167.053171524087,12754.025072387463,10027.36662933708
forecast_4682,2025-07-15 02:00:00,10160.238061758308,13639.376286130722,10515.577446574276
forecast_4683,2025-07-15 03:00:00,10045.815764335384,13548.806834487059,10621.641201884075
forecast_4684,2025-07-15 04:00:00,9260.983969097884,13622.445411642486,10178.362400897353
forecast_4685,2025-07-15 05:00:00,8810.653371298871,12645.643836927806,9243.29019601453
forecast_4686,2025-07-15 06:00:00,8883.551301480185,12722.584039092268,8348.447424961447
forecast_4687,2025-07-15 07:00:00,7910.905859767361,11956.238340864355,8153.76932853991
forecast_4688,2025-07-15 08:00:00,6948.37251374536,10803.007563735297,7948.891857189263
forecast_4689,2025-07-15 09:00:00,6038.806386821261,8894.63364552506,7062.825300671404
forecast_4690,2025-07-15 10:00:00,4853.538183630593,7233.282918227665,6540.819722810489
forecast_4691,2025-07-15 11:00:00,4295.183007957963,6105.625603854543,5987.134884325714
forecast_4692,2025-07-15 12:00:00,3635.3694697562887,5191.926455589458,5468.524218746394
forecast_4693,2025-07-15 13:00:00,3349.7913755667632,4655.083249168684,5453.522141496649
forecast_4694,2025-07-15 14:00:00,3196.28598990811,4759.363121995348,5352.024592375621
forecast_4695,2025-07-15 15:00:00,3259.8149364176093,4691.698218613632,5299.953535442564
forecast_4696,2025-07-15 16:00:00,3216.7350116283874,4954.964768895147,5234.827228110987
forecast_4697,2025-07-15 17:00:00,3252.4033137588403,5087.83935674804,4958.696937274215
forecast_4698,2025-07-15 18:00:00,3679.7477971206786,5368.04670836759,5263.83682117683
forecast_4699,2025-07-15 19:00:00,3937.596755036533,5510.198280763094,5076.454082116246
forecast_4700,2025-07-15 20:00:00,4337.973017814154,6012.023466238857,4967.537035291458
forecast_4701,2025-07-15 21:00:00,5762.549598010908,7376.327703474004,5516.996378735195
forecast_4702,2025-07-15 22:00:00,6793.6182681765395,7475.585229366889,6283.9841341943065
forecast_4703,2025-07-15 23:00:00,7723.080013010609,8160.296597174482,6507.5255224055845
forecast_4704,2025-07-16 00:00:00,8718.469561076827,9902.44584955546,7062.054758955026
forecast_4705,2025-07-16 01:00:00,11005.922517645056,11843.302622967542,8695.68505517332
forecast_4706,2025-07-16 02:00:00,12028.08420232085,12332.34930497322,9310.97775296342
forecast_4707,2025-07-16 03:00:00,12859.791008676439,12899.530431280704,10139.333088797299
forecast_4708,2025-07-16 04:00:00,13441.107103803897,14352.61834420548,11590.174835698646
forecast_4709,2025-07-16 05:00:00,12578.282851577995,14654.38283780637,11480.932048385253
forecast_4710,2025-07-16 06:00:00,12257.641641280212,14352.209391156452,11099.576055601778
forecast_4711,2025-07-16 07:00:00,11611.511979284427,14252.96046516068,10006.212140967491
forecast_4712,2025-07-16 08:00:00,10133.78487338189,11467.021196211774,9002.692258915973
forecast_4713,2025-07-16 09:00:00,7867.277793318761,8624.013047677543,7675.925949351149
forecast_4714,2025-07-16 10:00:00,5994.274032468276,7030.194972210012,6935.297513141008
forecast_4715,2025-07-16 11:00:00,5452.451664189172,6500.97878321962,7201.128270179349
forecast_4716,2025-07-16 12:00:00,4569.919445781845,6041.231687418429,6703.219009455475
forecast_4717,2025-07-16 13:00:00,5114.3351549478275,5695.238843268165,6647.081203805158
forecast_4718,2025-07-16 14:00:00,4504.408232461367,5369.179373041253,6025.005443025907
forecast_4719,2025-07-16 15:00:00,4284.842070431263,5211.143607046531,5030.6529300279335
forecast_4720,2025-07-16 16:00:00,4813.232102444715,5722.815829636267,4610.781596860983
forecast_4721,2025-07-16 17:00:00,4452.993528858802,5788.071270033465,4302.631565015934
forecast_4722,2025-07-16 18:00:00,4474.975450541126,5349.591912677394,4633.739073951716
forecast_4723,2025-07-16 19:00:00,5676.2932781147165,6227.24548180589,4898.364099257481
forecast_4724,2025-07-16 20:00:00,7278.124865125382,7836.384695857988,5360.845722338515
forecast_4725,2025-07-16 21:00:00,8404.343170470549,9132.127394162024,6550.473316479141
forecast_4726,2025-07-16 22:00:00,10040.88049274089,11860.115247436202,8036.732975471781
forecast_4727,2025-07-16 23:00:00,10840.657740175518,12902.224240520543,8554.384304813062
forecast_4728,2025-07-17 00:00:00,10551.3506420987,13164.511365482926,9563.142881858228
forecast_4729,2025-07-17 01:00:00,11489.557954052882,13166.9649184355,10868.114280631431
forecast_4730,2025-07-17 02:00:00,12806.841592678375,14777.599409264618,12083.368728060823
forecast_4731,2025-07-17 03:00:00,13215.821618088215,14964.566438038812,12821.906878028123
forecast_4732,2025-07-17 04:00:00,13539.478382250674,14980.155392952556,13415.690198710934
forecast_4733,2025-07-17 05:00:00,13463.276080543372,14800.449323656685,12983.824342033146
forecast_4734,2025-07-17 06:00:00,13125.8769615321,15118.053946607142,12992.835942713844
forecast_4735,2025-07-17 07:00:00,12413.640277798986,14914.070524424653,13114.442638731172
forecast_4736,2025-07-17 08:00:00,12780.807753217454,15357.791768857536,12936.497807999252
forecast_4737,2025-07-17 09:00:00,11576.071508777468,15298.574761510474,12526.905316720056
forecast_4738,2025-07-17 10:00:00,11193.934387176309,13855.165746794119,12032.711029920756
forecast_4739,2025-07-17 11:00:00,10888.439181729638,13742.564965932446,11802.614523669421
forecast_4740,2025-07-17 12:00:00,10179.333937703435,13158.731408637592,10203.912394973528
forecast_4741,2025-07-17 13:00:00,9641.612527033376,12541.869256429098,9543.084468219451
forecast_4742,2025-07-17 14:00:00,8779.915419987372,11335.281469805024,9385.924198539193
forecast_4743,2025-07-17 15:00:00,7934.107921142007,10504.413905884287,8832.907912312588
forecast_4744,2025-07-17 16:00:00,7584.576924264019,8361.402840075914,7963.877644228816
forecast_4745,2025-07-17 17:00:00,7153.344455893544,8046.061759579632,7891.657835688098
forecast_4746,2025-07-17 18:00:00,7827.055441220968,8455.372395850227,8100.4823778954105
forecast_4747,2025-07-17 19:00:00,8206.461812568325,8164.378001686189,7733.1465055875005
forecast_4748,2025-07-17 20:00:00,8979.771065533118,8778.73912005558,7645.691430465725
forecast_4749,2025-07-17 21:00:00,9245.362466669394,9470.745592693107,8654.294542807802
forecast_4750,2025-07-17 22:00:00,10075.195804216604,11535.995330482405,8889.1916198527
forecast_4751,2025-07-17 23:00:00,11274.451428535971,13301.08753404023,9619.861778998189
forecast_4752,2025-07-18 00:00:00,10960.56716219226,12915.550499267329,10594.094141357305
forecast_4753,2025-07-18 01:00:00,9709.155656200508,13050.044172673548,10998.421580652317
forecast_4754,2025-07-18 02:00:00,9850.234688709195,13698.770518516982,10567.38132559834
forecast_4755,2025-07-18 03:00:00,10008.03792804705,13775.251847311823,11898.872095860675
forecast_4756,2025-07-18 04:00:00,11024.34565578682,13848.060162069904,10691.592346383402
forecast_4757,2025-07-18 05:00:00,10602.070581457383,13721.350376693876,9910.46175545636
forecast_4758,2025-07-18 06:00:00,9704.866681336847,13518.254657444913,9402.892863987261
forecast_4759,2025-07-18 07:00:00,9363.654601688586,13773.81827502979,9035.443494643232
forecast_4760,2025-07-18 08:00:00,9134.90244288018,13135.601958273106,8405.800313892469
forecast_4761,2025-07-18 09:00:00,8302.905053533976,10884.137652537915,7982.383997173653
forecast_4762,2025-07-18 10:00:00,6813.646865895163,8746.678281903809,7500.470233043224
forecast_4763,2025-07-18 11:00:00,4832.796225357715,6092.58633440686,6458.514936065293
forecast_4764,2025-07-18 12:00:00,3873.445247446298,4381.611269611024,5247.818807234581
forecast_4765,2025-07-18 13:00:00,2880.3165205426226,3228.549732144445,4501.786469244476
forecast_4766,2025-07-18 14:00:00,3027.36647756737,2812.064711515889,4256.129354544596
forecast_4767,2025-07-18 15:00:00,3802.5753927997193,3787.9332316131545,4705.710997790886
forecast_4768,2025-07-18 16:00:00,4076.575578982142,4996.048068878699,5082.081185100835
forecast_4769,2025-07-18 17:00:00,5272.931214530119,5266.476195953057,5281.192715935925
forecast_4770,2025-07-18 18:00:00,6302.798097013542,6209.330421884084,5966.6889160372675
forecast_4771,2025-07-18 19:00:00,7373.731424151781,7243.655580776127,6727.64875421757
forecast_4772,2025-07-18 20:00:00,7615.960373046738,8495.102419572915,7308.930309251155
forecast_4773,2025-07-18 21:00:00,8669.064635149207,9859.159196457844,7960.743553125796
forecast_4774,2025-07-18 22:00:00,8076.629741364554,7820.538437854652,8009.546613890446
forecast_4775,2025-07-18 23:00:00,7893.332850045178,7691.805591452855,8126.49832483671
forecast_4776,2025-07-19 00:00:00,7513.521032697904,7818.018653357754,8227.074066527646
forecast_4777,2025-07-19 01:00:00,7491.821173712568,8728.936207357672,8333.27726335519
forecast_4778,2025-07-19 02:00:00,6156.473788471464,7494.8039974640615,7209.325299858094
forecast_4779,2025-07-19 03:00:00,5651.6921978877945,6868.7544552241425,6894.255541185643
forecast_4780,2025-07-19 04:00:00,5150.729048764986,6058.635203052597,6889.005713559788
forecast_4781,2025-07-19 05:00:00,5602.858672478481,6380.075024754695,6668.546002653371
forecast_4782,2025-07-19 06:00:00,5803.326269941212,6253.899837696203,6797.651041941636
forecast_4783,2025-07-19 07:00:00,5508.064734453106,5738.325132632259,6775.091578329232
forecast_4784,2025-07-19 08:00:00,5500.198282762503,5805.042628895181,6925.539326637972
forecast_4785,2025-07-19 09:00:00,5994.953835388063,6782.1713206086415,8214.118732178173
forecast_4786,2025-07-19 10:00:00,6547.796354315483,7291.314205377731,7767.826270502832
forecast_4787,2025-07-19 11:00:00,6735.756354955435,8071.839662823615,8315.867186187748
forecast_4788,2025-07-19 12:00:00,8222.241490250237,9834.963508541628,8999.503496377873
forecast_4789,2025-07-19 13:00:00,8183.912526858327,10356.654078476928,8963.209983512319
forecast_4790,2025-07-19 14:00:00,8028.3105116632305,10740.043350379874,9390.843676185488
forecast_4791,2025-07-19 15:00:00,8518.49393255916,11452.706925743696,9930.40235508436
forecast_4792,2025-07-19 16:00:00,8779.283825805915,10489.567786476942,9992.319714533489
forecast_4793,2025-07-19 17:00:00,8312.065383338482,10602.20619819259,9859.106814525236
forecast_4794,2025-07-19 18:00:00,8385.021902396666,10593.410830155144,11001.74299083429
forecast_4795,2025-07-19 19:00:00,9914.868077195717,10938.378436777226,11315.50377836352
forecast_4796,2025-07-19 20:00:00,11199.701364890745,10520.091002334628,11336.856437099003
forecast_4797,2025-07-19 21:00:00,11465.114726318145,11680.97955928145,11726.934209930308
forecast_4798,2025-07-19 22:00:00,12893.779872643765,12689.766110410841,11919.317030171052
forecast_4799,2025-07-19 23:00:00,13681.756955901408,14398.859027685721,11626.595712519204
forecast_4800,2025-07-20 00:00:00,12088.481859121777,14132.379071076957,11644.121530190898
forecast_4801,2025-07-20 01:00:00,12379.583009558868,11957.545266909992,12322.236846579563
forecast_4802,2025-07-20 02:00:00,12070.640349469675,12146.388419943105,12009.787985228326
forecast_4803,2025-07-20 03:00:00,12163.452872309452,12094.49161831309,11841.38929051362
forecast_4804,2025-07-20 04:00:00,12252.44928098586,12204.64953959026,12200.335073451355
forecast_4805,2025-07-20 05:00:00,12442.741469532513,13182.908002606884,12044.246274188024
forecast_4806,2025-07-20 06:00:00,11290.061569696776,12484.280268842358,11846.700145911236
forecast_4807,2025-07-20 07:00:00,10708.401541420535,12424.219712010916,11846.498255868522
forecast_4808,2025-07-20 08:00:00,10068.137240764336,12088.156522834754,10260.449371785444
forecast_4809,2025-07-20 09:00:00,8125.812164659499,11627.420340632063,9837.344707366197
forecast_4810,2025-07-20 10:00:00,6565.31612405503,8821.607217400244,8570.236991444825
forecast_4811,2025-07-20 11:00:00,5586.440321525309,6385.135535487868,7968.282903163471
forecast_4812,2025-07-20 12:00:00,5168.543473416049,6307.913732281005,7283.529548299474
forecast_4813,2025-07-20 13:00:00,4638.930911746827,6083.931519184231,7056.273312280305
forecast_4814,2025-07-20 14:00:00,4725.265807891754,5808.601457918213,6613.003488667627
forecast_4815,2025-07-20 15:00:00,4206.174488961699,5294.27815588822,6426.874092463733
forecast_4816,2025-07-20 16:00:00,3879.1377101145777,5076.199654495707,6433.558364974284
forecast_4817,2025-07-20 17:00:00,4163.782919895073,5011.623479223637,6523.116060439901
forecast_4818,2025-07-20 18:00:00,4858.416971642244,5620.396467776614,6523.5653524191775
forecast_4819,2025-07-20 19:00:00,6077.477550995913,6668.825538632418,6854.279119325991
forecast_4820,2025-07-20 20:00:00,7408.072776874047,8887.16403107619,8155.6680014915055
forecast_4821,2025-07-20 21:00:00,9105.696459426115,11203.068274230314,8801.850338497303
forecast_4822,2025-07-20 22:00:00,9976.368172960663,12715.773108381556,9259.718647672142
forecast_4823,2025-07-20 23:00:00,10303.725716115923,12930.33060128333,9495.914771197027
forecast_4824,2025-07-21 00:00:00,9969.722977972893,12863.94068469299,9785.359995933912
forecast_4825,2025-07-21 01:00:00,11420.12647589445,14103.514628760295,10075.74388939084
forecast_4826,2025-07-21 02:00:00,11352.608347852429,14410.295198879543,10170.022453023861
forecast_4827,2025-07-21 03:00:00,11352.495571571451,15027.067620806372,10400.2157741036
forecast_4828,2025-07-21 04:00:00,10972.765276546346,14497.121752396972,10081.300367488344
forecast_4829,2025-07-21 05:00:00,11084.335496985143,13046.914434112554,9701.173745932532
forecast_4830,2025-07-21 06:00:00,11542.327573748811,13640.727147639507,10525.293664403585
forecast_4831,2025-07-21 07:00:00,11485.993788490548,13082.45476395754,9378.17754233119
forecast_4832,2025-07-21 08:00:00,10472.738766081839,11181.583651398181,8580.406218776581
forecast_4833,2025-07-21 09:00:00,9732.658700284828,9450.114436500156,8381.896320854066
forecast_4834,2025-07-21 10:00:00,8177.306769254456,9498.710313863854,8246.696129766366
forecast_4835,2025-07-21 11:00:00,7570.662731529547,9463.134388561717,8122.1877372174595
forecast_4836,2025-07-21 12:00:00,6835.723117067038,8575.467046902211,7517.5777336278015
forecast_4837,2025-07-21 13:00:00,6013.845738797639,7163.461984077566,6959.119963017175
forecast_4838,2025-07-21 14:00:00,5233.2663205137305,6453.260115725839,6811.748776104168
forecast_4839,2025-07-21 15:00:00,5339.30885859248,5980.339035546437,6453.880190850097
forecast_4840,2025-07-21 16:00:00,5080.069559791634,5782.413031269904,6412.119604628008
forecast_4841,2025-07-21 17:00:00,5556.7288410354595,6580.566565981912,7008.467151407969
forecast_4842,2025-07-21 18:00:00,5889.36515555423,6706.5032288033835,7365.935982422334
forecast_4843,2025-07-21 19:00:00,7127.346188605552,7886.328516955415,8203.219703581399
forecast_4844,2025-07-21 20:00:00,9481.344780698495,11271.621540058934,9605.07187770405
forecast_4845,2025-07-21 21:00:00,11204.908354490975,13645.056771244908,11217.611956074534
forecast_4846,2025-07-21 22:00:00,14414.19711902193,15868.570414948776,11784.713477738278
forecast_4847,2025-07-21 23:00:00,15361.232745550707,16094.875982783524,12308.573811883492
forecast_4848,2025-07-22 00:00:00,14629.84517645833,15966.428065960503,12514.046479437166
forecast_4849,2025-07-22 01:00:00,14858.14524059062,16632.15422046084,13083.402667537475
forecast_4850,2025-07-22 02:00:00,15251.531655009003,16753.546991315023,13144.319756918685
forecast_4851,2025-07-22 03:00:00,15851.876613446442,16532.461682972382,12893.858639882925
forecast_4852,2025-07-22 04:00:00,15836.386085314782,16428.786374494906,13141.022369899327
forecast_4853,2025-07-22 05:00:00,15645.117437765533,16341.809657857986,13129.205597189492
forecast_4854,2025-07-22 06:00:00,15174.66007685061,16380.082279364884,12278.685999086916
forecast_4855,2025-07-22 07:00:00,14045.917257928873,15872.321806862943,11755.54734339333
forecast_4856,2025-07-22 08:00:00,11745.31037827346,14118.093640535308,9818.450838670917
forecast_4857,2025-07-22 09:00:00,9033.417874757537,10930.360738782894,7845.120989070716
forecast_4858,2025-07-22 10:00:00,7009.390648752012,7978.39153713439,6294.676854991777
forecast_4859,2025-07-22 11:00:00,5381.971297890269,5355.337598796119,5126.444825183529
forecast_4860,2025-07-22 12:00:00,4156.846293986464,4091.9937290408207,4258.022312970506
forecast_4861,2025-07-22 13:00:00,3788.4938170611845,3780.921512212968,3712.4345550066246
forecast_4862,2025-07-22 14:00:00,3441.587363804163,3462.0604919895577,3750.167901360046
forecast_4863,2025-07-22 15:00:00,3105.609867264462,3302.573358863517,3704.7417476313985
forecast_4864,2025-07-22 16:00:00,3076.814682324928,3125.3904979372237,3455.6248494442957
forecast_4865,2025-07-22 17:00:00,3084.182565464753,2939.834355211231,3422.251708662798
forecast_4866,2025-07-22 18:00:00,3175.3338781839916,3071.8248932455954,3715.943466663781
forecast_4867,2025-07-22 19:00:00,3977.1468225870753,3732.826349372999,3925.6478654845587
forecast_4868,2025-07-22 20:00:00,5420.1228666927,4951.169227441953,4894.0842924908375
forecast_4869,2025-07-22 21:00:00,6553.976012666909,6489.269331102662,5901.952015050507
forecast_4870,2025-07-22 22:00:00,8126.524142026572,7398.1507276632365,6315.197168159171
forecast_4871,2025-07-22 23:00:00,9327.74402844212,8459.753556638114,7176.8440480049
forecast_4872,2025-07-23 00:00:00,9585.422766676922,10035.26959723732,8061.625707451625
forecast_4873,2025-07-23 01:00:00,10539.280762451705,10066.574348011583,8164.438711738685
forecast_4874,2025-07-23 02:00:00,10300.479191664755,9769.554645972994,8022.228593651186
forecast_4875,2025-07-23 03:00:00,10669.076637446964,10422.653773872586,8439.522906170972
forecast_4876,2025-07-23 04:00:00,10718.049521176814,10667.673761791417,8254.843661310531
forecast_4877,2025-07-23 05:00:00,10688.978336645247,10080.461753212752,7750.125380686597
forecast_4878,2025-07-23 06:00:00,9734.661264207938,8751.554951383783,7219.996744717797
forecast_4879,2025-07-23 07:00:00,8095.875662747631,6510.969159418028,6364.566593332984
forecast_4880,2025-07-23 08:00:00,5445.72145601134,4490.1436648794115,5008.627302849437
forecast_4881,2025-07-23 09:00:00,3346.8817340076207,2485.4810317966576,3686.6060938684286
forecast_4882,2025-07-23 10:00:00,1946.6869147844245,1635.9281264709225,3037.332742784253
forecast_4883,2025-07-23 11:00:00,1576.2156083610134,1391.900947112411,2785.1881432751793
forecast_4884,2025-07-23 12:00:00,1358.4831949228783,1362.6431677484225,2642.516239340536
forecast_4885,2025-07-23 13:00:00,1304.508172200476,1263.3763215995732,2637.1922341092436
forecast_4886,2025-07-23 14:00:00,1270.8319468398859,1304.0636278327393,2656.7385782423253
forecast_4887,2025-07-23 15:00:00,1388.7604872164065,1334.766391280612,2727.585694690992
forecast_4888,2025-07-23 16:00:00,1533.313853216042,1588.997211589981,2657.814234319841
forecast_4889,2025-07-23 17:00:00,1684.8680641219535,1760.7242333259774,2725.5273227066027
forecast_4890,2025-07-23 18:00:00,1997.0340827868558,2355.31000991113,2991.193373661869
forecast_4891,2025-07-23 19:00:00,2494.625476730296,2987.5087007266775,3165.0693575794076
forecast_4892,2025-07-23 20:00:00,2806.13870958636,3019.7572996635718,3426.100269143025
forecast_4893,2025-07-23 21:00:00,3698.118835002837,3505.5269639310814,3976.412130413727
forecast_4894,2025-07-23 22:00:00,4687.023248022628,4410.409866392961,4749.309743354523
forecast_4895,2025-07-23 23:00:00,5190.088745830677,5281.380491185469,5739.7606501607115
forecast_4896,2025-07-24 00:00:00,6282.66305009102,5725.707013032557,5919.59567925567
forecast_4897,2025-07-24 01:00:00,7131.89227625154,7014.664202537625,6276.096071452472
forecast_4898,2025-07-24 02:00:00,8210.892512518123,7946.141523676276,7137.79876647439
forecast_4899,2025-07-24 03:00:00,8168.663860739336,8650.316939069455,7300.819111027472
forecast_4900,2025-07-24 04:00:00,8253.770452737845,8790.345919340087,7287.84840204923
forecast_4901,2025-07-24 05:00:00,8541.72259143098,8543.373871013173,7080.7922371021905
forecast_4902,2025-07-24 06:00:00,7769.564384568119,7719.405942489049,6755.744995128853
forecast_4903,2025-07-24 07:00:00,6648.312421313401,5719.3248837262345,5243.062490280266
forecast_4904,2025-07-24 08:00:00,3243.6053816821054,2883.6980353729023,3562.2583140647284
forecast_4905,2025-07-24 09:00:00,1974.7461941792026,1689.7880667696163,3009.9823393150614
forecast_4906,2025-07-24 10:00:00,1573.4445724929064,1592.5011036521564,2588.23607903956
forecast_4907,2025-07-24 11:00:00,1318.5604840455217,1399.1809251851846,2433.8135924819785
forecast_4908,2025-07-24 12:00:00,1295.0517340455217,1410.7553001851848,2445.747498731979
forecast_4909,2025-07-24 13:00:00,1230.4075348267716,1214.631472060184,2448.453592481979
forecast_4910,2025-07-24 14:00:00,1374.4663043580213,1339.2478392476842,2420.5772643569785
forecast_4911,2025-07-24 15:00:00,1357.9920281695686,1493.9067454976848,2412.1043737319787
forecast_4912,2025-07-24 16:00:00,1414.7259383313767,1341.17783214484,2575.2310143569784
forecast_4913,2025-07-24 17:00:00,1361.9049541594059,1232.9556867395922,2631.1549987319786
forecast_4914,2025-07-24 18:00:00,1445.3583031804355,1332.1564875208423,2662.4595299819784
forecast_4915,2025-07-24 19:00:00,1583.8872752069128,1459.5438671079664,2841.4306906559045
forecast_4916,2025-07-24 20:00:00,1644.3065731296701,1555.7053896630705,3025.8276393262695
forecast_4917,2025-07-24 21:00:00,1864.0921207210722,1675.7781214369843,3196.800119572668
forecast_4918,2025-07-24 22:00:00,2383.8152253280987,2280.4946990637436,3439.617136593479
forecast_4919,2025-07-24 23:00:00,3044.5505043704743,3057.795464975582,3866.3715774629673
forecast_4920,2025-07-25 00:00:00,3298.0049743514974,3509.1377745171126,4024.236651250005
forecast_4921,2025-07-25 01:00:00,3534.4806148221965,3925.9115523814557,4552.0426157070515
forecast_4922,2025-07-25 02:00:00,4036.524781298946,4474.470640463141,4963.980210985814
forecast_4923,2025-07-25 03:00:00,4220.876412933447,4960.731004308915,5191.495979029313
forecast_4924,2025-07-25 04:00:00,3869.9483608379605,4442.9179660102145,4786.736550188535
forecast_4925,2025-07-25 05:00:00,3433.3697633074516,3920.2593931721985,4431.361112275377
forecast_4926,2025-07-25 06:00:00,3165.8993403514382,3429.259881317947,4286.905594884191
forecast_4927,2025-07-25 07:00:00,2435.6976867467793,2484.1888653430497,3643.9872003823034
forecast_4928,2025-07-25 08:00:00,1858.0092848636941,1971.270027067073,3106.187647626605
forecast_4929,2025-07-25 09:00:00,1545.3107455397949,1673.105934507731,2862.265519371919
forecast_4930,2025-07-25 10:00:00,1317.5602615590024,1527.6424007567193,2615.806726720464
forecast_4931,2025-07-25 11:00:00,1233.748854864586,1459.5142902731968,2518.9233581069784
forecast_4932,2025-07-25 12:00:00,1211.231159552086,1378.254602773197,2490.706483106979
forecast_4933,2025-07-25 13:00:00,1196.7206517395862,1380.4664349449558,2471.8753893569788
forecast_4934,2025-07-25 14:00:00,1163.9340552556496,1490.9122179757042,2522.0865792232967
forecast_4935,2025-07-25 15:00:00,1179.0896221258572,1366.827261988522,2633.6397742073723
forecast_4936,2025-07-25 16:00:00,1251.6155616396563,1449.0771374314445,2698.558288651475
forecast_4937,2025-07-25 17:00:00,1346.6524840575603,1396.8986947822514,2830.524018139523
forecast_4938,2025-07-25 18:00:00,1579.0123600922116,1476.5038048468723,3061.743022637769
forecast_4939,2025-07-25 19:00:00,2063.615587899146,1915.958298775634,3435.2072424691464
forecast_4940,2025-07-25 20:00:00,2848.2808413793855,2747.3052551598403,4060.0358191750042
forecast_4941,2025-07-25 21:00:00,3671.866975550904,3568.3775678641573,4829.815876203847
forecast_4942,2025-07-25 22:00:00,5021.15900763875,4884.9319680546705,5953.549577964834
forecast_4943,2025-07-25 23:00:00,5996.794508914745,5948.1152042174535,7037.696553207121
forecast_4944,2025-07-26 00:00:00,6461.266678191416,7025.267442603034,8064.601952976997
forecast_4945,2025-07-26 01:00:00,6449.159653309835,7221.6967042592605,8340.394290473067
forecast_4946,2025-07-26 02:00:00,6601.714649496538,7145.246213958435,8199.941951248093
forecast_4947,2025-07-26 03:00:00,6688.550240383475,6643.828352240818,8012.547447543318
forecast_4948,2025-07-26 04:00:00,6364.653473001241,6835.494385782106,7200.23366051887
forecast_4949,2025-07-26 05:00:00,5181.240701896277,5128.2113859733945,5995.953232084355
forecast_4950,2025-07-26 06:00:00,4017.5358017482313,3737.4474354819918,4888.733137009354
forecast_4951,2025-07-26 07:00:00,3246.429594434905,2870.7917280799893,4081.2909129936234
forecast_4952,2025-07-26 08:00:00,2337.1054599894496,2232.717826434653,3285.7462552916327
forecast_4953,2025-07-26 09:00:00,1628.2028147221645,1750.235053878433,2887.111464335869
forecast_4954,2025-07-26 10:00:00,1318.9517648198198,1657.2409393453954,2681.006623234697
forecast_4955,2025-07-26 11:00:00,1191.5401807580147,1533.8561486915987,2650.0366216238226
forecast_4956,2025-07-26 12:00:00,1162.793488606002,1532.7035743323395,2544.659608106979
forecast_4957,2025-07-26 13:00:00,1160.9938240421434,1450.3617774573395,2519.054139356979
forecast_4958,2025-07-26 14:00:00,1131.7010530815269,1440.92677745734,2553.0542174819784
forecast_4959,2025-07-26 15:00:00,1145.9905706110776,1306.2277556042873,2620.8338268569787
forecast_4960,2025-07-26 16:00:00,1189.733628758061,1407.0786096290994,2671.3142174819786
forecast_4961,2025-07-26 17:00:00,1264.5688947728177,1425.38197276984,2750.3233148910376
forecast_4962,2025-07-26 18:00:00,1420.0606471498231,1527.4859074521592,2919.728922784559
forecast_4963,2025-07-26 19:00:00,1606.3193395646858,1750.1859390241298,3230.464245785808
forecast_4964,2025-07-26 20:00:00,2059.479928255004,2159.7155534207686,3682.2395113314988
forecast_4965,2025-07-26 21:00:00,2693.4849326106087,3086.889775969865,4512.997608869618
forecast_4966,2025-07-26 22:00:00,4285.351858283826,4602.110489949904,5858.531152727449
forecast_4967,2025-07-26 23:00:00,5680.6033937797365,6047.912727278917,7190.185006164741
forecast_4968,2025-07-27 00:00:00,6918.980494556087,7784.763352514132,8070.740464516839
forecast_4969,2025-07-27 01:00:00,9049.535229689938,9375.190289629374,8521.717449908549
forecast_4970,2025-07-27 02:00:00,9697.33224865409,9819.61445092542,8952.910784228174
forecast_4971,2025-07-27 03:00:00,10472.75102480833,9335.359311296002,8704.00047211939
forecast_4972,2025-07-27 04:00:00,10118.822182580278,9175.49275659237,8569.187886894555
forecast_4973,2025-07-27 05:00:00,8449.199497251639,7896.105149121602,7932.210272405421
forecast_4974,2025-07-27 06:00:00,7545.869195843103,6952.635531459925,6845.801379239943
forecast_4975,2025-07-27 07:00:00,6153.740843508049,5673.94608190605,5770.887880246432
forecast_4976,2025-07-27 08:00:00,3731.425433492723,3181.0296034574944,4480.841224873546
forecast_4977,2025-07-27 09:00:00,2338.9161760388806,2032.1068613900543,3453.8262824696967
forecast_4978,2025-07-27 10:00:00,1690.6674572488291,1667.3081990002465,2969.557268285298
forecast_4979,2025-07-27 11:00:00,1424.8965171980835,1485.4464195319733,2822.2790440059775
forecast_4980,2025-07-27 12:00:00,1323.665691435226,1418.150289177166,2754.1570101493235
forecast_4981,2025-07-27 13:00:00,1296.9836478405468,1417.591326316403,2797.516318806279
forecast_4982,2025-07-27 14:00:00,1340.8276561207276,1566.7771197164047,2862.480811020239
forecast_4983,2025-07-27 15:00:00,1545.2996420853906,1961.5644948264971,3029.3334103353714
forecast_4984,2025-07-27 16:00:00,1980.906455340857,2524.271965477141,3535.8039787112866
forecast_4985,2025-07-27 17:00:00,2322.828157188723,2929.612516604103,3692.841597644732
forecast_4986,2025-07-27 18:00:00,3132.7901465180576,3155.403922845065,3804.869166842424
forecast_4987,2025-07-27 19:00:00,4498.89383056578,4180.553410382807,4774.073592973634
forecast_4988,2025-07-27 20:00:00,5630.150341737739,5755.920643011857,5692.4788013452135
forecast_4989,2025-07-27 21:00:00,6885.784976143702,7089.846853098501,6898.94951803624
forecast_4990,2025-07-27 22:00:00,8420.614998816904,8698.969533401054,7835.337812811876
forecast_4991,2025-07-27 23:00:00,9771.033494679103,9690.38211722429,8590.832179042582
forecast_4992,2025-07-28 00:00:00,9764.35809383789,10372.439833352615,8824.848743732473
forecast_4993,2025-07-28 01:00:00,10733.638753531479,10390.243379922036,8984.539538942137
forecast_4994,2025-07-28 02:00:00,10661.676838171321,10468.122249516211,9354.329579890506
forecast_4995,2025-07-28 03:00:00,10849.572271852488,10201.781277246286,8843.165740983868
forecast_4996,2025-07-28 04:00:00,10959.186894287745,9427.536741528802,8496.217018482372
forecast_4997,2025-07-28 05:00:00,10183.882725107134,8719.637386052196,8135.623552482799
forecast_4998,2025-07-28 06:00:00,8573.764704288471,7628.935292783567,7043.548940102297
forecast_4999,2025-07-28 07:00:00,7066.715199120011,5756.296439442456,5993.216915646645
forecast_5000,2025-07-28 08:00:00,4333.555338915674,3105.487716984837,4687.7810410191305
forecast_5001,2025-07-28 09:00:00,2479.0918263675294,1859.1852231702378,3395.0777045125114
forecast_5002,2025-07-28 10:00:00,1743.9312401948246,1555.345571726294,2939.545573564942
forecast_5003,2025-07-28 11:00:00,1414.8083895917443,1406.23471415505,2702.153875542415
forecast_5004,2025-07-28 12:00:00,1298.655341517083,1350.1679564351844,2571.4258402593273
forecast_5005,2025-07-28 13:00:00,1211.6807768303606,1223.1048048010898,2586.6375033972217
forecast_5006,2025-07-28 14:00:00,1302.110198388822,1286.8360550963962,2633.3107799819786
forecast_5007,2025-07-28 15:00:00,1239.400562170521,1183.9975462789344,2623.5935924819787
forecast_5008,2025-07-28 16:00:00,1426.8908671063164,1436.7619146601555,2850.4561706069785
forecast_5009,2025-07-28 17:00:00,1436.220864232232,1507.2696296945733,2917.5373586504425
forecast_5010,2025-07-28 18:00:00,1461.1184855894844,1451.0846327149675,2928.8435444443166
forecast_5011,2025-07-28 19:00:00,1490.952382086848,1512.2505156918087,2961.180857923437
forecast_5012,2025-07-28 20:00:00,1470.891220275049,1555.0635530445006,3001.9206528550853
forecast_5013,2025-07-28 21:00:00,1536.8257744446237,1697.0368818029629,3147.016775876057
forecast_5014,2025-07-28 22:00:00,1777.2451839646183,1876.6443267986633,3190.5867528286794
forecast_5015,2025-07-28 23:00:00,1880.3358051607993,1956.2848324047254,3194.8973645927067
forecast_5016,2025-07-29 00:00:00,2122.5452809487397,2071.902527622753,3365.2059732757502
forecast_5017,2025-07-29 01:00:00,2405.207852653164,2218.388662923302,3851.794817143582
forecast_5018,2025-07-29 02:00:00,2726.550345745007,2220.5735471235785,3880.7904783594786
forecast_5019,2025-07-29 03:00:00,2607.1755033491654,2257.740524238354,3818.6897066031092
forecast_5020,2025-07-29 04:00:00,2459.018219069493,2077.3363904970565,3519.579791297001
forecast_5021,2025-07-29 05:00:00,1989.5044322754375,1839.2340335112722,3295.9717100283833
forecast_5022,2025-07-29 06:00:00,1711.9854683798485,1733.695617937684,3089.606970401003
forecast_5023,2025-07-29 07:00:00,1650.4257753609454,1645.2056405629937,2869.270412108114
forecast_5024,2025-07-29 08:00:00,1573.7487985268644,1605.7764390558214,2647.156248731979
forecast_5025,2025-07-29 09:00:00,1426.5091102327242,1550.5046751851842,2523.1906237319786
forecast_5026,2025-07-29 10:00:00,1328.9442340455216,1506.8144798726844,2493.6870299819784
forecast_5027,2025-07-29 11:00:00,1314.4283356080214,1407.4507298726849,2500.134217481979
forecast_5028,2025-07-29 12:00:00,1321.481616858021,1369.4921751851844,2483.4064049819785
forecast_5029,2025-07-29 13:00:00,1380.3257965455214,1524.4824876851844,2476.5148424819786
forecast_5030,2025-07-29 14:00:00,1430.6177496705213,1437.3360174461714,2610.448670606979
forecast_5031,2025-07-29 15:00:00,1486.694546545521,1425.7148846336713,2661.2965612319786
forecast_5032,2025-07-29 16:00:00,1541.0545169766947,1471.5712908836713,2722.8049987319787
forecast_5033,2025-07-29 17:00:00,1590.5501544477302,1463.0234002586712,2780.8196081069786
forecast_5034,2025-07-29 18:00:00,1608.046624139307,1557.260275226843,2800.1787538839417
forecast_5035,2025-07-29 19:00:00,1697.1956346826473,1676.7671234983982,2860.2460684987805
forecast_5036,2025-07-29 20:00:00,1720.81338497452,1684.1646905645757,2993.906106092615
forecast_5037,2025-07-29 21:00:00,1688.7712520823106,1688.6065168880705,2998.604882976707
forecast_5038,2025-07-29 22:00:00,1984.2089326815321,1918.9800311107247,3138.222457296477
forecast_5039,2025-07-29 23:00:00,2257.676256762561,2217.1473459809986,3307.5778152233947
forecast_5040,2025-07-30 00:00:00,2373.540547798957,2327.990859498531,3630.7679875783724
forecast_5041,2025-07-30 01:00:00,2354.440266530032,2176.3067729693785,3672.1470307020563
forecast_5042,2025-07-30 02:00:00,2339.3503599063333,2220.684584192605,3673.06400101923
forecast_5043,2025-07-30 03:00:00,2201.8738344581243,2052.941661799244,3448.11664390938
forecast_5044,2025-07-30 04:00:00,1825.6745990543986,1852.019174046296,3172.195983642345
forecast_5045,2025-07-30 05:00:00,1663.6598573645124,1740.2222803425711,3009.3528483741584
forecast_5046,2025-07-30 06:00:00,1588.3004439120114,1779.561600983685,2947.4653091897435
forecast_5047,2025-07-30 07:00:00,1498.5162354810118,1728.5390498110519,2810.0323424819785
forecast_5048,2025-07-30 08:00:00,1556.222944832345,1746.9739335007043,2657.3974987319784
forecast_5049,2025-07-30 09:00:00,1490.380877604046,1523.4715244545114,2592.7464810647434
forecast_5050,2025-07-30 10:00:00,1398.302870973158,1602.3517197670117,2553.5344518569786
forecast_5051,2025-07-30 11:00:00,1383.658381579171,1685.417707879049,2577.064441838618
forecast_5052,2025-07-30 12:00:00,1425.9043682226038,1716.079994710597,2580.0448464294645
forecast_5053,2025-07-30 13:00:00,1455.702221455902,1807.3477704497946,2551.8979396359723
forecast_5054,2025-07-30 14:00:00,1522.0740584580144,1698.338360317809,2543.6125490109725
forecast_5055,2025-07-30 15:00:00,1506.2048238267816,1699.9103843179637,2564.722174171384
forecast_5056,2025-07-30 16:00:00,1550.8119057147096,1635.3312948255034,2638.9927991713835
forecast_5057,2025-07-30 17:00:00,1546.7973885965039,1591.0942361046345,2643.3565818651578
forecast_5058,2025-07-30 18:00:00,1625.5324623140823,1573.1235666923076,2709.218217230369
forecast_5059,2025-07-30 19:00:00,1766.782671440409,1690.6725995666484,2817.503545256914
forecast_5060,2025-07-30 20:00:00,1894.9793800787966,1750.6608547543829,2863.053543214679
forecast_5061,2025-07-30 21:00:00,2097.9600170697076,1959.7502298376512,2866.4431225146154
forecast_5062,2025-07-30 22:00:00,2686.459481100769,2474.2854600290275,3019.554535548096
forecast_5063,2025-07-30 23:00:00,2905.4005682327806,2971.132801542991,3170.5848964319516
forecast_5064,2025-07-31 00:00:00,2826.8268906060957,3192.4866846128803,3304.6749075652006
forecast_5065,2025-07-31 01:00:00,2690.58918180071,3291.1739029228183,3506.0070626199904
forecast_5066,2025-07-31 02:00:00,2793.7904804919413,3604.722141973707,3695.6612107142814
forecast_5067,2025-07-31 03:00:00,2994.9586651852696,3653.898892848826,3720.319706069533
forecast_5068,2025-07-31 04:00:00,2933.6329425293193,3592.8829062373125,3924.6563870322725
forecast_5069,2025-07-31 05:00:00,2812.952913004402,3265.1299202649407,3645.305737560515
forecast_5070,2025-07-31 06:00:00,2454.683453026775,2646.4448221434295,3384.1322179393237
forecast_5071,2025-07-31 07:00:00,2135.769079421163,2203.1465158270803,3195.9930613653964
forecast_5072,2025-07-31 08:00:00,1869.965090990011,2048.60591383244,2838.5165296714913
forecast_5073,2025-07-31 09:00:00,1749.5128969174457,1855.5826428145556,2677.093817804925
forecast_5074,2025-07-31 10:00:00,1543.9001255180656,1799.8439327601536,2596.510194863929
forecast_5075,2025-07-31 11:00:00,1522.2856711682443,1784.055196301757,2706.272392112233
forecast_5076,2025-07-31 12:00:00,1502.2986900404703,1851.9632183776093,2740.4055873406865
forecast_5077,2025-07-31 13:00:00,1446.5273325291655,1953.159299327137,2716.3654590699443
forecast_5078,2025-07-31 14:00:00,1414.2640804976381,1862.0002944816806,2647.7523421207675
forecast_5079,2025-07-31 15:00:00,1436.054772707892,1834.462665446862,2672.269242575034
forecast_5080,2025-07-31 16:00:00,1449.7615904481318,1679.3945473582507,2680.967056929079
forecast_5081,2025-07-31 17:00:00,1377.433939048783,1519.1423189312172,2678.4050291075328
forecast_5082,2025-07-31 18:00:00,1497.8264601356814,1543.3141967754245,2708.398904981979
forecast_5083,2025-07-31 19:00:00,1601.3056915388643,1612.08793889148,2740.286092481979
forecast_5084,2025-07-31 20:00:00,1633.8765078234437,1603.646191178579,2800.8228112319784
forecast_5085,2025-07-31 21:00:00,1631.4973611524583,1635.3538270546633,2814.2703112319787
forecast_5086,2025-07-31 22:00:00,1756.3668764583408,1650.5856657183076,2879.051238713618
forecast_5087,2025-07-31 23:00:00,1890.4190884510863,1867.5471272918712,2884.457893448132
forecast_5088,2025-08-01 00:00:00,1788.877017526238,1896.6570536987801,2885.461439153759
forecast_5089,2025-08-01 01:00:00,1722.4167609987962,1832.0192966430077,2997.038372915206
forecast_5090,2025-08-01 02:00:00,1654.612792433878,1691.8335319274847,2985.657646946166
forecast_5091,2025-08-01 03:00:00,1513.3535665645204,1631.8031916894379,2949.0104356769643
forecast_5092,2025-08-01 04:00:00,1472.0881005647843,1598.117032861609,2921.7798894004072
forecast_5093,2025-08-01 05:00:00,1391.479847873322,1569.1969922437038,2900.182023150828
forecast_5094,2025-08-01 06:00:00,1357.7530057784625,1585.1714652763822,2850.7064029397434
forecast_5095,2025-08-01 07:00:00,1451.116554612745,1544.1944994770329,2724.9359362319788
forecast_5096,2025-08-01 08:00:00,1448.0166949830218,1451.0361194529778,2592.2337487319787
forecast_5097,2025-08-01 09:00:00,1343.4896637330212,1427.2133470601848,2510.2287487319786
forecast_5098,2025-08-01 10:00:00,1268.9696637330217,1390.6635033101848,2487.8557799819787
forecast_5099,2025-08-01 11:00:00,1268.6342145142717,1281.806804091434,2526.9260924819787
forecast_5100,2025-08-01 12:00:00,1279.1512652955216,1336.527345766377,2579.3488949636185
forecast_5101,2025-08-01 13:00:00,1305.4932280748326,1382.7670725102225,2606.902580804465
forecast_5102,2025-08-01 14:00:00,1368.1493121705216,1450.7878504926748,2590.6642054213835
forecast_5103,2025-08-01 15:00:00,1389.4798981080212,1481.989556245433,2661.817877296384
forecast_5104,2025-08-01 16:00:00,1434.70421111403,1496.836723003089,2700.307023150828
forecast_5105,2025-08-01 17:00:00,1525.88581267653,1449.3592205711711,2705.8015612319787
forecast_5106,2025-08-01 18:00:00,1621.0705472199188,1561.4940076953035,2672.408509568063
forecast_5107,2025-08-01 19:00:00,1827.6616150354503,1726.5813905014993,2761.873467131914
forecast_5108,2025-08-01 20:00:00,1891.930104143199,1915.6087498446896,2854.284871339679
forecast_5109,2025-08-01 21:00:00,1952.614773871922,1880.1005128014876,2912.1900275896787
forecast_5110,2025-08-01 22:00:00,2402.4543931850403,2016.563917948758,3001.4901271813196
forecast_5111,2025-08-01 23:00:00,2473.337389461015,2000.347585900785,3035.1592750531595
forecast_5112,2025-08-02 00:00:00,2833.3451087687054,2488.530818813151,3222.237304400164
forecast_5113,2025-08-02 01:00:00,4625.099156410981,3617.7635041128938,4230.62382042078
forecast_5114,2025-08-02 02:00:00,5968.916444352641,4639.3110938555255,5096.302581171218
forecast_5115,2025-08-02 03:00:00,6968.337881453284,5916.91061214243,5831.1067304747185
forecast_5116,2025-08-02 04:00:00,7856.711944252825,7279.015015209725,6402.989252859459
forecast_5117,2025-08-02 05:00:00,8727.97934062075,8515.326872773956,6797.962790100836
forecast_5118,2025-08-02 06:00:00,9225.512138717553,8640.026867126033,7194.151610227567
forecast_5119,2025-08-02 07:00:00,8560.895469409907,8494.939025703155,6887.7784217822245
forecast_5120,2025-08-02 08:00:00,7175.399676572647,7111.4651910422,5963.560232466762
forecast_5121,2025-08-02 09:00:00,5282.242321366154,4970.58941870942,4628.411614119283
forecast_5122,2025-08-02 10:00:00,3423.4575024898663,3119.3795195119633,3908.027686635751
forecast_5123,2025-08-02 11:00:00,2470.2177892631653,2119.850926700389,3509.487507699708
forecast_5124,2025-08-02 12:00:00,2155.508670518426,1768.4446170717774,3181.5922943719443
forecast_5125,2025-08-02 13:00:00,1991.2312525029429,1758.3007937199927,3055.3186206665137
forecast_5126,2025-08-02 14:00:00,1811.100387536404,1660.2944980503216,3061.716024137569
forecast_5127,2025-08-02 15:00:00,1795.3289024669457,1685.0063199550714,2775.8786102566964
forecast_5128,2025-08-02 16:00:00,1789.6787079764545,1571.2828172852605,2740.488934103582
forecast_5129,2025-08-02 17:00:00,1476.528534565423,1359.5298605985918,2771.690949878032
forecast_5130,2025-08-02 18:00:00,1547.5650899715583,1393.7948989998795,2798.544355251615
forecast_5131,2025-08-02 19:00:00,1599.8341110465935,1455.0284530144108,2898.166810850051
forecast_5132,2025-08-02 20:00:00,1674.128132403106,1467.8074671563572,2979.059409794341
forecast_5133,2025-08-02 21:00:00,1941.263870017533,1654.7912479093075,3124.897671630826
forecast_5134,2025-08-02 22:00:00,2497.168787178788,2134.1162976486894,3301.140853054744
forecast_5135,2025-08-02 23:00:00,3039.8838184204133,2666.971229186396,3509.4342272263475
forecast_5136,2025-08-03 00:00:00,3865.7578799551065,3113.680037600694,3930.3392373427832
forecast_5137,2025-08-03 01:00:00,4967.04763112701,3804.6738412570835,4470.346560254538
forecast_5138,2025-08-03 02:00:00,5576.442822131474,4701.016320512915,5089.987779029915
forecast_5139,2025-08-03 03:00:00,5514.632686551937,4691.5279956920585,4822.0848914435555
forecast_5140,2025-08-03 04:00:00,4254.43681678084,3690.440805561967,4161.092605909677
forecast_5141,2025-08-03 05:00:00,3100.460280225488,2325.130035245813,3634.580782298685
forecast_5142,2025-08-03 06:00:00,2325.886606142575,1931.440460077958,3274.5464110057874
forecast_5143,2025-08-03 07:00:00,1787.0490132819186,1701.9064909784975,2970.002787693946
forecast_5144,2025-08-03 08:00:00,1627.7321049074699,1397.8387624149282,2737.9376878883077
forecast_5145,2025-08-03 09:00:00,1421.7011223635445,1390.234856807404,2544.0056283972217
forecast_5146,2025-08-03 10:00:00,1221.3493890192904,1312.5568134555815,2405.4085143569787
forecast_5147,2025-08-03 11:00:00,1235.306890194228,1433.9284897145408,2387.052733106979
forecast_5148,2025-08-03 12:00:00,1266.4210955460294,1469.0442366241296,2558.8895902593276
forecast_5149,2025-08-03 13:00:00,1317.0698458270863,1696.470150417883,2525.220160695072
forecast_5150,2025-08-03 14:00:00,1428.1571827401458,1785.0244745787468,2685.0498807345407
forecast_5151,2025-08-03 15:00:00,1758.666723039386,2436.282586465174,3055.6332685301904
forecast_5152,2025-08-03 16:00:00,2065.4827205030833,3068.7096085415915,3123.191181036824
forecast_5153,2025-08-03 17:00:00,2439.227219116907,3730.853315393934,3392.0690961239607
forecast_5154,2025-08-03 18:00:00,3027.8046298751997,4190.021734523025,3741.8074509832268
forecast_5155,2025-08-03 19:00:00,4116.281453181189,4707.804765422626,4518.079342059407
forecast_5156,2025-08-03 20:00:00,4886.213457487302,5126.5705844305985,5074.909233627453
forecast_5157,2025-08-03 21:00:00,4544.786278175061,5224.678473521477,5056.157485040296
forecast_5158,2025-08-03 22:00:00,5237.881196218848,5412.093894327178,5546.368526930229
forecast_5159,2025-08-03 23:00:00,4772.675277807996,6275.090413835861,5571.7011509405065
forecast_5160,2025-08-04 00:00:00,4963.6701484860205,6736.523041374508,5630.861995454451
forecast_5161,2025-08-04 01:00:00,4684.777895818055,7404.866249835346,4943.5090504194195
forecast_5162,2025-08-04 02:00:00,4293.2400910130245,7064.758943526292,4986.260977759068
forecast_5163,2025-08-04 03:00:00,4318.100181793499,6442.221539180156,5514.4234432099465
forecast_5164,2025-08-04 04:00:00,5159.608831842594,7009.237678370668,5484.296777996866
forecast_5165,2025-08-04 05:00:00,5853.974706899967,7680.474592321576,6254.133664384365
forecast_5166,2025-08-04 06:00:00,6418.679881923521,7554.188675549475,8373.011617728098
forecast_5167,2025-08-04 07:00:00,6915.234884547414,9597.434182366042,9147.66124657664
forecast_5168,2025-08-04 08:00:00,7109.6172119436005,10857.243575895976,8459.764644707722
forecast_5169,2025-08-04 09:00:00,7424.382950678977,11090.948208872931,7999.528134741405
forecast_5170,2025-08-04 10:00:00,6450.415354799456,9235.810842072311,7186.205532921238
forecast_5171,2025-08-04 11:00:00,5632.457484548499,8092.337981467806,6764.964705569375
forecast_5172,2025-08-04 12:00:00,5009.10740797455,6409.346270022475,6593.021999427908
forecast_5173,2025-08-04 13:00:00,4308.375856116909,5750.989329215183,6032.225573761356
forecast_5174,2025-08-04 14:00:00,3960.6250270149317,5250.962521675694,5743.849532361252
forecast_5175,2025-08-04 15:00:00,4083.2744659230057,4665.232579093824,5632.696146892101
forecast_5176,2025-08-04 16:00:00,4152.581791657584,4483.865785699139,5427.201654596222
forecast_5177,2025-08-04 17:00:00,4074.978075677032,4542.507840264326,5435.573972418541
forecast_5178,2025-08-04 18:00:00,4888.0886393847095,4945.372175719498,5564.7287974849105
forecast_5179,2025-08-04 19:00:00,5425.467460865567,5472.679207025409,5591.857988261043
forecast_5180,2025-08-04 20:00:00,5930.941942426588,6080.384482225347,6056.938765616711
forecast_5181,2025-08-04 21:00:00,6629.427921710735,7274.124960714009,6694.091436756612
forecast_5182,2025-08-04 22:00:00,6766.5274070073465,7557.496280196223,6242.666150844633
forecast_5183,2025-08-04 23:00:00,6733.907776686763,8119.101754510231,6686.6606110705325
forecast_5184,2025-08-05 00:00:00,6259.388483640985,9262.242249547235,6618.379984604246
forecast_5185,2025-08-05 01:00:00,6000.73551000414,8118.055458603093,6056.431547107209
forecast_5186,2025-08-05 02:00:00,5269.618785497479,6496.827789178966,5528.289849658297
forecast_5187,2025-08-05 03:00:00,4804.901202116566,5405.780964008119,5244.256708550249
forecast_5188,2025-08-05 04:00:00,4261.4445554715385,4049.9243216642108,4837.8573123512215
forecast_5189,2025-08-05 05:00:00,3540.028212555053,3162.0012507232273,4285.738255752152
forecast_5190,2025-08-05 06:00:00,2759.8698676750987,2318.7128326515485,3873.88044156222
forecast_5191,2025-08-05 07:00:00,2666.8253963206726,2161.997993564447,3627.8603668567976
forecast_5192,2025-08-05 08:00:00,2521.0902184658307,2226.428188260091,3414.2201865219054
forecast_5193,2025-08-05 09:00:00,2408.8371594421833,2333.045829139586,3381.112032461968
forecast_5194,2025-08-05 10:00:00,2408.6819733722596,2320.050659379591,3430.014395588565
forecast_5195,2025-08-05 11:00:00,2947.1659185661315,3144.9031554281437,3805.3932247449657
forecast_5196,2025-08-05 12:00:00,3440.7149928747526,3723.630999293176,4859.660676565363
forecast_5197,2025-08-05 13:00:00,4764.129954819759,4637.384351107279,5429.180116704114
forecast_5198,2025-08-05 14:00:00,5520.453684636677,5657.325572881597,6095.323947394214
forecast_5199,2025-08-05 15:00:00,6262.3004940191,5785.028765471576,6542.285211401969
forecast_5200,2025-08-05 16:00:00,6998.240880161541,5961.291943171362,6771.482446498672
forecast_5201,2025-08-05 17:00:00,6723.301795350573,6484.449852107554,7242.235393018438
forecast_5202,2025-08-05 18:00:00,6516.525773935014,6318.379120816138,7133.078904498327
forecast_5203,2025-08-05 19:00:00,6498.426639652299,7183.150938026663,7175.116467973168
forecast_5204,2025-08-05 20:00:00,7003.040206833793,8158.858201897593,7679.539778536922
forecast_5205,2025-08-05 21:00:00,7707.720519679705,8688.576417711582,7679.426319919414
forecast_5206,2025-08-05 22:00:00,9309.670862705549,10145.82578554736,8207.571750657977
forecast_5207,2025-08-05 23:00:00,10718.402360876486,11864.6013694213,8425.395079417338
forecast_5208,2025-08-06 00:00:00,10513.975569271324,11289.365971039131,8771.486801960791
forecast_5209,2025-08-06 01:00:00,10454.456961994088,10601.398333002824,9626.053679843499
forecast_5210,2025-08-06 02:00:00,10843.690638400603,11437.28874571497,10015.797689901767
forecast_5211,2025-08-06 03:00:00,11364.979940771373,13098.531282766675,11730.03476242505
forecast_5212,2025-08-06 04:00:00,11979.796186800411,14988.325150889072,12223.871189676294
forecast_5213,2025-08-06 05:00:00,12763.118033042505,15107.381463430473,12239.326273531726
forecast_5214,2025-08-06 06:00:00,13176.83139925819,14682.940768216966,13150.367735249902
forecast_5215,2025-08-06 07:00:00,12514.062847973502,14964.40697837467,13229.710976112166
forecast_5216,2025-08-06 08:00:00,13081.7126214013,14494.777116017256,12965.133573037994
forecast_5217,2025-08-06 09:00:00,13114.491807005983,15359.977614422864,12815.937392711554
forecast_5218,2025-08-06 10:00:00,12475.85443832443,15507.077458085205,12868.336797155513
forecast_5219,2025-08-06 11:00:00,12119.553996614151,15578.445884847875,13408.365258695781
forecast_5220,2025-08-06 12:00:00,11801.581925949336,15619.863856426378,13002.35211500102
forecast_5221,2025-08-06 13:00:00,12417.237497363762,16744.780550402254,13875.218304053906
forecast_5222,2025-08-06 14:00:00,13901.087557088711,17002.43585861631,14846.970548151385
forecast_5223,2025-08-06 15:00:00,12911.817556856044,16206.95396332016,14742.176143290693
forecast_5224,2025-08-06 16:00:00,13707.514675723929,16469.48036338834,14006.22056776963
forecast_5225,2025-08-06 17:00:00,14055.068294021874,16151.518397363558,14923.240885181294
forecast_5226,2025-08-06 18:00:00,14536.366569314523,16609.692190124246,15420.238127946264
forecast_5227,2025-08-06 19:00:00,15457.046833857341,16780.494654528895,14900.525040202207
forecast_5228,2025-08-06 20:00:00,15308.773324192549,16001.131298591594,14809.55024467799
forecast_5229,2025-08-06 21:00:00,15434.446273746951,16947.31461394423,15372.873520998153
forecast_5230,2025-08-06 22:00:00,15340.539740217526,17670.57391878207,14290.365965531924
forecast_5231,2025-08-06 23:00:00,15491.594253794443,17505.336883396798,15217.148832113373
forecast_5232,2025-08-07 00:00:00,14611.445781207318,17368.620038461846,15278.978055316195
forecast_5233,2025-08-07 01:00:00,14007.482184388413,16404.57004628489,14808.06908629628
forecast_5234,2025-08-07 02:00:00,14421.542805446417,16544.109310453554,15391.952829408212
forecast_5235,2025-08-07 03:00:00,14404.055779496537,16306.396909698738,15043.06303270638
forecast_5236,2025-08-07 04:00:00,13760.966057032787,16103.965454853955,14864.638821136337
forecast_5237,2025-08-07 05:00:00,13635.802046541103,16414.468846185693,14113.83521191317
forecast_5238,2025-08-07 06:00:00,13252.785073487681,15782.919114345543,13503.530962857
forecast_5239,2025-08-07 07:00:00,12324.626401140506,14504.895626979687,11566.00353230569
forecast_5240,2025-08-07 08:00:00,10895.62152057325,12579.346572250988,9345.509530034378
forecast_5241,2025-08-07 09:00:00,8626.90206319367,9938.194392192285,7561.146124475312
forecast_5242,2025-08-07 10:00:00,6194.4651268402895,6738.579649135636,5508.667343764983
forecast_5243,2025-08-07 11:00:00,4756.86501731906,3863.283588586246,4116.389628279705
forecast_5244,2025-08-07 12:00:00,3299.304087596923,2723.2229946511616,3570.16929999248
forecast_5245,2025-08-07 13:00:00,2356.459156284245,2258.2254553811645,3066.569302805948
forecast_5246,2025-08-07 14:00:00,2097.1091376836066,1917.8572441900487,2900.3567054790897
forecast_5247,2025-08-07 15:00:00,1885.7138741616473,1858.3969685698194,2878.685019563594
forecast_5248,2025-08-07 16:00:00,1788.3328373011645,1864.945524984565,2841.2867600695613
forecast_5249,2025-08-07 17:00:00,1788.235522530028,1936.6631064299181,2940.5302844917996
forecast_5250,2025-08-07 18:00:00,1994.3843072438913,1910.8296514504518,2997.4665157121563
forecast_5251,2025-08-07 19:00:00,2279.31932886345,2386.620237082354,3129.0004924879063
forecast_5252,2025-08-07 20:00:00,3155.0311068342994,3521.0323015339377,3549.426791971399
forecast_5253,2025-08-07 21:00:00,4186.626521507802,4765.213811351572,4448.8075021547875
forecast_5254,2025-08-07 22:00:00,5008.170594145342,5330.6523297073345,5172.190254552264
forecast_5255,2025-08-07 23:00:00,6247.258724706643,6403.481300833448,6258.242587394328
forecast_5256,2025-08-08 00:00:00,6481.194923002847,7413.281920925424,6665.400665841398
forecast_5257,2025-08-08 01:00:00,6717.2142677793,7526.377069447938,6523.434823920831
forecast_5258,2025-08-08 02:00:00,6924.427918901256,7056.893050853551,6420.511639477211
forecast_5259,2025-08-08 03:00:00,6415.745861325046,6286.825978274894,6219.0480125724
forecast_5260,2025-08-08 04:00:00,5469.599323894365,5240.9413277293825,5554.321077669201
forecast_5261,2025-08-08 05:00:00,4799.991071933624,4094.9055426371406,4626.5846795518555
forecast_5262,2025-08-08 06:00:00,3818.426284684316,3221.0453420125473,3843.3266550903736
forecast_5263,2025-08-08 07:00:00,2672.0943937338575,2742.144256223087,3275.310537055244
forecast_5264,2025-08-08 08:00:00,2248.086129688957,2381.3372830481912,2929.0780547622367
forecast_5265,2025-08-08 09:00:00,1844.7497218534181,2132.5351012028104,2717.3293680921715
forecast_5266,2025-08-08 10:00:00,1587.4255898632828,1813.603280066237,2658.865445679009
forecast_5267,2025-08-08 11:00:00,1480.1135182722564,1769.2310313070793,2660.745942702239
forecast_5268,2025-08-08 12:00:00,1472.7440777955217,1569.916245033024,2626.0920554040736
forecast_5269,2025-08-08 13:00:00,1482.9589606080217,1630.3045724483673,2746.3948424819787
forecast_5270,2025-08-08 14:00:00,1590.4500152955216,1822.6714154190113,2791.2687487319786
forecast_5271,2025-08-08 15:00:00,1604.155444983021,1777.8232499470214,2694.9891393569787
forecast_5272,2025-08-08 16:00:00,1657.1031173640295,1630.2435233845208,2738.5554674819787
forecast_5273,2025-08-08 17:00:00,1591.9975952857185,1407.28259838944,2762.3576549819786
forecast_5274,2025-08-08 18:00:00,1700.3690939265298,1567.396661546033,2744.7239831069787
forecast_5275,2025-08-08 19:00:00,1681.1860141843654,1504.6175292195676,2766.143045606979
forecast_5276,2025-08-08 20:00:00,1720.5657561431653,1577.279827966242,2808.2986706069787
forecast_5277,2025-08-08 21:00:00,1729.449233800764,1563.3293119750588,2846.955076856979
forecast_5278,2025-08-08 22:00:00,1837.0984390103367,1743.7374266792185,2864.883391233925
forecast_5279,2025-08-08 23:00:00,2248.010632160497,2109.4927891642583,3168.9822787062667
forecast_5280,2025-08-09 00:00:00,2277.6928852564915,2204.6143017279965,3350.1466183802213
forecast_5281,2025-08-09 01:00:00,2480.3093155708184,2298.6181394716104,3288.417047996478
forecast_5282,2025-08-09 02:00:00,2666.662974107751,2565.6556893822726,3731.5646884159723
forecast_5283,2025-08-09 03:00:00,2998.9643971082655,2779.9183450541204,3595.812853640255
forecast_5284,2025-08-09 04:00:00,3603.1104057567704,3161.603817808843,3856.7432807515033
forecast_5285,2025-08-09 05:00:00,4721.42479296658,4258.070010111913,4378.830086164407
forecast_5286,2025-08-09 06:00:00,4074.0588931674806,4304.148491149866,4362.310787274708
forecast_5287,2025-08-09 07:00:00,3411.5913063270273,3651.8702769520064,3897.057031886903
forecast_5288,2025-08-09 08:00:00,2911.1668217895103,2934.089840482535,3478.6733720012007
forecast_5289,2025-08-09 09:00:00,2689.6112406211246,2595.3208295358127,3292.9871738106035
forecast_5290,2025-08-09 10:00:00,2609.960293508323,2558.6257855608965,3309.5627311936883
forecast_5291,2025-08-09 11:00:00,2750.7939514125906,2937.5746367905767,3517.5586462185684
forecast_5292,2025-08-09 12:00:00,2233.7653022793693,2660.834839512174,3237.719726230544
forecast_5293,2025-08-09 13:00:00,1831.8606465260218,2155.0490733982942,3058.027566694959
forecast_5294,2025-08-09 14:00:00,1647.523767766841,1935.0072132743244,2943.8080029915845
forecast_5295,2025-08-09 15:00:00,1563.6606491095745,1925.641791688352,2925.12088285381
forecast_5296,2025-08-09 16:00:00,1706.9609500015722,2042.1825726185698,2935.8196018032654
forecast_5297,2025-08-09 17:00:00,1869.1911684859979,2339.819611272331,2987.1907327562963
forecast_5298,2025-08-09 18:00:00,1976.0388960698256,2428.878484431859,3057.2709607400234
forecast_5299,2025-08-09 19:00:00,1862.903264519774,2397.6578142841936,3138.0999923588874
forecast_5300,2025-08-09 20:00:00,1834.7657814576014,2370.980094592591,3167.7452507529833
forecast_5301,2025-08-09 21:00:00,1894.9459133248547,2239.276221449045,3243.867766188058
forecast_5302,2025-08-09 22:00:00,2002.5347898712353,2197.7134665748827,3160.1498445115576
forecast_5303,2025-08-09 23:00:00,2015.375570711437,2181.4580682390024,2981.98122666219
forecast_5304,2025-08-10 00:00:00,1850.2243059640505,1971.4893196907597,2959.1320781464146
forecast_5305,2025-08-10 01:00:00,1846.9819344728949,1979.90874142562,2968.9865392746988
forecast_5306,2025-08-10 02:00:00,1888.9962155099129,2022.5998106334173,2927.5117075852936
forecast_5307,2025-08-10 03:00:00,2025.9333790170458,2081.6247076749123,2899.750228362257
forecast_5308,2025-08-10 04:00:00,2078.235840356777,2165.550918125474,2838.0426702925747
forecast_5309,2025-08-10 05:00:00,2292.5530916517982,2264.2540746533805,2817.0232046617143
forecast_5310,2025-08-10 06:00:00,2539.875299860829,2424.8965107266995,2859.0913982243646
forecast_5311,2025-08-10 07:00:00,2420.8964163295777,2446.5261795525157,2826.496179807797
forecast_5312,2025-08-10 08:00:00,2102.6726838235636,2203.9637176490305,2729.3481043708252
forecast_5313,2025-08-10 09:00:00,2031.9909194126285,2042.2260575316168,2663.2528936710355
forecast_5314,2025-08-10 10:00:00,1861.5938315035519,1979.714074649477,2621.4643876214
forecast_5315,2025-08-10 11:00:00,1782.7083573251984,1958.0199626026206,2634.547446946303
forecast_5316,2025-08-10 12:00:00,1775.7598478678728,1988.7161758556658,2739.1032258695564
forecast_5317,2025-08-10 13:00:00,1745.7340794171814,1952.4191896581633,2892.5452989880623
forecast_5318,2025-08-10 14:00:00,1776.4237446445568,1967.3123081187123,2935.260243458294
forecast_5319,2025-08-10 15:00:00,1753.7018963982755,1807.0586810709347,2852.0873703604884
forecast_5320,2025-08-10 16:00:00,1749.9186104679084,1718.8037626001487,2883.828567707302
forecast_5321,2025-08-10 17:00:00,1741.2079023124625,1655.1761052479114,2840.020632831428
forecast_5322,2025-08-10 18:00:00,1754.7958908015298,1621.5028297253757,2836.6655759825326
forecast_5323,2025-08-10 19:00:00,1818.9531173640298,1682.4853339234123,2786.7014831069787
forecast_5324,2025-08-10 20:00:00,1857.3667111140294,1715.5803009190504,2768.8097643569786
forecast_5325,2025-08-10 21:00:00,1867.4918046019675,1700.15408998155,2779.1946862319787
forecast_5326,2025-08-10 22:00:00,1952.5847631789256,1743.093965691206,2782.859373731979
forecast_5327,2025-08-10 23:00:00,1887.2761033706656,1828.4425838560028,2789.2725768569785
forecast_5328,2025-08-11 00:00:00,1695.7294307141874,1849.7753719412067,2842.578123731979
forecast_5329,2025-08-11 01:00:00,1764.9704307917946,1669.0010556027892,2787.7350768569786
forecast_5330,2025-08-11 02:00:00,1896.731911732385,1699.5138331070948,2762.2803112319784
forecast_5331,2025-08-11 03:00:00,1740.581084783811,1731.2690492712836,2771.7326549819786
forecast_5332,2025-08-11 04:00:00,1754.289722413011,1788.2833563875247,2774.2575768569786
forecast_5333,2025-08-11 05:00:00,1700.3099296217124,1808.8477265427955,2778.6760143569786
forecast_5334,2025-08-11 06:00:00,1657.8101059845067,1640.9104637051441,2776.3135143569784
forecast_5335,2025-08-11 07:00:00,1643.1629451051585,1652.0475124149289,2737.5617174819786
forecast_5336,2025-08-11 08:00:00,1708.044101057777,1615.4775718683213,2687.323201856979
forecast_5337,2025-08-11 09:00:00,1667.2088815733741,1599.1345040730967,2668.7028112319786
forecast_5338,2025-08-11 10:00:00,1553.206187170521,1520.9823458858673,2611.1827331069785
forecast_5339,2025-08-11 11:00:00,1547.0268902955213,1510.550417372684,2543.0459362319784
forecast_5340,2025-08-11 12:00:00,1535.5530621705211,1559.2188690086714,2573.628826856979
forecast_5341,2025-08-11 13:00:00,1554.898609045521,1564.1878533836716,2603.7778893569784
forecast_5342,2025-08-11 14:00:00,1606.2290777955213,1588.959650258672,2591.1539831069786
forecast_5343,2025-08-11 15:00:00,1617.4927887330214,1515.3486736961713,2591.0642174819786
forecast_5344,2025-08-11 16:00:00,1672.738567738077,1406.9081658836712,2596.7717174819786
forecast_5345,2025-08-11 17:00:00,1636.2339583630765,1393.2579469693292,2527.2692174819786
forecast_5346,2025-08-11 18:00:00,1634.1552267390298,1459.5716780445,2631.7521862319786
forecast_5347,2025-08-11 19:00:00,1598.6246798640295,1431.0508082291708,2642.591795606979
forecast_5348,2025-08-11 20:00:00,1567.9502207151654,1449.744441041671,2627.0093737319785
forecast_5349,2025-08-11 21:00:00,1552.5863514104267,1517.1668948763263,2630.0112487319784
forecast_5350,2025-08-11 22:00:00,1709.0050295575556,1531.6721209567677,2668.996947068063
forecast_5351,2025-08-11 23:00:00,1757.0877583683487,1508.046170232,2695.145488115158
forecast_5352,2025-08-12 00:00:00,1807.0840082417844,1553.705289548151,2845.696167009406
forecast_5353,2025-08-12 01:00:00,1876.0575080411809,1695.6818061260292,3017.276080117721
forecast_5354,2025-08-12 02:00:00,2318.4942887638626,2287.3029778321034,3202.7924426112563
forecast_5355,2025-08-12 03:00:00,2865.284619890425,2990.40661539384,3590.078205250072
forecast_5356,2025-08-12 04:00:00,2916.8391628643217,3110.2831468044665,3594.9075859413983
forecast_5357,2025-08-12 05:00:00,2548.717740715302,2707.320872259692,3271.114529009036
forecast_5358,2025-08-12 06:00:00,2218.305408584757,2305.9258924847163,3056.0733599314485
forecast_5359,2025-08-12 07:00:00,2032.339799824953,2059.694275234602,2851.9194034688453
forecast_5360,2025-08-12 08:00:00,1792.5308436222822,1716.3492349095177,2710.9553973717943
forecast_5361,2025-08-12 09:00:00,1649.8503877922549,1573.0157341368422,2626.7516453295593
forecast_5362,2025-08-12 10:00:00,1554.7716960294983,1594.0032627393866,2592.240745036264
forecast_5363,2025-08-12 11:00:00,1539.7913411734435,1472.1114307719708,2619.281397500594
forecast_5364,2025-08-12 12:00:00,1504.7111253079038,1576.6303616088753,2642.93822939452
forecast_5365,2025-08-12 13:00:00,1498.6730012961516,1434.1795382939417,2637.8266237241337
forecast_5366,2025-08-12 14:00:00,1465.0997912156172,1475.58262052003,2665.8010578106177
forecast_5367,2025-08-12 15:00:00,1507.832130572824,1429.028470805155,2713.531325546984
forecast_5368,2025-08-12 16:00:00,1611.1614527935308,1539.3914842586437,2802.9515290233508
forecast_5369,2025-08-12 17:00:00,1640.0457910522937,1500.6588783153284,2806.7131345497733
forecast_5370,2025-08-12 18:00:00,1778.6151879317813,1588.8443243215006,2911.4303647391594
forecast_5371,2025-08-12 19:00:00,2101.939114054733,1847.720444866287,2994.3012609417815
forecast_5372,2025-08-12 20:00:00,2240.3269321587277,2103.2583667660765,3075.2753330253613
forecast_5373,2025-08-12 21:00:00,2559.3922331070617,2318.2986844298957,3157.172941021162
forecast_5374,2025-08-12 22:00:00,2905.612400465832,3023.9526127890686,3348.1632628979714
forecast_5375,2025-08-12 23:00:00,3292.6205571746614,3261.945121626918,3410.4312811513355
forecast_5376,2025-08-13 00:00:00,3654.5658122357436,3253.0352424273437,3689.1506164070943
forecast_5377,2025-08-13 01:00:00,3390.7816321542305,2895.619426629166,3772.973421700331
forecast_5378,2025-08-13 02:00:00,3551.0526658845597,2893.696021203911,3802.115222630007
forecast_5379,2025-08-13 03:00:00,3927.247903998406,3101.1027378475324,3870.775542567404
forecast_5380,2025-08-13 04:00:00,3728.75477477239,3476.1449469277495,3786.8384922346486
forecast_5381,2025-08-13 05:00:00,3683.4562468198274,3712.117815314999,3809.391575021434
forecast_5382,2025-08-13 06:00:00,4238.524705106718,4015.8265045371722,4264.192743715573
forecast_5383,2025-08-13 07:00:00,5441.895934649176,5286.096344503814,5344.243409539816
forecast_5384,2025-08-13 08:00:00,6670.454077230813,6784.5387450759,6002.7883631889545
forecast_5385,2025-08-13 09:00:00,7594.015268936993,8157.139364683358,6711.647480641261
forecast_5386,2025-08-13 10:00:00,7764.439188121089,9286.877168143466,7267.079428568043
forecast_5387,2025-08-13 11:00:00,7976.586442645763,10623.057612887857,7213.503991957281
forecast_5388,2025-08-13 12:00:00,7048.15837550187,9266.755454549037,7461.528421716621
forecast_5389,2025-08-13 13:00:00,6552.322511939285,9635.246743849284,7133.326340610209
forecast_5390,2025-08-13 14:00:00,6082.149744410218,8136.329517427872,6972.646292032758
forecast_5391,2025-08-13 15:00:00,6238.889850574303,7777.929048448526,7561.726814564243
forecast_5392,2025-08-13 16:00:00,6384.1694623037365,7581.832789165114,8040.087428153136
forecast_5393,2025-08-13 17:00:00,7510.764694027159,9411.30376613692,8478.424939731723
forecast_5394,2025-08-13 18:00:00,8985.739192281184,12824.368869696102,11002.999224138863
forecast_5395,2025-08-13 19:00:00,11364.788173992263,13652.938324387336,12763.78174975454
forecast_5396,2025-08-13 20:00:00,13312.52416857314,14984.541389036433,13646.528604695735
forecast_5397,2025-08-13 21:00:00,15187.762997231956,16633.71469235723,14683.59626306317
forecast_5398,2025-08-13 22:00:00,16731.215275611947,17453.678592782988,16771.405297559337
forecast_5399,2025-08-13 23:00:00,16778.96545897294,17991.437112589552,17038.180871217388
forecast_5400,2025-08-14 00:00:00,16706.53522630678,18076.651308669312,17256.35264923054
forecast_5401,2025-08-14 01:00:00,16476.67200065807,17931.534414773443,17250.807801392744
forecast_5402,2025-08-14 02:00:00,16394.14957842189,17840.108982816277,17113.874105392657
forecast_5403,2025-08-14 03:00:00,15765.82223742344,17550.137858336777,16607.625757956655
forecast_5404,2025-08-14 04:00:00,15374.66947754101,17246.276164884668,15646.158538514934
forecast_5405,2025-08-14 05:00:00,15339.848013599287,17163.155635302017,14695.481302663258
forecast_5406,2025-08-14 06:00:00,14196.016367076994,16934.118093016186,14584.45912731747
forecast_5407,2025-08-14 07:00:00,13789.0544569301,16248.075471202344,13741.842841845479
forecast_5408,2025-08-14 08:00:00,13638.167092687368,15656.7333493341,13902.580254368135
forecast_5409,2025-08-14 09:00:00,13365.319042247469,14777.94229248698,13064.793617575551
forecast_5410,2025-08-14 10:00:00,12672.052932749779,12564.643669666999,11624.512347119864
forecast_5411,2025-08-14 11:00:00,11469.927514942847,11451.257681424246,10325.128776934027
forecast_5412,2025-08-14 12:00:00,9724.693087310421,10543.681873248075,9530.355512486956
forecast_5413,2025-08-14 13:00:00,8396.806023051276,10037.327981879003,9464.126854618054
forecast_5414,2025-08-14 14:00:00,8926.981115569979,10451.505296198025,10149.45073732678
forecast_5415,2025-08-14 15:00:00,10035.881209477564,10123.936683708294,11011.227403377405
forecast_5416,2025-08-14 16:00:00,11563.667797247783,11328.29920643297,11783.323446262752
forecast_5417,2025-08-14 17:00:00,12860.876550826362,12464.311590498026,12220.332573114389
forecast_5418,2025-08-14 18:00:00,13709.941461669387,12860.079402531945,12283.606275201822
forecast_5419,2025-08-14 19:00:00,13497.806154237587,13395.657913828196,12534.7024467194
forecast_5420,2025-08-14 20:00:00,13722.441592192648,13415.9231104975,13305.412367009332
forecast_5421,2025-08-14 21:00:00,13284.364110312395,13608.951458623957,13600.326239136019
forecast_5422,2025-08-14 22:00:00,14091.865876160242,15004.371968404103,13198.982688642649
forecast_5423,2025-08-14 23:00:00,13533.605960823857,15099.161358340722,12773.80073092187
forecast_5424,2025-08-15 00:00:00,12452.551373260803,14854.890222778982,12303.210006094618
forecast_5425,2025-08-15 01:00:00,13547.304292438512,14156.899749491935,10068.622365805259
forecast_5426,2025-08-15 02:00:00,12914.462111401124,13793.477184954636,9334.627864475855
forecast_5427,2025-08-15 03:00:00,11919.729426590658,13637.107645073276,8923.755055317923
forecast_5428,2025-08-15 04:00:00,11601.888091144006,13170.681745968343,8651.037504842283
forecast_5429,2025-08-15 05:00:00,10621.921632303565,11558.451465277016,8211.956712998382
forecast_5430,2025-08-15 06:00:00,8452.835502045393,8082.667099424488,7417.500059701988
forecast_5431,2025-08-15 07:00:00,7229.5334778204515,6109.261683098735,6347.830038718938
forecast_5432,2025-08-15 08:00:00,5376.719089169976,4429.305144709291,5162.634244039772
forecast_5433,2025-08-15 09:00:00,3574.4170916622675,2786.9377761082815,3730.5649072038314
forecast_5434,2025-08-15 10:00:00,2395.1991397829315,1982.7948406951646,3211.5205465307213
forecast_5435,2025-08-15 11:00:00,1883.8193986312908,1672.4159435975898,2949.8268103133432
forecast_5436,2025-08-15 12:00:00,1882.8882329884727,1570.7737300279077,2853.3910257213956
forecast_5437,2025-08-15 13:00:00,1891.9032649906248,1551.4481252519836,2969.478992679466
forecast_5438,2025-08-15 14:00:00,1979.2486590391518,1607.363192073225,3036.7793969654876
forecast_5439,2025-08-15 15:00:00,2067.861082019551,1725.2456977764423,3041.519601168947
forecast_5440,2025-08-15 16:00:00,2096.844819778159,1823.6424522295883,3075.907732838139
forecast_5441,2025-08-15 17:00:00,2121.411364847513,2014.1611843419896,3034.301682787799
forecast_5442,2025-08-15 18:00:00,2092.6237322998495,2069.269810575316,3212.6560373706548
forecast_5443,2025-08-15 19:00:00,2538.9479175290435,2477.24515241028,3359.8230995062027
forecast_5444,2025-08-15 20:00:00,3457.47820374108,3419.8654429307935,3912.1774191614068
forecast_5445,2025-08-15 21:00:00,4259.896939826367,4385.431800626975,5032.269607798629
forecast_5446,2025-08-15 22:00:00,6283.146080043942,6008.866846193414,6339.45688929764
forecast_5447,2025-08-15 23:00:00,8470.930730709142,7814.498594302977,7600.025982663033
forecast_5448,2025-08-16 00:00:00,9474.549657504223,9583.306323854058,8669.136149313696
forecast_5449,2025-08-16 01:00:00,10219.998928904515,10659.520274738348,8919.217549843637
forecast_5450,2025-08-16 02:00:00,10620.226383145284,10274.177167197238,9110.624609683902
forecast_5451,2025-08-16 03:00:00,10796.451683613635,10766.169141877757,9136.082391687843
forecast_5452,2025-08-16 04:00:00,10641.991846201518,10828.525550932713,9311.531446532179
forecast_5453,2025-08-16 05:00:00,10479.313694477594,11208.680986610565,9119.968765933136
forecast_5454,2025-08-16 06:00:00,10512.291501344913,11562.525798415605,8715.11109268634
forecast_5455,2025-08-16 07:00:00,10752.977630959664,11447.530192975251,8180.755401397273
forecast_5456,2025-08-16 08:00:00,9880.10359848438,10144.12717392367,7338.570459893609
forecast_5457,2025-08-16 09:00:00,8562.133227421318,7797.952581892079,6644.382621986391
forecast_5458,2025-08-16 10:00:00,6239.562580178893,5344.264700266913,5998.682662628674
forecast_5459,2025-08-16 11:00:00,5498.751403662884,4261.891900465085,5727.813935508303
forecast_5460,2025-08-16 12:00:00,5481.059180546646,4573.211124790176,5836.700568375379
forecast_5461,2025-08-16 13:00:00,6175.703178273208,5274.932231293899,5951.123064603336
forecast_5462,2025-08-16 14:00:00,6688.662062694202,5597.640907504488,6340.280702336579
forecast_5463,2025-08-16 15:00:00,7204.059120430155,6500.8190731163795,6990.966803546582
forecast_5464,2025-08-16 16:00:00,7295.839471629823,7760.569909782365,7438.159918142847
forecast_5465,2025-08-16 17:00:00,8082.718498787439,8441.18160593243,8369.389491487249
forecast_5466,2025-08-16 18:00:00,10005.149768480987,10024.830616302434,10620.473680440822
forecast_5467,2025-08-16 19:00:00,12071.636115102812,13341.946017245424,11689.353857771599
forecast_5468,2025-08-16 20:00:00,13687.960034804102,15647.850973323137,13134.620857684717
forecast_5469,2025-08-16 21:00:00,14379.93998638021,16746.90478460773,14507.27002016747
forecast_5470,2025-08-16 22:00:00,16415.005761700555,17494.662016005997,14604.506258011603
forecast_5471,2025-08-16 23:00:00,17593.63322440888,17756.678604691402,14763.26084949388
forecast_5472,2025-08-17 00:00:00,17322.195841217886,17815.769846577972,15476.135399559378
forecast_5473,2025-08-17 01:00:00,17594.230178811413,17890.68007154582,15556.3110051582
forecast_5474,2025-08-17 02:00:00,17838.624793548526,18094.85964309008,15528.253697984019
forecast_5475,2025-08-17 03:00:00,17814.66804001656,17906.384966850284,15118.405564812838
forecast_5476,2025-08-17 04:00:00,18156.008738477885,18000.568045743006,15229.476400147349
forecast_5477,2025-08-17 05:00:00,18717.587848052484,18200.14785439699,15414.744744194864
forecast_5478,2025-08-17 06:00:00,18593.683996556974,18161.678270220225,15213.886290954488
forecast_5479,2025-08-17 07:00:00,17328.22596060053,17931.227908641402,12908.464475307137
forecast_5480,2025-08-17 08:00:00,14582.38512647279,16817.78662111874,11742.009416266155
forecast_5481,2025-08-17 09:00:00,11969.585700101745,14325.232539569442,10164.413812756624
forecast_5482,2025-08-17 10:00:00,9029.504243938496,10708.017604068293,8017.953571300737
forecast_5483,2025-08-17 11:00:00,6618.036063486737,7730.210784273974,6432.0631663053255
forecast_5484,2025-08-17 12:00:00,5564.90259406789,5474.185158342073,5187.012435896771
forecast_5485,2025-08-17 13:00:00,4902.265546423498,4159.050870337421,4660.230573601064
forecast_5486,2025-08-17 14:00:00,4728.187994021962,3683.8796929402056,4582.105069314321
forecast_5487,2025-08-17 15:00:00,4781.612684671392,4088.047223196715,4643.221791733735
forecast_5488,2025-08-17 16:00:00,4886.3911666140775,4386.606313969027,4664.10954275116
forecast_5489,2025-08-17 17:00:00,5114.590884669595,4447.106895763171,4887.259204566357
forecast_5490,2025-08-17 18:00:00,5871.002900879338,4457.955313567813,5551.025783385082
forecast_5491,2025-08-17 19:00:00,6945.305058254766,5707.84011247117,6238.4209053106315
forecast_5492,2025-08-17 20:00:00,7785.105522507603,7318.6113400971235,6681.932089058194
forecast_5493,2025-08-17 21:00:00,8517.439112134638,8211.64081183465,6908.314635666817
forecast_5494,2025-08-17 22:00:00,8875.870592069172,8351.215615301258,6996.026662640685
forecast_5495,2025-08-17 23:00:00,8644.145298541132,8474.441962817331,6758.936472970869
forecast_5496,2025-08-18 00:00:00,8915.95845759922,9183.474504599526,7410.330529088376
forecast_5497,2025-08-18 01:00:00,9395.361257911663,9665.932813844485,7990.626991382492
forecast_5498,2025-08-18 02:00:00,9531.705129286684,10041.087837717918,7942.753288038956
forecast_5499,2025-08-18 03:00:00,10123.790713121758,10614.898473635636,7912.601732463689
forecast_5500,2025-08-18 04:00:00,10635.872860020188,11602.98882929791,8213.60565739648
forecast_5501,2025-08-18 05:00:00,10391.331088837842,11149.222943636021,8422.677123323296
forecast_5502,2025-08-18 06:00:00,10430.526656114958,11116.628017152405,8375.013781979771
forecast_5503,2025-08-18 07:00:00,10254.18581765097,11645.85249733264,8802.516032454525
forecast_5504,2025-08-18 08:00:00,9499.090818591347,10826.62965420241,8162.791334509577
forecast_5505,2025-08-18 09:00:00,8850.21886169128,9386.391435695577,7448.217701274416
forecast_5506,2025-08-18 10:00:00,7233.573567453294,8100.887209416402,7308.439536020514
forecast_5507,2025-08-18 11:00:00,6582.041481062558,6762.575377223771,6236.272409647807
forecast_5508,2025-08-18 12:00:00,6113.896325585401,5760.998231656335,5934.832092878839
forecast_5509,2025-08-18 13:00:00,5460.663936452658,5381.621758495819,5699.708930478949
forecast_5510,2025-08-18 14:00:00,5443.595309305863,4997.94036201901,5773.410364443688
forecast_5511,2025-08-18 15:00:00,5614.4880456265455,5512.803151919164,6124.586139040959
forecast_5512,2025-08-18 16:00:00,6133.226630687784,5558.421359374831,6327.865593632649
forecast_5513,2025-08-18 17:00:00,6109.442567963525,5828.970263391846,6960.07481921927
forecast_5514,2025-08-18 18:00:00,6988.060262322901,6786.454163965673,7828.322342585703
forecast_5515,2025-08-18 19:00:00,9031.275306864462,9050.316175267855,8913.351729458602
forecast_5516,2025-08-18 20:00:00,10347.036022386777,12188.930186993388,10176.706662889912
forecast_5517,2025-08-18 21:00:00,12548.194262135228,13773.487007671309,11257.339237963435
forecast_5518,2025-08-18 22:00:00,13146.960279529387,14415.563768137332,12282.738327136514
forecast_5519,2025-08-18 23:00:00,13961.219500407893,15203.09764615297,12773.699694022693
forecast_5520,2025-08-19 00:00:00,14874.594048249146,15689.553802916744,13422.552276583381
forecast_5521,2025-08-19 01:00:00,14701.622402608158,16670.57146422106,14313.661494404067
forecast_5522,2025-08-19 02:00:00,14309.735642549844,17276.47694247695,14415.930337227783
forecast_5523,2025-08-19 03:00:00,14347.811696232056,16943.151113336477,14554.475430141381
forecast_5524,2025-08-19 04:00:00,13960.353940941977,16898.72508074127,14826.198325147983
forecast_5525,2025-08-19 05:00:00,13925.289081496732,17187.745166414705,14901.367480776622
forecast_5526,2025-08-19 06:00:00,14057.154669672553,17177.660689460023,14603.715365169257
forecast_5527,2025-08-19 07:00:00,14362.029083195168,17244.51139847599,14843.914451892728
forecast_5528,2025-08-19 08:00:00,14585.965335653942,17478.272378710633,14929.990322945287
forecast_5529,2025-08-19 09:00:00,13850.502588569765,16915.842709709377,14776.309613545138
forecast_5530,2025-08-19 10:00:00,12492.0677197949,15362.355802728533,12573.010729731375
forecast_5531,2025-08-19 11:00:00,11542.37754834308,14434.895006260447,12074.531995798658
forecast_5532,2025-08-19 12:00:00,11072.905320948175,13309.172651364446,11657.924823345948
forecast_5533,2025-08-19 13:00:00,10670.563676049915,11562.712651353926,10755.645690233443
forecast_5534,2025-08-19 14:00:00,9876.93753173984,10912.567015921939,10148.435573022323
forecast_5535,2025-08-19 15:00:00,9473.64881847029,10328.331816842292,9717.462182634192
forecast_5536,2025-08-19 16:00:00,9732.160454622155,9838.853571320138,9822.515516338777
forecast_5537,2025-08-19 17:00:00,9909.883174626282,10359.14866499722,9910.072460571817
forecast_5538,2025-08-19 18:00:00,10461.143945496284,11621.574931563946,10622.208398104925
forecast_5539,2025-08-19 19:00:00,11506.523411756018,14732.957128081618,11903.98800016303
forecast_5540,2025-08-19 20:00:00,13088.835073450467,16071.47117482606,13587.11153260493
forecast_5541,2025-08-19 21:00:00,14461.875680088686,16290.761699943847,13608.604231346479
forecast_5542,2025-08-19 22:00:00,15777.868863818912,17288.692290012255,14012.046318940465
forecast_5543,2025-08-19 23:00:00,16596.524035387592,17948.26065616479,14980.925172224266
forecast_5544,2025-08-20 00:00:00,15676.399900842047,17778.945259086977,16112.472933686073
forecast_5545,2025-08-20 01:00:00,16334.059000588873,17900.802482869163,15988.231820672485
forecast_5546,2025-08-20 02:00:00,16124.72405962833,17900.73365163165,16319.60128697961
forecast_5547,2025-08-20 03:00:00,16192.26212244637,17864.78944968308,16083.034974568236
forecast_5548,2025-08-20 04:00:00,15988.501825697153,17916.64080400947,16255.956561791489
forecast_5549,2025-08-20 05:00:00,16155.837918168596,17833.464671977406,15866.959065354633
forecast_5550,2025-08-20 06:00:00,16559.426472448708,17837.306189040366,14730.83943085933
forecast_5551,2025-08-20 07:00:00,16408.674733190062,17642.335070725636,14621.118400782972
forecast_5552,2025-08-20 08:00:00,15086.675137812796,16845.84542864188,13157.748941769292
forecast_5553,2025-08-20 09:00:00,12167.098713270225,15136.526890775143,10817.663646272053
forecast_5554,2025-08-20 10:00:00,9102.65852349638,11926.612370763669,8610.880208869205
forecast_5555,2025-08-20 11:00:00,6924.460461624713,9085.492763481607,7270.0003277379365
forecast_5556,2025-08-20 12:00:00,5757.029046876669,6957.043246570066,6362.56508868987
forecast_5557,2025-08-20 13:00:00,5147.180167018313,5457.483579908638,5929.849739747912
forecast_5558,2025-08-20 14:00:00,4848.821669154987,4956.958577160447,5660.60214980528
forecast_5559,2025-08-20 15:00:00,4404.557700255917,4537.421343644697,5359.836071021268
forecast_5560,2025-08-20 16:00:00,4360.255289198188,3917.086737622184,5541.947897403559
forecast_5561,2025-08-20 17:00:00,5180.548517760426,3967.0361933408935,5958.208558936498
forecast_5562,2025-08-20 18:00:00,5442.909789813752,4635.702330779029,6246.167753998078
forecast_5563,2025-08-20 19:00:00,6277.306361476014,6310.3874611000765,6717.526285809234
forecast_5564,2025-08-20 20:00:00,7152.104624144033,8417.086663075612,6744.505350123464
forecast_5565,2025-08-20 21:00:00,8511.319289648989,9868.888610469654,6952.748793826406
forecast_5566,2025-08-20 22:00:00,9863.631372548389,11829.174152362728,8711.690634334886
forecast_5567,2025-08-20 23:00:00,11024.795208039965,12607.233092209692,9366.893584705796
forecast_5568,2025-08-21 00:00:00,11711.177519642217,13057.195036106576,9866.671747365112
forecast_5569,2025-08-21 01:00:00,12464.676112887126,14250.979274104162,9693.16750354777
forecast_5570,2025-08-21 02:00:00,13594.635451898566,15237.099971543139,11234.151493828791
forecast_5571,2025-08-21 03:00:00,14339.78208006362,15533.225912668939,11035.625674833524
forecast_5572,2025-08-21 04:00:00,14567.977729512622,14486.178002882953,11480.486874000217
forecast_5573,2025-08-21 05:00:00,14234.013459057798,13482.38990112548,11550.00715546956
forecast_5574,2025-08-21 06:00:00,12710.664313531772,12070.728790969255,9819.757110459344
forecast_5575,2025-08-21 07:00:00,9027.447660557933,8202.767789695432,7634.903041899107
forecast_5576,2025-08-21 08:00:00,6000.3129936867845,5338.1247699448995,5918.138814197613
forecast_5577,2025-08-21 09:00:00,4146.1521714187775,3030.2960845437765,4055.6287656839513
forecast_5578,2025-08-21 10:00:00,2394.8447232540966,1784.2191675968652,3321.196063925123
forecast_5579,2025-08-21 11:00:00,1800.3985454736385,1429.4216904679124,2962.0607610677034
forecast_5580,2025-08-21 12:00:00,1578.0972193485568,1320.4210211040227,2655.256774582093
forecast_5581,2025-08-21 13:00:00,1380.6545246605301,1209.0419721725848,2590.1497502989914
forecast_5582,2025-08-21 14:00:00,1354.5535616825655,1149.8777673203422,2627.2754554213834
forecast_5583,2025-08-21 15:00:00,1334.59867247671,1184.6912376851842,2664.3174460290734
forecast_5584,2025-08-21 16:00:00,1365.0824110202893,1227.1761329260898,2729.292967481979
forecast_5585,2025-08-21 17:00:00,1365.8882865880532,1204.0172728414345,2783.9956237319784
forecast_5586,2025-08-21 18:00:00,1550.525323709202,1246.6543195520926,2819.6077331069787
forecast_5587,2025-08-21 19:00:00,1796.4945009319445,1494.275258904062,2896.233981291953
forecast_5588,2025-08-21 20:00:00,1773.4702866726775,1611.4599682853795,3075.5546275121133
forecast_5589,2025-08-21 21:00:00,2067.474761546003,1857.694586468856,3237.0890519135273
forecast_5590,2025-08-21 22:00:00,2783.1573465616825,2247.3518990103676,3578.0158710357064
forecast_5591,2025-08-21 23:00:00,3265.2550993750096,2783.869545548877,3834.211121349589
forecast_5592,2025-08-22 00:00:00,3495.0234413197854,2991.450370918592,4144.596276567282
forecast_5593,2025-08-22 01:00:00,3822.2709203728264,3293.732792219087,4413.6045086042495
forecast_5594,2025-08-22 02:00:00,4487.768907836461,4180.965290352648,4898.544350250929
forecast_5595,2025-08-22 03:00:00,5332.133201708404,5298.367305603702,5708.192072151295
forecast_5596,2025-08-22 04:00:00,7397.047684647443,6973.636301842842,6492.424932708722
forecast_5597,2025-08-22 05:00:00,8140.513498258226,8628.840322902151,7279.8401837690435
forecast_5598,2025-08-22 06:00:00,9307.417098150083,10040.000313834886,7981.091835587802
forecast_5599,2025-08-22 07:00:00,10683.449882692004,10476.592834301506,8045.388565060672
forecast_5600,2025-08-22 08:00:00,9677.049447850382,9425.62838694753,7236.158402560061
forecast_5601,2025-08-22 09:00:00,8021.343185448697,7213.560707036937,6335.393250979169
forecast_5602,2025-08-22 10:00:00,5675.516793667562,4960.877592033146,5144.789261330678
forecast_5603,2025-08-22 11:00:00,3625.0275311813057,3092.54711304315,4173.386888973829
forecast_5604,2025-08-22 12:00:00,2685.9012414713793,2504.512915183186,3620.8751988174017
forecast_5605,2025-08-22 13:00:00,2777.3340626231593,2337.179990711602,3659.5517502739913
forecast_5606,2025-08-22 14:00:00,3074.5201138492234,2533.749318823762,4050.26185036046
forecast_5607,2025-08-22 15:00:00,3299.719568365165,2899.0555421976233,4647.686075137655
forecast_5608,2025-08-22 16:00:00,3892.5009966930497,3214.435880051643,5304.79540454431
forecast_5609,2025-08-22 17:00:00,4750.440265130161,3970.8983030611944,5855.549812543183
forecast_5610,2025-08-22 18:00:00,6038.096434272924,5248.906654604445,6299.276728932424
forecast_5611,2025-08-22 19:00:00,8174.397610375048,8235.567542934084,7266.954721964854
forecast_5612,2025-08-22 20:00:00,9849.481006056505,10609.292932553662,8345.030654186903
forecast_5613,2025-08-22 21:00:00,12314.979247555873,12800.1516557828,9217.237165769564
forecast_5614,2025-08-22 22:00:00,15304.184155631614,14742.249358357914,10762.347106932231
forecast_5615,2025-08-22 23:00:00,16148.735313306319,15261.933559471388,11696.044941446802
forecast_5616,2025-08-23 00:00:00,15729.66923036574,15210.689351513825,11985.745884583426
forecast_5617,2025-08-23 01:00:00,15089.156277764661,14696.034555419554,11918.270437140698
forecast_5618,2025-08-23 02:00:00,15108.569549652439,14300.207065456641,12084.754253164188
forecast_5619,2025-08-23 03:00:00,15445.110872523896,13558.1716663205,11623.68855745764
forecast_5620,2025-08-23 04:00:00,14560.418177403535,12692.432379256597,10960.672967756509
forecast_5621,2025-08-23 05:00:00,14411.586330301081,11929.342393718078,9808.883543626664
forecast_5622,2025-08-23 06:00:00,12654.183983702766,11065.127157046176,8574.472102655676
forecast_5623,2025-08-23 07:00:00,9378.413833243478,7260.207743344171,7282.287020069074
forecast_5624,2025-08-23 08:00:00,6214.434449566176,4021.6296317464894,5092.627345793084
forecast_5625,2025-08-23 09:00:00,3705.4397156707287,2064.823302018587,3643.6425285342116
forecast_5626,2025-08-23 10:00:00,1971.7764905825334,1466.5135291588485,2889.7788191811933
forecast_5627,2025-08-23 11:00:00,1534.2823543419727,1286.2257635431843,2631.221664237641
forecast_5628,2025-08-23 12:00:00,1321.4858811984195,1216.8430458849152,2518.3531237319785
forecast_5629,2025-08-23 13:00:00,1257.2677547895855,1210.9829564351849,2452.2305456069785
forecast_5630,2025-08-23 14:00:00,1332.3553524458348,1206.366413466434,2497.702108106979
forecast_5631,2025-08-23 15:00:00,1343.0184527955216,1293.2778197164344,2527.3064831069787
forecast_5632,2025-08-23 16:00:00,1482.1341580343023,1274.288674566027,2630.0939831069786
forecast_5633,2025-08-23 17:00:00,1577.7440218159045,1391.5765909107504,2800.386639356979
forecast_5634,2025-08-23 18:00:00,1939.7737749207918,1636.6572467208935,2824.5534326344064
forecast_5635,2025-08-23 19:00:00,2037.4970159279383,1924.8578893599924,2997.70253976583
forecast_5636,2025-08-23 20:00:00,2136.2140841975615,2026.6128361604697,3207.8419523742728
forecast_5637,2025-08-23 21:00:00,2594.2332737066836,2308.0169688053247,3471.8230222675134
forecast_5638,2025-08-23 22:00:00,3439.349997185177,3129.643984910827,3948.7218548285773
forecast_5639,2025-08-23 23:00:00,4153.112047434766,3498.6137990150687,4321.623161203726
forecast_5640,2025-08-24 00:00:00,4229.777705339729,3370.6236454284544,4373.495761030064
forecast_5641,2025-08-24 01:00:00,3806.1756661073914,2870.8107467426344,3781.5752891253587
forecast_5642,2025-08-24 02:00:00,3403.032714882188,2467.86595230517,3647.7004426388685
forecast_5643,2025-08-24 03:00:00,3185.4490695215522,2310.927979469986,3493.505707365238
forecast_5644,2025-08-24 04:00:00,2720.998474727964,2069.995175830156,3271.6820973668214
forecast_5645,2025-08-24 05:00:00,2276.166444945231,1813.7507370788107,3150.476334612307
forecast_5646,2025-08-24 06:00:00,1980.825249472935,1645.5346641706874,3070.356498372326
forecast_5647,2025-08-24 07:00:00,1844.295691266807,1546.423094498743,2872.9174045133195
forecast_5648,2025-08-24 08:00:00,1683.2803184350914,1423.5141394843804,2701.1266136864047
forecast_5649,2025-08-24 09:00:00,1572.3547035694846,1309.2529234308213,2548.1921081069786
forecast_5650,2025-08-24 10:00:00,1359.9259012661532,1200.1771556539343,2478.289061231979
forecast_5651,2025-08-24 11:00:00,1323.3866327527794,1169.8820189351845,2471.2742174819787
forecast_5652,2025-08-24 12:00:00,1383.273036432157,1153.4202095620767,2490.5168737319786
forecast_5653,2025-08-24 13:00:00,1327.7520449459034,1167.5921299677548,2645.1974808843274
forecast_5654,2025-08-24 14:00:00,1426.9490950688005,1245.6835205407024,2589.4178131716744
forecast_5655,2025-08-24 15:00:00,1540.1269283117808,1650.1407312120446,2757.7428997085935
forecast_5656,2025-08-24 16:00:00,1733.594549392773,2155.680365744327,3127.6629738996357
forecast_5657,2025-08-24 17:00:00,1976.8769685396974,2001.3568186349548,3248.817794436101
forecast_5658,2025-08-24 18:00:00,2345.0969572313306,2013.0226995394587,3277.8160158990063
forecast_5659,2025-08-24 19:00:00,2682.209995025351,2189.539865526486,3373.1965803578923
forecast_5660,2025-08-24 20:00:00,2718.8433413541156,2187.680289871082,3599.9331616015425
forecast_5661,2025-08-24 21:00:00,2898.845399020789,2229.408555907965,3416.213977633139
forecast_5662,2025-08-24 22:00:00,3106.836701437982,2255.1005997639695,3490.4294038263183
forecast_5663,2025-08-24 23:00:00,3073.7524538745242,2420.9587933128314,3558.679978603267
forecast_5664,2025-08-25 00:00:00,3028.7768955661513,2694.7861919534407,3523.337994464857
forecast_5665,2025-08-25 01:00:00,3235.8792038663296,3149.4423230807424,3602.535067482173
forecast_5666,2025-08-25 02:00:00,3670.2723552740626,3407.6141227550743,3680.238313005998
forecast_5667,2025-08-25 03:00:00,4076.8712308409,3485.2595137037893,3991.0857279083666
forecast_5668,2025-08-25 04:00:00,4144.650300338768,3480.9317417978264,4172.652654721067
forecast_5669,2025-08-25 05:00:00,4459.305863829676,3552.0955248552746,4301.23332823017
forecast_5670,2025-08-25 06:00:00,5676.620318743076,3665.6671156409934,4190.776758907241
forecast_5671,2025-08-25 07:00:00,5184.181006316362,3262.769486578646,3957.2561668224616
forecast_5672,2025-08-25 08:00:00,3774.7244681883303,2171.809860310447,3385.156452540626
forecast_5673,2025-08-25 09:00:00,2414.996688688395,1643.973725460105,3002.7903409561786
forecast_5674,2025-08-25 10:00:00,1794.1446344402848,1484.0321181383797,2816.4095915998455
forecast_5675,2025-08-25 11:00:00,1628.6790707980817,1534.784678370469,2813.744728061507
forecast_5676,2025-08-25 12:00:00,1566.3600347805277,2070.2586953638947,2948.126250670015
forecast_5677,2025-08-25 13:00:00,1736.8329251919577,2076.3134076898295,3099.375603524659
forecast_5678,2025-08-25 14:00:00,1939.910275210057,2260.0346255688946,3116.868010511303
forecast_5679,2025-08-25 15:00:00,2423.31210382218,2917.9525066666465,3759.8551840260834
forecast_5680,2025-08-25 16:00:00,2817.6180266648853,3114.8903055818655,4245.075701260612
forecast_5681,2025-08-25 17:00:00,3699.0472364081083,4410.236867082728,4677.975684077964
forecast_5682,2025-08-25 18:00:00,5227.169283513758,5592.721939815057,5613.814695533277
forecast_5683,2025-08-25 19:00:00,7764.683920534291,8744.243482084183,7530.712619444806
forecast_5684,2025-08-25 20:00:00,9677.660654257697,11570.465990966284,8304.670545460032
forecast_5685,2025-08-25 21:00:00,11632.78303450728,13504.653875453507,9626.724785480306
forecast_5686,2025-08-25 22:00:00,12676.037386534721,14313.635526563035,10376.709170636968
forecast_5687,2025-08-25 23:00:00,13088.2992846128,14327.007478679974,11405.812841671148
forecast_5688,2025-08-26 00:00:00,13000.265905799575,14962.899508838327,11174.948895571644
forecast_5689,2025-08-26 01:00:00,13005.889384165423,15650.724613433507,12247.484868409574
forecast_5690,2025-08-26 02:00:00,13096.666991722095,15595.615983404332,12311.118792720808
forecast_5691,2025-08-26 03:00:00,13133.519790425344,15319.437239753654,12616.360135562209
forecast_5692,2025-08-26 04:00:00,13597.43537995892,15605.30845623713,12924.173607308727
forecast_5693,2025-08-26 05:00:00,14072.736144779385,16578.277739632435,13108.88415937862
forecast_5694,2025-08-26 06:00:00,13851.65420268078,16777.109878973293,13530.989566396685
forecast_5695,2025-08-26 07:00:00,13500.42687942468,16183.1458311288,13370.002423213875
forecast_5696,2025-08-26 08:00:00,11663.901945753254,14713.09248064092,13279.401484472826
forecast_5697,2025-08-26 09:00:00,11474.379152187677,13160.396297028157,12622.661351813222
forecast_5698,2025-08-26 10:00:00,11338.998023507456,10887.957806164717,12123.70131195058
forecast_5699,2025-08-26 11:00:00,10124.113421222026,11039.397735977536,12527.146339836281
forecast_5700,2025-08-26 12:00:00,9516.508524127568,11894.754943954367,12796.477353049402
forecast_5701,2025-08-26 13:00:00,9471.81687646019,12001.508469153832,12607.415907056627
forecast_5702,2025-08-26 14:00:00,10467.300541902492,11492.791560518148,12310.557195520933
forecast_5703,2025-08-26 15:00:00,10414.551437555807,12160.173760838261,12780.319127041668
forecast_5704,2025-08-26 16:00:00,10879.647914794838,13167.452962115109,12238.961543204447
forecast_5705,2025-08-26 17:00:00,9990.769809734473,11672.18825134002,11914.854500946232
forecast_5706,2025-08-26 18:00:00,10192.087405294811,10407.591094719352,11288.767580583572
forecast_5707,2025-08-26 19:00:00,9929.74047958324,10290.137096883323,10080.224305720869
forecast_5708,2025-08-26 20:00:00,9501.958764752122,9565.401929623242,9331.766425391175
forecast_5709,2025-08-26 21:00:00,10387.444563098416,9913.549063933013,9409.381451929137
forecast_5710,2025-08-26 22:00:00,11292.773065869278,11087.702367560032,9776.275986510449
forecast_5711,2025-08-26 23:00:00,11468.036027788894,11487.117243988712,9093.323102451486
forecast_5712,2025-08-27 00:00:00,10296.166395577853,10494.521683549756,8540.16985021691
forecast_5713,2025-08-27 01:00:00,10090.746138397137,9679.135932441255,8183.712247627187
forecast_5714,2025-08-27 02:00:00,8210.72539706888,7737.019101867074,7506.679296643215
forecast_5715,2025-08-27 03:00:00,6394.799028488239,5849.7369827310395,6166.174733491752
forecast_5716,2025-08-27 04:00:00,4997.564436504865,3962.766678308567,4897.152853348789
forecast_5717,2025-08-27 05:00:00,3173.4693992131115,2522.3366229885787,3758.673691210549
forecast_5718,2025-08-27 06:00:00,2194.363435991834,1967.6438342427573,3262.6194899659868
forecast_5719,2025-08-27 07:00:00,1790.4705453057304,1660.1841664151689,3017.162316978965
forecast_5720,2025-08-27 08:00:00,1641.263809064044,1558.0682865745357,2814.9802331069786
forecast_5721,2025-08-27 09:00:00,1501.0753329862482,1486.6314577887024,2647.0929674819786
forecast_5722,2025-08-27 10:00:00,1359.159404409378,1491.13498038532,2616.7927331069786
forecast_5723,2025-08-27 11:00:00,1374.231001098433,1428.257522981944,2616.872181443063
forecast_5724,2025-08-27 12:00:00,1407.3390465108505,1392.356156240553,2645.350066838618
forecast_5725,2025-08-27 13:00:00,1453.7970396209148,1419.6796188493836,2748.8480379688276
forecast_5726,2025-08-27 14:00:00,1548.8735976715661,1542.7472929294318,2765.1596785613588
forecast_5727,2025-08-27 15:00:00,1678.2541653100297,1695.0398369433842,2807.213359089248
forecast_5728,2025-08-27 16:00:00,1738.6920632174824,1622.6166633490984,2870.8947640359747
forecast_5729,2025-08-27 17:00:00,1762.200166522386,1768.0118939874537,2893.8097164306987
forecast_5730,2025-08-27 18:00:00,1800.0289262219167,1705.0915003869331,2870.4460063501565
forecast_5731,2025-08-27 19:00:00,1912.5012550604179,1897.1467121988799,2909.6983661557106
forecast_5732,2025-08-27 20:00:00,2070.128762108039,1831.729008090566,2871.628727560259
forecast_5733,2025-08-27 21:00:00,2078.2965384138724,1723.491738729921,2854.003808731665
forecast_5734,2025-08-27 22:00:00,2261.772474004433,1764.1627136723946,2890.3073923735974
forecast_5735,2025-08-27 23:00:00,2522.544007972253,2014.1837530164885,2925.3238138604634
forecast_5736,2025-08-28 00:00:00,2546.0467032346132,2147.6522879609747,3013.4401340336394
forecast_5737,2025-08-28 01:00:00,2901.6937499821825,2302.932332744078,3110.7962808137777
forecast_5738,2025-08-28 02:00:00,3059.4931482769525,2502.469974099873,3295.2617872917854
forecast_5739,2025-08-28 03:00:00,3216.2443026213464,2655.643551842216,3540.8790663335267
forecast_5740,2025-08-28 04:00:00,3681.855737213716,3240.1268024128426,3717.495374125737
forecast_5741,2025-08-28 05:00:00,4207.960449223023,3522.4728818279273,4023.225141163115
forecast_5742,2025-08-28 06:00:00,4382.6652139007365,3725.7425067665745,3965.4601893752088
forecast_5743,2025-08-28 07:00:00,3832.123409009579,3550.8644392233205,3501.1864465683284
forecast_5744,2025-08-28 08:00:00,3462.9732212184267,3158.324100309996,3189.731444703044
forecast_5745,2025-08-28 09:00:00,2974.4868726680584,2920.1927755263323,3327.432001686976
forecast_5746,2025-08-28 10:00:00,2413.8609635846733,2447.9126925030014,3052.634236493873
forecast_5747,2025-08-28 11:00:00,2263.805823026376,2267.127900392321,2995.194646352152
forecast_5748,2025-08-28 12:00:00,2411.892434413704,2538.7662278423777,3099.021181728084
forecast_5749,2025-08-28 13:00:00,2572.6149923953417,2765.913686370157,3555.647597414991
forecast_5750,2025-08-28 14:00:00,3191.2569549220216,3279.851260104602,3877.5430333576833
forecast_5751,2025-08-28 15:00:00,3953.5817332579827,3685.5494941088596,4234.001014717007
forecast_5752,2025-08-28 16:00:00,4289.095236338325,3982.738326847651,4747.629683680218
forecast_5753,2025-08-28 17:00:00,4890.501306274338,4329.648332369488,5390.129906993928
forecast_5754,2025-08-28 18:00:00,5697.915063461504,5344.108490893535,5929.9171919364
forecast_5755,2025-08-28 19:00:00,6980.572100395638,7793.728800315557,6861.496890063825
forecast_5756,2025-08-28 20:00:00,7829.586754463215,10742.964504552994,7564.444916148187
forecast_5757,2025-08-28 21:00:00,9805.857041107605,13807.429324263107,9024.97572153477
forecast_5758,2025-08-28 22:00:00,12827.056049174149,15391.556311146309,11377.456728189482
forecast_5759,2025-08-28 23:00:00,14235.855460500712,16350.176946771484,12214.197545887157
forecast_5760,2025-08-29 00:00:00,14585.237755703145,17464.817136403843,14060.902075563252
forecast_5761,2025-08-29 01:00:00,14381.06025953784,17217.972848677808,14419.214785265824
forecast_5762,2025-08-29 02:00:00,15522.073064758748,17170.411016719332,14927.937524745837
forecast_5763,2025-08-29 03:00:00,15073.610723295693,17242.45240249191,15770.57149349104
forecast_5764,2025-08-29 04:00:00,15420.329172080881,17709.738051151406,16334.853992626253
forecast_5765,2025-08-29 05:00:00,15520.916209487197,17808.35221424992,16780.355294990026
forecast_5766,2025-08-29 06:00:00,15986.780661100023,17955.59225407545,16860.760897289387
forecast_5767,2025-08-29 07:00:00,15900.811480405107,17766.908343662868,16739.073752809058
forecast_5768,2025-08-29 08:00:00,15543.616130499555,17521.298558200757,16442.01387940016
forecast_5769,2025-08-29 09:00:00,15197.35179489103,17392.020650170387,15738.90625351694
forecast_5770,2025-08-29 10:00:00,15381.149112596613,16499.219009032535,13857.840840027726
forecast_5771,2025-08-29 11:00:00,13742.845469915253,14687.225421186713,13058.968275742145
forecast_5772,2025-08-29 12:00:00,12752.440606905211,13374.749751628595,12410.477986562862
forecast_5773,2025-08-29 13:00:00,12371.758485946844,12216.819352684113,11958.78932138543
forecast_5774,2025-08-29 14:00:00,11872.7377574282,11520.99751130353,10881.002751629156
forecast_5775,2025-08-29 15:00:00,10731.38001946914,10396.944855399306,10188.573264543847
forecast_5776,2025-08-29 16:00:00,9940.75600939298,10211.895866279858,10012.529656673494
forecast_5777,2025-08-29 17:00:00,9389.014042470028,10173.3181451294,10300.74873994081
forecast_5778,2025-08-29 18:00:00,10338.543670992993,11720.650335359867,10278.480880348134
forecast_5779,2025-08-29 19:00:00,12258.111849973613,13756.28752259582,10972.284842268838
forecast_5780,2025-08-29 20:00:00,13751.918005801292,14986.905830111482,12236.469256120545
forecast_5781,2025-08-29 21:00:00,14407.492681653566,15664.692444926528,12619.220132068309
forecast_5782,2025-08-29 22:00:00,15596.937939471547,15905.354229896519,13089.799595869395
forecast_5783,2025-08-29 23:00:00,15911.237701884376,16328.966409141318,12956.855765209919
forecast_5784,2025-08-30 00:00:00,14899.225253361315,16130.164079549257,12228.817037457455
forecast_5785,2025-08-30 01:00:00,14765.099201410174,15002.174101558701,11972.472509889394
forecast_5786,2025-08-30 02:00:00,14686.132968540398,14334.229756828092,11109.35692316782
forecast_5787,2025-08-30 03:00:00,14183.551528262858,13729.26513801347,9847.925386618994
forecast_5788,2025-08-30 04:00:00,13900.733448871331,14155.60065845329,9406.031264238176
forecast_5789,2025-08-30 05:00:00,12548.19913625349,13449.447055229168,8801.093204573897
forecast_5790,2025-08-30 06:00:00,11843.66706060044,12086.99653270085,8455.321012589848
forecast_5791,2025-08-30 07:00:00,11099.539163364912,11142.156069414912,7566.28778607867
forecast_5792,2025-08-30 08:00:00,8853.387981733975,8651.28167547847,6784.549457803984
forecast_5793,2025-08-30 09:00:00,6511.366728568296,6326.36874754877,5553.221655095691
forecast_5794,2025-08-30 10:00:00,4306.030947925063,3723.129093222595,4131.568654839326
forecast_5795,2025-08-30 11:00:00,2880.276354201553,2612.119327297006,3530.159395645739
forecast_5796,2025-08-30 12:00:00,2494.6440871009845,2051.257058797658,3252.560918635421
forecast_5797,2025-08-30 13:00:00,2239.8036219701953,1787.3508038302898,3324.2546603782343
forecast_5798,2025-08-30 14:00:00,2246.2578827475872,1884.931025680933,3183.3581489458525
forecast_5799,2025-08-30 15:00:00,2560.0327364251434,2256.122544807944,3510.2228174733805
forecast_5800,2025-08-30 16:00:00,2755.511382172327,2167.4392277056995,3640.5521620965656
forecast_5801,2025-08-30 17:00:00,2992.0989115245834,2250.8419270708127,3514.2639150476457
forecast_5802,2025-08-30 18:00:00,3504.6874001467077,2879.175529072735,3957.913402954351
forecast_5803,2025-08-30 19:00:00,4140.65826031611,3499.805053886268,4282.1836358692335
forecast_5804,2025-08-30 20:00:00,4650.291813473025,4245.746095573412,4581.511648668446
forecast_5805,2025-08-30 21:00:00,5526.712740338555,4735.726587064717,4829.791645810008
forecast_5806,2025-08-30 22:00:00,6030.815582004885,5696.179730329923,5190.25344055037
forecast_5807,2025-08-30 23:00:00,6393.199032966671,6775.501079759361,5478.616506408349
forecast_5808,2025-08-31 00:00:00,6965.918296873269,7393.823542164536,5533.322897293882
forecast_5809,2025-08-31 01:00:00,7058.242691246056,7151.098759270257,5518.996793503087
forecast_5810,2025-08-31 02:00:00,7284.087882922542,7720.521653610247,5735.570032689375
forecast_5811,2025-08-31 03:00:00,7331.697863529659,7923.067201938367,5574.916752848144
forecast_5812,2025-08-31 04:00:00,6767.012271810228,7117.4194611297635,5104.78847401852
forecast_5813,2025-08-31 05:00:00,5901.003244877115,6011.639553990211,4457.690578638926
forecast_5814,2025-08-31 06:00:00,4308.766881472342,4641.285980581501,3944.8655720396737
forecast_5815,2025-08-31 07:00:00,3856.4378297373887,3600.0703335731073,3263.358955657031
forecast_5816,2025-08-31 08:00:00,3037.4757075846046,2783.2134333084978,2906.75015990775
forecast_5817,2025-08-31 09:00:00,2095.9657779665367,1934.989110825074,2698.7193903564657
forecast_5818,2025-08-31 10:00:00,1673.9480034587032,1596.6989156037507,2617.8634402602793
forecast_5819,2025-08-31 11:00:00,1627.0744060842098,1738.8102263676374,2697.98202931792
forecast_5820,2025-08-31 12:00:00,1791.8378679831876,2140.577811306126,2867.0635242403764
forecast_5821,2025-08-31 13:00:00,2047.2406127946033,2615.588068601829,3169.030598132272
forecast_5822,2025-08-31 14:00:00,2492.535244766311,3269.097382373713,3782.232367189934
forecast_5823,2025-08-31 15:00:00,3086.293103512236,3733.2084355000866,4367.800182642857
forecast_5824,2025-08-31 16:00:00,3904.455990140582,4168.963513484137,5311.024143642622
forecast_5825,2025-08-31 17:00:00,5002.458033334562,4802.324667596675,5880.3279213472915
forecast_5826,2025-08-31 18:00:00,5592.154482007398,5789.048798257827,6317.4348236870665
forecast_5827,2025-08-31 19:00:00,6542.69375851473,6553.107172063637,6846.690987224524
forecast_5828,2025-08-31 20:00:00,7776.259324261007,8517.59247552192,7013.216829303758
forecast_5829,2025-08-31 21:00:00,8393.06773880708,10386.701920825502,7559.103041887652
forecast_5830,2025-08-31 22:00:00,10037.089885164236,11941.31946721407,8211.326588920016
forecast_5831,2025-08-31 23:00:00,10628.289094046362,12634.786216950943,8532.805701810708
forecast_5832,2025-09-01 00:00:00,10705.666160447185,13542.61609970075,8800.344194048059
forecast_5833,2025-09-01 01:00:00,11580.619954494516,14611.933026305715,9332.998715775377
forecast_5834,2025-09-01 02:00:00,12019.621538614676,15376.402476636984,10217.943925078169
forecast_5835,2025-09-01 03:00:00,11278.458372849498,14899.251047020007,11017.640046607554
forecast_5836,2025-09-01 04:00:00,11718.45758381388,14833.94138786067,11438.681928783812
forecast_5837,2025-09-01 05:00:00,12055.148971712646,14758.223516774866,11501.25923241509
forecast_5838,2025-09-01 06:00:00,12010.57411123842,14733.647009697535,11228.13640703211
forecast_5839,2025-09-01 07:00:00,10445.728339752914,12993.300066711714,10106.83319504283
forecast_5840,2025-09-01 08:00:00,9442.325354478533,11917.231860024942,9466.672317389664
forecast_5841,2025-09-01 09:00:00,8217.390873444081,10290.073606158869,8648.619620528088
forecast_5842,2025-09-01 10:00:00,7017.8623866254475,9925.657019402635,8223.262468733077
forecast_5843,2025-09-01 11:00:00,6341.314954738621,8665.080530845153,7683.3341462626495
forecast_5844,2025-09-01 12:00:00,5783.062376303647,7631.273855244525,7476.780175103236
forecast_5845,2025-09-01 13:00:00,5865.017276505823,7510.7126849897695,7703.87517505823
forecast_5846,2025-09-01 14:00:00,6065.02711362038,7885.860468829636,7128.08608451553
forecast_5847,2025-09-01 15:00:00,6148.34222117822,7791.744381342797,7148.45030779728
forecast_5848,2025-09-01 16:00:00,7099.0718205923,7883.916541152606,7717.394850819115
forecast_5849,2025-09-01 17:00:00,7264.71035570877,7181.944654058986,7517.375993699761
forecast_5850,2025-09-01 18:00:00,6916.892254533634,6457.354118273666,7165.126527732971
forecast_5851,2025-09-01 19:00:00,6721.587756669979,6672.24641846977,6955.2857764965665
forecast_5852,2025-09-01 20:00:00,6845.548549714307,7512.579076207848,7145.196455612836
forecast_5853,2025-09-01 21:00:00,7380.278926600888,8501.610952732786,7273.105424395288
forecast_5854,2025-09-01 22:00:00,8394.807749410404,9483.8102698929,7328.384235104075
forecast_5855,2025-09-01 23:00:00,9572.586778209883,11481.891316483297,7908.82323622988
forecast_5856,2025-09-02 00:00:00,9711.72983210353,10686.765780124433,8341.139447456975
forecast_5857,2025-09-02 01:00:00,9100.046206380199,10559.834707103568,9060.697992099733
forecast_5858,2025-09-02 02:00:00,9384.958588048,11172.36233696696,9138.327046145998
forecast_5859,2025-09-02 03:00:00,8883.737589146744,9972.437868634242,8650.18015636351
forecast_5860,2025-09-02 04:00:00,8840.109585424027,10169.74547197848,8556.55105621682
forecast_5861,2025-09-02 05:00:00,8828.64304316238,10193.456201537381,8126.488974174605
forecast_5862,2025-09-02 06:00:00,8080.633743922049,9726.002606204185,7564.991674637901
forecast_5863,2025-09-02 07:00:00,6752.781550364939,8543.589827532132,6980.822486733304
forecast_5864,2025-09-02 08:00:00,5222.263504914354,7450.565548988977,5353.092524772993
forecast_5865,2025-09-02 09:00:00,4446.82267006173,4446.819878184264,4216.716060675031
forecast_5866,2025-09-02 10:00:00,3640.223345427498,2880.627271820549,3625.084478870787
forecast_5867,2025-09-02 11:00:00,2901.5496884591535,2454.9147870965526,3712.2286590038784
forecast_5868,2025-09-02 12:00:00,2401.153143314733,2103.6689263748776,3238.2853156015626
forecast_5869,2025-09-02 13:00:00,2064.424387272118,1805.6312337255831,2945.4515986724778
forecast_5870,2025-09-02 14:00:00,1772.0950729838341,1462.1388846344134,2739.7661208028712
forecast_5871,2025-09-02 15:00:00,1628.6008453367367,1405.0852131548363,2701.6165612319787
forecast_5872,2025-09-02 16:00:00,1646.1966908237337,1403.2847281708464,2751.9860924819786
forecast_5873,2025-09-02 17:00:00,1654.8628423757018,1403.4912522783843,2659.1674987319784
forecast_5874,2025-09-02 18:00:00,1624.403546255562,1368.6563998735337,2642.023904981979
forecast_5875,2025-09-02 19:00:00,1701.3779965544572,1312.5491822425383,2648.258279981979
forecast_5876,2025-09-02 20:00:00,1728.6337563975485,1491.403457878706,2698.8148424819788
forecast_5877,2025-09-02 21:00:00,1763.898283841154,1557.0522116619195,2827.1984362319786
forecast_5878,2025-09-02 22:00:00,1889.7407006138428,1646.5776545874933,2874.2705456069784
forecast_5879,2025-09-02 23:00:00,1881.4734666427967,1662.1273827032073,2882.8540612319784
forecast_5880,2025-09-03 00:00:00,1801.4654533939756,1666.7256674650307,2887.472654981979
forecast_5881,2025-09-03 01:00:00,1695.9129702519558,1546.294267502195,2900.301266942677
forecast_5882,2025-09-03 02:00:00,1622.5327947497753,1657.405748132839,2901.555240681422
forecast_5883,2025-09-03 03:00:00,1594.936473472948,1622.10404047665,2897.1260101165467
forecast_5884,2025-09-03 04:00:00,1573.4618061487918,1637.5483101331401,2985.6591830882803
forecast_5885,2025-09-03 05:00:00,1720.597030643171,1695.6303365646463,2918.8476341672495
forecast_5886,2025-09-03 06:00:00,1731.9342215988418,1722.6392622592984,2898.0710924819787
forecast_5887,2025-09-03 07:00:00,1729.9563732146535,1576.2957596822753,2811.025389356979
forecast_5888,2025-09-03 08:00:00,1684.5686615132327,1474.161314765478,2708.095623731979
forecast_5889,2025-09-03 09:00:00,1611.4391573232133,1349.7157443233673,2668.6955456069786
forecast_5890,2025-09-03 10:00:00,1469.2573086041511,1352.1679702700894,2657.5154998997677
forecast_5891,2025-09-03 11:00:00,1525.1413510251587,1432.153369612266,2668.2569051437945
forecast_5892,2025-09-03 12:00:00,1521.546833906993,1421.2727853255155,2715.5986655616875
forecast_5893,2025-09-03 13:00:00,1578.7650415984363,1494.3274637599488,2700.882239582302
forecast_5894,2025-09-03 14:00:00,1584.0261654495916,1605.480318809372,2670.6022540167987
forecast_5895,2025-09-03 15:00:00,1599.162946812664,1591.2443880653245,2686.7961072985
forecast_5896,2025-09-03 16:00:00,1675.0099894529667,1436.1434711925003,2692.624945164328
forecast_5897,2025-09-03 17:00:00,1664.5446775423425,1378.8339371880656,2728.170377296384
forecast_5898,2025-09-03 18:00:00,1674.7766357468781,1356.9795119991404,2729.1081998147433
forecast_5899,2025-09-03 19:00:00,1768.5955973383107,1349.4354982666928,2720.2547643569787
forecast_5900,2025-09-03 20:00:00,1804.090872288034,1489.3149057227465,2741.6827331069785
forecast_5901,2025-09-03 21:00:00,1834.8486139761208,1572.2268961402888,2693.8374206069784
forecast_5902,2025-09-03 22:00:00,1897.4144778569926,1427.582299686659,2700.612962693063
forecast_5903,2025-09-03 23:00:00,1959.6744889705014,1466.1221165162742,2710.786349856593
forecast_5904,2025-09-04 00:00:00,1974.941212570383,1478.5474971327321,2746.593628532743
forecast_5905,2025-09-04 01:00:00,2139.636566644859,1616.7615544969785,2746.6231944889164
forecast_5906,2025-09-04 02:00:00,2210.253603530012,1798.6369766357975,2739.5530517232264
forecast_5907,2025-09-04 03:00:00,2208.61851942295,1660.625789171243,2749.3839808550383
forecast_5908,2025-09-04 04:00:00,2154.697934513443,1700.750291705529,2755.110933980038
forecast_5909,2025-09-04 05:00:00,2294.2886397518578,1760.6283471525976,2820.1460626733838
forecast_5910,2025-09-04 06:00:00,2568.4208195170077,2060.961609119542,2835.6800574107647
forecast_5911,2025-09-04 07:00:00,2658.099966441934,2583.5740561308257,2873.7627787715987
forecast_5912,2025-09-04 08:00:00,2434.8942181317925,2599.0459925235555,2889.5818382861657
forecast_5913,2025-09-04 09:00:00,2208.7267033366106,2590.61010211135,2928.2635648507044
forecast_5914,2025-09-04 10:00:00,1862.8566305976265,2245.615718236545,2977.8374582421657
forecast_5915,2025-09-04 11:00:00,1812.1053544403985,2183.845710957171,3061.1396794982566
forecast_5916,2025-09-04 12:00:00,1838.439376250425,2280.9810722030934,3166.2936018164646
forecast_5917,2025-09-04 13:00:00,1931.4355570617881,2376.4860366441,3243.8962060714393
forecast_5918,2025-09-04 14:00:00,2068.987536075545,2437.1442330052896,3231.6239480796903
forecast_5919,2025-09-04 15:00:00,2232.667668984077,2779.833340874153,3269.8083968129827
forecast_5920,2025-09-04 16:00:00,2394.2488176414863,2783.2339446232936,3407.4060609835146
forecast_5921,2025-09-04 17:00:00,2539.882010365832,2729.3128421267947,3409.7978666836125
forecast_5922,2025-09-04 18:00:00,2654.3316974442782,2767.940125092525,3371.368743267658
forecast_5923,2025-09-04 19:00:00,2643.254194768683,2773.729647900821,3382.5291466490535
forecast_5924,2025-09-04 20:00:00,2700.9872043814858,2982.001220555856,3430.41261590191
forecast_5925,2025-09-04 21:00:00,2790.3601369487956,3108.0974361375056,3439.898314376391
forecast_5926,2025-09-04 22:00:00,2976.597160852484,3363.4472940004616,3423.0223550351106
forecast_5927,2025-09-04 23:00:00,2739.569096109958,3118.2950980587107,3374.530303579514
forecast_5928,2025-09-05 00:00:00,2627.2538354033477,2571.835474845545,3349.085086860941
forecast_5929,2025-09-05 01:00:00,2987.3395409120567,2515.2411550611987,3206.5921558468985
forecast_5930,2025-09-05 02:00:00,2884.1517720582415,2425.3303079850048,3252.299218186604
forecast_5931,2025-09-05 03:00:00,2861.3081561685526,2384.275896217937,3246.69510736894
forecast_5932,2025-09-05 04:00:00,3041.4862571758663,2586.494904902358,3230.189439032727
forecast_5933,2025-09-05 05:00:00,3251.0184536870247,2917.80299265766,3311.6603758078495
forecast_5934,2025-09-05 06:00:00,3274.5212040690917,3142.574680447001,3292.429201965524
forecast_5935,2025-09-05 07:00:00,3090.340067357693,3003.025252967048,3240.732388557423
forecast_5936,2025-09-05 08:00:00,2550.061136607638,2627.3154566643407,3168.3005316003646
forecast_5937,2025-09-05 09:00:00,2037.3924985530557,1904.217852782429,2940.2714612310324
forecast_5938,2025-09-05 10:00:00,1589.4309066952428,1462.5827086110758,2785.4061931531587
forecast_5939,2025-09-05 11:00:00,1557.4004825221118,1495.9954865026084,2678.1480744646788
forecast_5940,2025-09-05 12:00:00,1446.7019677363887,1469.7825799651382,2594.1628217395582
forecast_5941,2025-09-05 13:00:00,1398.6351961958353,1398.4289473288773,2520.427376416569
forecast_5942,2025-09-05 14:00:00,1459.0360946333349,1319.6139801081217,2569.810409990158
forecast_5943,2025-09-05 15:00:00,1487.4707325850395,1345.3247142476848,2625.2239049819786
forecast_5944,2025-09-05 16:00:00,1585.2544989096268,1338.141589832977,2664.722473187074
forecast_5945,2025-09-05 17:00:00,1689.7695241486053,1555.5828781651671,2757.0808480886185
forecast_5946,2025-09-05 18:00:00,1935.5186877577598,1774.2363665656494,2809.193353069033
forecast_5947,2025-09-05 19:00:00,2305.282429404703,1973.0379881578283,2894.5675864760005
forecast_5948,2025-09-05 20:00:00,2601.8600822672242,2398.452204220398,2976.1825420744367
forecast_5949,2025-09-05 21:00:00,3100.3573902308117,3267.4102082773666,3135.1985358889174
forecast_5950,2025-09-05 22:00:00,4650.912133011773,4698.7074674652395,3624.4844662161686
forecast_5951,2025-09-05 23:00:00,5977.789398916575,7321.20039279944,4627.621015389767
forecast_5952,2025-09-06 00:00:00,7371.793936054029,10945.452816304343,6028.8820306755315
forecast_5953,2025-09-06 01:00:00,9490.047585120437,12410.616628759064,7700.209659096812
forecast_5954,2025-09-06 02:00:00,10504.702040744323,13789.218198763478,8655.184408928093
forecast_5955,2025-09-06 03:00:00,11774.178779925624,15490.465747268248,9869.667408725285
forecast_5956,2025-09-06 04:00:00,13559.113816862819,16208.154080695058,11161.665698216719
forecast_5957,2025-09-06 05:00:00,13368.728494490362,16032.650445212996,11330.55060540386
forecast_5958,2025-09-06 06:00:00,13684.880382659556,16856.154944533246,12662.986904593654
forecast_5959,2025-09-06 07:00:00,14134.32546070783,17354.542859742927,13402.205841253544
forecast_5960,2025-09-06 08:00:00,12832.319328572452,17016.274023259175,12840.437006713895
forecast_5961,2025-09-06 09:00:00,11992.890602277646,15932.75727121135,12639.090599173349
forecast_5962,2025-09-06 10:00:00,12113.62104321324,13981.257106689322,12348.81119499697
forecast_5963,2025-09-06 11:00:00,12621.457721895938,13308.028716923098,12100.843262983071
forecast_5964,2025-09-06 12:00:00,12361.651740706482,14478.145025988866,12399.663880565178
forecast_5965,2025-09-06 13:00:00,11518.282713282777,15133.128722385387,12546.323529753628
forecast_5966,2025-09-06 14:00:00,11000.062485886367,14998.589558623022,12876.383542188376
forecast_5967,2025-09-06 15:00:00,11722.234711769104,14848.21582089774,12892.21072248652
forecast_5968,2025-09-06 16:00:00,11484.431879770455,14461.393449667203,12833.052277119961
forecast_5969,2025-09-06 17:00:00,11905.936028044818,14553.367416015975,12700.700804575405
forecast_5970,2025-09-06 18:00:00,12572.899412332728,14426.045274716971,13416.340780345516
forecast_5971,2025-09-06 19:00:00,12737.295191517993,15122.317941043244,13652.727615301472
forecast_5972,2025-09-06 20:00:00,13346.702769901778,15535.061582849845,13541.476145146862
forecast_5973,2025-09-06 21:00:00,13635.463051733204,15510.775552473024,13677.497266305216
forecast_5974,2025-09-06 22:00:00,14560.584579466195,16534.91902224077,15079.178914022428
forecast_5975,2025-09-06 23:00:00,15554.796641031182,17104.413382212784,15124.99778103939
forecast_5976,2025-09-07 00:00:00,14544.00425207035,16674.53411132902,15286.373035552417
forecast_5977,2025-09-07 01:00:00,14384.802234857587,16679.646401356324,15718.215169275121
forecast_5978,2025-09-07 02:00:00,14679.105772201678,16613.662262329723,15633.203627727657
forecast_5979,2025-09-07 03:00:00,14481.992054857154,16385.255040164695,14984.33016452114
forecast_5980,2025-09-07 04:00:00,14132.482233035444,16121.633970356186,13946.453906014893
forecast_5981,2025-09-07 05:00:00,14164.580214514803,15502.575174786845,13223.673275005447
forecast_5982,2025-09-07 06:00:00,13485.386078546697,14288.990348848756,11739.207473816148
forecast_5983,2025-09-07 07:00:00,12266.107666847794,12240.40037338884,10217.05983729949
forecast_5984,2025-09-07 08:00:00,11335.638090740453,10704.195351901613,9419.063809808313
forecast_5985,2025-09-07 09:00:00,9658.459449786946,9238.268510543405,8517.053836643732
forecast_5986,2025-09-07 10:00:00,8721.388232960817,7499.5875604885,7481.81432188809
forecast_5987,2025-09-07 11:00:00,7323.957959301959,6372.378048378867,6630.90073602143
forecast_5988,2025-09-07 12:00:00,6058.548192031703,5708.775699264913,5785.6796391417365
forecast_5989,2025-09-07 13:00:00,4401.117420704515,4804.429234997552,5135.639069591211
forecast_5990,2025-09-07 14:00:00,4176.561616160578,4488.626076215331,4905.559961277709
forecast_5991,2025-09-07 15:00:00,5006.803040232929,5679.948059252541,5094.170544352539
forecast_5992,2025-09-07 16:00:00,5900.262793128602,6419.637394245848,5617.859321096073
forecast_5993,2025-09-07 17:00:00,6651.698956437889,6536.339264670845,6320.425256285355
forecast_5994,2025-09-07 18:00:00,7501.492895731313,7867.206913396089,6894.324109310819
forecast_5995,2025-09-07 19:00:00,9006.19433597697,9309.373558913052,7466.088859541404
forecast_5996,2025-09-07 20:00:00,9832.131827321282,11059.704142349223,8300.469158307928
forecast_5997,2025-09-07 21:00:00,10649.272747954512,12415.349330953648,8512.204435205254
forecast_5998,2025-09-07 22:00:00,11581.7257305512,12640.191051644662,8802.097498172898
forecast_5999,2025-09-07 23:00:00,11681.427601514086,11869.280670001539,8786.17880509777
forecast_6000,2025-09-08 00:00:00,11487.205085780619,11843.371292815216,8564.95097487851
forecast_6001,2025-09-08 01:00:00,11242.549563442984,11451.192307730722,7968.652379820833
forecast_6002,2025-09-08 02:00:00,9677.554259546765,9545.787649871341,7738.38157567296
forecast_6003,2025-09-08 03:00:00,8328.973986259387,7148.734883855518,6979.643329887492
forecast_6004,2025-09-08 04:00:00,5995.031982674303,5189.684374425962,5743.099484085992
forecast_6005,2025-09-08 05:00:00,4520.769356228326,3249.0713534043352,4795.690280742837
forecast_6006,2025-09-08 06:00:00,3148.7785161331253,2022.1168654155072,3716.320304456174
forecast_6007,2025-09-08 07:00:00,2124.117638935969,1710.3560510969319,3086.9502517673204
forecast_6008,2025-09-08 08:00:00,1719.507320136252,1468.3324166336452,2786.1288166016866
forecast_6009,2025-09-08 09:00:00,1537.488154988947,1349.329121127851,2450.9493716897437
forecast_6010,2025-09-08 10:00:00,1367.4255774763442,1317.39762068055,2332.8507018569785
forecast_6011,2025-09-08 11:00:00,1323.3480774763448,1265.125573622684,2297.8377721694787
forecast_6012,2025-09-08 12:00:00,1327.6013349683199,1313.7293236226842,2284.2618346694785
forecast_6013,2025-09-08 13:00:00,1304.1154633741198,1228.9254759664345,2369.869631106593
forecast_6014,2025-09-08 14:00:00,1364.5200607942743,1154.8715207359046,2423.83043308828
forecast_6015,2025-09-08 15:00:00,1524.4406514121865,1279.0267245213272,2499.055498563926
forecast_6016,2025-09-08 16:00:00,1958.7393989492966,1460.396303917295,2767.0843944581134
forecast_6017,2025-09-08 17:00:00,2440.5577024240793,2058.1707137263365,3078.9426632589634
forecast_6018,2025-09-08 18:00:00,2814.4879087182762,2430.620920484038,3145.6250825811453
forecast_6019,2025-09-08 19:00:00,2962.288984755599,2479.602526588913,3124.860499115377
forecast_6020,2025-09-08 20:00:00,2750.8299751897493,2756.4479569056466,3263.197784957897
forecast_6021,2025-09-08 21:00:00,2733.8628460775144,3148.3686688681323,3259.9775248434803
forecast_6022,2025-09-08 22:00:00,2672.3678086142277,3562.0076514414422,3231.9555416229337
forecast_6023,2025-09-08 23:00:00,2458.6001778479185,3465.3834856043973,3188.776238285565
forecast_6024,2025-09-09 00:00:00,2268.659633431501,2970.390770342974,3236.614888041632
forecast_6025,2025-09-09 01:00:00,2302.2786247410413,3151.4027827911546,3370.740988861561
forecast_6026,2025-09-09 02:00:00,2522.717594069135,3290.203384787964,3519.4073693450055
forecast_6027,2025-09-09 03:00:00,2520.76160089958,2874.2803522892345,3220.2631637229742
forecast_6028,2025-09-09 04:00:00,2451.4851801038876,2512.994836981783,3114.1161500117123
forecast_6029,2025-09-09 05:00:00,2526.2677211508626,2579.638750220588,3046.6069461500583
forecast_6030,2025-09-09 06:00:00,2608.6117154646936,2760.650236424618,3092.8475877238834
forecast_6031,2025-09-09 07:00:00,2375.474478162707,2168.801620028704,3059.1206528797543
forecast_6032,2025-09-09 08:00:00,2215.9968150835157,1935.9767689125765,2914.6665121728856
forecast_6033,2025-09-09 09:00:00,2007.481932721892,1879.0611261865515,2936.71641018017
forecast_6034,2025-09-09 10:00:00,1879.0262231366023,1792.2562054907266,2874.0802310404597
forecast_6035,2025-09-09 11:00:00,1856.6868549556384,1981.2527081282124,2789.8788581714675
forecast_6036,2025-09-09 12:00:00,1910.0004750653761,2128.812143941822,2784.3366438189096
forecast_6037,2025-09-09 13:00:00,2038.928052697528,2183.330773081113,2739.839196307004
forecast_6038,2025-09-09 14:00:00,2034.2882861982225,2105.689759724037,2750.6249169809416
forecast_6039,2025-09-09 15:00:00,2013.4500871903801,1989.277461871654,2765.531524752951
forecast_6040,2025-09-09 16:00:00,2056.2229035903783,2054.2900561408596,2709.1553708766146
forecast_6041,2025-09-09 17:00:00,2073.6809096567413,1927.260827116408,2719.3495396010003
forecast_6042,2025-09-09 18:00:00,2053.4100979558107,1978.1849049587345,2764.43938257577
forecast_6043,2025-09-09 19:00:00,2075.2431997018884,2048.6814104669647,2831.113073417322
forecast_6044,2025-09-09 20:00:00,2093.818986307784,2053.8258474067043,2814.1405869706214
forecast_6045,2025-09-09 21:00:00,2358.0634454375286,2434.9299182435216,2946.9794733487543
forecast_6046,2025-09-09 22:00:00,2646.387468915824,2519.622751682664,2998.7068350900727
forecast_6047,2025-09-09 23:00:00,2513.894633063829,2459.6248791717926,2969.4945864511233
forecast_6048,2025-09-10 00:00:00,2556.701401251633,2389.3641577649496,3011.807408229332
forecast_6049,2025-09-10 01:00:00,2700.3895622132122,2451.5207325370484,2917.5971404662637
forecast_6050,2025-09-10 02:00:00,2894.4025165904322,2510.1957512632416,2930.94642025399
forecast_6051,2025-09-10 03:00:00,3010.4763026892824,2654.8922443132096,3022.965403902164
forecast_6052,2025-09-10 04:00:00,3292.4857760141535,2769.610434922498,3102.548372652164
forecast_6053,2025-09-10 05:00:00,3199.918924144353,3131.6122496953917,3055.996332305634
forecast_6054,2025-09-10 06:00:00,3227.0963086705597,3266.434797814315,3078.482871538605
forecast_6055,2025-09-10 07:00:00,3384.5780152219113,3563.8398512817294,3063.812371835834
forecast_6056,2025-09-10 08:00:00,2982.40109548637,3153.0289039830122,3102.3091077019935
forecast_6057,2025-09-10 09:00:00,2611.2273820832706,2825.8418147561288,3071.7291061622436
forecast_6058,2025-09-10 10:00:00,2151.3738672010795,2664.6582432485156,3011.162860998027
forecast_6059,2025-09-10 11:00:00,2098.131969594847,2584.3929237940347,3028.3912161654403
forecast_6060,2025-09-10 12:00:00,2031.0843910556978,2608.9859463031007,3061.2543223833786
forecast_6061,2025-09-10 13:00:00,1905.439850448558,2449.7582195503783,3137.0212675235944
forecast_6062,2025-09-10 14:00:00,1859.0578831937792,2168.1045694916047,3074.5388050938745
forecast_6063,2025-09-10 15:00:00,1845.250176957612,2024.8544325792718,3000.072407639126
forecast_6064,2025-09-10 16:00:00,1935.4147697684884,2001.2330581274027,3001.042103924341
forecast_6065,2025-09-10 17:00:00,2027.243883418365,2075.427973623853,3010.1401208996854
forecast_6066,2025-09-10 18:00:00,2307.896845927171,2279.2959013632108,3169.5160035265335
forecast_6067,2025-09-10 19:00:00,2303.070591042713,2696.9855759497386,3285.3165369042754
forecast_6068,2025-09-10 20:00:00,2434.6750452598853,2975.5476317177026,3325.5556893152307
forecast_6069,2025-09-10 21:00:00,2652.493479884254,3107.190544504376,3378.696842551556
forecast_6070,2025-09-10 22:00:00,2993.8974721969184,3288.717190849586,3429.793769701331
forecast_6071,2025-09-10 23:00:00,3090.7714132033043,3719.296208285797,3413.047976691534
forecast_6072,2025-09-11 00:00:00,2959.083729951244,3556.58634305877,3497.7756702654747
forecast_6073,2025-09-11 01:00:00,3138.035184310737,3030.674340044954,3294.9308151261353
forecast_6074,2025-09-11 02:00:00,3390.294180389925,2956.233868875749,3291.620770119448
forecast_6075,2025-09-11 03:00:00,3835.243201089135,3292.5667340823506,3313.479782275238
forecast_6076,2025-09-11 04:00:00,4245.251500284609,3653.689585284934,3372.079714333231
forecast_6077,2025-09-11 05:00:00,4565.622187559282,4263.669094931738,3711.414634795694
forecast_6078,2025-09-11 06:00:00,4757.6821959425915,4661.311495140164,3884.0868535266754
forecast_6079,2025-09-11 07:00:00,5008.852121008514,5140.526382248757,4244.592276857508
forecast_6080,2025-09-11 08:00:00,4530.517947622808,5070.052423472047,4319.243480846417
forecast_6081,2025-09-11 09:00:00,4161.81094089123,4921.585614412504,4089.596572951673
forecast_6082,2025-09-11 10:00:00,3497.0050878607162,4344.095515377832,3897.377937207897
forecast_6083,2025-09-11 11:00:00,3214.089737292255,3902.347890600135,3919.02313158394
forecast_6084,2025-09-11 12:00:00,2958.468927742495,3806.7376306319625,4033.2625493266687
forecast_6085,2025-09-11 13:00:00,2801.620729294819,3723.1749134108168,4182.552427309088
forecast_6086,2025-09-11 14:00:00,2936.71856624088,3737.7724590863772,4117.773491491046
forecast_6087,2025-09-11 15:00:00,3027.036427450678,3626.0194167282557,3852.5316916393786
forecast_6088,2025-09-11 16:00:00,3238.1327266863664,3498.353561439799,3678.170915204343
forecast_6089,2025-09-11 17:00:00,3602.9706802166634,3353.7011570249565,3725.962108942619
forecast_6090,2025-09-11 18:00:00,3883.3513384058256,3915.4860683618294,3798.3321532887176
forecast_6091,2025-09-11 19:00:00,4499.95901737126,5715.296907386051,3870.0121386084984
forecast_6092,2025-09-11 20:00:00,4836.120126241987,7196.972603021716,4246.83966617302
forecast_6093,2025-09-11 21:00:00,5064.941542407225,6911.127776254188,4282.6573787588395
forecast_6094,2025-09-11 22:00:00,5469.244220635064,7603.492215726271,4470.119447229366
forecast_6095,2025-09-11 23:00:00,5413.059067399144,7790.622640732675,4682.617489534641
forecast_6096,2025-09-12 00:00:00,5238.7427598119775,7545.817971268501,4605.124074313851
forecast_6097,2025-09-12 01:00:00,5154.061585794152,7084.322092655038,4370.221286925636
forecast_6098,2025-09-12 02:00:00,5085.1800290956435,6790.485009682504,4248.313839253282
forecast_6099,2025-09-12 03:00:00,4355.266849404367,5751.073346172814,4165.886014830765
forecast_6100,2025-09-12 04:00:00,4101.1691978125045,5226.973659034269,4167.311780824326
forecast_6101,2025-09-12 05:00:00,4146.532224349019,5344.31079885799,4153.813297640632
forecast_6102,2025-09-12 06:00:00,4347.4299772207905,5319.118486151672,4157.155204340132
forecast_6103,2025-09-12 07:00:00,4321.733393878244,5037.010453694614,4118.068137178774
forecast_6104,2025-09-12 08:00:00,3953.8215001169588,4677.04614611963,4216.870258265073
forecast_6105,2025-09-12 09:00:00,3998.7285935539117,4306.860583966075,4170.060484593092
forecast_6106,2025-09-12 10:00:00,3363.7937421265415,3474.364765319911,3675.999853403445
forecast_6107,2025-09-12 11:00:00,3045.1948863675766,3180.001746749035,3574.604687422167
forecast_6108,2025-09-12 12:00:00,2949.80654928317,3182.7591975453474,3588.7199334280654
forecast_6109,2025-09-12 13:00:00,2872.4673965247043,3136.8662299208563,3549.8153381904217
forecast_6110,2025-09-12 14:00:00,2867.6922882389254,3087.67421930545,3412.707412245977
forecast_6111,2025-09-12 15:00:00,3096.349078561301,3178.243259866435,3615.5407860848604
forecast_6112,2025-09-12 16:00:00,3544.7533460423433,3308.7691743459277,3843.48008132999
forecast_6113,2025-09-12 17:00:00,3772.1760634419775,3746.6428066824956,3750.754991308383
forecast_6114,2025-09-12 18:00:00,3857.6767998526566,3809.1790939069597,3957.334170326656
forecast_6115,2025-09-12 19:00:00,3966.796538029843,3987.844805353088,3823.6630334329966
forecast_6116,2025-09-12 20:00:00,4074.4609313445735,3925.8472266505896,3806.0297997083835
forecast_6117,2025-09-12 21:00:00,3755.5370533815076,3864.0322386657544,4017.60014704953
forecast_6118,2025-09-12 22:00:00,4614.3753523832165,4354.483738562484,4206.873633081616
forecast_6119,2025-09-12 23:00:00,5039.009689372393,4954.838144201112,4542.494951394659
forecast_6120,2025-09-13 00:00:00,5037.809537780431,5137.762870189872,4374.174939229101
forecast_6121,2025-09-13 01:00:00,4993.258976998832,5305.100009584351,4817.327730457677
forecast_6122,2025-09-13 02:00:00,5421.318910945259,7096.903709431524,5489.475930700448
forecast_6123,2025-09-13 03:00:00,6008.074643207272,7453.386026709909,5593.438514392627
forecast_6124,2025-09-13 04:00:00,7389.832151090097,7685.461742403722,6219.945001711381
forecast_6125,2025-09-13 05:00:00,8573.359230286513,7762.941907560131,7768.293760313736
forecast_6126,2025-09-13 06:00:00,11689.77272422552,10952.254661017614,9082.761019095486
forecast_6127,2025-09-13 07:00:00,13309.762880362696,13527.991638087708,11313.717838324257
forecast_6128,2025-09-13 08:00:00,13806.631149616587,13389.6617351188,13837.4323975957
forecast_6129,2025-09-13 09:00:00,12903.702059465097,14317.103346112946,13342.9961923788
forecast_6130,2025-09-13 10:00:00,10372.604404707361,12635.611621682438,10980.17995544183
forecast_6131,2025-09-13 11:00:00,8059.006077326636,10257.163908991308,8845.226690597216
forecast_6132,2025-09-13 12:00:00,7993.796110126552,9230.759188307502,7278.106569804659
forecast_6133,2025-09-13 13:00:00,5830.657373022625,6249.342435311107,5332.279290355759
forecast_6134,2025-09-13 14:00:00,3169.959979514566,3289.9621852044625,3914.8539830047184
forecast_6135,2025-09-13 15:00:00,2165.761849061696,1959.2485157958217,3615.5588877505465
forecast_6136,2025-09-13 16:00:00,2044.510950322422,1950.904271118924,3405.6246030916036
forecast_6137,2025-09-13 17:00:00,2213.8564355670896,2059.20054870053,3587.4444289798894
forecast_6138,2025-09-13 18:00:00,2188.928660483404,2717.934569709447,3792.7788600333315
forecast_6139,2025-09-13 19:00:00,2229.278282307544,3012.4698821500588,3556.3494037630435
forecast_6140,2025-09-13 20:00:00,2126.2388767428765,2417.2887847317097,3348.4838339228995
forecast_6141,2025-09-13 21:00:00,1742.6161362084395,1629.1931579978655,3169.917014881179
forecast_6142,2025-09-13 22:00:00,1733.1007283581448,1471.9270154773812,3016.6651574886428
forecast_6143,2025-09-13 23:00:00,1931.7173363002294,1484.7706385432348,3021.122941937074
forecast_6144,2025-09-14 00:00:00,2009.6902803562261,1954.5809628744319,3024.0053793386182
forecast_6145,2025-09-14 01:00:00,2547.7394627149024,2055.572273791421,2862.5345850703698
forecast_6146,2025-09-14 02:00:00,2607.3189519779116,2116.3267155308813,2849.5327370544646
forecast_6147,2025-09-14 03:00:00,2315.801696178377,1999.262073735371,2836.6067861120464
forecast_6148,2025-09-14 04:00:00,2439.821043136046,2206.9690940156142,2859.675694404281
forecast_6149,2025-09-14 05:00:00,2553.9848848264564,2140.258526764027,2915.9332338193844
forecast_6150,2025-09-14 06:00:00,2706.1573068972143,2269.6995970588378,2955.120337534756
forecast_6151,2025-09-14 07:00:00,2653.79859111583,2213.847210650036,2992.572758829778
forecast_6152,2025-09-14 08:00:00,2654.007277211145,2230.8813707474656,2970.2971906532603
forecast_6153,2025-09-14 09:00:00,2635.701194336665,2204.901336122767,3017.4900932696273
forecast_6154,2025-09-14 10:00:00,2243.780789077082,2045.5703508621355,3041.6287943622233
forecast_6155,2025-09-14 11:00:00,2102.8963554099164,1901.695285238011,3164.0441033192133
forecast_6156,2025-09-14 12:00:00,2115.689517046256,1862.0907832358944,3357.9212625876526
forecast_6157,2025-09-14 13:00:00,2282.7591064680437,2013.9979801936352,3367.46332277586
forecast_6158,2025-09-14 14:00:00,2443.087310079899,2599.2349010207363,3808.6159112771647
forecast_6159,2025-09-14 15:00:00,2901.1284569609124,2925.071494234,4323.645109217916
forecast_6160,2025-09-14 16:00:00,3423.091372548468,3246.0767445847237,5047.144362157053
forecast_6161,2025-09-14 17:00:00,4576.3903404316225,4164.928560315522,5745.413897007266
forecast_6162,2025-09-14 18:00:00,6414.313397883573,5972.393715554144,6998.373361789262
forecast_6163,2025-09-14 19:00:00,8642.78521596687,8896.789458098932,8898.016600501483
forecast_6164,2025-09-14 20:00:00,11636.810603780323,12725.925685268387,10712.051250535244
forecast_6165,2025-09-14 21:00:00,14396.319114784186,14881.300257584033,11981.20894163133
forecast_6166,2025-09-14 22:00:00,15507.671694214896,15770.051328142654,12638.416535208444
forecast_6167,2025-09-14 23:00:00,15653.241201896108,15788.753852104423,13791.96766396001
forecast_6168,2025-09-15 00:00:00,15852.623067739947,16124.694624309152,13603.29851228112
forecast_6169,2025-09-15 01:00:00,16292.564462518265,15585.268129340242,12699.837847695573
forecast_6170,2025-09-15 02:00:00,15368.339016281741,14288.881556514063,10811.033741580412
forecast_6171,2025-09-15 03:00:00,14723.147311051107,13418.057668852649,9630.31958742905
forecast_6172,2025-09-15 04:00:00,14049.173879264079,12369.598053384034,9274.36947862996
forecast_6173,2025-09-15 05:00:00,12737.300354224273,10811.334208340502,8631.590525986734
forecast_6174,2025-09-15 06:00:00,10094.913314380108,8333.881582225002,6842.8563083604095
forecast_6175,2025-09-15 07:00:00,7087.395227358771,5124.891041422761,5736.174896290641
forecast_6176,2025-09-15 08:00:00,4623.1882971050545,2869.5864656293516,3943.1304911126363
forecast_6177,2025-09-15 09:00:00,2400.6389797806532,1833.281345273056,3089.9696656505753
forecast_6178,2025-09-15 10:00:00,1682.8730025193036,1359.599380040977,2671.237389575285
forecast_6179,2025-09-15 11:00:00,1367.8325814682203,1210.5882326391556,2517.6040612319784
forecast_6180,2025-09-15 12:00:00,1343.5259307956012,1207.5961656183217,2411.973592481979
forecast_6181,2025-09-15 13:00:00,1369.6697589206005,1233.4218882745718,2433.7697643569786
forecast_6182,2025-09-15 14:00:00,1395.9017056656176,1247.0530378031353,2492.729553746264
forecast_6183,2025-09-15 15:00:00,1635.7458152736745,1354.3034857584653,2641.4888324098756
forecast_6184,2025-09-15 16:00:00,1869.4387349965273,1386.8830893381273,2955.174983912052
forecast_6185,2025-09-15 17:00:00,2315.821263600091,1756.5574706078996,3453.6553040431213
forecast_6186,2025-09-15 18:00:00,3788.6169689446447,3086.459264345115,4454.799065867953
forecast_6187,2025-09-15 19:00:00,4553.2375505984,4115.766669826008,5305.387740232457
forecast_6188,2025-09-15 20:00:00,4993.330356577624,5069.914267288529,5731.637450085359
forecast_6189,2025-09-15 21:00:00,4935.056433399842,5288.225788916629,5838.035540345734
forecast_6190,2025-09-15 22:00:00,5990.920934815872,6206.600020114357,6157.9458850664105
forecast_6191,2025-09-15 23:00:00,6212.287842424568,6426.676287269158,6256.596567710196
forecast_6192,2025-09-16 00:00:00,6385.48350101962,6629.528770419646,6653.721203837846
forecast_6193,2025-09-16 01:00:00,8725.744027797342,7742.184304319673,7226.881487850801
forecast_6194,2025-09-16 02:00:00,10821.911229591595,9778.925676998995,8070.296231572088
forecast_6195,2025-09-16 03:00:00,11762.439269680675,10804.324818574458,8242.632344747606
forecast_6196,2025-09-16 04:00:00,11743.955576620083,12477.311448283235,8528.846222865865
forecast_6197,2025-09-16 05:00:00,12006.988808248321,13317.438760996076,8905.299531191415
forecast_6198,2025-09-16 06:00:00,12157.452393239771,13652.228204044633,8878.812670253223
forecast_6199,2025-09-16 07:00:00,12508.858747557835,13161.981427738212,8666.854203780997
forecast_6200,2025-09-16 08:00:00,11493.54382931794,12168.204168105669,7457.787369497528
forecast_6201,2025-09-16 09:00:00,8981.408131982005,9640.797154846332,6823.523126808459
forecast_6202,2025-09-16 10:00:00,6902.024875145595,7121.375486848309,6714.877465297569
forecast_6203,2025-09-16 11:00:00,6340.857019217641,6241.833792805286,6581.105878100953
forecast_6204,2025-09-16 12:00:00,6300.152615289387,6784.7656651631505,6682.8517713715955
forecast_6205,2025-09-16 13:00:00,6382.19408777948,7493.084680140631,6861.252745054769
forecast_6206,2025-09-16 14:00:00,6433.541728976177,7866.524606597514,6893.913304740816
forecast_6207,2025-09-16 15:00:00,6509.501172453214,8621.071281376928,7335.219113749106
forecast_6208,2025-09-16 16:00:00,6535.8009644320355,7221.531766860992,7353.9926230753845
forecast_6209,2025-09-16 17:00:00,6605.138412737938,7288.520210813105,7606.409600552002
forecast_6210,2025-09-16 18:00:00,6722.835241799043,8047.1676826338635,7378.483785919823
forecast_6211,2025-09-16 19:00:00,6976.023519384201,7689.275242250635,8463.330061553475
forecast_6212,2025-09-16 20:00:00,7679.186547337191,7294.184336920977,8377.495574090211
forecast_6213,2025-09-16 21:00:00,8017.483372186714,7745.969266438762,8836.252050943636
forecast_6214,2025-09-16 22:00:00,10233.344050533291,11255.064399732846,9940.164098270136
forecast_6215,2025-09-16 23:00:00,11669.637132338079,13175.627176457336,11046.792654978068
forecast_6216,2025-09-17 00:00:00,12846.389684720723,15540.053475934543,13037.35105347466
forecast_6217,2025-09-17 01:00:00,13760.425571882457,16537.66443765855,14070.426701037555
forecast_6218,2025-09-17 02:00:00,14614.627523720292,16690.121730685525,14533.293972296575
forecast_6219,2025-09-17 03:00:00,14469.975758170676,16914.381444702434,15638.932721922654
forecast_6220,2025-09-17 04:00:00,15452.19070208709,17312.345176459254,16575.307193819397
forecast_6221,2025-09-17 05:00:00,15068.130713094182,16800.929681564747,16157.613055681548
forecast_6222,2025-09-17 06:00:00,14020.37431639476,15612.25662903468,14926.715316214038
forecast_6223,2025-09-17 07:00:00,13210.386754321284,13361.428649515445,12347.652384110446
forecast_6224,2025-09-17 08:00:00,11278.199104871906,12560.590221230705,10589.637361578709
forecast_6225,2025-09-17 09:00:00,8050.595086699775,10867.85807014351,8406.131028369147
forecast_6226,2025-09-17 10:00:00,5582.524163653841,7331.713101845176,5870.59834338807
forecast_6227,2025-09-17 11:00:00,4939.005921781212,5923.65125654953,4544.498708781093
forecast_6228,2025-09-17 12:00:00,2968.0994332351743,3689.5267010866587,3822.545798690382
forecast_6229,2025-09-17 13:00:00,3047.036538440814,3932.435610687845,3882.4608814311237
forecast_6230,2025-09-17 14:00:00,4324.580739840803,5140.513435147713,4742.603944178731
forecast_6231,2025-09-17 15:00:00,4718.443268913175,4730.703596570037,5041.975223243482
forecast_6232,2025-09-17 16:00:00,4577.723362441224,4488.312544241768,4420.381400342087
forecast_6233,2025-09-17 17:00:00,3934.2427437975566,3576.349405300301,3620.0937360120142
forecast_6234,2025-09-17 18:00:00,3203.855740899382,2563.0314135297476,3442.38329753544
forecast_6235,2025-09-17 19:00:00,2422.6936170911795,2137.832159677073,3264.968194854734
forecast_6236,2025-09-17 20:00:00,2101.490976507408,1835.4089737825934,3279.493113055601
forecast_6237,2025-09-17 21:00:00,1934.1078492552415,1864.954445827735,3323.581520091127
forecast_6238,2025-09-17 22:00:00,1894.9080725081894,1781.9187913596697,3205.500292937671
forecast_6239,2025-09-17 23:00:00,1760.485280049349,1503.8647679822589,3127.661480894674
forecast_6240,2025-09-18 00:00:00,1777.4058256450598,1449.823573220232,3186.2027751616474
forecast_6241,2025-09-18 01:00:00,1958.6248805236346,1572.058645806097,3066.6229076660766
forecast_6242,2025-09-18 02:00:00,1986.1251060850354,1565.6274950938387,3089.2695095783524
forecast_6243,2025-09-18 03:00:00,2366.211117941408,1729.070215946118,3169.762056364435
forecast_6244,2025-09-18 04:00:00,2694.8508417066055,2109.668125431135,3475.1671955136376
forecast_6245,2025-09-18 05:00:00,2992.468627154475,2770.7681903094954,3718.369718271213
forecast_6246,2025-09-18 06:00:00,3268.6692760701276,3475.1249185239835,4272.5237118963805
forecast_6247,2025-09-18 07:00:00,3761.8635166302174,3744.522991757714,4953.581944508434
forecast_6248,2025-09-18 08:00:00,4099.979708329156,4182.893093539449,5225.243204569308
forecast_6249,2025-09-18 09:00:00,4493.938312160519,4501.246680141836,5389.080727677374
forecast_6250,2025-09-18 10:00:00,4059.438641609558,4535.417629886825,5273.073326302026
forecast_6251,2025-09-18 11:00:00,3864.441301701417,4712.141696680967,5188.689895379544
forecast_6252,2025-09-18 12:00:00,3552.808424851502,4663.085107000987,5035.275005299561
forecast_6253,2025-09-18 13:00:00,3340.4543474848347,4542.034974523676,4365.568566111968
forecast_6254,2025-09-18 14:00:00,3092.312406716947,3947.036116135948,4064.1062434098594
forecast_6255,2025-09-18 15:00:00,2629.885846533211,3543.7438064345088,3960.735101230196
forecast_6256,2025-09-18 16:00:00,2167.5320677927284,3043.2650554316106,3842.3976713626503
forecast_6257,2025-09-18 17:00:00,2003.664359593754,2571.454286702481,3871.2699852432697
forecast_6258,2025-09-18 18:00:00,2159.343484834493,3040.1847633120206,3841.571504350314
forecast_6259,2025-09-18 19:00:00,2543.3813126734894,3422.5576993706222,4035.1664377389484
forecast_6260,2025-09-18 20:00:00,3015.444180868839,4064.5201954698614,4067.833920494103
forecast_6261,2025-09-18 21:00:00,3151.090754285517,4391.827690107519,4022.636321518442
forecast_6262,2025-09-18 22:00:00,2832.8563308729576,3230.1814410006814,3560.488931860607
forecast_6263,2025-09-18 23:00:00,2888.9089632291916,2884.283692366459,3755.387742232904
forecast_6264,2025-09-19 00:00:00,3036.380729360202,3494.502183940165,3588.4341415154913
forecast_6265,2025-09-19 01:00:00,3169.4664911305103,3778.8980021232996,3436.923352321376
forecast_6266,2025-09-19 02:00:00,3208.2979584092964,3618.632386006748,3298.82691326566
forecast_6267,2025-09-19 03:00:00,3152.8628393482627,3482.8318266315077,3266.57035226257
forecast_6268,2025-09-19 04:00:00,3188.9392137086606,3504.507308214032,3129.402738653532
forecast_6269,2025-09-19 05:00:00,3075.389072472627,3144.3894885121235,3027.406197620018
forecast_6270,2025-09-19 06:00:00,2955.1159380952035,2796.2912762634905,2918.890491024096
forecast_6271,2025-09-19 07:00:00,2764.4455453777227,2568.144000903725,2825.9839913677815
forecast_6272,2025-09-19 08:00:00,2500.310472748508,2298.1366360010707,2763.0052427053006
forecast_6273,2025-09-19 09:00:00,2081.6797230718184,2096.249582571809,2715.8350223095413
forecast_6274,2025-09-19 10:00:00,1735.9969564522598,1759.5742021292972,2642.664834063851
forecast_6275,2025-09-19 11:00:00,1578.1106549399292,1684.3194768516405,2649.0167056867263
forecast_6276,2025-09-19 12:00:00,1511.0915722616874,1663.8046035112548,2671.3099337099084
forecast_6277,2025-09-19 13:00:00,1547.3281861433534,1620.603341992307,2699.717020085294
forecast_6278,2025-09-19 14:00:00,1551.6901456475525,1540.6133468150265,2662.6413399599082
forecast_6279,2025-09-19 15:00:00,1574.916523393369,1586.4160532297938,2690.520049112643
forecast_6280,2025-09-19 16:00:00,1717.1050270052874,1647.0370866292833,2713.0820638165956
forecast_6281,2025-09-19 17:00:00,1965.2936137502402,1765.2357301929396,2762.8528035289296
forecast_6282,2025-09-19 18:00:00,2444.0949181023743,2044.5396955432934,2828.544118014528
forecast_6283,2025-09-19 19:00:00,2969.1073198923723,2319.7863786273074,2949.351284371094
forecast_6284,2025-09-19 20:00:00,3040.217069743523,2755.9609439128153,3029.8944173590226
forecast_6285,2025-09-19 21:00:00,3539.879335884201,3464.7153579036813,3205.70316678786
forecast_6286,2025-09-19 22:00:00,4259.195344429902,4158.287392227098,3374.598808708048
forecast_6287,2025-09-19 23:00:00,5580.5280777546395,5410.619426550245,3709.96185783914
forecast_6288,2025-09-20 00:00:00,5890.917174668002,6957.244785663802,4014.8942646386213
forecast_6289,2025-09-20 01:00:00,5601.765698111876,6335.952434436679,4064.2803029206516
forecast_6290,2025-09-20 02:00:00,5757.821746047296,6317.103482521213,4138.910187869727
forecast_6291,2025-09-20 03:00:00,6445.460984345749,7700.881492570672,5078.577625979511
forecast_6292,2025-09-20 04:00:00,6125.9166857102055,7450.673899962612,5526.540188319292
forecast_6293,2025-09-20 05:00:00,5821.147085695626,7029.304647589802,5747.8701953738755
forecast_6294,2025-09-20 06:00:00,5440.2000048290765,5396.1637126603455,6521.095479183237
forecast_6295,2025-09-20 07:00:00,4691.6503843628725,4035.2384283316796,5982.735627367986
forecast_6296,2025-09-20 08:00:00,4154.255439820753,3496.1634159580426,4643.666687463149
forecast_6297,2025-09-20 09:00:00,3815.9787418578003,3312.7840818691675,4418.297986958853
forecast_6298,2025-09-20 10:00:00,3010.728222370526,2330.7010793146646,3480.008843140987
forecast_6299,2025-09-20 11:00:00,2725.3915370915383,2271.8882788278615,3574.5244967246517
forecast_6300,2025-09-20 12:00:00,2707.702191037571,2489.1577835976213,3605.4871855249326
forecast_6301,2025-09-20 13:00:00,2722.396749985776,2437.0588725776124,3832.374390150795
forecast_6302,2025-09-20 14:00:00,3289.435222931774,2792.239642913378,3842.9498781461716
forecast_6303,2025-09-20 15:00:00,3126.301717130426,2428.1927156981137,3519.907857621936
forecast_6304,2025-09-20 16:00:00,2785.3925408051473,2307.0502000826855,3429.834413275288
forecast_6305,2025-09-20 17:00:00,2359.9026712420027,2381.4202786915894,3221.208847463941
forecast_6306,2025-09-20 18:00:00,2468.035889123613,2024.1106616281713,3091.0576881262705
forecast_6307,2025-09-20 19:00:00,2364.623421619898,2234.470615803546,3370.5459722288865
forecast_6308,2025-09-20 20:00:00,2365.3698573123484,2600.957276345016,3293.3434250349787
forecast_6309,2025-09-20 21:00:00,2829.8751529756564,3058.368496754779,3673.195258468463
forecast_6310,2025-09-20 22:00:00,3534.1890642423264,3812.3292497406924,4054.2855559932827
forecast_6311,2025-09-20 23:00:00,3572.9650515174458,3675.9601840209884,4156.417295388978
forecast_6312,2025-09-21 00:00:00,3992.6958486122617,4204.703145490788,4436.147894348755
forecast_6313,2025-09-21 01:00:00,4148.010516884393,4433.95554289997,5097.080424538002
forecast_6314,2025-09-21 02:00:00,4347.216776197916,4774.106108254264,5185.551996237318
forecast_6315,2025-09-21 03:00:00,4275.2520450047805,4828.026081766391,5121.698477967537
forecast_6316,2025-09-21 04:00:00,4249.840265653453,4676.418603317767,5061.071359026156
forecast_6317,2025-09-21 05:00:00,4132.763799527245,4953.789499404707,4988.825585655503
forecast_6318,2025-09-21 06:00:00,4173.8290887507665,5476.9512039039255,4975.195824097228
forecast_6319,2025-09-21 07:00:00,4612.7356815486855,5821.94746228154,4807.134627324282
forecast_6320,2025-09-21 08:00:00,4051.1625983736767,4639.213515296946,4799.994394150818
forecast_6321,2025-09-21 09:00:00,3543.06757381705,4034.63024828799,4436.06773926373
forecast_6322,2025-09-21 10:00:00,2722.169323687258,3320.7886021149066,4092.9537282993447
forecast_6323,2025-09-21 11:00:00,2233.0830530452076,2697.0109855835353,3786.5695210929002
forecast_6324,2025-09-21 12:00:00,1975.5181779494678,2464.76001064877,3705.556375298229
forecast_6325,2025-09-21 13:00:00,1903.4159356443251,2369.3972460379664,3709.1851066983127
forecast_6326,2025-09-21 14:00:00,1886.9068968622696,2356.414990758285,3615.5150543234167
forecast_6327,2025-09-21 15:00:00,2057.972999087853,2600.342350050616,3773.5648307164006
forecast_6328,2025-09-21 16:00:00,2176.2008545616536,2746.8499169852857,3818.028113588255
forecast_6329,2025-09-21 17:00:00,2545.8620923015706,2795.1215541118117,3802.053753588002
forecast_6330,2025-09-21 18:00:00,2943.0620395230467,3471.5628670804404,4099.993747487909
forecast_6331,2025-09-21 19:00:00,3388.6380218547492,4314.822034095914,3972.224755353493
forecast_6332,2025-09-21 20:00:00,4219.170883437094,5220.87776080276,3996.2422602103115
forecast_6333,2025-09-21 21:00:00,4513.86836230619,6239.276539701733,4184.723589765847
forecast_6334,2025-09-21 22:00:00,4754.099898056562,6885.036247481328,4142.27588140156
forecast_6335,2025-09-21 23:00:00,4838.421428460966,6947.496956955621,4015.7546025772763
forecast_6336,2025-09-22 00:00:00,5045.888130014908,6947.893838157414,3874.201151437531
forecast_6337,2025-09-22 01:00:00,4948.105506432933,6427.402263258694,3726.7978501572697
forecast_6338,2025-09-22 02:00:00,5114.807331970886,6111.57715660198,3708.9754977304856
forecast_6339,2025-09-22 03:00:00,4905.264837490563,6015.469788806684,3664.5800131324236
forecast_6340,2025-09-22 04:00:00,4781.969510986215,6129.343331619606,3620.088142089714
forecast_6341,2025-09-22 05:00:00,4868.57737014806,6335.031752588283,3987.3432447609566
forecast_6342,2025-09-22 06:00:00,5163.399948023423,6350.101566664748,4064.8399233138425
forecast_6343,2025-09-22 07:00:00,5096.720779811407,6181.6248419960175,4218.774843775043
forecast_6344,2025-09-22 08:00:00,4883.640230699384,6152.8903404656485,4614.6502126337555
forecast_6345,2025-09-22 09:00:00,4737.49060982496,5976.045702575633,4789.929009807106
forecast_6346,2025-09-22 10:00:00,4341.871085367011,5414.72761993814,4537.065387899482
forecast_6347,2025-09-22 11:00:00,3827.8863921787874,4637.620972672223,4185.536553860866
forecast_6348,2025-09-22 12:00:00,3679.2830449327867,4243.299487613429,3918.111231211138
forecast_6349,2025-09-22 13:00:00,3441.9670507663395,4385.876547609529,3928.8490568065267
forecast_6350,2025-09-22 14:00:00,3241.670928382613,4461.34675845172,3782.556626820644
forecast_6351,2025-09-22 15:00:00,3271.7178176203806,3749.441872992078,3605.634631492983
forecast_6352,2025-09-22 16:00:00,3258.9368837556444,3568.342676314041,3633.6842644857115
forecast_6353,2025-09-22 17:00:00,3290.6731614256905,3588.2354575541926,3587.504821049281
forecast_6354,2025-09-22 18:00:00,3569.5210206862143,3746.052820476009,3553.6654737343742
forecast_6355,2025-09-22 19:00:00,3591.1819226380558,4046.8639621258576,3360.275458372917
forecast_6356,2025-09-22 20:00:00,3759.993717504162,4549.919506135655,3355.839385907744
forecast_6357,2025-09-22 21:00:00,3704.656057712451,4721.481779630541,3236.813737988084
forecast_6358,2025-09-22 22:00:00,3718.4060927021465,4242.233058189273,3199.381027316634
forecast_6359,2025-09-22 23:00:00,3600.3470150074663,3837.02193451655,3185.7916682085615
forecast_6360,2025-09-23 00:00:00,3139.641540877327,3285.711473950554,3135.646120073788
forecast_6361,2025-09-23 01:00:00,2812.089412100577,2650.48022489899,2921.8307939549313
forecast_6362,2025-09-23 02:00:00,2597.9468809420378,2511.927041970819,2929.7680493912403
forecast_6363,2025-09-23 03:00:00,2547.8349045490077,2771.1952758528287,2898.659595499009
forecast_6364,2025-09-23 04:00:00,2790.601576253707,3111.112739599078,2947.8493812008487
forecast_6365,2025-09-23 05:00:00,3118.078114454703,3604.2796980526264,3149.937465892718
forecast_6366,2025-09-23 06:00:00,3479.7247679522043,4068.705520968524,3194.2013835770435
forecast_6367,2025-09-23 07:00:00,3636.234344762424,4174.41905644711,3200.571367110232
forecast_6368,2025-09-23 08:00:00,3493.5250212144633,4033.133380215371,3230.0145813662616
forecast_6369,2025-09-23 09:00:00,2996.686402943121,3802.7212646597645,3197.929663486647
forecast_6370,2025-09-23 10:00:00,2441.4946020029374,3218.5882942525973,3023.83416217822
forecast_6371,2025-09-23 11:00:00,2082.2178110888008,2687.6250335137684,3039.0959662202845
forecast_6372,2025-09-23 12:00:00,1990.6372066241402,2447.644417058941,3023.599039265255
forecast_6373,2025-09-23 13:00:00,2040.0634971706495,2395.3637376468823,3051.5703437088864
forecast_6374,2025-09-23 14:00:00,2031.7281119157205,2495.803458155553,3053.748494964851
forecast_6375,2025-09-23 15:00:00,2235.4057097583946,2610.165912339193,3004.6126511968137
forecast_6376,2025-09-23 16:00:00,2346.145846340438,2646.4219111473176,3080.5630384587744
forecast_6377,2025-09-23 17:00:00,2534.217513790323,2868.699207811608,3048.268801071004
forecast_6378,2025-09-23 18:00:00,2912.467396251074,3266.0797077442676,3100.9674098078663
forecast_6379,2025-09-23 19:00:00,3325.22403524504,3539.9105798646915,3022.6030929989747
forecast_6380,2025-09-23 20:00:00,3816.440548610013,3654.502578679186,3012.0971828751312
forecast_6381,2025-09-23 21:00:00,3929.7748795009443,3364.636848276461,3057.0574648322413
forecast_6382,2025-09-23 22:00:00,4068.642528016566,3238.1548434586066,2985.1280802640804
forecast_6383,2025-09-23 23:00:00,3953.6362740386244,3209.1274158985607,2954.863614865022
forecast_6384,2025-09-24 00:00:00,3998.027904324161,3084.3899459709273,3004.90689976129
forecast_6385,2025-09-24 01:00:00,4141.538074627764,3208.688412091232,3161.633155996438
forecast_6386,2025-09-24 02:00:00,4406.231860728318,3812.239178687633,3265.9478119711753
forecast_6387,2025-09-24 03:00:00,4721.568573977181,4152.298641336838,3602.633934053719
forecast_6388,2025-09-24 04:00:00,5136.76469721775,4885.313950995914,3883.740400497575
forecast_6389,2025-09-24 05:00:00,5718.395161624253,5969.823974974921,4412.833779097688
forecast_6390,2025-09-24 06:00:00,5836.578664810143,6650.472357441861,4705.290294352845
forecast_6391,2025-09-24 07:00:00,5473.910011390505,5876.9194758338635,5016.493643010926
forecast_6392,2025-09-24 08:00:00,5702.276033255595,5753.9672520637405,5258.36128966313
forecast_6393,2025-09-24 09:00:00,5869.817116167619,6706.689263793852,5626.280532036968
forecast_6394,2025-09-24 10:00:00,5117.971715289362,6478.955226584047,5660.157175996322
forecast_6395,2025-09-24 11:00:00,5660.137728000748,7093.063078945352,6208.315063148323
forecast_6396,2025-09-24 12:00:00,6746.507840339418,8731.008975237564,7355.112637090827
forecast_6397,2025-09-24 13:00:00,7263.666913745642,10162.630864799672,8639.527270511551
forecast_6398,2025-09-24 14:00:00,8056.176867272581,12037.48735137915,10034.200588028663
forecast_6399,2025-09-24 15:00:00,8457.914509056289,11655.45708590329,9203.026699172478
forecast_6400,2025-09-24 16:00:00,8705.902846108165,10757.903985782925,8630.494061604652
forecast_6401,2025-09-24 17:00:00,9039.172672420187,9987.711818433647,8391.588365414635
forecast_6402,2025-09-24 18:00:00,9364.904909352948,10760.802610444594,7982.428356438713
forecast_6403,2025-09-24 19:00:00,9944.714407803744,10915.002554912793,9602.30763966273
forecast_6404,2025-09-24 20:00:00,10680.27313608857,11623.55543525565,11173.143369306055
forecast_6405,2025-09-24 21:00:00,12811.085629207695,14994.958581843679,12092.75562504636
forecast_6406,2025-09-24 22:00:00,14835.246262678302,16517.324971567232,13309.797397999202
forecast_6407,2025-09-24 23:00:00,15010.644115711551,16644.192727993614,14365.486082962656
forecast_6408,2025-09-25 00:00:00,14390.919668685343,16593.155392317603,14095.56093936343
forecast_6409,2025-09-25 01:00:00,15634.603810382,17035.66221337627,15343.017658443994
forecast_6410,2025-09-25 02:00:00,15710.937125280227,17148.766428427934,15559.139606564942
forecast_6411,2025-09-25 03:00:00,15321.689076526582,17048.253476431604,15430.923261692398
forecast_6412,2025-09-25 04:00:00,14134.18226659278,16602.326230814248,15729.428031550211
forecast_6413,2025-09-25 05:00:00,13485.008310987361,16051.103124327165,14239.108271461675
forecast_6414,2025-09-25 06:00:00,13144.928216909975,16077.97137657684,14639.99909947954
forecast_6415,2025-09-25 07:00:00,13302.810361586939,15863.515457130805,13942.897287617103
forecast_6416,2025-09-25 08:00:00,14315.705121472542,15918.019816603777,13747.482680849676
forecast_6417,2025-09-25 09:00:00,13999.496693080813,15120.254435013685,14012.80700789212
forecast_6418,2025-09-25 10:00:00,11884.137299675975,13679.841848311258,12924.56042652529
forecast_6419,2025-09-25 11:00:00,11708.649989424604,13524.67893532461,12360.085394103993
forecast_6420,2025-09-25 12:00:00,12036.201971059585,14832.22384043337,12665.837001709828
forecast_6421,2025-09-25 13:00:00,12427.580289246056,15580.257668064576,13151.972306970907
forecast_6422,2025-09-25 14:00:00,12918.50444849724,15147.488012970087,13194.762300866623
forecast_6423,2025-09-25 15:00:00,13404.637442295756,15423.319575223828,13346.576547198278
forecast_6424,2025-09-25 16:00:00,13029.958950294735,15170.931355233139,13434.61103021675
forecast_6425,2025-09-25 17:00:00,13915.592094721555,15679.830832988133,13140.411729926363
forecast_6426,2025-09-25 18:00:00,14769.34145096485,16304.429710479937,13699.551506422646
forecast_6427,2025-09-25 19:00:00,15583.305375275319,16322.796351834004,13933.245862019772
forecast_6428,2025-09-25 20:00:00,16467.6731939983,16067.305147725965,13863.983094719242
forecast_6429,2025-09-25 21:00:00,17432.185473773956,16194.729885641907,13407.951230878829
forecast_6430,2025-09-25 22:00:00,18174.74912092643,16999.1977741598,13060.319672416594
forecast_6431,2025-09-25 23:00:00,18300.347039983757,17012.028704813983,12587.58818477347
forecast_6432,2025-09-26 00:00:00,17483.639225934854,16387.5507186211,11840.419133096453
forecast_6433,2025-09-26 01:00:00,15446.578404540833,14690.148730198254,9894.4330678701
forecast_6434,2025-09-26 02:00:00,13103.865648621257,11907.376113855173,8809.923493211221
forecast_6435,2025-09-26 03:00:00,10267.9001778338,8943.400357883134,8185.571533591124
forecast_6436,2025-09-26 04:00:00,8268.659451041369,7313.02364142691,6598.009890430003
forecast_6437,2025-09-26 05:00:00,5928.796587998018,5502.585553198415,5025.588651500517
forecast_6438,2025-09-26 06:00:00,3525.9135188377236,3243.9994732016503,3857.7795903019796
forecast_6439,2025-09-26 07:00:00,2512.7003806851926,2281.9181677823026,3219.3357041199993
forecast_6440,2025-09-26 08:00:00,1920.5621481136095,2001.3892015017918,2849.642793676492
forecast_6441,2025-09-26 09:00:00,1687.3966137265306,1678.6803043588789,2560.7922623147433
forecast_6442,2025-09-26 10:00:00,1447.2456939714266,1388.0384482496484,2408.9583581069787
forecast_6443,2025-09-26 11:00:00,1441.404483588277,1334.825523464323,2344.0119909194786
forecast_6444,2025-09-26 12:00:00,1401.1578031066365,1279.8026634664348,2292.0245690444785
forecast_6445,2025-09-26 13:00:00,1408.5756673985798,1237.5829369039348,2326.2120299819785
forecast_6446,2025-09-26 14:00:00,1480.9143392735805,1309.6122923726844,2330.8585143569785
forecast_6447,2025-09-26 15:00:00,1528.2583236485798,1300.1993236226845,2379.196248731979
forecast_6448,2025-09-26 16:00:00,1639.9786481700303,1267.8120539270922,2488.4895299819786
forecast_6449,2025-09-26 17:00:00,1744.6051343482186,1302.1884727475363,2580.3746081069785
forecast_6450,2025-09-26 18:00:00,1750.5834563797007,1341.8051003707042,2629.2542174819787
forecast_6451,2025-09-26 19:00:00,1763.1577227131502,1364.5776843492258,2700.5457018569787
forecast_6452,2025-09-26 20:00:00,1732.216287424645,1440.4102547537068,2704.6721081069786
forecast_6453,2025-09-26 21:00:00,1706.904997846047,1428.3300002884125,2692.2485924819784
forecast_6454,2025-09-26 22:00:00,1777.04037861114,1481.800226759845,2679.436014356979
forecast_6455,2025-09-26 23:00:00,1794.4995058777704,1516.166342723991,2684.4954674819787
forecast_6456,2025-09-27 00:00:00,1750.6210143805865,1483.3035909735463,2735.4856237319786
forecast_6457,2025-09-27 01:00:00,1930.342175256632,1558.603145876099,2745.571382096859
forecast_6458,2025-09-27 02:00:00,2027.9617244135898,1659.4405441765784,2750.027553971859
forecast_6459,2025-09-27 03:00:00,2068.4885278071115,1827.335357158665,2756.0470560061945
forecast_6460,2025-09-27 04:00:00,2242.464244512975,2013.7803023968436,2745.4354835392455
forecast_6461,2025-09-27 05:00:00,2516.1326116502432,2148.785228152863,2781.2915789578747
forecast_6462,2025-09-27 06:00:00,2588.939036829608,2301.4604681525325,2814.9781370838928
forecast_6463,2025-09-27 07:00:00,2553.37958055736,2264.069808184988,2846.921306907998
forecast_6464,2025-09-27 08:00:00,2440.160446853258,2058.026908524571,2761.7087038613827
forecast_6465,2025-09-27 09:00:00,1972.534632199041,1805.667077694019,2683.1002991713835
forecast_6466,2025-09-27 10:00:00,1688.9668625774111,1610.9096049975733,2570.223755202239
forecast_6467,2025-09-27 11:00:00,1569.8303848698952,1538.8443843004234,2529.487572068063
forecast_6468,2025-09-27 12:00:00,1466.0585181899114,1521.9912234453868,2519.8476400674626
forecast_6469,2025-09-27 13:00:00,1504.3595015381816,1377.3962885788342,2513.046121339679
forecast_6470,2025-09-27 14:00:00,1539.8131307052909,1415.9883046780524,2514.801367652464
forecast_6471,2025-09-27 15:00:00,1551.3614787120587,1420.7686928339463,2601.234251416569
forecast_6472,2025-09-27 16:00:00,1592.0028108567458,1396.673501367929,2702.002982855369
forecast_6473,2025-09-27 17:00:00,1720.4450222601172,1436.261186642516,2770.765773327534
forecast_6474,2025-09-27 18:00:00,1968.0330331041723,1658.2081654727344,2862.493000890971
forecast_6475,2025-09-27 19:00:00,2267.9321010969434,1984.6107648881407,3017.2887434800095
forecast_6476,2025-09-27 20:00:00,2415.6831704444467,2054.41056363816,3116.859464728421
forecast_6477,2025-09-27 21:00:00,2627.2938487862707,2530.337311219484,3362.003533615951
forecast_6478,2025-09-27 22:00:00,3596.446105601013,3419.445815899732,3976.268192894654
forecast_6479,2025-09-27 23:00:00,4326.165368234406,4132.1573904380875,4460.411780010578
forecast_6480,2025-09-28 00:00:00,4802.545898967675,4998.820356974365,4837.763763289444
forecast_6481,2025-09-28 01:00:00,5490.085114761434,6243.350474960564,5336.85228866959
forecast_6482,2025-09-28 02:00:00,6641.802835935793,8023.134831839695,6012.76676046944
forecast_6483,2025-09-28 03:00:00,7554.6784766334695,8135.4619102916495,6235.67803209416
forecast_6484,2025-09-28 04:00:00,7484.35877965136,8069.52816587408,6231.410055799181
forecast_6485,2025-09-28 05:00:00,7172.67877902646,7606.092589104009,6076.1637595239345
forecast_6486,2025-09-28 06:00:00,5958.57738778636,6345.373928431497,5316.609047642833
forecast_6487,2025-09-28 07:00:00,4814.60434417734,4886.727338503546,4913.907432104426
forecast_6488,2025-09-28 08:00:00,4255.769825962783,4533.3409593286915,4684.1608254771545
forecast_6489,2025-09-28 09:00:00,3591.5110215900504,4110.385546645916,4009.031741023671
forecast_6490,2025-09-28 10:00:00,3558.5984453180417,3920.138590427856,4704.7398462118235
forecast_6491,2025-09-28 11:00:00,4314.452068940091,5343.878656570499,4908.598513488135
forecast_6492,2025-09-28 12:00:00,3915.8147732341686,4929.323475999215,4607.370756590903
forecast_6493,2025-09-28 13:00:00,3449.1012900475807,3709.2043542433908,3686.50554199857
forecast_6494,2025-09-28 14:00:00,3624.729498300483,3976.495632619975,3481.8416490032623
forecast_6495,2025-09-28 15:00:00,4856.979567933354,5353.419302776245,3618.601001282654
forecast_6496,2025-09-28 16:00:00,5109.1111362325755,6648.302275610237,3790.4041312755453
forecast_6497,2025-09-28 17:00:00,5016.078376162047,5221.378767753062,4190.06624437303
forecast_6498,2025-09-28 18:00:00,4920.058184750633,5152.998153085912,4184.0500791179475
forecast_6499,2025-09-28 19:00:00,5365.427101063138,5558.257034631656,4609.491533332625
forecast_6500,2025-09-28 20:00:00,5646.141442380995,6142.328353337519,5183.929065445976
forecast_6501,2025-09-28 21:00:00,4987.9627788927755,5737.325073122231,4921.272474155331
forecast_6502,2025-09-28 22:00:00,4290.387820971606,4493.050037458727,4446.4970610293185
forecast_6503,2025-09-28 23:00:00,4085.9756898895625,3492.308102268149,4116.956316844216
forecast_6504,2025-09-29 00:00:00,3510.2028068436507,3453.8322338242724,4018.1895050435814
forecast_6505,2025-09-29 01:00:00,3490.238703904984,3698.951144966936,3998.895803891244
forecast_6506,2025-09-29 02:00:00,3302.0620987674106,3357.910809906609,3740.605003449656
forecast_6507,2025-09-29 03:00:00,3007.590987572294,2631.856961436325,3394.0280998838653
forecast_6508,2025-09-29 04:00:00,2684.75759456419,2279.7131273910227,3447.322281428568
forecast_6509,2025-09-29 05:00:00,2344.737877634868,2096.521663630846,3193.340560553509
forecast_6510,2025-09-29 06:00:00,2028.4457879230877,1822.0963390671377,2994.90973223154
forecast_6511,2025-09-29 07:00:00,1900.8088354398114,1769.0819602651763,2995.4209272603757
forecast_6512,2025-09-29 08:00:00,1707.6120803298882,1633.05956407756,2849.3899987319787
forecast_6513,2025-09-29 09:00:00,1703.89608357431,1637.7201197425384,2725.889139356979
forecast_6514,2025-09-29 10:00:00,1607.6480577633001,1610.2670686695,2658.5016393569786
forecast_6515,2025-09-29 11:00:00,1698.2207965455218,1650.9541815086714,2751.6167174819784
forecast_6516,2025-09-29 12:00:00,1532.5423981080212,1419.139376821172,2775.1978893569785
forecast_6517,2025-09-29 13:00:00,1514.5479935281737,1507.6283470601848,2800.3606237319786
forecast_6518,2025-09-29 14:00:00,1575.4244930708355,1418.9550267476843,2852.969336402464
forecast_6519,2025-09-29 15:00:00,1594.8581683647835,1483.8107769831213,2850.894883277464
forecast_6520,2025-09-29 16:00:00,1629.9361524954938,1538.6213662240962,2833.3482272790734
forecast_6521,2025-09-29 17:00:00,1687.8161234620038,1531.0601524373487,2815.584451856979
forecast_6522,2025-09-29 18:00:00,1781.8327186311371,1602.9481447729495,2854.573670606979
forecast_6523,2025-09-29 19:00:00,1836.3642741457797,1641.7007365050413,2901.4624987319785
forecast_6524,2025-09-29 20:00:00,1882.5798294068527,1707.2276064398948,2924.1860924819784
forecast_6525,2025-09-29 21:00:00,1958.3606724346982,1835.182022947557,2922.5943280247675
forecast_6526,2025-09-29 22:00:00,2275.489339415627,2269.0890487338884,3020.009703531885
forecast_6527,2025-09-29 23:00:00,2529.086276945138,2404.3402281427807,3098.0846692959553
forecast_6528,2025-09-30 00:00:00,2547.609131134258,2425.868817268428,3127.68084955877
forecast_6529,2025-09-30 01:00:00,2812.1469327393256,2588.2486407337865,3420.595132691964
forecast_6530,2025-09-30 02:00:00,2926.448534432007,2565.5061286471946,3565.685936731344
forecast_6531,2025-09-30 03:00:00,3016.8095830855264,2701.8715402533944,3444.2330410615587
forecast_6532,2025-09-30 04:00:00,3102.3310542835807,2611.837012800146,3770.2274807366907
forecast_6533,2025-09-30 05:00:00,3035.4576056247683,2525.6553283122585,3422.462413453244
forecast_6534,2025-09-30 06:00:00,2682.1083154695666,2262.235208847879,3273.0776251617017
forecast_6535,2025-09-30 07:00:00,2339.9700012701887,2134.9039865408868,3130.351937827566
forecast_6536,2025-09-30 08:00:00,2007.8326596035058,1680.9704606296682,2848.268511114666
forecast_6537,2025-09-30 09:00:00,1806.0253294114254,1587.4063870231003,2681.62127598769
forecast_6538,2025-09-30 10:00:00,1573.5494902319297,1406.2213498349602,2596.000850603913
forecast_6539,2025-09-30 11:00:00,1498.440867923754,1538.5002018716787,2560.9194984581086
forecast_6540,2025-09-30 12:00:00,1675.2444489516993,1573.440068877443,2693.1586336681744
forecast_6541,2025-09-30 13:00:00,1707.2336038387193,1493.5823773144684,2652.3813111183917
forecast_6542,2025-09-30 14:00:00,1731.62126788569,1503.740418203719,2805.657223979266
forecast_6543,2025-09-30 15:00:00,1921.125912068952,1661.8432295210678,2995.032975891882
forecast_6544,2025-09-30 16:00:00,2064.589467442057,2002.3912880854905,3056.5623340328393
forecast_6545,2025-09-30 17:00:00,2377.930024765128,1874.4495333691775,3085.972974812062
forecast_6546,2025-09-30 18:00:00,2988.260202404422,2456.260428253704,3353.6241712507235
forecast_6547,2025-09-30 19:00:00,3969.6278676486745,3358.28532257367,3932.063819281422
forecast_6548,2025-09-30 20:00:00,4783.983085353479,4366.514800936389,4260.6521617575345
forecast_6549,2025-09-30 21:00:00,5267.082625978852,5767.627552558736,5503.037987017443
forecast_6550,2025-09-30 22:00:00,6077.890995409479,7026.052930347368,6358.304843545637
forecast_6551,2025-09-30 23:00:00,6175.885901426864,7690.350043669375,6762.971454936342
forecast_6552,2025-10-01 00:00:00,7207.022143327826,7849.244980178673,7172.460696237102
forecast_6553,2025-10-01 01:00:00,8164.766560468668,8281.387433997847,7781.150027338681
forecast_6554,2025-10-01 02:00:00,8955.351145601358,8985.84694037305,8010.176736252
forecast_6555,2025-10-01 03:00:00,9949.61963920079,9303.560568264707,7993.59508019909
forecast_6556,2025-10-01 04:00:00,9570.97229236474,8971.50432903649,8064.252248957473
forecast_6557,2025-10-01 05:00:00,8659.615788779985,8213.602466029752,7407.251998702624
forecast_6558,2025-10-01 06:00:00,8435.331017620063,7776.3101071465335,6863.600164963442
forecast_6559,2025-10-01 07:00:00,7212.7187350072145,7173.120455332735,6480.533728987343
forecast_6560,2025-10-01 08:00:00,5317.213259066117,5694.096124618419,4919.280800888499
forecast_6561,2025-10-01 09:00:00,3767.0388235880137,3838.031027984346,3861.191951257509
forecast_6562,2025-10-01 10:00:00,2239.8630795569843,2573.608051891163,3135.9924260519497
forecast_6563,2025-10-01 11:00:00,1929.8252877794566,1923.2162409536568,2889.9241595426097
forecast_6564,2025-10-01 12:00:00,1916.9836057883822,1861.773077052978,2889.235601156432
forecast_6565,2025-10-01 13:00:00,2245.7411342714568,1955.2154066514577,2994.1581317443142
forecast_6566,2025-10-01 14:00:00,2505.3907120409976,2291.3812272506584,2955.4612486687915
forecast_6567,2025-10-01 15:00:00,2481.067660438792,2380.405316562292,3060.654934420047
forecast_6568,2025-10-01 16:00:00,2966.766166895592,2389.5892699936785,3252.205154036218
forecast_6569,2025-10-01 17:00:00,3689.090879915699,3076.7824866839637,3376.619585733404
forecast_6570,2025-10-01 18:00:00,4626.820597633159,3973.059599532204,4317.146685007531
forecast_6571,2025-10-01 19:00:00,5987.38690194844,5238.077120794863,5006.377644166465
forecast_6572,2025-10-01 20:00:00,6633.965274395751,6202.880890560638,5579.580599867353
forecast_6573,2025-10-01 21:00:00,7091.163909831874,6331.447473690421,5865.182345738411
forecast_6574,2025-10-01 22:00:00,6993.150050814082,5823.212893382475,6006.952222172873
forecast_6575,2025-10-01 23:00:00,6439.836002999794,4992.493652782336,5615.390921872074
forecast_6576,2025-10-02 00:00:00,5701.69046656566,5035.414633635328,5554.484739512518
forecast_6577,2025-10-02 01:00:00,6319.597922644484,5947.4457045070985,6107.864042357773
forecast_6578,2025-10-02 02:00:00,6278.947814820014,6820.87032707452,5914.557047600829
forecast_6579,2025-10-02 03:00:00,5432.23065342021,5869.021238983767,5510.257350198156
forecast_6580,2025-10-02 04:00:00,4356.701104655149,4412.820036807917,4889.756227620642
forecast_6581,2025-10-02 05:00:00,3496.818622335576,3422.279859756455,3994.4553922588434
forecast_6582,2025-10-02 06:00:00,2802.822905249999,2441.4019093980232,3529.134000212783
forecast_6583,2025-10-02 07:00:00,2120.6788047632335,1903.8184244661306,3193.6877388581424
forecast_6584,2025-10-02 08:00:00,1763.8290818531368,1692.654974830205,2914.7396039978958
forecast_6585,2025-10-02 09:00:00,1643.9629186868642,1555.5734686256064,2673.2560397790735
forecast_6586,2025-10-02 10:00:00,1397.7900395471288,1441.3203062433213,2572.7960924819786
forecast_6587,2025-10-02 11:00:00,1318.738491858021,1345.9374876851844,2553.220623731979
forecast_6588,2025-10-02 12:00:00,1322.4404449830217,1268.6740697164341,2567.8123424819787
forecast_6589,2025-10-02 13:00:00,1324.7809137330214,1208.3794017476848,2607.8194518569785
forecast_6590,2025-10-02 14:00:00,1403.250132483021,1216.4190235510896,2680.421795606979
forecast_6591,2025-10-02 15:00:00,1428.497241858021,1324.2131517476846,2660.352029981979
forecast_6592,2025-10-02 16:00:00,1497.917295090896,1299.4323048010901,2785.1426549819785
forecast_6593,2025-10-02 17:00:00,1555.1020221239614,1305.9044145677963,2736.7036706069784
forecast_6594,2025-10-02 18:00:00,1619.9986941656698,1372.193228764696,2769.0804674819788
forecast_6595,2025-10-02 19:00:00,1626.161566293612,1371.7474658631436,2798.1846862319785
forecast_6596,2025-10-02 20:00:00,1672.8514115222642,1435.074022541493,2812.5572643569785
forecast_6597,2025-10-02 21:00:00,1706.340344698161,1487.6269649115857,2774.628358106979
forecast_6598,2025-10-02 22:00:00,1803.3284370484444,1499.9479729521727,2784.8951549819785
forecast_6599,2025-10-02 23:00:00,1903.3634200351253,1548.8878445163955,2793.671795606979
forecast_6600,2025-10-03 00:00:00,2129.7909472673973,1957.677459259421,2848.045332263138
forecast_6601,2025-10-03 01:00:00,2705.5778450980965,2943.825987094595,3053.5684770631365
forecast_6602,2025-10-03 02:00:00,2866.49219240682,3144.4369598011062,3177.1437453023173
forecast_6603,2025-10-03 03:00:00,3294.5005526046143,3460.484680586143,3151.9408971712132
forecast_6604,2025-10-03 04:00:00,3280.693693544503,3440.7910624522065,3237.56587732287
forecast_6605,2025-10-03 05:00:00,3491.135241735728,3640.9980866907777,3307.8426580662936
forecast_6606,2025-10-03 06:00:00,3711.246184023767,3818.9778715556636,3417.3700928964286
forecast_6607,2025-10-03 07:00:00,3902.8685558881725,4818.879142702284,3655.971388348138
forecast_6608,2025-10-03 08:00:00,4034.4312126185196,5259.079189307117,4141.926558453522
forecast_6609,2025-10-03 09:00:00,3875.401570550938,5275.513154474866,4159.682187590201
forecast_6610,2025-10-03 10:00:00,3362.40794295388,4350.882678619724,4153.357769253667
forecast_6611,2025-10-03 11:00:00,3066.7274690768177,3713.731541122296,4088.798945580931
forecast_6612,2025-10-03 12:00:00,3020.2410600029934,3945.4074863734477,4086.572721161325
forecast_6613,2025-10-03 13:00:00,3112.3562516410275,3878.768287233636,3923.464324159986
forecast_6614,2025-10-03 14:00:00,2937.791028731012,3580.8571022956353,3567.2491226060615
forecast_6615,2025-10-03 15:00:00,3363.7882715683177,4062.7134170358786,3505.708869154779
forecast_6616,2025-10-03 16:00:00,4756.1856064866915,5687.9777121630705,4052.6842335172378
forecast_6617,2025-10-03 17:00:00,5162.34233471697,6072.33487768854,4189.978239189314
forecast_6618,2025-10-03 18:00:00,5362.925977817198,6044.597039204194,4191.949377262512
forecast_6619,2025-10-03 19:00:00,5565.231967773679,6016.678278867106,4243.7357177664
forecast_6620,2025-10-03 20:00:00,5595.882693640613,6109.312811632272,4280.417189815715
forecast_6621,2025-10-03 21:00:00,5968.253765006906,6187.170592912429,4350.282390068834
forecast_6622,2025-10-03 22:00:00,5524.262973000013,5650.478002926146,3953.250370846046
forecast_6623,2025-10-03 23:00:00,5044.198043084431,4934.970618766987,3669.6542500250916
forecast_6624,2025-10-04 00:00:00,4229.772345512593,4092.3717947864234,3448.7667806226154
forecast_6625,2025-10-04 01:00:00,3954.31208183298,4018.364743679358,3354.7011062566585
forecast_6626,2025-10-04 02:00:00,3794.233767477784,3926.644565574109,3347.872240284621
forecast_6627,2025-10-04 03:00:00,3663.643420502675,3415.370287756351,3315.481642456213
forecast_6628,2025-10-04 04:00:00,3503.3049204874396,3099.577769722339,3325.1839219918215
forecast_6629,2025-10-04 05:00:00,3287.3575488161187,2934.0233748835226,3308.8231258220026
forecast_6630,2025-10-04 06:00:00,3133.914132397045,2987.4183526471243,3277.7726202127365
forecast_6631,2025-10-04 07:00:00,2977.1952208222847,2858.1391616023584,3270.191356205651
forecast_6632,2025-10-04 08:00:00,2704.5263979165175,2654.491659671987,3287.563631476927
forecast_6633,2025-10-04 09:00:00,2583.528149621452,2555.685135834631,3219.567626484615
forecast_6634,2025-10-04 10:00:00,2348.2012828845045,2198.5282727364147,3162.651428554174
forecast_6635,2025-10-04 11:00:00,2073.89262701187,1841.874286375065,3155.6714152408117
forecast_6636,2025-10-04 12:00:00,1914.6181369866008,1859.07291747433,3141.1650932613466
forecast_6637,2025-10-04 13:00:00,1827.7464093423696,1663.9422693272854,3163.92302967737
forecast_6638,2025-10-04 14:00:00,1803.6053664886203,1622.7523161695663,3189.4652168613975
forecast_6639,2025-10-04 15:00:00,1815.029146897512,1672.4317537340457,3177.4526295876963
forecast_6640,2025-10-04 16:00:00,1856.4820881828618,1688.7336580184174,3236.085061973037
forecast_6641,2025-10-04 17:00:00,1938.1198075925895,1733.5843481377033,3246.223561611881
forecast_6642,2025-10-04 18:00:00,1948.7565883021462,1696.5289988612085,3213.164044086356
forecast_6643,2025-10-04 19:00:00,1862.0565871877288,1632.8016557292767,3205.4055061670683
forecast_6644,2025-10-04 20:00:00,1763.5591470558747,1535.4578552213961,3181.2429387512525
forecast_6645,2025-10-04 21:00:00,1659.2937033280614,1492.7883214670119,3125.8083817151273
forecast_6646,2025-10-04 22:00:00,1609.059060250779,1417.393241096871,3045.7834004415977
forecast_6647,2025-10-04 23:00:00,1570.1822962923725,1442.4014486357673,3045.0597610297887
forecast_6648,2025-10-05 00:00:00,1543.9599530661417,1472.7997815956105,2966.0974987319787
forecast_6649,2025-10-05 01:00:00,1606.530453706011,1650.0153258298506,2872.2352331069787
forecast_6650,2025-10-05 02:00:00,1630.4323026192951,1545.4100257561722,2901.6066393569786
forecast_6651,2025-10-05 03:00:00,1638.8195280938708,1452.6451479364523,2834.2770299819786
forecast_6652,2025-10-05 04:00:00,1566.1394274683726,1377.6153470146937,2835.2541393569786
forecast_6653,2025-10-05 05:00:00,1612.3709509058726,1382.562886077193,2759.7863268569786
forecast_6654,2025-10-05 06:00:00,1617.9198962183727,1366.9809329521931,2725.6681237319785
forecast_6655,2025-10-05 07:00:00,1556.5466194513801,1430.0660110771933,2710.871561231979
forecast_6656,2025-10-05 08:00:00,1569.341679036851,1363.9717923271937,2659.7742956069787
forecast_6657,2025-10-05 09:00:00,1526.1219808516353,1403.254768180038,2660.9635143569785
forecast_6658,2025-10-05 10:00:00,1497.6175806910787,1340.7790650550378,2677.825623731979
forecast_6659,2025-10-05 11:00:00,1552.9342559713568,1415.5453931800384,2695.275311231979
forecast_6660,2025-10-05 12:00:00,1508.4672696751204,1457.639611930038,2665.6374206069786
forecast_6661,2025-10-05 13:00:00,1536.3165286579742,1412.1788626396938,2692.684998731979
forecast_6662,2025-10-05 14:00:00,1607.5157595105193,1429.2779251396933,2723.7994518569785
forecast_6663,2025-10-05 15:00:00,1689.9863599289938,1487.3164982581102,2801.521951856979
forecast_6664,2025-10-05 16:00:00,1833.2157775277374,1567.228813459924,2861.667967481979
forecast_6665,2025-10-05 17:00:00,1798.3349388451152,1493.071209918954,2932.724603318063
forecast_6666,2025-10-05 18:00:00,1950.175865745965,1471.8707318519964,2994.8854574636184
forecast_6667,2025-10-05 19:00:00,2060.518142664241,1843.1814146952765,3032.4608244111078
forecast_6668,2025-10-05 20:00:00,2227.6673458444075,2340.9607927373763,3118.0127081491814
forecast_6669,2025-10-05 21:00:00,2171.153141573025,2156.0290345594703,3062.9911509545364
forecast_6670,2025-10-05 22:00:00,2089.1128264221898,2239.524247215676,3010.682804065992
forecast_6671,2025-10-05 23:00:00,2220.2727566944513,2221.742331034661,3020.1976675218953
forecast_6672,2025-10-06 00:00:00,2474.34213503323,2395.01055075723,3040.722503433469
forecast_6673,2025-10-06 01:00:00,2773.712365278199,2555.8981499284428,3116.5692226995884
forecast_6674,2025-10-06 02:00:00,3074.0223383562966,2985.3141073841634,3263.690527077483
forecast_6675,2025-10-06 03:00:00,3206.362812930034,3372.836240757775,3483.0624198988203
forecast_6676,2025-10-06 04:00:00,3786.444342813896,4807.388765588312,3958.9307912305485
forecast_6677,2025-10-06 05:00:00,4598.5419345503215,6229.131334824036,5029.172603185259
forecast_6678,2025-10-06 06:00:00,5925.458162881715,7678.755414862832,5871.286465441893
forecast_6679,2025-10-06 07:00:00,6538.91003157991,9116.96538173094,7234.9793408838
forecast_6680,2025-10-06 08:00:00,7876.547310009479,10069.252480302091,7472.4047051343
forecast_6681,2025-10-06 09:00:00,8335.904383334442,11065.4319996202,7795.821990412103
forecast_6682,2025-10-06 10:00:00,8202.735609084286,10445.305271628005,7299.679121866189
forecast_6683,2025-10-06 11:00:00,6916.036455126696,9466.113702205967,6892.010678730443
forecast_6684,2025-10-06 12:00:00,5967.316753947694,8204.579069812795,6063.72025977323
forecast_6685,2025-10-06 13:00:00,5511.624721253616,6675.710859398365,5496.170860616803
forecast_6686,2025-10-06 14:00:00,5605.349598930224,6394.769551150179,5175.3851558329025
forecast_6687,2025-10-06 15:00:00,5647.4596794728,7025.832254280368,5217.648193888612
forecast_6688,2025-10-06 16:00:00,6060.917960802372,7431.411728600987,5739.758299509261
forecast_6689,2025-10-06 17:00:00,6671.624955436201,7966.41950433214,6318.972071677807
forecast_6690,2025-10-06 18:00:00,7010.816908275279,9302.450638936587,6571.846834990909
forecast_6691,2025-10-06 19:00:00,7981.309044812415,10560.094583068178,7193.35470685216
forecast_6692,2025-10-06 20:00:00,9161.247069022882,11794.062904255246,8525.115730344409
forecast_6693,2025-10-06 21:00:00,11066.070513755365,13684.571078769332,9732.346432976854
forecast_6694,2025-10-06 22:00:00,12134.698090411808,14819.447645882237,9745.506978512269
forecast_6695,2025-10-06 23:00:00,12379.203029247874,14458.730214313147,9877.317951215537
forecast_6696,2025-10-07 00:00:00,11764.921136707282,14721.2075287852,9958.376318994673
forecast_6697,2025-10-07 01:00:00,10625.029677500823,15215.054938130059,9383.685202593024
forecast_6698,2025-10-07 02:00:00,9931.223051138026,14291.904681050122,9391.291552801405
forecast_6699,2025-10-07 03:00:00,9182.331083733905,12585.562468251142,8864.871122697123
forecast_6700,2025-10-07 04:00:00,7759.185104423628,10908.406205712356,7812.67104199109
forecast_6701,2025-10-07 05:00:00,7576.764013510736,9744.768449150883,7245.556293926729
forecast_6702,2025-10-07 06:00:00,7450.053032500151,8360.82114864634,6773.545473772326
forecast_6703,2025-10-07 07:00:00,6392.188015184971,8342.500029692292,6110.49689336721
forecast_6704,2025-10-07 08:00:00,6430.352335393571,8548.104035872157,5709.1890300204495
forecast_6705,2025-10-07 09:00:00,5667.237368542832,6978.023905670516,4846.053083805047
forecast_6706,2025-10-07 10:00:00,5225.422958156838,5586.960931766146,4298.320841243658
forecast_6707,2025-10-07 11:00:00,4648.551579599534,5319.983850935979,3972.550319151248
forecast_6708,2025-10-07 12:00:00,4000.801304386558,4981.921031450012,3992.5800482231552
forecast_6709,2025-10-07 13:00:00,3853.8373234600776,4532.8674881353945,3559.083235081026
forecast_6710,2025-10-07 14:00:00,3481.2704369539283,4082.2716940801984,3352.8354978989773
forecast_6711,2025-10-07 15:00:00,2998.162330986748,3437.100203575215,3441.391834122807
forecast_6712,2025-10-07 16:00:00,2774.721421939051,2957.8531067900976,3122.544981617093
forecast_6713,2025-10-07 17:00:00,2652.567672192737,2145.4391308359454,3169.576969610686
forecast_6714,2025-10-07 18:00:00,2409.49116836162,1950.9812490359582,3128.8509989691934
forecast_6715,2025-10-07 19:00:00,2032.8762518964031,1837.8701853304683,3082.058234421519
forecast_6716,2025-10-07 20:00:00,1782.4821319021876,1673.7966877597664,3071.3686706069784
forecast_6717,2025-10-07 21:00:00,1547.0616411249684,1481.9410868059322,3049.7161706069787
forecast_6718,2025-10-07 22:00:00,1434.2495005045384,1432.6946639049238,2880.7807799819784
forecast_6719,2025-10-07 23:00:00,1609.2018446956363,1441.206573571465,3033.4789049819788
forecast_6720,2025-10-08 00:00:00,1746.559835660336,1430.7929920110591,2922.5332799819785
forecast_6721,2025-10-08 01:00:00,1656.6734720168606,1506.5509607870654,2903.6670299819784
forecast_6722,2025-10-08 02:00:00,1665.539441657551,1522.8758754762493,2878.5671081069786
forecast_6723,2025-10-08 03:00:00,1660.2504522830568,1497.4497291175385,2897.492186231979
forecast_6724,2025-10-08 04:00:00,1714.7481433005114,1507.2127843503522,2873.123983106979
forecast_6725,2025-10-08 05:00:00,1751.5925376570995,1529.3783684136288,2910.9485465264092
forecast_6726,2025-10-08 06:00:00,1739.0992944206446,1550.0854443835651,2892.8887172021778
forecast_6727,2025-10-08 07:00:00,1783.9713547409392,1564.6208886576178,2946.886662064779
forecast_6728,2025-10-08 08:00:00,1838.8433916867225,1551.5182134937922,2959.5253470631637
forecast_6729,2025-10-08 09:00:00,1855.3029192094964,1630.845082077698,3032.381189967188
forecast_6730,2025-10-08 10:00:00,1861.8544424353277,1578.92858727345,3081.5510363010453
forecast_6731,2025-10-08 11:00:00,1767.2899025284414,1578.2831453662475,3055.0170761934555
forecast_6732,2025-10-08 12:00:00,1654.2825908466093,1562.337750279109,3052.1150497571607
forecast_6733,2025-10-08 13:00:00,1643.1312775876959,1563.1080683426499,3051.691196717254
forecast_6734,2025-10-08 14:00:00,1679.7765581142894,1609.6828630099453,3105.8520522556337
forecast_6735,2025-10-08 15:00:00,1868.469404198845,1766.4971939233492,3126.964430697766
forecast_6736,2025-10-08 16:00:00,2010.4660130989769,1917.167114524088,3310.1465222764195
forecast_6737,2025-10-08 17:00:00,2411.3786583168676,2261.834749019624,3396.3440348708623
forecast_6738,2025-10-08 18:00:00,2998.8402966531753,2934.7879322083954,3632.197378871214
forecast_6739,2025-10-08 19:00:00,3700.8238490981335,3617.4150346283,4264.048470671049
forecast_6740,2025-10-08 20:00:00,3836.767671594238,4580.117887672635,4721.34141019229
forecast_6741,2025-10-08 21:00:00,4373.796759298204,5286.448922472769,5089.161474800268
forecast_6742,2025-10-08 22:00:00,4549.53899005409,6066.382112857661,5474.933914375709
forecast_6743,2025-10-08 23:00:00,4907.241183919867,6311.069448555097,5827.048737344695
forecast_6744,2025-10-09 00:00:00,5453.461403970263,6711.219313682933,6019.565629061366
forecast_6745,2025-10-09 01:00:00,5582.689889226718,7945.657002954757,6012.373384645784
forecast_6746,2025-10-09 02:00:00,5516.06892793011,8047.0695676412715,5870.2111934992745
forecast_6747,2025-10-09 03:00:00,5224.130923257841,7682.755938676843,5807.283296048136
forecast_6748,2025-10-09 04:00:00,4999.603868094712,7378.172637199674,5845.292526573388
forecast_6749,2025-10-09 05:00:00,5136.542717723468,7489.993014424571,5842.595540007463
forecast_6750,2025-10-09 06:00:00,5178.94228829041,7286.40959864451,5871.719125256612
forecast_6751,2025-10-09 07:00:00,5251.926918202283,7065.129615025391,5836.72612569515
forecast_6752,2025-10-09 08:00:00,5123.211253485533,6934.9045748418885,5670.151903928821
forecast_6753,2025-10-09 09:00:00,4896.007390794926,6171.727848948206,5517.013935106507
forecast_6754,2025-10-09 10:00:00,4477.387076553455,5647.547608761483,5221.915309456183
forecast_6755,2025-10-09 11:00:00,3876.484907887258,5081.106555538139,4937.534663805709
forecast_6756,2025-10-09 12:00:00,3631.0551902407265,4805.62909495695,4687.810818806862
forecast_6757,2025-10-09 13:00:00,3446.879921010047,4257.71060512169,4446.970632471402
forecast_6758,2025-10-09 14:00:00,3163.022835832118,3930.9083838179863,4200.945476063467
forecast_6759,2025-10-09 15:00:00,3017.7620579344552,3621.657341060802,3909.9869530125648
forecast_6760,2025-10-09 16:00:00,2965.7958962180173,3413.7053853901334,3858.1061691453087
forecast_6761,2025-10-09 17:00:00,2950.8314312467146,3317.123891962772,3681.7773821456394
forecast_6762,2025-10-09 18:00:00,2913.093412885054,3234.579662957005,3445.2118558443062
forecast_6763,2025-10-09 19:00:00,2786.94512273567,3048.080051704367,3249.131339459477
forecast_6764,2025-10-09 20:00:00,2757.5734050662372,2952.198424538293,3134.8928120201053
forecast_6765,2025-10-09 21:00:00,2635.407900409027,2675.580442339803,2973.2324229573205
forecast_6766,2025-10-09 22:00:00,2527.227351428467,2496.261419577804,2920.702823700531
forecast_6767,2025-10-09 23:00:00,2597.377788178941,2146.9449855539942,2872.5828843935888
forecast_6768,2025-10-10 00:00:00,2597.187084865169,2112.7342232853916,2903.12306104338
forecast_6769,2025-10-10 01:00:00,2647.606111138297,2232.66768779373,2906.0823496599323
forecast_6770,2025-10-10 02:00:00,2719.172686190721,2388.3540497701288,2912.0273525501193
forecast_6771,2025-10-10 03:00:00,2711.4466238483747,2599.7486885689386,2904.8770139054527
forecast_6772,2025-10-10 04:00:00,2828.7613253493178,2811.132552987674,2930.208044088862
forecast_6773,2025-10-10 05:00:00,2864.124298354991,2917.4603349137124,2956.795385475268
forecast_6774,2025-10-10 06:00:00,2811.9865511291937,2940.5263029717044,2952.5570563208425
forecast_6775,2025-10-10 07:00:00,2987.885903722415,3093.6338694151086,2996.267350134293
forecast_6776,2025-10-10 08:00:00,3126.8632707921724,2997.7455403968897,3037.327531501108
forecast_6777,2025-10-10 09:00:00,3055.850365000474,2901.8442588239695,3041.4449536520315
forecast_6778,2025-10-10 10:00:00,2642.7582779958293,2744.7974261867703,3005.4646894595026
forecast_6779,2025-10-10 11:00:00,2452.5358112838967,2437.403921720671,2975.2010014429825
forecast_6780,2025-10-10 12:00:00,2585.627367455819,2490.3596990755377,3033.939990148278
forecast_6781,2025-10-10 13:00:00,2849.134430564627,2885.3987413582818,3113.101966417311
forecast_6782,2025-10-10 14:00:00,2995.004738255195,3071.1220765670087,3186.8068922589614
forecast_6783,2025-10-10 15:00:00,3052.207027730687,2818.860466725864,3218.3977046934
forecast_6784,2025-10-10 16:00:00,3110.2777494627094,2587.171712851199,3146.3413910707336
forecast_6785,2025-10-10 17:00:00,3123.343144112545,2681.7557224303537,3094.6463654999757
forecast_6786,2025-10-10 18:00:00,3075.976210642372,2941.325789013211,3035.4607171391103
forecast_6787,2025-10-10 19:00:00,3207.304139108446,2967.3714798488063,3155.7007864973093
forecast_6788,2025-10-10 20:00:00,3284.9081364645576,3332.964306926735,3310.170288071546
forecast_6789,2025-10-10 21:00:00,3414.9803631584773,3873.354123998548,3461.147189525714
forecast_6790,2025-10-10 22:00:00,3824.852023287631,4164.8427213025025,3647.6082513021984
forecast_6791,2025-10-10 23:00:00,4392.300762418715,5067.915522997162,3947.8952804952237
forecast_6792,2025-10-11 00:00:00,5000.141628287791,5731.5966266808555,4378.66561499722
forecast_6793,2025-10-11 01:00:00,5009.542584737741,5944.04911398529,4664.799855349763
forecast_6794,2025-10-11 02:00:00,5983.111592755724,7148.802711558011,5208.706670748453
forecast_6795,2025-10-11 03:00:00,6477.501374741268,9735.722973766164,5611.33589374991
forecast_6796,2025-10-11 04:00:00,7390.027423502884,11549.921901887701,6042.16508554127
forecast_6797,2025-10-11 05:00:00,8129.728140858759,12369.731656596021,6616.623465641889
forecast_6798,2025-10-11 06:00:00,8472.364753214237,12686.665657701422,7274.158462116153
forecast_6799,2025-10-11 07:00:00,8500.80495360867,12378.700450311317,7409.503971323005
forecast_6800,2025-10-11 08:00:00,8216.483406953017,11413.574126593925,7660.166071154815
forecast_6801,2025-10-11 09:00:00,8328.565043910334,11189.286341890018,7568.352201287974
forecast_6802,2025-10-11 10:00:00,8799.40187672662,10041.145488108286,7728.344290427729
forecast_6803,2025-10-11 11:00:00,8833.891252940959,9664.565576892219,7892.194688681802
forecast_6804,2025-10-11 12:00:00,8712.699248074623,10194.588033154538,8114.909192980842
forecast_6805,2025-10-11 13:00:00,8625.839760501272,11440.535900100323,8262.242106463513
forecast_6806,2025-10-11 14:00:00,8277.33402517479,11849.414743178917,8620.151117511137
forecast_6807,2025-10-11 15:00:00,8514.19715822086,11119.832153380401,8988.03920015873
forecast_6808,2025-10-11 16:00:00,9615.07535391766,11005.382836205907,9808.04774359352
forecast_6809,2025-10-11 17:00:00,10588.771815291104,11040.601651210174,9556.739215570225
forecast_6810,2025-10-11 18:00:00,10991.35114516664,12227.995489784265,10677.325456870693
forecast_6811,2025-10-11 19:00:00,10928.873369646628,12241.365572603972,11810.858180149156
forecast_6812,2025-10-11 20:00:00,10727.452309105707,11596.623426257625,11353.478039711978
forecast_6813,2025-10-11 21:00:00,10572.878193596891,11272.541540020244,10769.232735682397
forecast_6814,2025-10-11 22:00:00,10462.621425852289,12214.395545013711,10780.369375219263
forecast_6815,2025-10-11 23:00:00,9876.25778178532,12134.48866434874,10851.287382510305
forecast_6816,2025-10-12 00:00:00,9508.06779403408,11812.634942821423,9725.129296462903
forecast_6817,2025-10-12 01:00:00,9927.116012300892,11949.680784061107,9890.639820798035
forecast_6818,2025-10-12 02:00:00,8871.255815850252,10949.445887524978,9207.205930155435
forecast_6819,2025-10-12 03:00:00,7739.375147446097,7834.914656438035,7549.632735508965
forecast_6820,2025-10-12 04:00:00,6168.53789251761,5922.820823786228,6399.492067729492
forecast_6821,2025-10-12 05:00:00,4681.412950012427,4631.156579197455,5247.57041892692
forecast_6822,2025-10-12 06:00:00,3481.9449346974266,3462.9217378318062,4425.998352011387
forecast_6823,2025-10-12 07:00:00,3163.6776380593133,3352.6094609595143,4413.673817060046
forecast_6824,2025-10-12 08:00:00,3832.8580697436573,3983.472387195752,4419.646622161588
forecast_6825,2025-10-12 09:00:00,3812.2176801549276,4116.2108536148735,4869.680676154116
forecast_6826,2025-10-12 10:00:00,3880.652189993272,4388.709235293165,5295.17976963922
forecast_6827,2025-10-12 11:00:00,4057.2865889287177,5000.576839312339,5949.683891521887
forecast_6828,2025-10-12 12:00:00,4185.484666871293,5589.656599101245,6029.127890651711
forecast_6829,2025-10-12 13:00:00,4349.807909904359,5939.552591997012,6077.848123241009
forecast_6830,2025-10-12 14:00:00,4934.208255505293,6330.5211921447435,6312.804008317723
forecast_6831,2025-10-12 15:00:00,5085.247976066339,7193.183881038955,6123.65186154898
forecast_6832,2025-10-12 16:00:00,5691.746528305386,8059.466612770607,6130.454466023508
forecast_6833,2025-10-12 17:00:00,5494.628039791095,7381.8633132677105,6048.895690816058
forecast_6834,2025-10-12 18:00:00,5460.945458772873,7401.573070754615,5847.798448894945
forecast_6835,2025-10-12 19:00:00,5260.686359408664,7647.104273545142,5811.5943346212825
forecast_6836,2025-10-12 20:00:00,5183.4924730462135,8139.6348349274995,5713.049314434574
forecast_6837,2025-10-12 21:00:00,4918.748468837751,7974.024043071552,5533.722154961157
forecast_6838,2025-10-12 22:00:00,4662.103809051412,7118.514032614683,5328.520592440992
forecast_6839,2025-10-12 23:00:00,4615.677227952892,5773.526032771857,5106.829480398727
forecast_6840,2025-10-13 00:00:00,3726.490806500562,4406.550463800186,4429.827777443508
forecast_6841,2025-10-13 01:00:00,3459.035345037812,3630.83573740216,3697.7200427095013
forecast_6842,2025-10-13 02:00:00,2871.6272569406556,3222.2640147478396,3533.5529114289197
forecast_6843,2025-10-13 03:00:00,2822.76601828877,2898.0361528502226,3330.8260629120537
forecast_6844,2025-10-13 04:00:00,2823.8261361648733,3038.566641560373,3316.2457683633975
forecast_6845,2025-10-13 05:00:00,3042.74985032214,3558.7264957771927,3776.922710788478
forecast_6846,2025-10-13 06:00:00,3551.2721595608423,4284.241881166958,4344.773059441373
forecast_6847,2025-10-13 07:00:00,4973.50916279958,5390.402753183888,5219.231023735008
forecast_6848,2025-10-13 08:00:00,5162.074336456815,5924.994786716208,5031.356736742686
forecast_6849,2025-10-13 09:00:00,4576.869866344928,5236.661864269965,4813.48184149234
forecast_6850,2025-10-13 10:00:00,4465.482435694057,4665.713508794028,4937.056124659228
forecast_6851,2025-10-13 11:00:00,4906.874336824496,4221.302402887341,5088.473025230382
forecast_6852,2025-10-13 12:00:00,4574.319929318285,4292.228608983585,4972.2261810274995
forecast_6853,2025-10-13 13:00:00,4841.58046502379,4844.805476509669,4855.962780254141
forecast_6854,2025-10-13 14:00:00,4952.186049963586,5264.6639172355835,4620.113734188322
forecast_6855,2025-10-13 15:00:00,5302.843568648463,5272.483550340345,4872.983092774031
forecast_6856,2025-10-13 16:00:00,5130.632308822315,4825.747982851737,4909.2898844209385
forecast_6857,2025-10-13 17:00:00,4688.779436416962,4469.2631012850725,5065.5671927316
forecast_6858,2025-10-13 18:00:00,5298.8104365961735,5543.885140126763,5182.101542717938
forecast_6859,2025-10-13 19:00:00,5266.118615180965,5734.256051779969,5333.493830330848
forecast_6860,2025-10-13 20:00:00,5368.666955709189,6319.310524957937,5229.182126822768
forecast_6861,2025-10-13 21:00:00,5224.088532532744,5865.429829526747,5217.74013226971
forecast_6862,2025-10-13 22:00:00,5452.341145111273,6096.024282291361,5002.487279479052
forecast_6863,2025-10-13 23:00:00,5682.177805152584,6335.366240455804,4972.840886773896
forecast_6864,2025-10-14 00:00:00,6110.907523093536,6297.943847857328,5290.028175176696
forecast_6865,2025-10-14 01:00:00,7196.799446882698,7760.313848560346,5726.885668388676
forecast_6866,2025-10-14 02:00:00,6789.364420919923,9012.574334198673,5779.57283155816
forecast_6867,2025-10-14 03:00:00,6065.912590851059,7522.804214202848,5300.2134843841795
forecast_6868,2025-10-14 04:00:00,5728.1244706399975,6523.096079720685,5168.345464480258
forecast_6869,2025-10-14 05:00:00,6496.878823215719,7914.10901179334,6035.3125500806445
forecast_6870,2025-10-14 06:00:00,6157.201870946057,8284.777888417244,5857.413523704239
forecast_6871,2025-10-14 07:00:00,5518.247714743036,6799.056305864656,5780.917542293263
forecast_6872,2025-10-14 08:00:00,5433.4250565482,6030.3473043249,5969.192532886271
forecast_6873,2025-10-14 09:00:00,5082.969398454127,5679.46159038156,5816.045824797219
forecast_6874,2025-10-14 10:00:00,5081.6544007377515,6006.296151022065,5854.656940660816
forecast_6875,2025-10-14 11:00:00,4736.413255521111,5884.638414452772,5604.085042008974
forecast_6876,2025-10-14 12:00:00,4640.409551448807,5372.315528335364,5393.844780486635
forecast_6877,2025-10-14 13:00:00,4708.892344314428,5548.476970871571,5428.569264438549
forecast_6878,2025-10-14 14:00:00,5111.777375121008,5645.363842975811,5588.158905010414
forecast_6879,2025-10-14 15:00:00,4622.418162085774,5485.942743017376,5546.723148885735
forecast_6880,2025-10-14 16:00:00,4518.030480970878,5726.9523889294705,5614.7955443609735
forecast_6881,2025-10-14 17:00:00,4396.854700536211,5183.491193266875,5481.328716575195
forecast_6882,2025-10-14 18:00:00,4083.6720824436125,5273.795935081965,5531.0293163986635
forecast_6883,2025-10-14 19:00:00,4171.505143326549,6023.424234544034,5620.588999527741
forecast_6884,2025-10-14 20:00:00,4352.492371813058,5932.696960124608,5411.61375082045
forecast_6885,2025-10-14 21:00:00,3959.1254272899387,5408.4684721709145,5157.7028682998725
forecast_6886,2025-10-14 22:00:00,3609.436496856853,5524.415667642104,4551.102758097417
forecast_6887,2025-10-14 23:00:00,3660.148775880437,5131.370852193265,4286.9896178759
forecast_6888,2025-10-15 00:00:00,3528.5204836899966,5209.008370105137,4195.258840890153
forecast_6889,2025-10-15 01:00:00,4011.87910432388,4866.0893761097805,4240.794889993792
forecast_6890,2025-10-15 02:00:00,3918.3582173132754,5192.821001344276,4163.165909884917
forecast_6891,2025-10-15 03:00:00,3813.0590447047825,4535.644852842288,4197.874399529161
forecast_6892,2025-10-15 04:00:00,3739.597196748999,4343.112170256285,4146.306700276775
forecast_6893,2025-10-15 05:00:00,3752.7967585631864,4441.709670201777,3959.686039595609
forecast_6894,2025-10-15 06:00:00,3689.704148344556,4520.795652385881,4098.467273818209
forecast_6895,2025-10-15 07:00:00,3532.978942275685,4661.873911149385,3990.351881757777
forecast_6896,2025-10-15 08:00:00,3455.525463846954,4233.530250038092,4072.875425470763
forecast_6897,2025-10-15 09:00:00,3237.7669972619433,3846.89867055445,4017.8695367576684
forecast_6898,2025-10-15 10:00:00,2807.768588491024,3376.4764176618037,3636.268233680991
forecast_6899,2025-10-15 11:00:00,2424.424463540897,2830.1967206205254,3356.346097143804
forecast_6900,2025-10-15 12:00:00,2332.089001922477,2735.8091851864992,3259.4430595640624
forecast_6901,2025-10-15 13:00:00,2171.3667582783864,2593.2971365861313,3101.5907297336316
forecast_6902,2025-10-15 14:00:00,2117.03103397847,2593.7056082165172,2991.8392250375223
forecast_6903,2025-10-15 15:00:00,2068.0377192385213,2348.9182210519903,2993.4991723990474
forecast_6904,2025-10-15 16:00:00,2247.4687810711566,2438.663188093882,2959.254971799594
forecast_6905,2025-10-15 17:00:00,2509.8283487299896,2734.840380760412,2891.305824211555
forecast_6906,2025-10-15 18:00:00,2795.6917889125575,2565.0474679143745,2933.864891384451
forecast_6907,2025-10-15 19:00:00,3029.442418642554,2757.776811075936,3034.6866188829363
forecast_6908,2025-10-15 20:00:00,3256.5065716983104,2908.8700557526954,3168.618345916067
forecast_6909,2025-10-15 21:00:00,3708.124312257906,3324.3175846294776,3288.2006163492647
forecast_6910,2025-10-15 22:00:00,3934.7486790915655,4024.6533440226767,3420.2020705062328
forecast_6911,2025-10-15 23:00:00,3930.471496316492,4498.227378931771,3764.348750898229
forecast_6912,2025-10-16 00:00:00,4473.562083482927,4702.660486439741,4396.045855405994
forecast_6913,2025-10-16 01:00:00,3727.1148154836783,3900.3740827391057,3528.2475020907614
forecast_6914,2025-10-16 02:00:00,3267.6285629110075,3282.175412410373,3663.0561611800276
forecast_6915,2025-10-16 03:00:00,4036.7971615516713,4419.345192620751,4238.160706686061
forecast_6916,2025-10-16 04:00:00,4382.588542656609,4951.41058354005,4314.729375826363
forecast_6917,2025-10-16 05:00:00,4277.2741489321315,5418.8111482602,4615.653828008053
forecast_6918,2025-10-16 06:00:00,4726.383545371124,5946.2898313813175,5076.9320403736165
forecast_6919,2025-10-16 07:00:00,4501.2674891847,5030.973411105949,5508.808384517013
forecast_6920,2025-10-16 08:00:00,4768.865955295185,4903.571199842844,5417.297556282669
forecast_6921,2025-10-16 09:00:00,5349.336037236366,5522.517005778182,5620.405238722062
forecast_6922,2025-10-16 10:00:00,5358.079776128957,5328.956801860157,5613.571741397035
forecast_6923,2025-10-16 11:00:00,5424.220930100986,5385.208452342081,5766.497066518981
forecast_6924,2025-10-16 12:00:00,4980.446132687078,5198.019057597466,5989.882874592006
forecast_6925,2025-10-16 13:00:00,4879.106420100328,4755.115361200353,5966.441182204855
forecast_6926,2025-10-16 14:00:00,4960.438451243656,4915.728855908249,5947.424210388829
forecast_6927,2025-10-16 15:00:00,4645.844523621221,4839.312722103727,5572.738309145572
forecast_6928,2025-10-16 16:00:00,4505.849930222894,4628.0921858609145,5591.738232987321
forecast_6929,2025-10-16 17:00:00,4136.856227005794,5165.2397559490055,5424.874002490083
forecast_6930,2025-10-16 18:00:00,4170.961043917328,4942.768477517652,5377.8213802060445
forecast_6931,2025-10-16 19:00:00,4249.521449434498,5415.959274561412,5382.136969809286
forecast_6932,2025-10-16 20:00:00,4504.960176508488,5974.64146763469,4935.655823291747
forecast_6933,2025-10-16 21:00:00,4051.827763736322,6105.267512668137,4851.932487834475
forecast_6934,2025-10-16 22:00:00,3961.1404174830122,6153.938209962384,4499.709132023107
forecast_6935,2025-10-16 23:00:00,3813.0781620894295,5465.156351274731,4195.829670643713
forecast_6936,2025-10-17 00:00:00,3864.837175875883,5187.516915394614,3981.432547426263
forecast_6937,2025-10-17 01:00:00,4002.327403926767,5208.96554750758,4236.077619036267
forecast_6938,2025-10-17 02:00:00,3731.950024164365,4972.680312739016,4189.274005086552
forecast_6939,2025-10-17 03:00:00,3672.9515454209672,4508.62649772656,3929.569371151545
forecast_6940,2025-10-17 04:00:00,3575.807278009115,4561.062299952367,3709.5455264581974
forecast_6941,2025-10-17 05:00:00,3448.2144704548386,4321.335846523665,3516.3432172547905
forecast_6942,2025-10-17 06:00:00,3601.1446912042065,4248.339338063392,3333.7139667005954
forecast_6943,2025-10-17 07:00:00,3805.2204508710465,3965.5394008618914,3237.885077533342
forecast_6944,2025-10-17 08:00:00,3395.1195998485746,3549.966394914294,3050.820209465426
forecast_6945,2025-10-17 09:00:00,2990.903824763559,3065.387047615788,2911.870737574627
forecast_6946,2025-10-17 10:00:00,2433.102706266426,2286.1649279369976,2755.344698700531
forecast_6947,2025-10-17 11:00:00,2045.42174979849,1947.311161809669,2654.0566733174014
forecast_6948,2025-10-17 12:00:00,1915.930734696739,2001.9046455840926,2580.8784510666906
forecast_6949,2025-10-17 13:00:00,1836.7371271283264,1816.3601520192415,2661.867328797372
forecast_6950,2025-10-17 14:00:00,1902.3407717634818,1930.0491553832253,2629.4142269834088
forecast_6951,2025-10-17 15:00:00,1901.1515701102671,2199.553087330818,2710.0805214326674
forecast_6952,2025-10-17 16:00:00,2289.834703448173,2515.656403122579,2827.823611884241
forecast_6953,2025-10-17 17:00:00,2783.5935111233694,2697.147003952241,2936.1307799665924
forecast_6954,2025-10-17 18:00:00,3666.1469754247487,3295.911228304416,3100.436967222624
forecast_6955,2025-10-17 19:00:00,4511.755661653381,4149.395813773341,3614.8893503232475
forecast_6956,2025-10-17 20:00:00,4790.877974299202,4616.689154230533,3861.2783190033288
forecast_6957,2025-10-17 21:00:00,4736.576403695645,4360.187487806267,4258.300565781596
forecast_6958,2025-10-17 22:00:00,4619.351912909326,4322.555598744151,4422.960486059939
forecast_6959,2025-10-17 23:00:00,4594.70818997459,4594.922557263053,4482.771955128027
forecast_6960,2025-10-18 00:00:00,5045.648131551221,6100.285482200785,4735.144704685867
forecast_6961,2025-10-18 01:00:00,4941.363025248166,6682.529027546833,5266.8044799636955
forecast_6962,2025-10-18 02:00:00,4881.5829669234245,7734.320053064714,5705.1465430655535
forecast_6963,2025-10-18 03:00:00,4911.149076749387,7917.80529191077,5573.868183198572
forecast_6964,2025-10-18 04:00:00,5273.8153015505395,7091.479830545843,5455.14384106719
forecast_6965,2025-10-18 05:00:00,3617.695504173772,4054.3670865231816,5088.0577239945305
forecast_6966,2025-10-18 06:00:00,2811.620231085558,2660.580322354257,3794.317741384414
forecast_6967,2025-10-18 07:00:00,2482.0980408156565,2443.462104762737,4006.158623448198
forecast_6968,2025-10-18 08:00:00,2191.5922597107638,2144.238857184343,3606.7460984604427
forecast_6969,2025-10-18 09:00:00,2121.176870045654,2101.3638496052426,3467.555286886849
forecast_6970,2025-10-18 10:00:00,2396.975384363469,2021.5175978777497,3420.6150295322695
forecast_6971,2025-10-18 11:00:00,2620.5253591717483,2115.4224266392503,3713.1615966904046
forecast_6972,2025-10-18 12:00:00,2689.2490151030115,2241.650913448847,3723.7759432891908
forecast_6973,2025-10-18 13:00:00,2697.6333572464705,2617.3969158254476,4079.4922499231798
forecast_6974,2025-10-18 14:00:00,2767.534590351795,3131.6491351933028,4168.72402820348
forecast_6975,2025-10-18 15:00:00,2876.7883766883024,3232.174581046815,4465.011565728096
forecast_6976,2025-10-18 16:00:00,2968.809576188576,3144.1270363791077,4667.085485689471
forecast_6977,2025-10-18 17:00:00,3211.5788561883587,3306.959164228566,4521.559671014491
forecast_6978,2025-10-18 18:00:00,2945.229252460058,3238.925961168353,4296.38456877377
forecast_6979,2025-10-18 19:00:00,2750.584975150389,3333.4240099500375,4224.845582845394
forecast_6980,2025-10-18 20:00:00,2590.424997985324,3111.0451849515307,4105.882802471866
forecast_6981,2025-10-18 21:00:00,2344.2523036228704,2847.88710326045,3845.6742065783
forecast_6982,2025-10-18 22:00:00,2448.7219214000143,2872.0815341185535,3525.090237460071
forecast_6983,2025-10-18 23:00:00,2233.1513285553683,2199.26507411027,3376.6730755228596
forecast_6984,2025-10-19 00:00:00,2231.6357822108866,2024.2339359643265,3186.1337508473052
forecast_6985,2025-10-19 01:00:00,2239.687260280708,1878.6795417979147,3027.9397950918556
forecast_6986,2025-10-19 02:00:00,2079.8166455768614,1688.7289809347849,2978.600378805253
forecast_6987,2025-10-19 03:00:00,1979.5591179234225,1590.6693156619249,2926.3099050413475
forecast_6988,2025-10-19 04:00:00,1965.5354882722913,1542.6365799955684,2901.939402207969
forecast_6989,2025-10-19 05:00:00,1922.8213299070594,1597.3262556437494,2864.2742977105536
forecast_6990,2025-10-19 06:00:00,1974.6532477896772,1691.1336294480207,2844.9340454099756
forecast_6991,2025-10-19 07:00:00,2073.269656075425,1790.3265151239839,2848.8286547849757
forecast_6992,2025-10-19 08:00:00,2144.722266941967,1963.419273010304,2825.9173504133682
forecast_6993,2025-10-19 09:00:00,2249.476656677555,2181.2371588076603,2894.710854760085
forecast_6994,2025-10-19 10:00:00,2224.9014218239963,2343.101022986015,2979.8576425739548
forecast_6995,2025-10-19 11:00:00,2577.074693272726,2642.736781857948,3069.3145638810524
forecast_6996,2025-10-19 12:00:00,2839.6984660888115,3189.9445508454332,3224.1909874947755
forecast_6997,2025-10-19 13:00:00,3129.535153784188,3806.4435157415037,3871.085017252547
forecast_6998,2025-10-19 14:00:00,3873.1914112521613,3843.950406433489,4403.936935915669
forecast_6999,2025-10-19 15:00:00,4556.222789013941,4188.601872972641,4918.155445591912
forecast_7000,2025-10-19 16:00:00,5128.462164330364,4900.490871539464,5262.796324896603
forecast_7001,2025-10-19 17:00:00,5782.10050824587,5327.998051632793,5720.567039530843
forecast_7002,2025-10-19 18:00:00,5785.292477641325,5977.32762480895,5879.370036929225
forecast_7003,2025-10-19 19:00:00,6139.653158264452,6912.718307031737,6146.413902752001
forecast_7004,2025-10-19 20:00:00,6138.598854827369,6707.818860258435,6182.784827937557
forecast_7005,2025-10-19 21:00:00,6024.099102700512,6522.724077962706,5611.837331524144
forecast_7006,2025-10-19 22:00:00,6157.182833416737,6601.079070218012,5275.342868079745
forecast_7007,2025-10-19 23:00:00,5514.1882153826755,5215.123027015587,4541.755125397118
forecast_7008,2025-10-20 00:00:00,4129.48547995144,3653.3211070022235,3842.29955958106
forecast_7009,2025-10-20 01:00:00,2740.3899603681916,2474.1416557257044,3273.9140134662985
forecast_7010,2025-10-20 02:00:00,2313.4727108162306,2026.3209485340813,3142.836940951046
forecast_7011,2025-10-20 03:00:00,2106.8125143145653,1899.3573091616854,3165.0522885946375
forecast_7012,2025-10-20 04:00:00,2246.8866465382835,2130.4943170730603,3317.875844829195
forecast_7013,2025-10-20 05:00:00,2488.905710901784,2474.2797015632395,3450.3479037542684
forecast_7014,2025-10-20 06:00:00,2985.7661619893574,3398.0708391573794,3920.547473505653
forecast_7015,2025-10-20 07:00:00,3463.541537686683,3880.7238591365167,3971.926816020452
forecast_7016,2025-10-20 08:00:00,3150.5329674411464,3485.4824485646345,4224.994518335057
forecast_7017,2025-10-20 09:00:00,2945.379707925851,3351.1597808922547,4675.667078052981
forecast_7018,2025-10-20 10:00:00,3004.59100248685,3695.0120237651886,4723.715973572196
forecast_7019,2025-10-20 11:00:00,2803.5096063633196,3639.5183316093558,4709.397072347829
forecast_7020,2025-10-20 12:00:00,2774.7429850246995,3315.6791882756784,4642.212280023508
forecast_7021,2025-10-20 13:00:00,2629.8488513314396,3098.190461507043,4449.979979772977
forecast_7022,2025-10-20 14:00:00,2239.7683416382797,2847.5172294764225,4138.65980105765
forecast_7023,2025-10-20 15:00:00,2109.864084156293,2545.1768478462727,3732.1128520705906
forecast_7024,2025-10-20 16:00:00,2183.5938207967147,2190.5780619947764,3330.1795928399674
forecast_7025,2025-10-20 17:00:00,2110.4923999179564,1819.3001822510305,3110.6631747345414
forecast_7026,2025-10-20 18:00:00,1904.09778766397,1625.6577087331198,2982.4711971614815
forecast_7027,2025-10-20 19:00:00,1806.7644068186646,1553.1211022180678,2899.633522033122
forecast_7028,2025-10-20 20:00:00,1929.4033074139788,1482.6884712576775,2806.9978066448066
forecast_7029,2025-10-20 21:00:00,1871.5674284924435,1479.7030109446787,2773.805920781386
forecast_7030,2025-10-20 22:00:00,1839.165148802742,1428.421076385619,2766.1886596779623
forecast_7031,2025-10-20 23:00:00,1916.1622522591206,1529.2575795045586,2747.7796753029625
forecast_7032,2025-10-21 00:00:00,2056.347321435417,1817.0020847416108,2808.9574298271673
forecast_7033,2025-10-21 01:00:00,2330.442582775275,2399.8561864722924,3022.0284337018584
forecast_7034,2025-10-21 02:00:00,2516.3153826782027,2284.290854479287,3159.83380779624
forecast_7035,2025-10-21 03:00:00,2313.763739719535,2029.7181464530222,3159.55732220245
forecast_7036,2025-10-21 04:00:00,2128.580377141965,1947.7235610790103,3156.351930680978
forecast_7037,2025-10-21 05:00:00,1940.702752863178,1862.5342567819935,3078.943677657648
forecast_7038,2025-10-21 06:00:00,1896.03900504773,1764.4593969054386,2951.3549629971135
forecast_7039,2025-10-21 07:00:00,1913.3802969086719,1695.8233099791614,2903.1359887258714
forecast_7040,2025-10-21 08:00:00,1870.2956430941804,1534.0394825906933,2840.902978420998
forecast_7041,2025-10-21 09:00:00,1714.723004640462,1411.0849633402413,2767.4256998147434
forecast_7042,2025-10-21 10:00:00,1604.09469345238,1409.4813092846762,2654.2257272790735
forecast_7043,2025-10-21 11:00:00,1572.4844558493523,1382.223736640478,2561.019451856979
forecast_7044,2025-10-21 12:00:00,1502.282033831506,1380.0327540198396,2545.5090842315926
forecast_7045,2025-10-21 13:00:00,1547.2146798347412,1479.510583849892,2511.33082371328
forecast_7046,2025-10-21 14:00:00,1573.2520975719717,1346.0757677595884,2627.569715649175
forecast_7047,2025-10-21 15:00:00,1532.550959664466,1248.9565926106934,2737.0261895881845
forecast_7048,2025-10-21 16:00:00,1542.963320847979,1312.4147586991567,2798.607272236884
forecast_7049,2025-10-21 17:00:00,1569.183771515286,1380.4760030961133,2806.476498746936
forecast_7050,2025-10-21 18:00:00,1724.4065713728778,1607.613711733119,2804.293576841452
forecast_7051,2025-10-21 19:00:00,1747.473881897512,1600.962044498392,2829.6597317629717
forecast_7052,2025-10-21 20:00:00,1741.3771319569769,1609.8995481892844,2890.2653712768065
forecast_7053,2025-10-21 21:00:00,1837.75500987745,1684.9056846591739,2981.9409219876197
forecast_7054,2025-10-21 22:00:00,1986.3577084283252,1922.6938807080487,3041.672748603496
forecast_7055,2025-10-21 23:00:00,1960.6849794661402,1939.233077219741,3064.832060508945
forecast_7056,2025-10-22 00:00:00,1961.07886380932,1710.583065281522,3094.0468788920007
forecast_7057,2025-10-22 01:00:00,1652.0783450706904,1718.6163542954482,2916.6127334683283
forecast_7058,2025-10-22 02:00:00,1626.746938167401,1684.1626691790625,2955.5374715311364
forecast_7059,2025-10-22 03:00:00,1642.4167851623552,1723.83011059593,2985.045569925049
forecast_7060,2025-10-22 04:00:00,1739.6183429192224,1781.2200348158667,2973.8187359026283
forecast_7061,2025-10-22 05:00:00,1873.8790122446435,1947.135387029367,3045.437230123988
forecast_7062,2025-10-22 06:00:00,2090.6134465662926,1867.0163138116795,3193.5711996231244
forecast_7063,2025-10-22 07:00:00,2406.799736929829,2186.3283939198036,3316.245912645855
forecast_7064,2025-10-22 08:00:00,2705.7209165243157,2625.4926185572795,3557.7538432920583
forecast_7065,2025-10-22 09:00:00,2601.6160145409403,2496.0626230693133,3928.1778824987105
forecast_7066,2025-10-22 10:00:00,2433.778079333835,2573.139512336281,3455.5985311546697
forecast_7067,2025-10-22 11:00:00,2383.684996344088,2581.564340990659,3575.61488991107
forecast_7068,2025-10-22 12:00:00,2226.1646982735283,2592.3958406435368,3644.0160394077056
forecast_7069,2025-10-22 13:00:00,2218.272109886776,2322.1129940542614,3507.30449188467
forecast_7070,2025-10-22 14:00:00,2221.852248237683,2278.4254562778497,3606.930345826484
forecast_7071,2025-10-22 15:00:00,2195.696875412784,2277.659661677182,3516.138953930941
forecast_7072,2025-10-22 16:00:00,2237.689262158633,2656.678968578127,3255.940609966046
forecast_7073,2025-10-22 17:00:00,2501.4275140085965,2564.103872029872,3097.460685660614
forecast_7074,2025-10-22 18:00:00,2454.6445630357794,2257.1762872566633,3021.263156078694
forecast_7075,2025-10-22 19:00:00,2540.3281484980107,2191.3804864975664,2926.9057076237286
forecast_7076,2025-10-22 20:00:00,2843.433600596359,2273.1050506023194,2837.687638801544
forecast_7077,2025-10-22 21:00:00,2895.899126089144,2274.2994674738693,2799.243730719876
forecast_7078,2025-10-22 22:00:00,2883.317017152782,2063.4387079520257,2834.126855167261
forecast_7079,2025-10-22 23:00:00,2680.9478946625295,2054.91592354578,2820.9558510556053
forecast_7080,2025-10-23 00:00:00,2451.8043021761487,1907.5419066802688,2812.2751430611497
forecast_7081,2025-10-23 01:00:00,2420.7616733968907,2011.5283661767726,2813.978097047303
forecast_7082,2025-10-23 02:00:00,2230.376423263583,1832.5233185255047,2799.994687236149
forecast_7083,2025-10-23 03:00:00,2083.78701647617,1765.0205949465353,2755.743634607597
forecast_7084,2025-10-23 04:00:00,1881.0148738712924,1580.8472321790723,2726.3077331069785
forecast_7085,2025-10-23 05:00:00,1771.6819042728212,1544.5542223198318,2723.0213268569787
forecast_7086,2025-10-23 06:00:00,1720.3041315829041,1555.1059787106815,2710.2760143569785
forecast_7087,2025-10-23 07:00:00,1720.0419441071663,1547.1244552731814,2693.2749206069784
forecast_7088,2025-10-23 08:00:00,1752.0079949811416,1607.2544262880074,2680.6139831069786
forecast_7089,2025-10-23 09:00:00,1702.7866507123645,1473.0088646332806,2658.0582018569785
forecast_7090,2025-10-23 10:00:00,1568.421592465018,1408.863132472453,2578.7710143569784
forecast_7091,2025-10-23 11:00:00,1501.3862920221845,1402.924225309178,2573.3787487319787
forecast_7092,2025-10-23 12:00:00,1508.3158563486768,1394.6976765383097,2561.8407018569787
forecast_7093,2025-10-23 13:00:00,1507.7650227014292,1329.5326323728223,2573.1033581069787
forecast_7094,2025-10-23 14:00:00,1576.076533093169,1567.2115122419973,2663.7573604732966
forecast_7095,2025-10-23 15:00:00,1670.6274895681054,1797.6287703598546,2677.0426729732967
forecast_7096,2025-10-23 16:00:00,1658.7371786464382,1548.8445348082687,2758.6022643569786
forecast_7097,2025-10-23 17:00:00,1585.029968495286,1455.938985804245,2828.5008835290737
forecast_7098,2025-10-23 18:00:00,1604.0656761444097,1426.3531995311732,2833.426248731979
forecast_7099,2025-10-23 19:00:00,1640.670115713183,1497.690449636827,2890.327279730369
forecast_7100,2025-10-23 20:00:00,1792.9625578623363,1547.495403126305,2908.3671992132327
forecast_7101,2025-10-23 21:00:00,1742.9654707754016,1493.3558927586746,2925.121080421384
forecast_7102,2025-10-23 22:00:00,1728.9880601594268,1616.360105195533,2937.999517921384
forecast_7103,2025-10-23 23:00:00,1778.5848581837154,1787.5639509051935,2948.3281692664923
forecast_7104,2025-10-24 00:00:00,1882.4657923865498,1733.7407227010663,3098.6513924417086
forecast_7105,2025-10-24 01:00:00,2242.0643365981005,2061.256162217738,3196.5673213841287
forecast_7106,2025-10-24 02:00:00,2483.8265373636123,2604.5232368902907,3268.289657583695
forecast_7107,2025-10-24 03:00:00,2625.035036259841,2257.733799919485,3407.3387217489253
forecast_7108,2025-10-24 04:00:00,2805.213887124613,2624.116702209797,3544.031620649774
forecast_7109,2025-10-24 05:00:00,3239.7726254666145,3819.077806871173,3801.5292536102024
forecast_7110,2025-10-24 06:00:00,3350.2735381595935,3619.4618633062996,4316.188692427175
forecast_7111,2025-10-24 07:00:00,3589.593128883428,3591.232776760896,4604.737657551765
forecast_7112,2025-10-24 08:00:00,3742.0866498375076,3745.553145312155,4757.282834516585
forecast_7113,2025-10-24 09:00:00,3528.254472704801,3400.4115567681474,4341.924272256997
forecast_7114,2025-10-24 10:00:00,2888.2754105704166,2968.0001657396097,4255.202920449226
forecast_7115,2025-10-24 11:00:00,2830.518074185858,2476.3089356168593,4070.084591987471
forecast_7116,2025-10-24 12:00:00,2690.2111786647856,3078.9753810230295,3828.416989115488
forecast_7117,2025-10-24 13:00:00,2769.8383395798023,2714.581650070272,3735.5311088843137
forecast_7118,2025-10-24 14:00:00,2743.389100469537,3093.128940006302,3718.7451624225378
forecast_7119,2025-10-24 15:00:00,2876.1785505491284,3125.773584989304,3476.804198678315
forecast_7120,2025-10-24 16:00:00,3244.1392899122443,3378.621398198342,3459.9610307816856
forecast_7121,2025-10-24 17:00:00,3712.240935260876,3709.912647813157,3343.9878299742504
forecast_7122,2025-10-24 18:00:00,3973.4437332958237,3510.599270766263,3273.1346470018448
forecast_7123,2025-10-24 19:00:00,4088.4610076084386,3706.7002369565125,3265.9461170309205
forecast_7124,2025-10-24 20:00:00,3936.636175446637,3396.5379272237196,3234.5278921268145
forecast_7125,2025-10-24 21:00:00,3846.765665636952,3162.505142500415,3255.505786425642
forecast_7126,2025-10-24 22:00:00,3856.8197924011633,2939.141092788588,3261.31809584513
forecast_7127,2025-10-24 23:00:00,3759.1568764975123,3244.2342361322303,3194.4700424949783
forecast_7128,2025-10-25 00:00:00,3483.2777692501386,3486.267617929584,3255.049925427666
forecast_7129,2025-10-25 01:00:00,3352.2724184436647,3511.0184994761203,3349.998387403332
forecast_7130,2025-10-25 02:00:00,3287.3000099777255,3758.6935203923344,3383.4828353251146
forecast_7131,2025-10-25 03:00:00,3212.4055655009906,3898.4403257592708,3501.872184466679
forecast_7132,2025-10-25 04:00:00,3012.720720553752,3848.39438372233,3871.31174340872
forecast_7133,2025-10-25 05:00:00,3056.8340672399954,3622.777994330614,3670.5814427873697
forecast_7134,2025-10-25 06:00:00,3220.247296902047,3378.2939307756033,3540.582718365476
forecast_7135,2025-10-25 07:00:00,3076.069720270662,3515.8752873021676,3493.4348845607146
forecast_7136,2025-10-25 08:00:00,2999.7920760127145,3423.184020472527,3414.14409854002
forecast_7137,2025-10-25 09:00:00,2697.487834241271,2571.7960078534315,3188.417684950637
forecast_7138,2025-10-25 10:00:00,2194.3985868331165,2216.5872602436675,2961.044789517777
forecast_7139,2025-10-25 11:00:00,1944.8035099879453,1911.5720622509034,2864.867351325015
forecast_7140,2025-10-25 12:00:00,1730.399226254557,1629.2486076961868,2772.7868298332482
forecast_7141,2025-10-25 13:00:00,1818.1094383502896,1572.5554115888099,2795.599874130495
forecast_7142,2025-10-25 14:00:00,1789.3925043546233,1556.0145442096828,2820.154048248483
forecast_7143,2025-10-25 15:00:00,1779.647331114481,1452.159972673011,2835.518336274192
forecast_7144,2025-10-25 16:00:00,1923.9256154587301,1569.6540206937516,2930.0038260187525
forecast_7145,2025-10-25 17:00:00,2088.4473496343862,1554.6839740251025,3018.8460252515288
forecast_7146,2025-10-25 18:00:00,2275.4575973013752,1696.2460973317857,3031.571845106539
forecast_7147,2025-10-25 19:00:00,2293.505553380791,1682.4083949149772,3011.4201089417697
forecast_7148,2025-10-25 20:00:00,2161.6916916629752,1656.1247760442766,3015.912937638144
forecast_7149,2025-10-25 21:00:00,2202.9449507262852,1606.1869622947424,2980.6429309628325
forecast_7150,2025-10-25 22:00:00,2176.744912079751,1630.9431640374505,2950.9123575218746
forecast_7151,2025-10-25 23:00:00,2263.0174813204994,1778.5817823767811,3017.47738142545
forecast_7152,2025-10-26 00:00:00,2240.678171310269,1762.730768994301,3077.583395462973
forecast_7153,2025-10-26 01:00:00,2080.9561479897093,1751.1967428322769,2901.9255707897923
forecast_7154,2025-10-26 02:00:00,2066.7645997764366,1643.5436726840444,2918.1172864425207
forecast_7155,2025-10-26 03:00:00,2201.0488714934154,1691.375931297447,2943.9946791308894
forecast_7156,2025-10-26 04:00:00,2477.8244681436963,1884.7372144502133,2993.7667966979943
forecast_7157,2025-10-26 05:00:00,2807.2919243126908,2163.7434637741026,3257.439699566322
forecast_7158,2025-10-26 06:00:00,3434.513458357224,2591.25616696374,3330.405139803581
forecast_7159,2025-10-26 07:00:00,3877.5224139819315,3259.571009347378,3596.005556120959
forecast_7160,2025-10-26 08:00:00,3824.007081169489,3888.324011489881,4118.8794596467305
forecast_7161,2025-10-26 09:00:00,4446.869516257889,3845.3797239955156,4022.749658243522
forecast_7162,2025-10-26 10:00:00,3537.6865353235953,2941.73710498283,3366.520612008576
forecast_7163,2025-10-26 11:00:00,3613.0866933696307,2971.108403671402,3339.2952305895383
forecast_7164,2025-10-26 12:00:00,3513.7434186074843,3223.4071152116635,3601.6951229081537
forecast_7165,2025-10-26 13:00:00,3654.5302095105662,3403.7837003684044,3617.4451792392792
forecast_7166,2025-10-26 14:00:00,4090.275949692204,3788.480884248081,3732.521181208107
forecast_7167,2025-10-26 15:00:00,4923.733726985152,4286.029587824001,4030.931666524847
forecast_7168,2025-10-26 16:00:00,5708.183142514416,5116.416608516142,4610.622570268493
forecast_7169,2025-10-26 17:00:00,6260.927927132898,6052.671524204958,5552.083100701836
forecast_7170,2025-10-26 18:00:00,7026.831382544159,7459.01867725624,6613.871105613044
forecast_7171,2025-10-26 19:00:00,7769.844522529238,9252.40242416094,8092.275512505605
forecast_7172,2025-10-26 20:00:00,9327.145105382497,11498.2323200392,8935.400730226458
forecast_7173,2025-10-26 21:00:00,10601.127303202918,13066.737442553931,10322.913837191434
forecast_7174,2025-10-26 22:00:00,12491.913343056855,13705.607694175455,11141.577699772879
forecast_7175,2025-10-26 23:00:00,13754.118567127949,14144.021149231534,11865.610568999728
forecast_7176,2025-10-27 00:00:00,14901.230069921436,15435.704442295417,13080.712807275404
forecast_7177,2025-10-27 01:00:00,15632.648442253867,15942.396294374845,12643.511688276812
forecast_7178,2025-10-27 02:00:00,16671.856199884314,16875.812527367125,14171.690843434379
forecast_7179,2025-10-27 03:00:00,16832.53162966373,18150.954239960563,14986.774440227262
forecast_7180,2025-10-27 04:00:00,16639.56415535571,18243.16676016673,15290.040683532436
forecast_7181,2025-10-27 05:00:00,15858.787071041046,17399.599253916953,14050.97968313923
forecast_7182,2025-10-27 06:00:00,14348.66873755592,16052.82592969888,13294.313907008705
forecast_7183,2025-10-27 07:00:00,13439.680655834072,15790.007703597654,12788.998968137315
forecast_7184,2025-10-27 08:00:00,12681.879187535611,15799.807150429311,12379.811483158439
forecast_7185,2025-10-27 09:00:00,12177.233737746632,14401.248593233715,11089.978951268055
forecast_7186,2025-10-27 10:00:00,11191.021192190601,12282.789645844949,9991.78275896719
forecast_7187,2025-10-27 11:00:00,10707.574295986891,11655.093873044101,9466.575893572357
forecast_7188,2025-10-27 12:00:00,11305.810703319934,11319.900790724856,9230.677545312417
forecast_7189,2025-10-27 13:00:00,11822.070452472559,11994.318679990389,8991.137361405494
forecast_7190,2025-10-27 14:00:00,12162.61416755912,12206.08341535772,8829.361909871255
forecast_7191,2025-10-27 15:00:00,12857.258846241752,13015.025994434067,9323.306005191322
forecast_7192,2025-10-27 16:00:00,13642.32236173312,13448.885375607373,9667.900449081839
forecast_7193,2025-10-27 17:00:00,14437.104146711868,14117.602012464573,10890.638779689376
forecast_7194,2025-10-27 18:00:00,14645.945020814508,14554.809940453793,10350.186831331546
forecast_7195,2025-10-27 19:00:00,14527.08410170702,14273.785431158241,9959.516643606232
forecast_7196,2025-10-27 20:00:00,14249.543290962396,13483.60052690832,9505.088730295922
forecast_7197,2025-10-27 21:00:00,13692.685139428604,12894.665180766562,9588.682398479541
forecast_7198,2025-10-27 22:00:00,12354.563266600162,11406.029119167262,9613.969654041925
forecast_7199,2025-10-27 23:00:00,10983.215254953326,11118.139467007564,10132.301928572546
forecast_7200,2025-10-28 00:00:00,11122.328608846881,12215.932248414509,9540.525829434546
forecast_7201,2025-10-28 01:00:00,12075.187060835646,12388.384014874257,11500.683056069682
forecast_7202,2025-10-28 02:00:00,12274.948766981926,13095.13206514886,11074.922152769926
forecast_7203,2025-10-28 03:00:00,11658.893097258355,13759.369244058287,10651.309287365617
forecast_7204,2025-10-28 04:00:00,11337.127568844524,13503.122619613878,10339.861599637497
forecast_7205,2025-10-28 05:00:00,10932.867973217097,13082.911892114858,9164.449280182853
forecast_7206,2025-10-28 06:00:00,10300.829269929358,12110.148729496701,8473.315526373251
forecast_7207,2025-10-28 07:00:00,9878.39497156965,11484.405736099096,7767.9508314822415
forecast_7208,2025-10-28 08:00:00,9402.038284101125,10851.553304064575,7259.3213889372855
forecast_7209,2025-10-28 09:00:00,7491.874927925164,6706.054231481652,6098.8122030652785
forecast_7210,2025-10-28 10:00:00,5851.369385023987,5186.3566667377845,5217.142236208861
forecast_7211,2025-10-28 11:00:00,4765.796896463612,4146.199174760917,4408.2726778409115
forecast_7212,2025-10-28 12:00:00,4490.556755793426,3778.1913185157246,4119.626508369074
forecast_7213,2025-10-28 13:00:00,4644.988250600117,3456.7544886751443,4146.17972328502
forecast_7214,2025-10-28 14:00:00,4830.645606449218,3398.0216935290614,4112.394344976051
forecast_7215,2025-10-28 15:00:00,5110.225696268365,3464.9557460593164,4181.742107901911
forecast_7216,2025-10-28 16:00:00,4939.011956954126,3851.9064790848056,4329.549077846024
forecast_7217,2025-10-28 17:00:00,5743.234959437542,4901.802385359986,4949.9861852322065
forecast_7218,2025-10-28 18:00:00,6413.543314568053,6263.3500907079215,5850.12473222859
forecast_7219,2025-10-28 19:00:00,6990.619534402992,7578.9898181665385,6725.100546645413
forecast_7220,2025-10-28 20:00:00,7774.248925367126,9605.30437110013,7446.225605018396
forecast_7221,2025-10-28 21:00:00,8382.201235665467,10590.043423315707,7744.906705548445
forecast_7222,2025-10-28 22:00:00,8638.820391433932,11135.598472124919,7493.775041968799
forecast_7223,2025-10-28 23:00:00,8972.398170063043,10328.231378659373,7462.795686427123
forecast_7224,2025-10-29 00:00:00,9011.96855674991,9384.37521636561,7226.660234968854
forecast_7225,2025-10-29 01:00:00,7363.354491777798,8637.296969864017,6261.492307089245
forecast_7226,2025-10-29 02:00:00,6528.805375409723,7553.8284239728055,5439.004429861842
forecast_7227,2025-10-29 03:00:00,5710.235561618565,6571.219279362916,4989.499958912566
forecast_7228,2025-10-29 04:00:00,5178.9739039910355,5836.190351313115,4798.225135434226
forecast_7229,2025-10-29 05:00:00,4411.053575615642,4676.783256733606,4580.963138580736
forecast_7230,2025-10-29 06:00:00,3409.5067372344306,3353.6337237748753,4196.958164878289
forecast_7231,2025-10-29 07:00:00,2681.9236289012433,2534.956785158547,3632.219219720724
forecast_7232,2025-10-29 08:00:00,2148.0505892043357,2136.9237078001415,3329.765378288323
forecast_7233,2025-10-29 09:00:00,1708.398385805568,1799.9111076837517,2959.918755346718
forecast_7234,2025-10-29 10:00:00,1450.902332870547,1618.817820967407,2709.259764356979
forecast_7235,2025-10-29 11:00:00,1327.9486752110806,1566.4580406183213,2601.5271862319787
forecast_7236,2025-10-29 12:00:00,1347.1230111485802,1605.6049486226848,2486.7239831069787
forecast_7237,2025-10-29 13:00:00,1378.20769864858,1525.0463939351848,2484.354920606979
forecast_7238,2025-10-29 14:00:00,1404.3948740058886,1397.1131517476842,2537.6501549819786
forecast_7239,2025-10-29 15:00:00,1452.2144562778303,1364.5794408101847,2557.8216393569787
forecast_7240,2025-10-29 16:00:00,1573.0762887760047,1342.4422374228288,2602.3756237319785
forecast_7241,2025-10-29 17:00:00,1782.5315604907992,1478.779982404686,2688.8257879295056
forecast_7242,2025-10-29 18:00:00,1854.305226765221,1707.3201951196788,2902.980191468894
forecast_7243,2025-10-29 19:00:00,2169.5289906838825,2142.2154257314905,3345.189597091164
forecast_7244,2025-10-29 20:00:00,2447.9368564233982,2672.226026361257,3752.855017902755
forecast_7245,2025-10-29 21:00:00,2829.7206564327957,3463.6787931925323,4788.148409233595
forecast_7246,2025-10-29 22:00:00,3442.9629391670464,4145.393501066041,5801.660375711879
forecast_7247,2025-10-29 23:00:00,4066.248993488944,4325.499401065024,6164.271174278277
forecast_7248,2025-10-30 00:00:00,4822.873687681207,5101.271877529658,6864.814419256691
forecast_7249,2025-10-30 01:00:00,5352.547789346006,5954.721260140826,7439.815502376869
forecast_7250,2025-10-30 02:00:00,6250.16719068751,8413.166177553278,8619.60915484699
forecast_7251,2025-10-30 03:00:00,9196.335357603231,12275.165152420273,10231.906968358695
forecast_7252,2025-10-30 04:00:00,11183.258335858856,13732.800643194816,10706.209239192343
forecast_7253,2025-10-30 05:00:00,11815.370164427619,12662.990114400296,11022.576589878092
forecast_7254,2025-10-30 06:00:00,11202.718973183346,11572.576448521617,11040.29676675683
forecast_7255,2025-10-30 07:00:00,9153.954751456005,9760.493985428231,9314.323370236005
forecast_7256,2025-10-30 08:00:00,8045.253382547958,7639.3341383819925,7649.393655638813
forecast_7257,2025-10-30 09:00:00,7028.696614817581,6412.981186985785,6473.4812182811065
forecast_7258,2025-10-30 10:00:00,5089.877594096462,4206.55484589435,4858.760213034588
forecast_7259,2025-10-30 11:00:00,3439.8476431035183,2734.3945508589713,3616.883919248533
forecast_7260,2025-10-30 12:00:00,2640.5073159802987,2277.5389562123573,3308.7736240405275
forecast_7261,2025-10-30 13:00:00,2314.8088022958327,1946.7604096959994,3160.883641840758
forecast_7262,2025-10-30 14:00:00,2198.1203678412485,1830.3119370607174,3049.3836768347933
forecast_7263,2025-10-30 15:00:00,2089.0802761607256,1687.0955420575501,3000.827220528596
forecast_7264,2025-10-30 16:00:00,2299.340922341352,1596.0150682684925,3095.84977899103
forecast_7265,2025-10-30 17:00:00,2842.945580994884,2017.8498022607228,3288.9449398416646
forecast_7266,2025-10-30 18:00:00,3113.3108218093926,2380.742687823943,3641.1231103922532
forecast_7267,2025-10-30 19:00:00,2962.048811021282,2130.1341228347546,3474.3988216839784
forecast_7268,2025-10-30 20:00:00,2932.067250056642,2011.368521717989,3794.522141382106
forecast_7269,2025-10-30 21:00:00,2957.607913762881,2020.5857810852294,3726.9418372567416
forecast_7270,2025-10-30 22:00:00,2424.797569345589,1885.002120797637,3294.3029522528686
forecast_7271,2025-10-30 23:00:00,2058.1219159002912,1770.963013494903,3179.452726581102
forecast_7272,2025-10-31 00:00:00,1901.19937548893,1639.2988623999508,3141.2167596626814
forecast_7273,2025-10-31 01:00:00,1694.6964826268568,1734.7473630290324,2903.238140153268
forecast_7274,2025-10-31 02:00:00,1574.3136866647155,1673.9018081878303,2852.437366594958
forecast_7275,2025-10-31 03:00:00,1580.4593940236055,1670.2349171724309,2841.2900831287575
forecast_7276,2025-10-31 04:00:00,1549.796691282364,1695.5071089265966,2801.9965216320034
forecast_7277,2025-10-31 05:00:00,1713.1663835013214,1806.9818050552658,2757.0262570459927
forecast_7278,2025-10-31 06:00:00,1760.8092599378288,1669.0556755036368,2753.6120152963786
forecast_7279,2025-10-31 07:00:00,1784.7559076401567,1780.8334734737846,2778.7934553366613
forecast_7280,2025-10-31 08:00:00,1863.0712432369846,1757.064712473527,2717.915916372379
forecast_7281,2025-10-31 09:00:00,1793.9337553035975,1621.3179388467588,2658.5118361894147
forecast_7282,2025-10-31 10:00:00,1661.1999899179773,1496.9506274058576,2617.046064303199
forecast_7283,2025-10-31 11:00:00,1666.8332967629049,1492.2152518217426,2599.7529762795702
forecast_7284,2025-10-31 12:00:00,1600.5214231624877,1554.72723881606,2550.563673716707
forecast_7285,2025-10-31 13:00:00,1520.8471015298546,1505.6829827320935,2541.300779981979
forecast_7286,2025-10-31 14:00:00,1617.6728515370696,1709.495588773466,2591.270936231979
forecast_7287,2025-10-31 15:00:00,1687.976836060925,1588.914690335966,2658.8267174819784
forecast_7288,2025-10-31 16:00:00,1825.2238930140402,1891.8376008813902,2719.963912929506
forecast_7289,2025-10-31 17:00:00,2146.6272926163174,2196.048347466397,2803.0311913372525
forecast_7290,2025-10-31 18:00:00,2603.916182008261,2654.8517988031927,3306.3866983924304
forecast_7291,2025-10-31 19:00:00,3635.830703098187,3945.4312252166537,3818.862295671477
forecast_7292,2025-10-31 20:00:00,4352.8305072689245,4943.772565235406,4876.517400660243
forecast_7293,2025-10-31 21:00:00,6288.030543773892,6572.302122053766,6321.176243184118
forecast_7294,2025-10-31 22:00:00,7841.082192845425,8399.363259873846,7492.19872098071
forecast_7295,2025-10-31 23:00:00,9057.126052852533,10338.686756146746,7980.98691296843
forecast_7296,2025-11-01 00:00:00,9528.593795124147,12313.616965075355,8452.262735651222
forecast_7297,2025-11-01 01:00:00,10124.797539641024,12944.082852877153,8479.086840820251
forecast_7298,2025-11-01 02:00:00,10104.137947112864,13598.047447748424,9006.61093232456
forecast_7299,2025-11-01 03:00:00,10110.603208621906,11653.998389423085,9634.831029860441
forecast_7300,2025-11-01 04:00:00,10369.836417206734,10559.364840888666,10554.269200947714
forecast_7301,2025-11-01 05:00:00,10614.49551119895,10699.168820694587,10945.714466547746
forecast_7302,2025-11-01 06:00:00,11320.376008262847,11772.808554090374,11277.100448415333
forecast_7303,2025-11-01 07:00:00,12259.203351030936,12977.631388770184,11605.192611778722
forecast_7304,2025-11-01 08:00:00,13275.780338487524,13993.066382277702,12075.9965010707
forecast_7305,2025-11-01 09:00:00,13797.311803146049,14960.100579994418,12002.15469887754
forecast_7306,2025-11-01 10:00:00,14361.004321426375,15310.948122532758,11682.08648036385
forecast_7307,2025-11-01 11:00:00,14589.633175842191,15352.245901157841,10874.868846073347
forecast_7308,2025-11-01 12:00:00,14087.664742135978,15154.742329416567,9698.131005279753
forecast_7309,2025-11-01 13:00:00,13985.250304898189,13981.861156604135,9291.582285467222
forecast_7310,2025-11-01 14:00:00,13598.607157956092,13163.820331382005,8804.708983155871
forecast_7311,2025-11-01 15:00:00,13290.712862612832,12458.943697937477,8839.578858142077
forecast_7312,2025-11-01 16:00:00,13349.718313660862,12091.427172602838,9375.70268440105
forecast_7313,2025-11-01 17:00:00,13657.855348256644,12633.575412045157,9912.427863594308
forecast_7314,2025-11-01 18:00:00,14350.640639170255,13380.68953839891,10644.226224802434
forecast_7315,2025-11-01 19:00:00,15259.74933778444,14215.19913814869,11551.140612872181
forecast_7316,2025-11-01 20:00:00,15638.598603224018,15959.717680840266,12758.5239473239
forecast_7317,2025-11-01 21:00:00,15796.883421091356,16801.0492211134,12702.14962017316
forecast_7318,2025-11-01 22:00:00,15410.586604535674,17105.94485094129,12208.418370193938
forecast_7319,2025-11-01 23:00:00,15878.897494689834,17095.02513934415,12939.351383465393
forecast_7320,2025-11-02 00:00:00,15976.741531546337,16737.055007871677,13195.912373959109
forecast_7321,2025-11-02 01:00:00,15944.766359869496,16380.54024502214,12931.293478811569
forecast_7322,2025-11-02 02:00:00,15756.268213604064,16383.568328897178,12979.4909926551
forecast_7323,2025-11-02 03:00:00,16031.211421647724,15734.214207292793,12807.682748070913
forecast_7324,2025-11-02 04:00:00,16023.264136380421,15180.203265907252,13155.418455797182
forecast_7325,2025-11-02 05:00:00,16363.215669796831,16115.182330941647,13190.724677065595
forecast_7326,2025-11-02 06:00:00,16553.004821332004,16904.443581585856,13365.588804827243
forecast_7327,2025-11-02 07:00:00,16622.82972089576,17515.11597090191,14297.691845645415
forecast_7328,2025-11-02 08:00:00,16939.260599261834,18018.155233267677,14739.918184192087
forecast_7329,2025-11-02 09:00:00,16767.10150242743,18126.538208864993,14639.145691744598
forecast_7330,2025-11-02 10:00:00,16809.341126840874,18209.63803377561,14689.313786434479
forecast_7331,2025-11-02 11:00:00,16543.176240888395,17774.42344328417,14382.875178479513
forecast_7332,2025-11-02 12:00:00,16023.165057830254,17493.013721807958,13174.747636478492
forecast_7333,2025-11-02 13:00:00,15178.937545379526,16145.683414650099,11866.305746773738
forecast_7334,2025-11-02 14:00:00,14506.449600438145,15829.119444288364,10638.887684793151
forecast_7335,2025-11-02 15:00:00,14521.91885098554,15203.287350330927,10345.416598998874
forecast_7336,2025-11-02 16:00:00,14029.356354664757,14470.60347875608,9845.394340677598
forecast_7337,2025-11-02 17:00:00,13687.390871631595,14042.04934454722,9332.356025393521
forecast_7338,2025-11-02 18:00:00,13283.368576483394,12851.865227654038,9097.194940010124
forecast_7339,2025-11-02 19:00:00,13395.246803562488,11864.504162988822,9542.686376384936
forecast_7340,2025-11-02 20:00:00,12002.778173689901,10276.484990106024,9017.265078761733
forecast_7341,2025-11-02 21:00:00,9994.326461571754,9497.330575455226,7777.188516141107
forecast_7342,2025-11-02 22:00:00,8758.219388316182,9007.734696649282,7679.298216555233
forecast_7343,2025-11-02 23:00:00,7870.899894172144,7399.521690317786,7533.455495194807
forecast_7344,2025-11-03 00:00:00,7184.309482188116,6762.862205263204,7172.657675629191
forecast_7345,2025-11-03 01:00:00,6377.508051924463,4955.864603616988,6971.041090856517
forecast_7346,2025-11-03 02:00:00,5001.792520158952,4118.023596333207,6320.099804182741
forecast_7347,2025-11-03 03:00:00,3991.634137771244,3149.2565742285747,5543.030283689872
forecast_7348,2025-11-03 04:00:00,3095.120500168229,2422.200353026482,5028.400279923288
forecast_7349,2025-11-03 05:00:00,2978.505866947361,2387.6257702894827,4707.635505440499
forecast_7350,2025-11-03 06:00:00,3253.099331341744,3470.6880397381974,4793.317650615212
forecast_7351,2025-11-03 07:00:00,3885.868151226659,4015.2382207304913,4986.472399536118
forecast_7352,2025-11-03 08:00:00,3245.770103557152,4097.812511635854,5054.074119934249
forecast_7353,2025-11-03 09:00:00,2444.871102553034,3163.034927565923,4734.7210147717815
forecast_7354,2025-11-03 10:00:00,2090.674136881161,2405.254846334491,3753.729967061533
forecast_7355,2025-11-03 11:00:00,1756.3990289037092,1772.8193767599196,3205.988536508125
forecast_7356,2025-11-03 12:00:00,1571.39041509655,1554.623306984976,2953.602587156671
forecast_7357,2025-11-03 13:00:00,1468.1089589404355,1579.6044322782245,2804.8982585159665
forecast_7358,2025-11-03 14:00:00,1454.7963800401758,1508.981454894315,2761.970310397067
forecast_7359,2025-11-03 15:00:00,1507.1670390610388,1554.1420354185993,2714.2721081069785
forecast_7360,2025-11-03 16:00:00,1658.0471933491854,1668.196356135284,2771.5983581069786
forecast_7361,2025-11-03 17:00:00,1847.935187877908,1795.562849845951,2828.0723324636183
forecast_7362,2025-11-03 18:00:00,2262.9452751408944,2130.3054091162776,2947.622182814594
forecast_7363,2025-11-03 19:00:00,2796.1299962936687,2725.48921538612,3182.1490910416173
forecast_7364,2025-11-03 20:00:00,3443.1607314594935,3638.36592278843,3621.1184428858633
forecast_7365,2025-11-03 21:00:00,4632.870282947272,5070.973238277471,4481.601508076881
forecast_7366,2025-11-03 22:00:00,6236.339307778918,6380.350974941285,5392.719471012364
forecast_7367,2025-11-03 23:00:00,7870.437530084113,7064.116443342832,6307.62347109988
forecast_7368,2025-11-04 00:00:00,8408.620665388995,7975.89374631154,7726.000731215743
forecast_7369,2025-11-04 01:00:00,10083.912270898134,10661.42206918311,7421.132175107234
forecast_7370,2025-11-04 02:00:00,10545.161715264669,11508.206294314705,7933.985003736521
forecast_7371,2025-11-04 03:00:00,11016.47811612445,13353.980420143229,8139.023970165252
forecast_7372,2025-11-04 04:00:00,11588.451338094437,14236.435361446242,8381.09832847111
forecast_7373,2025-11-04 05:00:00,12404.446101272599,14445.133190931356,8739.303408364376
forecast_7374,2025-11-04 06:00:00,12787.120328649573,15793.42406172062,9625.756828958623
forecast_7375,2025-11-04 07:00:00,13387.573081175491,16666.953493378693,9956.241482697234
forecast_7376,2025-11-04 08:00:00,13663.073352636098,16484.86869868706,11600.198996733603
forecast_7377,2025-11-04 09:00:00,12412.707126831341,15948.981827224256,11895.646907665921
forecast_7378,2025-11-04 10:00:00,11560.818265411865,13974.174403664416,10835.586689929776
forecast_7379,2025-11-04 11:00:00,10960.60338584584,13074.323020623582,10568.67440665102
forecast_7380,2025-11-04 12:00:00,10300.087546573755,11433.776281892997,9603.434481042195
forecast_7381,2025-11-04 13:00:00,10001.281377487341,10227.207405100726,8630.267004270987
forecast_7382,2025-11-04 14:00:00,9345.333347830863,8987.377057142565,8302.80524733977
forecast_7383,2025-11-04 15:00:00,9192.736781518552,9749.57694607311,7968.634946905811
forecast_7384,2025-11-04 16:00:00,9877.792664893284,8916.244163855677,8110.724943526739
forecast_7385,2025-11-04 17:00:00,10055.43368603459,9891.760187115364,8486.835712448836
forecast_7386,2025-11-04 18:00:00,10061.70081483624,11399.572136813558,8187.46341408996
forecast_7387,2025-11-04 19:00:00,10864.366868680008,12904.531475575037,8490.094480346273
forecast_7388,2025-11-04 20:00:00,11030.989256053464,12760.135457371893,8565.833438460024
forecast_7389,2025-11-04 21:00:00,10088.29621782247,11680.844158741489,8120.4044453858
forecast_7390,2025-11-04 22:00:00,9754.608558446182,10391.544857418721,7956.518237081231
forecast_7391,2025-11-04 23:00:00,7979.462406753996,8781.974423846284,7144.563576524846
forecast_7392,2025-11-05 00:00:00,6831.129054853396,7334.158684640286,6552.264880519068
forecast_7393,2025-11-05 01:00:00,6595.216272742436,7194.834869822848,6287.337090453555
forecast_7394,2025-11-05 02:00:00,5697.994404145362,5599.658991667386,5343.899437633581
forecast_7395,2025-11-05 03:00:00,4357.141702403031,3413.878806077971,4245.75051366009
forecast_7396,2025-11-05 04:00:00,2897.443952803087,2675.658170616961,3538.5114167455813
forecast_7397,2025-11-05 05:00:00,2355.9992009900907,2284.990812970542,3212.3271025631193
forecast_7398,2025-11-05 06:00:00,2099.2040688541583,2164.866648135715,3021.6521955930657
forecast_7399,2025-11-05 07:00:00,1863.21457145988,1891.3112932887325,2890.3254929040736
forecast_7400,2025-11-05 08:00:00,1773.153029732086,1625.7889800725097,2810.4242174819788
forecast_7401,2025-11-05 09:00:00,1782.9388230555924,1557.6707624189175,2704.9032018569787
forecast_7402,2025-11-05 10:00:00,1660.1336744723112,1441.3281246933166,2609.2917956069787
forecast_7403,2025-11-05 11:00:00,1574.5122852092627,1437.0421624542796,2527.5249206069784
forecast_7404,2025-11-05 12:00:00,1540.1767968170316,1462.3217944008456,2510.0309362319786
forecast_7405,2025-11-05 13:00:00,1577.9287233018458,1488.2261634007436,2516.9761706069785
forecast_7406,2025-11-05 14:00:00,1587.1222314155166,1408.331983108017,2553.6978112319784
forecast_7407,2025-11-05 15:00:00,1629.3633456884882,1443.650570884637,2589.201639356979
forecast_7408,2025-11-05 16:00:00,1707.790579065554,1395.1008629431253,2684.0623424819787
forecast_7409,2025-11-05 17:00:00,1824.9195538068889,1505.5672277828735,2753.9142956069786
forecast_7410,2025-11-05 18:00:00,1889.3009173375603,1565.8458849160488,2794.033670606979
forecast_7411,2025-11-05 19:00:00,1900.531418159514,1625.0851865131417,2837.788128397222
forecast_7412,2025-11-05 20:00:00,1965.5058747177382,1746.1701195317473,2896.7642612132804
forecast_7413,2025-11-05 21:00:00,1992.3611245341817,1833.1914920881181,2940.6152882980614
forecast_7414,2025-11-05 22:00:00,2012.4724371773254,1835.6673461918972,3036.8036834782824
forecast_7415,2025-11-05 23:00:00,2130.9581327471415,2001.1570684756252,3135.403113940661
forecast_7416,2025-11-06 00:00:00,2454.355070310353,2183.611938853046,3437.7364745108052
forecast_7417,2025-11-06 01:00:00,3035.758822279928,3008.9272147384545,3859.847573755683
forecast_7418,2025-11-06 02:00:00,3594.7748865090616,3635.576446964044,4521.82793755562
forecast_7419,2025-11-06 03:00:00,4461.525549603449,4279.348758796221,4987.642726407414
forecast_7420,2025-11-06 04:00:00,4876.724844487264,4934.899169374672,5469.1570805195
forecast_7421,2025-11-06 05:00:00,5107.755825706132,5270.366331703355,5718.069722192963
forecast_7422,2025-11-06 06:00:00,5483.4080889910765,5605.366986135744,5879.183497642341
forecast_7423,2025-11-06 07:00:00,5087.876244962237,5241.124654921896,5666.587899780849
forecast_7424,2025-11-06 08:00:00,4312.297117994752,4017.322149226807,4220.937549784083
forecast_7425,2025-11-06 09:00:00,2768.4420706022397,2701.1812589198353,3259.4417470696017
forecast_7426,2025-11-06 10:00:00,1970.764957399435,2030.6179198648715,2916.6988087704267
forecast_7427,2025-11-06 11:00:00,1573.3932672336723,1678.1396178373907,2687.0789831069787
forecast_7428,2025-11-06 12:00:00,1488.7517121758028,1523.9311723760402,2540.6253112319787
forecast_7429,2025-11-06 13:00:00,1475.543971353608,1395.0089848760408,2558.3428893569785
forecast_7430,2025-11-06 14:00:00,1485.110338541108,1367.8726958135403,2623.022521731593
forecast_7431,2025-11-06 15:00:00,1575.551336155304,1405.3326000600791,2649.718738978961
forecast_7432,2025-11-06 16:00:00,1672.1198005946553,1413.8642744739773,2727.5168736856876
forecast_7433,2025-11-06 17:00:00,1823.7035281011003,1569.2881634046626,2822.7000219288648
forecast_7434,2025-11-06 18:00:00,1835.0587043287715,1615.6177785093623,2893.719640536102
forecast_7435,2025-11-06 19:00:00,1769.0565593479523,1685.5978772141889,2934.5551518273774
forecast_7436,2025-11-06 20:00:00,1788.0325766719516,1708.583556481838,2918.520659427598
forecast_7437,2025-11-06 21:00:00,1772.8786871072416,1737.594934537984,2860.4218385601903
forecast_7438,2025-11-06 22:00:00,1735.1204429274185,1641.0073671988794,2886.106414110121
forecast_7439,2025-11-06 23:00:00,1762.3489190090368,1709.5596815752815,2893.8348747789782
forecast_7440,2025-11-07 00:00:00,1819.391976726888,1813.7921610410494,2909.76642595757
forecast_7441,2025-11-07 01:00:00,1981.8763631556303,2233.2558330534202,2973.1880706704483
forecast_7442,2025-11-07 02:00:00,2260.484809385247,2265.1266418383784,3278.316593685248
forecast_7443,2025-11-07 03:00:00,2633.742955651096,2360.6441213706967,3442.754324042675
forecast_7444,2025-11-07 04:00:00,2907.5363906392786,3006.938739683592,3618.974785379777
forecast_7445,2025-11-07 05:00:00,2755.853855826139,3186.310823789202,4154.347464237437
forecast_7446,2025-11-07 06:00:00,2361.812373160853,2493.657358877531,3866.816086437444
forecast_7447,2025-11-07 07:00:00,1999.2016093658776,1974.9234407577533,3425.789452137977
forecast_7448,2025-11-07 08:00:00,1770.1104503961715,1842.7020928206648,3075.609398031916
forecast_7449,2025-11-07 09:00:00,1628.3498475953556,1652.9319713313807,2771.954042070809
forecast_7450,2025-11-07 10:00:00,1579.2423509308746,1613.546265729321,2531.5206998147437
forecast_7451,2025-11-07 11:00:00,1487.8680731027289,1487.0456837073398,2465.5554674819787
forecast_7452,2025-11-07 12:00:00,1475.1265454782024,1403.2312721568396,2450.8858679573723
forecast_7453,2025-11-07 13:00:00,1498.75899430578,1395.0045263362417,2523.256922644336
forecast_7454,2025-11-07 14:00:00,1586.4015158403154,1519.4238651718324,2661.2990610878096
forecast_7455,2025-11-07 15:00:00,1760.6517552566302,1767.0221472526164,2819.0103247820325
forecast_7456,2025-11-07 16:00:00,2194.974669049352,2192.300427283234,3054.7704630502985
forecast_7457,2025-11-07 17:00:00,2701.2087434910713,3005.2634357136167,3228.938299752243
forecast_7458,2025-11-07 18:00:00,3334.468754313759,3382.390001844337,3340.5908427364297
forecast_7459,2025-11-07 19:00:00,3741.504338233333,3814.8054823596626,3648.5435539392984
forecast_7460,2025-11-07 20:00:00,3887.9683221731198,3758.8295344952226,3779.0926336843513
forecast_7461,2025-11-07 21:00:00,3614.5306781827544,3556.4314487050774,3929.3231862286284
forecast_7462,2025-11-07 22:00:00,3374.661806428306,3512.47263017568,3795.189998959391
forecast_7463,2025-11-07 23:00:00,3113.421276816698,3078.902057313675,3698.248506365541
forecast_7464,2025-11-08 00:00:00,3030.9319493218186,3127.656111448038,3688.8791012244733
forecast_7465,2025-11-08 01:00:00,3671.9044851100175,3306.148226882758,3477.822047031492
forecast_7466,2025-11-08 02:00:00,3788.021377939848,3366.1681110603377,3374.86265480282
forecast_7467,2025-11-08 03:00:00,3534.5615576264504,2957.4612429889758,3374.244798841688
forecast_7468,2025-11-08 04:00:00,3339.090384736688,3034.063162616866,3352.674720844701
forecast_7469,2025-11-08 05:00:00,3373.0734772331184,3125.7123423576277,3411.866233894292
forecast_7470,2025-11-08 06:00:00,3508.4232674871582,3233.8555073917555,3393.1887525198717
forecast_7471,2025-11-08 07:00:00,3026.567540382453,2857.793793956481,3324.2961843550574
forecast_7472,2025-11-08 08:00:00,2697.419853618462,2222.9520144678136,3201.472738425827
forecast_7473,2025-11-08 09:00:00,2594.5359922289526,1999.7440306081216,3069.640982692816
forecast_7474,2025-11-08 10:00:00,2407.194859604553,1864.7757458414944,2985.25578779551
forecast_7475,2025-11-08 11:00:00,2193.4892413536327,1975.67429326796,3016.7413693242192
forecast_7476,2025-11-08 12:00:00,2229.3493472492282,2448.977420691921,3016.850818690575
forecast_7477,2025-11-08 13:00:00,2329.3053325968403,2462.2983784587077,3231.16608997892
forecast_7478,2025-11-08 14:00:00,2501.103396433995,2177.72136173984,3222.5440276546747
forecast_7479,2025-11-08 15:00:00,2936.0052968725145,2519.8133992545654,3363.5062895799574
forecast_7480,2025-11-08 16:00:00,3467.4377765597537,3398.181571980062,3669.2824626536467
forecast_7481,2025-11-08 17:00:00,4062.961719011343,4323.818006196956,3757.842877700409
forecast_7482,2025-11-08 18:00:00,4701.645462413075,5436.746108540676,4129.802127151854
forecast_7483,2025-11-08 19:00:00,5253.074242403897,6546.505339441246,4490.555200563278
forecast_7484,2025-11-08 20:00:00,5775.670595583332,7244.3461434108995,5531.226976998771
forecast_7485,2025-11-08 21:00:00,6628.099367761018,7453.909683567872,5606.366821066303
forecast_7486,2025-11-08 22:00:00,6950.994950569315,7541.5779152462665,6077.145478381206
forecast_7487,2025-11-08 23:00:00,7787.922138861377,7483.745683537102,6910.216342791423
forecast_7488,2025-11-09 00:00:00,7268.863688649591,8097.669124357857,7452.730931945169
forecast_7489,2025-11-09 01:00:00,7440.288777737754,8105.374013815886,7027.8602256015
forecast_7490,2025-11-09 02:00:00,8158.13226376864,9043.154197493008,7391.713977132296
forecast_7491,2025-11-09 03:00:00,9500.175691199152,10770.139004416364,7793.584069340217
forecast_7492,2025-11-09 04:00:00,10299.1874338633,11909.679581164193,8154.587310490739
forecast_7493,2025-11-09 05:00:00,11464.947065831679,13429.956271611965,8562.033958796219
forecast_7494,2025-11-09 06:00:00,13187.087915118178,14257.200524753314,9599.165612564911
forecast_7495,2025-11-09 07:00:00,13699.028977366313,14910.23002062479,10357.016124479056
forecast_7496,2025-11-09 08:00:00,13412.959068555752,14652.359177190476,10725.723015067753
forecast_7497,2025-11-09 09:00:00,13268.269309411271,13912.513165836695,9593.617022266066
forecast_7498,2025-11-09 10:00:00,12866.955611936079,12586.000175484069,9746.483767526603
forecast_7499,2025-11-09 11:00:00,11809.674597514659,11279.191049290646,8501.073278014923
forecast_7500,2025-11-09 12:00:00,10857.268712353181,9962.03172911504,7793.176712235709
forecast_7501,2025-11-09 13:00:00,10741.88195634514,9220.989329232963,8634.99932582452
forecast_7502,2025-11-09 14:00:00,11131.327945994348,9740.129288131144,8090.341809096602
forecast_7503,2025-11-09 15:00:00,12121.187173061378,10209.355534766826,8273.989520701101
forecast_7504,2025-11-09 16:00:00,12810.140330083912,11725.282524636044,9064.906246408245
forecast_7505,2025-11-09 17:00:00,13759.382418113693,13399.767077235321,9810.638907120341
forecast_7506,2025-11-09 18:00:00,14116.263875786106,14741.604147736529,11120.936626904513
forecast_7507,2025-11-09 19:00:00,15349.18256341336,16010.873422613964,12597.965395166008
forecast_7508,2025-11-09 20:00:00,16044.029684431487,16561.96280264857,13541.293158395853
forecast_7509,2025-11-09 21:00:00,16038.991538832415,16800.645066110003,13526.150407639332
forecast_7510,2025-11-09 22:00:00,15544.095307579515,15977.236555148826,13086.336354646297
forecast_7511,2025-11-09 23:00:00,14263.714481703664,15248.23176110979,11305.800390284585
forecast_7512,2025-11-10 00:00:00,14177.693314069209,14685.914446660488,10269.52021388971
forecast_7513,2025-11-10 01:00:00,13816.90573235852,13331.40704077961,10397.216358731821
forecast_7514,2025-11-10 02:00:00,13555.348826486837,13072.491873568168,9412.700581467205
forecast_7515,2025-11-10 03:00:00,13587.716228596562,12548.885625980303,8912.650970866933
forecast_7516,2025-11-10 04:00:00,13791.214119794826,13185.459826936985,9403.912298160041
forecast_7517,2025-11-10 05:00:00,14603.768743142067,14274.777609344885,10292.022021708737
forecast_7518,2025-11-10 06:00:00,15202.944828153872,14667.107189373786,11705.830911803729
forecast_7519,2025-11-10 07:00:00,15599.625430621632,14537.890634450345,12696.542189764697
forecast_7520,2025-11-10 08:00:00,14789.71865287052,14098.090900027117,12806.264089290707
forecast_7521,2025-11-10 09:00:00,14040.012236517763,14243.892622990854,12786.807327664963
forecast_7522,2025-11-10 10:00:00,12459.628189795643,14062.113954568777,12325.528637350695
forecast_7523,2025-11-10 11:00:00,11310.308710306505,12045.38997521105,9810.68080979052
forecast_7524,2025-11-10 12:00:00,9929.816175741811,9066.20738073103,8136.602346003396
forecast_7525,2025-11-10 13:00:00,8178.145717098289,7611.9814796461915,6927.086989154085
forecast_7526,2025-11-10 14:00:00,7256.9466124098435,7001.472414185015,6222.127572318762
forecast_7527,2025-11-10 15:00:00,7007.422010032029,7220.560231189602,6332.103570968031
forecast_7528,2025-11-10 16:00:00,7447.7253600256545,7983.198321489487,7387.638193964531
forecast_7529,2025-11-10 17:00:00,9375.979220732786,9707.92432891588,8075.043693322658
forecast_7530,2025-11-10 18:00:00,11645.910172746342,11657.982577340212,9437.873354627114
forecast_7531,2025-11-10 19:00:00,13676.526102390417,14621.813362921903,11251.857917237248
forecast_7532,2025-11-10 20:00:00,16264.78805752435,16772.63766081235,12063.74099722652
forecast_7533,2025-11-10 21:00:00,17747.594506422836,18222.142475077795,12883.799995931637
forecast_7534,2025-11-10 22:00:00,18366.119908552373,18940.07302787004,13850.704650239017
forecast_7535,2025-11-10 23:00:00,18572.73231358665,19093.97286710249,14326.163237595694
forecast_7536,2025-11-11 00:00:00,18722.559144882194,19117.006163441405,14492.177643123287
forecast_7537,2025-11-11 01:00:00,18695.102770465186,18846.537432506124,14661.50626986428
forecast_7538,2025-11-11 02:00:00,18278.461088125416,18137.689878459012,13003.520016406035
forecast_7539,2025-11-11 03:00:00,16944.80339410571,16712.213805278207,11303.966409714278
forecast_7540,2025-11-11 04:00:00,15105.939215783754,15857.341707107113,10156.203127935965
forecast_7541,2025-11-11 05:00:00,11690.663927004693,12422.936503053708,8110.924643490642
forecast_7542,2025-11-11 06:00:00,8893.112937482209,8648.749701052737,6426.838429539231
forecast_7543,2025-11-11 07:00:00,6679.335424728512,5636.24662535464,5580.8838668731205
forecast_7544,2025-11-11 08:00:00,5798.677523271381,4366.227440534261,4584.810527141409
forecast_7545,2025-11-11 09:00:00,4610.782008024837,3412.2918350723576,3825.5058625089705
forecast_7546,2025-11-11 10:00:00,3346.296226937968,2388.6421738437957,3372.4925419018637
forecast_7547,2025-11-11 11:00:00,2729.7677051636047,2089.2758067267077,3171.229087601085
forecast_7548,2025-11-11 12:00:00,2458.700768560965,1929.8533068310298,3092.236260162487
forecast_7549,2025-11-11 13:00:00,2234.9735970814854,1707.7786619111967,3034.7650633855555
forecast_7550,2025-11-11 14:00:00,2235.082479531473,1644.7690928455195,2974.813954285285
forecast_7551,2025-11-11 15:00:00,2139.478571083244,1566.7808391333047,2952.5535417531314
forecast_7552,2025-11-11 16:00:00,2044.5860818462206,1565.394947357353,2894.257512457361
forecast_7553,2025-11-11 17:00:00,2129.921718381949,1794.6140393973228,2899.899455773564
forecast_7554,2025-11-11 18:00:00,2152.965427951046,1953.2560000393369,2940.1817824738364
forecast_7555,2025-11-11 19:00:00,2093.5513150804263,2046.4056093941545,2846.191363628036
forecast_7556,2025-11-11 20:00:00,2093.7594119819305,1974.643568207036,2855.553342656386
forecast_7557,2025-11-11 21:00:00,2184.848370125562,2014.7492445261041,2887.0032590346027
forecast_7558,2025-11-11 22:00:00,2228.252011325577,2141.0330907275275,2908.1256504738853
forecast_7559,2025-11-11 23:00:00,2347.364891253851,2170.611084984096,2927.6238348854754
forecast_7560,2025-11-12 00:00:00,2468.480975338626,2164.9165922691736,3022.283837849422
forecast_7561,2025-11-12 01:00:00,2466.107257702486,2224.231090745374,3106.8862842299036
forecast_7562,2025-11-12 02:00:00,2466.513526693606,2316.3572964818986,3188.3356275121496
forecast_7563,2025-11-12 03:00:00,2646.834267363668,2722.4985056958903,3297.2176424979148
forecast_7564,2025-11-12 04:00:00,2724.9085128442457,2983.5475242177763,3451.8755883644963
forecast_7565,2025-11-12 05:00:00,2947.938555628689,3712.7365971579725,3596.521304434196
forecast_7566,2025-11-12 06:00:00,3557.158470486576,4943.820163091294,3871.958706907686
forecast_7567,2025-11-12 07:00:00,4129.658504383375,5854.471620015998,4633.058294405751
forecast_7568,2025-11-12 08:00:00,4650.527584316485,6430.095834678823,4852.9520080595885
forecast_7569,2025-11-12 09:00:00,5285.298614045323,6187.7549346322,4729.299778060109
forecast_7570,2025-11-12 10:00:00,4296.0246606501805,4732.688432339541,4256.653439578831
forecast_7571,2025-11-12 11:00:00,4071.908837383701,3675.5440426538544,4430.463294053485
forecast_7572,2025-11-12 12:00:00,4227.969486091898,3841.6855492852646,4968.7460683599875
forecast_7573,2025-11-12 13:00:00,4726.372343971502,4267.22085744304,5280.90114901168
forecast_7574,2025-11-12 14:00:00,5076.38637298866,5097.636126878049,5780.246967740547
forecast_7575,2025-11-12 15:00:00,5550.171658405291,6099.297837110842,6095.169176776713
forecast_7576,2025-11-12 16:00:00,6417.851028608592,7464.519677919674,6885.784045678179
forecast_7577,2025-11-12 17:00:00,8672.345684215481,11266.499410261162,8526.485241549692
forecast_7578,2025-11-12 18:00:00,11188.223625615326,13635.56417224633,10231.3872258193
forecast_7579,2025-11-12 19:00:00,14250.240881523165,15512.56914473337,11556.45555676641
forecast_7580,2025-11-12 20:00:00,15918.03142235252,17041.90705136616,12921.48190915243
forecast_7581,2025-11-12 21:00:00,17357.141317678415,17804.930233711293,14140.402394292127
forecast_7582,2025-11-12 22:00:00,18075.868892781233,18387.03777664086,14889.36958059571
forecast_7583,2025-11-12 23:00:00,18560.995079549168,18717.134501895624,15977.688158667745
forecast_7584,2025-11-13 00:00:00,19348.271687732617,19003.02719713463,16524.64925566483
forecast_7585,2025-11-13 01:00:00,19404.387590611426,18887.595514480825,16314.681142263747
forecast_7586,2025-11-13 02:00:00,19209.70571652259,19090.306917689,16752.19475668477
forecast_7587,2025-11-13 03:00:00,19133.262663536323,19243.260282873114,16940.62596250379
forecast_7588,2025-11-13 04:00:00,18665.204891024376,19541.98547573416,16575.57185013752
forecast_7589,2025-11-13 05:00:00,18424.14901504464,19040.01949441068,15811.56322736256
forecast_7590,2025-11-13 06:00:00,18262.882160549194,18203.276583259703,15382.838555244252
forecast_7591,2025-11-13 07:00:00,17617.405199582106,17264.051627588473,14643.60478385512
forecast_7592,2025-11-13 08:00:00,16234.765989473392,15673.722003934006,13235.347837974368
forecast_7593,2025-11-13 09:00:00,14139.393684934737,13893.4492552237,11073.443863344713
forecast_7594,2025-11-13 10:00:00,10199.337118457845,10304.809696545028,9266.59547216312
forecast_7595,2025-11-13 11:00:00,7947.1047196258705,7822.741104348629,7831.404873370488
forecast_7596,2025-11-13 12:00:00,6604.617156958647,6846.3421722970015,6262.019370662577
forecast_7597,2025-11-13 13:00:00,5828.492282773669,5841.816063844173,4927.330566062462
forecast_7598,2025-11-13 14:00:00,5303.418533513102,4897.181801154813,4187.083478372664
forecast_7599,2025-11-13 15:00:00,4755.457921926402,4604.0545910267865,3690.9149865775544
forecast_7600,2025-11-13 16:00:00,4948.680900957874,4550.69534721178,3580.366166823884
forecast_7601,2025-11-13 17:00:00,5698.510120789655,5494.534090168783,3901.763096523826
forecast_7602,2025-11-13 18:00:00,6642.330392743671,7092.351742715698,4833.817174690114
forecast_7603,2025-11-13 19:00:00,6972.911056854615,7620.981808796256,5267.888564116926
forecast_7604,2025-11-13 20:00:00,6942.508071901894,7282.866831810769,5564.36477120998
forecast_7605,2025-11-13 21:00:00,7229.534670435046,7271.838611275191,6197.058000246379
forecast_7606,2025-11-13 22:00:00,7395.624344362331,7036.94272705822,6608.719490919362
forecast_7607,2025-11-13 23:00:00,7419.220761259149,7837.182064775668,7050.5307446953
forecast_7608,2025-11-14 00:00:00,6817.751669170329,7353.9183328951995,6657.09684190241
forecast_7609,2025-11-14 01:00:00,4583.208466035426,5170.886769828381,5276.5424564619425
forecast_7610,2025-11-14 02:00:00,3526.281187509946,4114.035547863552,4691.829408786443
forecast_7611,2025-11-14 03:00:00,3451.631332396069,3892.721683426232,4564.108719900474
forecast_7612,2025-11-14 04:00:00,3271.8188419781413,3975.792160356751,4470.886200444054
forecast_7613,2025-11-14 05:00:00,3342.5670339200187,4039.2244697124893,4544.011542866354
forecast_7614,2025-11-14 06:00:00,3414.8988838389814,3848.865600956247,4636.297830320536
forecast_7615,2025-11-14 07:00:00,3712.969262407111,3558.2953999077076,4671.567859048763
forecast_7616,2025-11-14 08:00:00,3950.1022035907504,3920.266313172324,4647.5715841941565
forecast_7617,2025-11-14 09:00:00,4117.991148129802,4222.223919468486,4485.192397052964
forecast_7618,2025-11-14 10:00:00,4116.28539275553,3851.934936002941,4321.537670376577
forecast_7619,2025-11-14 11:00:00,4050.8091211290575,3517.1949241867173,4015.3984157220902
forecast_7620,2025-11-14 12:00:00,4251.274180465449,3751.7762008064337,4184.273418161126
forecast_7621,2025-11-14 13:00:00,4500.701645162038,4024.1810706748606,4301.3920035108695
forecast_7622,2025-11-14 14:00:00,4943.709060720976,4018.3160600754018,4414.985858580392
forecast_7623,2025-11-14 15:00:00,5213.047135962629,4469.884993287324,4714.798905793664
forecast_7624,2025-11-14 16:00:00,5910.140019475876,5505.390848429739,5385.393498187089
forecast_7625,2025-11-14 17:00:00,6893.008232131417,7065.135240758942,6073.707384713102
forecast_7626,2025-11-14 18:00:00,7753.4334573124825,8106.083532302281,7031.444647032579
forecast_7627,2025-11-14 19:00:00,8523.421446315548,9405.267825134291,7696.551813229102
forecast_7628,2025-11-14 20:00:00,9358.618995373716,9420.986660670216,7697.511644227717
forecast_7629,2025-11-14 21:00:00,9110.913685746862,9288.28399223757,7462.894852323368
forecast_7630,2025-11-14 22:00:00,9558.236242580084,9994.31426844996,7510.271375004168
forecast_7631,2025-11-14 23:00:00,9042.03008367288,9714.998708181407,7314.446119730779
forecast_7632,2025-11-15 00:00:00,7909.761634640248,8257.572899017228,6386.86495095053
forecast_7633,2025-11-15 01:00:00,7187.725288629907,6369.960272508543,5691.27680479452
forecast_7634,2025-11-15 02:00:00,6088.374442805775,5454.092824162031,4942.971632611029
forecast_7635,2025-11-15 03:00:00,6124.239015809248,5156.652898592483,4688.542512791217
forecast_7636,2025-11-15 04:00:00,6100.043810264547,5399.752209132199,4596.93565855774
forecast_7637,2025-11-15 05:00:00,6099.510120990369,6024.617150941802,4469.331961777936
forecast_7638,2025-11-15 06:00:00,5126.11235776748,5082.114499874203,4149.600220704633
forecast_7639,2025-11-15 07:00:00,4537.431387663813,3562.8838838321785,3944.7021333985467
forecast_7640,2025-11-15 08:00:00,4148.72415614843,3163.2299101620206,3560.827986852118
forecast_7641,2025-11-15 09:00:00,3192.072854184449,2377.043612303928,3138.3166565921924
forecast_7642,2025-11-15 10:00:00,2158.5207696162406,1774.4087566228982,2940.121357018966
forecast_7643,2025-11-15 11:00:00,1746.4244956006887,1543.8127563227854,2808.8407926150157
forecast_7644,2025-11-15 12:00:00,1671.194652145301,1449.3381680960329,2730.304719979449
forecast_7645,2025-11-15 13:00:00,1609.7256230095772,1388.4197678162163,2657.705914870586
forecast_7646,2025-11-15 14:00:00,1620.0802398038368,1406.352127941277,2702.0986101212115
forecast_7647,2025-11-15 15:00:00,1773.7059332046156,1540.1207601338674,2870.498019395625
forecast_7648,2025-11-15 16:00:00,2338.4185970553835,2029.9376614037537,3198.9324892635686
forecast_7649,2025-11-15 17:00:00,3438.8596054939007,3282.918557289928,3818.1528954556384
forecast_7650,2025-11-15 18:00:00,5055.063377976668,5093.650562826448,4961.126637495328
forecast_7651,2025-11-15 19:00:00,5876.410193804213,6412.171640528581,5756.848582618013
forecast_7652,2025-11-15 20:00:00,6262.644165325436,7230.036969707153,6211.708260879372
forecast_7653,2025-11-15 21:00:00,6784.3389098280095,8397.571406241515,7012.337119453119
forecast_7654,2025-11-15 22:00:00,7303.002017097273,9075.046472746459,7433.610501122566
forecast_7655,2025-11-15 23:00:00,7660.703336604708,10125.481564734273,7120.412346294613
forecast_7656,2025-11-16 00:00:00,8449.39289733372,10663.706314099352,7167.010245450106
forecast_7657,2025-11-16 01:00:00,9369.199628636274,8145.583041578341,7109.214925921091
forecast_7658,2025-11-16 02:00:00,9431.699403525165,7581.4903126598765,6846.488612528817
forecast_7659,2025-11-16 03:00:00,9730.0388927463,8628.906717930002,7258.459522073514
forecast_7660,2025-11-16 04:00:00,10883.133517648868,10492.93174328567,7473.113678319984
forecast_7661,2025-11-16 05:00:00,11896.271719580316,11928.543699704465,7576.750625974264
forecast_7662,2025-11-16 06:00:00,11527.454036761123,13494.089290551785,7742.957939191841
forecast_7663,2025-11-16 07:00:00,11883.28766668855,13330.441283671225,8095.661323510913
forecast_7664,2025-11-16 08:00:00,11501.234641342127,13113.395931428673,8604.61710217624
forecast_7665,2025-11-16 09:00:00,10643.246047615065,13736.070606329951,9002.423379723416
forecast_7666,2025-11-16 10:00:00,10210.93386714282,12623.729040767092,10192.954463702801
forecast_7667,2025-11-16 11:00:00,9383.344770504007,12048.75402227162,10588.899191165654
forecast_7668,2025-11-16 12:00:00,9563.285890160554,11344.109381914579,10990.33740401093
forecast_7669,2025-11-16 13:00:00,10124.379706619746,11400.28767146385,11341.064311104705
forecast_7670,2025-11-16 14:00:00,10916.41388349119,11711.229819238299,11333.473144128235
forecast_7671,2025-11-16 15:00:00,12364.465151111908,12764.697975395884,12177.721994913441
forecast_7672,2025-11-16 16:00:00,14745.872916529344,16116.474274938693,14328.635528104664
forecast_7673,2025-11-16 17:00:00,16979.90430574978,18096.181397612258,16009.30299589986
forecast_7674,2025-11-16 18:00:00,18110.69695970071,18890.026914602415,17000.72810074409
forecast_7675,2025-11-16 19:00:00,18143.704962855365,19280.63896187813,17634.045897360535
forecast_7676,2025-11-16 20:00:00,18319.5532945651,19396.635606514723,18014.048056477943
forecast_7677,2025-11-16 21:00:00,18680.728277400005,19418.916645471352,18053.30824115543
forecast_7678,2025-11-16 22:00:00,18598.884922794492,19391.347799490835,17996.018548159253
forecast_7679,2025-11-16 23:00:00,18278.681792399286,19154.742472049304,17800.66009936657
forecast_7680,2025-11-17 00:00:00,18409.675665313727,19165.55833501265,17716.1442879492
forecast_7681,2025-11-17 01:00:00,18313.620156973037,19181.416942806212,17753.063993297448
forecast_7682,2025-11-17 02:00:00,18855.083578577913,19220.219055160298,17715.375875972884
forecast_7683,2025-11-17 03:00:00,18741.182221522766,19297.66092775452,17415.45277933361
forecast_7684,2025-11-17 04:00:00,18838.425036790664,19302.020432610003,17676.817115795635
forecast_7685,2025-11-17 05:00:00,18912.242437108423,19393.501011630782,17672.02390720998
forecast_7686,2025-11-17 06:00:00,18978.733832699854,19408.401351791174,17762.187775047132
forecast_7687,2025-11-17 07:00:00,19340.17200777293,19461.27347836824,17666.12426126638
forecast_7688,2025-11-17 08:00:00,19379.98521043853,19226.261964833746,17491.957367906653
forecast_7689,2025-11-17 09:00:00,18343.811692894473,18225.160132443067,16588.08142846269
forecast_7690,2025-11-17 10:00:00,16305.301947415952,17179.281567932678,15031.438335415674
forecast_7691,2025-11-17 11:00:00,14738.495301687906,15942.979655179584,13545.012631256239
forecast_7692,2025-11-17 12:00:00,13563.250829300512,14166.856327162395,11581.28601348275
forecast_7693,2025-11-17 13:00:00,12540.27352619619,11991.554639412458,10519.3789651755
forecast_7694,2025-11-17 14:00:00,11883.308931638097,10716.084867805686,9991.455746717553
forecast_7695,2025-11-17 15:00:00,12030.36983422202,10803.613152421936,9642.408637693188
forecast_7696,2025-11-17 16:00:00,12258.007461483605,11044.20847543242,10592.203121127928
forecast_7697,2025-11-17 17:00:00,12598.19343781692,11702.795106104219,11654.16090789401
forecast_7698,2025-11-17 18:00:00,12875.146396114316,13135.057715679613,11850.560336951474
forecast_7699,2025-11-17 19:00:00,12544.129448416697,14147.360787335663,11970.46554659553
forecast_7700,2025-11-17 20:00:00,12932.45611084053,14536.51146643802,12351.696105805127
forecast_7701,2025-11-17 21:00:00,13229.14884100977,15223.662541965565,13147.339989930508
forecast_7702,2025-11-17 22:00:00,14474.489349468779,16517.40698923653,14165.31871087075
forecast_7703,2025-11-17 23:00:00,14804.682063856037,16944.864159008554,14390.468111204264
forecast_7704,2025-11-18 00:00:00,14746.01487808557,16061.910249961536,13964.388487335993
forecast_7705,2025-11-18 01:00:00,14371.368591294082,16517.27068998764,13572.035222425464
forecast_7706,2025-11-18 02:00:00,14178.355164277413,17724.93430640556,14403.368535886057
forecast_7707,2025-11-18 03:00:00,14165.29420417769,17985.19436568666,14579.015605352182
forecast_7708,2025-11-18 04:00:00,14578.923278454899,17527.490776496918,14989.18193987232
forecast_7709,2025-11-18 05:00:00,14794.251473169026,17894.061177104766,15376.919060096323
forecast_7710,2025-11-18 06:00:00,15902.674046811426,19032.246821179146,16046.004549634501
forecast_7711,2025-11-18 07:00:00,16277.150581565704,19287.81253540187,16256.97703816698
forecast_7712,2025-11-18 08:00:00,15854.223011758211,18566.257401723626,15909.464222709492
forecast_7713,2025-11-18 09:00:00,15107.969924703848,17219.44880285404,14557.034800172565
forecast_7714,2025-11-18 10:00:00,14276.623513298136,15854.282210068126,12668.276647203533
forecast_7715,2025-11-18 11:00:00,13254.58895583768,13954.620748039975,11042.837703279954
forecast_7716,2025-11-18 12:00:00,13011.619572650929,12932.987947816939,9599.264392213252
forecast_7717,2025-11-18 13:00:00,12456.068907330635,12066.470885551516,8584.382375368044
forecast_7718,2025-11-18 14:00:00,11752.42558059535,10374.519718418373,7948.617032944516
forecast_7719,2025-11-18 15:00:00,10796.991726787233,8837.382502094883,7290.737156214414
forecast_7720,2025-11-18 16:00:00,9869.80031850874,8276.014852617202,7085.532648948291
forecast_7721,2025-11-18 17:00:00,9321.098261041756,8056.156252292198,6828.857898540859
forecast_7722,2025-11-18 18:00:00,8846.777105484673,8867.554720181077,6790.116158897644
forecast_7723,2025-11-18 19:00:00,8505.009518104587,9622.68111554149,6892.004244108728
forecast_7724,2025-11-18 20:00:00,8510.968628866185,10434.801640143367,7212.260817772092
forecast_7725,2025-11-18 21:00:00,8877.020769377004,11420.535414500551,6965.604450228884
forecast_7726,2025-11-18 22:00:00,9264.237626661163,11647.231157881077,7239.429569239741
forecast_7727,2025-11-18 23:00:00,9599.64433130213,11893.500464614646,7145.20335020397
forecast_7728,2025-11-19 00:00:00,9858.116840233757,11089.198182399045,7455.676458352777
forecast_7729,2025-11-19 01:00:00,10393.095767219409,11331.035641197905,8411.7872463268
forecast_7730,2025-11-19 02:00:00,10595.011149313861,11573.474532250204,8241.986196441529
forecast_7731,2025-11-19 03:00:00,10029.743684326002,11026.352849787148,7877.592000188911
forecast_7732,2025-11-19 04:00:00,8444.51073132244,7410.049561665505,7112.047424812386
forecast_7733,2025-11-19 05:00:00,6275.977316575136,5325.058336058667,6613.013883017757
forecast_7734,2025-11-19 06:00:00,4957.602718631226,3913.7710946269494,5627.938723817824
forecast_7735,2025-11-19 07:00:00,4005.4807813167413,3203.2135503430095,4784.563874343225
forecast_7736,2025-11-19 08:00:00,3204.455739036072,2630.690293673206,4017.203723187592
forecast_7737,2025-11-19 09:00:00,2434.463756214459,1978.8649943503615,3598.7423876333723
forecast_7738,2025-11-19 10:00:00,1776.8566881292854,1661.2092489533052,3217.2947468106336
forecast_7739,2025-11-19 11:00:00,1579.347044676545,1753.3542790889333,3045.081783879817
forecast_7740,2025-11-19 12:00:00,1565.6353043758036,1723.6717019625012,2992.5018481113734
forecast_7741,2025-11-19 13:00:00,1633.470999826849,1776.8381029504335,3032.888036401201
forecast_7742,2025-11-19 14:00:00,1920.1622347848124,1967.2739752322577,3292.4828008249556
forecast_7743,2025-11-19 15:00:00,2542.5173085481356,2441.9763074614484,4074.797561534513
forecast_7744,2025-11-19 16:00:00,3806.3621705958444,3612.8049530245785,5108.4135764112
forecast_7745,2025-11-19 17:00:00,6526.630937800763,4823.307454649041,6740.845219831487
forecast_7746,2025-11-19 18:00:00,8251.133346032124,6486.672147296896,8208.412746757738
forecast_7747,2025-11-19 19:00:00,10801.768501928113,10015.590738578743,10465.337087064225
forecast_7748,2025-11-19 20:00:00,14217.006837150966,13002.699835291973,11573.527565839984
forecast_7749,2025-11-19 21:00:00,17139.573190640884,15633.101752245388,12462.205597201671
forecast_7750,2025-11-19 22:00:00,18767.41539708873,17303.78746196909,14145.490154014366
forecast_7751,2025-11-19 23:00:00,19449.004087081234,18384.264113658275,14945.708709567498
forecast_7752,2025-11-20 00:00:00,19843.94260651964,19095.936240560488,15700.538209250863
forecast_7753,2025-11-20 01:00:00,19707.363841456976,19035.366902342503,16695.796327486478
forecast_7754,2025-11-20 02:00:00,19763.126044891487,19408.920375707075,17062.536830507335
forecast_7755,2025-11-20 03:00:00,19939.155630707864,19746.67940571981,17197.054172855012
forecast_7756,2025-11-20 04:00:00,19806.13632476527,19620.826256809312,17225.31179266853
forecast_7757,2025-11-20 05:00:00,19543.60086972885,19548.73821099189,17056.916202804707
forecast_7758,2025-11-20 06:00:00,19323.71385886443,19596.476103380814,16887.510768499247
forecast_7759,2025-11-20 07:00:00,18919.60440191217,19417.998778024237,17004.65315328669
forecast_7760,2025-11-20 08:00:00,18507.164592748843,19216.18390004216,16913.14758894246
forecast_7761,2025-11-20 09:00:00,18165.1248037014,19045.23104718148,16940.914016364386
forecast_7762,2025-11-20 10:00:00,17716.741215728758,18615.16045577963,16990.027497104304
forecast_7763,2025-11-20 11:00:00,17872.980241554393,18976.1962074171,16952.023885733128
forecast_7764,2025-11-20 12:00:00,18206.203610627563,19098.532546659753,17029.341575450457
forecast_7765,2025-11-20 13:00:00,18394.43175383674,18897.125324406174,17121.644719528238
forecast_7766,2025-11-20 14:00:00,18560.734430720462,18883.053205661163,17146.46085899184
forecast_7767,2025-11-20 15:00:00,18452.50087220971,18977.9420316282,17218.63685969573
forecast_7768,2025-11-20 16:00:00,18556.46358184597,18898.182359123326,17539.83506527031
forecast_7769,2025-11-20 17:00:00,18684.75487156924,18813.211253894005,17685.625953362865
forecast_7770,2025-11-20 18:00:00,18962.861308013977,18806.599010031317,17792.046797986262
forecast_7771,2025-11-20 19:00:00,19248.417368294107,18870.59756053886,17883.60710685146
forecast_7772,2025-11-20 20:00:00,19120.31331071417,19148.321782146806,17881.484675498537
forecast_7773,2025-11-20 21:00:00,18876.362071223313,19276.1316206206,17874.334260711355
forecast_7774,2025-11-20 22:00:00,18154.7307621873,19116.038950289123,17540.446548573513
forecast_7775,2025-11-20 23:00:00,17367.041724612147,18904.098594002942,17449.533315280027
forecast_7776,2025-11-21 00:00:00,17017.138123156525,18431.58449743105,17402.93467846635
forecast_7777,2025-11-21 01:00:00,16888.392468316593,18822.056865840754,17098.548686993512
forecast_7778,2025-11-21 02:00:00,16915.1264178835,18712.093896448667,16346.876789463015
forecast_7779,2025-11-21 03:00:00,17043.106913273026,18564.238373298125,16095.2865947608
forecast_7780,2025-11-21 04:00:00,16189.922328787809,18565.251116881038,15880.947286260114
forecast_7781,2025-11-21 05:00:00,16550.95303942868,18767.66690905563,15679.907669424847
forecast_7782,2025-11-21 06:00:00,16976.1792471969,18747.94182659615,15817.062571197344
forecast_7783,2025-11-21 07:00:00,17427.708859669594,18998.414832705752,15670.180901929314
forecast_7784,2025-11-21 08:00:00,17316.063627751515,19008.142718877272,15969.799730133444
forecast_7785,2025-11-21 09:00:00,15654.374063536587,18428.90702662162,15519.510296945129
forecast_7786,2025-11-21 10:00:00,14721.507603789329,17520.873296903115,15219.57775771097
forecast_7787,2025-11-21 11:00:00,14210.937755153096,17373.56603593769,14172.349026062813
forecast_7788,2025-11-21 12:00:00,14756.368261396794,16961.732724691752,13153.869656527282
forecast_7789,2025-11-21 13:00:00,15375.535378276112,16837.185314973132,12890.674368114616
forecast_7790,2025-11-21 14:00:00,15442.397348180599,17211.27907514538,12695.24075654392
forecast_7791,2025-11-21 15:00:00,16080.493268441223,17680.51297329891,14910.094320242111
forecast_7792,2025-11-21 16:00:00,16500.964833274353,17669.568370733796,15570.735885128634
forecast_7793,2025-11-21 17:00:00,17078.422419530038,17684.91158452733,15967.129452383222
forecast_7794,2025-11-21 18:00:00,17381.403197692725,17956.871103270918,16494.773499945888
forecast_7795,2025-11-21 19:00:00,17368.74037131128,18162.72376027797,16405.353533897163
forecast_7796,2025-11-21 20:00:00,17167.52281149791,18076.366687172973,16165.311037760155
forecast_7797,2025-11-21 21:00:00,16933.95062843886,17969.689119024715,16015.228303291264
forecast_7798,2025-11-21 22:00:00,17334.48997241045,18216.609645653225,16106.063175639254
forecast_7799,2025-11-21 23:00:00,17196.64341445792,18563.29342409295,16418.676908758116
forecast_7800,2025-11-22 00:00:00,17922.247701606957,18625.540459074142,16340.663885529655
forecast_7801,2025-11-22 01:00:00,18049.942954357815,17986.56154971065,15780.877104278796
forecast_7802,2025-11-22 02:00:00,18048.947747281392,17892.18212098406,15681.8224134976
forecast_7803,2025-11-22 03:00:00,18112.395319412586,17914.918398782207,15488.024440966317
forecast_7804,2025-11-22 04:00:00,18113.617714567263,17756.52326562218,15582.864493420566
forecast_7805,2025-11-22 05:00:00,17933.244565843688,17963.28046644714,15910.910446255733
forecast_7806,2025-11-22 06:00:00,18053.138860240637,18446.463617603848,15394.421953915
forecast_7807,2025-11-22 07:00:00,18068.05311721001,18345.08912991499,14918.988344632868
forecast_7808,2025-11-22 08:00:00,17972.1775455861,18135.38914317955,14133.40966332081
forecast_7809,2025-11-22 09:00:00,17305.258711124807,18135.67601819559,13505.614662721488
forecast_7810,2025-11-22 10:00:00,14777.354911795534,17243.20118595152,12558.05114078593
forecast_7811,2025-11-22 11:00:00,12532.917864674044,16020.976450824943,11277.346300812695
forecast_7812,2025-11-22 12:00:00,11244.845227558468,14857.292757048166,11707.758221733357
forecast_7813,2025-11-22 13:00:00,11182.780318408937,13837.72657667204,11171.992101011278
forecast_7814,2025-11-22 14:00:00,12003.686116089588,13547.327727064012,11401.622901886538
forecast_7815,2025-11-22 15:00:00,12804.658842692294,13672.946033192693,12281.038629245024
forecast_7816,2025-11-22 16:00:00,14500.094401329614,14991.269897111495,13506.78126048943
forecast_7817,2025-11-22 17:00:00,15864.46589053272,17018.287505456683,14594.69872455997
forecast_7818,2025-11-22 18:00:00,17525.47604372702,18070.799158402184,15460.809605724815
forecast_7819,2025-11-22 19:00:00,18869.98470330084,18462.876857491774,16101.178130361077
forecast_7820,2025-11-22 20:00:00,19609.549846675083,18762.481504700598,16210.577429809302
forecast_7821,2025-11-22 21:00:00,19850.626673848237,19323.916494955487,16397.769287396786
forecast_7822,2025-11-22 22:00:00,20057.922244385045,19525.598924551316,16528.532531502584
forecast_7823,2025-11-22 23:00:00,19968.227944391005,19451.28716983359,16774.624040266906
forecast_7824,2025-11-23 00:00:00,20004.252810402646,19602.77357305766,16941.98306496433
forecast_7825,2025-11-23 01:00:00,19986.33790652959,19595.412182679487,17111.376728254374
forecast_7826,2025-11-23 02:00:00,19954.161750021034,19496.79086421521,17144.938105980425
forecast_7827,2025-11-23 03:00:00,19940.826733932336,19689.54060349973,17244.310315545627
forecast_7828,2025-11-23 04:00:00,19919.961500421967,19678.09735178841,17230.19490055764
forecast_7829,2025-11-23 05:00:00,19859.49930206752,19714.887293333508,16942.0039620612
forecast_7830,2025-11-23 06:00:00,19814.19530985663,19562.74182553607,16621.34971850428
forecast_7831,2025-11-23 07:00:00,19794.870253684443,19550.688359836426,16780.328957018453
forecast_7832,2025-11-23 08:00:00,19835.36878780096,19472.22073552793,16524.663712363257
forecast_7833,2025-11-23 09:00:00,19798.131856835593,19100.751364249558,16390.033126886403
forecast_7834,2025-11-23 10:00:00,19407.37873818334,18900.47805942934,15858.350559692797
forecast_7835,2025-11-23 11:00:00,18247.338382413218,18592.254769858835,14713.749962879694
forecast_7836,2025-11-23 12:00:00,17708.86260269899,18184.162195651017,15332.330827997219
forecast_7837,2025-11-23 13:00:00,16972.07849034959,17298.476623909275,14272.608467167465
forecast_7838,2025-11-23 14:00:00,16224.158511329719,16853.71771158093,13723.984432040237
forecast_7839,2025-11-23 15:00:00,15903.654805700928,17015.119274589535,13743.743025222557
forecast_7840,2025-11-23 16:00:00,16325.263875160308,17127.939697924892,13926.673179726215
forecast_7841,2025-11-23 17:00:00,17595.443658699744,17647.576105171527,14745.249214558451
forecast_7842,2025-11-23 18:00:00,18199.84043250447,18349.005892541256,15949.651992127401
forecast_7843,2025-11-23 19:00:00,18598.003268732085,18470.787678827284,16415.606581896773
forecast_7844,2025-11-23 20:00:00,18478.650952075575,18194.6036276175,16196.11324276272
forecast_7845,2025-11-23 21:00:00,18153.833134259803,17930.265926374075,16528.51087620758
forecast_7846,2025-11-23 22:00:00,17691.909433559584,17841.6053516243,15982.266647311382
forecast_7847,2025-11-23 23:00:00,17151.198606822625,17387.564090799675,15499.215786362565
forecast_7848,2025-11-24 00:00:00,15703.861445997103,16604.794904720417,14319.442130175328
forecast_7849,2025-11-24 01:00:00,15693.732440706855,16144.250605327994,13037.461528096544
forecast_7850,2025-11-24 02:00:00,15281.323804368858,15396.288392597107,12455.04277957656
forecast_7851,2025-11-24 03:00:00,14599.618453874771,14587.59276114846,11625.307398714318
forecast_7852,2025-11-24 04:00:00,13735.931904954301,14178.140185343544,11325.17229884581
forecast_7853,2025-11-24 05:00:00,13150.09992457974,14495.319544494061,11582.517480192833
forecast_7854,2025-11-24 06:00:00,13455.912735889931,15028.897569324461,11719.144907301732
forecast_7855,2025-11-24 07:00:00,13954.497216617754,15230.829183568761,12198.627062441301
forecast_7856,2025-11-24 08:00:00,14099.746295335062,14544.182047404704,11782.417741356328
forecast_7857,2025-11-24 09:00:00,11840.410645855336,13262.605691046465,11355.337813443348
forecast_7858,2025-11-24 10:00:00,10499.653290610377,11622.234870033211,9292.409373418137
forecast_7859,2025-11-24 11:00:00,10262.042823722953,10719.901757573527,9219.284346432381
forecast_7860,2025-11-24 12:00:00,10808.730989833044,10344.429780392118,9789.703666577365
forecast_7861,2025-11-24 13:00:00,11258.439268499127,11170.919138197374,10612.204730101523
forecast_7862,2025-11-24 14:00:00,12543.65804321529,13471.360816489809,11485.450630258914
forecast_7863,2025-11-24 15:00:00,12655.278911236619,14187.912352014599,11775.902269861173
forecast_7864,2025-11-24 16:00:00,12987.577607872408,12449.1637997361,11317.925442895421
forecast_7865,2025-11-24 17:00:00,12981.3933710524,11654.03400441619,11772.476822997147
forecast_7866,2025-11-24 18:00:00,13109.91078095079,11926.400186466371,11971.274012513903
forecast_7867,2025-11-24 19:00:00,12504.910410157117,12635.413797778561,11176.411065844131
forecast_7868,2025-11-24 20:00:00,12024.38773199171,12681.7533030009,11167.237339686684
forecast_7869,2025-11-24 21:00:00,12499.532874278611,12803.921555705685,11202.35538531606
forecast_7870,2025-11-24 22:00:00,13305.984338004968,12836.419460977797,11428.04919200022
forecast_7871,2025-11-24 23:00:00,14305.18648031424,13603.585904310028,11844.933610524567
forecast_7872,2025-11-25 00:00:00,14823.871229463688,14090.825815502461,12565.598627796326
forecast_7873,2025-11-25 01:00:00,15285.63403970253,14942.31365967045,12473.672741707087
forecast_7874,2025-11-25 02:00:00,13884.764631253503,13266.142600060615,12130.12982683277
forecast_7875,2025-11-25 03:00:00,13827.328086236259,13098.364071882897,11964.88556960438
forecast_7876,2025-11-25 04:00:00,13824.387405083224,14342.814993906948,11567.950836958224
forecast_7877,2025-11-25 05:00:00,14020.843537035948,14884.256130908072,11746.64612421313
forecast_7878,2025-11-25 06:00:00,13979.200361290317,14704.133838686306,10765.767174674405
forecast_7879,2025-11-25 07:00:00,13668.521767958888,14767.50578777759,10159.583966555037
forecast_7880,2025-11-25 08:00:00,12937.350307651477,14000.113977887271,10375.150198039617
forecast_7881,2025-11-25 09:00:00,10955.673695895199,12907.001234619449,9010.242609511028
forecast_7882,2025-11-25 10:00:00,9973.828306736097,11104.126490788156,8277.3769972916
forecast_7883,2025-11-25 11:00:00,10100.727885581851,9185.85187160191,7970.389005151012
forecast_7884,2025-11-25 12:00:00,9678.225725144652,9561.655799199018,7819.634213359081
forecast_7885,2025-11-25 13:00:00,9721.162768823786,7753.496984325182,8315.873443520983
forecast_7886,2025-11-25 14:00:00,10334.685813580776,7823.613385520739,8679.233273225109
forecast_7887,2025-11-25 15:00:00,10434.895845549723,8712.596615638378,9104.677589774306
forecast_7888,2025-11-25 16:00:00,11158.27379765283,10109.859945880282,11086.604958234804
forecast_7889,2025-11-25 17:00:00,11490.320740154642,10777.41297863175,11598.9716922492
forecast_7890,2025-11-25 18:00:00,11124.281824987549,9915.862479651001,10804.077189813943
forecast_7891,2025-11-25 19:00:00,10832.833792398837,8950.687646869717,9497.796294746808
forecast_7892,2025-11-25 20:00:00,9183.59198401549,7731.424364501996,8100.979464854381
forecast_7893,2025-11-25 21:00:00,7409.270565192588,5908.643358170495,7254.792849736296
forecast_7894,2025-11-25 22:00:00,6505.826281347966,4954.416300368347,6563.200223793292
forecast_7895,2025-11-25 23:00:00,5286.758798193973,4832.941404471525,6129.150124505278
forecast_7896,2025-11-26 00:00:00,4470.837473076219,4317.029169084793,5536.6691323716905
forecast_7897,2025-11-26 01:00:00,3929.6666686833864,4053.894573813232,4940.811418265408
forecast_7898,2025-11-26 02:00:00,3518.950274808147,3917.009109869433,4437.469664286478
forecast_7899,2025-11-26 03:00:00,3029.896191647916,3377.9531949302245,4248.566752109888
forecast_7900,2025-11-26 04:00:00,2951.1416001586736,3072.5441313545352,3942.454161250976
forecast_7901,2025-11-26 05:00:00,2898.2861359144963,3303.4685743308623,3852.882840719486
forecast_7902,2025-11-26 06:00:00,3221.5528286824438,3605.7253094011244,4214.6205135068185
forecast_7903,2025-11-26 07:00:00,3891.5559587779085,4261.952221747917,4862.417749319329
forecast_7904,2025-11-26 08:00:00,3945.1348965465704,4098.760363062871,4827.822619228822
forecast_7905,2025-11-26 09:00:00,3787.23800590681,4230.512049655166,4605.0478099610955
forecast_7906,2025-11-26 10:00:00,3759.8807747957653,3990.3635935682164,4458.942352431655
forecast_7907,2025-11-26 11:00:00,3727.7967460855325,3870.489169527181,4191.439444070557
forecast_7908,2025-11-26 12:00:00,3850.758589229963,3881.219618912071,4244.2803710466105
forecast_7909,2025-11-26 13:00:00,3964.2322905580563,3948.530345743701,4469.863504833458
forecast_7910,2025-11-26 14:00:00,4588.099170093432,4557.915151898351,5209.529587869712
forecast_7911,2025-11-26 15:00:00,5084.164246512859,5570.687295027942,6029.364959476655
forecast_7912,2025-11-26 16:00:00,6666.701214095253,6909.692435144443,7073.365403114102
forecast_7913,2025-11-26 17:00:00,8516.245474899937,8942.193984271382,7767.705160497102
forecast_7914,2025-11-26 18:00:00,11059.598382303984,10627.94727866086,9092.063453413451
forecast_7915,2025-11-26 19:00:00,12831.355070030968,12226.512708634891,9802.38767909896
forecast_7916,2025-11-26 20:00:00,14413.70143831327,13984.054776082503,10483.090973574243
forecast_7917,2025-11-26 21:00:00,15732.320039332863,15865.868386787057,11027.84687342033
forecast_7918,2025-11-26 22:00:00,16151.623562597902,16494.41363827403,11927.473070759395
forecast_7919,2025-11-26 23:00:00,16279.509831678493,16056.641948104563,11431.76652331514
forecast_7920,2025-11-27 00:00:00,16857.728382032263,15738.613739447697,12903.288965487136
forecast_7921,2025-11-27 01:00:00,17213.07185652535,17299.09054169666,13077.319691793982
forecast_7922,2025-11-27 02:00:00,16870.029882239698,17277.76417669581,13202.03903381194
forecast_7923,2025-11-27 03:00:00,17046.52445638936,17061.323506843783,12960.685982846462
forecast_7924,2025-11-27 04:00:00,17176.451335086065,16808.814444920885,13657.127177389677
forecast_7925,2025-11-27 05:00:00,16904.721177478208,17348.277960612624,13633.973299152827
forecast_7926,2025-11-27 06:00:00,16807.8629940817,17571.522152645204,13242.373971168545
forecast_7927,2025-11-27 07:00:00,14735.304344771863,17641.035893325996,13191.989748626891
forecast_7928,2025-11-27 08:00:00,13865.617259485061,17372.16458684881,12982.761514562164
forecast_7929,2025-11-27 09:00:00,13589.341584404567,17447.709512266123,13764.919639872956
forecast_7930,2025-11-27 10:00:00,12581.100470177218,17358.066201854217,13369.58214117408
forecast_7931,2025-11-27 11:00:00,13720.7212976993,17822.75065258891,15360.715223952517
forecast_7932,2025-11-27 12:00:00,13892.240223640212,17898.995909783735,15378.456279791822
forecast_7933,2025-11-27 13:00:00,14521.524955608613,18470.427136210572,16006.216066590834
forecast_7934,2025-11-27 14:00:00,15997.231627686124,18789.212677937412,16239.816809135475
forecast_7935,2025-11-27 15:00:00,16893.104748824193,18530.862415197927,16069.87343872189
forecast_7936,2025-11-27 16:00:00,17214.806442337624,18111.113001391834,16249.286713856378
forecast_7937,2025-11-27 17:00:00,17432.507002700102,18394.24381876635,15912.793652066997
forecast_7938,2025-11-27 18:00:00,17789.514846626917,18497.246123614746,16330.099178195684
forecast_7939,2025-11-27 19:00:00,17990.525833899766,18327.183581033525,16025.755335139198
forecast_7940,2025-11-27 20:00:00,18174.808786993126,18071.42631726075,15695.57999061808
forecast_7941,2025-11-27 21:00:00,18084.81413892022,17827.415719285553,15922.418304712508
forecast_7942,2025-11-27 22:00:00,17257.45107936011,17449.08429586203,15836.020408192686
forecast_7943,2025-11-27 23:00:00,17051.026496855196,17223.0569950391,16125.91145021365
forecast_7944,2025-11-28 00:00:00,17204.929706210514,17460.268623334054,16496.461424032823
forecast_7945,2025-11-28 01:00:00,17399.611187498278,17278.885711362273,16648.033124704587
forecast_7946,2025-11-28 02:00:00,17004.606258470754,17582.48377384404,16709.63505114037
forecast_7947,2025-11-28 03:00:00,16965.70760821754,18138.740483449386,16722.26763256009
forecast_7948,2025-11-28 04:00:00,16956.353497749955,17625.36453907456,16428.303171489777
forecast_7949,2025-11-28 05:00:00,16752.78145164042,17097.077728192467,16067.810110279992
forecast_7950,2025-11-28 06:00:00,16665.49737070574,17513.562164788018,14856.549277727961
forecast_7951,2025-11-28 07:00:00,16610.98460055412,17907.313603179457,12543.513014399789
forecast_7952,2025-11-28 08:00:00,16620.80370188782,17727.75249411651,11400.179379839665
forecast_7953,2025-11-28 09:00:00,14885.430504357504,16365.099253922886,9754.768205269358
forecast_7954,2025-11-28 10:00:00,11036.727751824208,12802.594918895444,8523.009181219613
forecast_7955,2025-11-28 11:00:00,9461.571439294727,9733.340284767435,7850.53731315177
forecast_7956,2025-11-28 12:00:00,8344.961613578553,7760.225516558159,7386.0414147094025
forecast_7957,2025-11-28 13:00:00,7706.473759897981,6175.314708109779,6693.979914512072
forecast_7958,2025-11-28 14:00:00,7540.800659996845,6974.091519775301,6364.429972691877
forecast_7959,2025-11-28 15:00:00,7103.22900700431,6068.469900839661,6054.490630152793
forecast_7960,2025-11-28 16:00:00,6914.319377758629,6017.545418945117,6006.850167745307
forecast_7961,2025-11-28 17:00:00,6881.693086866035,6414.4409082318025,6006.5063172817045
forecast_7962,2025-11-28 18:00:00,7307.638842128343,7856.147578216143,6254.7967195876245
forecast_7963,2025-11-28 19:00:00,7378.877440296432,6837.863400756743,6291.405213841069
forecast_7964,2025-11-28 20:00:00,6867.244522289895,6264.115901520058,6233.36478771819
forecast_7965,2025-11-28 21:00:00,6700.23937977725,4937.118216978489,6158.317392527746
forecast_7966,2025-11-28 22:00:00,5960.072434234451,3835.5942169067575,5698.064387072516
forecast_7967,2025-11-28 23:00:00,5487.517195855048,4299.230893306674,5714.89554567057
forecast_7968,2025-11-29 00:00:00,6119.930146835973,4971.149961990786,6090.048732224648
forecast_7969,2025-11-29 01:00:00,6982.62560685339,5187.223929977576,6268.711930153673
forecast_7970,2025-11-29 02:00:00,7553.134697415473,5088.631849791527,6463.2820597005775
forecast_7971,2025-11-29 03:00:00,9008.304327674452,6440.975267602793,7049.391016654089
forecast_7972,2025-11-29 04:00:00,10491.81204085363,10434.415377029563,8079.250506441016
forecast_7973,2025-11-29 05:00:00,11380.644534481817,12354.894893485718,9040.038613170096
forecast_7974,2025-11-29 06:00:00,12258.393841008823,13760.9972094037,10219.78696711283
forecast_7975,2025-11-29 07:00:00,13024.845118195884,14127.206416229415,9677.725533217093
forecast_7976,2025-11-29 08:00:00,12517.937119116355,14244.995298343118,9393.972425193922
forecast_7977,2025-11-29 09:00:00,11783.672370036104,14356.147490652502,9095.419053502295
forecast_7978,2025-11-29 10:00:00,10457.037698274647,13398.188910355773,8121.8561273837095
forecast_7979,2025-11-29 11:00:00,9555.02068649825,12280.201179252152,7981.665976970872
forecast_7980,2025-11-29 12:00:00,10175.893479800829,11527.000528678513,9155.835076888532
forecast_7981,2025-11-29 13:00:00,11346.439269473347,11576.1773704396,9968.131241477868
forecast_7982,2025-11-29 14:00:00,12432.287336032488,13108.003102459676,11714.365209011952
forecast_7983,2025-11-29 15:00:00,14366.901485244152,14498.781036693954,12517.948971182544
forecast_7984,2025-11-29 16:00:00,16556.132881529484,17163.088313388875,14869.728390884502
forecast_7985,2025-11-29 17:00:00,18113.772737453433,18667.726984655426,16569.50358892455
forecast_7986,2025-11-29 18:00:00,18590.521655387816,18951.287937932648,17473.22463721831
forecast_7987,2025-11-29 19:00:00,18826.85707185987,19131.417818539216,18005.412559959303
forecast_7988,2025-11-29 20:00:00,19096.20065049119,19092.7515686733,18253.77941193489
forecast_7989,2025-11-29 21:00:00,19241.54364961888,19112.69929225971,18341.498426698123
forecast_7990,2025-11-29 22:00:00,19306.409832217912,19072.750930049573,18250.819902160023
forecast_7991,2025-11-29 23:00:00,19335.31797208615,19107.790485728958,18219.91474816053
forecast_7992,2025-11-30 00:00:00,19420.105586273814,19012.272686820423,18153.91406669039
forecast_7993,2025-11-30 01:00:00,19326.829031721936,18950.681460668635,17943.628004034603
forecast_7994,2025-11-30 02:00:00,19174.908867434868,18880.168859050205,17785.99081905185
forecast_7995,2025-11-30 03:00:00,18943.56457933607,18516.83317041929,17366.329126645272
forecast_7996,2025-11-30 04:00:00,18218.685618155552,17806.337032410913,16605.574408506967
forecast_7997,2025-11-30 05:00:00,17704.2798686052,17461.412694814044,16177.917928228559
forecast_7998,2025-11-30 06:00:00,17320.797055569652,17381.96690194862,15311.40066824252
forecast_7999,2025-11-30 07:00:00,16814.155565760546,17074.513474994354,14949.579087188948
forecast_8000,2025-11-30 08:00:00,16571.832425545763,16942.773366108064,15039.442185764525
forecast_8001,2025-11-30 09:00:00,16056.44451645069,16418.96721078644,14259.18777255217
forecast_8002,2025-11-30 10:00:00,15926.876720914996,15279.10583825018,13595.769938016136
forecast_8003,2025-11-30 11:00:00,15806.899249586,13990.483540038102,12299.077897807907
forecast_8004,2025-11-30 12:00:00,15244.099214251419,13514.92693302871,10992.316089451866
forecast_8005,2025-11-30 13:00:00,14119.086559025553,12575.105220598372,10900.432270447549
forecast_8006,2025-11-30 14:00:00,12567.576725411074,11630.7998157907,10785.554672943606
forecast_8007,2025-11-30 15:00:00,12351.09977544862,11766.48594534522,10843.325039671425
forecast_8008,2025-11-30 16:00:00,12816.945984675007,12900.803108185259,11259.76536057176
forecast_8009,2025-11-30 17:00:00,13455.84460255249,14452.827475065355,11799.766697775753
forecast_8010,2025-11-30 18:00:00,15754.400638951469,17421.933036371724,14269.019993353693
forecast_8011,2025-11-30 19:00:00,17631.17889497786,18912.766102774545,16401.137281698288
forecast_8012,2025-11-30 20:00:00,18087.701374231176,19295.651125454002,17220.677541510348
forecast_8013,2025-11-30 21:00:00,18569.235836549567,19574.062097127786,17637.144720842898
forecast_8014,2025-11-30 22:00:00,18795.02038191625,19605.774959158392,17738.33189015031
forecast_8015,2025-11-30 23:00:00,18764.254468327435,19530.01665132144,17849.076316138235
forecast_8016,2025-12-01 00:00:00,18798.846846838278,19556.142515115185,17936.263040446345
forecast_8017,2025-12-01 01:00:00,18554.339315533223,19316.08183030259,17636.67092864474
forecast_8018,2025-12-01 02:00:00,18389.110409703393,19325.235746498664,17358.84635738569
forecast_8019,2025-12-01 03:00:00,18145.46049847603,19299.72973849668,16988.846565000138
forecast_8020,2025-12-01 04:00:00,18123.49346442716,19345.906302665717,17166.492409877974
forecast_8021,2025-12-01 05:00:00,18137.420222197623,19379.301487841025,17351.6974776628
forecast_8022,2025-12-01 06:00:00,18548.903653994206,19398.556325637488,17714.570665925905
forecast_8023,2025-12-01 07:00:00,18984.125754571312,19355.81266665363,17577.942352311613
forecast_8024,2025-12-01 08:00:00,18953.906389106556,19013.516370565256,17027.128358871538
forecast_8025,2025-12-01 09:00:00,17292.1477026371,17899.536465414745,14773.023728240816
forecast_8026,2025-12-01 10:00:00,14388.96474489985,15355.046745168172,11229.161024980387
forecast_8027,2025-12-01 11:00:00,10339.248178234968,10679.38538712957,8419.629985973228
forecast_8028,2025-12-01 12:00:00,7891.817579069013,7335.857229553161,6281.390322493928
forecast_8029,2025-12-01 13:00:00,7149.092349033463,5778.9752224035155,5434.7031786010075
forecast_8030,2025-12-01 14:00:00,5897.1230392495245,4768.914696217636,4990.4879800032295
forecast_8031,2025-12-01 15:00:00,5275.221529125327,4041.579028958078,4423.188800933574
forecast_8032,2025-12-01 16:00:00,5678.9256880442035,4542.192283988275,4279.531844677557
forecast_8033,2025-12-01 17:00:00,5780.265573397969,5554.722846614422,4643.61321006813
forecast_8034,2025-12-01 18:00:00,6256.756516292438,5594.614301370996,5073.292935333118
forecast_8035,2025-12-01 19:00:00,6729.511708854809,6483.944241543559,5536.355627159733
forecast_8036,2025-12-01 20:00:00,7724.905489455177,7656.936167331913,6297.381289930416
forecast_8037,2025-12-01 21:00:00,9577.077128588395,8932.29921027011,7250.183551590835
forecast_8038,2025-12-01 22:00:00,11758.566975077638,11085.657342942915,7762.585911487535
forecast_8039,2025-12-01 23:00:00,14279.971743948896,13372.367900241781,8482.069216112835
forecast_8040,2025-12-02 00:00:00,15872.964343760526,14819.599864624939,9402.1071403731
forecast_8041,2025-12-02 01:00:00,16359.797504721591,15889.596055410908,10423.32396878266
forecast_8042,2025-12-02 02:00:00,17797.724586507076,16668.817457108056,11078.479811257195
forecast_8043,2025-12-02 03:00:00,18201.76451467904,17978.993645810067,13785.561638456675
forecast_8044,2025-12-02 04:00:00,18390.877704168775,18036.855964684113,13854.474860131406
forecast_8045,2025-12-02 05:00:00,17908.996683018813,17359.943482586994,12371.976691268641
forecast_8046,2025-12-02 06:00:00,17151.764693405556,16087.85968385791,11065.231540366425
forecast_8047,2025-12-02 07:00:00,15530.272905486196,14770.114646165788,9713.537777699881
forecast_8048,2025-12-02 08:00:00,13226.590508876194,13798.154275486135,8141.820708277042
forecast_8049,2025-12-02 09:00:00,11514.460864494376,12069.017361697928,6910.528583089446
forecast_8050,2025-12-02 10:00:00,9347.350698976443,9317.49757156836,5976.605844181742
forecast_8051,2025-12-02 11:00:00,8424.442064799567,7259.743126388917,5524.630108212313
forecast_8052,2025-12-02 12:00:00,8235.494838435101,5700.723015970931,5670.982858692341
forecast_8053,2025-12-02 13:00:00,8156.646826905201,5496.345417929626,6475.577090257957
forecast_8054,2025-12-02 14:00:00,9079.998086887706,6771.506669178416,7362.250776347099
forecast_8055,2025-12-02 15:00:00,10805.300536980556,8266.839014285082,8142.674374705682
forecast_8056,2025-12-02 16:00:00,12438.105725032969,10281.83746555115,9909.987445783194
forecast_8057,2025-12-02 17:00:00,13781.735874692524,13373.83800786849,11618.411047718851
forecast_8058,2025-12-02 18:00:00,14306.200714224395,14202.84106041244,12651.367688753146
forecast_8059,2025-12-02 19:00:00,14587.675548464375,14818.132471317236,13640.682123068727
forecast_8060,2025-12-02 20:00:00,15122.532900493847,16167.112370571696,14078.027959362866
forecast_8061,2025-12-02 21:00:00,15582.952503242537,17408.67936677927,15106.77936619792
forecast_8062,2025-12-02 22:00:00,15183.19533942487,17335.828194965055,15204.11937537391
forecast_8063,2025-12-02 23:00:00,14769.302848868949,17411.67463628906,15099.383304925177
forecast_8064,2025-12-03 00:00:00,15098.745331321337,17937.032067433305,15607.086097208747
forecast_8065,2025-12-03 01:00:00,15558.517273457706,18175.02687155091,15885.1150259797
forecast_8066,2025-12-03 02:00:00,15726.25584101996,18210.19511802856,15852.694584888897
forecast_8067,2025-12-03 03:00:00,15318.615584741223,18136.458425186538,15950.803705780749
forecast_8068,2025-12-03 04:00:00,15633.23770223428,17843.78041489797,15624.061194907907
forecast_8069,2025-12-03 05:00:00,14764.415786517075,17406.044203831832,14260.682877582956
forecast_8070,2025-12-03 06:00:00,14583.73187955134,17024.16405595429,13984.76422115885
forecast_8071,2025-12-03 07:00:00,14707.741709600356,17080.597327916486,13183.87716792667
forecast_8072,2025-12-03 08:00:00,14800.137628470966,17216.650481514193,13618.181670937862
forecast_8073,2025-12-03 09:00:00,15492.696484224838,17332.05061081696,14128.305427979256
forecast_8074,2025-12-03 10:00:00,15828.574571150039,18043.728289834165,14221.59278335188
forecast_8075,2025-12-03 11:00:00,16155.71948307698,18563.834030061913,14075.700117015112
forecast_8076,2025-12-03 12:00:00,16709.350621896167,18865.09813660584,14064.845096075027
forecast_8077,2025-12-03 13:00:00,16788.40619442774,18962.66671434571,14072.730348808956
forecast_8078,2025-12-03 14:00:00,16936.006018511107,18860.428200852446,14387.984741661425
forecast_8079,2025-12-03 15:00:00,16960.01774480411,18768.81044103564,14396.228504718852
forecast_8080,2025-12-03 16:00:00,16862.589913583954,18686.376941162343,15144.81803869635
forecast_8081,2025-12-03 17:00:00,16811.83815574666,18193.440877273115,15415.814050787762
forecast_8082,2025-12-03 18:00:00,16552.067967402054,17757.48880933461,15270.062760623856
forecast_8083,2025-12-03 19:00:00,16301.982221810329,17632.06556719871,15364.473694682802
forecast_8084,2025-12-03 20:00:00,16180.614138985235,18108.015424378547,15735.117121746101
forecast_8085,2025-12-03 21:00:00,15983.472855437827,18549.81269841248,15978.620408938645
forecast_8086,2025-12-03 22:00:00,15703.385701452706,18711.76766018326,15681.174823440859
forecast_8087,2025-12-03 23:00:00,15828.83459020116,18260.79577336287,15220.38154080608
forecast_8088,2025-12-04 00:00:00,16415.99080838087,18244.82036786116,15385.411118230884
forecast_8089,2025-12-04 01:00:00,16611.712077599805,18749.71472772677,15446.757158928966
forecast_8090,2025-12-04 02:00:00,17394.74518047045,19275.790188479295,15857.01514392982
forecast_8091,2025-12-04 03:00:00,18135.710467268444,19415.809912335753,16127.889146386886
forecast_8092,2025-12-04 04:00:00,18643.576628094863,19563.59262426653,16316.767147789338
forecast_8093,2025-12-04 05:00:00,19024.220657963968,19591.750546095645,16895.054469743925
forecast_8094,2025-12-04 06:00:00,19175.616236206522,19484.414849936682,17481.418069479823
forecast_8095,2025-12-04 07:00:00,19311.251660759615,19492.72038204399,17447.917700563725
forecast_8096,2025-12-04 08:00:00,19118.463433782777,19592.053195218778,17470.35720453873
forecast_8097,2025-12-04 09:00:00,17921.803371407863,19620.242826926726,17130.907530488676
forecast_8098,2025-12-04 10:00:00,16503.200306574163,18838.526502345976,15813.1973456895
forecast_8099,2025-12-04 11:00:00,15232.52083512755,16630.602810860477,14134.707390467505
forecast_8100,2025-12-04 12:00:00,13997.688782236295,13805.074208896516,11421.781308103993
forecast_8101,2025-12-04 13:00:00,13021.214733761663,12511.566113280853,9802.91516415041
forecast_8102,2025-12-04 14:00:00,12441.42422781368,12527.828176803825,9273.381062257977
forecast_8103,2025-12-04 15:00:00,12506.159490285967,12784.670539220308,9374.072278037047
forecast_8104,2025-12-04 16:00:00,13127.748666865455,12479.040085741392,11109.010057580963
forecast_8105,2025-12-04 17:00:00,13729.840325850713,13689.670047506665,12995.53698820103
forecast_8106,2025-12-04 18:00:00,14148.809367036178,15175.776377727274,13976.454823065735
forecast_8107,2025-12-04 19:00:00,13655.354579965577,15362.482700951048,14614.580158643643
forecast_8108,2025-12-04 20:00:00,14776.423293238051,15258.60366558763,15244.896095545082
forecast_8109,2025-12-04 21:00:00,15827.713397828604,16284.164830498336,15302.04932948705
forecast_8110,2025-12-04 22:00:00,15336.585398140847,17087.924697606486,15038.97646190297
forecast_8111,2025-12-04 23:00:00,15185.52416942174,16971.689093094417,14696.762207180258
forecast_8112,2025-12-05 00:00:00,15634.334483996845,17565.960270872638,14682.492635473896
forecast_8113,2025-12-05 01:00:00,15751.178873935969,17029.298292167157,14430.990798817606
forecast_8114,2025-12-05 02:00:00,15913.307075625376,17367.731949977166,15458.84064747066
forecast_8115,2025-12-05 03:00:00,15732.120697969469,16968.179595218393,15574.524813525182
forecast_8116,2025-12-05 04:00:00,16024.006627879313,17109.900811834632,15534.85885164986
forecast_8117,2025-12-05 05:00:00,15383.436780656157,17450.369130788324,15483.867833925367
forecast_8118,2025-12-05 06:00:00,15215.464848642489,17453.673256582162,15898.224217937855
forecast_8119,2025-12-05 07:00:00,15945.651260527033,17821.642391658854,16100.684464692105
forecast_8120,2025-12-05 08:00:00,16582.400054466634,18154.461011027677,16101.337361150421
forecast_8121,2025-12-05 09:00:00,16992.711927249555,18437.093290067995,15614.410230862155
forecast_8122,2025-12-05 10:00:00,15971.741550758761,18031.237919112475,14407.26439891049
forecast_8123,2025-12-05 11:00:00,14669.941455940581,17497.66885993051,13557.894882819495
forecast_8124,2025-12-05 12:00:00,13731.091481505653,16957.917186671235,12914.24588358498
forecast_8125,2025-12-05 13:00:00,13154.19947099479,16287.490794248944,12617.807422425027
forecast_8126,2025-12-05 14:00:00,13535.0538105675,16005.232784357911,12776.972444719388
forecast_8127,2025-12-05 15:00:00,14406.316647025345,15993.19612584696,13619.527401954
forecast_8128,2025-12-05 16:00:00,15360.470011575519,15812.617985797537,13556.981931540435
forecast_8129,2025-12-05 17:00:00,16658.36713925259,16228.689419118466,14280.425916638218
forecast_8130,2025-12-05 18:00:00,17371.041558870897,17182.193750025857,14626.538549159519
forecast_8131,2025-12-05 19:00:00,17780.076031517285,17745.86945545745,14782.019177503757
forecast_8132,2025-12-05 20:00:00,18188.258155133866,18018.314284213095,14907.566473584742
forecast_8133,2025-12-05 21:00:00,18723.308816327124,18980.324060458046,14995.502216900935
forecast_8134,2025-12-05 22:00:00,19272.889734308515,19246.34926081032,15504.961476695906
forecast_8135,2025-12-05 23:00:00,19551.9783090326,19367.182673978055,16320.000285100825
forecast_8136,2025-12-06 00:00:00,19739.84783461506,19216.013761921826,16494.409492476763
forecast_8137,2025-12-06 01:00:00,19767.85967808973,19387.321741938715,16352.596103845695
forecast_8138,2025-12-06 02:00:00,19973.188194404385,19474.607559890494,16223.711655790248
forecast_8139,2025-12-06 03:00:00,19956.198189032653,19813.911398662483,16846.269224213072
forecast_8140,2025-12-06 04:00:00,19918.224161854585,19732.90953600631,16692.029876550663
forecast_8141,2025-12-06 05:00:00,19878.132308809756,19690.27552505165,16432.508831477797
forecast_8142,2025-12-06 06:00:00,19794.233273583388,19676.150031041936,16439.115143886444
forecast_8143,2025-12-06 07:00:00,19712.126947302706,19656.50054266412,15897.389449863455
forecast_8144,2025-12-06 08:00:00,19375.147739950193,19569.1633305166,15368.095285430529
forecast_8145,2025-12-06 09:00:00,18998.746491546823,19172.215303560206,15287.32890090327
forecast_8146,2025-12-06 10:00:00,17409.41631117521,18350.89613305472,15052.584219770932
forecast_8147,2025-12-06 11:00:00,16367.466936008113,17407.213421700184,15081.142253481245
forecast_8148,2025-12-06 12:00:00,15668.749227493154,16282.403478081604,14152.557850734847
forecast_8149,2025-12-06 13:00:00,16017.411110650948,16937.86595370664,14156.228253958463
forecast_8150,2025-12-06 14:00:00,17087.794288093646,17764.95410290042,15566.924706657963
forecast_8151,2025-12-06 15:00:00,17843.32303415175,17971.68847448016,16340.246144844532
forecast_8152,2025-12-06 16:00:00,17603.262581296818,18215.092226599852,15959.723796995579
forecast_8153,2025-12-06 17:00:00,16875.030964118752,17742.18203349154,15873.846359924974
forecast_8154,2025-12-06 18:00:00,16585.927892647807,17029.157739388425,15790.917075963367
forecast_8155,2025-12-06 19:00:00,16829.688554913828,17269.466250445883,16788.88638889336
forecast_8156,2025-12-06 20:00:00,17149.76337400286,17371.310507531456,16954.251123665264
forecast_8157,2025-12-06 21:00:00,17354.554498496178,18043.12307644685,17355.250219496025
forecast_8158,2025-12-06 22:00:00,17890.536995743914,18513.647664722947,17685.93986683458
forecast_8159,2025-12-06 23:00:00,18292.33084029978,18960.48943853613,17922.425671485536
forecast_8160,2025-12-07 00:00:00,18432.382850433514,19024.404821702647,17935.776107621754
forecast_8161,2025-12-07 01:00:00,18036.104320159797,18477.43254610347,17721.105707419865
forecast_8162,2025-12-07 02:00:00,17796.04606855802,18358.307100345402,17125.821647067383
forecast_8163,2025-12-07 03:00:00,18003.928292838813,18237.188321483285,17643.263517565745
forecast_8164,2025-12-07 04:00:00,18336.652649229552,18323.99469797815,17816.201012517187
forecast_8165,2025-12-07 05:00:00,18456.46115887687,18524.48494224928,17764.05767145331
forecast_8166,2025-12-07 06:00:00,18847.925398798016,18888.82330454488,17903.484278532047
forecast_8167,2025-12-07 07:00:00,18986.088600095492,19197.88080191191,17851.65820371074
forecast_8168,2025-12-07 08:00:00,19041.91602676348,19343.81424850797,17636.174693209894
forecast_8169,2025-12-07 09:00:00,18776.70601006697,18995.834039191268,17506.9429731776
forecast_8170,2025-12-07 10:00:00,18213.940167267552,18617.035222644736,17272.506618687345
forecast_8171,2025-12-07 11:00:00,17701.562519540625,18500.389919848134,16924.19890280341
forecast_8172,2025-12-07 12:00:00,17816.618391488268,18649.452552545394,16808.83232531498
forecast_8173,2025-12-07 13:00:00,17322.143858637784,18646.999483770953,16525.05982074579
forecast_8174,2025-12-07 14:00:00,17332.954594140538,18621.02414505458,16465.18020660041
forecast_8175,2025-12-07 15:00:00,17765.053509827096,18556.555454566802,16727.60919244851
forecast_8176,2025-12-07 16:00:00,18003.978259440915,18763.2265518813,17059.02352009497
forecast_8177,2025-12-07 17:00:00,18122.532362593098,18967.380653183514,17093.686896873147
forecast_8178,2025-12-07 18:00:00,17922.63833275794,19071.401655139165,17024.30880351497
forecast_8179,2025-12-07 19:00:00,17622.271129421133,18956.586180793376,17058.418177133935
forecast_8180,2025-12-07 20:00:00,17463.651433263185,19022.935327909745,16902.605621725284
forecast_8181,2025-12-07 21:00:00,17438.374505681524,19124.534247612923,16728.0523287786
forecast_8182,2025-12-07 22:00:00,17588.88304922123,19206.871722320728,17043.14410019305
forecast_8183,2025-12-07 23:00:00,17702.54084558383,19105.734772582215,16749.005098100093
forecast_8184,2025-12-08 00:00:00,17767.468535049964,19130.852423726184,16462.664172873152
forecast_8185,2025-12-08 01:00:00,17883.15411952787,19092.88558770535,16681.120973051202
forecast_8186,2025-12-08 02:00:00,17449.412359420956,18885.330872752613,16349.494868623362
forecast_8187,2025-12-08 03:00:00,17902.853752424653,18669.072199688144,15686.236029602322
forecast_8188,2025-12-08 04:00:00,17723.055345935973,17000.308896964616,14701.775407699228
forecast_8189,2025-12-08 05:00:00,16039.77506057862,15590.870685716483,12943.365489375847
forecast_8190,2025-12-08 06:00:00,15295.818187542405,14934.82197578244,11487.594897678173
forecast_8191,2025-12-08 07:00:00,13788.902049800443,14806.447922094872,11203.223533403514
forecast_8192,2025-12-08 08:00:00,12120.7550308137,12497.477507239522,9170.931206368929
forecast_8193,2025-12-08 09:00:00,11215.079946263137,10423.762538030183,7960.0406770708705
forecast_8194,2025-12-08 10:00:00,9614.172408395172,8717.409481574154,6865.116440539139
forecast_8195,2025-12-08 11:00:00,8302.26358618545,6090.787682539712,6010.3716964105615
forecast_8196,2025-12-08 12:00:00,6870.781857177986,5388.527055490648,5409.294959012208
forecast_8197,2025-12-08 13:00:00,6423.691455184555,4741.255663805172,4799.02285461963
forecast_8198,2025-12-08 14:00:00,6430.405868639332,4388.144343463242,4869.317863935432
forecast_8199,2025-12-08 15:00:00,6525.4351954965705,5281.245857613738,5555.938059118928
forecast_8200,2025-12-08 16:00:00,7024.407385397824,5848.40560251133,6043.971111909816
forecast_8201,2025-12-08 17:00:00,7934.275650717134,7923.1210556643555,7188.477174342644
forecast_8202,2025-12-08 18:00:00,10015.184344862437,11267.41072222764,8940.093032354172
forecast_8203,2025-12-08 19:00:00,12008.496525074217,13771.546225848444,10694.083984268813
forecast_8204,2025-12-08 20:00:00,12454.843079673072,14889.663178078212,11243.553526206942
forecast_8205,2025-12-08 21:00:00,13268.032417114722,15745.556307991683,11576.733829049736
forecast_8206,2025-12-08 22:00:00,14058.75562137104,15710.222344935377,11715.87254085858
forecast_8207,2025-12-08 23:00:00,14503.811294310048,16007.768895222922,11934.824826439653
forecast_8208,2025-12-09 00:00:00,15092.984269997796,16621.87841438379,12165.117887987768
forecast_8209,2025-12-09 01:00:00,15654.13472197748,17086.45846933117,12004.520318362065
forecast_8210,2025-12-09 02:00:00,15658.60156484295,17101.01456762945,12311.500402514313
forecast_8211,2025-12-09 03:00:00,15512.1987909065,17019.10804324359,12704.08596045875
forecast_8212,2025-12-09 04:00:00,16408.09801281247,17351.489996042903,12662.188720849292
forecast_8213,2025-12-09 05:00:00,16884.751871334043,17920.217701649257,13308.2130143828
forecast_8214,2025-12-09 06:00:00,17211.146573177237,18368.270698879744,13878.787172635253
forecast_8215,2025-12-09 07:00:00,17779.918180750727,18769.624391399593,14176.50861395476
forecast_8216,2025-12-09 08:00:00,18363.572327383514,19097.936630285407,14790.914226772886
forecast_8217,2025-12-09 09:00:00,18048.5955267173,19062.429382041675,14838.95998401878
forecast_8218,2025-12-09 10:00:00,16511.838079424884,18338.425654087092,14385.561822203606
forecast_8219,2025-12-09 11:00:00,15675.088827168558,17883.891421658453,14223.063060881268
forecast_8220,2025-12-09 12:00:00,14531.191032646282,16877.45419232322,13456.719801950157
forecast_8221,2025-12-09 13:00:00,13785.820923773452,15062.757919233703,12619.32846607883
forecast_8222,2025-12-09 14:00:00,13767.966265328483,14403.93090659086,11105.146815839098
forecast_8223,2025-12-09 15:00:00,13751.591819784344,13800.662604038784,10802.647018019185
forecast_8224,2025-12-09 16:00:00,13082.220729410994,13033.204712740036,11051.735843988867
forecast_8225,2025-12-09 17:00:00,13179.983590008425,12409.29833941476,10590.232769644934
forecast_8226,2025-12-09 18:00:00,14350.485738053641,12805.479365140269,11619.49449185751
forecast_8227,2025-12-09 19:00:00,14557.818535832077,13972.179401343363,11869.223638140724
forecast_8228,2025-12-09 20:00:00,13871.878778269132,15231.962559470474,11220.512804159342
forecast_8229,2025-12-09 21:00:00,12996.215780716055,14715.857418427424,10975.444949669025
forecast_8230,2025-12-09 22:00:00,12934.04964434469,14357.124054540516,10862.778171470502
forecast_8231,2025-12-09 23:00:00,12259.633115891624,14082.65095156746,10625.066002389904
forecast_8232,2025-12-10 00:00:00,12640.053659503592,14322.452244118573,10557.079522919263
forecast_8233,2025-12-10 01:00:00,12761.348324975925,14630.669285957141,10823.474234406181
forecast_8234,2025-12-10 02:00:00,13232.505724631059,15184.743616042033,11352.31697952377
forecast_8235,2025-12-10 03:00:00,13530.163993679342,14944.724142893589,12337.346137360953
forecast_8236,2025-12-10 04:00:00,13986.661177103604,15430.807308417985,12539.621323512027
forecast_8237,2025-12-10 05:00:00,13833.761368058264,15950.77050534002,12602.25528956432
forecast_8238,2025-12-10 06:00:00,14099.256141873795,16165.326103349245,12259.152213247726
forecast_8239,2025-12-10 07:00:00,14884.999853386855,16087.653553871292,12420.347333922058
forecast_8240,2025-12-10 08:00:00,15219.417058977586,16261.115018373737,11647.096304058152
forecast_8241,2025-12-10 09:00:00,14568.47769201143,16231.892204873577,11168.065498059279
forecast_8242,2025-12-10 10:00:00,13060.33831116094,15219.692921477228,10702.118901009546
forecast_8243,2025-12-10 11:00:00,12207.38311744694,14427.24406268654,10028.086714608376
forecast_8244,2025-12-10 12:00:00,10932.211947715747,13063.380897532583,9090.085114053643
forecast_8245,2025-12-10 13:00:00,10365.498689445922,12223.235329339397,8447.573868937316
forecast_8246,2025-12-10 14:00:00,9225.66934780448,11622.337656576618,7717.640644467984
forecast_8247,2025-12-10 15:00:00,8770.36260989309,9836.166976149687,6976.2927376050875
forecast_8248,2025-12-10 16:00:00,8544.722499170915,8938.783824928465,6931.433190850832
forecast_8249,2025-12-10 17:00:00,8518.233732075023,10502.159678857855,6686.654571720614
forecast_8250,2025-12-10 18:00:00,9315.984363174446,11007.683987781907,6657.024671252888
forecast_8251,2025-12-10 19:00:00,9829.964738400175,11553.950179978583,7559.335597188727
forecast_8252,2025-12-10 20:00:00,10734.122344687492,13717.555895999838,7969.090096082786
forecast_8253,2025-12-10 21:00:00,11998.818775271215,14005.273780762582,9001.511871189545
forecast_8254,2025-12-10 22:00:00,13695.31354452531,15069.622317329162,11175.118052900236
forecast_8255,2025-12-10 23:00:00,14249.926946897998,15686.402575756922,11468.43891581492
forecast_8256,2025-12-11 00:00:00,16447.882380959574,17541.099182724116,13073.82609708111
forecast_8257,2025-12-11 01:00:00,17921.44499939524,18798.453159941033,14668.33437814128
forecast_8258,2025-12-11 02:00:00,18353.80543529317,19296.814040499812,15730.380368722512
forecast_8259,2025-12-11 03:00:00,18491.084750688817,19058.40366161803,17223.18431828377
forecast_8260,2025-12-11 04:00:00,18729.225797536645,19163.134677443268,17837.871314875687
forecast_8261,2025-12-11 05:00:00,18745.2535304164,19366.708699088013,17927.90238417723
forecast_8262,2025-12-11 06:00:00,18730.07017497915,19187.714794049843,17916.716537325414
forecast_8263,2025-12-11 07:00:00,18815.686152412887,19102.12997248177,17678.054831447316
forecast_8264,2025-12-11 08:00:00,18512.72839942594,18657.969907917228,17159.970162069298
forecast_8265,2025-12-11 09:00:00,17981.421403441924,17692.523455765197,16499.36688959103
forecast_8266,2025-12-11 10:00:00,17570.380081192263,17902.08433565359,16626.562953311364
forecast_8267,2025-12-11 11:00:00,16562.515361943984,17043.76147273473,15871.658654999279
forecast_8268,2025-12-11 12:00:00,16311.071839333465,16183.100628894757,13704.660856271425
forecast_8269,2025-12-11 13:00:00,14791.000042484906,15804.533466945708,12544.45060576134
forecast_8270,2025-12-11 14:00:00,14265.149289904044,14978.1459182838,11081.245095748822
forecast_8271,2025-12-11 15:00:00,13701.60555654081,14172.69109128341,10775.361753423202
forecast_8272,2025-12-11 16:00:00,13619.824888355675,12989.812448169214,10322.79987824604
forecast_8273,2025-12-11 17:00:00,13432.94672471217,12005.367913554997,10517.024725047435
forecast_8274,2025-12-11 18:00:00,12076.30070820571,11295.581630024239,9731.444718191571
forecast_8275,2025-12-11 19:00:00,10625.035596713484,10964.615728819128,8545.484224677173
forecast_8276,2025-12-11 20:00:00,9004.342275886427,8744.38926932202,6953.903342637915
forecast_8277,2025-12-11 21:00:00,6840.39500467302,6999.292843671255,5801.123794353225
forecast_8278,2025-12-11 22:00:00,5655.06417179653,5170.960739950998,5195.489369970352
forecast_8279,2025-12-11 23:00:00,4860.403788586716,4313.858529962259,5194.432909044557
forecast_8280,2025-12-12 00:00:00,4535.3674313782285,4397.751428727256,5350.860604983794
forecast_8281,2025-12-12 01:00:00,3584.63500593769,3486.909327028378,4975.935901294591
forecast_8282,2025-12-12 02:00:00,3630.828388889477,3871.523052340861,4774.422341111758
forecast_8283,2025-12-12 03:00:00,3397.7327782719995,3814.01582887305,4652.999106668249
forecast_8284,2025-12-12 04:00:00,3305.793388799448,3654.005133531502,4498.134298809715
forecast_8285,2025-12-12 05:00:00,3403.195145647351,3637.871071589279,4218.424163094368
forecast_8286,2025-12-12 06:00:00,3745.929703785162,3619.9604962051476,4285.71361916576
forecast_8287,2025-12-12 07:00:00,3634.916352595412,3881.169795506744,4145.927442888742
forecast_8288,2025-12-12 08:00:00,2887.107192056049,3163.036227687435,3712.3959549549863
forecast_8289,2025-12-12 09:00:00,2526.187465347637,2930.770077560366,3382.661313218046
forecast_8290,2025-12-12 10:00:00,2426.429891887271,2813.174667020694,3184.2828254448855
forecast_8291,2025-12-12 11:00:00,2101.624756441228,2024.6359463791832,3063.8013950507316
forecast_8292,2025-12-12 12:00:00,1871.8746818475547,2075.359793640334,2876.9742451833185
forecast_8293,2025-12-12 13:00:00,1848.6530466754075,2056.950470739922,2758.4397965399594
forecast_8294,2025-12-12 14:00:00,1880.2339111681713,1907.56908224559,2760.6627559013996
forecast_8295,2025-12-12 15:00:00,1988.9097776197623,1834.34809349015,2765.0207690529624
forecast_8296,2025-12-12 16:00:00,2294.2553025910947,1916.7667365620828,2799.0341621513994
forecast_8297,2025-12-12 17:00:00,2640.4697950938094,1952.2872955231305,2834.8488169255165
forecast_8298,2025-12-12 18:00:00,2561.0181435584545,2240.5314456650112,2790.9155473459878
forecast_8299,2025-12-12 19:00:00,2877.1817320013915,2328.0026234583447,2871.49505767072
forecast_8300,2025-12-12 20:00:00,2744.2360540009627,2368.690395839225,3016.5727800948243
forecast_8301,2025-12-12 21:00:00,3052.4308969857384,2503.814530912601,3127.889667430816
forecast_8302,2025-12-12 22:00:00,3007.8927535996027,2669.9677826069064,3268.2682790082854
forecast_8303,2025-12-12 23:00:00,3268.970338916274,2694.0552297893537,3411.070044172807
forecast_8304,2025-12-13 00:00:00,3510.9693533951104,3176.1175967179097,3758.8074480401265
forecast_8305,2025-12-13 01:00:00,4310.460039784741,3887.2808023108914,4041.6298516500183
forecast_8306,2025-12-13 02:00:00,4749.877935645623,4756.066828672628,4377.276412519817
forecast_8307,2025-12-13 03:00:00,4887.608723234557,5564.653075207061,5140.870867064167
forecast_8308,2025-12-13 04:00:00,5290.23115897096,6110.873905477047,5754.4135750108135
forecast_8309,2025-12-13 05:00:00,5387.761336180012,6357.374713399094,5924.669113799703
forecast_8310,2025-12-13 06:00:00,5868.364057064526,6539.7342955604545,5973.662399901699
forecast_8311,2025-12-13 07:00:00,6023.876314499052,6420.589362722249,6110.1929759166605
forecast_8312,2025-12-13 08:00:00,6021.995669453029,6344.286653541764,6222.044104843586
forecast_8313,2025-12-13 09:00:00,5576.496394101407,6822.689533803311,5650.358587208046
forecast_8314,2025-12-13 10:00:00,3957.740050428364,4470.408597181805,4529.726297692489
forecast_8315,2025-12-13 11:00:00,2796.471412191132,3364.141119103514,3703.3610972786623
forecast_8316,2025-12-13 12:00:00,2394.1055222300083,2438.8250190922045,3369.716208862373
forecast_8317,2025-12-13 13:00:00,2009.1943291188718,2077.660863886824,3021.195996917346
forecast_8318,2025-12-13 14:00:00,2030.2402684124481,2149.918268229213,2995.915479425804
forecast_8319,2025-12-13 15:00:00,2158.5137819076126,2521.839944968342,2963.782345977649
forecast_8320,2025-12-13 16:00:00,2425.9071009395147,2302.286419861769,3025.604967251027
forecast_8321,2025-12-13 17:00:00,2842.827155056258,2481.4030672220842,3190.8722450481696
forecast_8322,2025-12-13 18:00:00,3763.2347108099384,3197.623652438334,3644.575394423633
forecast_8323,2025-12-13 19:00:00,4383.409265393265,3976.767876067253,4293.4516254506725
forecast_8324,2025-12-13 20:00:00,5113.303624746899,4597.480209377785,5166.689026059423
forecast_8325,2025-12-13 21:00:00,5868.9775568178375,5414.277009368502,6294.735791725465
forecast_8326,2025-12-13 22:00:00,7412.253611862806,6565.6366692552565,7660.208219981971
forecast_8327,2025-12-13 23:00:00,9113.82995181812,7879.878622880412,9299.47597839519
forecast_8328,2025-12-14 00:00:00,11098.512760453812,8882.136119472478,9902.027724940179
forecast_8329,2025-12-14 01:00:00,13173.416096663415,11730.583838969469,10413.24984490738
forecast_8330,2025-12-14 02:00:00,14112.327942660675,13853.67173064464,10451.28703990986
forecast_8331,2025-12-14 03:00:00,15078.592211480449,15079.89062962796,11453.688916333445
forecast_8332,2025-12-14 04:00:00,15757.11374283841,16134.400781272801,13625.282196122338
forecast_8333,2025-12-14 05:00:00,15768.996628088611,16246.635505258026,14189.736850762867
forecast_8334,2025-12-14 06:00:00,15996.560424244042,16563.252467381197,14220.243237998104
forecast_8335,2025-12-14 07:00:00,16582.59075201822,16695.004954699696,14638.964456036727
forecast_8336,2025-12-14 08:00:00,17144.510919447668,17048.73790935562,14834.109911464857
forecast_8337,2025-12-14 09:00:00,16859.197349559094,16779.968879110704,14500.758567252673
forecast_8338,2025-12-14 10:00:00,16057.285699036966,16078.19880365329,13914.429575274913
forecast_8339,2025-12-14 11:00:00,15508.845971653456,15105.543395604831,13866.232647252506
forecast_8340,2025-12-14 12:00:00,14765.233133665399,14479.516731745094,13270.035152510412
forecast_8341,2025-12-14 13:00:00,13803.403314042967,13733.62548905106,12529.519862935998
forecast_8342,2025-12-14 14:00:00,13146.190753358616,12653.520306411032,11626.539339014278
forecast_8343,2025-12-14 15:00:00,13237.07685975077,12121.767901036974,11563.391211601964
forecast_8344,2025-12-14 16:00:00,13639.034194168642,13141.804437129129,11585.935880348514
forecast_8345,2025-12-14 17:00:00,14018.14755036815,13335.102433301447,12270.496998480561
forecast_8346,2025-12-14 18:00:00,14498.79969646772,14568.208481870774,13082.93133646889
forecast_8347,2025-12-14 19:00:00,14823.587970913184,15947.704166010684,14132.260293900104
forecast_8348,2025-12-14 20:00:00,15995.003129980163,16148.538008737705,15114.214623564563
forecast_8349,2025-12-14 21:00:00,16390.271133149152,16535.08670877939,15279.707818112045
forecast_8350,2025-12-14 22:00:00,15852.900242471937,16949.292010656423,15756.359114601692
forecast_8351,2025-12-14 23:00:00,16163.594222902724,17368.685996937504,15533.108026144058
forecast_8352,2025-12-15 00:00:00,16441.772144911236,17544.1705944551,15454.98576862632
forecast_8353,2025-12-15 01:00:00,16443.993677290084,18257.009409663646,15751.71847356882
forecast_8354,2025-12-15 02:00:00,17770.050971484066,18602.39299293333,16303.029618704735
forecast_8355,2025-12-15 03:00:00,18200.180604473066,18922.33678600544,16211.020551295267
forecast_8356,2025-12-15 04:00:00,18202.828926808455,18546.633038142743,16204.59576174627
forecast_8357,2025-12-15 05:00:00,18317.064834212342,17736.809137078082,15167.012318239958
forecast_8358,2025-12-15 06:00:00,18227.719902088276,17609.377142621273,15076.750016181239
forecast_8359,2025-12-15 07:00:00,18341.791525212546,17803.545857350993,14771.496950261346
forecast_8360,2025-12-15 08:00:00,18077.010529886615,18272.713301006726,14054.648752567417
forecast_8361,2025-12-15 09:00:00,17647.36275791498,18149.797895627104,13686.236392018985
forecast_8362,2025-12-15 10:00:00,15894.576784266515,16889.721500675056,13175.08149861381
forecast_8363,2025-12-15 11:00:00,15176.483524632687,16362.62899624023,12469.441689589905
forecast_8364,2025-12-15 12:00:00,13840.667292972505,15948.619816226063,11051.171099124247
forecast_8365,2025-12-15 13:00:00,12607.095615249735,15479.685974111882,10378.128335642552
forecast_8366,2025-12-15 14:00:00,12954.131183088113,15336.524022687066,11597.81820082694
forecast_8367,2025-12-15 15:00:00,14542.282320790015,16329.280135710862,12006.87049921382
forecast_8368,2025-12-15 16:00:00,16503.29407421726,17403.69610981505,12591.161875402971
forecast_8369,2025-12-15 17:00:00,18145.75345681912,18636.372355173626,15259.713897490528
forecast_8370,2025-12-15 18:00:00,18816.23239781144,19199.86095336734,16108.276019772802
forecast_8371,2025-12-15 19:00:00,19123.36883528246,19425.277283575666,16592.184130673424
forecast_8372,2025-12-15 20:00:00,19104.386085802897,19237.55589742332,16523.69589005697
forecast_8373,2025-12-15 21:00:00,18850.392787588065,19150.485248686004,16422.154585671527
forecast_8374,2025-12-15 22:00:00,18810.276480770568,19310.522886229614,15978.582738928362
forecast_8375,2025-12-15 23:00:00,18545.34831136891,19117.536407458818,14716.839875685728
forecast_8376,2025-12-16 00:00:00,18024.91438706594,18614.14554160109,14025.085321838309
forecast_8377,2025-12-16 01:00:00,17370.869929862904,17434.93592666171,13310.520289039676
forecast_8378,2025-12-16 02:00:00,16298.026963201544,16027.7165375853,13350.880785070392
forecast_8379,2025-12-16 03:00:00,15855.55439637254,16222.870528074774,12987.712683111797
forecast_8380,2025-12-16 04:00:00,14824.526203520832,16317.515918557925,12796.105243170456
forecast_8381,2025-12-16 05:00:00,13848.711706462469,14790.08812625752,12173.135666341335
forecast_8382,2025-12-16 06:00:00,13104.452450154502,13942.584540228876,12085.22000187342
forecast_8383,2025-12-16 07:00:00,13191.187436588787,13329.505552227434,11874.609859869059
forecast_8384,2025-12-16 08:00:00,13309.728870245355,13812.357157920582,12539.373548511088
forecast_8385,2025-12-16 09:00:00,12921.204270183007,12702.751740769258,10936.409975122668
forecast_8386,2025-12-16 10:00:00,12487.699740913462,11791.944230158297,10326.932520061506
forecast_8387,2025-12-16 11:00:00,12167.678374793111,10795.756649929786,10615.130245910463
forecast_8388,2025-12-16 12:00:00,12009.498562410077,10415.64028644932,10380.713109626191
forecast_8389,2025-12-16 13:00:00,11802.369150800758,9942.246517075415,10945.023388321257
forecast_8390,2025-12-16 14:00:00,11336.134804947746,9464.629436437048,10636.074310586859
forecast_8391,2025-12-16 15:00:00,11214.061450734143,9319.972351919017,9697.726133753516
forecast_8392,2025-12-16 16:00:00,10779.406974046178,9717.410063321906,9530.590131687784
forecast_8393,2025-12-16 17:00:00,10916.817841505204,9895.857143404037,9878.936915594888
forecast_8394,2025-12-16 18:00:00,10182.73163931152,10531.136201870582,10986.003794871942
forecast_8395,2025-12-16 19:00:00,10332.041204613759,11183.547474793173,11155.123749588121
forecast_8396,2025-12-16 20:00:00,10449.979565635424,11675.909193747962,9514.831905809962
forecast_8397,2025-12-16 21:00:00,9655.438124189968,11447.405112907654,9310.88747205255
forecast_8398,2025-12-16 22:00:00,9070.744870612454,11393.117782691508,8511.958701661497
forecast_8399,2025-12-16 23:00:00,8218.040254117228,11116.112031033645,7766.930575766095
forecast_8400,2025-12-17 00:00:00,8735.95183084593,10694.03346598255,8755.498213777088
forecast_8401,2025-12-17 01:00:00,9333.863917209037,10477.743254742198,9870.256985524335
forecast_8402,2025-12-17 02:00:00,9930.303873266626,10294.727866443129,9733.647373887354
forecast_8403,2025-12-17 03:00:00,10378.27093212707,10182.53458941147,9014.935685370803
forecast_8404,2025-12-17 04:00:00,10019.284386166484,10151.160442375289,8027.398967580371
forecast_8405,2025-12-17 05:00:00,9660.036416971932,10548.087696918632,8005.896445600018
forecast_8406,2025-12-17 06:00:00,9260.339464152254,10770.632484437197,7972.640301624713
forecast_8407,2025-12-17 07:00:00,9090.901027946236,10175.082108676157,7821.2570766156405
forecast_8408,2025-12-17 08:00:00,9103.72811193182,10356.925756880046,7126.788513197104
forecast_8409,2025-12-17 09:00:00,8099.852307964715,9289.307593121837,6599.930734414313
forecast_8410,2025-12-17 10:00:00,6928.132082219184,6460.287377094371,6161.499811816156
forecast_8411,2025-12-17 11:00:00,6497.016956218029,6312.020324806561,5753.28605092914
forecast_8412,2025-12-17 12:00:00,6313.655972982426,5847.001693119843,5228.969264872448
forecast_8413,2025-12-17 13:00:00,5950.913044820646,5032.895044079132,4653.265712046299
forecast_8414,2025-12-17 14:00:00,5499.317208057581,4152.188642380161,4338.960189276676
forecast_8415,2025-12-17 15:00:00,4656.022633430003,3908.396709163459,3915.271466037234
forecast_8416,2025-12-17 16:00:00,4660.867756834618,4269.151497012913,4016.703548722204
forecast_8417,2025-12-17 17:00:00,4909.451555014732,3955.395014513311,4361.116531968802
forecast_8418,2025-12-17 18:00:00,5283.391044199722,4763.0645451574865,4952.256336111201
forecast_8419,2025-12-17 19:00:00,6314.756338838602,5686.269663847085,5546.27885734873
forecast_8420,2025-12-17 20:00:00,6839.126038633356,6487.674915059204,6397.477795282643
forecast_8421,2025-12-17 21:00:00,7485.247352613045,7585.877133047253,7451.316513693879
forecast_8422,2025-12-17 22:00:00,8469.269391357127,9454.825830350206,8547.376565819473
forecast_8423,2025-12-17 23:00:00,10189.826422773702,12092.695933970026,8800.809519050372
forecast_8424,2025-12-18 00:00:00,11296.386700322986,12556.241804410618,9145.204650704381
forecast_8425,2025-12-18 01:00:00,12283.63225277276,12307.142480212096,10354.052888251776
forecast_8426,2025-12-18 02:00:00,12758.262517506686,13393.276899801866,11514.86732751325
forecast_8427,2025-12-18 03:00:00,13045.99931648168,14187.429499821148,11270.700315043567
forecast_8428,2025-12-18 04:00:00,13355.8135009579,14362.089284508154,11086.983147806084
forecast_8429,2025-12-18 05:00:00,13309.952217721993,13933.537726595627,10979.715992210498
forecast_8430,2025-12-18 06:00:00,12913.27625649235,13115.54168836027,10224.348056861432
forecast_8431,2025-12-18 07:00:00,12425.007035852941,12195.591949658448,9366.842342973468
forecast_8432,2025-12-18 08:00:00,11358.077564101353,11062.155656054929,8868.832070116972
forecast_8433,2025-12-18 09:00:00,10570.254772546783,11341.140034120072,7281.454906890196
forecast_8434,2025-12-18 10:00:00,8028.938439125313,8614.270246289687,6376.935983463291
forecast_8435,2025-12-18 11:00:00,6302.410581132405,5791.24335520075,5713.441693727849
forecast_8436,2025-12-18 12:00:00,5056.836838853435,4930.7234537628865,4942.905826915685
forecast_8437,2025-12-18 13:00:00,4627.792551563322,4417.29845378969,4566.426910357181
forecast_8438,2025-12-18 14:00:00,4443.431089385598,4326.962809030184,4230.437772640463
forecast_8439,2025-12-18 15:00:00,4837.850906465932,4460.073302809544,4206.993000868992
forecast_8440,2025-12-18 16:00:00,5434.099430390801,4982.28923066485,4453.982001596847
forecast_8441,2025-12-18 17:00:00,6192.475107094862,5659.541391256678,5106.382932710251
forecast_8442,2025-12-18 18:00:00,6978.927891788381,7318.570257465085,5763.53495972219
forecast_8443,2025-12-18 19:00:00,8068.280855265651,9301.293964086814,6096.818069032864
forecast_8444,2025-12-18 20:00:00,8596.745586224866,10552.342711390025,6468.318682074612
forecast_8445,2025-12-18 21:00:00,9782.587420752305,12083.815116906571,6974.318728148866
forecast_8446,2025-12-18 22:00:00,11277.736574390035,13344.155232275269,7796.178237365756
forecast_8447,2025-12-18 23:00:00,13276.361440309876,14534.075694956075,9042.750290022359
forecast_8448,2025-12-19 00:00:00,14634.310583535571,14709.513602332245,10184.450634646022
forecast_8449,2025-12-19 01:00:00,15300.710585010918,14605.843956384035,11433.556181603966
forecast_8450,2025-12-19 02:00:00,16636.187109126924,16034.745594789383,12494.302697162246
forecast_8451,2025-12-19 03:00:00,17539.128766405567,17047.283432180746,12357.645986606414
forecast_8452,2025-12-19 04:00:00,18292.304464863137,18101.8441304502,12970.943325127231
forecast_8453,2025-12-19 05:00:00,18504.676042122697,18037.54378844306,12919.937341049772
forecast_8454,2025-12-19 06:00:00,18317.121474826814,17782.52397513423,12930.293140857733
forecast_8455,2025-12-19 07:00:00,18589.65139981954,17681.99922365828,13784.979414422687
forecast_8456,2025-12-19 08:00:00,18546.433019873824,18112.800350456604,14510.169389800052
forecast_8457,2025-12-19 09:00:00,18787.460227957396,18610.83894268462,14534.632089669205
forecast_8458,2025-12-19 10:00:00,18262.559774175617,18334.263843700697,15077.050200790614
forecast_8459,2025-12-19 11:00:00,18736.613655884637,18943.330993688392,15790.886109987132
forecast_8460,2025-12-19 12:00:00,18854.125103666767,19028.409646284406,15886.138901393708
forecast_8461,2025-12-19 13:00:00,18670.963974359423,18588.183794961235,15832.7251254763
forecast_8462,2025-12-19 14:00:00,18830.772842057395,18420.493408377744,16253.969951350722
forecast_8463,2025-12-19 15:00:00,18368.160172199136,17806.240858106336,16266.505638189003
forecast_8464,2025-12-19 16:00:00,18353.541638869876,17621.577022754092,16160.670833514916
forecast_8465,2025-12-19 17:00:00,18634.310361042084,17663.100158892204,16320.292039886888
forecast_8466,2025-12-19 18:00:00,18571.640738911767,17786.402147899425,16605.75595278772
forecast_8467,2025-12-19 19:00:00,18078.059900731216,17590.99655184064,16478.03037235217
forecast_8468,2025-12-19 20:00:00,17414.210077542688,17382.13450512519,15174.308346094367
forecast_8469,2025-12-19 21:00:00,17514.848682635497,17415.19700613075,16096.958294040262
forecast_8470,2025-12-19 22:00:00,17126.603104406593,17405.7330718502,15120.047410264968
forecast_8471,2025-12-19 23:00:00,16452.327559745885,16800.062808762945,14203.987208445942
forecast_8472,2025-12-20 00:00:00,16153.043433219485,16659.964121491554,13235.772617745828
forecast_8473,2025-12-20 01:00:00,16744.55573137418,16515.549933636546,13878.116664003857
forecast_8474,2025-12-20 02:00:00,16380.011538892551,16902.4980298439,12980.251389955012
forecast_8475,2025-12-20 03:00:00,15841.619594940352,16762.31332245303,12297.687457168688
forecast_8476,2025-12-20 04:00:00,15269.88713770801,17068.17968565457,12435.727906006088
forecast_8477,2025-12-20 05:00:00,14722.21638276588,16502.03693709075,11705.2828998448
forecast_8478,2025-12-20 06:00:00,15147.402051931876,16467.637265611942,11444.890420085514
forecast_8479,2025-12-20 07:00:00,15129.685677597965,17333.625367679604,11838.564024611933
forecast_8480,2025-12-20 08:00:00,15496.04553644661,17690.95351124162,12031.440662307887
forecast_8481,2025-12-20 09:00:00,15164.746612417719,17231.002616876962,11958.837995341957
forecast_8482,2025-12-20 10:00:00,14856.094614320908,16556.617718866575,12436.65854085825
forecast_8483,2025-12-20 11:00:00,14244.89328112947,16732.704086127414,12214.554995586333
forecast_8484,2025-12-20 12:00:00,14200.871198679724,16854.521515827597,12419.077858707707
forecast_8485,2025-12-20 13:00:00,14513.58988615356,16212.27191292352,12199.240083026969
forecast_8486,2025-12-20 14:00:00,14187.001705284767,15699.54016596152,12216.27979584816
forecast_8487,2025-12-20 15:00:00,14839.647654086228,15638.222479277476,12044.66221714768
forecast_8488,2025-12-20 16:00:00,14978.742535708501,16389.1941532622,11982.740186531999
forecast_8489,2025-12-20 17:00:00,15078.533599198006,16675.08389696236,11846.810040727949
forecast_8490,2025-12-20 18:00:00,14468.364882013811,16219.045636157829,10783.765460218714
forecast_8491,2025-12-20 19:00:00,13715.774856018947,15432.762540443997,10315.45387287562
forecast_8492,2025-12-20 20:00:00,12784.753377801528,15345.534755134406,10315.912592306053
forecast_8493,2025-12-20 21:00:00,13168.809139025867,14746.851271087613,11027.001936021858
forecast_8494,2025-12-20 22:00:00,14180.055746290323,13979.008135169228,12475.05228005843
forecast_8495,2025-12-20 23:00:00,15528.413039878957,14532.155678623496,12408.884027833556
forecast_8496,2025-12-21 00:00:00,17337.66538413144,16716.445877229246,12866.680189318378
forecast_8497,2025-12-21 01:00:00,18913.614970174574,19166.731274589358,16462.148261499467
forecast_8498,2025-12-21 02:00:00,19215.06955164488,19584.47525678202,17134.372077000604
forecast_8499,2025-12-21 03:00:00,19419.531141686086,19457.54690611161,17303.64114928601
forecast_8500,2025-12-21 04:00:00,19388.05840414628,19343.315780140376,17706.712609332168
forecast_8501,2025-12-21 05:00:00,19360.15918102333,19141.813071311273,17581.723358544852
forecast_8502,2025-12-21 06:00:00,19232.163377904988,19223.44643945026,16974.689071140692
forecast_8503,2025-12-21 07:00:00,18747.388052374048,18833.015562748446,16236.938108869457
forecast_8504,2025-12-21 08:00:00,17638.597819150735,18579.39208146193,15219.838385088518
forecast_8505,2025-12-21 09:00:00,16285.112000711964,17999.06267802271,13486.435699739228
forecast_8506,2025-12-21 10:00:00,14600.17165497701,15922.171335408239,11926.730605228991
forecast_8507,2025-12-21 11:00:00,12902.230405733186,13321.107559908056,9819.385622914953
forecast_8508,2025-12-21 12:00:00,11742.26612859495,9998.526092418653,7837.814187113916
forecast_8509,2025-12-21 13:00:00,9642.99582601086,7223.2078439426605,6661.249505679742
forecast_8510,2025-12-21 14:00:00,8197.475548559,5007.728245756314,5384.162153639506
forecast_8511,2025-12-21 15:00:00,7249.733884907422,4620.9667278325305,4802.235546381327
forecast_8512,2025-12-21 16:00:00,6058.158101552854,4509.969473644811,4410.9358842142665
forecast_8513,2025-12-21 17:00:00,5553.565612155837,3976.439272484119,4457.395851129083
forecast_8514,2025-12-21 18:00:00,5038.000452406487,3578.6737944800157,4341.935216870333
forecast_8515,2025-12-21 19:00:00,4090.9434228295445,2916.1511537296365,4010.2504991524343
forecast_8516,2025-12-21 20:00:00,3656.671534669405,2353.2378448393274,3749.7994626863433
forecast_8517,2025-12-21 21:00:00,3297.34924479128,2045.7165019579525,3551.2253997482067
forecast_8518,2025-12-21 22:00:00,2798.8224744059426,1775.5549922646123,3370.1619828716703
forecast_8519,2025-12-21 23:00:00,2321.6698224129723,1640.3663751373133,3195.4437445734084
forecast_8520,2025-12-22 00:00:00,2267.936826534309,1631.307470250992,3096.995282480979
forecast_8521,2025-12-22 01:00:00,2428.0433872030053,1808.4096097904312,3119.394080480605
forecast_8522,2025-12-22 02:00:00,2342.52524598135,1764.2869144445913,3063.3593507423675
forecast_8523,2025-12-22 03:00:00,2118.8064824597514,1718.6807756749631,2969.0819713035166
forecast_8524,2025-12-22 04:00:00,1995.6494000520552,1631.7238527123045,2935.8725493577954
forecast_8525,2025-12-22 05:00:00,1989.0609356560863,1637.2476960995964,2891.180775237257
forecast_8526,2025-12-22 06:00:00,2080.6476785636696,1588.370178563022,2878.203960365526
forecast_8527,2025-12-22 07:00:00,2106.761996423442,1649.7502301271998,2863.255490481593
forecast_8528,2025-12-22 08:00:00,2076.9922010424007,1704.497009043098,2848.7065612319784
forecast_8529,2025-12-22 09:00:00,2109.597301789272,1698.1845014719602,2786.511639356979
forecast_8530,2025-12-22 10:00:00,1944.8731520041947,1594.9950836533799,2685.9657018569787
forecast_8531,2025-12-22 11:00:00,1856.4528160555474,1550.7582908252516,2594.727498731979
forecast_8532,2025-12-22 12:00:00,1764.9801950926458,1577.7325450430017,2537.0754674819786
forecast_8533,2025-12-22 13:00:00,1709.0372774366197,1795.0658135063704,2498.2151549819787
forecast_8534,2025-12-22 14:00:00,1691.9828605193852,1696.5086986367596,2499.7716393569785
forecast_8535,2025-12-22 15:00:00,1699.6486437826625,1686.6582203204061,2546.2615612319787
forecast_8536,2025-12-22 16:00:00,1958.436699985852,1555.0743175648095,2641.9624987319785
forecast_8537,2025-12-22 17:00:00,2403.183839549777,2072.963806167856,2782.7554574636183
forecast_8538,2025-12-22 18:00:00,2538.1115077167215,2367.9521107955843,2973.447541447134
forecast_8539,2025-12-22 19:00:00,2651.272531531005,2531.382913371829,3122.4911997378194
forecast_8540,2025-12-22 20:00:00,2633.2851835213237,2589.0949430167384,3279.2237965932864
forecast_8541,2025-12-22 21:00:00,2905.455289101082,2555.2279745148135,3355.7420522580137
forecast_8542,2025-12-22 22:00:00,3322.4502047494857,3188.526029652818,3749.545413886691
forecast_8543,2025-12-22 23:00:00,4001.973662240331,3908.91026209609,4196.521130790992
forecast_8544,2025-12-23 00:00:00,4374.307956644408,5207.734407855503,4316.230125054683
forecast_8545,2025-12-23 01:00:00,4545.485130614584,5774.1703264502075,4705.307315605419
forecast_8546,2025-12-23 02:00:00,5356.228951655697,6452.675077214608,4832.344599355714
forecast_8547,2025-12-23 03:00:00,5511.877123328381,6641.280901242331,4863.564559657907
forecast_8548,2025-12-23 04:00:00,5775.45011621927,6348.609147097068,4767.268610459437
forecast_8549,2025-12-23 05:00:00,6196.212467966419,6325.3793827530935,4913.121485780477
forecast_8550,2025-12-23 06:00:00,6215.6442100251925,6767.160443997554,5080.233133882184
forecast_8551,2025-12-23 07:00:00,5672.126382844566,6822.028853017477,5026.740609707859
forecast_8552,2025-12-23 08:00:00,5370.275604235071,6042.108181253118,4715.798851270209
forecast_8553,2025-12-23 09:00:00,5409.938962689813,5856.587787743018,4885.272172589351
forecast_8554,2025-12-23 10:00:00,5305.159862973619,5265.595368232592,5204.962889346055
forecast_8555,2025-12-23 11:00:00,6228.35302423814,6105.051201833067,5195.412329871849
forecast_8556,2025-12-23 12:00:00,6269.4761778895645,6501.970882864196,5215.315800801327
forecast_8557,2025-12-23 13:00:00,5283.214063496394,5160.6765635751935,5183.861999851055
forecast_8558,2025-12-23 14:00:00,5167.402412204814,4745.479512833731,5006.459001500203
forecast_8559,2025-12-23 15:00:00,5088.336603524901,4738.360300911254,4907.881742842883
forecast_8560,2025-12-23 16:00:00,5525.713395343529,5519.46047587313,5120.350762893571
forecast_8561,2025-12-23 17:00:00,6486.001735708505,7297.268528945,5203.842174120268
forecast_8562,2025-12-23 18:00:00,7746.6733773095075,10053.023579601417,5792.934111263071
forecast_8563,2025-12-23 19:00:00,9316.11376695074,11469.740210181866,7008.704359460215
forecast_8564,2025-12-23 20:00:00,8497.190729026872,11390.8981315207,7387.023261578324
forecast_8565,2025-12-23 21:00:00,7565.958625618934,11640.58944666258,7027.929841926483
forecast_8566,2025-12-23 22:00:00,7369.34416440289,11226.82948243271,7444.202098854661
forecast_8567,2025-12-23 23:00:00,7331.356757830578,11425.137517617224,7701.62839786487
forecast_8568,2025-12-24 00:00:00,7845.570718108,9941.265176327466,7679.704540908203
forecast_8569,2025-12-24 01:00:00,8471.58525497015,10994.78360116792,8280.402916367395
forecast_8570,2025-12-24 02:00:00,8303.934660637118,11159.361238352374,7899.069910907938
forecast_8571,2025-12-24 03:00:00,7425.000410874334,7520.9629715484325,6461.894959463315
forecast_8572,2025-12-24 04:00:00,6643.8693367156075,6504.193680895956,5625.935907154462
forecast_8573,2025-12-24 05:00:00,5483.0647790031135,5305.595174907371,4781.750476770969
forecast_8574,2025-12-24 06:00:00,4311.279027906856,3872.871387190181,4189.1317304868935
forecast_8575,2025-12-24 07:00:00,3161.1960092577115,2832.008238600377,3519.63047731108
forecast_8576,2025-12-24 08:00:00,2683.6836939962477,2356.152297169624,3172.4886223769777
forecast_8577,2025-12-24 09:00:00,2335.559369818906,2054.065747771935,3016.2290006443236
forecast_8578,2025-12-24 10:00:00,1991.9380401338904,1939.0410253241926,2921.626710695022
forecast_8579,2025-12-24 11:00:00,1976.5710045546894,1945.9302539508426,2881.9752232102937
forecast_8580,2025-12-24 12:00:00,1980.644110104855,2062.1625780864715,2885.004533066548
forecast_8581,2025-12-24 13:00:00,1968.2571114331377,1948.6870478119254,2897.604524176447
forecast_8582,2025-12-24 14:00:00,1916.9040728713117,2039.0263539954422,2929.0933798810006
forecast_8583,2025-12-24 15:00:00,1913.6357042575346,1774.0534699652626,2948.525307737081
forecast_8584,2025-12-24 16:00:00,1823.2955719816919,1673.7591348715487,3025.207173260728
forecast_8585,2025-12-24 17:00:00,1813.9293270228154,1654.5948400447178,2980.0683500418595
forecast_8586,2025-12-24 18:00:00,1819.9936103630816,1642.9046752521563,2930.9065834279563
forecast_8587,2025-12-24 19:00:00,1892.9444844690606,1471.9195889602925,2868.2918118396105
forecast_8588,2025-12-24 20:00:00,1931.9860046295535,1538.8288115360583,2861.823888064378
forecast_8589,2025-12-24 21:00:00,2118.7395930257044,1732.6147247586614,2896.877261907326
forecast_8590,2025-12-24 22:00:00,2328.559968865493,1780.9177052572331,3053.5190941078936
forecast_8591,2025-12-24 23:00:00,2590.2192128284314,2137.356791479403,3217.8346392530348
forecast_8592,2025-12-25 00:00:00,3085.1545229520093,2584.019215586417,3616.1441534176056
forecast_8593,2025-12-25 01:00:00,3939.077603072634,3013.593617138853,3646.817715096127
forecast_8594,2025-12-25 02:00:00,4747.5441217287935,3506.8737716738037,4475.5619251980615
forecast_8595,2025-12-25 03:00:00,6515.199189948397,5236.121396581944,5548.253715702777
forecast_8596,2025-12-25 04:00:00,8026.457114821472,7705.878584121057,6421.071388954119
forecast_8597,2025-12-25 05:00:00,9640.07820157702,9111.869156373057,7152.182830128642
forecast_8598,2025-12-25 06:00:00,11069.638390144577,10708.118273248094,7880.014620422335
forecast_8599,2025-12-25 07:00:00,11682.29340152202,11633.069829523316,8658.49636360332
forecast_8600,2025-12-25 08:00:00,12242.13055266524,12772.357015462647,9022.763383446989
forecast_8601,2025-12-25 09:00:00,12712.4453587249,14420.25719077171,9378.071455924714
forecast_8602,2025-12-25 10:00:00,13546.04955305037,15756.692403954883,11350.989950214018
forecast_8603,2025-12-25 11:00:00,13797.409862853365,16053.016916028835,11200.613346935854
forecast_8604,2025-12-25 12:00:00,13909.958111130734,16210.325121747916,10935.416973114909
forecast_8605,2025-12-25 13:00:00,14097.863523833024,16634.513446161673,11326.41889259412
forecast_8606,2025-12-25 14:00:00,14310.16818962232,16370.351657087169,10991.46514334191
forecast_8607,2025-12-25 15:00:00,14734.238981903167,16445.22926501269,10990.582559858432
forecast_8608,2025-12-25 16:00:00,15068.632613575686,16365.460012903975,11320.81011722187
forecast_8609,2025-12-25 17:00:00,15038.180799080023,16414.005109004444,11808.624361641152
forecast_8610,2025-12-25 18:00:00,15006.350191992435,16812.989614672257,12501.170615085593
forecast_8611,2025-12-25 19:00:00,15167.93165209064,17051.56412893151,14384.493612137892
forecast_8612,2025-12-25 20:00:00,15524.14489286226,17161.16439091603,14769.56742594545
forecast_8613,2025-12-25 21:00:00,15981.057814346215,17569.293543208805,15623.989339084295
forecast_8614,2025-12-25 22:00:00,16369.333311655922,17668.001345987323,15924.644774506341
forecast_8615,2025-12-25 23:00:00,16313.883683345699,17867.082734926407,15968.390310689261
forecast_8616,2025-12-26 00:00:00,16685.676686991123,18203.639412491415,16358.331758309141
forecast_8617,2025-12-26 01:00:00,16433.480912888488,17877.881864135,16085.174283462173
forecast_8618,2025-12-26 02:00:00,16139.393076069016,17992.119506112456,15767.025262627296
forecast_8619,2025-12-26 03:00:00,15967.940338219913,18015.226281752704,15512.511932237765
forecast_8620,2025-12-26 04:00:00,15752.203956242949,18142.71238214816,14872.857875861308
forecast_8621,2025-12-26 05:00:00,15746.80710843912,17880.136631995683,14025.145011188313
forecast_8622,2025-12-26 06:00:00,15789.109872065026,17976.667072990414,13360.124933730021
forecast_8623,2025-12-26 07:00:00,16425.28410283651,18546.356844647195,13491.367622536016
forecast_8624,2025-12-26 08:00:00,16852.07434723314,18751.52436255748,13413.080284424286
forecast_8625,2025-12-26 09:00:00,16509.704615310842,18295.50369619349,13174.742107606184
forecast_8626,2025-12-26 10:00:00,14458.019641902565,17108.928223847357,12202.373427335115
forecast_8627,2025-12-26 11:00:00,13271.959205210913,16431.786572865236,10818.079756150251
forecast_8628,2025-12-26 12:00:00,12306.872732706577,15463.453582534476,10954.619717514539
forecast_8629,2025-12-26 13:00:00,11652.72847656548,14965.523138423741,10359.704107189837
forecast_8630,2025-12-26 14:00:00,11637.13584397783,13923.45264979303,9836.214412503716
forecast_8631,2025-12-26 15:00:00,11767.119172324044,13148.754220664148,9560.48238631613
forecast_8632,2025-12-26 16:00:00,12477.10135249505,13771.678242885257,9951.856593806531
forecast_8633,2025-12-26 17:00:00,13062.255186630035,15498.322954898726,11698.614733938051
forecast_8634,2025-12-26 18:00:00,13663.117248982406,14834.973833750553,12726.37479988189
forecast_8635,2025-12-26 19:00:00,14616.961595433202,15644.56632543476,12430.307871051351
forecast_8636,2025-12-26 20:00:00,15353.82119746389,17150.76793230518,13110.23228185116
forecast_8637,2025-12-26 21:00:00,15347.832690903444,18254.251745455404,13702.951727930667
forecast_8638,2025-12-26 22:00:00,16584.276824757693,18961.8709421974,14577.223872651284
forecast_8639,2025-12-26 23:00:00,17004.011263032236,19155.469416205273,14573.211230348508
forecast_8640,2025-12-27 00:00:00,17204.586398436822,19370.474805882215,14648.331940137032
forecast_8641,2025-12-27 01:00:00,17679.84579459798,19589.657532025627,14924.900164426723
forecast_8642,2025-12-27 02:00:00,17626.43925513183,19582.484926050325,14692.840105659168
forecast_8643,2025-12-27 03:00:00,17397.76044350021,19472.296577693785,14303.712590532457
forecast_8644,2025-12-27 04:00:00,16882.386877774992,19394.696531175054,14045.194783424471
forecast_8645,2025-12-27 05:00:00,16640.856587225793,19398.541486762515,13704.582111479522
forecast_8646,2025-12-27 06:00:00,16536.267965947707,19294.890465139288,13367.977368132755
forecast_8647,2025-12-27 07:00:00,16375.122983176581,19212.477948805077,13440.159794506166
forecast_8648,2025-12-27 08:00:00,16633.061832803323,18971.875815777457,13334.254771724816
forecast_8649,2025-12-27 09:00:00,16283.093115100939,18076.072461809294,12820.236665862154
forecast_8650,2025-12-27 10:00:00,15025.01622560099,16455.215709206197,11969.518493415322
forecast_8651,2025-12-27 11:00:00,14487.520324794548,14676.566083614442,12198.956701616285
forecast_8652,2025-12-27 12:00:00,14420.859822243525,14159.10439444672,12341.356309449979
forecast_8653,2025-12-27 13:00:00,15136.511525946982,15086.972586448763,12176.967622228538
forecast_8654,2025-12-27 14:00:00,15126.537391067272,15753.277202119316,12500.565293393569
forecast_8655,2025-12-27 15:00:00,15762.382811078129,16075.26255455453,13760.700195665226
forecast_8656,2025-12-27 16:00:00,16117.958674702688,16557.553273239697,13582.648168641452
forecast_8657,2025-12-27 17:00:00,16545.906969962427,17884.688604353883,14650.405739826478
forecast_8658,2025-12-27 18:00:00,17136.63063431907,18583.21741332216,16050.790930474108
forecast_8659,2025-12-27 19:00:00,17420.607467331243,18907.76231359448,16174.828528623588
forecast_8660,2025-12-27 20:00:00,17612.463165459463,18829.689775376402,15737.978016901896
forecast_8661,2025-12-27 21:00:00,17938.11949881654,18541.34449707665,16426.316862303138
forecast_8662,2025-12-27 22:00:00,18254.188175999443,18488.599405172037,16615.21640626523
forecast_8663,2025-12-27 23:00:00,18573.77482909844,18581.43775982524,16866.943338882185
forecast_8664,2025-12-28 00:00:00,18815.45401065129,18717.161196041838,16908.274527677444
forecast_8665,2025-12-28 01:00:00,19269.855427491057,18676.01452235518,17192.623278064162
forecast_8666,2025-12-28 02:00:00,19175.580700516413,19305.167579772653,17295.465916538345
forecast_8667,2025-12-28 03:00:00,19765.13944244495,19649.689802423974,17422.469851823305
forecast_8668,2025-12-28 04:00:00,19983.606350240985,19911.031060658024,17417.39554430955
forecast_8669,2025-12-28 05:00:00,20062.77083583089,19843.51058647792,17621.056339105067
forecast_8670,2025-12-28 06:00:00,20197.643737889637,19795.4336909246,17638.61121135086
forecast_8671,2025-12-28 07:00:00,20183.898595463303,19785.57441877542,17508.78919566254
forecast_8672,2025-12-28 08:00:00,20097.385949337644,19637.19057807526,17394.474721681487
forecast_8673,2025-12-28 09:00:00,19664.827044777234,19554.72529489484,16899.633949848187
forecast_8674,2025-12-28 10:00:00,18879.161313130237,19054.686853769854,16359.969054386387
forecast_8675,2025-12-28 11:00:00,18407.65865010513,18733.056653668125,15581.019243985465
forecast_8676,2025-12-28 12:00:00,17429.79473238903,18117.35825965924,15050.951211336538
forecast_8677,2025-12-28 13:00:00,16435.1934889592,16960.864043831316,13700.981989014523
forecast_8678,2025-12-28 14:00:00,15316.145851598612,15825.289227517838,13198.865099178161
forecast_8679,2025-12-28 15:00:00,15394.238032037541,14127.519316161895,13373.881474624279
forecast_8680,2025-12-28 16:00:00,15371.956262240277,13800.820569909181,13037.08156362224
forecast_8681,2025-12-28 17:00:00,15109.273417192788,13992.146160023342,13023.948878956384
forecast_8682,2025-12-28 18:00:00,16230.28290015398,14650.554071674074,13221.084245110927
forecast_8683,2025-12-28 19:00:00,16357.279217164974,16388.547861363088,13178.837366802403
forecast_8684,2025-12-28 20:00:00,16521.86342661475,16442.7599455038,13901.965702582496
forecast_8685,2025-12-28 21:00:00,16056.017887917864,16345.675205609394,13992.176520487828
forecast_8686,2025-12-28 22:00:00,15850.56853438948,16593.922609160883,13970.240919405787
forecast_8687,2025-12-28 23:00:00,16458.818390616227,16952.05922542094,14054.991511843527
forecast_8688,2025-12-29 00:00:00,17260.730399673554,18060.83649216153,14832.46068350055
forecast_8689,2025-12-29 01:00:00,17408.35527609192,18298.161492296473,15556.973720693772
forecast_8690,2025-12-29 02:00:00,17469.12209624589,18229.743210838784,15213.50350212826
forecast_8691,2025-12-29 03:00:00,17225.014287999646,18414.63909954045,16698.971585731397
forecast_8692,2025-12-29 04:00:00,17344.99230228419,18481.6539557727,16899.81528913021
forecast_8693,2025-12-29 05:00:00,17529.51243071806,18504.739176887,16847.196541836427
forecast_8694,2025-12-29 06:00:00,17668.734173694364,18510.448273180686,17134.78146660127
forecast_8695,2025-12-29 07:00:00,17673.698011873297,18275.971760791097,17269.382730490746
forecast_8696,2025-12-29 08:00:00,17659.187750292105,18315.809729103312,17297.0886422282
forecast_8697,2025-12-29 09:00:00,17805.096547263387,18215.124989874777,17165.73132883632
forecast_8698,2025-12-29 10:00:00,17567.518477672995,18121.92871344901,16738.143522101065
forecast_8699,2025-12-29 11:00:00,16908.31892791696,18252.82178193693,16446.780066906933
forecast_8700,2025-12-29 12:00:00,16375.351159381262,17883.524524610828,16183.706107226499
forecast_8701,2025-12-29 13:00:00,16199.529662025343,17578.4803715178,14718.916261640337
forecast_8702,2025-12-29 14:00:00,15664.74690010603,17336.839951416507,13947.725080160868
forecast_8703,2025-12-29 15:00:00,15661.311802369426,17495.478958119154,14066.865667066293
forecast_8704,2025-12-29 16:00:00,16246.716486361107,17139.375582294866,14924.181179352305
forecast_8705,2025-12-29 17:00:00,16533.28134114485,17074.1867653639,15530.850212289897
forecast_8706,2025-12-29 18:00:00,16636.178479379927,16878.97654634091,15979.170681360112
forecast_8707,2025-12-29 19:00:00,16248.806118584715,17205.258535782774,15745.829721768008
forecast_8708,2025-12-29 20:00:00,16032.815343126571,17256.176086283278,16008.719222058593
forecast_8709,2025-12-29 21:00:00,15923.69975389306,17150.55620335604,15960.517318633236
forecast_8710,2025-12-29 22:00:00,15391.226502400947,16158.891914647294,15897.332071053726
forecast_8711,2025-12-29 23:00:00,15007.85272408526,15342.750970340789,15439.989906367064
forecast_8712,2025-12-30 00:00:00,15007.101731875475,15124.434634407135,14768.323677416225
forecast_8713,2025-12-30 01:00:00,13948.95795918327,14283.94117342107,13775.966894243658
forecast_8714,2025-12-30 02:00:00,13380.177427014381,13726.69892293702,13677.974404409773
forecast_8715,2025-12-30 03:00:00,13053.11335257984,12939.023292438726,13486.331587337318
forecast_8716,2025-12-30 04:00:00,12459.681023114437,12248.330451470865,13385.724428998565
forecast_8717,2025-12-30 05:00:00,12384.279248656632,11632.067900689899,11970.000453962217
forecast_8718,2025-12-30 06:00:00,12204.884015848447,11526.907641617023,10694.013641149155
forecast_8719,2025-12-30 07:00:00,12085.927302014192,11322.224969847368,9888.46076711829
forecast_8720,2025-12-30 08:00:00,12018.411048809172,10792.04876925271,9179.584987317488
forecast_8721,2025-12-30 09:00:00,11720.169327040925,9749.052740494615,8207.0619215441
forecast_8722,2025-12-30 10:00:00,10550.019163793904,8531.782547888188,7202.1489137537055
forecast_8723,2025-12-30 11:00:00,9927.200079617818,7831.667537707625,6351.902930727369
forecast_8724,2025-12-30 12:00:00,9724.909789973433,7559.464976868362,6493.1790775741965
forecast_8725,2025-12-30 13:00:00,9736.403470937854,8273.370126713025,7114.034275605845
forecast_8726,2025-12-30 14:00:00,10326.349894232473,9112.029045691765,7369.74467200529
forecast_8727,2025-12-30 15:00:00,10819.821842824535,9209.884619675286,7600.960053413251
forecast_8728,2025-12-30 16:00:00,11659.227656914602,9618.888052805687,7796.193950696925
forecast_8729,2025-12-30 17:00:00,11979.343507878664,9614.888847745162,8366.61725045682
forecast_8730,2025-12-30 18:00:00,12155.375645411703,9488.633608880176,9433.896142050713
forecast_8731,2025-12-30 19:00:00,12266.92010945556,10538.253764581033,9640.471145419146
forecast_8732,2025-12-30 20:00:00,12474.391502885093,11785.925425823956,9982.364377164733
forecast_8733,2025-12-30 21:00:00,13001.12876344041,12839.660422684748,11316.31027785684
forecast_8734,2025-12-30 22:00:00,13339.287011036728,14192.13025854891,11813.91315258625
forecast_8735,2025-12-30 23:00:00,13350.973590606824,14842.328373292134,12433.693732246133
forecast_8736,2025-12-31 00:00:00,14164.579554065496,15321.215824749994,12928.663832867365
forecast_8737,2025-12-31 01:00:00,14976.565390348096,15839.94220460605,13448.335753740765
forecast_8738,2025-12-31 02:00:00,15385.416483766428,17038.792304124865,14228.479662551868
forecast_8739,2025-12-31 03:00:00,15037.936729152516,17308.929236639255,13707.989854340158
forecast_8740,2025-12-31 04:00:00,14819.672784142234,16622.223124011936,13750.667490681422
forecast_8741,2025-12-31 05:00:00,14622.275803022858,16755.69448334611,13358.80254607493
forecast_8742,2025-12-31 06:00:00,14254.559694162575,16467.851397954153,13146.019058783524
forecast_8743,2025-12-31 07:00:00,14006.545153536845,16314.31022815943,13490.527525719259
forecast_8744,2025-12-31 08:00:00,13932.103720047273,16063.808486098205,12939.02406943746
forecast_8745,2025-12-31 09:00:00,13099.936275721251,15276.296772954502,11823.102343868508
forecast_8746,2025-12-31 10:00:00,12610.319579939583,13877.007851233142,10346.454490873002
forecast_8747,2025-12-31 11:00:00,11675.565123135257,12438.250236674452,8708.798741737068
forecast_8748,2025-12-31 12:00:00,10495.361349378842,11196.59999942188,7795.306108754698
forecast_8749,2025-12-31 13:00:00,9835.91074224261,10605.813810286882,7553.467937391961
forecast_8750,2025-12-31 14:00:00,9249.293992886092,10532.843971835577,6994.955590256398
forecast_8751,2025-12-31 15:00:00,9083.533353174442,9593.840047246526,6983.563608701029
forecast_8752,2025-12-31 16:00:00,9314.0276735224,8493.410330789598,7259.192877758589
forecast_8753,2025-12-31 17:00:00,8979.547807121115,9719.395166725184,7561.52712543104
forecast_8754,2025-12-31 18:00:00,9700.020301254222,10981.474704797994,8804.777664352874
forecast_8755,2025-12-31 19:00:00,10421.45862997261,10567.712946417789,10543.06814209395
forecast_8756,2025-12-31 20:00:00,10650.779197215932,12195.069612912594,10973.585800799698
forecast_8757,2025-12-31 21:00:00,10919.525477198215,14400.950973373056,11236.06239784888
forecast_8758,2025-12-31 22:00:00,11866.604758288187,15403.261219053831,11975.862205805635
forecast_8759,2025-12-31 23:00:00,12411.236651038906,14625.651868123747,12374.416905956788
forecast_8760,2026-01-01 00:00:00,12638.499148675199,15082.797587249986,13268.314573748805
