forecast_id,forecast_kst_dtm,kpx_group_1,kpx_group_2,kpx_group_3
forecast_0001,2025-01-01 01:00:00,18522.438155313128,19768.018610700325,16959.310523673616
forecast_0002,2025-01-01 02:00:00,18123.284519054367,19664.468809564725,16941.21575510913
forecast_0003,2025-01-01 03:00:00,17741.282400827142,19277.83635408961,16805.003019349493
forecast_0004,2025-01-01 04:00:00,17112.73558830603,18983.3138370422,16382.783629709918
forecast_0005,2025-01-01 05:00:00,16611.713565324695,18689.19283294779,15889.69033714561
forecast_0006,2025-01-01 06:00:00,16300.19686694989,18074.94439306608,15347.88434374315
forecast_0007,2025-01-01 07:00:00,16257.625445037333,17588.62179919421,14758.840105100106
forecast_0008,2025-01-01 08:00:00,16031.772652331507,16829.215813564482,14221.41796535993
forecast_0009,2025-01-01 09:00:00,15213.807723059606,15515.923315221824,14080.95209649741
forecast_0010,2025-01-01 10:00:00,15167.760787944708,14412.089849240554,13207.93998780788
forecast_0011,2025-01-01 11:00:00,15067.043044876342,14797.416910265574,12936.952274188727
forecast_0012,2025-01-01 12:00:00,15381.33840215395,15438.699089558035,12880.030536677561
forecast_0013,2025-01-01 13:00:00,15549.334389942916,15942.698090988948,12846.084983587934
forecast_0014,2025-01-01 14:00:00,15367.206811214613,15701.500652668772,12186.595818552847
forecast_0015,2025-01-01 15:00:00,14876.676211587033,15388.368168430112,11616.727664053442
forecast_0016,2025-01-01 16:00:00,14858.800837359764,15238.809974340194,11625.17487168701
forecast_0017,2025-01-01 17:00:00,14793.432759621694,14603.423387939,12225.496442253301
forecast_0018,2025-01-01 18:00:00,14729.368718675156,14496.468350562067,12692.065425933652
forecast_0019,2025-01-01 19:00:00,15196.466882975146,15469.94453008665,13234.925465509961
forecast_0020,2025-01-01 20:00:00,15004.30079636865,15934.220091731699,13863.597820118388
forecast_0021,2025-01-01 21:00:00,14885.72301256546,16523.061404950193,14059.548724080487
forecast_0022,2025-01-01 22:00:00,15377.795465086849,16926.842627570844,14116.621639459026
forecast_0023,2025-01-01 23:00:00,15318.445587029193,16909.949713545622,13709.50570909209
forecast_0024,2025-01-02 00:00:00,14957.3324323365,16391.77473584838,13009.818578280323
forecast_0025,2025-01-02 01:00:00,14246.438991117106,15425.927344307322,12176.040217060965
forecast_0026,2025-01-02 02:00:00,12165.048442890537,14351.788545208288,11177.141928612984
forecast_0027,2025-01-02 03:00:00,11198.480115963586,13066.4667765298,10045.476092461435
forecast_0028,2025-01-02 04:00:00,9787.960506824844,11794.025580493015,9497.652142576411
forecast_0029,2025-01-02 05:00:00,8567.973351406816,11299.371027937876,8791.66723014963
forecast_0030,2025-01-02 06:00:00,8350.0754165422,9961.510696117079,8324.036782478837
forecast_0031,2025-01-02 07:00:00,7961.5061448098395,8610.422620773934,7946.862932334492
forecast_0032,2025-01-02 08:00:00,8006.926635526968,8136.802567931773,7680.87561470403
forecast_0033,2025-01-02 09:00:00,7551.968250953457,8087.746326091739,7280.283319527201
forecast_0034,2025-01-02 10:00:00,6256.074870563953,5610.512483098025,6245.002843797597
forecast_0035,2025-01-02 11:00:00,5358.617440993121,4655.106881658162,5659.376977016756
forecast_0036,2025-01-02 12:00:00,5475.278131017569,4565.535146969574,5612.398102054951
forecast_0037,2025-01-02 13:00:00,6152.9646975149735,4621.796349149975,5627.2438659465215
forecast_0038,2025-01-02 14:00:00,6765.078745130245,5116.221443909886,5849.336346993588
forecast_0039,2025-01-02 15:00:00,7450.892422946051,5589.836745539282,6253.591790145309
forecast_0040,2025-01-02 16:00:00,8533.691369377631,7099.444267978115,6721.154354228596
forecast_0041,2025-01-02 17:00:00,9072.29177844915,8137.950353366487,7515.059706782332
forecast_0042,2025-01-02 18:00:00,9650.326016934687,9200.543314810335,8059.463544616436
forecast_0043,2025-01-02 19:00:00,9954.257508447712,9469.319051367696,8663.869581714469
forecast_0044,2025-01-02 20:00:00,10204.165416103948,9193.534088116214,8937.52736827827
forecast_0045,2025-01-02 21:00:00,9993.696325885307,10362.644342635966,9446.562796909957
forecast_0046,2025-01-02 22:00:00,10587.44020865294,11648.224016163276,10156.650599624312
forecast_0047,2025-01-02 23:00:00,10798.615955042793,12863.080372719847,10527.250463807875
forecast_0048,2025-01-03 00:00:00,11645.82769063655,13710.94357636274,11040.766495961703
forecast_0049,2025-01-03 01:00:00,11627.842278727823,12528.45804489066,11285.950594953294
forecast_0050,2025-01-03 02:00:00,11137.709190364172,11286.875642956093,11816.865911425362
forecast_0051,2025-01-03 03:00:00,10898.344030019303,11923.266580423218,11775.094449604692
forecast_0052,2025-01-03 04:00:00,11321.021263142098,12563.17981238147,12155.225837268641
forecast_0053,2025-01-03 05:00:00,11557.33012646316,13814.865786330862,11615.560238523502
forecast_0054,2025-01-03 06:00:00,11926.372972030566,13203.566163023006,11075.273767280612
forecast_0055,2025-01-03 07:00:00,11739.124551939129,12831.089892505654,10724.532289062867
forecast_0056,2025-01-03 08:00:00,11769.759345983284,13464.84745705689,10469.560850038715
forecast_0057,2025-01-03 09:00:00,12138.997901891911,11121.370261219503,10110.200363356498
forecast_0058,2025-01-03 10:00:00,12056.244311259357,9503.627586096474,9075.044704430795
forecast_0059,2025-01-03 11:00:00,11808.477135147643,8837.709506738105,8427.685796463535
forecast_0060,2025-01-03 12:00:00,11689.563418774414,9409.55435810514,8188.565360424287
forecast_0061,2025-01-03 13:00:00,11869.602579528302,10556.751694860155,8283.032846629252
forecast_0062,2025-01-03 14:00:00,12321.417332630324,11271.240607404716,8504.85145681866
forecast_0063,2025-01-03 15:00:00,12777.129929253193,10795.66172090419,8880.05302478567
forecast_0064,2025-01-03 16:00:00,12772.636112878225,9862.424290914409,9394.953671833457
forecast_0065,2025-01-03 17:00:00,12649.955500800745,9541.278060954726,9880.063625806604
forecast_0066,2025-01-03 18:00:00,12639.429714275433,10537.240343340425,10644.18793988969
forecast_0067,2025-01-03 19:00:00,13053.231243403468,11413.99723989523,11155.31853075544
forecast_0068,2025-01-03 20:00:00,13226.664583959886,11868.385597682165,11619.841273340166
forecast_0069,2025-01-03 21:00:00,13382.70075548534,12480.9359300438,12251.999672285667
forecast_0070,2025-01-03 22:00:00,12976.64217994631,13826.932926654288,12757.736543742227
forecast_0071,2025-01-03 23:00:00,12763.216138490781,14651.563552971606,12884.24630020162
forecast_0072,2025-01-04 00:00:00,13289.363014262515,15538.472306894473,13283.146620425952
forecast_0073,2025-01-04 01:00:00,13591.824663533647,14353.819106498306,13144.749131520193
forecast_0074,2025-01-04 02:00:00,13918.518305932717,14891.256793259057,13154.626965120397
forecast_0075,2025-01-04 03:00:00,13950.522048926076,15431.2810867977,13081.707895904361
forecast_0076,2025-01-04 04:00:00,14009.998229890058,15056.981679662274,12474.344822380524
forecast_0077,2025-01-04 05:00:00,14082.997115306922,14485.624519149877,12402.74709680404
forecast_0078,2025-01-04 06:00:00,13964.592877513816,14901.986777395501,12530.506177527417
forecast_0079,2025-01-04 07:00:00,14383.671224547734,15995.071864857735,12318.362606541288
forecast_0080,2025-01-04 08:00:00,14691.293033115975,16477.369438037535,12143.531393241637
forecast_0081,2025-01-04 09:00:00,14232.181199495195,16961.783564380697,11904.134613963293
forecast_0082,2025-01-04 10:00:00,12135.661034184071,14874.820946243974,10242.420653159552
forecast_0083,2025-01-04 11:00:00,10932.590352704101,10937.4211391261,9485.027215826727
forecast_0084,2025-01-04 12:00:00,10164.508820283696,9096.693046003249,9221.4521258893
forecast_0085,2025-01-04 13:00:00,10825.945370013394,8933.184786259257,9504.65934101187
forecast_0086,2025-01-04 14:00:00,11302.28566337676,9028.01080813842,9905.758932835004
forecast_0087,2025-01-04 15:00:00,11535.046413633414,9032.216992048116,10184.54850702154
forecast_0088,2025-01-04 16:00:00,12482.54479625249,9365.253449207235,10140.847547166863
forecast_0089,2025-01-04 17:00:00,12857.56217079299,10410.261932173984,10724.14307483248
forecast_0090,2025-01-04 18:00:00,13378.294363567458,12896.701615133756,12280.623439843635
forecast_0091,2025-01-04 19:00:00,13711.10536403858,14255.323999295617,12767.63082781796
forecast_0092,2025-01-04 20:00:00,14948.360167620653,15478.624006132886,13268.838521828762
forecast_0093,2025-01-04 21:00:00,15497.795464580855,16186.417648529554,13710.44599394421
forecast_0094,2025-01-04 22:00:00,16172.55510561179,16946.239471095098,14409.147283236647
forecast_0095,2025-01-04 23:00:00,17019.15963284029,17891.363196751474,14534.694053417383
forecast_0096,2025-01-05 00:00:00,17230.654151140418,17146.79593791155,14143.681624056682
forecast_0097,2025-01-05 01:00:00,17562.586105499533,17795.510025089596,12661.08414648125
forecast_0098,2025-01-05 02:00:00,16785.59413525619,16584.868000558727,12166.847422737626
forecast_0099,2025-01-05 03:00:00,16329.802110347246,16984.249797021817,11614.184537445857
forecast_0100,2025-01-05 04:00:00,15505.874273564012,16760.661346223333,11789.785362609366
forecast_0101,2025-01-05 05:00:00,14354.87900623024,16907.652999572405,11154.230306775034
forecast_0102,2025-01-05 06:00:00,13198.297431865645,17077.94032311594,11309.795914953593
forecast_0103,2025-01-05 07:00:00,13007.009494020605,17085.253775209545,11758.058839014226
forecast_0104,2025-01-05 08:00:00,13022.620213946522,16699.73131128418,11861.643442346165
forecast_0105,2025-01-05 09:00:00,13527.572009212203,16278.040394571399,12528.19744227005
forecast_0106,2025-01-05 10:00:00,13259.472119375525,15148.941066665819,13423.568496425345
forecast_0107,2025-01-05 11:00:00,13934.138159142727,14758.329263407406,13749.848195916617
forecast_0108,2025-01-05 12:00:00,14236.600055621639,15111.43016717674,13671.087499202937
forecast_0109,2025-01-05 13:00:00,14233.440672962715,15943.1396462251,13627.681602935423
forecast_0110,2025-01-05 14:00:00,13027.848314983356,15205.103423680197,12838.162321187127
forecast_0111,2025-01-05 15:00:00,12021.005853367433,13435.367429114687,12313.856736047643
forecast_0112,2025-01-05 16:00:00,11066.74413285268,11719.11900821515,11841.72517237154
forecast_0113,2025-01-05 17:00:00,11590.3896164078,13662.879327260798,11388.81909917366
forecast_0114,2025-01-05 18:00:00,12528.545775040619,13501.175285792318,12320.901718834719
forecast_0115,2025-01-05 19:00:00,14012.868955113714,14372.468582897991,12170.379347456801
forecast_0116,2025-01-05 20:00:00,14213.545783609803,14412.311016286474,11767.054793760224
forecast_0117,2025-01-05 21:00:00,14994.26134341152,13498.782839443355,12366.785623068894
forecast_0118,2025-01-05 22:00:00,14515.70933879157,13284.182743113059,12350.806587432267
forecast_0119,2025-01-05 23:00:00,13750.470238499649,14133.415448323427,11804.59721441436
forecast_0120,2025-01-06 00:00:00,12982.339615556066,13747.08657720887,11491.943639124955
forecast_0121,2025-01-06 01:00:00,12747.579881899346,12369.628188967505,10410.90656769803
forecast_0122,2025-01-06 02:00:00,12031.221289346397,11596.286048762742,10148.556443050607
forecast_0123,2025-01-06 03:00:00,10823.72439149765,10350.739134875783,9693.98098751708
forecast_0124,2025-01-06 04:00:00,9127.25993819012,10143.98230667874,9091.117502784375
forecast_0125,2025-01-06 05:00:00,7303.498924612638,8065.1489578500195,7952.1999594623885
forecast_0126,2025-01-06 06:00:00,6785.494571467034,6595.146207918418,7397.809496389101
forecast_0127,2025-01-06 07:00:00,6023.075752019945,6618.966755215633,6981.9368713839995
forecast_0128,2025-01-06 08:00:00,5848.485284420984,6960.1400523182765,7278.254020442749
forecast_0129,2025-01-06 09:00:00,6434.220141685029,8755.011761199317,6975.633456509664
forecast_0130,2025-01-06 10:00:00,6130.984300924796,8112.672228309443,7079.3780305870105
forecast_0131,2025-01-06 11:00:00,6095.007956367338,6304.2370797148615,7415.145433162437
forecast_0132,2025-01-06 12:00:00,6326.166522770613,5125.911944446038,7637.988463628486
forecast_0133,2025-01-06 13:00:00,6803.713949262794,5524.624695449869,7804.1733035377865
forecast_0134,2025-01-06 14:00:00,7446.8818043230385,6143.1032832736355,7759.544497394138
forecast_0135,2025-01-06 15:00:00,8546.9933440977,6299.371552522527,8388.44144700201
forecast_0136,2025-01-06 16:00:00,9423.378181439224,8528.17941547465,9194.80384206294
forecast_0137,2025-01-06 17:00:00,10756.026374703586,9820.642343650492,10321.671196314404
forecast_0138,2025-01-06 18:00:00,11370.295134369582,10907.148383337659,11953.832085521417
forecast_0139,2025-01-06 19:00:00,11649.065965975442,11660.29349448051,12593.329856297505
forecast_0140,2025-01-06 20:00:00,12839.505435711417,13382.039611753957,13064.406850024634
forecast_0141,2025-01-06 21:00:00,13765.789199353449,14106.417275782727,13901.174965404422
forecast_0142,2025-01-06 22:00:00,15003.57426343611,14894.223256399815,14361.987875151233
forecast_0143,2025-01-06 23:00:00,15767.705701023704,15989.181295620836,15035.504060058878
forecast_0144,2025-01-07 00:00:00,16819.06229283181,17399.483355747754,15818.27964340867
forecast_0145,2025-01-07 01:00:00,17304.465383578518,18212.105500782185,16034.39360207313
forecast_0146,2025-01-07 02:00:00,17692.298296173918,18742.390875468365,16462.27218571172
forecast_0147,2025-01-07 03:00:00,18007.32729190748,18887.69796166046,16506.84074751132
forecast_0148,2025-01-07 04:00:00,17885.386489759585,18596.200545811167,16374.091343056476
forecast_0149,2025-01-07 05:00:00,17496.662357056164,17723.30797881063,15740.710547056044
forecast_0150,2025-01-07 06:00:00,17346.16012143247,17725.514063504466,15510.85774528002
forecast_0151,2025-01-07 07:00:00,17318.831599423105,17946.14112017057,15534.40549921274
forecast_0152,2025-01-07 08:00:00,17215.791796746966,18037.666928085222,15471.322112195221
forecast_0153,2025-01-07 09:00:00,16939.237656271613,17969.098578568308,15212.430241896811
forecast_0154,2025-01-07 10:00:00,16616.551080892546,17581.14089154313,14694.920597223812
forecast_0155,2025-01-07 11:00:00,16751.71666422524,18214.096770142685,14427.59242762464
forecast_0156,2025-01-07 12:00:00,16491.466688833803,18214.186258727023,14039.180112215938
forecast_0157,2025-01-07 13:00:00,16330.96050071692,17559.45269305523,13774.71550439679
forecast_0158,2025-01-07 14:00:00,15857.999795268193,16918.972019236244,13506.155679566797
forecast_0159,2025-01-07 15:00:00,15762.060545306726,16534.44795612079,13636.944127129846
forecast_0160,2025-01-07 16:00:00,15716.986133231287,16916.6257509426,13373.970682868832
forecast_0161,2025-01-07 17:00:00,15966.018719095686,17286.799690968804,13993.938121386378
forecast_0162,2025-01-07 18:00:00,16721.246568567247,17785.636876610108,14913.979070241452
forecast_0163,2025-01-07 19:00:00,17500.12273121606,18676.611124586427,15468.002387344808
forecast_0164,2025-01-07 20:00:00,18032.508407497546,18794.530027951987,15682.954449229275
forecast_0165,2025-01-07 21:00:00,17985.422698396473,18617.13784912374,15814.19356801975
forecast_0166,2025-01-07 22:00:00,17936.776436020184,18549.620331355425,15917.45494835715
forecast_0167,2025-01-07 23:00:00,17700.010945194543,18712.439247967843,15877.466833071783
forecast_0168,2025-01-08 00:00:00,17724.739247789763,18971.444596105484,15565.195523966375
forecast_0169,2025-01-08 01:00:00,17544.201033821748,18275.64158371635,15085.731510511423
forecast_0170,2025-01-08 02:00:00,17088.211461216175,18174.27831532539,14534.225039660505
forecast_0171,2025-01-08 03:00:00,16508.02405097911,17727.36086314346,14187.270484759742
forecast_0172,2025-01-08 04:00:00,16111.734096093292,16568.171338979748,13626.436041169894
forecast_0173,2025-01-08 05:00:00,15797.456008357392,16002.34177141761,13519.34616318949
forecast_0174,2025-01-08 06:00:00,15923.577749989268,15951.676256692488,13492.119163868652
forecast_0175,2025-01-08 07:00:00,15889.19015710766,15572.192032269286,12741.858749526966
forecast_0176,2025-01-08 08:00:00,16204.235002343255,16353.842459218335,13325.072514761368
forecast_0177,2025-01-08 09:00:00,16478.633454651863,17196.835952112124,13924.188455693042
forecast_0178,2025-01-08 10:00:00,16235.323467275215,16936.917234538974,12923.323865515353
forecast_0179,2025-01-08 11:00:00,16960.618830047097,17575.49177676327,13864.462743346736
forecast_0180,2025-01-08 12:00:00,17195.08393828068,18119.48615239477,14336.915827195284
forecast_0181,2025-01-08 13:00:00,16955.950718377717,17902.029557056485,13909.032221512667
forecast_0182,2025-01-08 14:00:00,16444.662708011885,17515.1352639966,13999.22187421931
forecast_0183,2025-01-08 15:00:00,16104.964409027947,17557.189515634174,13909.846264230597
forecast_0184,2025-01-08 16:00:00,15548.463209638403,17122.683859404577,13355.305721512592
forecast_0185,2025-01-08 17:00:00,15459.121772931849,17162.487578424574,13537.284723314775
forecast_0186,2025-01-08 18:00:00,15533.86700779718,17431.926097131232,14113.36457721981
forecast_0187,2025-01-08 19:00:00,15672.799821440974,17687.745384526435,14516.526552494806
forecast_0188,2025-01-08 20:00:00,15923.393854980084,17466.359293177917,15041.126969655781
forecast_0189,2025-01-08 21:00:00,15887.332036252285,17186.141298168222,15204.675314094027
forecast_0190,2025-01-08 22:00:00,16249.248276973622,17585.89145748504,15604.068066053125
forecast_0191,2025-01-08 23:00:00,16714.25661687473,17532.567911728645,15695.560517176114
forecast_0192,2025-01-09 00:00:00,16648.06118963575,17470.331309181656,15563.498334322345
forecast_0193,2025-01-09 01:00:00,16275.899035403361,17668.909494686053,15023.544479328113
forecast_0194,2025-01-09 02:00:00,16176.136278217442,17449.446549374792,14901.232528153425
forecast_0195,2025-01-09 03:00:00,16086.854469710855,17473.361013249094,14615.153880370683
forecast_0196,2025-01-09 04:00:00,15920.128051440275,17828.106558308627,14311.87186384101
forecast_0197,2025-01-09 05:00:00,15651.502106237083,17975.065982195996,13908.25533568876
forecast_0198,2025-01-09 06:00:00,16153.915718375263,17855.78497313682,13808.180475527059
forecast_0199,2025-01-09 07:00:00,15761.698978498864,17674.076040137013,13397.348639700931
forecast_0200,2025-01-09 08:00:00,15736.270629334162,17655.886632070244,13161.736380670536
forecast_0201,2025-01-09 09:00:00,15427.67148576802,17659.697159840824,13254.82277119152
forecast_0202,2025-01-09 10:00:00,15349.433739231825,17431.4761234545,12852.289488291672
forecast_0203,2025-01-09 11:00:00,15104.254596744908,16867.731872849097,12705.242530089672
forecast_0204,2025-01-09 12:00:00,15256.26520847252,16828.83512805927,12552.681172722783
forecast_0205,2025-01-09 13:00:00,15300.335186132574,16746.312749620956,12342.683010773468
forecast_0206,2025-01-09 14:00:00,15238.989116009396,15910.180158490462,12487.805791156516
forecast_0207,2025-01-09 15:00:00,15309.367923379905,15895.765419439082,12799.953666379739
forecast_0208,2025-01-09 16:00:00,15795.815557070791,17093.989026623123,13231.838018602135
forecast_0209,2025-01-09 17:00:00,15855.353643923096,16396.912548397846,13339.487000147994
forecast_0210,2025-01-09 18:00:00,16486.16138092677,17052.57062834342,13927.33014871475
forecast_0211,2025-01-09 19:00:00,16782.51407130003,17575.229384806436,14142.619231196906
forecast_0212,2025-01-09 20:00:00,17110.00520618457,18546.856278333555,14528.420286402983
forecast_0213,2025-01-09 21:00:00,18269.30729026797,19119.2251349657,15187.218052731774
forecast_0214,2025-01-09 22:00:00,19554.602548031733,19538.52215401283,15292.236336948095
forecast_0215,2025-01-09 23:00:00,19985.06965463436,19590.147179222997,15829.84326690682
forecast_0216,2025-01-10 00:00:00,20184.597255513676,19349.800478047644,16238.376172503728
forecast_0217,2025-01-10 01:00:00,19395.044725464115,19678.02825743318,14315.932691140983
forecast_0218,2025-01-10 02:00:00,19304.74057662989,19561.236703514383,14615.002436287565
forecast_0219,2025-01-10 03:00:00,19233.394332059717,19485.578238153892,14814.75366739905
forecast_0220,2025-01-10 04:00:00,19271.06504451327,19243.145932694773,14518.72670110133
forecast_0221,2025-01-10 05:00:00,19039.799624943083,19076.056599197327,14551.836949722488
forecast_0222,2025-01-10 06:00:00,17948.69293504094,17976.910043200023,13820.463204365347
forecast_0223,2025-01-10 07:00:00,16131.501406293999,14546.130696653494,12766.446790462363
forecast_0224,2025-01-10 08:00:00,13813.587152001715,10761.459084487557,11411.90658779749
forecast_0225,2025-01-10 09:00:00,11722.297368772332,8631.495442738433,9517.844782626653
forecast_0226,2025-01-10 10:00:00,8311.056476057613,5380.4259309279605,7754.949090173145
forecast_0227,2025-01-10 11:00:00,6001.178743282217,3870.3855640632837,6532.32117987732
forecast_0228,2025-01-10 12:00:00,4761.921147766321,3035.9013907875515,5572.63325371626
forecast_0229,2025-01-10 13:00:00,4146.318932455284,3168.4648914766267,5352.252008131874
forecast_0230,2025-01-10 14:00:00,4156.244380612114,3231.7214213535326,5894.02194507918
forecast_0231,2025-01-10 15:00:00,4953.578417579412,3308.2702036154233,6263.116111350477
forecast_0232,2025-01-10 16:00:00,6029.1961850701155,3636.7211852117634,6559.795687118373
forecast_0233,2025-01-10 17:00:00,6586.656115114062,4213.337571265395,7020.719372530217
forecast_0234,2025-01-10 18:00:00,7485.030589686818,5260.61950027879,7786.206789025928
forecast_0235,2025-01-10 19:00:00,8505.43910024804,7211.984972801041,8570.873810733518
forecast_0236,2025-01-10 20:00:00,9786.359770746347,8599.89602846986,9021.982952730961
forecast_0237,2025-01-10 21:00:00,9905.871333378607,9170.987208257773,9162.061436881495
forecast_0238,2025-01-10 22:00:00,10357.40628598088,8556.02041781256,9015.58360747499
forecast_0239,2025-01-10 23:00:00,10344.570524767923,8122.2584648808115,9265.950680603488
forecast_0240,2025-01-11 00:00:00,10943.129829404163,8256.436183990792,9609.315073940947
forecast_0241,2025-01-11 01:00:00,12212.014718687813,9301.176421015301,9612.756576886379
forecast_0242,2025-01-11 02:00:00,12140.369612339075,9735.75947781829,9684.734044375822
forecast_0243,2025-01-11 03:00:00,11772.797527264303,9748.310404282853,9656.84641362426
forecast_0244,2025-01-11 04:00:00,11612.104920643258,9294.79231459589,9524.289128650285
forecast_0245,2025-01-11 05:00:00,11069.965409178592,8792.025781440007,9394.210061859005
forecast_0246,2025-01-11 06:00:00,9083.655587590787,7962.437669847501,8897.534938231665
forecast_0247,2025-01-11 07:00:00,7664.324650972105,5809.477373615575,8232.870659645878
forecast_0248,2025-01-11 08:00:00,6764.42945911243,4916.021923304206,7856.168274074095
forecast_0249,2025-01-11 09:00:00,5665.63851940837,4434.890103112313,6941.84033289842
forecast_0250,2025-01-11 10:00:00,4194.350595140184,3641.2037220327074,5762.306175608377
forecast_0251,2025-01-11 11:00:00,3492.1299729166294,3164.3545566039256,5231.193749101096
forecast_0252,2025-01-11 12:00:00,3249.836261688711,2834.083050040105,4824.844976047562
forecast_0253,2025-01-11 13:00:00,3029.875092428278,2731.299666838169,4827.7761350649935
forecast_0254,2025-01-11 14:00:00,2929.620129564685,2899.061887939136,4928.857755005684
forecast_0255,2025-01-11 15:00:00,3240.3458499365206,2882.076307379378,5126.150878090058
forecast_0256,2025-01-11 16:00:00,3836.187779159476,2991.175453801887,5375.853335796908
forecast_0257,2025-01-11 17:00:00,4483.036012833151,3566.8800448822435,6138.856151741004
forecast_0258,2025-01-11 18:00:00,5930.381621680344,4580.90401638838,7539.605700010191
forecast_0259,2025-01-11 19:00:00,7435.3355661904725,6135.5106016004065,8673.15890157103
forecast_0260,2025-01-11 20:00:00,8619.601736790382,7030.673040328363,9242.27034891249
forecast_0261,2025-01-11 21:00:00,9443.042403115152,7609.485133834334,9509.015515047238
forecast_0262,2025-01-11 22:00:00,10472.459532025363,8862.273216661044,9732.844702575527
forecast_0263,2025-01-11 23:00:00,11773.031212736587,9342.810790048916,9939.97089266296
forecast_0264,2025-01-12 00:00:00,12117.422308345413,9523.06175411422,10293.61905656576
forecast_0265,2025-01-12 01:00:00,9860.439649506588,10982.02748580239,9388.349934072252
forecast_0266,2025-01-12 02:00:00,10120.12873110273,10559.914415657515,9482.919615629427
forecast_0267,2025-01-12 03:00:00,11237.333813812133,11276.875720582479,10003.853050278101
forecast_0268,2025-01-12 04:00:00,12583.841770447594,13411.04105240919,11021.092305177546
forecast_0269,2025-01-12 05:00:00,14786.018960917261,14503.585199895624,11823.587872881762
forecast_0270,2025-01-12 06:00:00,15971.313374865422,15870.915062348306,12233.998963732036
forecast_0271,2025-01-12 07:00:00,16287.337481960352,16502.310648767,12848.01554592888
forecast_0272,2025-01-12 08:00:00,17084.555693646125,16792.92033468521,13104.636984058085
forecast_0273,2025-01-12 09:00:00,16568.954115474757,17284.6956155129,12828.785221101149
forecast_0274,2025-01-12 10:00:00,14812.084859598004,14687.912241721591,11717.37523849585
forecast_0275,2025-01-12 11:00:00,12909.177126508026,11424.284299012417,10415.003677532817
forecast_0276,2025-01-12 12:00:00,11203.968461442668,9674.71742719795,9843.72105187574
forecast_0277,2025-01-12 13:00:00,11218.362420149253,9469.013617034861,9376.946699538801
forecast_0278,2025-01-12 14:00:00,11154.763949953162,9923.288140576671,9219.474532696182
forecast_0279,2025-01-12 15:00:00,11148.179327860897,10526.322502895971,9006.461590915787
forecast_0280,2025-01-12 16:00:00,11546.071405399938,10047.616037170556,9419.373720815287
forecast_0281,2025-01-12 17:00:00,11619.351917301181,10115.845124948552,10238.225229470661
forecast_0282,2025-01-12 18:00:00,12150.098289653131,12337.51675927181,11793.300291699687
forecast_0283,2025-01-12 19:00:00,12992.989604808241,13154.82818487312,12329.035836288625
forecast_0284,2025-01-12 20:00:00,13323.45837830846,13695.391982219298,12654.797213217904
forecast_0285,2025-01-12 21:00:00,13725.836137656039,14919.408623658353,13154.49075539668
forecast_0286,2025-01-12 22:00:00,14409.815551311349,15646.641820631416,13464.294541977182
forecast_0287,2025-01-12 23:00:00,15344.455341309089,16189.18787418036,13945.732042002855
forecast_0288,2025-01-13 00:00:00,16306.960587905936,16230.075442113946,14538.125527481676
forecast_0289,2025-01-13 01:00:00,18335.863654610966,18089.100941816272,15266.570747614274
forecast_0290,2025-01-13 02:00:00,19277.706881009362,19306.047614864485,15876.314432147125
forecast_0291,2025-01-13 03:00:00,19750.75360050656,20036.76343060442,16613.44722545722
forecast_0292,2025-01-13 04:00:00,19936.2872055326,20185.84606711247,17047.68623219873
forecast_0293,2025-01-13 05:00:00,19915.73225588319,20302.65543264846,17386.559872190235
forecast_0294,2025-01-13 06:00:00,20036.075534669642,20474.66728896289,17505.285739000865
forecast_0295,2025-01-13 07:00:00,19985.840562241585,20363.04137556177,17348.77636904201
forecast_0296,2025-01-13 08:00:00,19834.656680062813,20386.783166422007,16877.593012140096
forecast_0297,2025-01-13 09:00:00,19842.737596183553,20403.5078314059,16978.408602618576
forecast_0298,2025-01-13 10:00:00,18821.4205196174,19756.938047161275,16393.31763502276
forecast_0299,2025-01-13 11:00:00,18450.726527506355,19445.52062576711,16317.955588667577
forecast_0300,2025-01-13 12:00:00,16806.594963472748,18635.40672079065,15451.176469883205
forecast_0301,2025-01-13 13:00:00,15420.650641152783,16269.63881786486,13772.282301688174
forecast_0302,2025-01-13 14:00:00,14529.866416663457,13799.830954672077,12016.275383966098
forecast_0303,2025-01-13 15:00:00,14639.91180516313,13112.818699285752,12347.102666165485
forecast_0304,2025-01-13 16:00:00,14423.466351259329,13831.739089106184,12462.823801821829
forecast_0305,2025-01-13 17:00:00,14318.849660875661,13435.410536110756,12516.718950573151
forecast_0306,2025-01-13 18:00:00,14406.391346341497,13544.921782812718,12903.17101687034
forecast_0307,2025-01-13 19:00:00,14886.699226067463,14548.34599847833,13540.542988708523
forecast_0308,2025-01-13 20:00:00,14975.421046613877,15366.449121810649,13588.81925450913
forecast_0309,2025-01-13 21:00:00,15584.901840940867,16051.23708123957,14476.554983938717
forecast_0310,2025-01-13 22:00:00,16677.12948619089,16599.700633642227,15710.640144222489
forecast_0311,2025-01-13 23:00:00,17324.488799440966,17997.43248910156,15678.705182307804
forecast_0312,2025-01-14 00:00:00,17518.67730086114,18363.815910918915,16228.413332074939
forecast_0313,2025-01-14 01:00:00,18073.478688359566,18626.293349348878,16348.508522973523
forecast_0314,2025-01-14 02:00:00,18143.367863709915,18800.226761168637,16461.867758165456
forecast_0315,2025-01-14 03:00:00,18064.31565987458,18793.028102052933,16667.96655485659
forecast_0316,2025-01-14 04:00:00,18114.502997339867,18735.261962740267,16506.963404495782
forecast_0317,2025-01-14 05:00:00,18138.711648675868,18786.191088771928,16488.58557126193
forecast_0318,2025-01-14 06:00:00,18320.584766575066,18803.16002783291,16453.186838775666
forecast_0319,2025-01-14 07:00:00,18276.20088854094,18886.45540408022,16514.582502840592
forecast_0320,2025-01-14 08:00:00,18246.513774920786,18294.90061369555,16326.175685081887
forecast_0321,2025-01-14 09:00:00,17693.437661035754,17482.24089520188,16093.41810267825
forecast_0322,2025-01-14 10:00:00,17062.337842404297,16846.995524824415,15945.310316145387
forecast_0323,2025-01-14 11:00:00,16483.81824660369,16224.211406060867,15575.14526729587
forecast_0324,2025-01-14 12:00:00,16003.790639756615,15618.176164121312,13637.781201699938
forecast_0325,2025-01-14 13:00:00,15382.302684436025,14773.891618081827,12615.906235084973
forecast_0326,2025-01-14 14:00:00,14500.862810149158,13737.149995674437,11854.038794879545
forecast_0327,2025-01-14 15:00:00,13713.43804294647,13176.167141683582,11384.243947901547
forecast_0328,2025-01-14 16:00:00,13069.631215496804,11870.416034812091,10781.118948364545
forecast_0329,2025-01-14 17:00:00,12193.890508230419,11503.616783406942,10485.245205041909
forecast_0330,2025-01-14 18:00:00,11551.131521059884,12262.69011702609,10876.531067575808
forecast_0331,2025-01-14 19:00:00,11099.356586829199,12328.990227882552,11117.965641575584
forecast_0332,2025-01-14 20:00:00,11708.057839842604,11698.458369859118,10818.802283871279
forecast_0333,2025-01-14 21:00:00,12650.250210269494,11981.95550727726,11349.844580401033
forecast_0334,2025-01-14 22:00:00,13777.595717340795,12731.800230807565,12587.565096833172
forecast_0335,2025-01-14 23:00:00,14914.861923434659,13386.96130042737,11247.835352705682
forecast_0336,2025-01-15 00:00:00,15097.32014089676,13251.95427009539,10926.778699274371
forecast_0337,2025-01-15 01:00:00,15049.235769282524,13193.841266169784,10611.760986183268
forecast_0338,2025-01-15 02:00:00,14297.769852058962,12483.421897873306,10013.282652436743
forecast_0339,2025-01-15 03:00:00,13008.499960423494,12238.340981509598,9942.711624716601
forecast_0340,2025-01-15 04:00:00,12763.991289295915,12414.653366505918,9391.412349106355
forecast_0341,2025-01-15 05:00:00,13062.38086818197,12904.806628877828,9466.296153250029
forecast_0342,2025-01-15 06:00:00,13425.480361679454,12771.551024702738,9980.908253414336
forecast_0343,2025-01-15 07:00:00,13979.516044309192,13112.101734885253,11249.568569204406
forecast_0344,2025-01-15 08:00:00,14365.559869057932,14749.134811382508,11265.689927083979
forecast_0345,2025-01-15 09:00:00,14003.658559928423,15031.3087678358,12466.830446543492
forecast_0346,2025-01-15 10:00:00,13762.908411454808,14840.030328546742,12235.343568027292
forecast_0347,2025-01-15 11:00:00,13853.517972454752,14499.549315894488,11692.86436145187
forecast_0348,2025-01-15 12:00:00,13104.654219013943,12390.726373944026,11403.830496078928
forecast_0349,2025-01-15 13:00:00,12326.099097305056,11380.232675647436,11164.443465201453
forecast_0350,2025-01-15 14:00:00,11909.233601994034,11248.272315091734,10700.553714479767
forecast_0351,2025-01-15 15:00:00,11869.13182390857,10509.594184991238,10560.714755142191
forecast_0352,2025-01-15 16:00:00,12334.361237814901,10413.523043571822,11013.951142909076
forecast_0353,2025-01-15 17:00:00,12746.51052792868,10600.814635825433,12070.308460517734
forecast_0354,2025-01-15 18:00:00,13547.273219424067,12057.942755283046,13635.891541510657
forecast_0355,2025-01-15 19:00:00,14883.299936533695,14325.248159444767,14529.431571870617
forecast_0356,2025-01-15 20:00:00,16139.093870533532,16929.124613534004,15039.684934121618
forecast_0357,2025-01-15 21:00:00,17540.218928493996,19021.79726825121,15518.490235116384
forecast_0358,2025-01-15 22:00:00,18503.216863337195,19560.379727844607,15963.45668102218
forecast_0359,2025-01-15 23:00:00,18828.82928045903,19846.324720851517,16408.71662298528
forecast_0360,2025-01-16 00:00:00,19198.48651517886,19882.35126699407,16590.779528068375
forecast_0361,2025-01-16 01:00:00,19393.100142465144,20139.42928996892,16309.039360914918
forecast_0362,2025-01-16 02:00:00,19384.185881566016,20150.20747754538,16695.454540749684
forecast_0363,2025-01-16 03:00:00,19362.55985693738,20313.25661623625,17046.87558934364
forecast_0364,2025-01-16 04:00:00,20016.20889174054,20486.537408512122,17455.981872734814
forecast_0365,2025-01-16 05:00:00,20163.751623547494,20590.1316478264,17702.726569328617
forecast_0366,2025-01-16 06:00:00,20088.778300619357,20399.480537395615,18196.541734882845
forecast_0367,2025-01-16 07:00:00,20275.80179483014,20173.57996340841,18406.92458261912
forecast_0368,2025-01-16 08:00:00,20267.21482327166,20285.100247590748,18345.11504109998
forecast_0369,2025-01-16 09:00:00,20175.763106870974,20395.167694374577,18225.53295985882
forecast_0370,2025-01-16 10:00:00,19522.918485983,20232.55386625099,18190.987709743946
forecast_0371,2025-01-16 11:00:00,19059.157335329844,19962.26371692139,18090.72015067173
forecast_0372,2025-01-16 12:00:00,18574.259880138576,20028.830801754346,17680.821043691776
forecast_0373,2025-01-16 13:00:00,18062.560037070376,19703.794505123744,17089.40996538869
forecast_0374,2025-01-16 14:00:00,17590.400687252906,19247.929325113204,16200.913779499822
forecast_0375,2025-01-16 15:00:00,17475.88195006721,18781.125088865054,16402.017378608034
forecast_0376,2025-01-16 16:00:00,17255.473651037435,18943.349778647353,15966.338721196225
forecast_0377,2025-01-16 17:00:00,17107.669023837425,18601.208958044008,16328.541847006245
forecast_0378,2025-01-16 18:00:00,17339.650294852338,17989.625194841014,15922.973698265323
forecast_0379,2025-01-16 19:00:00,16856.40301475812,16542.182776705067,14970.54450708588
forecast_0380,2025-01-16 20:00:00,15346.365534134806,14424.71697517431,12134.785275265152
forecast_0381,2025-01-16 21:00:00,12839.748070409923,10417.48873569269,10754.136954812184
forecast_0382,2025-01-16 22:00:00,10976.922234561218,9224.382526489664,9624.554013340785
forecast_0383,2025-01-16 23:00:00,9416.51871854494,8256.498985716464,8526.146425146482
forecast_0384,2025-01-17 00:00:00,7210.870496117179,6175.898207508054,7219.442067598146
forecast_0385,2025-01-17 01:00:00,4632.564136176405,4425.233598995209,5485.839490096076
forecast_0386,2025-01-17 02:00:00,3656.5151127881563,3194.9508804788375,4939.385598584631
forecast_0387,2025-01-17 03:00:00,3182.054352518658,2804.859657550256,4450.071278486825
forecast_0388,2025-01-17 04:00:00,2882.931717257589,2399.4934192152114,4225.765266084444
forecast_0389,2025-01-17 05:00:00,2845.905572249382,2330.006323340924,4148.091537404654
forecast_0390,2025-01-17 06:00:00,2853.7676681577145,2171.4916619749256,4131.313345529202
forecast_0391,2025-01-17 07:00:00,2899.6242330217424,2248.601246867576,4101.016041103983
forecast_0392,2025-01-17 08:00:00,2889.1193367631568,2347.3304779618575,4154.4447388219305
forecast_0393,2025-01-17 09:00:00,2927.583449357422,2336.2921004862565,4078.789326484549
forecast_0394,2025-01-17 10:00:00,2563.5837899126345,2056.0924154658514,3991.904989043905
forecast_0395,2025-01-17 11:00:00,2362.232303803836,1970.7114076392988,3982.8739572695704
forecast_0396,2025-01-17 12:00:00,2293.666445424862,2104.927297445619,3944.680882546739
forecast_0397,2025-01-17 13:00:00,2380.4485252833483,2154.460081500191,3965.2470235004216
forecast_0398,2025-01-17 14:00:00,2638.0078790724037,2642.4115284764925,4238.791032628623
forecast_0399,2025-01-17 15:00:00,3096.168817858049,2658.0683250423713,4804.05854811134
forecast_0400,2025-01-17 16:00:00,3895.2450703106733,3070.431381804814,5458.870280756901
forecast_0401,2025-01-17 17:00:00,5097.163284466817,4278.410286876574,6487.91366837055
forecast_0402,2025-01-17 18:00:00,6522.888467989762,5631.16721279919,7970.93398705801
forecast_0403,2025-01-17 19:00:00,9026.548390894168,8737.454849680435,9035.217132910468
forecast_0404,2025-01-17 20:00:00,11429.360710534005,10333.445314828905,9797.050412329678
forecast_0405,2025-01-17 21:00:00,13370.66983504303,11674.625764681274,10859.516474249323
forecast_0406,2025-01-17 22:00:00,14684.77922143052,12415.916700849453,11171.063926981444
forecast_0407,2025-01-17 23:00:00,15835.421566538604,13165.698012518793,11532.010838748854
forecast_0408,2025-01-18 00:00:00,16834.371669694174,14697.794322643647,11722.964306406207
forecast_0409,2025-01-18 01:00:00,15635.867426705572,13807.479009097251,11198.018882192313
forecast_0410,2025-01-18 02:00:00,16107.16966886619,13919.682179885349,11389.485656210309
forecast_0411,2025-01-18 03:00:00,16734.57378461188,14780.273100402419,11963.104263310126
forecast_0412,2025-01-18 04:00:00,17677.822744735706,14944.670789080072,11972.151212149882
forecast_0413,2025-01-18 05:00:00,17842.5776052649,14452.9283504539,11856.61974151607
forecast_0414,2025-01-18 06:00:00,16859.596249501064,13703.888345690542,10961.787851785335
forecast_0415,2025-01-18 07:00:00,14971.44102996439,11374.3338054933,9671.41015399149
forecast_0416,2025-01-18 08:00:00,12429.699902563432,9113.833006762627,8420.045705020992
forecast_0417,2025-01-18 09:00:00,9348.468421294909,6310.751128479454,7038.361397397403
forecast_0418,2025-01-18 10:00:00,6857.184709932859,4439.808725957956,5791.812464430681
forecast_0419,2025-01-18 11:00:00,4596.315524033263,3642.942562407851,5442.566527119286
forecast_0420,2025-01-18 12:00:00,3818.970672663514,3307.2385267837767,5587.235022991879
forecast_0421,2025-01-18 13:00:00,3642.1960126508975,3400.681068811684,5385.5167396186735
forecast_0422,2025-01-18 14:00:00,3827.969215699626,3503.1019751285244,5293.020361886089
forecast_0423,2025-01-18 15:00:00,4346.0195084355455,3667.8222648295723,5550.194468988605
forecast_0424,2025-01-18 16:00:00,5091.910169453422,4444.675175639893,6355.600325570846
forecast_0425,2025-01-18 17:00:00,8419.103868535492,5737.714764243093,7953.262842793877
forecast_0426,2025-01-18 18:00:00,12697.741048136213,10197.054689631488,9629.063190526515
forecast_0427,2025-01-18 19:00:00,16145.587762181065,13474.60023829911,11163.649012636548
forecast_0428,2025-01-18 20:00:00,18468.535781085746,16969.651984080676,12152.663252412349
forecast_0429,2025-01-18 21:00:00,19212.007040076303,18687.091772822394,13635.901755020557
forecast_0430,2025-01-18 22:00:00,19268.335186761975,19034.630153301783,13770.59242724134
forecast_0431,2025-01-18 23:00:00,19043.301183154053,19348.87804995834,13551.356134392685
forecast_0432,2025-01-19 00:00:00,18939.85232013546,19351.763934564045,13272.52969980321
forecast_0433,2025-01-19 01:00:00,18536.925776313554,18727.72547547837,13158.953149078332
forecast_0434,2025-01-19 02:00:00,18813.872253133635,19031.301634643958,12928.987306940498
forecast_0435,2025-01-19 03:00:00,18988.13663915294,19439.48872317179,13304.832622243182
forecast_0436,2025-01-19 04:00:00,19377.938435740874,19640.05531812018,14324.501674340143
forecast_0437,2025-01-19 05:00:00,19492.674018141108,19804.285685901792,14575.245147929727
forecast_0438,2025-01-19 06:00:00,19525.699212268406,19830.75615570488,14886.20956367217
forecast_0439,2025-01-19 07:00:00,19481.974648106938,19709.64203478928,14795.992637267449
forecast_0440,2025-01-19 08:00:00,19344.63401828627,19513.402964157485,13688.55899817796
forecast_0441,2025-01-19 09:00:00,18384.630966652978,18933.945638742076,12861.349813595192
forecast_0442,2025-01-19 10:00:00,15947.567386502245,18125.348137662386,12005.16162822816
forecast_0443,2025-01-19 11:00:00,13200.03371689525,16867.941974057387,10348.405627039177
forecast_0444,2025-01-19 12:00:00,10718.237548109853,14050.682210686067,9518.646542242277
forecast_0445,2025-01-19 13:00:00,9878.277491631168,10941.620402148215,8520.093219136199
forecast_0446,2025-01-19 14:00:00,9345.227816489503,9157.85572470466,7797.618286533434
forecast_0447,2025-01-19 15:00:00,8160.6448439047235,8397.908149439008,7425.89160297904
forecast_0448,2025-01-19 16:00:00,7850.761450945145,8198.139368536336,7225.32052207969
forecast_0449,2025-01-19 17:00:00,8229.672762601167,9630.21896847307,7670.518543048435
forecast_0450,2025-01-19 18:00:00,10047.869757547012,10639.1471909218,8674.363805878616
forecast_0451,2025-01-19 19:00:00,11666.987649397806,12697.937550738467,9249.388019965874
forecast_0452,2025-01-19 20:00:00,12192.494752801338,14752.471502853668,9493.513823357742
forecast_0453,2025-01-19 21:00:00,12828.990781103115,15408.761327618964,9466.08853677483
forecast_0454,2025-01-19 22:00:00,13201.852417599113,15029.790424332714,9740.467603159479
forecast_0455,2025-01-19 23:00:00,13272.901492817766,13906.72257482217,9656.291033102472
forecast_0456,2025-01-20 00:00:00,13355.078866938753,12652.392190843697,9459.680586936433
forecast_0457,2025-01-20 01:00:00,11577.688403567197,9724.100864902315,8708.259123643447
forecast_0458,2025-01-20 02:00:00,9227.96061483644,6723.1754686694,8282.14940303281
forecast_0459,2025-01-20 03:00:00,8077.4575298727,5967.082149619606,7789.098840697767
forecast_0460,2025-01-20 04:00:00,7018.007040463077,5036.417392911373,7124.394168108978
forecast_0461,2025-01-20 05:00:00,5878.434171180917,4138.705054861683,6428.746294251221
forecast_0462,2025-01-20 06:00:00,4803.39735373956,3770.4951525423207,5524.125132059192
forecast_0463,2025-01-20 07:00:00,3823.6553825941182,3019.25328810868,4945.191098863552
forecast_0464,2025-01-20 08:00:00,3143.412566611854,2573.3384546546,4481.396638178091
forecast_0465,2025-01-20 09:00:00,2771.902448799724,2335.5505279099,4017.034413538419
forecast_0466,2025-01-20 10:00:00,2554.5877229611538,2744.5025776205116,3653.509539966943
forecast_0467,2025-01-20 11:00:00,2303.2641955856293,2638.767148745959,3456.516864185693
forecast_0468,2025-01-20 12:00:00,2124.684613378879,2499.9421824911296,3372.650164966943
forecast_0469,2025-01-20 13:00:00,2037.811326273721,2463.608239214729,3345.240741138818
forecast_0470,2025-01-20 14:00:00,2000.394089945596,2308.6658889844,3347.128436451318
forecast_0471,2025-01-20 15:00:00,2222.886765726846,2295.791330062112,3418.201678638818
forecast_0472,2025-01-20 16:00:00,2352.0066912047855,2161.3571130731725,3705.648455982568
forecast_0473,2025-01-20 17:00:00,2409.5136488642097,2183.4041139298206,3822.008075123193
forecast_0474,2025-01-20 18:00:00,2491.052898549947,2231.256098332773,3839.348895435693
forecast_0475,2025-01-20 19:00:00,2576.2544687737054,2484.4293458716716,3841.3403778458814
forecast_0476,2025-01-20 20:00:00,2660.2711779897722,2158.4731632899825,3874.990700348413
forecast_0477,2025-01-20 21:00:00,2761.142632655446,2407.540017008966,3997.9267047611747
forecast_0478,2025-01-20 22:00:00,2877.1819245117026,2319.857362055197,4013.8591892676172
forecast_0479,2025-01-20 23:00:00,2944.693906379954,2407.0797535012734,4108.958983982704
forecast_0480,2025-01-21 00:00:00,3069.772274728562,2504.345117539368,4295.01975700773
forecast_0481,2025-01-21 01:00:00,3401.529313249122,2659.419521013792,4670.272839775394
forecast_0482,2025-01-21 02:00:00,3906.462372895863,2864.4505095775485,4914.474921520614
forecast_0483,2025-01-21 03:00:00,4425.569557954483,3302.7436045056998,5355.291638780594
forecast_0484,2025-01-21 04:00:00,4881.988028080248,3535.4595316505024,5586.93642496784
forecast_0485,2025-01-21 05:00:00,5340.27236513011,3585.424087301576,5617.4193200616
forecast_0486,2025-01-21 06:00:00,5109.319619281749,3603.4637223111667,5504.555087457316
forecast_0487,2025-01-21 07:00:00,4863.922892378268,3547.98244562787,5334.143627507245
forecast_0488,2025-01-21 08:00:00,4382.227050743303,3237.0133940056694,5049.040440414938
forecast_0489,2025-01-21 09:00:00,3782.628420418144,2980.2023371840924,4626.474814446318
forecast_0490,2025-01-21 10:00:00,2933.4141448452538,2513.4668872232214,4283.9808377653635
forecast_0491,2025-01-21 11:00:00,2843.905517084027,2392.123597365911,4254.32340581843
forecast_0492,2025-01-21 12:00:00,3011.8730547041023,3018.4928742237007,4332.814281969485
forecast_0493,2025-01-21 13:00:00,3211.701881396676,3188.9697337563925,4544.351243352364
forecast_0494,2025-01-21 14:00:00,3711.1643395273322,3470.015078351257,4953.137900303042
forecast_0495,2025-01-21 15:00:00,4449.473757428017,3755.9249529082526,5515.80802206016
forecast_0496,2025-01-21 16:00:00,4890.109558256721,3785.008688028586,5977.58077073395
forecast_0497,2025-01-21 17:00:00,5836.531180236642,5117.072524883879,6962.751603122739
forecast_0498,2025-01-21 18:00:00,6842.96098825678,6272.097863949522,8310.906999218922
forecast_0499,2025-01-21 19:00:00,7942.646801967228,8121.167678613728,9685.762983165048
forecast_0500,2025-01-21 20:00:00,9246.270364704058,10254.66349076728,10127.083227918522
forecast_0501,2025-01-21 21:00:00,10323.755900790826,11370.135266487636,10865.606864547779
forecast_0502,2025-01-21 22:00:00,10445.111351999121,12116.657854739264,11084.15250806545
forecast_0503,2025-01-21 23:00:00,11293.447713128182,12863.289206551206,10825.282652921282
forecast_0504,2025-01-22 00:00:00,10723.827735647688,12919.516112279616,10400.77893735248
forecast_0505,2025-01-22 01:00:00,11595.729170231298,14512.49002048999,9975.175211943939
forecast_0506,2025-01-22 02:00:00,11794.2831347842,13452.210658363832,10376.666374940061
forecast_0507,2025-01-22 03:00:00,11897.535090786165,12149.007198995718,10319.492015519727
forecast_0508,2025-01-22 04:00:00,12388.92436420547,11623.863325799539,10988.635971324094
forecast_0509,2025-01-22 05:00:00,12713.02601358889,12375.672187753964,11251.422315388894
forecast_0510,2025-01-22 06:00:00,13178.481295815705,13528.237990660611,11433.556980051359
forecast_0511,2025-01-22 07:00:00,14710.520532763974,15704.37910887366,12698.101302183473
forecast_0512,2025-01-22 08:00:00,14888.848156307002,16179.916048717612,12693.335668715396
forecast_0513,2025-01-22 09:00:00,14280.159340965478,14792.245262178298,12112.453160912937
forecast_0514,2025-01-22 10:00:00,12529.68515232599,12097.906347376147,11610.809382527166
forecast_0515,2025-01-22 11:00:00,10824.116607115764,9967.52864060112,9963.764578884997
forecast_0516,2025-01-22 12:00:00,8592.674659696278,8100.471181602867,8253.420149569085
forecast_0517,2025-01-22 13:00:00,7487.860433374264,6979.39295321644,7425.474136829331
forecast_0518,2025-01-22 14:00:00,6527.483078643432,4998.389130038605,6738.611581530447
forecast_0519,2025-01-22 15:00:00,5464.929093204162,4425.910081930888,6060.977950781711
forecast_0520,2025-01-22 16:00:00,5485.526598087994,4241.043945848584,6107.010993575458
forecast_0521,2025-01-22 17:00:00,5522.813463173976,4428.280018495926,6510.46049271791
forecast_0522,2025-01-22 18:00:00,6307.902411629393,5412.255113830608,7226.969530645285
forecast_0523,2025-01-22 19:00:00,7538.1282307119955,6847.631766017356,7660.892923074349
forecast_0524,2025-01-22 20:00:00,8274.42847405068,8295.163449667869,7541.826795065818
forecast_0525,2025-01-22 21:00:00,8735.888650783934,9129.076877937174,7708.5113040211
forecast_0526,2025-01-22 22:00:00,9648.512258102204,9614.303898072225,8092.91030865065
forecast_0527,2025-01-22 23:00:00,9743.155765139887,10338.633847473964,8206.283302285443
forecast_0528,2025-01-23 00:00:00,10170.482061571896,11269.215270198452,8667.312345335518
forecast_0529,2025-01-23 01:00:00,10596.952343241072,10337.236991559215,9599.516272557672
forecast_0530,2025-01-23 02:00:00,11193.426441406584,11163.943128485857,9652.803292325218
forecast_0531,2025-01-23 03:00:00,12071.75556151511,12090.379021388402,9846.75424279066
forecast_0532,2025-01-23 04:00:00,11393.30665318077,12993.542531710013,9757.191931740555
forecast_0533,2025-01-23 05:00:00,10296.75755894512,12304.32541191402,9330.97479073962
forecast_0534,2025-01-23 06:00:00,9042.249269985934,11727.080027294563,8837.682675349717
forecast_0535,2025-01-23 07:00:00,8058.589525466399,10883.777457730594,8563.360905347354
forecast_0536,2025-01-23 08:00:00,7610.985135654602,9868.651580029964,7930.365355309429
forecast_0537,2025-01-23 09:00:00,6680.8945041651095,8269.312828500015,6958.856028846178
forecast_0538,2025-01-23 10:00:00,4948.98312302137,5486.799688708179,5601.846049896306
forecast_0539,2025-01-23 11:00:00,4128.034284649713,3987.1438383601285,5092.731579242479
forecast_0540,2025-01-23 12:00:00,3945.442941543649,3752.4777576801666,4867.652313171225
forecast_0541,2025-01-23 13:00:00,3527.0141591317783,3426.067775168036,4575.336947423056
forecast_0542,2025-01-23 14:00:00,3228.607211336426,3161.8479823769812,4455.711114712168
forecast_0543,2025-01-23 15:00:00,2980.7421388436223,2988.1928213680962,4226.431809049866
forecast_0544,2025-01-23 16:00:00,2865.218440313859,2497.436318397393,4123.166432015279
forecast_0545,2025-01-23 17:00:00,2926.3197887071847,2659.2711362764894,4124.212852698376
forecast_0546,2025-01-23 18:00:00,3186.2039527090333,2826.3370439827813,4286.316434495755
forecast_0547,2025-01-23 19:00:00,3313.9351101803977,2882.56922188729,4387.322048773801
forecast_0548,2025-01-23 20:00:00,3362.137902471779,3040.944101122936,4444.191017047296
forecast_0549,2025-01-23 21:00:00,3355.5410024754324,3047.880999240671,4514.125639813222
forecast_0550,2025-01-23 22:00:00,3583.8395615851923,3197.1779197062147,4606.495646887843
forecast_0551,2025-01-23 23:00:00,3806.0396596290643,3342.340765884658,4658.412591332885
forecast_0552,2025-01-24 00:00:00,3594.504986865919,3030.6633392835292,4549.2557260486865
forecast_0553,2025-01-24 01:00:00,3388.482980579981,2751.758780286589,4259.834605939891
forecast_0554,2025-01-24 02:00:00,3201.409182234864,2470.7767629573527,4192.559341785013
forecast_0555,2025-01-24 03:00:00,3112.2152900673163,2316.805835200713,4144.605550537237
forecast_0556,2025-01-24 04:00:00,2988.827061880528,2220.4067815935714,4014.7862066868033
forecast_0557,2025-01-24 05:00:00,2842.392403998701,2256.8426381092213,3802.0854715250694
forecast_0558,2025-01-24 06:00:00,2564.144224416827,1956.3359857504604,3760.4431151538097
forecast_0559,2025-01-24 07:00:00,2464.9835442487547,1856.6779447566128,3660.026600852807
forecast_0560,2025-01-24 08:00:00,2420.5931677534472,1861.9171120046146,3624.6473817348865
forecast_0561,2025-01-24 09:00:00,2407.1189271524413,1868.1117089231645,3478.6717928608673
forecast_0562,2025-01-24 10:00:00,2134.6289802125493,1789.8515878966834,3352.173024718774
forecast_0563,2025-01-24 11:00:00,2020.3169705569974,1698.137250685178,3292.368078793182
forecast_0564,2025-01-24 12:00:00,1996.9575537061844,2137.577753525442,3253.3868532094684
forecast_0565,2025-01-24 13:00:00,2008.086225173726,1871.3071086291523,3351.461819788353
forecast_0566,2025-01-24 14:00:00,1985.4712100548145,2013.454708598664,3511.0898832104754
forecast_0567,2025-01-24 15:00:00,1992.8390805363003,1624.606445890208,3635.263763814959
forecast_0568,2025-01-24 16:00:00,2222.1554467328087,1691.7203849710454,3717.097043270558
forecast_0569,2025-01-24 17:00:00,2296.6964284729816,1632.0596164321694,3816.6594038803596
forecast_0570,2025-01-24 18:00:00,2438.0058668142437,1901.9624829472373,3922.3894420011984
forecast_0571,2025-01-24 19:00:00,2555.5662292687866,2477.289869084377,4212.419033458898
forecast_0572,2025-01-24 20:00:00,2710.325257051606,3014.53283305292,4381.727660410586
forecast_0573,2025-01-24 21:00:00,2776.7517247592336,3288.4669894069943,4654.967437798314
forecast_0574,2025-01-24 22:00:00,3184.0656823068593,3076.771617804368,4880.627845845073
forecast_0575,2025-01-24 23:00:00,3607.85258571499,3579.9638132017008,5123.643864907799
forecast_0576,2025-01-25 00:00:00,4267.3906697126495,4392.849080598882,5742.367400296338
forecast_0577,2025-01-25 01:00:00,3655.068768588091,4438.663867714919,5826.266079814805
forecast_0578,2025-01-25 02:00:00,3842.1170394661813,4914.207433744043,6211.198203204595
forecast_0579,2025-01-25 03:00:00,4143.253932806917,5279.127707595775,6640.019801731158
forecast_0580,2025-01-25 04:00:00,4595.852459031429,5093.43087534563,7026.5744556649315
forecast_0581,2025-01-25 05:00:00,4669.4912298439685,5040.854187545739,7253.793490726558
forecast_0582,2025-01-25 06:00:00,4707.682793433083,5213.151797293888,7316.139368681769
forecast_0583,2025-01-25 07:00:00,4672.944986593964,5151.522576978287,7610.202186872386
forecast_0584,2025-01-25 08:00:00,4630.419219799984,5230.616515080222,7393.793231701364
forecast_0585,2025-01-25 09:00:00,4528.299685520073,5536.521189281719,7359.420911004186
forecast_0586,2025-01-25 10:00:00,3826.5521102348066,4939.841623859736,7166.115062510855
forecast_0587,2025-01-25 11:00:00,3451.38059930962,4347.522284634946,6823.637482509578
forecast_0588,2025-01-25 12:00:00,2991.59467243768,3430.0658172002586,6699.142375925844
forecast_0589,2025-01-25 13:00:00,2930.590670938871,3090.001643460491,6267.06521920499
forecast_0590,2025-01-25 14:00:00,2941.316015864156,3182.0203743156817,6325.7910655139185
forecast_0591,2025-01-25 15:00:00,3163.213440374891,3418.0882891401197,6129.627334018051
forecast_0592,2025-01-25 16:00:00,3795.8597361529432,3964.089194940023,6348.58164865633
forecast_0593,2025-01-25 17:00:00,4093.7408359939486,4503.051526907242,6627.5047816660235
forecast_0594,2025-01-25 18:00:00,4466.266322221267,5078.753390143391,6834.38231906619
forecast_0595,2025-01-25 19:00:00,4755.64679745627,5213.769163153454,7107.075321322964
forecast_0596,2025-01-25 20:00:00,4885.189962429899,5693.526850354313,7315.567248266951
forecast_0597,2025-01-25 21:00:00,5300.506949472441,7004.787621926957,7580.601934703063
forecast_0598,2025-01-25 22:00:00,5423.109179434627,7620.186830139008,7702.515559576954
forecast_0599,2025-01-25 23:00:00,5367.706067280484,7625.95427499467,7624.530235845493
forecast_0600,2025-01-26 00:00:00,4798.472319637365,7934.800881638395,7646.950667193734
forecast_0601,2025-01-26 01:00:00,5105.518174334635,7007.182041924034,7985.245403073805
forecast_0602,2025-01-26 02:00:00,4927.548642481076,5984.212233980337,7851.428601814541
forecast_0603,2025-01-26 03:00:00,4604.424653313209,6007.739732912384,7592.689546506086
forecast_0604,2025-01-26 04:00:00,4571.596787981498,6094.25804626276,7309.219625760808
forecast_0605,2025-01-26 05:00:00,4523.151520135051,6020.761171527679,6925.1206437362525
forecast_0606,2025-01-26 06:00:00,4322.738127524871,5546.5287866344215,6702.402670371395
forecast_0607,2025-01-26 07:00:00,3956.5116956794736,5283.217482716212,6103.883989218073
forecast_0608,2025-01-26 08:00:00,3999.6843845233443,5019.390791279448,6237.339085364838
forecast_0609,2025-01-26 09:00:00,3534.8239982894206,4345.870868724624,5842.599588488158
forecast_0610,2025-01-26 10:00:00,3165.8012537218287,3521.238795137362,5498.430678669887
forecast_0611,2025-01-26 11:00:00,2799.398080795746,3079.517279297649,5294.524571541605
forecast_0612,2025-01-26 12:00:00,2440.0805637818535,2593.0026757988826,4925.06548197563
forecast_0613,2025-01-26 13:00:00,1911.078263658607,1880.8819800746332,4432.349822834811
forecast_0614,2025-01-26 14:00:00,1875.1897399339514,1770.0373688654809,4139.33564612647
forecast_0615,2025-01-26 15:00:00,1796.7260305931559,1592.3634168584301,4016.141457318385
forecast_0616,2025-01-26 16:00:00,1943.7901258533957,1761.815520833785,3788.034693429555
forecast_0617,2025-01-26 17:00:00,2041.7485402530838,1805.9321862103375,3745.60036618355
forecast_0618,2025-01-26 18:00:00,2024.2279549352372,1812.5543212890625,3811.601124966637
forecast_0619,2025-01-26 19:00:00,2024.5089311595127,1731.1584502238427,3876.1835312928765
forecast_0620,2025-01-26 20:00:00,2141.956741183403,1735.623568766626,3839.7740673693093
forecast_0621,2025-01-26 21:00:00,2468.1217847653393,2018.1940134341567,3893.621472717697
forecast_0622,2025-01-26 22:00:00,2708.1518375168403,1909.3370948662991,3992.2287676728733
forecast_0623,2025-01-26 23:00:00,2832.2391319278718,2166.2978802062953,4016.771937872519
forecast_0624,2025-01-27 00:00:00,3054.312733993949,2120.6379981599493,4011.641255106274
forecast_0625,2025-01-27 01:00:00,2817.8883191342898,2097.1799523071986,3958.6909774793726
forecast_0626,2025-01-27 02:00:00,2922.5756040856745,2182.8136646780617,3941.5817342957666
forecast_0627,2025-01-27 03:00:00,3232.4356174299155,2264.7721697623306,3938.7691694565333
forecast_0628,2025-01-27 04:00:00,3332.356757538067,2579.3613276442206,4062.06579922231
forecast_0629,2025-01-27 05:00:00,3515.0620824840103,3188.888924021516,4282.909951017106
forecast_0630,2025-01-27 06:00:00,3591.799622271997,3336.7001052003407,4391.360564237221
forecast_0631,2025-01-27 07:00:00,3705.556536152697,3475.5203294334815,4480.76799904227
forecast_0632,2025-01-27 08:00:00,4052.9725373707647,3920.0500633384413,4696.603542526694
forecast_0633,2025-01-27 09:00:00,4881.729867156853,4701.4901012328955,5215.422072838033
forecast_0634,2025-01-27 10:00:00,5258.440676629964,6251.257334008667,5826.273194434337
forecast_0635,2025-01-27 11:00:00,7335.493932466319,9819.550777759756,7491.933224641736
forecast_0636,2025-01-27 12:00:00,10196.14349937128,15104.696125716666,10482.621738069387
forecast_0637,2025-01-27 13:00:00,10881.433039710108,16959.780483410686,12463.642065104184
forecast_0638,2025-01-27 14:00:00,13714.4050118164,17602.2603756611,14404.464201144445
forecast_0639,2025-01-27 15:00:00,16800.25311995148,18477.407345821648,15527.161496920755
forecast_0640,2025-01-27 16:00:00,17653.425683249676,18425.81965139183,15991.926288220187
forecast_0641,2025-01-27 17:00:00,17504.48789676022,18681.405390943615,15953.758380762541
forecast_0642,2025-01-27 18:00:00,18502.840890236897,18567.87353473257,16496.8210831471
forecast_0643,2025-01-27 19:00:00,18901.316859040096,18501.834628412977,16524.901346606035
forecast_0644,2025-01-27 20:00:00,18553.605320887662,18633.497350848585,16690.976484166422
forecast_0645,2025-01-27 21:00:00,18195.792227603022,18413.92760200415,16617.6439723296
forecast_0646,2025-01-27 22:00:00,17904.59972387172,18069.799430256833,16324.674158337806
forecast_0647,2025-01-27 23:00:00,18212.945445093912,17977.6428238217,16529.55056164279
forecast_0648,2025-01-28 00:00:00,17933.98695863102,17291.42252503261,16395.980708677795
forecast_0649,2025-01-28 01:00:00,18255.483515868415,18096.322318134306,16489.863708823515
forecast_0650,2025-01-28 02:00:00,18569.94138107058,17936.703946524274,16105.025404962733
forecast_0651,2025-01-28 03:00:00,18050.263103783684,17933.21166972821,15909.183704621497
forecast_0652,2025-01-28 04:00:00,18035.11531556977,17993.170706993245,15791.286554726294
forecast_0653,2025-01-28 05:00:00,16908.87067863439,17560.9845242137,15643.359315639931
forecast_0654,2025-01-28 06:00:00,16531.09936709682,17586.026707486857,16105.119514023634
forecast_0655,2025-01-28 07:00:00,17040.644808506157,17437.968106751516,16499.211728762257
forecast_0656,2025-01-28 08:00:00,16747.078141673148,17523.866066736908,16552.761497109845
forecast_0657,2025-01-28 09:00:00,17240.902271729596,17866.603366917523,16557.890118504605
forecast_0658,2025-01-28 10:00:00,17577.52957796074,18193.731471641095,16593.537190311163
forecast_0659,2025-01-28 11:00:00,17725.678376943844,18256.35880020615,16424.011512484645
forecast_0660,2025-01-28 12:00:00,17471.772093452684,18264.31064645925,16408.98602948313
forecast_0661,2025-01-28 13:00:00,17425.969951462557,18518.852830187585,15882.784011014865
forecast_0662,2025-01-28 14:00:00,16921.07815983838,18451.03480937968,15726.180682101789
forecast_0663,2025-01-28 15:00:00,16637.707062422036,18127.440901058337,15684.189819585885
forecast_0664,2025-01-28 16:00:00,16182.962619257985,17966.645225352266,15338.014926040407
forecast_0665,2025-01-28 17:00:00,16106.352774430223,17621.988195262482,15127.545466776464
forecast_0666,2025-01-28 18:00:00,15752.40959634514,17412.620731304974,15083.816692452332
forecast_0667,2025-01-28 19:00:00,15780.832468358729,17356.710333173276,15418.921004886899
forecast_0668,2025-01-28 20:00:00,16081.63711412754,17380.051210596685,16032.873470901655
forecast_0669,2025-01-28 21:00:00,16624.335021639232,17386.558342383913,16482.99331537887
forecast_0670,2025-01-28 22:00:00,17524.234460385644,18040.887425598186,16789.698609679108
forecast_0671,2025-01-28 23:00:00,17908.088579382424,18165.687821365693,17096.600234505688
forecast_0672,2025-01-29 00:00:00,18202.121450198443,18060.207396002974,17043.105038532616
forecast_0673,2025-01-29 01:00:00,18355.250187970225,17986.879021328776,17415.073797157864
forecast_0674,2025-01-29 02:00:00,18677.197605064175,18112.327986147982,17515.48163121138
forecast_0675,2025-01-29 03:00:00,18926.6569076056,18552.806386363132,17753.815339667497
forecast_0676,2025-01-29 04:00:00,19067.17664165558,18593.980484177664,17913.463141707103
forecast_0677,2025-01-29 05:00:00,19261.51840551268,19055.81719942593,17992.91715632968
forecast_0678,2025-01-29 06:00:00,19319.920826863,19384.48483461076,18095.20837241398
forecast_0679,2025-01-29 07:00:00,19334.563159576966,19383.67208464452,18265.909939295187
forecast_0680,2025-01-29 08:00:00,19259.615619878183,19271.730819950964,18114.076285643143
forecast_0681,2025-01-29 09:00:00,19175.128374390246,19134.43272329149,17945.407772358085
forecast_0682,2025-01-29 10:00:00,19104.933907460872,18937.597486831863,17769.22962400277
forecast_0683,2025-01-29 11:00:00,19099.694051587772,18843.508857572742,17604.956072634064
forecast_0684,2025-01-29 12:00:00,18627.814144635937,18673.078804231878,16971.438958940747
forecast_0685,2025-01-29 13:00:00,18274.134051614885,18095.576130210895,16586.002629241884
forecast_0686,2025-01-29 14:00:00,18250.51940638005,18035.648751119013,16325.449401425934
forecast_0687,2025-01-29 15:00:00,17930.271402541282,17748.527418931164,15993.759525164349
forecast_0688,2025-01-29 16:00:00,17136.22418400038,17419.981143825444,15945.751992607586
forecast_0689,2025-01-29 17:00:00,16755.88485326557,17596.207310428752,15628.146534316154
forecast_0690,2025-01-29 18:00:00,16587.783554034748,18069.812407921592,15580.214783294585
forecast_0691,2025-01-29 19:00:00,16902.81975738779,18194.709558955947,15700.221179096648
forecast_0692,2025-01-29 20:00:00,16689.314828025406,18185.107547346775,15542.676013346336
forecast_0693,2025-01-29 21:00:00,16803.30873463139,18493.031774989897,15523.243752256085
forecast_0694,2025-01-29 22:00:00,16759.240393645254,18487.870212399346,15389.349411307427
forecast_0695,2025-01-29 23:00:00,16578.417099482263,18425.67251162333,15256.968369591754
forecast_0696,2025-01-30 00:00:00,16956.596320917324,18624.61686765475,15709.23430611519
forecast_0697,2025-01-30 01:00:00,17409.99521026547,19166.67950918145,15984.131294098892
forecast_0698,2025-01-30 02:00:00,17496.12819754133,19429.543529273047,16208.747161504429
forecast_0699,2025-01-30 03:00:00,17708.49324345788,19317.06725382121,16452.917844758376
forecast_0700,2025-01-30 04:00:00,17808.445220464455,19111.322377885168,16406.125372010894
forecast_0701,2025-01-30 05:00:00,17836.54537576561,18892.745492099097,16147.917995482605
forecast_0702,2025-01-30 06:00:00,17873.155417445596,18778.841135303024,16137.775457361844
forecast_0703,2025-01-30 07:00:00,18008.742281266637,18796.019250454367,16605.45270927995
forecast_0704,2025-01-30 08:00:00,18030.88945349491,18614.28107973047,16556.93221572983
forecast_0705,2025-01-30 09:00:00,17790.94095937774,18310.013076745487,16166.836557692299
forecast_0706,2025-01-30 10:00:00,17383.5848374716,17453.38386443676,15719.465751226466
forecast_0707,2025-01-30 11:00:00,16790.947821373462,16921.55876838797,14498.45560763343
forecast_0708,2025-01-30 12:00:00,16408.763542059576,16514.62773189349,13677.994685011388
forecast_0709,2025-01-30 13:00:00,16224.409620453396,15599.571445717243,12442.691626442567
forecast_0710,2025-01-30 14:00:00,15860.101917735934,15030.608869217813,11395.840732925395
forecast_0711,2025-01-30 15:00:00,15677.486614689918,15299.430994857361,11600.38956934034
forecast_0712,2025-01-30 16:00:00,15204.719855210973,15274.008576793864,11263.087218831106
forecast_0713,2025-01-30 17:00:00,14857.610681973416,15452.880229124941,12286.64528077996
forecast_0714,2025-01-30 18:00:00,14879.19259930704,15146.818443909951,14173.554838429434
forecast_0715,2025-01-30 19:00:00,15356.354865359815,15994.442848267001,14721.839286068258
forecast_0716,2025-01-30 20:00:00,15731.620746489905,16635.617057933057,14959.336799667983
forecast_0717,2025-01-30 21:00:00,15953.601240258566,16567.98634774035,15247.976933008256
forecast_0718,2025-01-30 22:00:00,16119.047236411106,17087.012374729555,15290.935630444746
forecast_0719,2025-01-30 23:00:00,16830.744405749025,17423.030261253367,14787.779639833792
forecast_0720,2025-01-31 00:00:00,17111.182563827966,17170.579272163755,14537.279201792217
forecast_0721,2025-01-31 01:00:00,16637.426087549764,15745.445559899348,13948.74910704884
forecast_0722,2025-01-31 02:00:00,16720.604614244236,15774.440966486018,13912.674251218441
forecast_0723,2025-01-31 03:00:00,16190.337970531782,15991.270133558992,13138.429548335433
forecast_0724,2025-01-31 04:00:00,15762.314159745765,15885.426119103158,12687.431373936242
forecast_0725,2025-01-31 05:00:00,15221.807774389865,15805.49874496842,12545.811551709015
forecast_0726,2025-01-31 06:00:00,15412.079394190714,16154.926840303,13138.352858698221
forecast_0727,2025-01-31 07:00:00,15915.678597762791,16402.107384772324,13476.698751558837
forecast_0728,2025-01-31 08:00:00,16286.051905769606,15647.839059113687,13260.367740198559
forecast_0729,2025-01-31 09:00:00,14671.096928794195,14684.196218789231,12811.443558843739
forecast_0730,2025-01-31 10:00:00,13080.607518927434,13567.996850352329,11491.136753586223
forecast_0731,2025-01-31 11:00:00,11355.964073588715,11275.099485872443,10632.449084589749
forecast_0732,2025-01-31 12:00:00,9820.65622608607,9868.897236693483,9401.93582645
forecast_0733,2025-01-31 13:00:00,8257.287183314678,7912.035573314239,8245.042641127418
forecast_0734,2025-01-31 14:00:00,7237.816616587439,6929.562172183187,7380.725802368503
forecast_0735,2025-01-31 15:00:00,6359.756332868382,5845.094355330887,6756.218544403464
forecast_0736,2025-01-31 16:00:00,5629.855035851517,5757.717619905976,6292.854139322805
forecast_0737,2025-01-31 17:00:00,4877.030180533284,5287.644732959365,5820.6110184179015
forecast_0738,2025-01-31 18:00:00,4829.073790694012,5091.485661415323,5630.651818190326
forecast_0739,2025-01-31 19:00:00,5247.359204473453,5466.068100477125,5935.979387686317
forecast_0740,2025-01-31 20:00:00,5867.7700408034125,6552.269265200992,6094.1417756802375
forecast_0741,2025-01-31 21:00:00,6040.4440233056675,8165.22287881603,6196.549187089846
forecast_0742,2025-01-31 22:00:00,5961.029692514052,6826.125240497015,6353.240412221021
forecast_0743,2025-01-31 23:00:00,6132.611845527882,8038.230444810024,6692.862733299546
forecast_0744,2025-02-01 00:00:00,6052.317122461838,9043.152486125988,6495.692968357753
forecast_0745,2025-02-01 01:00:00,5493.426394025031,7061.058714840916,6295.116071202923
forecast_0746,2025-02-01 02:00:00,4889.223623255551,6798.341418645202,5981.8696705002385
forecast_0747,2025-02-01 03:00:00,4404.604141246842,5251.122083574213,5393.992378792749
forecast_0748,2025-02-01 04:00:00,4048.4108139025084,4195.9904200365445,4726.516153558096
forecast_0749,2025-02-01 05:00:00,3663.09561799893,3429.111623860962,4470.578489993165
forecast_0750,2025-02-01 06:00:00,3087.6163424656406,2791.4058510095892,4160.621481596906
forecast_0751,2025-02-01 07:00:00,2615.6933360950065,2137.17221818763,3940.6840093574037
forecast_0752,2025-02-01 08:00:00,2456.1926816388113,1846.7387393027602,3855.7613887358675
forecast_0753,2025-02-01 09:00:00,2401.8572719056624,1827.369119284465,3678.5023549635366
forecast_0754,2025-02-01 10:00:00,2277.1256426354107,1806.9602279891785,3582.9170283562503
forecast_0755,2025-02-01 11:00:00,1927.6629986028697,1750.234970930928,3494.0913127731183
forecast_0756,2025-02-01 12:00:00,1640.552229456475,2095.0282658483998,3461.99180114416
forecast_0757,2025-02-01 13:00:00,1700.383936336777,1910.1804211448525,3558.618439714557
forecast_0758,2025-02-01 14:00:00,1932.7203272901356,1709.1101862077082,3672.832795183307
forecast_0759,2025-02-01 15:00:00,2083.0952462849928,1603.9153733903954,3759.475353448808
forecast_0760,2025-02-01 16:00:00,2285.013092599497,1662.927048178673,3840.194835870683
forecast_0761,2025-02-01 17:00:00,2305.5107421875,1683.4500031920647,3859.372326105058
forecast_0762,2025-02-01 18:00:00,2361.0988739904724,1691.9599605810836,3840.110363214433
forecast_0763,2025-02-01 19:00:00,2395.1972699222856,1747.3971382287448,3884.607723669698
forecast_0764,2025-02-01 20:00:00,2408.234411647646,1739.1294351490938,3905.7305568826155
forecast_0765,2025-02-01 21:00:00,2360.688446962588,1689.8326111184488,3898.122814386308
forecast_0766,2025-02-01 22:00:00,2458.1046828441013,1765.5975494668714,3873.654663500843
forecast_0767,2025-02-01 23:00:00,2531.2686063693172,1749.7274663242745,3807.651106422019
forecast_0768,2025-02-02 00:00:00,2642.5454451786172,1887.2942297407517,3831.3527116109303
forecast_0769,2025-02-02 01:00:00,2476.317431138064,2045.1771240234375,3972.2688175157455
forecast_0770,2025-02-02 02:00:00,2484.3205733728237,2011.937255859375,3919.5706768022405
forecast_0771,2025-02-02 03:00:00,2504.8511217968653,2019.6092248522334,3945.4919207897524
forecast_0772,2025-02-02 04:00:00,2586.4507471601883,1924.4178331654816,3882.185697223278
forecast_0773,2025-02-02 05:00:00,2689.9775978829607,1945.0147865513084,3811.50860604714
forecast_0774,2025-02-02 06:00:00,2658.360358915391,2062.0549181156616,3744.375549406515
forecast_0775,2025-02-02 07:00:00,2809.487109913645,2132.0457691904285,3829.5591704885787
forecast_0776,2025-02-02 08:00:00,2632.918717103716,1930.6817831532385,3767.054719011432
forecast_0777,2025-02-02 09:00:00,2652.7559049518086,2227.1744805186904,3770.969804076072
forecast_0778,2025-02-02 10:00:00,2487.289351257812,2165.0428962142005,3690.0769713749273
forecast_0779,2025-02-02 11:00:00,1957.1480441757608,2058.5435627888146,3563.9235770089617
forecast_0780,2025-02-02 12:00:00,1658.7858935043073,2590.1566113253452,3438.3357492826453
forecast_0781,2025-02-02 13:00:00,1718.1031835055342,2431.0036469843744,3353.433182982322
forecast_0782,2025-02-02 14:00:00,2050.904056603519,2295.345325067261,3446.9954422911533
forecast_0783,2025-02-02 15:00:00,2299.6305017758273,2191.3109932803195,3474.5757866967924
forecast_0784,2025-02-02 16:00:00,2584.2317545460487,2559.4140279290677,3815.72469122625
forecast_0785,2025-02-02 17:00:00,3634.099654318146,3740.0494673998487,4451.883351628244
forecast_0786,2025-02-02 18:00:00,4725.998441281991,4768.571282768949,5641.976342966912
forecast_0787,2025-02-02 19:00:00,5704.029843015072,6592.915461803403,7254.059687705115
forecast_0788,2025-02-02 20:00:00,6782.805719587146,7237.079826923102,8439.01451871068
forecast_0789,2025-02-02 21:00:00,7717.155986356421,7766.9130948485545,8774.736437832615
forecast_0790,2025-02-02 22:00:00,10292.106819254392,10764.565162882762,10080.706096159656
forecast_0791,2025-02-02 23:00:00,12375.384565495093,14203.64396470266,12198.466691014428
forecast_0792,2025-02-03 00:00:00,14158.946566873925,17398.669421445768,12823.421396958212
forecast_0793,2025-02-03 01:00:00,15320.282938206745,17663.58855101806,14233.99884095633
forecast_0794,2025-02-03 02:00:00,15779.730505335812,18035.629910004798,15506.31528183302
forecast_0795,2025-02-03 03:00:00,15625.800955327422,18284.26752277735,15689.849029637053
forecast_0796,2025-02-03 04:00:00,15401.420173345792,17649.523294809635,15895.583111664495
forecast_0797,2025-02-03 05:00:00,14453.10263768225,16978.629714140716,16095.36327687793
forecast_0798,2025-02-03 06:00:00,14656.715986580846,16448.23488177714,15694.355367119637
forecast_0799,2025-02-03 07:00:00,15272.88001474156,16631.123171029096,15604.538290403965
forecast_0800,2025-02-03 08:00:00,15665.272582914433,16415.439828165796,15743.776428414054
forecast_0801,2025-02-03 09:00:00,15341.912830661488,17087.91591768682,15674.307549509385
forecast_0802,2025-02-03 10:00:00,14778.241854347176,17854.165398717916,14300.682282736801
forecast_0803,2025-02-03 11:00:00,14607.363576947935,17818.347633208796,13968.722335517523
forecast_0804,2025-02-03 12:00:00,14416.709928956821,17147.866615282343,13945.910890872357
forecast_0805,2025-02-03 13:00:00,14142.368526528466,16749.96525662012,13369.675085733223
forecast_0806,2025-02-03 14:00:00,14074.969356218297,16021.98405953776,12478.704747511601
forecast_0807,2025-02-03 15:00:00,14112.506049389367,16222.211834593134,12200.15775081629
forecast_0808,2025-02-03 16:00:00,14284.950671216287,16876.262711956457,12970.416909135096
forecast_0809,2025-02-03 17:00:00,14317.944533878817,17232.588180817518,14054.196449527706
forecast_0810,2025-02-03 18:00:00,14642.948273807919,17423.40164284462,15055.464671732832
forecast_0811,2025-02-03 19:00:00,14848.32492159761,18056.795154431427,15778.208357771953
forecast_0812,2025-02-03 20:00:00,15037.705422825518,17795.62092773456,16286.604057126533
forecast_0813,2025-02-03 21:00:00,15325.478624923468,17973.57622679971,16333.298581308483
forecast_0814,2025-02-03 22:00:00,15277.386006325232,18054.359739324736,16501.64651003547
forecast_0815,2025-02-03 23:00:00,15537.537341741248,18362.691011944262,16515.68890462257
forecast_0816,2025-02-04 00:00:00,15436.686122414936,18230.764128147443,16608.37476525519
forecast_0817,2025-02-04 01:00:00,15667.462936273161,18718.03857077439,16430.503033796966
forecast_0818,2025-02-04 02:00:00,15462.204282547478,18463.316698559764,16436.1544328433
forecast_0819,2025-02-04 03:00:00,15640.370124682242,18343.32186684339,16203.001389485911
forecast_0820,2025-02-04 04:00:00,15371.41060014873,18779.301043786792,16028.660591203665
forecast_0821,2025-02-04 05:00:00,15628.01709778253,19081.34503423563,16054.100262859789
forecast_0822,2025-02-04 06:00:00,15930.406288377557,18987.419187065057,16273.480238797412
forecast_0823,2025-02-04 07:00:00,16035.272047867882,19251.913181457392,16456.40323063182
forecast_0824,2025-02-04 08:00:00,15236.179425459697,19175.83392530246,16384.77313506383
forecast_0825,2025-02-04 09:00:00,15207.87262097959,18939.874817984863,16339.446197986075
forecast_0826,2025-02-04 10:00:00,14798.700784944362,18931.83396576447,16085.234772032862
forecast_0827,2025-02-04 11:00:00,14348.309955637127,19065.73426200943,15890.731655342443
forecast_0828,2025-02-04 12:00:00,14022.58890396621,18710.84052797816,15618.405468391444
forecast_0829,2025-02-04 13:00:00,13625.48941171612,18334.424523792826,14618.33156558266
forecast_0830,2025-02-04 14:00:00,13420.023979458963,17950.1802283916,14257.799576993326
forecast_0831,2025-02-04 15:00:00,13806.509571790706,18109.111899927797,14459.315043874696
forecast_0832,2025-02-04 16:00:00,14328.511196537276,18322.959913526563,15389.438458724591
forecast_0833,2025-02-04 17:00:00,14633.837591980611,18420.566498637578,15958.027294031623
forecast_0834,2025-02-04 18:00:00,14358.924984585574,18243.43719834434,16170.014297175108
forecast_0835,2025-02-04 19:00:00,14033.652805824164,18546.144966032123,16247.733183604265
forecast_0836,2025-02-04 20:00:00,14537.565556607282,18473.79202378424,16540.592112917926
forecast_0837,2025-02-04 21:00:00,14447.83276280175,17940.211294795365,16650.82130728756
forecast_0838,2025-02-04 22:00:00,14514.203352563683,17611.03079568461,16514.109680470083
forecast_0839,2025-02-04 23:00:00,14577.370734973354,17685.86225114257,16315.428017111972
forecast_0840,2025-02-05 00:00:00,14301.127126523836,17155.49537691077,16142.00485345324
forecast_0841,2025-02-05 01:00:00,14522.299352343609,16462.141697505063,16151.870060544452
forecast_0842,2025-02-05 02:00:00,14402.638486989086,16238.913685016048,16324.828458992235
forecast_0843,2025-02-05 03:00:00,14538.153033108454,16982.008392572156,16250.959297756726
forecast_0844,2025-02-05 04:00:00,14654.295437693807,17322.773585562954,16040.82920372867
forecast_0845,2025-02-05 05:00:00,15513.212721487973,17623.802388911554,15634.80989451967
forecast_0846,2025-02-05 06:00:00,16023.189517804709,17500.395526137636,15617.39725641275
forecast_0847,2025-02-05 07:00:00,15797.302975686036,17218.9993249502,15717.019314015315
forecast_0848,2025-02-05 08:00:00,15408.626668073692,17349.434665273024,15461.542845829528
forecast_0849,2025-02-05 09:00:00,15460.963987577434,18065.27775231502,15266.938876404376
forecast_0850,2025-02-05 10:00:00,15787.718989195295,17975.30550990087,14102.065192363258
forecast_0851,2025-02-05 11:00:00,16042.452160472994,17536.438116834972,13802.057605815113
forecast_0852,2025-02-05 12:00:00,15932.590387164262,17668.614848663346,13368.622942847565
forecast_0853,2025-02-05 13:00:00,16043.28947751187,18146.12995082842,13476.152881407277
forecast_0854,2025-02-05 14:00:00,15868.657933622826,17431.760153413397,13107.679244718576
forecast_0855,2025-02-05 15:00:00,15077.831096141323,16658.799223890714,12985.74872218231
forecast_0856,2025-02-05 16:00:00,14431.870133811592,16324.632781754237,13548.876719320393
forecast_0857,2025-02-05 17:00:00,14071.117855575205,16440.194693275233,13754.824462547616
forecast_0858,2025-02-05 18:00:00,14317.587179959835,15826.258941461743,13775.007356154434
forecast_0859,2025-02-05 19:00:00,14570.753529551504,15903.466794868207,14419.858860668031
forecast_0860,2025-02-05 20:00:00,14480.606787739925,16388.38930143665,15078.245211004703
forecast_0861,2025-02-05 21:00:00,14473.904731238323,16485.5083788769,15215.364976025965
forecast_0862,2025-02-05 22:00:00,14698.879350057738,16857.82055210237,15962.128049207497
forecast_0863,2025-02-05 23:00:00,14725.630690582064,17644.1403317641,16176.860242450204
forecast_0864,2025-02-06 00:00:00,15135.464638439425,18413.219611961882,16301.808772640921
forecast_0865,2025-02-06 01:00:00,15807.911160907828,18767.935550612397,16934.678281126726
forecast_0866,2025-02-06 02:00:00,15776.490462244594,18979.337420145013,16688.034049678048
forecast_0867,2025-02-06 03:00:00,15834.208294498107,19574.779148394035,16881.24537086802
forecast_0868,2025-02-06 04:00:00,16403.381454656832,19736.393385151387,17111.591131214678
forecast_0869,2025-02-06 05:00:00,16441.381190997658,19711.460219016233,16984.501156994695
forecast_0870,2025-02-06 06:00:00,16551.79445845654,19581.44932080488,16620.007892036596
forecast_0871,2025-02-06 07:00:00,16092.500500317128,18903.382630997636,15912.7519979611
forecast_0872,2025-02-06 08:00:00,15425.760409303863,18385.918242923,15414.99999519917
forecast_0873,2025-02-06 09:00:00,15016.988034372805,17973.291676628025,14589.658385800532
forecast_0874,2025-02-06 10:00:00,14198.27118368121,16079.40498418609,13581.139108916053
forecast_0875,2025-02-06 11:00:00,13435.633744580067,14943.142240317004,12220.394326108186
forecast_0876,2025-02-06 12:00:00,13407.335487446457,14966.134655518532,11435.36949817424
forecast_0877,2025-02-06 13:00:00,13721.921891880134,14713.225966648562,11798.513093407135
forecast_0878,2025-02-06 14:00:00,12930.789232745312,13520.628766010568,11926.50134667038
forecast_0879,2025-02-06 15:00:00,13103.382709726857,12715.26034882134,12840.36263803754
forecast_0880,2025-02-06 16:00:00,12862.556819621374,12426.806156512917,12981.646635890163
forecast_0881,2025-02-06 17:00:00,12518.613398345675,13422.201186316719,12832.839195167126
forecast_0882,2025-02-06 18:00:00,12453.044828035556,13286.360967262885,12799.793034659366
forecast_0883,2025-02-06 19:00:00,12324.85622787604,13354.347702145005,12805.707995658984
forecast_0884,2025-02-06 20:00:00,12966.68763587583,13545.349371511707,12937.328742432514
forecast_0885,2025-02-06 21:00:00,13327.36439524843,13088.305264120972,12528.779435714201
forecast_0886,2025-02-06 22:00:00,12312.977351930882,13415.650997888688,10950.805403969456
forecast_0887,2025-02-06 23:00:00,12493.276088439663,12802.700564910834,9995.920336861705
forecast_0888,2025-02-07 00:00:00,11645.295397115655,11430.057237649544,9680.765209227518
forecast_0889,2025-02-07 01:00:00,10188.707089210526,12464.448982198552,9036.15321604648
forecast_0890,2025-02-07 02:00:00,10087.103794942543,13650.518971563637,9669.625518141675
forecast_0891,2025-02-07 03:00:00,9600.932114915478,12864.034105521567,9309.415551907854
forecast_0892,2025-02-07 04:00:00,9175.042674950646,11383.850848319364,9148.18258946213
forecast_0893,2025-02-07 05:00:00,9558.899551929926,11523.57016074936,9001.617165693593
forecast_0894,2025-02-07 06:00:00,8824.327239969465,12159.348778840646,8192.66097420546
forecast_0895,2025-02-07 07:00:00,8046.518562252166,12525.307283672162,7643.844769482995
forecast_0896,2025-02-07 08:00:00,7591.8597174418155,11948.735757440018,7718.628693326007
forecast_0897,2025-02-07 09:00:00,8037.908585796289,12440.460661862588,8264.263937321626
forecast_0898,2025-02-07 10:00:00,9230.700202100295,11580.103910062884,9091.612424369392
forecast_0899,2025-02-07 11:00:00,10255.82715081891,11995.100771067717,10576.862552577568
forecast_0900,2025-02-07 12:00:00,11575.97032400882,12329.88628340849,11693.885868056248
forecast_0901,2025-02-07 13:00:00,12468.701272366987,13179.609813108356,11635.281543103296
forecast_0902,2025-02-07 14:00:00,13295.222404684748,14062.763274892255,11368.657435169094
forecast_0903,2025-02-07 15:00:00,13564.61674987949,14825.247826241946,11577.771364357915
forecast_0904,2025-02-07 16:00:00,13788.66563674862,14195.456434689491,12254.835506820467
forecast_0905,2025-02-07 17:00:00,13034.46882481231,13680.086232057703,12989.409032893796
forecast_0906,2025-02-07 18:00:00,12852.378032965587,13515.301987093357,14217.413651683677
forecast_0907,2025-02-07 19:00:00,13153.919615276449,14486.355110969986,14659.655168148398
forecast_0908,2025-02-07 20:00:00,13533.725643587415,16885.700201441243,15286.390930260965
forecast_0909,2025-02-07 21:00:00,14465.895514620912,18121.911747161204,16147.371104491313
forecast_0910,2025-02-07 22:00:00,15661.939561368066,18894.99935029806,16627.511699314295
forecast_0911,2025-02-07 23:00:00,16823.465606836144,19540.71370682822,17008.42355935429
forecast_0912,2025-02-08 00:00:00,17893.086357451106,19760.642945772415,17300.075304403108
forecast_0913,2025-02-08 01:00:00,18377.042830177106,19544.038044071945,17000.53740066873
forecast_0914,2025-02-08 02:00:00,18975.017057000718,19764.21378842441,17096.23197651922
forecast_0915,2025-02-08 03:00:00,18984.92562812283,19892.250557236224,17299.124822244903
forecast_0916,2025-02-08 04:00:00,19029.113435144543,19999.887920316185,17237.612501254822
forecast_0917,2025-02-08 05:00:00,19070.300039433416,20066.676836722258,17049.132901573892
forecast_0918,2025-02-08 06:00:00,19047.375707217565,19902.15267283819,16754.587559223386
forecast_0919,2025-02-08 07:00:00,19050.15967020966,19658.935449347544,16265.21378472335
forecast_0920,2025-02-08 08:00:00,18481.315242012468,19470.91637638565,15509.716329390702
forecast_0921,2025-02-08 09:00:00,16974.120411368458,18505.499358556364,14183.479650913094
forecast_0922,2025-02-08 10:00:00,14510.821051301384,15510.600557316691,12548.833127225744
forecast_0923,2025-02-08 11:00:00,10584.999647885084,13134.25967820031,11018.20922558722
forecast_0924,2025-02-08 12:00:00,9134.59488654015,10100.851133960223,10237.959519581094
forecast_0925,2025-02-08 13:00:00,7816.503521359402,7691.031222635273,9121.114947498903
forecast_0926,2025-02-08 14:00:00,6968.410065668084,5832.959088203478,7840.777152192328
forecast_0927,2025-02-08 15:00:00,6607.02649768492,5555.919938149545,7434.426040241424
forecast_0928,2025-02-08 16:00:00,6787.021912612074,5219.521973684332,7511.9895403785795
forecast_0929,2025-02-08 17:00:00,7413.308176077699,5512.431230493109,7959.802252682194
forecast_0930,2025-02-08 18:00:00,7951.160943327855,8065.104671767021,9412.257403928103
forecast_0931,2025-02-08 19:00:00,10095.598285993225,11065.182896001774,11105.638017925854
forecast_0932,2025-02-08 20:00:00,12686.611262433516,14208.139099215992,11857.606438247181
forecast_0933,2025-02-08 21:00:00,15603.561818740087,16422.4610343476,13354.84451924004
forecast_0934,2025-02-08 22:00:00,17875.52610630137,17955.735586608585,14296.500049649192
forecast_0935,2025-02-08 23:00:00,18747.404329049343,18369.667351770495,14611.070130269438
forecast_0936,2025-02-09 00:00:00,19279.76991044218,18836.917382413292,15364.776380497191
forecast_0937,2025-02-09 01:00:00,19420.773872417893,18861.36600191481,15324.167361383294
forecast_0938,2025-02-09 02:00:00,19652.365971411462,19147.008474941515,15807.526084981166
forecast_0939,2025-02-09 03:00:00,19809.63642244347,19342.823366778925,16077.883740127469
forecast_0940,2025-02-09 04:00:00,19705.384688475162,19517.821929041485,16233.593134275747
forecast_0941,2025-02-09 05:00:00,19727.27352736143,19878.07502494346,16459.721611485027
forecast_0942,2025-02-09 06:00:00,19629.012367591247,19920.988569353278,16553.087127333754
forecast_0943,2025-02-09 07:00:00,19503.902941222157,19675.951205167126,16183.90589129995
forecast_0944,2025-02-09 08:00:00,19175.554032761334,19448.31509192694,15581.751137009476
forecast_0945,2025-02-09 09:00:00,18419.653394286473,19120.482999813437,14562.50070589617
forecast_0946,2025-02-09 10:00:00,15567.174976883955,17664.675725389367,12745.486100092283
forecast_0947,2025-02-09 11:00:00,12922.308043879337,15291.288978496756,11934.052573940095
forecast_0948,2025-02-09 12:00:00,11230.616606789212,12882.853943296635,10173.60371528695
forecast_0949,2025-02-09 13:00:00,10556.652580556782,11057.053759705203,9268.06239489814
forecast_0950,2025-02-09 14:00:00,9928.77544426216,10015.978763773548,9367.977006771334
forecast_0951,2025-02-09 15:00:00,9717.385456566764,9451.730383638509,9605.69374389165
forecast_0952,2025-02-09 16:00:00,10247.7217075412,8847.67390604915,10381.63776893883
forecast_0953,2025-02-09 17:00:00,11529.044248840832,10309.247930397412,11421.90068723232
forecast_0954,2025-02-09 18:00:00,12695.984021883185,11817.853174074904,12542.643089789708
forecast_0955,2025-02-09 19:00:00,13801.893869532892,13677.430906527574,13320.189780586874
forecast_0956,2025-02-09 20:00:00,14705.39335533937,14900.139036028306,14176.5663715252
forecast_0957,2025-02-09 21:00:00,15126.388847291964,16238.028523883557,14501.222779902011
forecast_0958,2025-02-09 22:00:00,15760.738613561498,17474.079297040986,14879.979540046868
forecast_0959,2025-02-09 23:00:00,16553.955406004137,18278.631065351994,15391.135199370961
forecast_0960,2025-02-10 00:00:00,17364.144028159368,18940.982885795278,15789.99000370791
forecast_0961,2025-02-10 01:00:00,17423.559264554933,19078.265454368513,15730.25658289357
forecast_0962,2025-02-10 02:00:00,17791.660345421085,19514.669396951143,16058.277385866246
forecast_0963,2025-02-10 03:00:00,18249.613324840655,19965.90977991616,16413.407757493427
forecast_0964,2025-02-10 04:00:00,18337.644554277955,20088.057492759548,16604.036744334542
forecast_0965,2025-02-10 05:00:00,18283.684874856717,20181.706650513304,17327.871956857452
forecast_0966,2025-02-10 06:00:00,18100.965458063918,20317.273350955507,17477.624330824037
forecast_0967,2025-02-10 07:00:00,18059.607060472805,20477.221483946923,17405.226947417414
forecast_0968,2025-02-10 08:00:00,18148.45669685777,20491.622822814825,17047.38780005872
forecast_0969,2025-02-10 09:00:00,17602.489815489243,20495.1328864526,16495.664678951525
forecast_0970,2025-02-10 10:00:00,15705.448668765608,19806.396619993153,15501.96909364643
forecast_0971,2025-02-10 11:00:00,15041.248575199781,18432.33221906456,14176.762721433663
forecast_0972,2025-02-10 12:00:00,13820.126155921555,16346.922931949317,13026.818747645048
forecast_0973,2025-02-10 13:00:00,12799.738764628835,14400.206489300235,12067.976793706046
forecast_0974,2025-02-10 14:00:00,12263.778413911305,12930.316195332742,10712.381937861554
forecast_0975,2025-02-10 15:00:00,12159.69024103163,12576.650047906478,10888.091861324003
forecast_0976,2025-02-10 16:00:00,12266.417424536614,12991.57114976435,11079.114570132075
forecast_0977,2025-02-10 17:00:00,11862.904942618075,12537.436031743857,10474.368919196004
forecast_0978,2025-02-10 18:00:00,10935.580664802535,11257.689616295676,10942.385145213593
forecast_0979,2025-02-10 19:00:00,11071.160567327712,11478.595443580944,11178.722018188359
forecast_0980,2025-02-10 20:00:00,10385.317689210799,11062.852271852062,10915.79101533574
forecast_0981,2025-02-10 21:00:00,9745.804732634013,11682.897689987116,10648.120690199316
forecast_0982,2025-02-10 22:00:00,9421.624712905703,12168.28946855088,10759.599777628424
forecast_0983,2025-02-10 23:00:00,9341.333903483122,12142.689502879866,10641.152313280003
forecast_0984,2025-02-11 00:00:00,9539.138109842,12048.729537639567,10731.130108263693
forecast_0985,2025-02-11 01:00:00,9167.186925856842,10710.216953274718,10801.979570352474
forecast_0986,2025-02-11 02:00:00,9307.291625699734,10965.290340167043,10558.485333691884
forecast_0987,2025-02-11 03:00:00,9707.441582221596,10881.125727193355,10344.484379629972
forecast_0988,2025-02-11 04:00:00,9771.14923295789,10975.292549258278,10517.316808279109
forecast_0989,2025-02-11 05:00:00,9670.184461617091,11210.352213349863,9889.073978772627
forecast_0990,2025-02-11 06:00:00,9915.169582944245,10406.2331159963,9195.185307901862
forecast_0991,2025-02-11 07:00:00,9689.124905984649,9345.797526410526,8858.180168105888
forecast_0992,2025-02-11 08:00:00,8732.685545574857,7810.59883200725,8297.937223463665
forecast_0993,2025-02-11 09:00:00,8259.075860710222,5808.697810140466,7224.064567424369
forecast_0994,2025-02-11 10:00:00,6157.1352165163225,4420.299208456748,6323.682333793979
forecast_0995,2025-02-11 11:00:00,4638.557930738785,3432.530421342016,5613.201907885966
forecast_0996,2025-02-11 12:00:00,3618.5590177628883,2966.5092726691632,5195.1868387468585
forecast_0997,2025-02-11 13:00:00,3032.4857134366166,2396.772241923419,5083.800153197445
forecast_0998,2025-02-11 14:00:00,2910.6351523588173,2171.495539586422,4941.890400161147
forecast_0999,2025-02-11 15:00:00,2864.9885548860193,2260.1888206600993,4623.436973985648
forecast_1000,2025-02-11 16:00:00,3069.5140644515523,2491.97134613142,4736.59008093268
forecast_1001,2025-02-11 17:00:00,3689.992917031928,3217.865165763943,4846.203892660087
forecast_1002,2025-02-11 18:00:00,4755.983665811913,4066.7565171882643,5890.805509069183
forecast_1003,2025-02-11 19:00:00,6778.802120600414,5285.443082227581,7148.154375600825
forecast_1004,2025-02-11 20:00:00,10069.864285105305,9051.197788472724,8359.327647651
forecast_1005,2025-02-11 21:00:00,12832.50564641732,11230.149306260766,8993.53535604796
forecast_1006,2025-02-11 22:00:00,14354.94278683373,13691.971038267973,9136.962155428744
forecast_1007,2025-02-11 23:00:00,16539.56707893274,15614.212364665409,10626.984203453267
forecast_1008,2025-02-12 00:00:00,17403.025118219804,16552.18217208537,11990.561045858289
forecast_1009,2025-02-12 01:00:00,17818.986297126266,17844.525519936848,10837.329456018206
forecast_1010,2025-02-12 02:00:00,17845.616246819067,17045.04008042034,11615.678530264948
forecast_1011,2025-02-12 03:00:00,17761.418286253604,17417.7788987804,11494.206407394537
forecast_1012,2025-02-12 04:00:00,18140.843954563567,17387.03245891486,12281.297314959433
forecast_1013,2025-02-12 05:00:00,16691.349579519,16057.31354590533,11278.558880685385
forecast_1014,2025-02-12 06:00:00,13187.174707657501,13580.728195953448,9414.462622005063
forecast_1015,2025-02-12 07:00:00,9702.326631551021,9911.781568239423,8349.335631555994
forecast_1016,2025-02-12 08:00:00,9065.384327118862,11194.304747243426,7842.416267436783
forecast_1017,2025-02-12 09:00:00,8450.161849728274,13210.858188561457,7760.5114150935015
forecast_1018,2025-02-12 10:00:00,7832.332429933876,12591.597044393427,9258.519755690595
forecast_1019,2025-02-12 11:00:00,8778.287424858618,13633.7210704389,10771.80570749922
forecast_1020,2025-02-12 12:00:00,9287.042124773192,14268.799000926116,11682.498232498834
forecast_1021,2025-02-12 13:00:00,11481.870575045887,16212.864523106147,12757.735159159602
forecast_1022,2025-02-12 14:00:00,13744.43157147062,18077.531443357297,14334.019668512154
forecast_1023,2025-02-12 15:00:00,14909.235899499647,19474.579691874238,15069.325674680358
forecast_1024,2025-02-12 16:00:00,15333.013149864239,18959.938273675903,15214.883018035638
forecast_1025,2025-02-12 17:00:00,16605.61311153281,18747.2805620081,15408.594765739012
forecast_1026,2025-02-12 18:00:00,17510.84656349377,18659.6346037344,15921.416295196377
forecast_1027,2025-02-12 19:00:00,17922.23667797271,18926.751763507327,15563.562911744753
forecast_1028,2025-02-12 20:00:00,17910.684415666146,18257.684521583105,15019.465061647645
forecast_1029,2025-02-12 21:00:00,17161.69843721927,16503.274714393254,14625.444337368783
forecast_1030,2025-02-12 22:00:00,16323.785425256005,16293.13691691837,14136.60727008593
forecast_1031,2025-02-12 23:00:00,14692.419360850145,15650.885053486365,13283.72102802945
forecast_1032,2025-02-13 00:00:00,14236.439506260007,14835.359655489876,12723.815862838226
forecast_1033,2025-02-13 01:00:00,12393.939200142568,13570.039154068541,10990.015858175793
forecast_1034,2025-02-13 02:00:00,12439.785774788923,14289.312049896505,11622.313080138065
forecast_1035,2025-02-13 03:00:00,12460.571812955977,13182.751114836432,11758.008217361565
forecast_1036,2025-02-13 04:00:00,12364.549754088888,12821.087612754047,11598.766270203589
forecast_1037,2025-02-13 05:00:00,12950.886001135817,13829.644333574191,12686.074153790762
forecast_1038,2025-02-13 06:00:00,13825.924179710215,15596.918841872106,13694.598497916846
forecast_1039,2025-02-13 07:00:00,14929.62612616711,16768.689329445617,14595.702480339049
forecast_1040,2025-02-13 08:00:00,14938.678955253963,17680.952542542076,15118.468959065774
forecast_1041,2025-02-13 09:00:00,15089.945393271913,18532.116601982532,14960.61151030932
forecast_1042,2025-02-13 10:00:00,14529.070222375121,17783.656866523925,14625.115814401106
forecast_1043,2025-02-13 11:00:00,13961.5377257884,16426.243868592224,14246.648317002235
forecast_1044,2025-02-13 12:00:00,13871.771373591164,15750.487295648076,13806.729388458536
forecast_1045,2025-02-13 13:00:00,14045.612317623614,16566.43665171537,14197.001748731647
forecast_1046,2025-02-13 14:00:00,14506.208352418133,17700.99189373579,14513.405809301108
forecast_1047,2025-02-13 15:00:00,15306.755600505305,18467.197587652674,15284.386355586124
forecast_1048,2025-02-13 16:00:00,15607.329192915084,19210.469313416288,16091.160423067944
forecast_1049,2025-02-13 17:00:00,16144.538703116777,19329.354566262184,16494.70325926676
forecast_1050,2025-02-13 18:00:00,16665.48757276602,19652.596636839702,17423.965940145055
forecast_1051,2025-02-13 19:00:00,16883.339787307537,19456.490147702323,17779.39686815803
forecast_1052,2025-02-13 20:00:00,17505.081870250666,19322.522349878098,17981.61936967012
forecast_1053,2025-02-13 21:00:00,17960.067049883895,19447.80001935127,18203.274689564645
forecast_1054,2025-02-13 22:00:00,18314.25166203221,19446.83490661031,18344.532293398435
forecast_1055,2025-02-13 23:00:00,18432.76477624497,19496.103137140646,18395.243021786
forecast_1056,2025-02-14 00:00:00,18758.70818146261,19733.947816120843,18458.098832804815
forecast_1057,2025-02-14 01:00:00,19005.3601616422,19705.89095952274,18337.819242396094
forecast_1058,2025-02-14 02:00:00,19001.805278660315,19793.932430578046,18345.213603607117
forecast_1059,2025-02-14 03:00:00,18700.776727383345,19891.032828649208,18256.233902435
forecast_1060,2025-02-14 04:00:00,18622.89377996052,20071.968055845187,18114.4917246445
forecast_1061,2025-02-14 05:00:00,18917.032233495014,20115.86445158962,18109.707985557547
forecast_1062,2025-02-14 06:00:00,19052.698729377276,20025.518106931282,17964.46633577239
forecast_1063,2025-02-14 07:00:00,19064.25804997825,19723.9724756101,17694.265134396635
forecast_1064,2025-02-14 08:00:00,18224.92918768166,19229.336211611262,17107.298463106683
forecast_1065,2025-02-14 09:00:00,17271.77734996417,18825.87712880396,15636.144864883034
forecast_1066,2025-02-14 10:00:00,14644.389103426649,17950.950261731043,13866.292858764133
forecast_1067,2025-02-14 11:00:00,11453.345131147154,15137.385488125099,12035.508357064069
forecast_1068,2025-02-14 12:00:00,9603.10687671576,11900.145971070953,10700.62809186191
forecast_1069,2025-02-14 13:00:00,8578.968167325402,10005.364191333678,9592.295719646412
forecast_1070,2025-02-14 14:00:00,7575.934259562766,9076.69502763127,9564.851438839329
forecast_1071,2025-02-14 15:00:00,8304.309562611186,10476.886771424763,10527.751429682949
forecast_1072,2025-02-14 16:00:00,9302.402298289393,11301.408339437465,11333.17518051667
forecast_1073,2025-02-14 17:00:00,10750.127199957225,13968.649422511566,11946.234545370962
forecast_1074,2025-02-14 18:00:00,13432.385984837782,16132.68198967118,12896.805411707785
forecast_1075,2025-02-14 19:00:00,15498.281970370534,17308.03813460879,13213.326745296592
forecast_1076,2025-02-14 20:00:00,16609.071721161847,18440.59961395539,13196.798209438079
forecast_1077,2025-02-14 21:00:00,17749.132683036885,18475.163598073625,13327.183664347072
forecast_1078,2025-02-14 22:00:00,18451.577748714808,18459.254710220703,13507.073782974854
forecast_1079,2025-02-14 23:00:00,18527.31791721473,18174.595503979883,13281.332864350601
forecast_1080,2025-02-15 00:00:00,18997.557036106416,18097.13463051267,14139.24052808763
forecast_1081,2025-02-15 01:00:00,18685.12631382859,17547.24912570539,13906.090643400732
forecast_1082,2025-02-15 02:00:00,18773.735444464728,16910.27117714489,13900.017918006488
forecast_1083,2025-02-15 03:00:00,19228.392346360964,17336.1207863109,13944.15020657923
forecast_1084,2025-02-15 04:00:00,19693.557934197117,17398.035034700202,13450.678099258643
forecast_1085,2025-02-15 05:00:00,19700.687502904966,17769.64887496587,13564.182289876471
forecast_1086,2025-02-15 06:00:00,19073.243002420935,17641.620707000744,12870.125853696283
forecast_1087,2025-02-15 07:00:00,18081.96045405464,17356.211401334964,11632.023237102294
forecast_1088,2025-02-15 08:00:00,16984.379098409077,17994.004611096945,11171.504597636464
forecast_1089,2025-02-15 09:00:00,15512.546921779252,17513.845284894203,10252.919644592024
forecast_1090,2025-02-15 10:00:00,11612.860214390043,15329.3205645629,9136.006734941595
forecast_1091,2025-02-15 11:00:00,10239.07196531236,13097.925068315973,8296.477616187298
forecast_1092,2025-02-15 12:00:00,9795.265037490899,12249.280122907412,8095.580464155339
forecast_1093,2025-02-15 13:00:00,9493.762574543136,12702.230041129591,9677.48426612004
forecast_1094,2025-02-15 14:00:00,9937.32852217733,13330.987056772052,10984.894974579796
forecast_1095,2025-02-15 15:00:00,12260.929386827,15366.521588143461,12174.986888010459
forecast_1096,2025-02-15 16:00:00,13593.065433613647,15970.698070701417,12767.524503532262
forecast_1097,2025-02-15 17:00:00,14867.979775155909,15436.03977402547,14736.393523467685
forecast_1098,2025-02-15 18:00:00,16212.317799017754,16528.870811283625,15500.304978966018
forecast_1099,2025-02-15 19:00:00,18010.21006479712,17899.377227529534,15817.254567146745
forecast_1100,2025-02-15 20:00:00,18752.59614749786,18830.5464304133,16316.391876211423
forecast_1101,2025-02-15 21:00:00,19018.33281451005,19441.366793493384,16102.821966825883
forecast_1102,2025-02-15 22:00:00,19103.957811084205,19428.805609357503,16069.340578388863
forecast_1103,2025-02-15 23:00:00,18812.55296406213,19316.753218397433,15848.855612313495
forecast_1104,2025-02-16 00:00:00,18750.25054103651,19458.149627934938,16375.464040275114
forecast_1105,2025-02-16 01:00:00,18974.221090107036,19665.17146562647,16163.694500880127
forecast_1106,2025-02-16 02:00:00,18759.035906474768,19433.92745870321,15821.515361243168
forecast_1107,2025-02-16 03:00:00,18308.814298656132,19293.24300731245,15456.138455294053
forecast_1108,2025-02-16 04:00:00,17659.307362078453,18994.995934612212,14972.781349285955
forecast_1109,2025-02-16 05:00:00,16612.741490883982,18871.287405006256,14034.294137101773
forecast_1110,2025-02-16 06:00:00,16239.023288672874,18682.65972370513,12976.418810148807
forecast_1111,2025-02-16 07:00:00,14810.767614456901,17887.472700482627,12137.323157522977
forecast_1112,2025-02-16 08:00:00,13456.535504402591,16426.687786581857,11033.062743702347
forecast_1113,2025-02-16 09:00:00,11818.628522618643,15567.281572443299,10616.977294205242
forecast_1114,2025-02-16 10:00:00,8530.052985417587,14001.078718271867,9500.97370055213
forecast_1115,2025-02-16 11:00:00,7480.669128064497,13027.44936223668,9074.046392194701
forecast_1116,2025-02-16 12:00:00,7525.496553409479,12327.759338568114,9823.761024970412
forecast_1117,2025-02-16 13:00:00,9117.36711003092,11350.240534113454,10226.167097470905
forecast_1118,2025-02-16 14:00:00,10549.201076277845,12728.834736145129,11226.008129186393
forecast_1119,2025-02-16 15:00:00,11698.291116747661,14784.26444128637,12041.850819505033
forecast_1120,2025-02-16 16:00:00,13970.704127784222,15615.855528633969,13222.133276997742
forecast_1121,2025-02-16 17:00:00,15147.257329204604,16921.701831322425,14325.948696870508
forecast_1122,2025-02-16 18:00:00,16305.038769071385,17980.269211030965,15256.964732253962
forecast_1123,2025-02-16 19:00:00,16520.578076167505,17862.031660061308,15161.005858738601
forecast_1124,2025-02-16 20:00:00,16654.979931728136,17822.29414359272,15065.134000683727
forecast_1125,2025-02-16 21:00:00,16630.257383303797,18176.542037193773,15219.597480831013
forecast_1126,2025-02-16 22:00:00,16644.12481651198,17956.872619829133,14058.480618953276
forecast_1127,2025-02-16 23:00:00,16113.068360926609,17687.065527817333,14115.155547738466
forecast_1128,2025-02-17 00:00:00,15554.208402846081,17091.027279108515,12733.281945912293
forecast_1129,2025-02-17 01:00:00,14992.642836999989,15249.528176439402,11431.289537660952
forecast_1130,2025-02-17 02:00:00,14171.90753855065,13293.82528834058,10964.753405755939
forecast_1131,2025-02-17 03:00:00,13504.310718636596,12506.667081282438,10730.424390164122
forecast_1132,2025-02-17 04:00:00,13049.887220104818,11381.31760902358,11312.891415656852
forecast_1133,2025-02-17 05:00:00,12441.884923156154,10023.637798573007,10979.537278415435
forecast_1134,2025-02-17 06:00:00,12131.541651581243,10900.675523196905,10909.004128841756
forecast_1135,2025-02-17 07:00:00,12288.930518062582,10993.299515725248,10739.577491865126
forecast_1136,2025-02-17 08:00:00,12755.43487359869,12087.971286377937,10778.119826564602
forecast_1137,2025-02-17 09:00:00,13036.770646712332,13503.763780305599,10987.969489332489
forecast_1138,2025-02-17 10:00:00,12896.739618150106,13163.385298888581,10615.054923531581
forecast_1139,2025-02-17 11:00:00,13066.556974425746,12492.768038948827,9986.456601274069
forecast_1140,2025-02-17 12:00:00,12871.95119849485,12136.499429991445,9457.36834370282
forecast_1141,2025-02-17 13:00:00,12623.211648822784,12325.743609466126,8726.778538832586
forecast_1142,2025-02-17 14:00:00,11967.29358583656,12243.547019048508,7909.242208859495
forecast_1143,2025-02-17 15:00:00,11386.738613713209,11965.434836112541,7496.409232844926
forecast_1144,2025-02-17 16:00:00,10546.479471741523,11020.247548402174,7297.856377318224
forecast_1145,2025-02-17 17:00:00,9647.238136957763,9411.465447148876,7204.383964661734
forecast_1146,2025-02-17 18:00:00,9169.056550666723,8251.817009771556,6975.541085880227
forecast_1147,2025-02-17 19:00:00,8847.467025333608,6883.93646266372,6963.886934845043
forecast_1148,2025-02-17 20:00:00,8269.245488312503,6492.168907018389,6851.723029246705
forecast_1149,2025-02-17 21:00:00,7985.537452122955,6567.234782023261,6826.09284150255
forecast_1150,2025-02-17 22:00:00,8058.864555435729,7014.590523617097,7050.192508362601
forecast_1151,2025-02-17 23:00:00,8413.603160669005,7947.228367315083,7716.736525453593
forecast_1152,2025-02-18 00:00:00,9177.376593025434,8735.621893333982,8242.568394188853
forecast_1153,2025-02-18 01:00:00,9352.057140467216,9001.293642516599,8784.74272733762
forecast_1154,2025-02-18 02:00:00,10295.819686490537,8798.61936067921,9986.25446329256
forecast_1155,2025-02-18 03:00:00,10862.677937851298,9489.25147715544,10780.184902981684
forecast_1156,2025-02-18 04:00:00,11005.556079716762,10011.596723066505,11503.283648386008
forecast_1157,2025-02-18 05:00:00,11133.389265981146,10873.983050375547,12266.88999005598
forecast_1158,2025-02-18 06:00:00,11230.007769004798,11962.523000157227,12631.963085801162
forecast_1159,2025-02-18 07:00:00,11146.902436379598,13152.872410500491,12881.70856552506
forecast_1160,2025-02-18 08:00:00,11032.768375142434,13503.953393887148,12693.211513708657
forecast_1161,2025-02-18 09:00:00,11435.1005565604,12505.541819179412,11853.675304758484
forecast_1162,2025-02-18 10:00:00,11156.81203618585,11438.648439138731,10722.59781678293
forecast_1163,2025-02-18 11:00:00,11471.364848341043,11581.800373448474,10582.513680204394
forecast_1164,2025-02-18 12:00:00,11954.168556994611,11565.202478037283,10141.969139684054
forecast_1165,2025-02-18 13:00:00,12212.55461005475,11543.577485207703,9961.156350936548
forecast_1166,2025-02-18 14:00:00,12750.161008769894,11656.034179962424,9882.22409288352
forecast_1167,2025-02-18 15:00:00,12661.721266443285,10945.618838388646,9498.19931319666
forecast_1168,2025-02-18 16:00:00,12300.979695656853,9820.718609776473,9042.645546328971
forecast_1169,2025-02-18 17:00:00,12177.588885844323,8669.1904300546,9192.278711362062
forecast_1170,2025-02-18 18:00:00,11749.089183706146,9038.829410736731,9208.250311569089
forecast_1171,2025-02-18 19:00:00,11450.881484251811,9652.935303386754,10151.858069838201
forecast_1172,2025-02-18 20:00:00,10826.859428682585,10728.767222200415,10253.052611721334
forecast_1173,2025-02-18 21:00:00,10167.78557363813,12357.70704084104,9769.975114105502
forecast_1174,2025-02-18 22:00:00,9830.359562130521,14107.697658012245,9576.369144499804
forecast_1175,2025-02-18 23:00:00,9978.99201933858,14764.366891830243,10207.074971372951
forecast_1176,2025-02-19 00:00:00,10525.754510908426,14304.422592837976,10880.222399839045
forecast_1177,2025-02-19 01:00:00,9984.13738751897,14689.119114428591,10039.839428077436
forecast_1178,2025-02-19 02:00:00,10794.927313996443,15060.603912260414,10963.38653949514
forecast_1179,2025-02-19 03:00:00,10918.182240730192,15667.114267024874,11935.651932141323
forecast_1180,2025-02-19 04:00:00,11045.594072507458,16008.666445434828,12094.708582758696
forecast_1181,2025-02-19 05:00:00,11177.103854537707,16408.744572442418,12290.893510630538
forecast_1182,2025-02-19 06:00:00,11006.21089355546,16573.622112599078,12315.700126528252
forecast_1183,2025-02-19 07:00:00,11084.548931020327,17250.405934722603,12585.936719395468
forecast_1184,2025-02-19 08:00:00,11189.637403907247,17309.64501667159,12383.099737738106
forecast_1185,2025-02-19 09:00:00,10451.713907920068,15387.644320045474,10571.137455120715
forecast_1186,2025-02-19 10:00:00,9006.904245251157,10858.708074884205,9543.999905627845
forecast_1187,2025-02-19 11:00:00,8089.225663751269,6883.396167819291,8989.15768651923
forecast_1188,2025-02-19 12:00:00,7576.387170981492,5862.18020043632,7986.269954038969
forecast_1189,2025-02-19 13:00:00,7141.594927732689,5722.2770983688515,7104.81947289134
forecast_1190,2025-02-19 14:00:00,7211.965982406557,5618.910668856273,6942.17588543128
forecast_1191,2025-02-19 15:00:00,7167.326531134118,5565.078665965818,6846.382314228279
forecast_1192,2025-02-19 16:00:00,7191.948224623664,5359.142716711508,6803.572486038096
forecast_1193,2025-02-19 17:00:00,7206.004957542274,5311.16302112889,7096.553647341338
forecast_1194,2025-02-19 18:00:00,7336.041879202796,5297.866247929534,7474.886299880379
forecast_1195,2025-02-19 19:00:00,7322.114747357136,5585.957033923811,7725.830713586654
forecast_1196,2025-02-19 20:00:00,7425.99144964465,6036.10048475378,8107.11727103144
forecast_1197,2025-02-19 21:00:00,7505.7172439655515,8398.83710639405,8488.538674264732
forecast_1198,2025-02-19 22:00:00,7987.501899373621,11608.050647849286,8726.868434010283
forecast_1199,2025-02-19 23:00:00,8612.221083078435,13566.642757649792,8902.340452758304
forecast_1200,2025-02-20 00:00:00,9711.305255692121,13893.844823793435,9146.794677919443
forecast_1201,2025-02-20 01:00:00,9378.681453010036,13602.039585867464,8484.795628221586
forecast_1202,2025-02-20 02:00:00,9047.874453267303,13124.926592258347,8646.434225163466
forecast_1203,2025-02-20 03:00:00,9002.470595625258,13236.93708515926,8953.606973412177
forecast_1204,2025-02-20 04:00:00,9114.322979251658,13450.446390614927,9503.164509897904
forecast_1205,2025-02-20 05:00:00,9415.330115188313,14314.60450792707,10243.452956136238
forecast_1206,2025-02-20 06:00:00,9859.65185384982,15384.53160100718,11111.121269061749
forecast_1207,2025-02-20 07:00:00,10864.693136524995,16078.033425169528,11812.281915693211
forecast_1208,2025-02-20 08:00:00,11785.041187090836,17112.53260396987,11801.610073446693
forecast_1209,2025-02-20 09:00:00,11268.552570475558,17116.647147976943,10607.285982968642
forecast_1210,2025-02-20 10:00:00,10165.980984397203,14200.473981195784,10104.220356681175
forecast_1211,2025-02-20 11:00:00,9833.62453456801,10260.394566366764,9818.029144555334
forecast_1212,2025-02-20 12:00:00,9393.780836915601,8987.982366811477,10142.036735984999
forecast_1213,2025-02-20 13:00:00,9401.201031446879,9016.524967161575,9420.913363332247
forecast_1214,2025-02-20 14:00:00,9837.20898188412,8700.625454381592,9360.889871727619
forecast_1215,2025-02-20 15:00:00,9807.860059240345,8832.658000227562,8971.652666789661
forecast_1216,2025-02-20 16:00:00,9583.848702498224,8726.583066190553,8255.56459669676
forecast_1217,2025-02-20 17:00:00,9582.939517726643,8701.662466671674,8299.250161808655
forecast_1218,2025-02-20 18:00:00,9627.649924810801,8634.76631682301,9121.435385366476
forecast_1219,2025-02-20 19:00:00,9755.9880764358,8586.319744095545,9647.384377428907
forecast_1220,2025-02-20 20:00:00,9543.01211471381,9390.38335179311,10345.07959119513
forecast_1221,2025-02-20 21:00:00,8865.210727822547,10612.413999415458,9546.86536261132
forecast_1222,2025-02-20 22:00:00,8500.902073733549,12543.703465676492,9295.939461679116
forecast_1223,2025-02-20 23:00:00,8201.141092013808,14067.26954110661,8942.040363378112
forecast_1224,2025-02-21 00:00:00,8891.968714763074,14265.44611068393,8774.574365932986
forecast_1225,2025-02-21 01:00:00,8637.551560589243,13333.794468635602,8564.282085869976
forecast_1226,2025-02-21 02:00:00,9679.985917079635,13443.802681883322,9166.469749914215
forecast_1227,2025-02-21 03:00:00,9715.446381567686,12940.501344909295,9382.442048491886
forecast_1228,2025-02-21 04:00:00,9569.157454934732,12361.574854285822,9400.673809109605
forecast_1229,2025-02-21 05:00:00,8853.66182686771,12094.890993776015,9591.353632340319
forecast_1230,2025-02-21 06:00:00,8961.138700817875,12567.566356781203,9667.255018905302
forecast_1231,2025-02-21 07:00:00,9178.614182544046,13318.519772123202,9740.174779494328
forecast_1232,2025-02-21 08:00:00,9270.808664460668,13555.46995468793,9649.011250853553
forecast_1233,2025-02-21 09:00:00,8499.574835528514,11911.208791463652,8720.71276661463
forecast_1234,2025-02-21 10:00:00,6934.470680884502,9218.22681371258,7854.16683100457
forecast_1235,2025-02-21 11:00:00,6358.299418623821,5901.373590382933,7342.327903798034
forecast_1236,2025-02-21 12:00:00,6160.91267801392,5146.3025830939505,6801.052055915977
forecast_1237,2025-02-21 13:00:00,6501.924380163297,5033.304795629287,6685.176401491335
forecast_1238,2025-02-21 14:00:00,7019.977222113803,6306.465637600084,6763.5120995703965
forecast_1239,2025-02-21 15:00:00,7778.985285153467,6494.33999558982,6773.896198290713
forecast_1240,2025-02-21 16:00:00,8413.05937532187,6580.733996703138,6952.803642446067
forecast_1241,2025-02-21 17:00:00,8823.471669395456,6824.420134910371,7515.223105267654
forecast_1242,2025-02-21 18:00:00,9616.364265826247,7080.494047368584,8476.53676998203
forecast_1243,2025-02-21 19:00:00,10264.08356173052,7119.539920726791,9415.358938505884
forecast_1244,2025-02-21 20:00:00,10740.447665875687,7691.826773571065,10047.034836483504
forecast_1245,2025-02-21 21:00:00,10908.43343186821,8511.591379666868,10116.80837600555
forecast_1246,2025-02-21 22:00:00,10760.66117167861,9141.990318965441,11178.846622569265
forecast_1247,2025-02-21 23:00:00,10775.099783262263,9492.615794728736,11560.556530016016
forecast_1248,2025-02-22 00:00:00,11946.833013239087,10822.404276459003,11579.714689389033
forecast_1249,2025-02-22 01:00:00,13864.464134435657,11661.598452891445,11740.156138589753
forecast_1250,2025-02-22 02:00:00,14489.902708466601,11821.482188180365,12232.404374487305
forecast_1251,2025-02-22 03:00:00,14600.099211148976,12991.582922749527,13253.147234123266
forecast_1252,2025-02-22 04:00:00,14151.388398301742,13755.341872042754,13235.417565916327
forecast_1253,2025-02-22 05:00:00,12919.529597530982,13364.056553730235,11812.441549013762
forecast_1254,2025-02-22 06:00:00,11082.748456945768,12636.462316995468,10696.654737342033
forecast_1255,2025-02-22 07:00:00,9865.70317581917,11924.738098352922,10382.971646027636
forecast_1256,2025-02-22 08:00:00,9448.473538134114,11379.129022913487,9535.151418544776
forecast_1257,2025-02-22 09:00:00,8421.9964691246,10458.173308724185,7966.936882499855
forecast_1258,2025-02-22 10:00:00,6059.5349306756525,5931.181564044153,6513.248266371663
forecast_1259,2025-02-22 11:00:00,5388.46854704896,4155.636424384189,5876.814002703379
forecast_1260,2025-02-22 12:00:00,5298.130072732876,3798.1128064496943,5866.355042601932
forecast_1261,2025-02-22 13:00:00,6014.159405344712,4409.747314716248,6513.905048494494
forecast_1262,2025-02-22 14:00:00,6495.70187548244,4873.3620301061765,7076.141512289757
forecast_1263,2025-02-22 15:00:00,6925.988837786954,6152.832843297051,7742.601906011916
forecast_1264,2025-02-22 16:00:00,8030.558711774091,5601.0007045687635,8021.172821054324
forecast_1265,2025-02-22 17:00:00,8871.521766618174,6753.3840096888125,8652.048769065837
forecast_1266,2025-02-22 18:00:00,10117.197063404303,7929.684913508016,10092.679974214458
forecast_1267,2025-02-22 19:00:00,11204.726496317337,11119.946320367539,11937.604026409725
forecast_1268,2025-02-22 20:00:00,11967.007792194641,12828.299280817457,12852.726701776739
forecast_1269,2025-02-22 21:00:00,13069.34000194318,14947.323913013313,14185.729330273165
forecast_1270,2025-02-22 22:00:00,14162.95186337391,17271.375443634104,15412.95376286989
forecast_1271,2025-02-22 23:00:00,14539.29282393828,18696.60408613979,15822.071030592097
forecast_1272,2025-02-23 00:00:00,14895.33793332528,18861.40524549986,16062.052307000253
forecast_1273,2025-02-23 01:00:00,15104.411716990342,19274.547450188926,15826.46821500647
forecast_1274,2025-02-23 02:00:00,15012.745906700955,18786.255558976874,16240.062332051803
forecast_1275,2025-02-23 03:00:00,15112.4381815198,18802.38984125679,16543.498481531667
forecast_1276,2025-02-23 04:00:00,15379.675609317312,19041.814500091765,16913.920493328198
forecast_1277,2025-02-23 05:00:00,16630.565122898653,19391.71033953133,17221.53322422017
forecast_1278,2025-02-23 06:00:00,16861.276282641742,19765.621504319395,17429.88438269917
forecast_1279,2025-02-23 07:00:00,16976.982507986806,19800.023679386744,17460.45592489143
forecast_1280,2025-02-23 08:00:00,16680.78988514172,19752.106899629456,17321.893223091396
forecast_1281,2025-02-23 09:00:00,15689.718108662615,19125.5926266272,16616.494821292436
forecast_1282,2025-02-23 10:00:00,14326.93591845048,17198.874475022676,15367.998262948733
forecast_1283,2025-02-23 11:00:00,13905.172820416003,15833.485142646248,14233.16123033573
forecast_1284,2025-02-23 12:00:00,13764.679623900658,15419.29270982851,13010.172824702484
forecast_1285,2025-02-23 13:00:00,13500.089033993008,14428.422391047336,11757.977349195273
forecast_1286,2025-02-23 14:00:00,13249.390888522716,13607.904475830022,10876.914138322458
forecast_1287,2025-02-23 15:00:00,12808.652739395642,11983.339783583393,10123.36700799791
forecast_1288,2025-02-23 16:00:00,12255.83578561382,9556.704979887701,9588.41743966687
forecast_1289,2025-02-23 17:00:00,12008.662992905232,8527.800981517483,9249.83198903561
forecast_1290,2025-02-23 18:00:00,12148.933546212233,8094.534259018249,10100.854143937446
forecast_1291,2025-02-23 19:00:00,12022.062313071065,8517.386967813434,10543.321264992404
forecast_1292,2025-02-23 20:00:00,11780.865197596548,9758.015706601933,11125.655655792147
forecast_1293,2025-02-23 21:00:00,11115.6654403632,11235.898859486257,10762.400500531538
forecast_1294,2025-02-23 22:00:00,12052.343713275082,13820.681719954184,10765.227647981254
forecast_1295,2025-02-23 23:00:00,13124.463749104412,15697.798772089442,11221.350254920777
forecast_1296,2025-02-24 00:00:00,13981.666021562036,16654.552525535095,11807.520326130903
forecast_1297,2025-02-24 01:00:00,15073.19698655931,17609.74835430127,12883.681059519793
forecast_1298,2025-02-24 02:00:00,16372.130346457,19058.80173810396,14123.644129394308
forecast_1299,2025-02-24 03:00:00,16637.635782900896,19299.14229344706,14723.191615541547
forecast_1300,2025-02-24 04:00:00,17243.41111761434,19317.939981366944,15350.309649961968
forecast_1301,2025-02-24 05:00:00,17105.29373104472,19176.739977426994,15577.179155349946
forecast_1302,2025-02-24 06:00:00,16739.105493230116,18978.208007454265,15400.289584005348
forecast_1303,2025-02-24 07:00:00,15891.123649024184,18136.801130346903,14895.36372775432
forecast_1304,2025-02-24 08:00:00,15456.777678606288,17598.505628818148,14627.426905638418
forecast_1305,2025-02-24 09:00:00,14251.277564966975,16649.20832749967,13319.71830517911
forecast_1306,2025-02-24 10:00:00,10057.88768501741,13359.706397094507,11562.279856310273
forecast_1307,2025-02-24 11:00:00,8175.644032267991,10391.318178993157,10845.125719919159
forecast_1308,2025-02-24 12:00:00,7936.92611953817,8698.12551198378,10388.94083516873
forecast_1309,2025-02-24 13:00:00,7621.427192429719,8267.657640417297,9714.542141290742
forecast_1310,2025-02-24 14:00:00,8014.553832407168,7401.519432860292,9873.036292546523
forecast_1311,2025-02-24 15:00:00,8197.626353640526,6809.597111947058,9888.251799248164
forecast_1312,2025-02-24 16:00:00,8871.11052057788,7229.101441770517,10052.133744846393
forecast_1313,2025-02-24 17:00:00,9827.025527350692,8082.200829170428,10650.363181107541
forecast_1314,2025-02-24 18:00:00,11439.029030068104,10428.023392086372,12345.130927052398
forecast_1315,2025-02-24 19:00:00,14034.440424692828,13560.412878021201,13845.135928466425
forecast_1316,2025-02-24 20:00:00,15607.94449501215,15718.810525697963,14659.721220880921
forecast_1317,2025-02-24 21:00:00,17188.306261272603,17533.006314167316,15541.636174579784
forecast_1318,2025-02-24 22:00:00,19232.029433687614,19232.439878968136,16511.025499177285
forecast_1319,2025-02-24 23:00:00,20048.51880368503,19734.29245022303,16871.213696561194
forecast_1320,2025-02-25 00:00:00,20466.7006793778,20174.888953749607,17227.77189320268
forecast_1321,2025-02-25 01:00:00,20331.719754250098,20183.509244622026,17540.47263135686
forecast_1322,2025-02-25 02:00:00,20320.897563810464,20344.27049601117,17857.586014579196
forecast_1323,2025-02-25 03:00:00,20247.372285432324,20530.488749947657,18013.62122852744
forecast_1324,2025-02-25 04:00:00,19974.898967223504,20484.689329309167,18370.30103048295
forecast_1325,2025-02-25 05:00:00,19822.94691889847,20565.680757993563,18442.695998963714
forecast_1326,2025-02-25 06:00:00,19806.039425242117,20530.259199151842,18487.62271375788
forecast_1327,2025-02-25 07:00:00,19675.135544859262,20355.53191617436,18484.002078030386
forecast_1328,2025-02-25 08:00:00,19792.54000970324,20484.269366187742,18351.84570336925
forecast_1329,2025-02-25 09:00:00,19896.210600367827,20365.176362077273,18203.537359180078
forecast_1330,2025-02-25 10:00:00,18437.788703624818,20111.254331046104,17654.052562488276
forecast_1331,2025-02-25 11:00:00,17539.979794050505,19951.398990080816,17279.69690712226
forecast_1332,2025-02-25 12:00:00,16121.321418770829,19774.95391790974,16268.554384447896
forecast_1333,2025-02-25 13:00:00,15635.857673724839,19330.577068666615,15049.963728550156
forecast_1334,2025-02-25 14:00:00,15372.924340378006,18743.52909272947,15638.911644271091
forecast_1335,2025-02-25 15:00:00,15975.977055997777,18439.572584012596,16006.34685783567
forecast_1336,2025-02-25 16:00:00,16736.23793197395,18790.75124766787,16379.661705894207
forecast_1337,2025-02-25 17:00:00,17585.558143037557,19407.367502381276,17423.27402127866
forecast_1338,2025-02-25 18:00:00,18933.91678764022,19632.978920765217,18171.612591783993
forecast_1339,2025-02-25 19:00:00,19273.87210291101,19637.274551605533,18625.539377521112
forecast_1340,2025-02-25 20:00:00,19604.942923314462,19579.75482634631,18774.632096123903
forecast_1341,2025-02-25 21:00:00,19808.973437964,19512.448560007313,18771.348941850192
forecast_1342,2025-02-25 22:00:00,19751.680296226587,19424.92823042189,18787.465862681303
forecast_1343,2025-02-25 23:00:00,19630.63259246357,19353.04441676704,18504.62699114212
forecast_1344,2025-02-26 00:00:00,19561.687694368997,19485.02235630469,18374.376313389665
forecast_1345,2025-02-26 01:00:00,19398.476350197816,19411.71412379078,18070.50371420836
forecast_1346,2025-02-26 02:00:00,19137.849281586827,19265.31378671351,18127.48891210323
forecast_1347,2025-02-26 03:00:00,18774.291541497965,19172.052757248126,17890.96256240114
forecast_1348,2025-02-26 04:00:00,18589.378630006482,19052.417304100618,17604.135137283818
forecast_1349,2025-02-26 05:00:00,18181.848738261127,18689.8383295636,17815.085677544295
forecast_1350,2025-02-26 06:00:00,17389.756843596653,18913.53205700165,17490.684119820573
forecast_1351,2025-02-26 07:00:00,16591.335129734394,19028.007649261323,17219.18865192951
forecast_1352,2025-02-26 08:00:00,16158.762088416743,18310.553453711716,16464.350793451093
forecast_1353,2025-02-26 09:00:00,14644.20571739005,17804.69696089121,15027.453178664691
forecast_1354,2025-02-26 10:00:00,12733.019039761766,15246.119921829984,13181.153054002389
forecast_1355,2025-02-26 11:00:00,12033.177460152148,13450.188453612707,11752.666358100298
forecast_1356,2025-02-26 12:00:00,11699.211391274184,12440.549406743114,10555.243549362007
forecast_1357,2025-02-26 13:00:00,12080.386768419394,13073.13584190093,10295.957222758869
forecast_1358,2025-02-26 14:00:00,12105.873229666997,12953.607816225187,10080.159710705842
forecast_1359,2025-02-26 15:00:00,12504.33669765579,13333.558780602405,10138.775739668825
forecast_1360,2025-02-26 16:00:00,12774.487896050552,13452.729361225996,11162.10649724413
forecast_1361,2025-02-26 17:00:00,13231.467775486723,13757.139564725263,11616.401032103964
forecast_1362,2025-02-26 18:00:00,13795.88238132501,15428.181252301656,14084.124884400766
forecast_1363,2025-02-26 19:00:00,14497.080832127416,17624.96063193839,15954.33083390435
forecast_1364,2025-02-26 20:00:00,15589.355741371908,19493.29295291336,16858.3975720946
forecast_1365,2025-02-26 21:00:00,16730.12030101,19518.35367349923,17860.492537286285
forecast_1366,2025-02-26 22:00:00,16887.993381005923,19554.523863232094,17950.893604842357
forecast_1367,2025-02-26 23:00:00,17311.654022031304,19835.738066627582,17717.72109947383
forecast_1368,2025-02-27 00:00:00,18768.413576413775,20263.750749185463,17952.93023597512
forecast_1369,2025-02-27 01:00:00,19334.642559081825,20419.055126352203,18093.721102410032
forecast_1370,2025-02-27 02:00:00,19688.568395925515,20470.700912601522,18095.942815226335
forecast_1371,2025-02-27 03:00:00,19908.27417501535,20479.24090193707,18202.3827320683
forecast_1372,2025-02-27 04:00:00,19698.463476480087,20403.718076154753,18185.464812457958
forecast_1373,2025-02-27 05:00:00,19531.85904292661,20219.62139637505,17853.277522317814
forecast_1374,2025-02-27 06:00:00,19374.841869135704,20042.347995904383,17416.987847701563
forecast_1375,2025-02-27 07:00:00,19211.155785962867,19934.923228474854,17321.598027710923
forecast_1376,2025-02-27 08:00:00,18937.807968179062,19610.886530438416,16592.59452177213
forecast_1377,2025-02-27 09:00:00,18031.48270364934,19038.203903432186,15218.077884695142
forecast_1378,2025-02-27 10:00:00,14603.689763372691,17902.66044525256,14631.783741213032
forecast_1379,2025-02-27 11:00:00,12064.672046423284,15573.158683983052,13678.763840671389
forecast_1380,2025-02-27 12:00:00,10603.31476550463,12949.88809858726,12616.60878506495
forecast_1381,2025-02-27 13:00:00,9665.337573322948,12365.182407284417,11323.103820860662
forecast_1382,2025-02-27 14:00:00,8817.817162861471,10241.51462987355,9216.705900687542
forecast_1383,2025-02-27 15:00:00,7852.497988237922,8785.551494218926,8978.981830909472
forecast_1384,2025-02-27 16:00:00,8029.460987748122,7603.906065502804,8947.231622331536
forecast_1385,2025-02-27 17:00:00,8018.487362839649,6780.246044155525,8035.747717056027
forecast_1386,2025-02-27 18:00:00,9226.647969019752,7693.13188954967,8729.210318739662
forecast_1387,2025-02-27 19:00:00,11165.69259538659,10120.48751230941,9424.576356018088
forecast_1388,2025-02-27 20:00:00,11618.744939821838,12002.112397400128,9775.13213020242
forecast_1389,2025-02-27 21:00:00,12403.23453804514,12988.006387643967,10465.434390401326
forecast_1390,2025-02-27 22:00:00,14401.797747181512,15544.530551340162,10645.729158020014
forecast_1391,2025-02-27 23:00:00,15462.729322185793,16451.27395161282,11277.587729190138
forecast_1392,2025-02-28 00:00:00,15853.388166244793,17620.04041954447,12049.804161505937
forecast_1393,2025-02-28 01:00:00,16188.932442669555,17641.44194981407,12367.76852475615
forecast_1394,2025-02-28 02:00:00,16190.414343005325,17320.98736434467,12362.905776747159
forecast_1395,2025-02-28 03:00:00,16706.1766569689,17210.66840645396,12251.404443689651
forecast_1396,2025-02-28 04:00:00,16790.98248280095,18171.451782394874,13719.422545709205
forecast_1397,2025-02-28 05:00:00,17851.053219503687,18763.894725267484,14775.92533235403
forecast_1398,2025-02-28 06:00:00,18285.128174889294,19299.876163569166,15392.83180530186
forecast_1399,2025-02-28 07:00:00,18537.76508293811,19260.608879972926,16408.756477442468
forecast_1400,2025-02-28 08:00:00,18249.312759743167,19428.545340971763,16546.935136027103
forecast_1401,2025-02-28 09:00:00,17383.855872885484,19470.807210595813,16597.158471014853
forecast_1402,2025-02-28 10:00:00,15518.653558116774,18723.046534854475,16101.578803075347
forecast_1403,2025-02-28 11:00:00,14414.363526500969,18170.392613620592,14514.923334138959
forecast_1404,2025-02-28 12:00:00,13443.265362603963,17488.9575713587,12966.932370074224
forecast_1405,2025-02-28 13:00:00,12491.367621466576,16879.706936365095,12521.585525960238
forecast_1406,2025-02-28 14:00:00,12004.472054501666,15213.923807153393,12163.3533907542
forecast_1407,2025-02-28 15:00:00,11802.713326741141,14465.174829245814,11912.986552414903
forecast_1408,2025-02-28 16:00:00,12176.381729080047,14867.89370790207,12506.400152335202
forecast_1409,2025-02-28 17:00:00,14011.872117880179,14924.217767794162,12919.50095815177
forecast_1410,2025-02-28 18:00:00,14650.902747444714,15661.536228388832,12816.299458945457
forecast_1411,2025-02-28 19:00:00,16376.929125383864,16149.570548305406,13125.202942875863
forecast_1412,2025-02-28 20:00:00,17374.82442962385,16883.843398526165,12510.223305086234
forecast_1413,2025-02-28 21:00:00,16703.734627690443,16012.721791906391,11598.822594129397
forecast_1414,2025-02-28 22:00:00,16173.097599337352,15820.556535674348,11745.337990971228
forecast_1415,2025-02-28 23:00:00,14820.142987885654,14016.286517374065,10963.609022815786
forecast_1416,2025-03-01 00:00:00,12339.96093149914,13488.010924074248,10154.033960284945
forecast_1417,2025-03-01 01:00:00,12492.809361822172,10935.266592441163,10127.929956820368
forecast_1418,2025-03-01 02:00:00,10318.493528419525,8949.500517207769,8402.308576226786
forecast_1419,2025-03-01 03:00:00,7989.7088785343185,6867.638933384989,6892.92219743679
forecast_1420,2025-03-01 04:00:00,6123.5895976142265,5208.0313971486175,6060.946602649277
forecast_1421,2025-03-01 05:00:00,4763.4056766287895,4146.3261515590475,5157.843012301414
forecast_1422,2025-03-01 06:00:00,3602.291082605744,3713.5261770144266,4799.560542582836
forecast_1423,2025-03-01 07:00:00,2938.5378082405487,2969.480006620538,4469.550184879816
forecast_1424,2025-03-01 08:00:00,2566.2219711941416,2719.97962334496,4089.0233421527814
forecast_1425,2025-03-01 09:00:00,2316.5267868744327,2497.2757611992993,3722.662185220546
forecast_1426,2025-03-01 10:00:00,2103.8940210364995,2405.071421655083,3494.2441859058663
forecast_1427,2025-03-01 11:00:00,1994.1041182177348,2681.0114248082086,3522.2936331673477
forecast_1428,2025-03-01 12:00:00,2064.097989799905,2884.3584442930787,3775.203157218564
forecast_1429,2025-03-01 13:00:00,2219.6063028195,2940.1428868703388,3958.9725394110014
forecast_1430,2025-03-01 14:00:00,2713.684799391289,3361.535409460831,4401.395734652277
forecast_1431,2025-03-01 15:00:00,3433.2042008890485,3834.2063616989626,4853.042196217496
forecast_1432,2025-03-01 16:00:00,3905.3832079224117,4574.797545215538,5165.90191253956
forecast_1433,2025-03-01 17:00:00,3848.5231566309812,4579.621556030504,5237.806817856909
forecast_1434,2025-03-01 18:00:00,4113.671812669118,4530.528030404404,5010.295081047802
forecast_1435,2025-03-01 19:00:00,4285.725266196648,4363.320053675984,5223.190298200228
forecast_1436,2025-03-01 20:00:00,4236.74950363709,4661.47153575623,5023.502665626458
forecast_1437,2025-03-01 21:00:00,4135.436659828084,5100.816292698468,4682.784836989748
forecast_1438,2025-03-01 22:00:00,3999.738799173519,5198.590683219615,4942.099717676708
forecast_1439,2025-03-01 23:00:00,3777.862377989389,4800.092168494932,4878.065561135534
forecast_1440,2025-03-02 00:00:00,4172.761780665707,5014.407816775053,5069.566232435904
forecast_1441,2025-03-02 01:00:00,4698.459910045204,4675.501574111434,5975.123117979829
forecast_1442,2025-03-02 02:00:00,5196.933279522945,4843.005907160505,6383.764276917839
forecast_1443,2025-03-02 03:00:00,5189.044329445907,4894.659050625452,6502.084354836968
forecast_1444,2025-03-02 04:00:00,5426.1884734422765,4808.988411385863,6468.556429712264
forecast_1445,2025-03-02 05:00:00,5651.857513924172,4877.481780527198,6155.911837942693
forecast_1446,2025-03-02 06:00:00,4507.0575199525665,4872.208631056374,5225.534603763078
forecast_1447,2025-03-02 07:00:00,3636.9295402886496,3979.233015342184,4915.109678897487
forecast_1448,2025-03-02 08:00:00,3414.086181684257,3634.2330523045216,4764.078671507997
forecast_1449,2025-03-02 09:00:00,3181.0433270277763,3351.770756764353,4757.017366859536
forecast_1450,2025-03-02 10:00:00,3204.0599924758503,3568.369409598717,5134.910341337812
forecast_1451,2025-03-02 11:00:00,3822.7188825959556,4325.767323148573,5781.310542589978
forecast_1452,2025-03-02 12:00:00,4705.474042383913,4923.428647855574,6275.6586714351915
forecast_1453,2025-03-02 13:00:00,5709.133937009759,6347.924727785859,7234.275819597763
forecast_1454,2025-03-02 14:00:00,6992.003236004555,8523.32289314633,7848.182903411189
forecast_1455,2025-03-02 15:00:00,8035.60279365363,9671.698111267437,8162.071103218541
forecast_1456,2025-03-02 16:00:00,8707.45513627788,11576.59452514111,8929.993546305279
forecast_1457,2025-03-02 17:00:00,9472.00607785425,12953.479398383965,9340.465001789393
forecast_1458,2025-03-02 18:00:00,11025.365459063305,13925.117791698558,10371.163709364857
forecast_1459,2025-03-02 19:00:00,12708.551713652625,15539.047041722339,11275.198798372137
forecast_1460,2025-03-02 20:00:00,13741.293986785844,16385.97417575836,11237.08056466218
forecast_1461,2025-03-02 21:00:00,13091.470686034236,16177.581215624468,11270.84015553201
forecast_1462,2025-03-02 22:00:00,14048.214109458651,16855.89317985036,11990.216139510927
forecast_1463,2025-03-02 23:00:00,13015.518026649606,17007.12942556654,11889.314021784137
forecast_1464,2025-03-03 00:00:00,13138.35450270404,17210.739477320014,11750.547814535754
forecast_1465,2025-03-03 01:00:00,15393.070706729393,17469.531167965906,12444.204476170482
forecast_1466,2025-03-03 02:00:00,15455.047727671754,17899.706643996517,12683.635505810867
forecast_1467,2025-03-03 03:00:00,14275.129638908547,17747.765262253524,12464.748492167862
forecast_1468,2025-03-03 04:00:00,14232.402924081542,17639.276846872875,12763.501926251469
forecast_1469,2025-03-03 05:00:00,14480.382909575686,17610.019389521738,12746.744328116481
forecast_1470,2025-03-03 06:00:00,15817.687310209289,18353.998115296006,12998.946475092996
forecast_1471,2025-03-03 07:00:00,16764.98922101262,18114.838681229125,13177.571203071553
forecast_1472,2025-03-03 08:00:00,16327.78094862847,18405.26212887947,12592.490361961969
forecast_1473,2025-03-03 09:00:00,16478.020833027673,18248.363797563215,12713.220765150716
forecast_1474,2025-03-03 10:00:00,15755.793512373486,18161.300743539923,12396.372252119112
forecast_1475,2025-03-03 11:00:00,15702.978065691703,17347.175473286065,12480.418037790114
forecast_1476,2025-03-03 12:00:00,14368.436319749975,17326.613313900387,12288.216052704605
forecast_1477,2025-03-03 13:00:00,14494.488795709378,17491.59316460727,12411.949273324437
forecast_1478,2025-03-03 14:00:00,12739.330401635834,17356.078920382155,12339.74819394353
forecast_1479,2025-03-03 15:00:00,13304.602184724537,16114.940549831013,12439.593588044318
forecast_1480,2025-03-03 16:00:00,13530.938395211946,14623.643471806456,11994.663456515847
forecast_1481,2025-03-03 17:00:00,12504.401894389111,12799.331740998308,11512.827996375301
forecast_1482,2025-03-03 18:00:00,12326.744873840522,13510.766771180044,11649.524189780019
forecast_1483,2025-03-03 19:00:00,12001.882115853103,14581.829017485186,11521.632706480823
forecast_1484,2025-03-03 20:00:00,12123.654739949847,14819.113938149138,11405.230387053118
forecast_1485,2025-03-03 21:00:00,12601.989746806954,15768.89174334021,11106.182229728922
forecast_1486,2025-03-03 22:00:00,14020.184738222571,15902.636433939908,11382.860827757977
forecast_1487,2025-03-03 23:00:00,14594.898166920044,16230.867377473769,11653.871688042964
forecast_1488,2025-03-04 00:00:00,14893.180722938243,16515.022188929943,11693.390757195075
forecast_1489,2025-03-04 01:00:00,15590.062743468709,16699.603827903593,11542.349668835952
forecast_1490,2025-03-04 02:00:00,15547.858365435557,16737.41906323268,11587.882602579637
forecast_1491,2025-03-04 03:00:00,15881.271901139651,16864.276350251443,11827.278454175063
forecast_1492,2025-03-04 04:00:00,15713.238436859732,16659.180462506753,11834.477204800638
forecast_1493,2025-03-04 05:00:00,15905.961927129538,16745.651757895048,11914.141906766341
forecast_1494,2025-03-04 06:00:00,16268.233458036026,17152.435354062563,12507.278327687396
forecast_1495,2025-03-04 07:00:00,16163.985326238906,17245.72748431855,12577.736316590908
forecast_1496,2025-03-04 08:00:00,16583.41395815074,17273.60041507165,12837.202919535104
forecast_1497,2025-03-04 09:00:00,16580.27807832252,17425.313971247037,13033.057553943883
forecast_1498,2025-03-04 10:00:00,16466.388155225723,17610.485068920243,12873.179651153387
forecast_1499,2025-03-04 11:00:00,16588.754587745527,17654.06128523733,12960.622886287589
forecast_1500,2025-03-04 12:00:00,16596.424908683613,17588.07142466018,12739.778145285769
forecast_1501,2025-03-04 13:00:00,16079.67743680377,17795.877790757168,12707.370970815839
forecast_1502,2025-03-04 14:00:00,16322.898819576194,17968.470660493043,12803.979170654191
forecast_1503,2025-03-04 15:00:00,15731.947418766562,18375.55414065931,12709.687156299991
forecast_1504,2025-03-04 16:00:00,14801.293799770858,18114.23417324748,12704.738007554577
forecast_1505,2025-03-04 17:00:00,14054.76191213508,17898.766863657,12502.734344739321
forecast_1506,2025-03-04 18:00:00,13678.607477226724,17736.130898067848,12306.868464647732
forecast_1507,2025-03-04 19:00:00,12984.621032692272,17485.49279621308,12136.732620848465
forecast_1508,2025-03-04 20:00:00,12893.397564779374,17751.395099829537,12135.282868818096
forecast_1509,2025-03-04 21:00:00,13102.691085969935,17378.92748013646,11781.411525227843
forecast_1510,2025-03-04 22:00:00,12163.1934340417,16335.143736655933,11523.51892461492
forecast_1511,2025-03-04 23:00:00,11020.205150634807,15171.692057920514,11281.858949626325
forecast_1512,2025-03-05 00:00:00,10039.741979576316,13526.401298271347,10528.289980576941
forecast_1513,2025-03-05 01:00:00,8289.120541611857,9965.110382765404,9606.916236283567
forecast_1514,2025-03-05 02:00:00,7384.609108063716,8534.638071974076,9006.23675491423
forecast_1515,2025-03-05 03:00:00,7023.87267467099,7663.230734535801,8346.864058687617
forecast_1516,2025-03-05 04:00:00,5842.652513347378,6914.188612904509,7891.982185903604
forecast_1517,2025-03-05 05:00:00,5550.0564451430455,6858.077848288441,7337.057398064117
forecast_1518,2025-03-05 06:00:00,5624.18102189831,6618.810840601064,7317.331656241575
forecast_1519,2025-03-05 07:00:00,5238.238525829551,6664.88575524961,7152.7166663388325
forecast_1520,2025-03-05 08:00:00,5407.447521993703,5803.17149107305,7185.090088030862
forecast_1521,2025-03-05 09:00:00,5080.196841593273,4347.147311245799,7013.803706928949
forecast_1522,2025-03-05 10:00:00,3729.7367922766507,3064.4218547442065,6336.963547125186
forecast_1523,2025-03-05 11:00:00,3229.15597120417,2408.1941236371413,5827.6529768368355
forecast_1524,2025-03-05 12:00:00,2544.5226436052535,2194.6252843751595,5479.215895628013
forecast_1525,2025-03-05 13:00:00,2455.5850876803615,2260.9859445637258,5379.225029814061
forecast_1526,2025-03-05 14:00:00,2428.88415916985,2125.9751461406104,5208.628901473338
forecast_1527,2025-03-05 15:00:00,2524.9367717291125,1994.1714900654215,4893.69108993627
forecast_1528,2025-03-05 16:00:00,2649.029670032015,2094.7070518507844,4716.9777341741665
forecast_1529,2025-03-05 17:00:00,2823.0907134832155,2171.7278893989046,4713.826411385628
forecast_1530,2025-03-05 18:00:00,2790.8398850881763,2205.7748263774565,4489.7724229927735
forecast_1531,2025-03-05 19:00:00,2835.2035903006276,2112.158433360848,4564.779972888935
forecast_1532,2025-03-05 20:00:00,2929.603497312256,2281.862426295051,4613.614964467083
forecast_1533,2025-03-05 21:00:00,3164.331093478438,2436.9785042735275,4574.667572169645
forecast_1534,2025-03-05 22:00:00,3246.7350725094793,2512.2039645801246,4526.324519911643
forecast_1535,2025-03-05 23:00:00,3207.9626235280293,2496.1589488974378,4482.7685076519965
forecast_1536,2025-03-06 00:00:00,3147.502658712675,2585.7464516760547,4556.308399123248
forecast_1537,2025-03-06 01:00:00,3156.6957040875495,2738.3346099886344,4272.033172653604
forecast_1538,2025-03-06 02:00:00,3035.658746715458,2770.0672391586613,4225.652413858318
forecast_1539,2025-03-06 03:00:00,2994.087466532355,2705.5145905642244,4207.287175297502
forecast_1540,2025-03-06 04:00:00,2978.798999774001,2560.7024380561606,4186.893736117794
forecast_1541,2025-03-06 05:00:00,2937.372932639939,2585.371343912356,4170.840823791684
forecast_1542,2025-03-06 06:00:00,2869.294557167127,2453.719257389112,4066.563840786059
forecast_1543,2025-03-06 07:00:00,2716.475056829735,2415.854387336174,3999.6082145649725
forecast_1544,2025-03-06 08:00:00,2581.1325955588622,2230.4582418788605,3821.0874718708683
forecast_1545,2025-03-06 09:00:00,2457.845240063361,2165.370366106984,3718.843524341943
forecast_1546,2025-03-06 10:00:00,2234.0652572249664,2302.298284072283,3629.717547779443
forecast_1547,2025-03-06 11:00:00,1573.6126320596334,2129.437787953091,3794.508563404443
forecast_1548,2025-03-06 12:00:00,1399.5272651221528,1998.2036821678744,3903.298358326318
forecast_1549,2025-03-06 13:00:00,1478.300221001272,2120.211940037317,3980.402850513818
forecast_1550,2025-03-06 14:00:00,1283.6577389466077,2047.3519359751758,4060.3618484290373
forecast_1551,2025-03-06 15:00:00,1552.8208414244282,2113.693892476741,4181.821581484935
forecast_1552,2025-03-06 16:00:00,1936.9997386428943,2006.0097805031073,4334.381625775486
forecast_1553,2025-03-06 17:00:00,2144.4655866894955,1996.6602331393472,4387.223783410936
forecast_1554,2025-03-06 18:00:00,2279.458862949628,2068.7818266154163,4347.493540182501
forecast_1555,2025-03-06 19:00:00,2278.1146477229013,2089.62777512212,4239.449890140888
forecast_1556,2025-03-06 20:00:00,2494.3577188409604,2199.654021946141,4289.261993535464
forecast_1557,2025-03-06 21:00:00,2524.126366761106,2328.2346633975826,4313.585882490112
forecast_1558,2025-03-06 22:00:00,2857.7723683215017,2309.0706770852903,4223.264032414046
forecast_1559,2025-03-06 23:00:00,2962.8663447911567,2289.3943062413146,4238.981105031512
forecast_1560,2025-03-07 00:00:00,2719.589645085501,2162.5119282283017,4263.791746346973
forecast_1561,2025-03-07 01:00:00,2829.109369280717,2285.9490431745985,4309.075728215414
forecast_1562,2025-03-07 02:00:00,2900.080029089574,2212.404240967542,4268.248767071277
forecast_1563,2025-03-07 03:00:00,2715.859979427281,2303.6256755112404,4055.1472816365667
forecast_1564,2025-03-07 04:00:00,2644.6490463999385,2242.9566806411312,4050.6442008306844
forecast_1565,2025-03-07 05:00:00,2603.140497135171,2166.7928199336984,4019.642840748193
forecast_1566,2025-03-07 06:00:00,2689.751173466902,2368.845107345115,4010.569842701318
forecast_1567,2025-03-07 07:00:00,2583.6345175448064,2170.802788672321,3969.326678638818
forecast_1568,2025-03-07 08:00:00,2511.287517062313,2111.1422673425873,3820.504168873193
forecast_1569,2025-03-07 09:00:00,2447.2346540015155,1958.157261198368,3651.830829029443
forecast_1570,2025-03-07 10:00:00,2179.331777465432,1947.310353730578,3467.719256763818
forecast_1571,2025-03-07 11:00:00,1430.3426966495676,2187.8145846681728,3377.790545826318
forecast_1572,2025-03-07 12:00:00,1177.8183384339418,2022.553966814416,3472.254280904202
forecast_1573,2025-03-07 13:00:00,1174.3809566790337,2071.2902962735966,3386.3479462052564
forecast_1574,2025-03-07 14:00:00,1204.2246815583417,2095.505224630607,3400.2112199248872
forecast_1575,2025-03-07 15:00:00,1433.3501551336212,1824.3437850437062,3546.895526295068
forecast_1576,2025-03-07 16:00:00,1765.8237830391747,1578.6488395064619,3658.098163013818
forecast_1577,2025-03-07 17:00:00,1937.929943809915,1658.3478381762511,3654.626727466943
forecast_1578,2025-03-07 18:00:00,2145.375757172919,1760.0285418962583,3772.755458665561
forecast_1579,2025-03-07 19:00:00,2378.960621094551,1907.4078614634625,3868.7334437864024
forecast_1580,2025-03-07 20:00:00,2608.6853334776533,2076.36108003614,3947.3412063846667
forecast_1581,2025-03-07 21:00:00,2708.940710586694,2281.9649747253893,4054.092953782451
forecast_1582,2025-03-07 22:00:00,3011.8799959038893,2413.7551238925766,4250.690908559888
forecast_1583,2025-03-07 23:00:00,3362.0090760237385,2790.115640577529,4428.051470740484
forecast_1584,2025-03-08 00:00:00,3795.7102315477996,3315.5617126246575,4926.6454680725
forecast_1585,2025-03-08 01:00:00,4324.33082847722,4184.028352918724,5396.5089729531555
forecast_1586,2025-03-08 02:00:00,4716.1098474088885,4942.279184065309,5807.807377788405
forecast_1587,2025-03-08 03:00:00,5297.682318820003,5417.150373301534,6318.105912074636
forecast_1588,2025-03-08 04:00:00,5576.273208721187,5442.766358282013,6651.882014980727
forecast_1589,2025-03-08 05:00:00,5904.819013728771,6829.223509425396,6818.32016733561
forecast_1590,2025-03-08 06:00:00,6191.810873690126,7630.709812456806,6915.761598439181
forecast_1591,2025-03-08 07:00:00,6091.864111736089,7941.804163105931,6707.6393478908285
forecast_1592,2025-03-08 08:00:00,6147.808556384287,8323.35765820892,6410.949613185718
forecast_1593,2025-03-08 09:00:00,5403.175863737689,7569.5217298085645,6507.199353784212
forecast_1594,2025-03-08 10:00:00,4826.666352033813,5959.768642807274,6795.232797805922
forecast_1595,2025-03-08 11:00:00,4528.992601092219,5697.427756305476,7277.912246312927
forecast_1596,2025-03-08 12:00:00,4363.617545945499,5915.934302469411,7186.762273046227
forecast_1597,2025-03-08 13:00:00,4659.516452293319,5808.607761714107,7404.26211201767
forecast_1598,2025-03-08 14:00:00,5429.156044062907,6489.32679841621,7836.8811147171045
forecast_1599,2025-03-08 15:00:00,6008.501095373467,7606.351995320403,7945.386807822014
forecast_1600,2025-03-08 16:00:00,7690.302834766896,8118.084781450842,8434.10778835126
forecast_1601,2025-03-08 17:00:00,8294.635335400495,7656.455338557944,8558.374542239546
forecast_1602,2025-03-08 18:00:00,8952.540101785511,8330.424342003638,8773.927190122982
forecast_1603,2025-03-08 19:00:00,9280.945720908314,9846.500456473526,9610.986749388116
forecast_1604,2025-03-08 20:00:00,9733.669758951197,10870.088619335003,9806.60230105125
forecast_1605,2025-03-08 21:00:00,10326.716942399024,11480.938281421926,9694.024484838765
forecast_1606,2025-03-08 22:00:00,10285.680813360354,12037.630306611576,9719.913861532716
forecast_1607,2025-03-08 23:00:00,9892.932698336179,12003.911444586414,9949.132523187094
forecast_1608,2025-03-09 00:00:00,9908.66982916874,10882.661399341654,9713.033665990912
forecast_1609,2025-03-09 01:00:00,9098.994735537668,10026.922128683667,9094.19992468739
forecast_1610,2025-03-09 02:00:00,7928.908277988982,8520.306227770887,9082.837351014377
forecast_1611,2025-03-09 03:00:00,7521.765316177602,7582.328132007651,8519.464329006005
forecast_1612,2025-03-09 04:00:00,6804.526632931636,5735.701220141116,7801.143317550823
forecast_1613,2025-03-09 05:00:00,5842.295242249365,4813.485193913479,6961.518251082476
forecast_1614,2025-03-09 06:00:00,5061.767252336726,4014.0536568894345,6367.881026287734
forecast_1615,2025-03-09 07:00:00,4796.112191110093,3445.5980806788766,5970.477266345753
forecast_1616,2025-03-09 08:00:00,3669.7391345745486,2715.1540065075083,4932.471957302331
forecast_1617,2025-03-09 09:00:00,2530.921638139458,2241.5752509402896,4178.520319606086
forecast_1618,2025-03-09 10:00:00,1331.234229116796,2304.5085353023874,3762.971791543889
forecast_1619,2025-03-09 11:00:00,1008.679115278809,1988.1052808778472,3487.73591007022
forecast_1620,2025-03-09 12:00:00,901.3251169997908,1849.9800031336342,3313.820037010266
forecast_1621,2025-03-09 13:00:00,953.7504260705135,1810.0866740635824,3240.971454029443
forecast_1622,2025-03-09 14:00:00,1031.7410876916072,1584.576542227645,3334.021014576318
forecast_1623,2025-03-09 15:00:00,1252.3390145885219,1585.0099752574415,3296.378436451318
forecast_1624,2025-03-09 16:00:00,1424.0913494673098,1688.110907161862,3315.201302388577
forecast_1625,2025-03-09 17:00:00,1720.1757444532,1740.0965216403008,3419.038104420068
forecast_1626,2025-03-09 18:00:00,2129.1563097680787,1872.0051519193084,3584.916522388818
forecast_1627,2025-03-09 19:00:00,2284.9869089490367,1792.3166482669606,3943.02550508764
forecast_1628,2025-03-09 20:00:00,2337.9298382100073,1924.5319128025626,4116.5785622529775
forecast_1629,2025-03-09 21:00:00,2587.6374075311983,2292.8457579688657,4377.436380392441
forecast_1630,2025-03-09 22:00:00,3378.5013636797944,3041.9573977740565,5181.456470296376
forecast_1631,2025-03-09 23:00:00,4014.9611820976234,3685.738445962187,5908.270239620374
forecast_1632,2025-03-10 00:00:00,4786.989478558314,4037.2240985980143,6529.62476845712
forecast_1633,2025-03-10 01:00:00,6108.500840486469,5230.616066065945,7385.616297388613
forecast_1634,2025-03-10 02:00:00,6786.634795015549,5846.243198324921,8136.243923766736
forecast_1635,2025-03-10 03:00:00,7261.600882627883,7302.37789060368,8025.309152984637
forecast_1636,2025-03-10 04:00:00,7748.328750554836,8514.995095019052,7940.408545734435
forecast_1637,2025-03-10 05:00:00,7364.4595507622735,6740.909318867356,7684.623735160907
forecast_1638,2025-03-10 06:00:00,7522.87012950764,6520.786159634398,7417.497159515822
forecast_1639,2025-03-10 07:00:00,7138.2063823434255,6385.876553444348,7516.725787022162
forecast_1640,2025-03-10 08:00:00,6643.558766834261,6361.041529148466,6995.534427404092
forecast_1641,2025-03-10 09:00:00,6152.717246830162,7027.063016885404,6225.402637257423
forecast_1642,2025-03-10 10:00:00,3701.153493310122,5663.225340630104,5500.36786196847
forecast_1643,2025-03-10 11:00:00,3105.883098673826,4479.853443152718,5024.622940793932
forecast_1644,2025-03-10 12:00:00,2835.9313682740685,4000.1310445204444,4733.422642443664
forecast_1645,2025-03-10 13:00:00,2987.651044104805,3900.483109926401,4729.655516078672
forecast_1646,2025-03-10 14:00:00,3484.190983867965,4458.091419920348,4905.584835395962
forecast_1647,2025-03-10 15:00:00,3937.4392940255584,5504.728642253021,5211.8821809509
forecast_1648,2025-03-10 16:00:00,4791.494446363026,5560.707375896498,5768.684646479474
forecast_1649,2025-03-10 17:00:00,5370.760212776757,6238.492754195233,6646.310756495829
forecast_1650,2025-03-10 18:00:00,6237.2630968958565,7460.571212075266,7245.303513327431
forecast_1651,2025-03-10 19:00:00,7902.809243407715,9473.242594558984,8191.410133761634
forecast_1652,2025-03-10 20:00:00,8975.851448691934,11106.285198493671,9383.231518714576
forecast_1653,2025-03-10 21:00:00,11025.809005479883,14402.300357703001,10774.317061970332
forecast_1654,2025-03-10 22:00:00,14260.964942411547,17529.90525414219,12370.301126731702
forecast_1655,2025-03-10 23:00:00,16127.176221653222,18193.464777280336,13767.60478779254
forecast_1656,2025-03-11 00:00:00,17878.00031113687,18077.95633794098,14913.56794435541
forecast_1657,2025-03-11 01:00:00,18970.62009037391,18235.215857532,14771.704009135367
forecast_1658,2025-03-11 02:00:00,19292.286305481593,18588.992853903404,14739.080981208044
forecast_1659,2025-03-11 03:00:00,19135.518924966676,19050.433604275484,14742.333845679712
forecast_1660,2025-03-11 04:00:00,19138.278384435045,18937.53259878113,14440.12502304662
forecast_1661,2025-03-11 05:00:00,18560.79957796003,18176.75395785659,13655.129195860085
forecast_1662,2025-03-11 06:00:00,17057.454389556842,16218.426733562508,12192.579090021953
forecast_1663,2025-03-11 07:00:00,15031.564292840318,14669.387729861628,10422.418816670908
forecast_1664,2025-03-11 08:00:00,10294.877543844912,10968.175310438286,8502.928144154577
forecast_1665,2025-03-11 09:00:00,6502.088037249558,6385.799835231122,6483.167515825271
forecast_1666,2025-03-11 10:00:00,3826.3745730363885,4148.718122342843,5368.5937406312705
forecast_1667,2025-03-11 11:00:00,2556.235667287654,3051.249428681971,4520.564267851287
forecast_1668,2025-03-11 12:00:00,2024.0648173030236,2294.4946007149247,4161.370525955107
forecast_1669,2025-03-11 13:00:00,2063.1534555379067,2253.0692405176756,4011.2210479846626
forecast_1670,2025-03-11 14:00:00,2049.6548457799468,2106.9971193917854,3982.5334361006053
forecast_1671,2025-03-11 15:00:00,2095.9320653532354,2277.811823707243,4129.622085143592
forecast_1672,2025-03-11 16:00:00,2227.1235674551635,2232.5416507214777,4355.650398263824
forecast_1673,2025-03-11 17:00:00,2524.8152702675125,2619.74268526419,4706.849582280637
forecast_1674,2025-03-11 18:00:00,3569.7241824133516,3729.4153338874803,5882.499363796645
forecast_1675,2025-03-11 19:00:00,4975.006776803026,6219.153470362764,7173.620606203332
forecast_1676,2025-03-11 20:00:00,6804.159216432513,9049.055136056728,8184.00256685746
forecast_1677,2025-03-11 21:00:00,10392.530827217914,12147.333891820545,9722.314874694279
forecast_1678,2025-03-11 22:00:00,12802.413127587044,15290.64602456868,10055.155997107371
forecast_1679,2025-03-11 23:00:00,15332.55969093242,15280.149593638424,11142.244017599638
forecast_1680,2025-03-12 00:00:00,17546.84972120034,16857.356210225436,12351.581599722505
forecast_1681,2025-03-12 01:00:00,18133.83644314752,18083.768729772688,12693.305263023645
forecast_1682,2025-03-12 02:00:00,17705.39741855183,17677.827081314324,12251.36301599607
forecast_1683,2025-03-12 03:00:00,16185.265690806304,16887.4257975596,12106.41332374155
forecast_1684,2025-03-12 04:00:00,16787.76723096366,17599.37159952958,12382.41652758785
forecast_1685,2025-03-12 05:00:00,18075.197565688904,18155.287376786266,12976.523292615355
forecast_1686,2025-03-12 06:00:00,18437.349099543964,18321.91648629892,14093.156021628634
forecast_1687,2025-03-12 07:00:00,19031.430839423603,19180.126357555717,15329.156507969225
forecast_1688,2025-03-12 08:00:00,19007.907591109644,19507.707724026586,16360.815011256298
forecast_1689,2025-03-12 09:00:00,18529.24732918217,19591.252177295184,16952.508908820135
forecast_1690,2025-03-12 10:00:00,17855.24934864428,19283.257705090233,16723.12921054446
forecast_1691,2025-03-12 11:00:00,17323.349986779067,18534.231426707614,15871.726186460892
forecast_1692,2025-03-12 12:00:00,17701.06633667086,18011.767531692152,15784.47469904842
forecast_1693,2025-03-12 13:00:00,17717.133932457218,18323.822332327276,15960.964503576432
forecast_1694,2025-03-12 14:00:00,17838.240621637742,18249.57056547806,16095.052611613191
forecast_1695,2025-03-12 15:00:00,18032.043544524364,18750.77601202114,16579.52354918913
forecast_1696,2025-03-12 16:00:00,17493.035515628184,18662.754348290466,16849.063772254547
forecast_1697,2025-03-12 17:00:00,17430.42895265459,18605.315253364926,16668.89844387612
forecast_1698,2025-03-12 18:00:00,17252.758906529623,18718.73545752541,16405.90991288247
forecast_1699,2025-03-12 19:00:00,16676.951387229805,17906.196514549454,15961.219860764973
forecast_1700,2025-03-12 20:00:00,15887.962923683044,17694.2483828784,14445.341545326217
forecast_1701,2025-03-12 21:00:00,14840.871308359567,16803.158876680904,14381.565907412243
forecast_1702,2025-03-12 22:00:00,14212.149454216575,14708.110255431613,12860.028741202852
forecast_1703,2025-03-12 23:00:00,13263.824067011925,13422.340871093205,12323.641280894775
forecast_1704,2025-03-13 00:00:00,12324.516534841425,12903.274026815267,12480.896933656248
forecast_1705,2025-03-13 01:00:00,12716.911983788239,13303.384627394154,11155.423831614746
forecast_1706,2025-03-13 02:00:00,12529.490296788246,12900.030446434777,11651.397234554643
forecast_1707,2025-03-13 03:00:00,12214.070685559567,12552.833106614964,10973.877846745967
forecast_1708,2025-03-13 04:00:00,11529.887449232763,11671.146489397739,10342.839774649872
forecast_1709,2025-03-13 05:00:00,10545.37266004154,11131.973814230414,9900.388162449703
forecast_1710,2025-03-13 06:00:00,9462.426101282274,12133.83640628831,9985.481646555434
forecast_1711,2025-03-13 07:00:00,8934.249966625292,12848.51190869082,9666.952346672351
forecast_1712,2025-03-13 08:00:00,8099.2537541784695,10659.491326433335,8255.503528911902
forecast_1713,2025-03-13 09:00:00,7698.42070055293,7914.949940906303,7268.169464561464
forecast_1714,2025-03-13 10:00:00,6384.397344956351,5930.8340363005445,6508.868836738758
forecast_1715,2025-03-13 11:00:00,5284.128132629941,4656.327024084743,5673.97791511602
forecast_1716,2025-03-13 12:00:00,4448.187644635725,3418.070097755741,5126.041371179284
forecast_1717,2025-03-13 13:00:00,3665.222240884441,2834.695573198496,4805.085040970978
forecast_1718,2025-03-13 14:00:00,2899.375434669156,2422.180795740428,4340.1292587885055
forecast_1719,2025-03-13 15:00:00,2462.9099905029557,2311.3250808202274,3982.3709100903907
forecast_1720,2025-03-13 16:00:00,2348.2635608574183,2148.7474974283073,3903.187268094875
forecast_1721,2025-03-13 17:00:00,2255.7204865397116,2181.0599170650867,3895.779422880193
forecast_1722,2025-03-13 18:00:00,2552.370654422075,2377.5382779724287,4094.5929863858614
forecast_1723,2025-03-13 19:00:00,2893.475826720775,2909.413586001207,4407.929313826725
forecast_1724,2025-03-13 20:00:00,3329.3973931348664,3713.685596673404,4607.938618138412
forecast_1725,2025-03-13 21:00:00,3986.3397555154133,4470.992378829322,4830.371356231263
forecast_1726,2025-03-13 22:00:00,4517.140432385946,4282.414779117849,5287.025171005832
forecast_1727,2025-03-13 23:00:00,4663.86124232978,4269.688043300007,5392.940110137944
forecast_1728,2025-03-14 00:00:00,4387.659284344042,4086.693762222799,5269.954792672775
forecast_1729,2025-03-14 01:00:00,3721.095458106245,4074.8000104463918,5123.892899105926
forecast_1730,2025-03-14 02:00:00,3379.3892274914924,4065.914880144849,4756.049758839008
forecast_1731,2025-03-14 03:00:00,3226.7055928487057,3760.5754223555564,4381.833957037793
forecast_1732,2025-03-14 04:00:00,3050.9371636253477,3926.8968936301544,4073.0928691565337
forecast_1733,2025-03-14 05:00:00,2764.77384846976,3065.864714794557,3958.064490007349
forecast_1734,2025-03-14 06:00:00,2657.312273607855,2899.422456125792,3921.4890397987033
forecast_1735,2025-03-14 07:00:00,2658.394320557744,2716.3525742426505,3768.857008420596
forecast_1736,2025-03-14 08:00:00,2657.0474415704557,2716.898804219632,3653.7411661212864
forecast_1737,2025-03-14 09:00:00,2400.6443849454768,2807.721473551939,3586.7187101312043
forecast_1738,2025-03-14 10:00:00,2009.2311770410547,2317.0475170442082,3551.354510271143
forecast_1739,2025-03-14 11:00:00,1991.6242824423646,2263.9104378743696,3603.3993026900175
forecast_1740,2025-03-14 12:00:00,1980.3384705268313,2276.160646375431,3679.295197699341
forecast_1741,2025-03-14 13:00:00,2139.0262063369755,2322.7053943466085,3675.8383549969303
forecast_1742,2025-03-14 14:00:00,2293.1925002361054,2350.710507556743,3736.567409214694
forecast_1743,2025-03-14 15:00:00,2351.659356393178,2361.433668615774,3714.0434265743584
forecast_1744,2025-03-14 16:00:00,2442.34287448941,2189.5878397723895,3692.335299494798
forecast_1745,2025-03-14 17:00:00,2478.441955952123,2221.838556479213,3723.179020153551
forecast_1746,2025-03-14 18:00:00,2599.687552123288,2110.312310469084,3785.834672945029
forecast_1747,2025-03-14 19:00:00,2895.460713939824,2716.9497164937375,3851.707521893281
forecast_1748,2025-03-14 20:00:00,3016.954903430711,2921.2015937161436,3941.2854192129726
forecast_1749,2025-03-14 21:00:00,3293.576470616361,2898.694900621679,3986.5922828112834
forecast_1750,2025-03-14 22:00:00,3741.1332743015764,3424.3151466053932,4172.959136640014
forecast_1751,2025-03-14 23:00:00,4054.943945480437,3538.523555180841,4583.417186077802
forecast_1752,2025-03-15 00:00:00,4397.508782306996,3996.452132353852,4685.554737003398
forecast_1753,2025-03-15 01:00:00,5163.7117033555205,4444.5111505713985,4911.49074127599
forecast_1754,2025-03-15 02:00:00,5761.352256353406,4845.632685013514,5100.6008717141785
forecast_1755,2025-03-15 03:00:00,6035.514388641363,5332.739858912959,5270.177879620708
forecast_1756,2025-03-15 04:00:00,6284.803015395763,5844.973987945631,5370.716377531764
forecast_1757,2025-03-15 05:00:00,6555.912253285681,5933.320641274751,5558.2902390413865
forecast_1758,2025-03-15 06:00:00,6762.685292350489,6699.390439771239,5936.027150806451
forecast_1759,2025-03-15 07:00:00,6620.095912918005,6871.401643807697,6064.019146357998
forecast_1760,2025-03-15 08:00:00,6695.176932049284,7910.623577403428,6088.568892483467
forecast_1761,2025-03-15 09:00:00,6305.747360789193,8328.011142372785,5967.392030212449
forecast_1762,2025-03-15 10:00:00,5548.120664566639,5929.649778439542,5799.459428339261
forecast_1763,2025-03-15 11:00:00,5065.956171165994,5797.337298776558,5393.412153111842
forecast_1764,2025-03-15 12:00:00,4193.689063570882,5449.681758727748,5123.681489947139
forecast_1765,2025-03-15 13:00:00,3753.9611231430295,4792.488032368414,5018.538327743127
forecast_1766,2025-03-15 14:00:00,3534.365581605256,4637.630381994874,4994.908839346626
forecast_1767,2025-03-15 15:00:00,3248.033639267289,4071.7831585027425,4954.575639693076
forecast_1768,2025-03-15 16:00:00,3256.135491422254,3425.4383446776787,5000.359831426069
forecast_1769,2025-03-15 17:00:00,3298.104186303664,3157.5383861696505,5054.00589772728
forecast_1770,2025-03-15 18:00:00,3419.4152175982376,3155.9641436435304,5101.166965800214
forecast_1771,2025-03-15 19:00:00,3909.808472260455,3590.2901987184478,5199.989424476386
forecast_1772,2025-03-15 20:00:00,4314.388880345174,3582.922504279647,5315.699316185162
forecast_1773,2025-03-15 21:00:00,4000.54004991256,3310.60566710653,5213.377583161512
forecast_1774,2025-03-15 22:00:00,4057.673060895994,3285.728726522694,5117.922448951522
forecast_1775,2025-03-15 23:00:00,3746.2630250533716,2987.183242138505,4898.935944903629
forecast_1776,2025-03-16 00:00:00,3236.214498092112,2670.217076934156,4487.739193127941
forecast_1777,2025-03-16 01:00:00,3062.833416818787,2398.8577912728956,4469.783063564524
forecast_1778,2025-03-16 02:00:00,2675.5855722076976,2062.004130967362,4211.824094607098
forecast_1779,2025-03-16 03:00:00,2584.5331893835796,1723.7237929634696,4046.636929982384
forecast_1780,2025-03-16 04:00:00,2417.7804072819645,1555.557574938263,3881.4942641732446
forecast_1781,2025-03-16 05:00:00,2420.2761600687622,1552.777894064138,3831.184063708516
forecast_1782,2025-03-16 06:00:00,2462.2232845197814,1563.5424173289016,3774.842634282427
forecast_1783,2025-03-16 07:00:00,2467.3612462129854,1574.6902830755757,3710.3745335627746
forecast_1784,2025-03-16 08:00:00,2432.8549843189553,1562.948037876283,3720.5417440298297
forecast_1785,2025-03-16 09:00:00,2462.5356598430503,1569.2876122879613,3734.342059498193
forecast_1786,2025-03-16 10:00:00,2365.5544535888353,1679.588972213418,3801.080584888818
forecast_1787,2025-03-16 11:00:00,2392.425684796718,1837.7291479832052,3842.99441222839
forecast_1788,2025-03-16 12:00:00,2403.9130932690023,2186.867788044789,4007.9787254901235
forecast_1789,2025-03-16 13:00:00,2683.914887823685,2737.8781010878324,4304.881984985421
forecast_1790,2025-03-16 14:00:00,4026.3127420361207,3893.7206502517015,5005.431559186269
forecast_1791,2025-03-16 15:00:00,5661.7502848650975,5865.779140931849,6419.800256075174
forecast_1792,2025-03-16 16:00:00,6760.324230391527,6062.536263952581,7207.22376172979
forecast_1793,2025-03-16 17:00:00,7182.534287106209,6349.0161109315595,8242.645752590357
forecast_1794,2025-03-16 18:00:00,7745.320431437605,6804.283867066104,8938.441174274136
forecast_1795,2025-03-16 19:00:00,8296.490992865443,7844.490402509394,10295.25112920651
forecast_1796,2025-03-16 20:00:00,9141.653374337136,8765.471735420346,10966.644698568245
forecast_1797,2025-03-16 21:00:00,9500.466894966106,9270.954341529385,10458.707103706902
forecast_1798,2025-03-16 22:00:00,9800.440986077634,9937.556741593555,10548.826164709564
forecast_1799,2025-03-16 23:00:00,8549.774950458066,9629.901468997143,9204.044821309328
forecast_1800,2025-03-17 00:00:00,8476.526793913508,10200.28595817593,8898.620851229452
forecast_1801,2025-03-17 01:00:00,8524.960499417004,10477.595762547984,10551.46207432601
forecast_1802,2025-03-17 02:00:00,8205.527787862344,10131.494611922542,9950.804014455514
forecast_1803,2025-03-17 03:00:00,8453.840847794094,8892.712261377297,8851.174011661597
forecast_1804,2025-03-17 04:00:00,8267.356775678405,8656.185666186235,7983.185272622326
forecast_1805,2025-03-17 05:00:00,7012.01003274249,7135.06997680499,7539.674220936415
forecast_1806,2025-03-17 06:00:00,6239.064494451801,7865.14597442702,6773.893207150291
forecast_1807,2025-03-17 07:00:00,5094.344925682194,6038.793276752273,5740.324895776242
forecast_1808,2025-03-17 08:00:00,4480.31129392745,4822.932971508292,5286.138694313616
forecast_1809,2025-03-17 09:00:00,4092.373465331081,4398.773017664049,4993.990881915543
forecast_1810,2025-03-17 10:00:00,3939.133947198418,4663.611795590695,4810.0493095266565
forecast_1811,2025-03-17 11:00:00,4251.841726580591,5039.18785925386,5530.211958821491
forecast_1812,2025-03-17 12:00:00,5241.322350297418,5676.605637352328,6600.246971251046
forecast_1813,2025-03-17 13:00:00,5734.703462948996,7591.2329839196545,7094.013135474983
forecast_1814,2025-03-17 14:00:00,7812.634445496146,7830.148976133192,7562.1671153395055
forecast_1815,2025-03-17 15:00:00,8709.515520251953,8190.50966963355,7938.218678182637
forecast_1816,2025-03-17 16:00:00,9625.816399990317,8310.403794408454,8003.359558084359
forecast_1817,2025-03-17 17:00:00,10545.755179225987,7860.498806098761,8334.650014396262
forecast_1818,2025-03-17 18:00:00,10665.100052054373,7631.8234889708,9034.800622562027
forecast_1819,2025-03-17 19:00:00,10333.67009071675,9386.055228434416,9858.997252821411
forecast_1820,2025-03-17 20:00:00,10663.74274515563,12089.30047258241,10193.965148909652
forecast_1821,2025-03-17 21:00:00,10348.409135343825,12106.616455416557,10434.889865456578
forecast_1822,2025-03-17 22:00:00,10665.773914557889,12211.971516100279,10648.8630454629
forecast_1823,2025-03-17 23:00:00,9329.672071143568,11455.95252703326,10144.02146935835
forecast_1824,2025-03-18 00:00:00,7877.026256508848,9208.197699361368,8410.628439729406
forecast_1825,2025-03-18 01:00:00,7560.812640890927,8389.648231209,7597.918102307614
forecast_1826,2025-03-18 02:00:00,6837.917436861436,6900.271665817687,6709.175930593506
forecast_1827,2025-03-18 03:00:00,6060.506225780087,5822.225308220304,5498.362370461836
forecast_1828,2025-03-18 04:00:00,5249.539978804796,4910.034881766465,5126.658243406078
forecast_1829,2025-03-18 05:00:00,4423.012416717999,4198.84440611112,4843.1086360156
forecast_1830,2025-03-18 06:00:00,3660.8595271468903,3468.296130960124,4500.36791673399
forecast_1831,2025-03-18 07:00:00,3344.690581658885,3062.949254096226,4262.68555437938
forecast_1832,2025-03-18 08:00:00,3448.898865682792,3196.804224607197,4326.767898800117
forecast_1833,2025-03-18 09:00:00,3322.8777115838175,3503.2447737413863,4393.363466431283
forecast_1834,2025-03-18 10:00:00,2953.544520928429,3281.731403663026,4464.693915786034
forecast_1835,2025-03-18 11:00:00,2904.630183836882,3094.252319158153,4563.395709945941
forecast_1836,2025-03-18 12:00:00,3166.4547045445806,3009.1436399866275,4961.407893852105
forecast_1837,2025-03-18 13:00:00,4439.873382988685,3929.799123571377,5427.234909716846
forecast_1838,2025-03-18 14:00:00,5364.346466169065,4914.513224389107,6450.231343298605
forecast_1839,2025-03-18 15:00:00,6025.427236671537,7159.898554272359,6931.074273978127
forecast_1840,2025-03-18 16:00:00,7708.717085888406,9237.354208237044,8086.891513206485
forecast_1841,2025-03-18 17:00:00,10234.99832969373,12358.285445598049,8924.046948246318
forecast_1842,2025-03-18 18:00:00,10900.737697236205,13964.531003250591,9080.243907688064
forecast_1843,2025-03-18 19:00:00,11018.561008491637,13202.14532359164,9301.389048270783
forecast_1844,2025-03-18 20:00:00,9528.861651581417,11957.763585393539,9237.163730217933
forecast_1845,2025-03-18 21:00:00,6878.939466484327,8978.557926321639,8271.442135448391
forecast_1846,2025-03-18 22:00:00,5062.261816089049,5489.924754667058,7495.282690058814
forecast_1847,2025-03-18 23:00:00,4514.878857580408,4234.078187919802,7263.505397198965
forecast_1848,2025-03-19 00:00:00,4263.456331585012,4014.0745555977983,6610.991334373968
forecast_1849,2025-03-19 01:00:00,3891.4814911580934,3959.40125769873,5866.560929655605
forecast_1850,2025-03-19 02:00:00,3914.84688319405,3739.92004794793,5350.98573576965
forecast_1851,2025-03-19 03:00:00,3783.8311021114787,3625.7690737092903,5195.809517285644
forecast_1852,2025-03-19 04:00:00,3716.4018756098167,3686.990271823869,5123.785342389706
forecast_1853,2025-03-19 05:00:00,3809.5622119536883,4108.0578483571535,5135.500166370639
forecast_1854,2025-03-19 06:00:00,4102.814560032222,4317.507355125628,5437.366695968614
forecast_1855,2025-03-19 07:00:00,5291.23057052119,5467.462245910897,6366.629357289416
forecast_1856,2025-03-19 08:00:00,6423.424962119438,6712.341672703048,7161.780843916281
forecast_1857,2025-03-19 09:00:00,7456.969295874009,6727.175961324052,7184.720737924634
forecast_1858,2025-03-19 10:00:00,6823.794638450128,5787.595691808449,7536.446646703118
forecast_1859,2025-03-19 11:00:00,7007.030305580496,5900.7466164743055,7797.839117890475
forecast_1860,2025-03-19 12:00:00,7623.622746710981,7953.420334156131,7913.50114450057
forecast_1861,2025-03-19 13:00:00,8608.371703577792,8200.285097840237,8500.526324511042
forecast_1862,2025-03-19 14:00:00,8957.029689756164,8048.2401800109155,8746.667057060431
forecast_1863,2025-03-19 15:00:00,10135.092081359719,8233.608304066594,9189.92986641994
forecast_1864,2025-03-19 16:00:00,11175.222499201658,8541.874376173402,10395.429512275012
forecast_1865,2025-03-19 17:00:00,11652.163928998038,9054.489615865054,11182.638172232657
forecast_1866,2025-03-19 18:00:00,12016.613654677045,9416.065013755442,11575.664837290013
forecast_1867,2025-03-19 19:00:00,12459.38268420451,9151.079158412242,12799.091211484407
forecast_1868,2025-03-19 20:00:00,13176.62060758852,10621.449121969174,13638.725557985505
forecast_1869,2025-03-19 21:00:00,14274.981412206842,13453.532332571165,14192.002582478275
forecast_1870,2025-03-19 22:00:00,15338.649384843256,16358.795227657083,14599.266090812856
forecast_1871,2025-03-19 23:00:00,15364.521316205106,17153.247760071146,14903.619122757958
forecast_1872,2025-03-20 00:00:00,16084.200092699175,17159.145066325727,15240.3937938554
forecast_1873,2025-03-20 01:00:00,16502.70752126063,17109.701686990084,14726.084610717116
forecast_1874,2025-03-20 02:00:00,16662.449864953203,16882.966364645752,14752.554120234734
forecast_1875,2025-03-20 03:00:00,16950.843884036643,16848.167679398113,15136.712481964625
forecast_1876,2025-03-20 04:00:00,16994.89799595883,17074.286140893873,15657.832306583468
forecast_1877,2025-03-20 05:00:00,17555.1670135356,18063.120618696765,16390.00171074276
forecast_1878,2025-03-20 06:00:00,17887.127801301012,18974.60816103428,17028.572286298826
forecast_1879,2025-03-20 07:00:00,18213.621355007428,19284.920451224934,17103.101689190284
forecast_1880,2025-03-20 08:00:00,17811.571361971466,19484.425329677946,17344.35866264199
forecast_1881,2025-03-20 09:00:00,16908.555246475647,19275.646870487937,17305.49874131589
forecast_1882,2025-03-20 10:00:00,16869.044583026043,19012.994642160967,16864.699616435944
forecast_1883,2025-03-20 11:00:00,16854.50926749955,18564.800158715167,16434.502883997324
forecast_1884,2025-03-20 12:00:00,16293.995734064456,18208.462261176,16174.245846913964
forecast_1885,2025-03-20 13:00:00,16178.030597154608,18365.808184744565,16066.411196943278
forecast_1886,2025-03-20 14:00:00,16093.373284058413,18789.50716903204,16259.839090844944
forecast_1887,2025-03-20 15:00:00,16955.458351090187,18689.98588836535,16128.35267118002
forecast_1888,2025-03-20 16:00:00,17832.260637909174,18584.111624445384,16055.018872002365
forecast_1889,2025-03-20 17:00:00,18475.64766501841,18816.271382730953,16732.13735853336
forecast_1890,2025-03-20 18:00:00,18934.002576082006,19294.340706635103,17271.57745875681
forecast_1891,2025-03-20 19:00:00,18502.136833769386,19465.34433603439,17732.801694408725
forecast_1892,2025-03-20 20:00:00,18605.691138198134,19467.11908068386,17940.73561323779
forecast_1893,2025-03-20 21:00:00,18816.032117443316,19535.17381866162,18202.64929699007
forecast_1894,2025-03-20 22:00:00,18586.874150634347,19723.437741515256,18272.37119157909
forecast_1895,2025-03-20 23:00:00,18483.707369514053,19668.407919344478,18396.474200922406
forecast_1896,2025-03-21 00:00:00,17760.41441106116,19437.157229434713,18321.84907041726
forecast_1897,2025-03-21 01:00:00,18833.022558967707,19034.9974535152,17856.627567790918
forecast_1898,2025-03-21 02:00:00,18606.091895442267,18861.3049253285,18349.822352708252
forecast_1899,2025-03-21 03:00:00,18672.95722123203,19075.384246542726,18442.635437113837
forecast_1900,2025-03-21 04:00:00,18764.301745154447,19195.615416395904,18546.992944727175
forecast_1901,2025-03-21 05:00:00,19243.3289659716,19213.23760955869,18635.334667862677
forecast_1902,2025-03-21 06:00:00,19571.62055709166,19260.852799939847,18650.111379622853
forecast_1903,2025-03-21 07:00:00,19325.254887303658,19173.264628499717,18652.288117892982
forecast_1904,2025-03-21 08:00:00,19289.913503978016,19398.60810141277,18560.645850074543
forecast_1905,2025-03-21 09:00:00,19312.39202064902,19668.679810056303,18239.288642568557
forecast_1906,2025-03-21 10:00:00,19082.13647885541,19720.88213038073,17780.42426627463
forecast_1907,2025-03-21 11:00:00,18356.633357002716,19677.621717079048,17191.95110833778
forecast_1908,2025-03-21 12:00:00,17889.539087115132,19400.035143961373,16657.756865819138
forecast_1909,2025-03-21 13:00:00,17673.093057441583,18924.89538712074,16252.0207634324
forecast_1910,2025-03-21 14:00:00,17399.102547945142,18625.145840732614,15904.357018863073
forecast_1911,2025-03-21 15:00:00,17237.26957212749,18401.710651912377,15397.153158619167
forecast_1912,2025-03-21 16:00:00,17375.322503095216,18611.66669123992,15315.459765565398
forecast_1913,2025-03-21 17:00:00,17135.735225750155,18768.835562886656,15984.568863210647
forecast_1914,2025-03-21 18:00:00,17401.00807680984,18995.31799271368,16712.280375604918
forecast_1915,2025-03-21 19:00:00,17831.723267518937,18807.764435303296,17368.68958625466
forecast_1916,2025-03-21 20:00:00,17840.41924038167,18681.867889151,17445.28884172493
forecast_1917,2025-03-21 21:00:00,17678.832164555366,18591.28166205323,17335.855103811973
forecast_1918,2025-03-21 22:00:00,17901.773979224316,19033.013700154857,17367.46292288349
forecast_1919,2025-03-21 23:00:00,18604.981565132668,19449.154385445665,17630.54913312828
forecast_1920,2025-03-22 00:00:00,18380.903582444313,19579.86112199593,17916.493563027358
forecast_1921,2025-03-22 01:00:00,18890.15250604218,19775.458045906536,18040.929972783033
forecast_1922,2025-03-22 02:00:00,18667.64765508751,19781.743373261168,18114.631897758954
forecast_1923,2025-03-22 03:00:00,18539.516492959763,19612.074305142858,17928.54668146112
forecast_1924,2025-03-22 04:00:00,18373.757299576075,19409.92672046583,17882.68061035633
forecast_1925,2025-03-22 05:00:00,18329.979035275945,19373.22496438773,17882.478392583373
forecast_1926,2025-03-22 06:00:00,18439.81559739319,19486.648766103033,17944.250278559506
forecast_1927,2025-03-22 07:00:00,18448.58720993854,19583.806569778928,18008.264897776222
forecast_1928,2025-03-22 08:00:00,18607.032075344883,19640.97518847413,17882.549926968262
forecast_1929,2025-03-22 09:00:00,17907.003625848793,19553.86263781022,17683.14756268943
forecast_1930,2025-03-22 10:00:00,17282.60902688907,19466.209996903774,17335.433525654975
forecast_1931,2025-03-22 11:00:00,17000.050210710473,19140.04779878702,16774.68157994189
forecast_1932,2025-03-22 12:00:00,16851.61149715232,18999.33362651765,16221.402028121112
forecast_1933,2025-03-22 13:00:00,16836.01587925607,18849.226248729923,15628.705563961961
forecast_1934,2025-03-22 14:00:00,16607.147843359788,18533.35283987619,15342.829961792557
forecast_1935,2025-03-22 15:00:00,16331.381151306476,18168.664335655256,15174.658147054892
forecast_1936,2025-03-22 16:00:00,16021.701874470278,17967.85332335898,15091.638265507394
forecast_1937,2025-03-22 17:00:00,15988.55525409158,17747.867173741874,15307.598841369228
forecast_1938,2025-03-22 18:00:00,16087.028657217927,17988.578906098624,15926.448025774982
forecast_1939,2025-03-22 19:00:00,16062.01474156559,18098.518613992983,16504.526343673788
forecast_1940,2025-03-22 20:00:00,16106.524346142893,18222.050814418362,17023.84393483799
forecast_1941,2025-03-22 21:00:00,16578.14656716506,18427.8200087204,17095.578247426747
forecast_1942,2025-03-22 22:00:00,17721.38571299922,18873.56645804607,17299.95834622984
forecast_1943,2025-03-22 23:00:00,18202.54143874745,19153.009075142192,17456.790962977826
forecast_1944,2025-03-23 00:00:00,18212.229481590384,19289.18868297997,17258.156358089924
forecast_1945,2025-03-23 01:00:00,17249.299563077213,18578.539497460573,16725.173955648635
forecast_1946,2025-03-23 02:00:00,17118.722986034223,19006.13128946084,16328.834096765317
forecast_1947,2025-03-23 03:00:00,16634.33998161929,18717.831120773168,16068.46039412569
forecast_1948,2025-03-23 04:00:00,15509.414083993803,17342.993397028997,14830.890461006158
forecast_1949,2025-03-23 05:00:00,12570.547135605972,14710.880145723862,12815.054774486616
forecast_1950,2025-03-23 06:00:00,10193.223512666027,11992.738836430151,10691.003968455085
forecast_1951,2025-03-23 07:00:00,8406.732351634442,9363.87540449368,9271.839062888808
forecast_1952,2025-03-23 08:00:00,6395.299710488889,7119.921953832093,6826.592953799063
forecast_1953,2025-03-23 09:00:00,4806.264933212743,4860.056306985899,4821.014090400089
forecast_1954,2025-03-23 10:00:00,3246.4833574611316,3212.6027085309647,4042.660374355443
forecast_1955,2025-03-23 11:00:00,2569.0336385988776,2519.5973105356,3431.838731529203
forecast_1956,2025-03-23 12:00:00,2370.8899420845764,2207.3851298608674,3245.498239762092
forecast_1957,2025-03-23 13:00:00,2380.1112821950696,2244.830830885057,3290.984711219248
forecast_1958,2025-03-23 14:00:00,2512.771682439751,2669.5585409636014,3414.3789022796022
forecast_1959,2025-03-23 15:00:00,3021.0338286064393,3181.1022388421434,3645.724646672227
forecast_1960,2025-03-23 16:00:00,3756.2295240815442,3587.39116461643,3879.096557357272
forecast_1961,2025-03-23 17:00:00,4304.473939967011,3933.547061053349,4335.435995700735
forecast_1962,2025-03-23 18:00:00,4412.260623760559,4306.26366568683,4416.874466839451
forecast_1963,2025-03-23 19:00:00,5259.00659386004,5347.25302674051,5267.76043227784
forecast_1964,2025-03-23 20:00:00,5616.9614775067985,6311.7100422928515,6606.826230904825
forecast_1965,2025-03-23 21:00:00,7086.398487329712,9199.714224871226,7875.946818262048
forecast_1966,2025-03-23 22:00:00,9416.238389786258,12944.349444344607,9601.527206564457
forecast_1967,2025-03-23 23:00:00,10869.996902627177,14409.167968656335,10831.983780911738
forecast_1968,2025-03-24 00:00:00,11852.63925659916,15140.354727168029,11659.166351146396
forecast_1969,2025-03-24 01:00:00,11864.055607898894,16051.63792454959,11642.63473013482
forecast_1970,2025-03-24 02:00:00,11752.833739568747,16860.88237221386,11689.449704068476
forecast_1971,2025-03-24 03:00:00,13305.410495705662,16388.7572275956,12624.874161090385
forecast_1972,2025-03-24 04:00:00,13021.389750825218,16080.564448667374,11946.578501356704
forecast_1973,2025-03-24 05:00:00,12291.617759081273,16008.490731234298,11381.619717552925
forecast_1974,2025-03-24 06:00:00,12379.50914807332,15782.396040034215,12829.998106272526
forecast_1975,2025-03-24 07:00:00,11249.263088225875,15161.13591042065,12728.153087691559
forecast_1976,2025-03-24 08:00:00,12207.727631280843,16439.731623495754,12689.55432599592
forecast_1977,2025-03-24 09:00:00,12632.308891659504,17210.775329971064,12587.847677013724
forecast_1978,2025-03-24 10:00:00,12875.791728312699,15879.770597177225,12364.187312790466
forecast_1979,2025-03-24 11:00:00,12714.825654727574,16096.723411841329,12477.295248949718
forecast_1980,2025-03-24 12:00:00,14048.885580496053,15955.257777407196,13342.215568362528
forecast_1981,2025-03-24 13:00:00,14356.690280649962,15769.970986581393,13335.251140685941
forecast_1982,2025-03-24 14:00:00,14305.73309143665,15354.684009751078,12690.15451130144
forecast_1983,2025-03-24 15:00:00,13408.628291119534,14666.472739510453,11925.067506932603
forecast_1984,2025-03-24 16:00:00,12569.025720697426,13692.652753661614,11507.914140314557
forecast_1985,2025-03-24 17:00:00,12691.06363320041,12636.17138914546,11285.689776156541
forecast_1986,2025-03-24 18:00:00,13511.807040791295,12585.039812910845,11690.830328505072
forecast_1987,2025-03-24 19:00:00,14346.29873240862,12052.75390251943,12606.728989863139
forecast_1988,2025-03-24 20:00:00,14698.750797069028,14052.038713740963,13376.332750328198
forecast_1989,2025-03-24 21:00:00,15419.318411686958,15571.595869592831,14167.333376003544
forecast_1990,2025-03-24 22:00:00,16551.164896862192,17192.82405247398,15663.751603793267
forecast_1991,2025-03-24 23:00:00,17686.746348209388,18411.589969935296,16062.932682121724
forecast_1992,2025-03-25 00:00:00,17956.890852689063,18760.66545090318,16274.430065663517
forecast_1993,2025-03-25 01:00:00,17872.110568345546,18737.735073461634,16427.857970125908
forecast_1994,2025-03-25 02:00:00,16763.068749732858,17800.936226359096,15260.333262083965
forecast_1995,2025-03-25 03:00:00,14026.350414379292,15427.62643460857,12482.67957351871
forecast_1996,2025-03-25 04:00:00,11151.830790750839,14096.091992236561,11225.039215963923
forecast_1997,2025-03-25 05:00:00,9513.316166606844,12289.46709028751,9609.26572817211
forecast_1998,2025-03-25 06:00:00,8467.959533479476,11109.031540630453,8296.298674784111
forecast_1999,2025-03-25 07:00:00,7625.739900324453,11297.757572277165,8013.123647120405
forecast_2000,2025-03-25 08:00:00,7103.809081059178,10747.0204805117,7715.640552986284
forecast_2001,2025-03-25 09:00:00,7037.973900566396,9306.951464216418,7362.6726294949785
forecast_2002,2025-03-25 10:00:00,6833.460880951037,7813.065847205091,7757.604336332053
forecast_2003,2025-03-25 11:00:00,7035.322661958255,7779.70985451577,8412.940356898187
forecast_2004,2025-03-25 12:00:00,8359.756000080972,11060.55831581105,9739.655788796601
forecast_2005,2025-03-25 13:00:00,10563.433692159731,13975.124012237036,12945.164911842392
forecast_2006,2025-03-25 14:00:00,11547.445473862275,15519.567535889199,14783.053765497018
forecast_2007,2025-03-25 15:00:00,12667.355241432026,16230.515553183559,15734.835426870484
forecast_2008,2025-03-25 16:00:00,14213.098416847482,16491.56450776651,16796.499951897516
forecast_2009,2025-03-25 17:00:00,15203.667459896315,16832.288392292925,16931.661411381443
forecast_2010,2025-03-25 18:00:00,15840.257152798553,17345.795214399488,16500.312020527064
forecast_2011,2025-03-25 19:00:00,16831.88608276914,17356.617900382713,16759.611343861743
forecast_2012,2025-03-25 20:00:00,16945.278979467912,17638.628659256185,16439.036077015564
forecast_2013,2025-03-25 21:00:00,17408.686205757476,18558.31255443656,16892.391487985027
forecast_2014,2025-03-25 22:00:00,18143.75426126096,18980.509140381975,17591.48869504892
forecast_2015,2025-03-25 23:00:00,18515.788066038545,19222.753922863318,17727.228357819527
forecast_2016,2025-03-26 00:00:00,18321.29797056916,18990.047141838902,17988.39560469137
forecast_2017,2025-03-26 01:00:00,17555.982948774246,18334.409032255146,18159.17037623982
forecast_2018,2025-03-26 02:00:00,16674.635606116935,18168.224552325355,17593.39881314743
forecast_2019,2025-03-26 03:00:00,16610.942855581994,17237.12846569321,16314.597362293318
forecast_2020,2025-03-26 04:00:00,16115.599774350387,16200.075797883896,14306.341123094215
forecast_2021,2025-03-26 05:00:00,14546.833991197402,14300.447141930412,11901.028913854492
forecast_2022,2025-03-26 06:00:00,11144.140078033566,10807.058393139765,9283.310630746679
forecast_2023,2025-03-26 07:00:00,7255.042568118139,6624.79538458113,6865.333362360764
forecast_2024,2025-03-26 08:00:00,4998.75932237561,4132.875870775152,5243.466587201631
forecast_2025,2025-03-26 09:00:00,3822.924570524339,2922.014953904278,4378.731861566334
forecast_2026,2025-03-26 10:00:00,2942.556124127472,2717.972297523762,3625.087119444899
forecast_2027,2025-03-26 11:00:00,2741.5144335533546,2539.42042265718,3388.8399015622763
forecast_2028,2025-03-26 12:00:00,2649.1266966740536,2417.06318492215,3324.159676042815
forecast_2029,2025-03-26 13:00:00,2801.2143062937844,2488.7606931634127,3419.302138481305
forecast_2030,2025-03-26 14:00:00,2946.6252317644294,2637.3788234417743,3619.630673061431
forecast_2031,2025-03-26 15:00:00,3505.7569432432897,3181.347624420521,3772.9084029305204
forecast_2032,2025-03-26 16:00:00,3833.704362734796,3331.519323684529,3856.97744027866
forecast_2033,2025-03-26 17:00:00,4168.403656308805,3458.836409356921,4012.782986754969
forecast_2034,2025-03-26 18:00:00,5252.54770241424,4695.347683347007,4446.171452844424
forecast_2035,2025-03-26 19:00:00,6769.599962054439,6696.086969038412,5548.875327341044
forecast_2036,2025-03-26 20:00:00,7804.442622817976,9759.574561916972,6090.776957990787
forecast_2037,2025-03-26 21:00:00,9233.380405538166,15489.683450399065,7138.609323300184
forecast_2038,2025-03-26 22:00:00,11471.519844437142,17551.014983366364,8724.533013197883
forecast_2039,2025-03-26 23:00:00,12789.58292400386,18013.31954020519,10974.69257739181
forecast_2040,2025-03-27 00:00:00,13705.204852893334,18620.535115417002,13404.255850582751
forecast_2041,2025-03-27 01:00:00,14451.961363905859,18665.67695382479,14283.696701266206
forecast_2042,2025-03-27 02:00:00,16258.715728080137,18598.701428420292,15636.578897818737
forecast_2043,2025-03-27 03:00:00,16678.773861262263,18644.24272036097,16028.821359756563
forecast_2044,2025-03-27 04:00:00,17047.09019836642,19018.828942921486,16170.688016684146
forecast_2045,2025-03-27 05:00:00,17150.370861327334,18823.742636929972,14517.43618972107
forecast_2046,2025-03-27 06:00:00,15634.133379163672,17687.39952082166,12270.98983444701
forecast_2047,2025-03-27 07:00:00,13636.583047954182,17153.68452416139,12442.66397643933
forecast_2048,2025-03-27 08:00:00,13179.524361227652,17337.37810446933,12501.039207270704
forecast_2049,2025-03-27 09:00:00,11748.180032677403,17426.220894382735,11834.350095224823
forecast_2050,2025-03-27 10:00:00,11088.78617402428,16945.082900792077,10544.85352643893
forecast_2051,2025-03-27 11:00:00,10484.46154869689,16405.022598640116,11067.826840386399
forecast_2052,2025-03-27 12:00:00,9768.607538338234,15060.680643740478,10543.58329671733
forecast_2053,2025-03-27 13:00:00,9330.625713719768,12215.711718832608,9848.675529477001
forecast_2054,2025-03-27 14:00:00,9477.778345110726,11263.627824603434,9575.925516902811
forecast_2055,2025-03-27 15:00:00,9070.819783660256,11187.317823860041,8814.191130488138
forecast_2056,2025-03-27 16:00:00,8420.42847467946,10503.301901418236,7564.428268581243
forecast_2057,2025-03-27 17:00:00,8694.034412484165,11812.883012269556,7714.224418584686
forecast_2058,2025-03-27 18:00:00,9898.959215831195,12528.157486146236,8175.826732412628
forecast_2059,2025-03-27 19:00:00,10763.251571987554,13126.130920100579,8285.256673268337
forecast_2060,2025-03-27 20:00:00,11311.529552232132,12089.763914022271,8462.426488613988
forecast_2061,2025-03-27 21:00:00,10642.17253111138,11589.404533160958,8855.58548591288
forecast_2062,2025-03-27 22:00:00,9283.296899839643,10091.250058366362,8477.896398333565
forecast_2063,2025-03-27 23:00:00,8292.259424639931,9742.877723882339,8141.671687185332
forecast_2064,2025-03-28 00:00:00,6817.920189075523,7012.274022613534,7848.573037120874
forecast_2065,2025-03-28 01:00:00,5712.544464596891,6006.749471164022,5405.078424873304
forecast_2066,2025-03-28 02:00:00,4605.842108442401,4379.40564952371,4804.243780651268
forecast_2067,2025-03-28 03:00:00,4427.435867431544,3872.853865917389,4378.209170686688
forecast_2068,2025-03-28 04:00:00,4635.793308305879,4115.833683862693,4241.9550300280625
forecast_2069,2025-03-28 05:00:00,3282.0789853935667,3403.0171825343496,4102.3692220162975
forecast_2070,2025-03-28 06:00:00,2689.864620023178,2944.128764014015,3809.220298356164
forecast_2071,2025-03-28 07:00:00,2563.304018593424,2688.629583577656,3727.5252862189545
forecast_2072,2025-03-28 08:00:00,2424.217294738868,2632.476129299752,3668.500282926954
forecast_2073,2025-03-28 09:00:00,2246.339072957175,2454.7157826085695,3739.1733690226415
forecast_2074,2025-03-28 10:00:00,2352.683199893133,2797.232414716061,3919.793253535502
forecast_2075,2025-03-28 11:00:00,2457.257777505107,3160.2108349065684,4120.88784223436
forecast_2076,2025-03-28 12:00:00,2437.0084220144104,3505.599592531118,3934.9965632608278
forecast_2077,2025-03-28 13:00:00,2416.5311072887994,3102.622823043985,3951.290071091067
forecast_2078,2025-03-28 14:00:00,2355.5331550361025,3002.7083166378925,3925.3091625847933
forecast_2079,2025-03-28 15:00:00,2478.2776477802586,2766.7649625382924,3799.0525756384654
forecast_2080,2025-03-28 16:00:00,2731.608037315516,2966.9604353201003,3701.600856847012
forecast_2081,2025-03-28 17:00:00,3347.219317262843,4155.208307878856,3844.4747060242175
forecast_2082,2025-03-28 18:00:00,4201.43255636997,3973.6481656390843,4122.967557606332
forecast_2083,2025-03-28 19:00:00,5247.720845437386,4958.121112890882,4526.46879978343
forecast_2084,2025-03-28 20:00:00,5268.581852601279,4877.040111708454,5204.375914205941
forecast_2085,2025-03-28 21:00:00,4972.193707586439,5322.830254153888,5495.56999318564
forecast_2086,2025-03-28 22:00:00,4840.0635714151795,5552.5888214277165,5309.3782875083525
forecast_2087,2025-03-28 23:00:00,4444.847307595429,4945.094281131951,5225.511747751744
forecast_2088,2025-03-29 00:00:00,4386.680314764008,4430.126145680555,5226.847704008475
forecast_2089,2025-03-29 01:00:00,3911.9373775958015,3594.4492073792217,4018.895466958872
forecast_2090,2025-03-29 02:00:00,3098.1188482545913,2649.027289292692,3850.42328819016
forecast_2091,2025-03-29 03:00:00,3142.6747063383923,2537.2488809088018,4172.070044489276
forecast_2092,2025-03-29 04:00:00,3857.5748765648264,3496.9440806909543,4622.133918978646
forecast_2093,2025-03-29 05:00:00,5904.695443664069,5597.346154599245,5206.000324818175
forecast_2094,2025-03-29 06:00:00,7038.430252214044,8672.243590069564,5857.966507082983
forecast_2095,2025-03-29 07:00:00,7964.423211623788,9563.34798705389,6312.437788535501
forecast_2096,2025-03-29 08:00:00,7351.404636105159,8287.231053829277,6950.327940193678
forecast_2097,2025-03-29 09:00:00,7183.766831361181,7636.86789273448,7502.367979063403
forecast_2098,2025-03-29 10:00:00,7520.651170673134,7896.733252128635,7834.078841287586
forecast_2099,2025-03-29 11:00:00,8618.155247313303,9438.308627840684,8759.5022010897
forecast_2100,2025-03-29 12:00:00,9766.183959540704,11297.958044243585,9768.447474944584
forecast_2101,2025-03-29 13:00:00,10141.242743288873,11452.689622387761,9735.442881331186
forecast_2102,2025-03-29 14:00:00,11002.383368453515,11705.99926644595,10129.494684693127
forecast_2103,2025-03-29 15:00:00,12185.695636471655,12085.496140855354,10035.357864873597
forecast_2104,2025-03-29 16:00:00,13078.656702780241,13574.811833660395,10353.39930194592
forecast_2105,2025-03-29 17:00:00,13485.488494641233,13283.485723144313,9890.782482772422
forecast_2106,2025-03-29 18:00:00,13664.04308934664,12752.697258065611,9535.356957392945
forecast_2107,2025-03-29 19:00:00,13182.379322323648,11959.46019432952,9498.41758772448
forecast_2108,2025-03-29 20:00:00,12901.343175087184,11132.41018752604,9196.134215646422
forecast_2109,2025-03-29 21:00:00,12659.75260489647,10553.723025101563,9223.649149643816
forecast_2110,2025-03-29 22:00:00,12496.822886201533,10116.596319461483,9149.301593853625
forecast_2111,2025-03-29 23:00:00,11659.568033219564,9529.422881373497,8580.730054056661
forecast_2112,2025-03-30 00:00:00,11817.989753015932,9800.216424468472,8818.014114869084
forecast_2113,2025-03-30 01:00:00,12599.803659674226,10349.445406848392,8900.623298540311
forecast_2114,2025-03-30 02:00:00,12040.24970235446,9176.253897766108,8385.647841566617
forecast_2115,2025-03-30 03:00:00,11533.963455506268,8618.180226316024,8430.832207109892
forecast_2116,2025-03-30 04:00:00,10883.554116924657,7768.514868123831,8220.061659233192
forecast_2117,2025-03-30 05:00:00,10262.250545659392,6869.420325327332,7973.994521036379
forecast_2118,2025-03-30 06:00:00,10252.851679908377,6230.596882762628,7787.439325914889
forecast_2119,2025-03-30 07:00:00,10424.41991128117,5493.320499534466,7737.097347349346
forecast_2120,2025-03-30 08:00:00,10734.034677524784,6432.6667151781385,7006.352577278547
forecast_2121,2025-03-30 09:00:00,11148.542034509448,7126.374381225067,6885.230702535941
forecast_2122,2025-03-30 10:00:00,10598.232639401504,7571.573657603563,6882.312063203503
forecast_2123,2025-03-30 11:00:00,10513.827681382969,7762.186179504313,6971.81542758172
forecast_2124,2025-03-30 12:00:00,10442.641005590734,7800.937733655998,7135.569040642408
forecast_2125,2025-03-30 13:00:00,10096.361631314663,6965.191051872698,7814.5462869405455
forecast_2126,2025-03-30 14:00:00,9745.41998621358,8492.120537345527,7909.1232570798875
forecast_2127,2025-03-30 15:00:00,9411.59612128268,8257.50435456062,7345.62542467576
forecast_2128,2025-03-30 16:00:00,8510.60524556574,6280.125174498495,6913.357877785995
forecast_2129,2025-03-30 17:00:00,8166.313402026856,5749.528189512466,7019.057983263218
forecast_2130,2025-03-30 18:00:00,7711.404635115063,4910.104186861285,6918.5418199225705
forecast_2131,2025-03-30 19:00:00,7546.833634839739,5255.1068024118185,7115.511946499168
forecast_2132,2025-03-30 20:00:00,6966.899479834763,7199.2423826897175,7567.691297141035
forecast_2133,2025-03-30 21:00:00,7661.492903380183,8029.385305695622,7751.4300737406575
forecast_2134,2025-03-30 22:00:00,8644.450597683137,8108.401878432176,8647.558246552273
forecast_2135,2025-03-30 23:00:00,9342.585370798926,8008.813361158676,9247.201833032275
forecast_2136,2025-03-31 00:00:00,11339.262065980927,10160.424238106558,10076.420515206697
forecast_2137,2025-03-31 01:00:00,13859.903119972954,12540.106825673816,13028.58060038
forecast_2138,2025-03-31 02:00:00,15183.661925842609,15284.339592752764,13787.484478358074
forecast_2139,2025-03-31 03:00:00,15083.556624260109,15745.24572278708,14092.795554897317
forecast_2140,2025-03-31 04:00:00,15174.606102981314,16262.789133889406,14184.201880254324
forecast_2141,2025-03-31 05:00:00,14700.26657971471,14654.202884327631,12704.78047305488
forecast_2142,2025-03-31 06:00:00,13759.596403186806,13008.842355174407,12225.382466384548
forecast_2143,2025-03-31 07:00:00,10822.581279879516,12433.957626786347,10314.154102476135
forecast_2144,2025-03-31 08:00:00,8242.66006360909,8984.036170813793,8130.440962531022
forecast_2145,2025-03-31 09:00:00,6343.22764362041,5575.192314564912,6950.3926016665755
forecast_2146,2025-03-31 10:00:00,4134.2277171755,3904.0532140420964,5852.333299629704
forecast_2147,2025-03-31 11:00:00,3600.1819321154267,3126.6348032763817,5184.056953901331
forecast_2148,2025-03-31 12:00:00,3774.6322408186707,3188.475485231541,5157.9989199708125
forecast_2149,2025-03-31 13:00:00,4187.973746546431,3666.718629132042,5293.240563208186
forecast_2150,2025-03-31 14:00:00,4619.112587017618,4682.834049441617,5243.7989723272985
forecast_2151,2025-03-31 15:00:00,4641.838971096413,5253.800314608136,5205.511699322398
forecast_2152,2025-03-31 16:00:00,4670.457544197501,5409.745815545343,5404.349917953707
forecast_2153,2025-03-31 17:00:00,5041.839103879561,5379.984600353454,6195.750919102914
forecast_2154,2025-03-31 18:00:00,5728.7009585341775,5456.732583055226,6651.139058261534
forecast_2155,2025-03-31 19:00:00,6296.0558160669025,6361.715868640033,7605.459969266261
forecast_2156,2025-03-31 20:00:00,7116.514753789024,7829.79991064231,8397.684388576045
forecast_2157,2025-03-31 21:00:00,8026.192201511745,10180.64137044591,9076.3302457179
forecast_2158,2025-03-31 22:00:00,10137.68100069893,13019.567369599468,9976.32556706955
forecast_2159,2025-03-31 23:00:00,11228.782510898549,12561.992261493664,11200.574979272566
forecast_2160,2025-04-01 00:00:00,11172.573725162376,10963.888693269288,10881.872238571115
forecast_2161,2025-04-01 01:00:00,9971.214359941447,10763.637914825456,9525.59531631192
forecast_2162,2025-04-01 02:00:00,8503.23405610244,6647.2905653796615,8936.747827275818
forecast_2163,2025-04-01 03:00:00,7564.694894190814,7148.304288825346,8562.600503894111
forecast_2164,2025-04-01 04:00:00,6775.387743107763,5241.712892386699,8091.673913502006
forecast_2165,2025-04-01 05:00:00,5554.724730860189,4560.4891494617805,7691.409561230802
forecast_2166,2025-04-01 06:00:00,4607.63345751374,3973.9890880825733,7009.459086780445
forecast_2167,2025-04-01 07:00:00,4186.411783277623,3925.1667382841115,5970.054824793658
forecast_2168,2025-04-01 08:00:00,3257.882613330503,2869.2586750084574,4881.11722409583
forecast_2169,2025-04-01 09:00:00,2280.722347658333,2241.5128517414005,4173.238497337121
forecast_2170,2025-04-01 10:00:00,1579.5380758576819,2009.6248272113512,3692.416071681072
forecast_2171,2025-04-01 11:00:00,1428.2027458925847,1912.1420786915876,3429.4149726352093
forecast_2172,2025-04-01 12:00:00,1350.1211618446457,1863.4754378221583,3306.4598117918513
forecast_2173,2025-04-01 13:00:00,1285.8462376121502,1827.8218057703173,3308.8281038949485
forecast_2174,2025-04-01 14:00:00,1250.2916223732163,1844.0032786974293,3393.103406519479
forecast_2175,2025-04-01 15:00:00,1443.9466259539586,1975.3081420171593,3484.0208319492
forecast_2176,2025-04-01 16:00:00,1804.6467147160604,1923.8724699565244,3661.9165674333944
forecast_2177,2025-04-01 17:00:00,2022.1692034263124,2002.8905259005858,3699.2546705660975
forecast_2178,2025-04-01 18:00:00,2294.629992314157,2271.5896700839467,3751.570944183386
forecast_2179,2025-04-01 19:00:00,2540.0481520413764,2547.9782002683883,3841.7083762135444
forecast_2180,2025-04-01 20:00:00,2740.4096221387485,2834.0493411972343,3855.2245211728623
forecast_2181,2025-04-01 21:00:00,2861.063153142499,2897.238496916771,3928.6151520158733
forecast_2182,2025-04-01 22:00:00,3080.7527197213712,2900.7476280132155,3958.280432416174
forecast_2183,2025-04-01 23:00:00,3139.71470218426,2886.3122215671233,3967.7550298435435
forecast_2184,2025-04-02 00:00:00,3048.0026684709314,2773.5192360291285,4010.851629470281
forecast_2185,2025-04-02 01:00:00,3015.799302511905,2678.8746511331697,3830.560167626672
forecast_2186,2025-04-02 02:00:00,2910.8743061496134,2332.934394344831,3810.4254100699072
forecast_2187,2025-04-02 03:00:00,2603.669874878759,2224.3010150695213,3758.420145398262
forecast_2188,2025-04-02 04:00:00,2483.4811764522733,2208.754818726866,3746.74586218327
forecast_2189,2025-04-02 05:00:00,2453.6370921186904,2199.0640511984047,3704.4455211525005
forecast_2190,2025-04-02 06:00:00,2427.1857536688485,1995.299045957981,3697.609201085845
forecast_2191,2025-04-02 07:00:00,2347.948641238204,2287.9797939274968,3696.523100558837
forecast_2192,2025-04-02 08:00:00,2394.792208940243,2242.7746322642497,3516.2787685332787
forecast_2193,2025-04-02 09:00:00,2064.9553091333223,2041.0078763231834,3403.4406700339
forecast_2194,2025-04-02 10:00:00,1729.2132063036952,2084.690961882763,3359.8047647645667
forecast_2195,2025-04-02 11:00:00,1731.9261617962393,1955.375918707484,3494.4082556508533
forecast_2196,2025-04-02 12:00:00,1655.2990393212615,2081.2172446966424,3495.4242301391746
forecast_2197,2025-04-02 13:00:00,1777.7688367171775,2254.362298891803,3525.941509474542
forecast_2198,2025-04-02 14:00:00,2154.4001849119195,2706.608811940727,3649.112570742449
forecast_2199,2025-04-02 15:00:00,2378.4167367667073,2933.173080573455,3745.2133334082323
forecast_2200,2025-04-02 16:00:00,2711.308445251535,2938.962648899871,3955.217569130425
forecast_2201,2025-04-02 17:00:00,2821.9040732141075,2880.657728149015,3927.698569818035
forecast_2202,2025-04-02 18:00:00,2845.0566037648996,2719.5727250344435,4055.870435560634
forecast_2203,2025-04-02 19:00:00,3111.004220137587,2741.1478748949758,4123.2727336726575
forecast_2204,2025-04-02 20:00:00,2955.343466675488,2530.1095457845363,4162.327089404965
forecast_2205,2025-04-02 21:00:00,2605.5221017769777,1935.0311033989983,4227.324387000217
forecast_2206,2025-04-02 22:00:00,2518.5628670384103,1911.7901568198683,4509.849570465122
forecast_2207,2025-04-02 23:00:00,2697.1583400242866,2349.53793718208,4637.661508964226
forecast_2208,2025-04-03 00:00:00,2917.527031848021,2844.4279587747833,4856.8242553667105
forecast_2209,2025-04-03 01:00:00,3175.4330788362245,3258.8736677528736,4595.158463193748
forecast_2210,2025-04-03 02:00:00,3054.810613673218,3081.177353394606,4597.915633950508
forecast_2211,2025-04-03 03:00:00,2963.3620235241488,2876.634144046678,4736.046910808715
forecast_2212,2025-04-03 04:00:00,2946.2765339584043,2692.599466243269,4696.2864309077995
forecast_2213,2025-04-03 05:00:00,2975.8946800636436,2704.3267196819284,4693.23723580002
forecast_2214,2025-04-03 06:00:00,3083.841959369828,2857.9428388767446,4690.62904150657
forecast_2215,2025-04-03 07:00:00,3131.8536965460194,2976.9460927769223,4797.496077356273
forecast_2216,2025-04-03 08:00:00,2828.3119977335946,2768.430833285308,4706.883470079578
forecast_2217,2025-04-03 09:00:00,2523.3481556314337,2726.3723584255395,4278.60235430373
forecast_2218,2025-04-03 10:00:00,2190.949289694679,2185.3141759559317,3985.820283201662
forecast_2219,2025-04-03 11:00:00,1999.6330458627722,2144.831197536165,3748.089584162308
forecast_2220,2025-04-03 12:00:00,1951.1906588852976,2171.6834362096233,3603.5859991481684
forecast_2221,2025-04-03 13:00:00,1951.2539362409273,2028.8167190639238,3544.7609612320775
forecast_2222,2025-04-03 14:00:00,1857.9590459809126,1901.9292035130895,3627.3504794886576
forecast_2223,2025-04-03 15:00:00,1926.4890072051005,2059.605365347122,3664.3292594256454
forecast_2224,2025-04-03 16:00:00,2081.831516405424,2154.591563624773,3659.19316610933
forecast_2225,2025-04-03 17:00:00,2230.084033203446,2230.0188485003264,3719.533480917273
forecast_2226,2025-04-03 18:00:00,2377.916810108746,2196.477521615679,3855.3189802719003
forecast_2227,2025-04-03 19:00:00,2565.1034993394983,2482.769731847668,3991.1376936901956
forecast_2228,2025-04-03 20:00:00,2864.312502963734,3047.9798802597684,4185.734859673723
forecast_2229,2025-04-03 21:00:00,3301.916028846016,3762.8627276466345,4468.815179911521
forecast_2230,2025-04-03 22:00:00,4140.167082111227,4387.1101462996,4797.5863828604115
forecast_2231,2025-04-03 23:00:00,4683.7605430708745,4828.72249491253,5366.020588986962
forecast_2232,2025-04-04 00:00:00,5115.960994953671,5354.626094189103,6099.820078081312
forecast_2233,2025-04-04 01:00:00,6132.860866628631,6255.597789511693,6851.086857445404
forecast_2234,2025-04-04 02:00:00,6910.1552235389645,7208.133201921388,7695.359577472924
forecast_2235,2025-04-04 03:00:00,7697.021106850771,8410.459195585736,8445.633328452443
forecast_2236,2025-04-04 04:00:00,8696.766067030248,9300.666489094892,8744.841481848869
forecast_2237,2025-04-04 05:00:00,8945.2081766801,9783.951518421083,8875.915550870683
forecast_2238,2025-04-04 06:00:00,9128.56396453747,10047.652487252832,8742.06505383837
forecast_2239,2025-04-04 07:00:00,8934.18609827733,9328.401337153988,8427.783149687748
forecast_2240,2025-04-04 08:00:00,8166.034039942953,7924.611463382937,7204.693660197812
forecast_2241,2025-04-04 09:00:00,6055.47250458767,6517.895104296623,5927.5010964701105
forecast_2242,2025-04-04 10:00:00,3748.6679749410305,4406.442926473318,4800.479661959807
forecast_2243,2025-04-04 11:00:00,2757.6497491697637,2779.3423648719745,4229.402259111639
forecast_2244,2025-04-04 12:00:00,2429.50490792485,2705.5468435010516,4009.70549808112
forecast_2245,2025-04-04 13:00:00,2191.961408349387,2541.7644790883273,3927.587846080895
forecast_2246,2025-04-04 14:00:00,2158.3527397304106,2538.7322320940843,3835.1783513306978
forecast_2247,2025-04-04 15:00:00,2214.749119588318,2695.3337637607747,3959.719136697633
forecast_2248,2025-04-04 16:00:00,2583.2518793733093,3000.9076082392226,4184.767061840252
forecast_2249,2025-04-04 17:00:00,2818.526906436788,3435.120077205979,4498.077564993849
forecast_2250,2025-04-04 18:00:00,3296.7895762349217,3370.5067333139405,4763.159637172834
forecast_2251,2025-04-04 19:00:00,3796.882981217544,3723.763307970703,4729.717340019643
forecast_2252,2025-04-04 20:00:00,4827.7537869477965,4135.390936764063,5184.5153580560855
forecast_2253,2025-04-04 21:00:00,5016.732578159533,4588.2047219714495,5206.848989032554
forecast_2254,2025-04-04 22:00:00,5520.761301502577,5518.286453489978,5190.013990404203
forecast_2255,2025-04-04 23:00:00,5665.454314501453,6069.029045255638,5828.211831023012
forecast_2256,2025-04-05 00:00:00,6645.991218141051,7271.497027346207,6900.803751205534
forecast_2257,2025-04-05 01:00:00,7534.515507318521,8870.59383668782,7577.888045840532
forecast_2258,2025-04-05 02:00:00,8333.13789744466,10249.92924494873,7966.072525907399
forecast_2259,2025-04-05 03:00:00,8659.904737297195,11059.241123794192,8053.1978877656875
forecast_2260,2025-04-05 04:00:00,8971.694649954625,12164.961591547482,8061.703646428494
forecast_2261,2025-04-05 05:00:00,8629.350250418269,10300.880702706581,7801.32099135587
forecast_2262,2025-04-05 06:00:00,8298.305161183624,8674.5765612613,7891.939870963046
forecast_2263,2025-04-05 07:00:00,7219.249330870645,8167.321917326706,7078.655017227108
forecast_2264,2025-04-05 08:00:00,6628.947476619733,7477.029765407858,6391.906602429853
forecast_2265,2025-04-05 09:00:00,5751.399671317917,6598.8070192449395,6279.723023294249
forecast_2266,2025-04-05 10:00:00,4470.051088686756,5990.368863568424,5998.64520132583
forecast_2267,2025-04-05 11:00:00,4318.108395914358,6293.654407136017,6652.195927966484
forecast_2268,2025-04-05 12:00:00,5818.874544432429,9685.192172990332,8344.968871908462
forecast_2269,2025-04-05 13:00:00,8482.022821888202,13107.097794177887,11083.300974035057
forecast_2270,2025-04-05 14:00:00,11607.995678310801,14409.969057435632,12382.836625297949
forecast_2271,2025-04-05 15:00:00,12993.500024560379,15740.607481995463,12670.293466678706
forecast_2272,2025-04-05 16:00:00,14345.26429151441,15859.929896885416,13000.034747029815
forecast_2273,2025-04-05 17:00:00,13524.788644844544,16564.929905657882,12699.820286550257
forecast_2274,2025-04-05 18:00:00,13168.993830280328,16557.323818253215,12696.931905942383
forecast_2275,2025-04-05 19:00:00,13378.701763896435,15443.058597765976,12346.786606488808
forecast_2276,2025-04-05 20:00:00,14383.1379538404,15010.808955572782,13019.684345670184
forecast_2277,2025-04-05 21:00:00,14602.961828158506,14848.198879997039,13141.853157477926
forecast_2278,2025-04-05 22:00:00,14928.346266909686,14577.772352930679,12900.518684915147
forecast_2279,2025-04-05 23:00:00,15167.386592988973,15491.559912222427,12960.582550883963
forecast_2280,2025-04-06 00:00:00,15031.345549248099,15822.400168421429,13389.507842230312
forecast_2281,2025-04-06 01:00:00,14701.718742822784,14843.464585897644,13342.855771344326
forecast_2282,2025-04-06 02:00:00,14327.22110710223,14025.642359269179,13598.542944982473
forecast_2283,2025-04-06 03:00:00,15372.374676875119,15106.049650965046,14405.208122685888
forecast_2284,2025-04-06 04:00:00,15531.270638356547,16264.175716590222,14455.248203494126
forecast_2285,2025-04-06 05:00:00,15384.107772986124,15743.978772640276,14502.627073057809
forecast_2286,2025-04-06 06:00:00,15476.373556898925,15907.070095548475,14447.316440707382
forecast_2287,2025-04-06 07:00:00,15582.16082902862,15631.455212993462,14235.682990990692
forecast_2288,2025-04-06 08:00:00,15056.389501128051,15216.121371454523,13587.04629112979
forecast_2289,2025-04-06 09:00:00,14723.286293743382,14802.671919886645,12277.387517149482
forecast_2290,2025-04-06 10:00:00,14131.950560320738,12821.467964748823,11000.695393195652
forecast_2291,2025-04-06 11:00:00,13723.093076294937,12706.534603427217,10441.70259017461
forecast_2292,2025-04-06 12:00:00,13529.161176053003,12281.059119234724,10194.999536848874
forecast_2293,2025-04-06 13:00:00,13411.452754979353,11605.991475311306,10482.722068791245
forecast_2294,2025-04-06 14:00:00,13430.757078640661,11875.7719462622,11040.260495229077
forecast_2295,2025-04-06 15:00:00,13413.05315784722,12466.173166246183,10967.907336161721
forecast_2296,2025-04-06 16:00:00,13095.217979170351,12067.872740330578,10275.555798195881
forecast_2297,2025-04-06 17:00:00,13049.823269448232,11328.569108008656,10092.29164342537
forecast_2298,2025-04-06 18:00:00,12603.432124563624,11144.995867842146,10029.69422894548
forecast_2299,2025-04-06 19:00:00,12260.218360277668,11812.077916870465,11685.779789985645
forecast_2300,2025-04-06 20:00:00,12602.863158289767,12555.798282491534,12115.822501633538
forecast_2301,2025-04-06 21:00:00,12911.015285776926,12883.407914143441,12530.444351672631
forecast_2302,2025-04-06 22:00:00,13567.214846886029,14134.94982144595,13157.16187535894
forecast_2303,2025-04-06 23:00:00,14070.725456914304,14846.445222017868,13726.07202479326
forecast_2304,2025-04-07 00:00:00,13479.030057205186,14885.68503563352,14196.962625490061
forecast_2305,2025-04-07 01:00:00,13043.364600900812,13459.009044657487,14424.074624601162
forecast_2306,2025-04-07 02:00:00,12958.231350084046,12990.431984925257,14142.123051395336
forecast_2307,2025-04-07 03:00:00,12954.14964957225,12978.889647159824,13898.783287710237
forecast_2308,2025-04-07 04:00:00,13565.945119277627,14264.796804703987,14430.672053391447
forecast_2309,2025-04-07 05:00:00,13618.027665866313,15148.373169331491,14709.090660385398
forecast_2310,2025-04-07 06:00:00,14689.245889460979,15550.399695351265,14758.828449106206
forecast_2311,2025-04-07 07:00:00,14887.738425741616,15625.534865757807,14421.945286208309
forecast_2312,2025-04-07 08:00:00,13946.560622181436,16372.408536413457,13414.331497699388
forecast_2313,2025-04-07 09:00:00,12213.79580502014,14628.838340049126,12583.950539267144
forecast_2314,2025-04-07 10:00:00,10028.470168288093,12616.003433037482,11271.243970231504
forecast_2315,2025-04-07 11:00:00,9448.777108460123,10132.283829187505,9839.153131207811
forecast_2316,2025-04-07 12:00:00,9325.26298272199,8881.655219930455,9462.289871816276
forecast_2317,2025-04-07 13:00:00,9724.47381081885,10077.928320340547,10121.12094449882
forecast_2318,2025-04-07 14:00:00,10671.537063225847,11022.170199786935,11075.450825011183
forecast_2319,2025-04-07 15:00:00,11882.811446732301,11846.45440321402,11773.890106733556
forecast_2320,2025-04-07 16:00:00,12756.41238808414,12761.47917181469,13105.824874290893
forecast_2321,2025-04-07 17:00:00,13606.081573434247,14053.804847289202,14144.605079423429
forecast_2322,2025-04-07 18:00:00,14091.928035649406,15351.749122113588,14889.26441799305
forecast_2323,2025-04-07 19:00:00,14374.129577515949,16428.466356617726,15568.551451113044
forecast_2324,2025-04-07 20:00:00,15120.612458181738,18418.12063638109,16850.02575627506
forecast_2325,2025-04-07 21:00:00,16529.600130811592,19012.43777793442,17592.711769165096
forecast_2326,2025-04-07 22:00:00,17197.64808346897,19160.56496515183,18183.540210115574
forecast_2327,2025-04-07 23:00:00,17401.35662584027,19255.50707825602,18619.005217013742
forecast_2328,2025-04-08 00:00:00,18365.73020239124,19264.279229699416,18903.346258173566
forecast_2329,2025-04-08 01:00:00,18270.327549019625,19387.55926654874,18681.402418306327
forecast_2330,2025-04-08 02:00:00,18349.62633532749,19514.717516152752,18644.17906644415
forecast_2331,2025-04-08 03:00:00,18715.629812518237,19549.270518553716,18603.83238024022
forecast_2332,2025-04-08 04:00:00,19047.81933265431,19635.097983068215,18497.663571392786
forecast_2333,2025-04-08 05:00:00,19096.49194257365,19504.516779797523,17978.893379878707
forecast_2334,2025-04-08 06:00:00,18523.082540185984,19140.555296281924,17617.274862985316
forecast_2335,2025-04-08 07:00:00,17620.23373427091,19095.369453350297,17102.79564706525
forecast_2336,2025-04-08 08:00:00,16590.622621813272,18282.04444258161,16051.844990353049
forecast_2337,2025-04-08 09:00:00,15923.354202987957,16969.449479921976,14088.769452260378
forecast_2338,2025-04-08 10:00:00,14573.80567937796,15615.709120566942,11768.228441708925
forecast_2339,2025-04-08 11:00:00,14012.2659404985,15161.676081102327,10703.022599827636
forecast_2340,2025-04-08 12:00:00,13469.059488103077,14154.178757409558,10158.559290370562
forecast_2341,2025-04-08 13:00:00,12840.955372100374,12647.439822158967,9240.756123357969
forecast_2342,2025-04-08 14:00:00,11801.792748609074,10965.339215381075,7862.758079157504
forecast_2343,2025-04-08 15:00:00,9797.563643355119,8420.06384617298,6656.79395982208
forecast_2344,2025-04-08 16:00:00,7185.5426916361175,5989.968090153452,5451.69648158518
forecast_2345,2025-04-08 17:00:00,4812.838802056924,4146.642547515395,4693.979981187556
forecast_2346,2025-04-08 18:00:00,3582.047128642632,3309.0021856133176,4249.036546216719
forecast_2347,2025-04-08 19:00:00,2997.249965728816,2912.7967017174883,3945.570455214907
forecast_2348,2025-04-08 20:00:00,2783.080117175984,2595.234213144539,3764.699400455872
forecast_2349,2025-04-08 21:00:00,2622.756647248408,2411.7233286526557,3774.396620965865
forecast_2350,2025-04-08 22:00:00,2731.2434949663325,2523.277233679808,3823.118974409157
forecast_2351,2025-04-08 23:00:00,2873.6518613687217,2604.591433421779,3841.614176744368
forecast_2352,2025-04-09 00:00:00,2813.0800436774844,2604.2843509406707,3972.657590200909
forecast_2353,2025-04-09 01:00:00,2880.4761672754357,2660.8309615244516,4016.8782579145272
forecast_2354,2025-04-09 02:00:00,2994.710385606328,2839.768585109833,4044.958170913344
forecast_2355,2025-04-09 03:00:00,3174.0904199661077,2891.964597183844,4030.2185432567194
forecast_2356,2025-04-09 04:00:00,3212.89574941507,2938.2844141828064,4045.7935776136223
forecast_2357,2025-04-09 05:00:00,3258.900290809414,3215.8229588166937,3977.064478807636
forecast_2358,2025-04-09 06:00:00,3278.1162651785726,3268.770743769382,3994.790427164567
forecast_2359,2025-04-09 07:00:00,3312.345323980909,3284.4095344816137,4062.9705651850354
forecast_2360,2025-04-09 08:00:00,3350.13443426787,3545.659224330381,3931.7502384366508
forecast_2361,2025-04-09 09:00:00,3134.352531081091,3420.5804083075236,3937.8300283483663
forecast_2362,2025-04-09 10:00:00,2710.5479062760687,2954.5288003488618,4001.5112730469073
forecast_2363,2025-04-09 11:00:00,2902.231498905417,3110.706832784977,4301.422680474017
forecast_2364,2025-04-09 12:00:00,3448.251962238583,3715.1402297069812,5011.950777889229
forecast_2365,2025-04-09 13:00:00,3743.821821200011,4577.856687197438,5324.849277153429
forecast_2366,2025-04-09 14:00:00,3740.824277771908,5421.743144222609,6074.598005968012
forecast_2367,2025-04-09 15:00:00,4245.177116984951,5650.677103533944,7034.512878919045
forecast_2368,2025-04-09 16:00:00,5013.896901818062,5571.468210998014,7433.979789999759
forecast_2369,2025-04-09 17:00:00,5120.926627032897,5558.614083708354,7372.493649127943
forecast_2370,2025-04-09 18:00:00,5349.583447541721,4957.7379225450995,6848.509133474221
forecast_2371,2025-04-09 19:00:00,5106.14425680163,6545.183291690746,6379.577704040981
forecast_2372,2025-04-09 20:00:00,5747.296009750299,7324.748767832698,6216.590630283203
forecast_2373,2025-04-09 21:00:00,5953.413731304305,7400.788336914151,6047.953838556138
forecast_2374,2025-04-09 22:00:00,6072.699454895604,7597.225808343079,6028.0064594090245
forecast_2375,2025-04-09 23:00:00,6146.797876067645,7215.91833684989,6307.648941960844
forecast_2376,2025-04-10 00:00:00,6542.017268023032,7667.106089396486,6980.106094807827
forecast_2377,2025-04-10 01:00:00,7554.694682655654,9102.843045283113,7281.29771915408
forecast_2378,2025-04-10 02:00:00,8165.743176406773,8770.901186628025,7575.056570510487
forecast_2379,2025-04-10 03:00:00,8927.513228729926,8392.847808037028,7884.5751155703665
forecast_2380,2025-04-10 04:00:00,8307.950619023348,7884.642762963949,7694.0484077670735
forecast_2381,2025-04-10 05:00:00,7296.631569478908,7283.153926711939,7229.837107149448
forecast_2382,2025-04-10 06:00:00,6633.104213517826,6722.667650222032,6691.034749205179
forecast_2383,2025-04-10 07:00:00,5777.410649522044,6035.8058842145965,6240.640492679757
forecast_2384,2025-04-10 08:00:00,5464.613120475804,6255.464664759891,5951.465747707552
forecast_2385,2025-04-10 09:00:00,4851.775433911037,5702.731588370197,5410.957381368964
forecast_2386,2025-04-10 10:00:00,4730.2243378863495,5511.6384816635355,5411.71090470726
forecast_2387,2025-04-10 11:00:00,4381.328450719863,5190.835088054826,5152.8809685022225
forecast_2388,2025-04-10 12:00:00,3794.334975735238,4667.007415559658,4844.813111384257
forecast_2389,2025-04-10 13:00:00,3536.6895667591,4275.000243234895,4432.019686666372
forecast_2390,2025-04-10 14:00:00,3540.8705779485526,4382.726499101817,4454.509676185699
forecast_2391,2025-04-10 15:00:00,3675.4651679457393,4733.463633974752,4601.1357264471535
forecast_2392,2025-04-10 16:00:00,3892.430258405177,4417.933476647808,4428.527660164985
forecast_2393,2025-04-10 17:00:00,3581.3519689697796,3732.4495256997975,4320.008884510845
forecast_2394,2025-04-10 18:00:00,3446.596211525664,3804.4213355621127,4151.550255705219
forecast_2395,2025-04-10 19:00:00,3418.5791838545792,3678.7673588818475,4219.3574439883105
forecast_2396,2025-04-10 20:00:00,3395.0830272529906,3502.178952897459,4293.955489075524
forecast_2397,2025-04-10 21:00:00,3542.342696282156,3635.603973174062,4396.276393826173
forecast_2398,2025-04-10 22:00:00,3672.6477361592592,4125.8618860286415,4689.621575585316
forecast_2399,2025-04-10 23:00:00,3753.437766021237,4203.371241503972,4816.321591768431
forecast_2400,2025-04-11 00:00:00,3381.1795583397716,4122.5489273395,4789.768942511312
forecast_2401,2025-04-11 01:00:00,3297.5720582476692,3776.072864029686,4724.636452345523
forecast_2402,2025-04-11 02:00:00,3278.2332943251968,3871.5737879849385,4766.649671091821
forecast_2403,2025-04-11 03:00:00,3206.3848473673706,3962.4656290672483,4750.707208673726
forecast_2404,2025-04-11 04:00:00,3103.2018092375665,3864.640461056707,4629.343230348196
forecast_2405,2025-04-11 05:00:00,2850.389239472887,3415.801339318188,4578.387419981157
forecast_2406,2025-04-11 06:00:00,2534.4032189534487,3175.2741226182725,4445.006984916003
forecast_2407,2025-04-11 07:00:00,2359.7871981766207,2762.5657766550485,4174.000647346133
forecast_2408,2025-04-11 08:00:00,2098.768647628882,2371.5195475932337,3773.840465967683
forecast_2409,2025-04-11 09:00:00,1911.93063839993,2034.4943321280796,3453.9319772179615
forecast_2410,2025-04-11 10:00:00,1612.529041910846,1721.7519188868198,3275.6430017688954
forecast_2411,2025-04-11 11:00:00,1447.6607953458881,1565.889978036545,3230.7551221281187
forecast_2412,2025-04-11 12:00:00,1433.226458780621,1603.1129153435586,3213.5690164985886
forecast_2413,2025-04-11 13:00:00,1478.2887919125346,1613.2953577376272,3257.5364695030844
forecast_2414,2025-04-11 14:00:00,1532.9718829492576,1614.3827217267549,3275.7534263918315
forecast_2415,2025-04-11 15:00:00,1714.1839266404525,1655.1985482992027,3351.3029852569093
forecast_2416,2025-04-11 16:00:00,2039.1880802475632,1864.6603106927457,3492.963560254171
forecast_2417,2025-04-11 17:00:00,2311.7273865032485,2045.967501558161,3575.9705499454176
forecast_2418,2025-04-11 18:00:00,2929.7489711275375,2101.7121648025195,3675.742849575511
forecast_2419,2025-04-11 19:00:00,3389.0585078027975,2912.447992610299,4019.0996402570613
forecast_2420,2025-04-11 20:00:00,3396.520363958761,3516.6667224629045,4360.83204539721
forecast_2421,2025-04-11 21:00:00,4061.1454411106492,3954.7521534666594,4448.877957811429
forecast_2422,2025-04-11 22:00:00,4886.438176640868,4680.782270655588,4868.100331539619
forecast_2423,2025-04-11 23:00:00,4827.384134634864,4974.03677596375,4946.512877194662
forecast_2424,2025-04-12 00:00:00,4694.952404864336,4985.790906560791,4992.249422204963
forecast_2425,2025-04-12 01:00:00,4400.196575165001,5174.139904913729,4872.86723121114
forecast_2426,2025-04-12 02:00:00,4116.571836427342,5628.153508163166,4738.7636501391535
forecast_2427,2025-04-12 03:00:00,4101.612287271474,5536.642933714356,4911.914536556634
forecast_2428,2025-04-12 04:00:00,5007.559433827197,5962.953040441689,5451.735643519234
forecast_2429,2025-04-12 05:00:00,5710.93630787594,5964.0624870067695,5546.249919881276
forecast_2430,2025-04-12 06:00:00,5676.956991202772,6422.318854045682,5707.15548479995
forecast_2431,2025-04-12 07:00:00,5960.539649242448,7283.073396277114,6142.684546435797
forecast_2432,2025-04-12 08:00:00,6322.4115641633725,9536.630178454734,6601.723125195893
forecast_2433,2025-04-12 09:00:00,6261.255789765158,10318.046788712907,7580.17598152105
forecast_2434,2025-04-12 10:00:00,5911.433597398149,10176.220722054617,8046.066126786362
forecast_2435,2025-04-12 11:00:00,6525.746535583122,10095.157838518304,8876.291931802367
forecast_2436,2025-04-12 12:00:00,7315.678689970049,10736.789296625497,9724.471662779042
forecast_2437,2025-04-12 13:00:00,9310.660020588251,11637.039145264136,10626.863879908342
forecast_2438,2025-04-12 14:00:00,9930.502029697074,12079.315521653767,10737.846339427553
forecast_2439,2025-04-12 15:00:00,9580.97407610289,11818.739803205337,10335.829306293661
forecast_2440,2025-04-12 16:00:00,10097.922163473093,12873.822855927958,10741.503869626487
forecast_2441,2025-04-12 17:00:00,10908.532606751949,14331.222199717358,11039.453638169625
forecast_2442,2025-04-12 18:00:00,12841.17150386483,13944.412129434335,11896.494704424167
forecast_2443,2025-04-12 19:00:00,15060.545427207853,14238.925229124077,12629.301309114628
forecast_2444,2025-04-12 20:00:00,16615.906670689135,15198.142692752746,13764.291261361093
forecast_2445,2025-04-12 21:00:00,17495.55537604549,16040.870510493285,14168.12559532021
forecast_2446,2025-04-12 22:00:00,18247.076538194262,16168.620896368864,13919.591187003753
forecast_2447,2025-04-12 23:00:00,18266.344550508104,16234.594505479708,14012.604276444645
forecast_2448,2025-04-13 00:00:00,17964.795435891127,16561.082276931418,14479.282350700552
forecast_2449,2025-04-13 01:00:00,17660.31344872297,16469.354096871382,13612.207992673497
forecast_2450,2025-04-13 02:00:00,16598.369723142056,17909.92710770511,13186.872779248355
forecast_2451,2025-04-13 03:00:00,17554.85752953356,19045.187534134202,14640.169849139937
forecast_2452,2025-04-13 04:00:00,17837.331213962636,19462.9575956526,15498.103487810722
forecast_2453,2025-04-13 05:00:00,17320.61372569066,19254.56875506815,15089.00076319638
forecast_2454,2025-04-13 06:00:00,17590.29675761668,18819.43895044284,15226.714303804869
forecast_2455,2025-04-13 07:00:00,18037.424706617727,18942.348763945763,15694.018717601957
forecast_2456,2025-04-13 08:00:00,17902.74098673195,19054.917759205957,16177.370983096731
forecast_2457,2025-04-13 09:00:00,18436.369640539415,18927.518159651074,16600.166333866677
forecast_2458,2025-04-13 10:00:00,17817.241710502658,18647.195248972188,16301.031301332534
forecast_2459,2025-04-13 11:00:00,15530.384955318521,18268.933176954535,15894.136167716824
forecast_2460,2025-04-13 12:00:00,14860.186918729723,18206.3621201086,15918.479811674542
forecast_2461,2025-04-13 13:00:00,14343.113314421982,18015.45822782841,15750.611912797644
forecast_2462,2025-04-13 14:00:00,13059.569078484654,17580.545692066837,15488.715235428393
forecast_2463,2025-04-13 15:00:00,13581.320183297881,17743.432292019585,15153.765083647462
forecast_2464,2025-04-13 16:00:00,14241.667936353087,17906.188840122646,15301.463418360578
forecast_2465,2025-04-13 17:00:00,15291.684556522989,18326.254926845013,16022.353664624909
forecast_2466,2025-04-13 18:00:00,17210.69212066551,18761.589371587877,16924.390448462247
forecast_2467,2025-04-13 19:00:00,18083.007623955335,18749.558769236388,17476.90195037061
forecast_2468,2025-04-13 20:00:00,18155.451939826075,19119.923612491544,17485.778190843386
forecast_2469,2025-04-13 21:00:00,18029.01134455909,18920.48060213692,17220.119212791353
forecast_2470,2025-04-13 22:00:00,17230.406852806034,18230.067438572692,17163.579358888554
forecast_2471,2025-04-13 23:00:00,15741.434926878239,16754.200427230655,16235.067569483603
forecast_2472,2025-04-14 00:00:00,14745.521722594736,16474.12860081636,15544.963352461002
forecast_2473,2025-04-14 01:00:00,13289.15102647461,15559.582957499035,14197.238040562068
forecast_2474,2025-04-14 02:00:00,11298.194752245892,15492.97418800514,12635.471585051022
forecast_2475,2025-04-14 03:00:00,10696.514778338456,15356.736047132355,9970.466695815074
forecast_2476,2025-04-14 04:00:00,9259.299662231431,14593.703342436638,8697.000769214384
forecast_2477,2025-04-14 05:00:00,7759.954710026952,9929.43729829404,8327.409239467608
forecast_2478,2025-04-14 06:00:00,6288.676580158124,7622.616621442066,6670.838376701656
forecast_2479,2025-04-14 07:00:00,5314.779259731427,5881.016190502798,6011.933196244197
forecast_2480,2025-04-14 08:00:00,4524.7633827844875,4662.945821886784,5744.549881119388
forecast_2481,2025-04-14 09:00:00,4230.601350787605,4786.013440660817,5159.892563367575
forecast_2482,2025-04-14 10:00:00,3288.6240259704136,4774.686546518095,4689.887858490223
forecast_2483,2025-04-14 11:00:00,3732.019323346611,4883.063217721487,4587.468455242329
forecast_2484,2025-04-14 12:00:00,3463.7082828224065,4365.120555751686,4597.356495797717
forecast_2485,2025-04-14 13:00:00,3431.4452423640823,3815.692023757259,4839.684312516427
forecast_2486,2025-04-14 14:00:00,2621.1409545710085,4351.5662140310915,4304.7703222331365
forecast_2487,2025-04-14 15:00:00,2531.2513878844393,3322.0216948788357,4098.292298212806
forecast_2488,2025-04-14 16:00:00,2502.385710858739,2947.9641387807824,4252.050885560351
forecast_2489,2025-04-14 17:00:00,2322.896731750658,3051.393791543791,4464.4002038382905
forecast_2490,2025-04-14 18:00:00,2553.1334487595036,3317.0648057351045,4725.663087973789
forecast_2491,2025-04-14 19:00:00,2930.753821995871,3589.7978520933666,4817.381308074046
forecast_2492,2025-04-14 20:00:00,3199.729257830293,3878.911289283626,5063.655604690058
forecast_2493,2025-04-14 21:00:00,3428.1873894164937,4021.891767807117,5381.182276846988
forecast_2494,2025-04-14 22:00:00,4033.5409075191083,4442.596716414279,5596.716698597601
forecast_2495,2025-04-14 23:00:00,4810.625947752483,4522.801607700542,5700.42464070194
forecast_2496,2025-04-15 00:00:00,5010.804162849471,4810.226292848213,5808.68929495532
forecast_2497,2025-04-15 01:00:00,5537.466177143074,5296.070091994671,6441.442807492193
forecast_2498,2025-04-15 02:00:00,6067.9672090454715,5770.8742885827805,6186.544188712743
forecast_2499,2025-04-15 03:00:00,5992.7097538454955,6700.948954496287,6142.716913747721
forecast_2500,2025-04-15 04:00:00,5742.764170749928,7160.632383018613,6276.273067179407
forecast_2501,2025-04-15 05:00:00,6344.805004870545,7281.331707430402,6492.3137532012115
forecast_2502,2025-04-15 06:00:00,6942.283461616687,9039.303516624419,7279.419001061691
forecast_2503,2025-04-15 07:00:00,7803.908266774515,9930.62045423036,8239.239544945143
forecast_2504,2025-04-15 08:00:00,7871.00491395346,10795.074604740588,8235.508648198635
forecast_2505,2025-04-15 09:00:00,7842.061084556268,10610.701438922872,8498.344773222187
forecast_2506,2025-04-15 10:00:00,7713.696601375477,10633.66763400077,8782.862632223601
forecast_2507,2025-04-15 11:00:00,7379.178687162424,10208.108926318433,8533.849594742873
forecast_2508,2025-04-15 12:00:00,7427.710562038669,9110.24123812319,8152.356092207617
forecast_2509,2025-04-15 13:00:00,9217.680462700944,9340.396808707676,8228.155316098717
forecast_2510,2025-04-15 14:00:00,10931.244082228064,10317.79997727813,8792.397308108695
forecast_2511,2025-04-15 15:00:00,11515.347641839016,10961.632710404629,9102.745135687184
forecast_2512,2025-04-15 16:00:00,12243.754874334423,11001.819449981525,8912.927910160759
forecast_2513,2025-04-15 17:00:00,12843.692169555594,11112.412224158585,9704.498717931652
forecast_2514,2025-04-15 18:00:00,13662.631949101531,12275.694333374577,11046.103292849817
forecast_2515,2025-04-15 19:00:00,14470.76530294467,13815.97772941993,12432.377620635347
forecast_2516,2025-04-15 20:00:00,14834.515378661818,15258.391993959183,14528.018047122381
forecast_2517,2025-04-15 21:00:00,14763.818975910712,16187.733816409484,14846.069330513548
forecast_2518,2025-04-15 22:00:00,15491.997821951729,17069.017235677202,15675.961215802756
forecast_2519,2025-04-15 23:00:00,15868.897105791868,17771.19858424193,16481.427135548103
forecast_2520,2025-04-16 00:00:00,15449.769218371028,18085.34290469343,16420.376681530026
forecast_2521,2025-04-16 01:00:00,15629.83175617492,18125.375470083378,16018.262948056108
forecast_2522,2025-04-16 02:00:00,15968.361390190385,17931.324918338312,15755.155476819053
forecast_2523,2025-04-16 03:00:00,15265.371820686545,17649.384302456976,15151.934321556024
forecast_2524,2025-04-16 04:00:00,14689.226494022485,17200.540936460773,14985.383515726959
forecast_2525,2025-04-16 05:00:00,14712.67032751696,16540.110938388192,15268.685578442197
forecast_2526,2025-04-16 06:00:00,14604.29203806277,16554.48518936645,15486.897513368782
forecast_2527,2025-04-16 07:00:00,13449.327887429175,16527.969686966884,13608.834237568439
forecast_2528,2025-04-16 08:00:00,13111.478871135592,16050.328049970303,13060.269499000718
forecast_2529,2025-04-16 09:00:00,11744.340806935852,13975.455259056675,12044.040608890527
forecast_2530,2025-04-16 10:00:00,10660.971207652849,11556.216407726974,10892.565441740391
forecast_2531,2025-04-16 11:00:00,10960.708718787724,10013.54881714886,10449.894186078469
forecast_2532,2025-04-16 12:00:00,11903.563584588243,10617.259547057962,10767.234199500872
forecast_2533,2025-04-16 13:00:00,12699.961026542322,13099.972386796397,11721.021247806582
forecast_2534,2025-04-16 14:00:00,13892.34242541853,15469.419725985455,12777.067943628796
forecast_2535,2025-04-16 15:00:00,14591.414544882278,16553.05562872881,13829.52309521406
forecast_2536,2025-04-16 16:00:00,15036.886187212178,16993.89433065886,14707.376828396367
forecast_2537,2025-04-16 17:00:00,15845.398166600877,17636.613110571543,15894.941970750238
forecast_2538,2025-04-16 18:00:00,17090.540226687564,18772.473814135494,16609.58264806237
forecast_2539,2025-04-16 19:00:00,17524.332687616283,19240.78045935149,17186.253881384033
forecast_2540,2025-04-16 20:00:00,18004.164513014075,19233.835829390468,17742.38204116789
forecast_2541,2025-04-16 21:00:00,17905.36847409059,19234.89000714793,17709.37175953133
forecast_2542,2025-04-16 22:00:00,17820.354582788033,19225.65597462417,17413.47013594772
forecast_2543,2025-04-16 23:00:00,18406.589578923842,19712.765994085155,17127.63738462535
forecast_2544,2025-04-17 00:00:00,18322.88194251606,19507.898336789625,17205.140096819152
forecast_2545,2025-04-17 01:00:00,18107.25298891946,18932.59388859688,16503.947703152116
forecast_2546,2025-04-17 02:00:00,17527.69733728829,19127.447198327776,16337.332260727278
forecast_2547,2025-04-17 03:00:00,17480.212889863316,19266.541087397374,16011.780241109878
forecast_2548,2025-04-17 04:00:00,16926.962237832195,19033.043201374574,15516.294679930133
forecast_2549,2025-04-17 05:00:00,16723.266382232112,18475.24911618507,14995.115484282642
forecast_2550,2025-04-17 06:00:00,16381.654889949023,17868.46445298525,13889.570851782288
forecast_2551,2025-04-17 07:00:00,14999.094163910517,16950.0714319254,14288.15339783713
forecast_2552,2025-04-17 08:00:00,14593.566069692126,16013.428010314827,14149.514934721636
forecast_2553,2025-04-17 09:00:00,13004.898091896473,14295.28366477551,11926.525811215339
forecast_2554,2025-04-17 10:00:00,10464.551378487868,12768.821470017316,10761.070246816682
forecast_2555,2025-04-17 11:00:00,9966.884792715287,12053.22925215125,10369.419117881582
forecast_2556,2025-04-17 12:00:00,9738.773796335048,11287.777516005972,10086.975185544181
forecast_2557,2025-04-17 13:00:00,9388.919264190057,11237.181531119559,10350.29722816906
forecast_2558,2025-04-17 14:00:00,9930.695278224794,13234.691440386347,11118.871893491592
forecast_2559,2025-04-17 15:00:00,10577.561616468807,12732.223283011546,11785.01112803183
forecast_2560,2025-04-17 16:00:00,11150.717334496403,12751.71729897985,12145.645076383382
forecast_2561,2025-04-17 17:00:00,11288.960123257875,12317.283461806092,12242.169513956645
forecast_2562,2025-04-17 18:00:00,11254.39020342234,12313.581152821738,12387.094091942092
forecast_2563,2025-04-17 19:00:00,12327.651639372743,14173.450962869163,12658.450129645988
forecast_2564,2025-04-17 20:00:00,12735.815969165968,15618.032913778228,12831.06022494405
forecast_2565,2025-04-17 21:00:00,13977.617522301545,16836.199563979913,13441.911488848971
forecast_2566,2025-04-17 22:00:00,14335.784746581794,17807.09258166229,14379.779363463535
forecast_2567,2025-04-17 23:00:00,15203.070577701139,18561.986658217997,15069.367889156612
forecast_2568,2025-04-18 00:00:00,17227.985898213556,19010.51595423698,16395.688295197317
forecast_2569,2025-04-18 01:00:00,17943.724720253318,19299.88469918639,15695.602309301554
forecast_2570,2025-04-18 02:00:00,17943.064699738632,19165.10960618706,16379.846969374747
forecast_2571,2025-04-18 03:00:00,18355.11510916064,19106.501299132666,16727.085731806616
forecast_2572,2025-04-18 04:00:00,18787.631065166694,18978.58782067842,16651.789056524045
forecast_2573,2025-04-18 05:00:00,18625.95370969797,18856.34347086757,16038.849861797149
forecast_2574,2025-04-18 06:00:00,17999.922010201022,18218.597223222685,14760.240432364917
forecast_2575,2025-04-18 07:00:00,16805.231850637174,16807.061704428448,13946.658210850968
forecast_2576,2025-04-18 08:00:00,14529.765976240891,15292.05689317342,12261.264880890922
forecast_2577,2025-04-18 09:00:00,12321.265380541761,13346.343054459307,10223.245075471967
forecast_2578,2025-04-18 10:00:00,10190.602497411539,10469.938204069613,10117.72385305264
forecast_2579,2025-04-18 11:00:00,9930.1441922749,11183.45370167896,10120.707321581502
forecast_2580,2025-04-18 12:00:00,10251.006219966115,11502.041756042696,9740.140440382505
forecast_2581,2025-04-18 13:00:00,9586.684550903477,9486.92808352008,8950.088251942732
forecast_2582,2025-04-18 14:00:00,9245.594011122119,8351.31802597862,8727.28580061683
forecast_2583,2025-04-18 15:00:00,8345.197394121116,7589.073337314574,8248.010573817606
forecast_2584,2025-04-18 16:00:00,7689.406321814299,7327.535270182638,8141.673865414154
forecast_2585,2025-04-18 17:00:00,7606.552250093732,7687.462591881331,8209.452854296938
forecast_2586,2025-04-18 18:00:00,8631.050764339037,8661.77676770039,8606.520102282106
forecast_2587,2025-04-18 19:00:00,9650.082767189957,11093.114418553247,9085.294635288414
forecast_2588,2025-04-18 20:00:00,10655.072194794577,11953.511118570048,9297.609015384938
forecast_2589,2025-04-18 21:00:00,10717.903341850295,11215.347307625465,9518.360445628161
forecast_2590,2025-04-18 22:00:00,11632.051787869881,12978.142137293207,9944.523335867534
forecast_2591,2025-04-18 23:00:00,11164.535746624624,13913.656075608815,10404.100125559042
forecast_2592,2025-04-19 00:00:00,11461.659111517569,14311.560721361704,11182.14454193646
forecast_2593,2025-04-19 01:00:00,12860.654219076952,16297.500272876187,11152.581646977453
forecast_2594,2025-04-19 02:00:00,13344.771309234031,17078.829327351646,11980.924851562624
forecast_2595,2025-04-19 03:00:00,13009.451209674233,17021.628461522145,12868.35820537147
forecast_2596,2025-04-19 04:00:00,13624.449457665873,17562.587929414873,12529.609365885186
forecast_2597,2025-04-19 05:00:00,12917.309753340218,16955.513901326685,12372.977560192421
forecast_2598,2025-04-19 06:00:00,12120.10755055898,16172.017394920507,11853.882358091494
forecast_2599,2025-04-19 07:00:00,11127.478235531838,14744.56580541619,11768.697193713928
forecast_2600,2025-04-19 08:00:00,10804.333579662689,14627.044881608294,11570.374077799079
forecast_2601,2025-04-19 09:00:00,10939.976953426376,14949.139017519708,11617.357972672333
forecast_2602,2025-04-19 10:00:00,12214.868216843008,15387.297703319193,11974.752337094582
forecast_2603,2025-04-19 11:00:00,12109.732593023611,15377.120581550495,12854.765038617197
forecast_2604,2025-04-19 12:00:00,12194.129126353264,17440.42010335463,14821.087538726151
forecast_2605,2025-04-19 13:00:00,13610.377226881157,17989.11118192764,15339.092689827494
forecast_2606,2025-04-19 14:00:00,15773.00623624267,18230.94506773232,15751.021004365768
forecast_2607,2025-04-19 15:00:00,16033.03653073901,18753.315030493002,16116.366265667391
forecast_2608,2025-04-19 16:00:00,15995.293524097211,18670.020128145596,16823.711773377534
forecast_2609,2025-04-19 17:00:00,16588.04933377928,18591.385336265408,17386.020990905432
forecast_2610,2025-04-19 18:00:00,17314.478772178052,18992.64820239938,16778.944177058103
forecast_2611,2025-04-19 19:00:00,18064.41027174554,18530.163639063012,16387.309387087655
forecast_2612,2025-04-19 20:00:00,17212.271218880476,18842.34605988579,15956.495957972076
forecast_2613,2025-04-19 21:00:00,16528.47793214066,17815.202834835,15589.420924073333
forecast_2614,2025-04-19 22:00:00,15168.318150126084,15601.569654734541,13062.097492278584
forecast_2615,2025-04-19 23:00:00,13005.029082542529,14655.305735859873,10954.255570325262
forecast_2616,2025-04-20 00:00:00,11449.71025724387,12449.22987563361,10104.644257744525
forecast_2617,2025-04-20 01:00:00,9275.876957242097,9597.905521303754,8972.94016340248
forecast_2618,2025-04-20 02:00:00,7860.535566328938,7519.807588190019,7856.75019495754
forecast_2619,2025-04-20 03:00:00,6376.9436257679135,6332.949346368604,6666.464569338265
forecast_2620,2025-04-20 04:00:00,5024.029273509006,4544.010810586178,5407.152852295125
forecast_2621,2025-04-20 05:00:00,4057.330982152029,3499.110532383702,4584.953031989333
forecast_2622,2025-04-20 06:00:00,3316.682663568296,3059.137544442277,4090.311747668339
forecast_2623,2025-04-20 07:00:00,3111.0473817689035,2898.700262936114,3743.0479430914284
forecast_2624,2025-04-20 08:00:00,2839.5957690978094,2586.629448003975,3482.2908858831497
forecast_2625,2025-04-20 09:00:00,2661.89478052037,2429.867988139102,3460.4888195017334
forecast_2626,2025-04-20 10:00:00,2287.7983787377334,2138.6682563912186,3431.649817074432
forecast_2627,2025-04-20 11:00:00,2186.0337547844815,1868.5802969633087,3500.3849305630115
forecast_2628,2025-04-20 12:00:00,2101.980719366084,1894.936235106701,3438.5370391893343
forecast_2629,2025-04-20 13:00:00,1988.0518745091708,1929.9834046103715,3366.250322282719
forecast_2630,2025-04-20 14:00:00,1939.6024161790353,1946.2042734282566,3411.2887607762937
forecast_2631,2025-04-20 15:00:00,1991.5512066479484,1947.8238995795255,3503.8654097290573
forecast_2632,2025-04-20 16:00:00,2038.7209497354866,1922.9895370158488,3446.264054032996
forecast_2633,2025-04-20 17:00:00,2179.830802229557,1943.6019981381269,3398.796059614169
forecast_2634,2025-04-20 18:00:00,2339.301476572329,1856.4524140383046,3456.9204762971785
forecast_2635,2025-04-20 19:00:00,2516.639990216176,1907.4208987485888,3527.9665510368814
forecast_2636,2025-04-20 20:00:00,2561.5420406196,1969.2997569756335,3638.75771028732
forecast_2637,2025-04-20 21:00:00,2563.794166271605,2104.1342473930613,3724.762879770849
forecast_2638,2025-04-20 22:00:00,2702.762716728295,2171.1145977218116,3803.6258877736027
forecast_2639,2025-04-20 23:00:00,2578.723344415497,2272.0120779944027,3816.088794422328
forecast_2640,2025-04-21 00:00:00,2362.7782922709557,2206.7663600094784,3865.605867969868
forecast_2641,2025-04-21 01:00:00,2528.185152984121,2528.0755062688695,3809.339413796996
forecast_2642,2025-04-21 02:00:00,2660.7513356616896,2364.047314552025,3833.600765837844
forecast_2643,2025-04-21 03:00:00,2686.5977678525883,2576.398413473137,3909.6451365911335
forecast_2644,2025-04-21 04:00:00,2941.425526334542,2456.9396920499375,3924.741902572403
forecast_2645,2025-04-21 05:00:00,3221.907046149132,2716.3477631466917,4032.3868521088916
forecast_2646,2025-04-21 06:00:00,3498.4120635320946,2925.127468456038,4053.9958283400206
forecast_2647,2025-04-21 07:00:00,3679.3301329537408,3434.0891224793886,3991.9799654070794
forecast_2648,2025-04-21 08:00:00,3564.6760625496663,3617.2933035170595,3909.307491943473
forecast_2649,2025-04-21 09:00:00,3218.3335428873643,3365.9174588864726,3777.565852910146
forecast_2650,2025-04-21 10:00:00,2747.333048390781,2810.8232886969004,3731.733573908669
forecast_2651,2025-04-21 11:00:00,2586.774920727905,2569.9340834139716,3777.237844039402
forecast_2652,2025-04-21 12:00:00,2486.6305503624217,2626.220598567567,3808.7297847913655
forecast_2653,2025-04-21 13:00:00,2481.202342778113,2694.158417286365,4008.929247002694
forecast_2654,2025-04-21 14:00:00,2640.0689563565693,2659.0467666393674,4031.4029500669567
forecast_2655,2025-04-21 15:00:00,2790.751215667893,2460.2263807207264,4067.328190638737
forecast_2656,2025-04-21 16:00:00,2981.197846815347,2447.515306488792,4089.2551449709918
forecast_2657,2025-04-21 17:00:00,2915.6977679047823,2395.5922656473836,4276.236967249308
forecast_2658,2025-04-21 18:00:00,3246.922512021153,2716.7585675139353,4491.355855588683
forecast_2659,2025-04-21 19:00:00,4233.7869274849145,3674.3451001152876,5085.810153418821
forecast_2660,2025-04-21 20:00:00,5476.351668339499,5112.428421444425,5489.941943508547
forecast_2661,2025-04-21 21:00:00,5727.386176610806,6598.346835631627,5582.080883177929
forecast_2662,2025-04-21 22:00:00,6687.523819767163,8388.550538097765,6057.730211340309
forecast_2663,2025-04-21 23:00:00,6899.383026452566,9260.721886011548,6322.166473256995
forecast_2664,2025-04-22 00:00:00,6608.39235537811,7358.035808588333,6484.68282883877
forecast_2665,2025-04-22 01:00:00,7005.604400611551,6812.829879952732,6977.976790680379
forecast_2666,2025-04-22 02:00:00,7131.7697407346695,7943.739173504711,7195.133908787703
forecast_2667,2025-04-22 03:00:00,6606.9374620776025,7103.041620367707,6753.9887096079065
forecast_2668,2025-04-22 04:00:00,6179.045831485602,6957.1853503886505,6413.987697589371
forecast_2669,2025-04-22 05:00:00,5236.382544291157,7229.769062525596,6294.1594285931
forecast_2670,2025-04-22 06:00:00,4496.073807868203,5691.075366122208,5814.090427674593
forecast_2671,2025-04-22 07:00:00,4354.449773107973,4998.424150791079,5592.865910615241
forecast_2672,2025-04-22 08:00:00,4921.622140505428,5589.714071590679,5808.204539591408
forecast_2673,2025-04-22 09:00:00,5020.559865574847,6279.2878397561035,6533.04674252799
forecast_2674,2025-04-22 10:00:00,5296.732980233399,7148.499047629099,7499.428071086217
forecast_2675,2025-04-22 11:00:00,6187.204424880304,7979.958747326089,8645.893875549746
forecast_2676,2025-04-22 12:00:00,7024.21633309499,9195.935757424359,8970.333178478562
forecast_2677,2025-04-22 13:00:00,7096.570751912813,8426.78468333633,8509.409078869314
forecast_2678,2025-04-22 14:00:00,6841.753392156599,7332.330595789794,7482.523639463749
forecast_2679,2025-04-22 15:00:00,6163.658769795611,7771.723592924621,6540.019991229727
forecast_2680,2025-04-22 16:00:00,4916.866468895146,7255.898716337097,5686.045330155158
forecast_2681,2025-04-22 17:00:00,3954.5073581324987,4926.933504587258,5177.255357543557
forecast_2682,2025-04-22 18:00:00,3302.9100243689463,3728.226612509178,4855.2422358165095
forecast_2683,2025-04-22 19:00:00,3401.0075767881676,3744.365293300668,4594.842920494023
forecast_2684,2025-04-22 20:00:00,3917.7360308177426,3981.685171035948,4847.501879626813
forecast_2685,2025-04-22 21:00:00,4111.414964125871,3988.1724199771184,5267.366459225241
forecast_2686,2025-04-22 22:00:00,3999.3243092246694,3871.0244512691565,5238.0251958384015
forecast_2687,2025-04-22 23:00:00,4023.4762165476614,3864.0155797461025,5402.87086113701
forecast_2688,2025-04-23 00:00:00,3996.174281631904,4077.859883253702,5633.859296571561
forecast_2689,2025-04-23 01:00:00,3889.5902314800182,3764.950490595911,5816.947378406283
forecast_2690,2025-04-23 02:00:00,3925.8829458818736,4117.2262722266105,5893.185434773637
forecast_2691,2025-04-23 03:00:00,4257.324453281496,4328.058300058854,5953.497442093598
forecast_2692,2025-04-23 04:00:00,4352.643277009975,4623.422030130386,6086.9453027536865
forecast_2693,2025-04-23 05:00:00,4597.077606095948,4761.464813152188,5768.406428478519
forecast_2694,2025-04-23 06:00:00,4505.644139195824,4689.494892101537,5624.88830248365
forecast_2695,2025-04-23 07:00:00,4398.379246669051,4476.211249582464,5381.532549367452
forecast_2696,2025-04-23 08:00:00,3753.2230914996203,3838.4738163648008,4784.373637512445
forecast_2697,2025-04-23 09:00:00,3379.9929862097883,3131.720224467422,4379.518395862579
forecast_2698,2025-04-23 10:00:00,2724.9535677386175,2808.461651642895,4017.8872271439946
forecast_2699,2025-04-23 11:00:00,2421.2634628624164,2674.1257655727422,3750.153480974759
forecast_2700,2025-04-23 12:00:00,2259.2163817124388,2348.946183509996,3518.270727357805
forecast_2701,2025-04-23 13:00:00,2182.6355880533883,2064.336032877773,3380.6628005978837
forecast_2702,2025-04-23 14:00:00,2340.6510589350473,2120.3549225596876,3370.7415639229844
forecast_2703,2025-04-23 15:00:00,2521.02889148114,2443.2717084410638,3365.2440189283607
forecast_2704,2025-04-23 16:00:00,2806.31869821227,2533.7656428615796,3448.6453543372363
forecast_2705,2025-04-23 17:00:00,3266.9711153682792,2806.3662865925107,3629.4083827811405
forecast_2706,2025-04-23 18:00:00,3874.529868156574,3169.6075126403202,3923.568391157901
forecast_2707,2025-04-23 19:00:00,4934.040562944693,4221.965159270635,4698.236205032836
forecast_2708,2025-04-23 20:00:00,6594.033136741275,6192.97788381561,5880.339293056199
forecast_2709,2025-04-23 21:00:00,7794.750327253186,8903.99360670491,7428.219993893607
forecast_2710,2025-04-23 22:00:00,10380.850532220364,12227.72303851344,9320.382875406816
forecast_2711,2025-04-23 23:00:00,13014.969637499536,15588.143741881548,10780.510953136634
forecast_2712,2025-04-24 00:00:00,14478.503032831832,16339.479662950806,12252.422506439572
forecast_2713,2025-04-24 01:00:00,15773.105801217589,14932.487452446372,13175.39577074807
forecast_2714,2025-04-24 02:00:00,16226.39997350924,14745.215172240292,14181.104325049264
forecast_2715,2025-04-24 03:00:00,16632.905103495188,15284.572828546097,14775.665481454767
forecast_2716,2025-04-24 04:00:00,17383.257713062063,15039.471955867117,15044.985620911486
forecast_2717,2025-04-24 05:00:00,16987.154068696334,15095.925348755834,14801.889158373408
forecast_2718,2025-04-24 06:00:00,17374.35637045087,16085.506763088175,14290.36205969831
forecast_2719,2025-04-24 07:00:00,16628.592482805143,16982.427203244813,12927.255468228672
forecast_2720,2025-04-24 08:00:00,13709.153856374618,16309.016600069175,11657.760915275965
forecast_2721,2025-04-24 09:00:00,10832.913281550263,14206.515913061186,9939.876832644983
forecast_2722,2025-04-24 10:00:00,8347.64548318588,11323.864940519768,9080.817679506788
forecast_2723,2025-04-24 11:00:00,8364.605739973487,10534.850848938524,9516.976865790853
forecast_2724,2025-04-24 12:00:00,9803.799438784923,11455.038927999742,10236.953001205535
forecast_2725,2025-04-24 13:00:00,11187.953902958885,12004.288997189571,11012.455655756225
forecast_2726,2025-04-24 14:00:00,12751.762772241269,13629.391844340009,11957.578666216723
forecast_2727,2025-04-24 15:00:00,13913.556749201769,15568.646843565533,12963.491712035684
forecast_2728,2025-04-24 16:00:00,14520.222599212619,16324.970101020492,13410.537843088548
forecast_2729,2025-04-24 17:00:00,14441.47560137376,16526.93663215075,13931.336650789763
forecast_2730,2025-04-24 18:00:00,15721.403626549461,17269.44295025124,15114.013315018312
forecast_2731,2025-04-24 19:00:00,15962.708995523859,17738.3844937064,15458.120814151524
forecast_2732,2025-04-24 20:00:00,15778.73573909441,17710.782922555758,15360.679626749179
forecast_2733,2025-04-24 21:00:00,15763.088716259428,17295.433671896157,14899.424457961512
forecast_2734,2025-04-24 22:00:00,15150.804392331856,15778.27347897699,13637.756711476566
forecast_2735,2025-04-24 23:00:00,14634.907242988083,15268.734435195516,13140.147956978264
forecast_2736,2025-04-25 00:00:00,14551.904325445332,15401.524800071675,12785.124996424267
forecast_2737,2025-04-25 01:00:00,14401.8728375013,16693.41962852625,11976.09668536757
forecast_2738,2025-04-25 02:00:00,13789.970065597918,15552.367475274568,10669.071936238624
forecast_2739,2025-04-25 03:00:00,13243.337546563733,15026.024365941736,10184.500216507631
forecast_2740,2025-04-25 04:00:00,13290.485418533066,14678.00123574728,9945.436615044748
forecast_2741,2025-04-25 05:00:00,13733.39090984677,15123.863383925509,10190.772588017655
forecast_2742,2025-04-25 06:00:00,13590.544849085305,15001.02692671189,10393.270061208055
forecast_2743,2025-04-25 07:00:00,12936.023481797803,14194.104143406621,9908.244658046104
forecast_2744,2025-04-25 08:00:00,12605.568956510302,13001.50163273396,9062.20560165004
forecast_2745,2025-04-25 09:00:00,12528.31003487973,12865.426774506688,8851.853257227232
forecast_2746,2025-04-25 10:00:00,12414.05492540174,11846.099696706318,8611.983056733305
forecast_2747,2025-04-25 11:00:00,12365.440786213227,11730.854043613024,8472.696103578452
forecast_2748,2025-04-25 12:00:00,12298.594190582173,11426.492329543838,8237.933857129232
forecast_2749,2025-04-25 13:00:00,12483.88169218314,10870.999051397383,8060.228208517548
forecast_2750,2025-04-25 14:00:00,12114.361656815261,10472.027613639468,8143.849760621408
forecast_2751,2025-04-25 15:00:00,12017.624057706878,10256.591434611053,8319.727142600561
forecast_2752,2025-04-25 16:00:00,12102.716245410596,9737.284152655133,8095.974900762367
forecast_2753,2025-04-25 17:00:00,12102.772191021568,9315.96600467898,8005.209743674111
forecast_2754,2025-04-25 18:00:00,12300.674471294176,8695.852079563461,8406.029506090585
forecast_2755,2025-04-25 19:00:00,11957.619421330788,8883.157902139508,9339.302260137087
forecast_2756,2025-04-25 20:00:00,11706.735226741073,9602.85358194002,9790.747198598878
forecast_2757,2025-04-25 21:00:00,12327.414325670303,10046.870635722526,10844.719900302136
forecast_2758,2025-04-25 22:00:00,12724.609505536642,10068.691629700632,10952.1047362408
forecast_2759,2025-04-25 23:00:00,11767.04634263161,9917.549556971087,10233.06955314975
forecast_2760,2025-04-26 00:00:00,11309.521047731625,10617.196071518638,10590.140520194687
forecast_2761,2025-04-26 01:00:00,10889.447564619677,12828.76176385921,10579.15407949594
forecast_2762,2025-04-26 02:00:00,11179.729634082574,15567.42930198502,10601.983633136335
forecast_2763,2025-04-26 03:00:00,11824.003102999677,16135.105079565328,11847.310513058206
forecast_2764,2025-04-26 04:00:00,12791.798089772532,15985.050364016217,11967.933052646104
forecast_2765,2025-04-26 05:00:00,13705.103052676513,16436.960214244806,12056.809372842734
forecast_2766,2025-04-26 06:00:00,14479.436809548673,16177.568811316289,13208.031912346274
forecast_2767,2025-04-26 07:00:00,14780.117005806293,15367.75747149191,13451.265653178658
forecast_2768,2025-04-26 08:00:00,15185.123669369925,13655.240499098836,14295.90345807142
forecast_2769,2025-04-26 09:00:00,13443.711232412603,12994.80301272109,13696.180958421286
forecast_2770,2025-04-26 10:00:00,12781.853958790647,13219.770119803477,12909.331656818094
forecast_2771,2025-04-26 11:00:00,13097.47650125432,13605.321476483336,12712.587949795081
forecast_2772,2025-04-26 12:00:00,14167.78453215864,14414.706053364021,13287.626847255728
forecast_2773,2025-04-26 13:00:00,14396.529220927496,15034.901872883496,13173.570083238328
forecast_2774,2025-04-26 14:00:00,14683.0093282261,15421.357656138754,13196.33917605507
forecast_2775,2025-04-26 15:00:00,15153.022189783189,16337.071269980159,14113.296400733369
forecast_2776,2025-04-26 16:00:00,15146.998388804644,17021.487360095904,14416.641984683227
forecast_2777,2025-04-26 17:00:00,15540.582176423719,17614.261169307974,15695.403219684293
forecast_2778,2025-04-26 18:00:00,16025.442698349754,18315.257673083488,16693.652088662246
forecast_2779,2025-04-26 19:00:00,16847.82235076588,18443.041274568328,17417.116683247423
forecast_2780,2025-04-26 20:00:00,17102.083226428716,18543.8955949789,18036.096304552655
forecast_2781,2025-04-26 21:00:00,17245.4844680342,18464.22455294719,18166.36937678392
forecast_2782,2025-04-26 22:00:00,17566.464888267103,18396.141719893974,18264.472315514882
forecast_2783,2025-04-26 23:00:00,18431.974785034126,18911.126975170144,18203.82065044701
forecast_2784,2025-04-27 00:00:00,18999.87547745552,19162.26350504006,18320.587792115057
forecast_2785,2025-04-27 01:00:00,19394.79450830999,19146.7495545811,18194.51852120147
forecast_2786,2025-04-27 02:00:00,19186.18574188741,19326.03946760493,18201.18291484699
forecast_2787,2025-04-27 03:00:00,19064.767753319502,19420.89379174923,18393.171606297394
forecast_2788,2025-04-27 04:00:00,18459.74411855093,18964.549072786787,18336.233851604782
forecast_2789,2025-04-27 05:00:00,18257.105929676363,18552.128840576763,18014.747158012608
forecast_2790,2025-04-27 06:00:00,18559.46225810598,18506.119083955688,17799.654396245256
forecast_2791,2025-04-27 07:00:00,17653.495388763477,18031.30189817357,17163.07052941856
forecast_2792,2025-04-27 08:00:00,16916.380232719643,17936.505573799557,16172.01466908583
forecast_2793,2025-04-27 09:00:00,15486.750436413764,17763.95477750494,15504.784135000991
forecast_2794,2025-04-27 10:00:00,13630.360944162141,17114.532153813176,14154.572187211486
forecast_2795,2025-04-27 11:00:00,13211.20804781575,17143.4695936417,13550.150686697418
forecast_2796,2025-04-27 12:00:00,14314.662431927642,18007.79357802112,14273.485022469456
forecast_2797,2025-04-27 13:00:00,15022.943905437398,18383.918517363574,14344.449997763313
forecast_2798,2025-04-27 14:00:00,14520.060560803051,18228.425391140183,14405.901036509218
forecast_2799,2025-04-27 15:00:00,14066.083494729239,17145.753940714538,14033.491599925303
forecast_2800,2025-04-27 16:00:00,14027.843979340721,16076.472108891408,13592.743394051467
forecast_2801,2025-04-27 17:00:00,14136.64670359205,16105.051490028365,13475.391662503036
forecast_2802,2025-04-27 18:00:00,14531.412214195687,15690.476408813818,14049.658335327587
forecast_2803,2025-04-27 19:00:00,14698.191072687783,16096.054046393492,14318.498643725387
forecast_2804,2025-04-27 20:00:00,15248.038956989953,17193.21255051406,14549.996001802501
forecast_2805,2025-04-27 21:00:00,14927.521642500036,17836.983505139477,14143.856118998541
forecast_2806,2025-04-27 22:00:00,16115.262365846225,18395.218028106057,14371.988347760378
forecast_2807,2025-04-27 23:00:00,15850.849972444288,17917.18455065255,14331.059033185085
forecast_2808,2025-04-28 00:00:00,16082.280918747418,17933.813954661808,13695.227700312196
forecast_2809,2025-04-28 01:00:00,14793.229251241068,17317.522626878403,13888.79077977608
forecast_2810,2025-04-28 02:00:00,13789.986012892901,16824.492311246293,13665.156638698292
forecast_2811,2025-04-28 03:00:00,13406.815200118124,15526.238474828482,12617.872153039772
forecast_2812,2025-04-28 04:00:00,13838.014572518912,14342.495289146442,11726.720563568893
forecast_2813,2025-04-28 05:00:00,12213.105839345248,10864.908423752855,10241.439528500821
forecast_2814,2025-04-28 06:00:00,9720.625930718319,8936.040056074457,9364.16448835393
forecast_2815,2025-04-28 07:00:00,8441.673653861457,8148.06737296038,8597.49657017654
forecast_2816,2025-04-28 08:00:00,7264.648597931864,7792.898991761429,6852.962600794384
forecast_2817,2025-04-28 09:00:00,6952.265840656879,7455.2660923885305,5952.399353733828
forecast_2818,2025-04-28 10:00:00,7130.4347204229525,6932.217039391613,6043.561216385466
forecast_2819,2025-04-28 11:00:00,8697.543472158648,7645.668960899753,6930.825186932417
forecast_2820,2025-04-28 12:00:00,10978.887019987102,9907.130498928584,8353.651846166556
forecast_2821,2025-04-28 13:00:00,11926.988723540759,10988.75962277171,7875.165091620605
forecast_2822,2025-04-28 14:00:00,12138.985209803333,10835.200466284727,7378.66256798269
forecast_2823,2025-04-28 15:00:00,10917.700454933161,9890.316143906244,6537.609752785271
forecast_2824,2025-04-28 16:00:00,9284.693002647264,7491.368962950801,5866.506857532413
forecast_2825,2025-04-28 17:00:00,6858.840216941468,5738.300909987146,5451.104132422371
forecast_2826,2025-04-28 18:00:00,5295.6123914747495,5082.758991466255,5158.092577923025
forecast_2827,2025-04-28 19:00:00,4611.841839527155,5452.995388114278,5079.359114706592
forecast_2828,2025-04-28 20:00:00,5117.848311190189,5449.403456190585,5233.399258343121
forecast_2829,2025-04-28 21:00:00,5339.240369741456,5513.476994466188,5215.255451172222
forecast_2830,2025-04-28 22:00:00,5873.641657148722,5950.309657897493,5258.880961450472
forecast_2831,2025-04-28 23:00:00,5685.742838389462,6465.2931953229645,5160.264382677629
forecast_2832,2025-04-29 00:00:00,4998.630177958284,5697.69552737214,5174.498924640121
forecast_2833,2025-04-29 01:00:00,4265.625270877018,4341.077130643264,4611.625303729964
forecast_2834,2025-04-29 02:00:00,3961.210709381304,3983.8277505741244,4528.691580696148
forecast_2835,2025-04-29 03:00:00,3712.470798877146,3985.1782792441127,4540.006585949276
forecast_2836,2025-04-29 04:00:00,3759.1983871783905,4104.328664746521,4590.999265601222
forecast_2837,2025-04-29 05:00:00,4336.645534565786,4745.376614270938,4956.376258011562
forecast_2838,2025-04-29 06:00:00,5430.395228344177,6056.69983451233,5507.486913360377
forecast_2839,2025-04-29 07:00:00,6388.10686271792,7320.750255205425,6142.611215800225
forecast_2840,2025-04-29 08:00:00,6555.7622080581095,7460.3375962857535,6274.339535305568
forecast_2841,2025-04-29 09:00:00,6509.342947236575,6854.460751089298,6474.508881791124
forecast_2842,2025-04-29 10:00:00,6581.099880318396,6062.5151825278335,6683.0030933818525
forecast_2843,2025-04-29 11:00:00,6832.226181883533,5947.580342161865,6740.900395462335
forecast_2844,2025-04-29 12:00:00,7189.055182330376,6040.8009960119725,7027.766162689292
forecast_2845,2025-04-29 13:00:00,7560.021334932633,5811.284371986516,7277.5785059718455
forecast_2846,2025-04-29 14:00:00,7665.324898654668,5635.851833086044,7156.1157784979405
forecast_2847,2025-04-29 15:00:00,8065.234304587504,5438.183213869365,7450.8541865367615
forecast_2848,2025-04-29 16:00:00,8947.753905679312,5742.856142093764,7877.997463918143
forecast_2849,2025-04-29 17:00:00,8795.327696953887,6509.132698716534,8118.975357825345
forecast_2850,2025-04-29 18:00:00,9124.77858142341,7824.826347375023,9100.382221455255
forecast_2851,2025-04-29 19:00:00,10764.21445964474,10931.068683002579,10710.965492746589
forecast_2852,2025-04-29 20:00:00,12598.71671005684,13804.57222983845,13190.284482304512
forecast_2853,2025-04-29 21:00:00,14088.462635235392,16081.896448235033,14639.740151378432
forecast_2854,2025-04-29 22:00:00,16406.78581461151,18289.991523681576,16014.98050732697
forecast_2855,2025-04-29 23:00:00,17639.73188399091,19184.236626930982,16973.741185368992
forecast_2856,2025-04-30 00:00:00,17460.028674051293,18725.972417768015,17098.617790808465
forecast_2857,2025-04-30 01:00:00,19352.314269181985,19547.73723557408,17098.820058718407
forecast_2858,2025-04-30 02:00:00,19412.654188660304,19590.17902596408,17266.90829443161
forecast_2859,2025-04-30 03:00:00,19347.06198294997,19171.801979236516,17257.100595657834
forecast_2860,2025-04-30 04:00:00,19113.19851373745,19015.39116686208,17143.26868502813
forecast_2861,2025-04-30 05:00:00,18890.376417829753,19134.460910034548,16835.315205974905
forecast_2862,2025-04-30 06:00:00,18776.809091981708,19131.581339657056,16821.70280669992
forecast_2863,2025-04-30 07:00:00,17956.560458481697,19034.087168666607,16137.272554936235
forecast_2864,2025-04-30 08:00:00,16737.06266806153,18572.370560781932,15360.474535464451
forecast_2865,2025-04-30 09:00:00,15075.041171600622,17836.583711731335,14766.601215464514
forecast_2866,2025-04-30 10:00:00,13164.096623154723,15564.298176637056,13580.282743946442
forecast_2867,2025-04-30 11:00:00,11854.815034220766,14681.979669978864,13083.230919304337
forecast_2868,2025-04-30 12:00:00,11064.271812450874,14393.090711443143,12562.68306794522
forecast_2869,2025-04-30 13:00:00,10043.550778760145,13339.002811404884,11793.34692289037
forecast_2870,2025-04-30 14:00:00,8847.649714754529,12522.702880698349,10964.499683979822
forecast_2871,2025-04-30 15:00:00,7623.127101117413,12132.044146696215,10249.281064861298
forecast_2872,2025-04-30 16:00:00,6749.9224044594175,11439.339785637634,9395.438480787026
forecast_2873,2025-04-30 17:00:00,6188.6814577853365,10533.371992320675,8198.649411513834
forecast_2874,2025-04-30 18:00:00,5943.5900603130885,7275.227112758606,7260.152728749666
forecast_2875,2025-04-30 19:00:00,6760.811258811527,6809.46160370287,7091.7189066755145
forecast_2876,2025-04-30 20:00:00,6811.207032427381,7587.5690113547735,7263.877645300042
forecast_2877,2025-04-30 21:00:00,7217.049832696895,8119.595822715541,7917.136470510163
forecast_2878,2025-04-30 22:00:00,10044.524772204672,10332.434171720044,8922.092680891517
forecast_2879,2025-04-30 23:00:00,11379.907159450948,12965.764118294614,10168.094841678641
forecast_2880,2025-05-01 00:00:00,13315.53572734608,14511.502410808907,10826.993137617803
forecast_2881,2025-05-01 01:00:00,13657.777137598512,13887.271609934534,11631.99596045322
forecast_2882,2025-05-01 02:00:00,13849.974727149787,13817.891266347167,12734.46031231168
forecast_2883,2025-05-01 03:00:00,13990.05117197506,13853.89575681713,13814.896008783864
forecast_2884,2025-05-01 04:00:00,16069.216955082056,15488.931113282531,14688.662474636214
forecast_2885,2025-05-01 05:00:00,17323.76840617348,16301.201148932583,15287.042822714133
forecast_2886,2025-05-01 06:00:00,17640.05217403118,16428.2652143727,15931.349352286652
forecast_2887,2025-05-01 07:00:00,17108.42126889596,16589.270124904986,15931.391411238448
forecast_2888,2025-05-01 08:00:00,16267.371503037411,16855.231660927344,16002.415101454417
forecast_2889,2025-05-01 09:00:00,16259.535367848595,17309.912438904335,15691.900175790548
forecast_2890,2025-05-01 10:00:00,16116.97454704493,17247.545828905822,16229.068695801909
forecast_2891,2025-05-01 11:00:00,15661.226377597846,17349.705539446193,16463.195002924964
forecast_2892,2025-05-01 12:00:00,14924.118058663405,17045.518098968685,16389.577890989884
forecast_2893,2025-05-01 13:00:00,15710.024217095985,16815.05808086941,16287.956884198731
forecast_2894,2025-05-01 14:00:00,15694.083763586903,16912.290995227933,15303.461408073294
forecast_2895,2025-05-01 15:00:00,15324.756641911072,15963.361777485447,15154.852070904464
forecast_2896,2025-05-01 16:00:00,14738.440066173207,15213.121471245307,15321.696032255515
forecast_2897,2025-05-01 17:00:00,14240.962543221189,17189.26966499777,14139.198106065734
forecast_2898,2025-05-01 18:00:00,12100.416824135658,16138.111320385287,12804.29634368046
forecast_2899,2025-05-01 19:00:00,12979.098533388571,15404.383870868245,12511.998408672855
forecast_2900,2025-05-01 20:00:00,12265.80488798156,15521.11529848607,12228.341676378752
forecast_2901,2025-05-01 21:00:00,12735.40269507866,15031.342656031535,11473.905904115229
forecast_2902,2025-05-01 22:00:00,14768.811007472781,15605.258974460645,11993.162763071614
forecast_2903,2025-05-01 23:00:00,16396.48328745246,16964.158986238206,13364.66438789706
forecast_2904,2025-05-02 00:00:00,16795.182840325622,17735.715258216424,14768.39427349542
forecast_2905,2025-05-02 01:00:00,16684.8168015658,17618.576758418014,15648.412045247434
forecast_2906,2025-05-02 02:00:00,16366.86958823878,17425.21764612283,15462.518504413649
forecast_2907,2025-05-02 03:00:00,15072.935191865472,16473.089274334143,15825.54375764952
forecast_2908,2025-05-02 04:00:00,15453.964273057474,15564.414432063448,15687.459556777667
forecast_2909,2025-05-02 05:00:00,15296.986867650854,14996.034954692965,14892.535330072922
forecast_2910,2025-05-02 06:00:00,15181.779140594923,14882.31564699013,15177.212946361928
forecast_2911,2025-05-02 07:00:00,14539.03554114067,15259.611823728967,14648.919283399267
forecast_2912,2025-05-02 08:00:00,14206.878533111658,15501.663340018065,12887.280305940716
forecast_2913,2025-05-02 09:00:00,13360.924076737287,14970.177789634827,11387.50739993023
forecast_2914,2025-05-02 10:00:00,12327.25092690453,13422.00081716185,10517.014315424054
forecast_2915,2025-05-02 11:00:00,11858.883739963021,12028.988839345373,8998.704485881835
forecast_2916,2025-05-02 12:00:00,11308.07266769792,10551.883661158272,8164.758628415168
forecast_2917,2025-05-02 13:00:00,10014.294559324804,8622.743354076296,7664.04206178238
forecast_2918,2025-05-02 14:00:00,9675.57514279752,8242.303393915958,7277.048274535356
forecast_2919,2025-05-02 15:00:00,8834.18393169235,7599.983731168333,6905.716061375847
forecast_2920,2025-05-02 16:00:00,8173.6574041142485,7381.035445555602,6794.829330972618
forecast_2921,2025-05-02 17:00:00,8077.575762933905,7814.71591420097,6810.173794260456
forecast_2922,2025-05-02 18:00:00,8760.84781692196,8124.994210530701,7418.855986021605
forecast_2923,2025-05-02 19:00:00,9706.654182319315,10133.964164613612,8385.367711366891
forecast_2924,2025-05-02 20:00:00,9875.656075541874,10156.552401139455,9117.14337227551
forecast_2925,2025-05-02 21:00:00,10203.876695918709,9461.03504003415,9570.129006748315
forecast_2926,2025-05-02 22:00:00,10481.992003397809,10426.85143177792,9686.14090121788
forecast_2927,2025-05-02 23:00:00,11168.303107026772,11887.031416665275,9251.236151473007
forecast_2928,2025-05-03 00:00:00,11299.927625153068,13225.800976659582,9621.59616972554
forecast_2929,2025-05-03 01:00:00,11987.903118925016,13271.249039127772,10479.130328837968
forecast_2930,2025-05-03 02:00:00,11400.337833242089,12354.559210498537,10410.174832392571
forecast_2931,2025-05-03 03:00:00,10806.45939425937,10433.015179913298,10021.499827534017
forecast_2932,2025-05-03 04:00:00,8946.40220400223,9818.600343630274,8825.497149937355
forecast_2933,2025-05-03 05:00:00,7521.358133986683,8783.067135625344,8235.676569928872
forecast_2934,2025-05-03 06:00:00,6255.074218315187,7609.592905694368,7181.476022326606
forecast_2935,2025-05-03 07:00:00,6069.278133532975,9133.02871884605,6550.406016636823
forecast_2936,2025-05-03 08:00:00,6965.749647476961,11430.437839171553,7357.609984757254
forecast_2937,2025-05-03 09:00:00,7080.606231542529,10008.203711420294,8413.163809028143
forecast_2938,2025-05-03 10:00:00,7707.2220581160545,9607.587507273129,9068.642372892582
forecast_2939,2025-05-03 11:00:00,8543.596244720013,10051.394710714898,9896.062227784005
forecast_2940,2025-05-03 12:00:00,9262.391964267208,10248.220344729372,9953.981795185266
forecast_2941,2025-05-03 13:00:00,9165.485244114734,11899.796891038248,10880.338170413688
forecast_2942,2025-05-03 14:00:00,9546.187888745522,11604.460493719482,10838.557656570742
forecast_2943,2025-05-03 15:00:00,10479.304322144671,10381.523780694435,10579.592075401744
forecast_2944,2025-05-03 16:00:00,11718.052088762002,10361.296611242526,10821.905714431861
forecast_2945,2025-05-03 17:00:00,12309.05709375372,11412.691372989208,10774.295686767899
forecast_2946,2025-05-03 18:00:00,12477.887420946274,12394.308660060553,11294.12302360175
forecast_2947,2025-05-03 19:00:00,13828.939683016242,13677.180823877272,12068.069396759682
forecast_2948,2025-05-03 20:00:00,14957.346177180461,14259.321101701233,12852.011631900543
forecast_2949,2025-05-03 21:00:00,16087.479528726839,16652.75734631817,12663.442996217444
forecast_2950,2025-05-03 22:00:00,16084.916859328625,16276.273681273105,12670.255527062407
forecast_2951,2025-05-03 23:00:00,16112.870191509272,16170.302398434842,13249.475096590088
forecast_2952,2025-05-04 00:00:00,15804.131424207135,16728.74552141857,13733.978042335333
forecast_2953,2025-05-04 01:00:00,15415.287767682672,15864.922890208216,13497.118483139348
forecast_2954,2025-05-04 02:00:00,14858.945500922968,14778.078310042962,13731.193747064715
forecast_2955,2025-05-04 03:00:00,14845.967574807819,14751.926888726433,13369.607821230362
forecast_2956,2025-05-04 04:00:00,15053.311672728963,15350.632476504192,13188.235042529337
forecast_2957,2025-05-04 05:00:00,15377.658556543121,15547.234547332104,13098.084720907893
forecast_2958,2025-05-04 06:00:00,15393.172548594295,15899.402092374014,13512.967513828991
forecast_2959,2025-05-04 07:00:00,15367.392498006733,15575.577106785593,13004.363365765694
forecast_2960,2025-05-04 08:00:00,14274.549869346512,14984.489813999655,11868.632640946733
forecast_2961,2025-05-04 09:00:00,13509.935247760997,14530.526785030823,11031.287222914289
forecast_2962,2025-05-04 10:00:00,13284.730391507946,14107.491852113146,10077.628727858768
forecast_2963,2025-05-04 11:00:00,13539.079196956032,14977.06930073585,10056.302332730294
forecast_2964,2025-05-04 12:00:00,14146.598886560805,15490.159853597397,10898.626664399097
forecast_2965,2025-05-04 13:00:00,14352.128945450699,16011.873303784985,12594.857664651105
forecast_2966,2025-05-04 14:00:00,15117.059986483247,16515.78951683225,13379.834018561218
forecast_2967,2025-05-04 15:00:00,15670.500236437529,16503.375779812493,13693.07909287916
forecast_2968,2025-05-04 16:00:00,15961.82627194023,16584.49923396492,13649.193027370919
forecast_2969,2025-05-04 17:00:00,15733.981358732912,15882.481439239495,13466.675769643196
forecast_2970,2025-05-04 18:00:00,15195.582755581698,15180.776666173177,12483.83637329749
forecast_2971,2025-05-04 19:00:00,14387.506755533235,14628.015341360173,11373.19882021664
forecast_2972,2025-05-04 20:00:00,13251.26200920869,12597.985042816452,10560.29263953412
forecast_2973,2025-05-04 21:00:00,10714.304789867285,9427.871013652633,8899.611258610586
forecast_2974,2025-05-04 22:00:00,8385.833777361064,7332.796635763076,7670.449747909737
forecast_2975,2025-05-04 23:00:00,6957.303476562673,7034.9254227598985,6488.996248881025
forecast_2976,2025-05-05 00:00:00,6006.515507654252,6564.992367483459,6319.422524313402
forecast_2977,2025-05-05 01:00:00,5861.051329350965,4605.445879508824,6095.100406875329
forecast_2978,2025-05-05 02:00:00,4490.113931345232,3792.0130190273667,5594.560405903602
forecast_2979,2025-05-05 03:00:00,4299.878659409149,3306.399712168867,5398.813193711518
forecast_2980,2025-05-05 04:00:00,4193.966020512368,3163.0424732639513,5072.0563493356485
forecast_2981,2025-05-05 05:00:00,3378.964651754918,2777.5763151770884,4512.2923920739795
forecast_2982,2025-05-05 06:00:00,2812.045800663648,2625.0731574551014,4159.688178513418
forecast_2983,2025-05-05 07:00:00,2705.457385769698,2505.4972788143764,3695.4090588489075
forecast_2984,2025-05-05 08:00:00,2167.5996949062046,2185.9945545920827,3263.2038789259113
forecast_2985,2025-05-05 09:00:00,1904.8932770722013,1738.1069059758913,3085.3673386420683
forecast_2986,2025-05-05 10:00:00,1521.003568093641,1647.532028258894,2959.481939167057
forecast_2987,2025-05-05 11:00:00,1493.3524062870822,1817.5824560166022,2919.924935928426
forecast_2988,2025-05-05 12:00:00,1606.5576834219446,1791.3202871976837,2842.4801585242926
forecast_2989,2025-05-05 13:00:00,1673.4188271410019,1627.4020077839318,2919.841116421924
forecast_2990,2025-05-05 14:00:00,1683.101715659605,1659.6236222588684,3067.5028694197345
forecast_2991,2025-05-05 15:00:00,1857.7835972237137,2020.7083295151567,3331.391230372532
forecast_2992,2025-05-05 16:00:00,2062.5719388116363,2314.0812575651316,3542.573479587121
forecast_2993,2025-05-05 17:00:00,2547.472557999986,2599.3592138481304,3738.4897920269177
forecast_2994,2025-05-05 18:00:00,3004.1617851910637,2684.71381030751,3792.018938483203
forecast_2995,2025-05-05 19:00:00,3231.648207721894,2881.6739734234648,4275.284929172403
forecast_2996,2025-05-05 20:00:00,3808.5789098694836,3415.7532309805247,4561.62855513142
forecast_2997,2025-05-05 21:00:00,4505.861432094349,4019.2905097452576,4387.342951958541
forecast_2998,2025-05-05 22:00:00,4749.443712320767,3921.578566823752,4480.752953760535
forecast_2999,2025-05-05 23:00:00,4463.43416859023,3877.1963588635144,4320.735684011239
forecast_3000,2025-05-06 00:00:00,3603.4531283492333,2925.425187214387,4532.19384985307
forecast_3001,2025-05-06 01:00:00,3684.2384106348395,3367.4267241221164,4015.231482178689
forecast_3002,2025-05-06 02:00:00,2865.5631070612503,2494.232500744812,3880.5386734123836
forecast_3003,2025-05-06 03:00:00,2707.966259531287,2558.8778616127443,3940.7796160451117
forecast_3004,2025-05-06 04:00:00,2707.1765749947494,2513.2308872471094,3743.391332881228
forecast_3005,2025-05-06 05:00:00,2900.8703761619404,2721.960450260646,3764.707114594341
forecast_3006,2025-05-06 06:00:00,3137.276132871382,2956.973391993427,3767.8573657045276
forecast_3007,2025-05-06 07:00:00,3230.7561841371707,3198.976457470125,3764.9359170733856
forecast_3008,2025-05-06 08:00:00,3157.1189505637562,3196.6213558475665,3816.161138332548
forecast_3009,2025-05-06 09:00:00,2904.964776263886,3088.9068356558746,3819.8992260199125
forecast_3010,2025-05-06 10:00:00,2537.357621482001,3023.3965232746395,3695.8227811792585
forecast_3011,2025-05-06 11:00:00,2422.7706744931393,2907.8840070591277,3694.076641318664
forecast_3012,2025-05-06 12:00:00,2447.474628308599,2807.3842816456263,3719.193041604824
forecast_3013,2025-05-06 13:00:00,2473.622444960017,2569.6853995474244,3741.26975068538
forecast_3014,2025-05-06 14:00:00,2386.7292121152386,2603.6922384975314,3818.4174869483813
forecast_3015,2025-05-06 15:00:00,2422.2207118116426,2469.0275980355327,3887.7200867798506
forecast_3016,2025-05-06 16:00:00,2400.675049412773,2136.8664656333995,3897.6943944794343
forecast_3017,2025-05-06 17:00:00,2328.8108892960977,2044.9640646561368,3987.408304118053
forecast_3018,2025-05-06 18:00:00,2369.2847343953076,2170.337285643078,3901.5912371938803
forecast_3019,2025-05-06 19:00:00,2479.826376850137,2375.1043751457278,3870.3137179903697
forecast_3020,2025-05-06 20:00:00,2781.023411675077,2373.680654024421,3963.4452408814805
forecast_3021,2025-05-06 21:00:00,2852.5503891292337,2623.425974717147,4205.947089254602
forecast_3022,2025-05-06 22:00:00,3252.0359683329734,2993.0066793230453,4288.77349177074
forecast_3023,2025-05-06 23:00:00,3459.4085640927706,3357.4807335332534,4365.658339655652
forecast_3024,2025-05-07 00:00:00,3654.9230568878957,3715.595848774737,4674.730153560577
forecast_3025,2025-05-07 01:00:00,3541.7030393673926,3737.072759122616,4499.65809146073
forecast_3026,2025-05-07 02:00:00,3633.717214784862,3813.5527376803093,4483.324869373819
forecast_3027,2025-05-07 03:00:00,3796.8537166621268,3799.188418415689,4560.589499264144
forecast_3028,2025-05-07 04:00:00,4073.918446958498,3985.735126529937,4511.929362691088
forecast_3029,2025-05-07 05:00:00,4449.822088781652,4290.5580499936605,4884.933557161959
forecast_3030,2025-05-07 06:00:00,4854.124731875284,4379.123194908267,5430.057863481004
forecast_3031,2025-05-07 07:00:00,4833.406156287063,4374.321149425552,5259.720690730108
forecast_3032,2025-05-07 08:00:00,4241.882112264218,3723.8627936549956,4524.753242351167
forecast_3033,2025-05-07 09:00:00,3418.53408798241,3487.691063486668,4398.785395933995
forecast_3034,2025-05-07 10:00:00,2912.580099806148,3310.103851037386,4235.121681450266
forecast_3035,2025-05-07 11:00:00,2799.826124214955,2949.2038095154644,3965.557635339474
forecast_3036,2025-05-07 12:00:00,2782.1843122604087,2906.7380646065067,3923.803439276741
forecast_3037,2025-05-07 13:00:00,2733.527980508215,3320.8687960459347,3719.779119471486
forecast_3038,2025-05-07 14:00:00,2617.944102425647,3092.6344369935423,3744.4756375303796
forecast_3039,2025-05-07 15:00:00,2404.785792978263,2954.356583503924,3601.457836423594
forecast_3040,2025-05-07 16:00:00,2184.8801251730274,2866.023118134022,3747.7174138156847
forecast_3041,2025-05-07 17:00:00,2266.2538963803527,2681.1045606452335,3868.5442017165005
forecast_3042,2025-05-07 18:00:00,2539.6265440820525,3129.092730783411,3888.482201753971
forecast_3043,2025-05-07 19:00:00,3155.6898288552534,3844.805413539832,4193.1032145529625
forecast_3044,2025-05-07 20:00:00,4054.9795540597443,4859.42205284938,5002.428760387823
forecast_3045,2025-05-07 21:00:00,5252.513821353153,5646.127536012682,5919.328455693608
forecast_3046,2025-05-07 22:00:00,6450.034633000809,7177.918101281642,6539.69372168018
forecast_3047,2025-05-07 23:00:00,7576.753904951357,8112.9306868848535,7174.515941614761
forecast_3048,2025-05-08 00:00:00,8082.126451444449,9286.49528489897,7334.285899794596
forecast_3049,2025-05-08 01:00:00,7534.525775782328,8419.058627266255,7164.180679926421
forecast_3050,2025-05-08 02:00:00,7625.107556189707,9254.63055456503,7840.576157758353
forecast_3051,2025-05-08 03:00:00,8703.313878544952,10549.863197887062,8670.508022822145
forecast_3052,2025-05-08 04:00:00,9372.749769479675,10424.851951937786,9055.112721750258
forecast_3053,2025-05-08 05:00:00,9581.61919215882,9469.728487011054,8925.93396407265
forecast_3054,2025-05-08 06:00:00,8056.234236227572,7762.517139497468,8085.594524895889
forecast_3055,2025-05-08 07:00:00,6353.193953016546,6353.6567399098085,6400.924396686654
forecast_3056,2025-05-08 08:00:00,4002.0665185589305,4129.891885815079,5052.885353683232
forecast_3057,2025-05-08 09:00:00,2762.0364215774157,2551.298219870222,4258.899824917849
forecast_3058,2025-05-08 10:00:00,2024.1501871826401,2274.924450848773,3531.210012606205
forecast_3059,2025-05-08 11:00:00,1876.9493655718047,2509.727560837388,3262.5865333415145
forecast_3060,2025-05-08 12:00:00,1945.2473766228225,2659.5571309636553,3297.1189011246315
forecast_3061,2025-05-08 13:00:00,1939.121047354149,2690.18403443133,3560.916413032583
forecast_3062,2025-05-08 14:00:00,2471.8139453329777,2505.547630424367,4430.057377628857
forecast_3063,2025-05-08 15:00:00,2627.2834638197824,2603.0499412421336,4401.566410206857
forecast_3064,2025-05-08 16:00:00,3007.38617005783,2975.6862608039874,4773.34717700302
forecast_3065,2025-05-08 17:00:00,3311.866282675607,3038.8331372237526,4922.355805792088
forecast_3066,2025-05-08 18:00:00,3695.7393867081437,2651.3733540909916,5104.693441347925
forecast_3067,2025-05-08 19:00:00,3889.7390714579124,2867.320900212888,5245.404500643747
forecast_3068,2025-05-08 20:00:00,3775.478105005177,3220.0930810678556,5014.695224164217
forecast_3069,2025-05-08 21:00:00,3684.977939454173,3418.9506160219044,4911.667945742044
forecast_3070,2025-05-08 22:00:00,4009.486305025361,3949.8427885923297,5138.25322806474
forecast_3071,2025-05-08 23:00:00,3971.9247944150484,4396.015279065949,5059.500386522734
forecast_3072,2025-05-09 00:00:00,4275.767185798442,4096.001854442965,5105.838043501243
forecast_3073,2025-05-09 01:00:00,4602.124552868485,4917.3953638493695,5739.886123207903
forecast_3074,2025-05-09 02:00:00,5124.573094214567,5655.48254724783,5810.656687847519
forecast_3075,2025-05-09 03:00:00,5221.090050263018,5980.634949006266,5519.0092271032745
forecast_3076,2025-05-09 04:00:00,4560.066054505669,5328.998668483113,5148.95211095022
forecast_3077,2025-05-09 05:00:00,3943.174479762389,4571.5578466511,4715.4611466763645
forecast_3078,2025-05-09 06:00:00,3549.218126129995,3498.1782661548364,4277.1193090664965
forecast_3079,2025-05-09 07:00:00,3102.700695559667,3782.176271228795,4206.135503948368
forecast_3080,2025-05-09 08:00:00,2863.406499465813,3871.6349969911093,4282.803108023565
forecast_3081,2025-05-09 09:00:00,3482.797989700021,4449.94557034328,4495.287828364398
forecast_3082,2025-05-09 10:00:00,4752.369140782902,6112.042738877621,5287.75434983437
forecast_3083,2025-05-09 11:00:00,5987.158169960401,6873.939106297363,5993.899005294237
forecast_3084,2025-05-09 12:00:00,7082.780974089702,8139.583262271279,7465.9737995855685
forecast_3085,2025-05-09 13:00:00,8753.752347285961,10023.864455437353,8277.523333785673
forecast_3086,2025-05-09 14:00:00,9626.64959996164,11491.274955208948,9374.73507203384
forecast_3087,2025-05-09 15:00:00,9842.63659847537,11367.44174447281,9413.41916792396
forecast_3088,2025-05-09 16:00:00,10754.252061300656,11796.601146002122,9094.736239467013
forecast_3089,2025-05-09 17:00:00,9968.729156605476,10652.08413305541,8697.053537812626
forecast_3090,2025-05-09 18:00:00,9197.71465802157,8935.324140965207,7712.285041591656
forecast_3091,2025-05-09 19:00:00,7489.953093431595,7402.923634814188,6340.4202651151345
forecast_3092,2025-05-09 20:00:00,6103.039236357165,5584.74918413975,5633.843171353792
forecast_3093,2025-05-09 21:00:00,5472.697998442673,5927.104322137266,5377.484918085069
forecast_3094,2025-05-09 22:00:00,5999.8539107319775,8230.2298299515,5314.014535991297
forecast_3095,2025-05-09 23:00:00,6268.661493134359,9013.14735002361,5873.957004605035
forecast_3096,2025-05-10 00:00:00,7628.816119563529,11103.011942761248,7105.04747613436
forecast_3097,2025-05-10 01:00:00,10182.101584889711,14725.496419096125,9664.716871510875
forecast_3098,2025-05-10 02:00:00,12835.187884838873,17120.736178559786,11870.944164761497
forecast_3099,2025-05-10 03:00:00,14138.800784775623,18343.301271870325,13319.93739954862
forecast_3100,2025-05-10 04:00:00,14598.1466940875,17575.976201153448,15210.613767028663
forecast_3101,2025-05-10 05:00:00,15663.300812407433,18582.236743788777,16010.567228360134
forecast_3102,2025-05-10 06:00:00,17411.55351847692,18918.97805158976,16299.05866648687
forecast_3103,2025-05-10 07:00:00,18210.797405982703,19275.94326702303,17040.9485962217
forecast_3104,2025-05-10 08:00:00,17716.368888391542,19151.88296669213,17496.43831438893
forecast_3105,2025-05-10 09:00:00,18296.386379506126,19018.505865865554,17658.26008022634
forecast_3106,2025-05-10 10:00:00,18612.774929966825,19025.55073188889,17787.42047556361
forecast_3107,2025-05-10 11:00:00,18609.535904728433,18878.02622715585,17882.715059396607
forecast_3108,2025-05-10 12:00:00,18517.303297618993,18653.03300323032,17821.892139905012
forecast_3109,2025-05-10 13:00:00,18293.549810547993,17910.953556451987,17554.072806685544
forecast_3110,2025-05-10 14:00:00,18047.034480327377,17307.779105594553,17147.85679946383
forecast_3111,2025-05-10 15:00:00,17247.628570852805,16653.192163394262,16545.20804273473
forecast_3112,2025-05-10 16:00:00,16773.38478735783,15681.941992106724,15075.263113445566
forecast_3113,2025-05-10 17:00:00,16090.648076013546,16255.315881095114,14402.955367323711
forecast_3114,2025-05-10 18:00:00,14522.983919571732,15487.21176813588,12907.444841583652
forecast_3115,2025-05-10 19:00:00,13250.083108714589,13875.36618008951,12042.890582770437
forecast_3116,2025-05-10 20:00:00,12807.436527335663,12004.920178911063,11743.113457277983
forecast_3117,2025-05-10 21:00:00,11714.899561744616,11307.668268861076,10462.505292895112
forecast_3118,2025-05-10 22:00:00,11072.15062614251,10581.94799464164,10737.69006356776
forecast_3119,2025-05-10 23:00:00,10591.112237746078,9501.900356019667,9685.295661009826
forecast_3120,2025-05-11 00:00:00,9346.16296908864,8158.342969995327,9313.322311143958
forecast_3121,2025-05-11 01:00:00,8998.874440924885,7953.107839724903,9050.403410981688
forecast_3122,2025-05-11 02:00:00,9056.393064792905,8362.406741838133,8681.849958251245
forecast_3123,2025-05-11 03:00:00,8423.94813155561,8050.801673016372,8193.830003170888
forecast_3124,2025-05-11 04:00:00,8188.203687040763,7588.06166550681,8146.723297131277
forecast_3125,2025-05-11 05:00:00,7904.2599284411035,6949.648699516965,8023.198336689395
forecast_3126,2025-05-11 06:00:00,6722.496466604332,6000.594330106875,6954.6275056589875
forecast_3127,2025-05-11 07:00:00,5758.36404393166,5108.852404818907,6202.506133439937
forecast_3128,2025-05-11 08:00:00,4365.419474805576,4093.7472103065693,5611.976707850021
forecast_3129,2025-05-11 09:00:00,3254.600690592722,3537.001680178956,4358.071739848685
forecast_3130,2025-05-11 10:00:00,2579.413873392217,3044.150190688091,3841.3676624850295
forecast_3131,2025-05-11 11:00:00,2434.433974150519,2774.6691763780746,3816.388304548444
forecast_3132,2025-05-11 12:00:00,2388.1657776272455,2841.376003474097,4022.4170231733797
forecast_3133,2025-05-11 13:00:00,2589.3980071692367,2938.4559712678124,4380.515498148197
forecast_3134,2025-05-11 14:00:00,3024.825933463018,3595.52110108779,4877.050413073384
forecast_3135,2025-05-11 15:00:00,3537.653454935529,3896.4836207944018,5134.97584983812
forecast_3136,2025-05-11 16:00:00,3899.4702783335297,3960.3669755418996,5431.544125913824
forecast_3137,2025-05-11 17:00:00,4712.193721489036,4387.649947618212,6011.344015666441
forecast_3138,2025-05-11 18:00:00,5944.76196329451,5443.292160100724,6343.461582515631
forecast_3139,2025-05-11 19:00:00,6567.380666220359,7016.013604903594,7248.889629408622
forecast_3140,2025-05-11 20:00:00,7743.849590897745,8431.9857936305,8407.728320644548
forecast_3141,2025-05-11 21:00:00,8334.279891568533,9384.65153889189,9515.456624598235
forecast_3142,2025-05-11 22:00:00,10424.840593346515,12079.612602558615,11352.147889365415
forecast_3143,2025-05-11 23:00:00,12659.02527500162,15097.836110828044,12606.471784170466
forecast_3144,2025-05-12 00:00:00,13675.097128355137,15647.139172279964,13789.930388710589
forecast_3145,2025-05-12 01:00:00,14659.021260198839,15991.22999499202,13711.26202677589
forecast_3146,2025-05-12 02:00:00,15066.92304018789,16173.738331313363,13906.008669881025
forecast_3147,2025-05-12 03:00:00,14740.2324137793,15722.940228530662,14312.444740512861
forecast_3148,2025-05-12 04:00:00,14575.579975627887,14948.63285808278,14877.691108511788
forecast_3149,2025-05-12 05:00:00,14198.188539391984,14687.569096727955,15009.208058324864
forecast_3150,2025-05-12 06:00:00,14207.663396157683,14600.02619261743,14482.419212977107
forecast_3151,2025-05-12 07:00:00,13915.3105034367,13507.755634846537,14042.474947892404
forecast_3152,2025-05-12 08:00:00,12820.799140181345,12060.680333775745,12357.939434020918
forecast_3153,2025-05-12 09:00:00,11818.15354803621,11113.634506689625,10725.637364192604
forecast_3154,2025-05-12 10:00:00,10291.664363594082,10394.73693545372,9447.714619980587
forecast_3155,2025-05-12 11:00:00,9216.671383689505,9211.349608396762,8333.259537080536
forecast_3156,2025-05-12 12:00:00,9028.210130176023,9061.064351205721,8143.224622780164
forecast_3157,2025-05-12 13:00:00,8977.844060739339,9364.880744629329,8213.917312032778
forecast_3158,2025-05-12 14:00:00,8798.39512470715,9421.200879729386,7975.280100894627
forecast_3159,2025-05-12 15:00:00,8930.924938743332,9086.869483837647,8015.407741665562
forecast_3160,2025-05-12 16:00:00,9250.055174717483,9204.5333575313,8017.321000202388
forecast_3161,2025-05-12 17:00:00,9345.27060359674,9113.817751981915,8332.791164656672
forecast_3162,2025-05-12 18:00:00,9383.628905824684,9990.71504908832,8996.543247355716
forecast_3163,2025-05-12 19:00:00,12051.703939123618,12921.899781743741,11472.694566115884
forecast_3164,2025-05-12 20:00:00,14375.13900235029,15419.221101893272,13021.738882972666
forecast_3165,2025-05-12 21:00:00,15958.297370471813,17421.639168933885,14310.846756274845
forecast_3166,2025-05-12 22:00:00,18198.34254145324,18312.7804202809,15773.312385418882
forecast_3167,2025-05-12 23:00:00,19061.467388130863,18579.690400784555,16242.963796123728
forecast_3168,2025-05-13 00:00:00,18906.105689887412,18826.56246185541,16455.786443168814
forecast_3169,2025-05-13 01:00:00,19879.273246394932,18620.69271461732,17021.80199512757
forecast_3170,2025-05-13 02:00:00,20007.79910660675,18953.975672646393,16915.85710532299
forecast_3171,2025-05-13 03:00:00,19951.51260371594,18983.878458070067,16673.282413203837
forecast_3172,2025-05-13 04:00:00,19851.288367722264,18879.040420323454,16836.522747603372
forecast_3173,2025-05-13 05:00:00,19583.113719583533,18831.69518328359,16838.93888940849
forecast_3174,2025-05-13 06:00:00,19064.547662875702,18803.208223301313,16715.971153775663
forecast_3175,2025-05-13 07:00:00,18134.717909668463,18620.3414653024,16514.954275432632
forecast_3176,2025-05-13 08:00:00,17430.30114251335,18684.46300913395,16027.706847996391
forecast_3177,2025-05-13 09:00:00,16173.869856831901,17856.112055986414,15492.84264838458
forecast_3178,2025-05-13 10:00:00,14992.351251977063,16718.236428690478,14828.528621756983
forecast_3179,2025-05-13 11:00:00,14356.93895706731,16112.031143464641,14153.126924048558
forecast_3180,2025-05-13 12:00:00,14203.06784501365,16434.51687031294,14064.212241559939
forecast_3181,2025-05-13 13:00:00,13918.2368934845,16660.630973981442,13624.992523068162
forecast_3182,2025-05-13 14:00:00,13709.325606343768,16123.804012525197,13052.352605425374
forecast_3183,2025-05-13 15:00:00,13489.830301420097,15024.740343931564,12621.013068755305
forecast_3184,2025-05-13 16:00:00,13220.45286574288,13854.422476513011,13151.860293353067
forecast_3185,2025-05-13 17:00:00,13541.713452329994,14178.94762008845,13483.17183494497
forecast_3186,2025-05-13 18:00:00,14251.16218081455,15113.35509824711,14479.763521624553
forecast_3187,2025-05-13 19:00:00,16022.801518172548,16473.309623609886,15570.129935942832
forecast_3188,2025-05-13 20:00:00,18132.897418027696,17460.881165346178,16244.704702145958
forecast_3189,2025-05-13 21:00:00,19519.697907754806,18571.532759320533,16651.993915016657
forecast_3190,2025-05-13 22:00:00,20171.843634205525,18662.679882858174,16998.503539018242
forecast_3191,2025-05-13 23:00:00,20358.31936734501,18582.75664808836,17220.363905136488
forecast_3192,2025-05-14 00:00:00,20391.943647295804,18720.76678089765,17177.669430519236
forecast_3193,2025-05-14 01:00:00,20341.73855185338,18645.390233961185,17053.446552388858
forecast_3194,2025-05-14 02:00:00,20375.421421481034,18769.8144847539,16905.221028895718
forecast_3195,2025-05-14 03:00:00,20367.225452137805,18805.226838681574,16614.911318895574
forecast_3196,2025-05-14 04:00:00,20587.30509102874,18770.948174430298,16270.596782884895
forecast_3197,2025-05-14 05:00:00,20678.269175699505,18922.88660686732,15326.271818667181
forecast_3198,2025-05-14 06:00:00,20481.20831785758,18988.421831374595,14544.878067788752
forecast_3199,2025-05-14 07:00:00,19623.838903303604,18732.82028785075,13299.11455750858
forecast_3200,2025-05-14 08:00:00,17532.808217475416,17026.160349260925,11551.080472945143
forecast_3201,2025-05-14 09:00:00,12862.159753960415,13689.828397688048,9472.34577440026
forecast_3202,2025-05-14 10:00:00,8429.572793047053,10534.575807982943,7990.8351165221775
forecast_3203,2025-05-14 11:00:00,6447.669942732953,8089.182368338832,7348.623864706878
forecast_3204,2025-05-14 12:00:00,5507.408716420259,6197.702777676622,7000.872519696859
forecast_3205,2025-05-14 13:00:00,5152.69257769771,5406.647038860988,6983.316846064349
forecast_3206,2025-05-14 14:00:00,5192.504858219045,5372.71106463222,6903.055797827957
forecast_3207,2025-05-14 15:00:00,5198.343554893385,5240.169118478232,6707.365919160049
forecast_3208,2025-05-14 16:00:00,4863.952510527833,4718.583146883386,6261.804042854711
forecast_3209,2025-05-14 17:00:00,4669.265086637852,4420.08373815539,6141.630567680705
forecast_3210,2025-05-14 18:00:00,5079.6312633796415,4548.076140675251,6267.015291325226
forecast_3211,2025-05-14 19:00:00,6397.5678146007995,6345.153412550993,7027.008795140799
forecast_3212,2025-05-14 20:00:00,6913.25728974772,7311.226069026973,7527.080389490919
forecast_3213,2025-05-14 21:00:00,7611.617555283024,8177.193082099625,7670.906767572838
forecast_3214,2025-05-14 22:00:00,9365.33739765671,10852.388324538317,8440.4884863147
forecast_3215,2025-05-14 23:00:00,10861.606387975753,13012.494042061719,8657.769510690538
forecast_3216,2025-05-15 00:00:00,11273.721516079184,14063.746642464845,9130.245188709723
forecast_3217,2025-05-15 01:00:00,11157.180122129264,14222.538994985898,9500.32541112129
forecast_3218,2025-05-15 02:00:00,10530.802830533157,14896.908395696215,10338.102581366038
forecast_3219,2025-05-15 03:00:00,10720.061576191816,15874.121880235925,10722.395149255164
forecast_3220,2025-05-15 04:00:00,11612.125021755306,16577.0496683071,11412.692738188773
forecast_3221,2025-05-15 05:00:00,12447.698571277699,16776.176850332347,12058.28093328308
forecast_3222,2025-05-15 06:00:00,12991.97914423086,17174.269908481663,13112.947081618462
forecast_3223,2025-05-15 07:00:00,14924.01546174645,17458.525158857225,15148.434775377902
forecast_3224,2025-05-15 08:00:00,15686.897527080057,17217.30040046682,15546.154132788266
forecast_3225,2025-05-15 09:00:00,15387.949324066794,17072.875661688573,15409.567258598436
forecast_3226,2025-05-15 10:00:00,14556.48932326105,16513.504398605175,15085.380935467418
forecast_3227,2025-05-15 11:00:00,14631.44808586562,16484.917178029395,14477.20203357447
forecast_3228,2025-05-15 12:00:00,14107.74311767922,16288.747353289988,14561.092732707746
forecast_3229,2025-05-15 13:00:00,14118.21070106274,16224.343770444539,15272.900944613108
forecast_3230,2025-05-15 14:00:00,15155.100540215579,16932.16594247889,15922.004404229123
forecast_3231,2025-05-15 15:00:00,15736.319000765643,17549.97811078188,15890.471175732393
forecast_3232,2025-05-15 16:00:00,16005.93519152081,17361.53776189477,16353.85585142494
forecast_3233,2025-05-15 17:00:00,16040.300826109473,17534.266483591244,16417.33373808436
forecast_3234,2025-05-15 18:00:00,16646.233472634747,17839.2467954067,16568.45283998611
forecast_3235,2025-05-15 19:00:00,17279.224635384788,17795.035914828542,16805.095280002577
forecast_3236,2025-05-15 20:00:00,17541.291090842285,17727.87176701406,16850.7891067599
forecast_3237,2025-05-15 21:00:00,18091.379914779813,18201.599714155647,16742.404591408907
forecast_3238,2025-05-15 22:00:00,18924.433311527937,18328.207835818357,17001.86532674021
forecast_3239,2025-05-15 23:00:00,19205.496512356207,18642.945709494998,17016.198248796587
forecast_3240,2025-05-16 00:00:00,18928.12987177228,18736.090742190474,16789.954790996573
forecast_3241,2025-05-16 01:00:00,18531.837189851787,18592.884229321415,16892.717323914283
forecast_3242,2025-05-16 02:00:00,18002.237296645446,18565.68790108432,16930.28907307786
forecast_3243,2025-05-16 03:00:00,17606.057149394564,18268.833906022253,16804.674001699495
forecast_3244,2025-05-16 04:00:00,17781.70450566839,18198.03614198668,16891.51844475136
forecast_3245,2025-05-16 05:00:00,17970.436539319133,18159.069600842708,16180.268744928595
forecast_3246,2025-05-16 06:00:00,18001.85959347699,17851.27938115764,15894.27852045312
forecast_3247,2025-05-16 07:00:00,17376.71421356022,17696.07368909422,15730.404299467633
forecast_3248,2025-05-16 08:00:00,16144.38149654667,16824.52528995453,14364.73297992054
forecast_3249,2025-05-16 09:00:00,14684.466569771033,15619.126199009841,13614.219604121241
forecast_3250,2025-05-16 10:00:00,11890.673404513072,13077.328553049776,12313.081219055424
forecast_3251,2025-05-16 11:00:00,10202.868445020376,12210.643826912541,11579.299260388947
forecast_3252,2025-05-16 12:00:00,9048.545405679408,10206.646570142168,10719.575351405098
forecast_3253,2025-05-16 13:00:00,7934.417371946462,8906.088314281516,9594.871658243093
forecast_3254,2025-05-16 14:00:00,6806.137818083029,8187.516960894534,9063.422088337567
forecast_3255,2025-05-16 15:00:00,5896.794554488094,8018.050157564981,8204.388379815908
forecast_3256,2025-05-16 16:00:00,5775.893237122953,6601.260988409746,7847.118815030799
forecast_3257,2025-05-16 17:00:00,5756.643912727112,6133.425950274508,7752.358583777884
forecast_3258,2025-05-16 18:00:00,5553.832637421012,5916.471960839994,7371.5046118823975
forecast_3259,2025-05-16 19:00:00,5144.435941448201,5380.3455867438215,7091.650186952371
forecast_3260,2025-05-16 20:00:00,5104.053455823397,5597.874827577612,6767.955332083646
forecast_3261,2025-05-16 21:00:00,4258.529442199018,5155.347465252967,6190.212308242803
forecast_3262,2025-05-16 22:00:00,4235.078806496828,4515.954873443592,5473.122245302326
forecast_3263,2025-05-16 23:00:00,4034.2876230431843,3749.2089621465266,5212.6297826762
forecast_3264,2025-05-17 00:00:00,4311.788588019131,4288.59767132517,5162.231903664587
forecast_3265,2025-05-17 01:00:00,4254.279092547349,5652.05844634355,5649.725681858607
forecast_3266,2025-05-17 02:00:00,4191.699215283061,4377.215099317278,5572.968762367567
forecast_3267,2025-05-17 03:00:00,4595.095291071214,4573.5386907991615,5569.997657384566
forecast_3268,2025-05-17 04:00:00,4407.819038381232,4977.2277012168815,5716.35451450037
forecast_3269,2025-05-17 05:00:00,3897.1943010273894,4507.52055422954,5181.748052482262
forecast_3270,2025-05-17 06:00:00,3050.534537791059,3222.6723298312836,4620.3194645359345
forecast_3271,2025-05-17 07:00:00,3402.7216573048404,2952.9930143137767,4217.877126674103
forecast_3272,2025-05-17 08:00:00,4014.7297460919176,3901.490221542002,4646.970294745788
forecast_3273,2025-05-17 09:00:00,4900.174049632313,5110.696440805156,4995.183716824349
forecast_3274,2025-05-17 10:00:00,4787.166104269845,4870.205261956232,5254.333414163029
forecast_3275,2025-05-17 11:00:00,5024.593923825683,4812.957693295478,5893.202868362498
forecast_3276,2025-05-17 12:00:00,5845.9594461831075,5628.556165986883,6831.161714209973
forecast_3277,2025-05-17 13:00:00,7532.17135229843,7736.56543067098,8223.138972541656
forecast_3278,2025-05-17 14:00:00,9083.44725593922,10439.443649330546,9759.802711113407
forecast_3279,2025-05-17 15:00:00,11200.515093100512,12249.718613184808,11391.19779646015
forecast_3280,2025-05-17 16:00:00,13204.62547873381,14501.547178135977,13178.372021699335
forecast_3281,2025-05-17 17:00:00,15999.900152125427,16966.674436638536,14770.88549211924
forecast_3282,2025-05-17 18:00:00,17427.252824128234,18324.4446681686,16382.059823591062
forecast_3283,2025-05-17 19:00:00,18348.010753640767,17897.818029131085,17425.084832801163
forecast_3284,2025-05-17 20:00:00,18541.33910112897,17828.31577892731,18018.858767730337
forecast_3285,2025-05-17 21:00:00,19084.737345688023,18514.87285753246,18181.122338905374
forecast_3286,2025-05-17 22:00:00,19338.342105797165,18720.6286699939,18047.035281501674
forecast_3287,2025-05-17 23:00:00,19896.574679221878,18951.898914981713,17987.9686484837
forecast_3288,2025-05-18 00:00:00,19668.074657325727,18872.85119055914,17414.757291963273
forecast_3289,2025-05-18 01:00:00,18723.24298722396,18322.39640144176,16565.830166550182
forecast_3290,2025-05-18 02:00:00,18009.952000468606,17928.467712981863,15004.108723297679
forecast_3291,2025-05-18 03:00:00,16479.830913164697,15855.546322009404,12013.574165045058
forecast_3292,2025-05-18 04:00:00,14448.14131874515,12411.99055842764,9857.467652042395
forecast_3293,2025-05-18 05:00:00,11471.739484830876,9060.97284867105,8593.448973461269
forecast_3294,2025-05-18 06:00:00,7148.169513102266,6528.263898633325,6639.321730539349
forecast_3295,2025-05-18 07:00:00,4912.008938453406,4606.885855411801,4788.865060029648
forecast_3296,2025-05-18 08:00:00,3691.744828327185,3263.2498433077753,4098.785468723403
forecast_3297,2025-05-18 09:00:00,2432.327027065703,2267.859323150904,3676.8366545634735
forecast_3298,2025-05-18 10:00:00,2026.2303511050038,1928.3869176670064,3301.239161116845
forecast_3299,2025-05-18 11:00:00,2171.1934469607886,2072.3076032791637,3353.5990913797013
forecast_3300,2025-05-18 12:00:00,2771.529950423117,2624.716180264112,3600.343721328533
forecast_3301,2025-05-18 13:00:00,3286.843724539389,3495.2566376860696,3859.045845200469
forecast_3302,2025-05-18 14:00:00,3668.608088243034,3548.1813722378906,4080.093027529604
forecast_3303,2025-05-18 15:00:00,4586.096423268944,3928.481112057779,4523.91913895225
forecast_3304,2025-05-18 16:00:00,5126.770127016864,5078.942097482766,5339.496199008161
forecast_3305,2025-05-18 17:00:00,6029.931257969067,6041.073718802565,6158.005868391629
forecast_3306,2025-05-18 18:00:00,6900.100563007967,6187.966735005581,6986.305479546682
forecast_3307,2025-05-18 19:00:00,7720.5798792100395,8253.305672882956,8282.67937551988
forecast_3308,2025-05-18 20:00:00,9642.771102650022,10402.044188730772,9622.335921611486
forecast_3309,2025-05-18 21:00:00,10883.654275680568,12512.65462868465,10492.892398867676
forecast_3310,2025-05-18 22:00:00,12156.832346436815,13035.480073634633,10943.121709138173
forecast_3311,2025-05-18 23:00:00,12217.195081864873,13233.14914231193,11197.83385043756
forecast_3312,2025-05-19 00:00:00,12678.502930265562,14541.91853926264,11211.747507022319
forecast_3313,2025-05-19 01:00:00,12937.989058542604,13717.52329118758,10932.726104586276
forecast_3314,2025-05-19 02:00:00,12130.33203262034,13632.256673095308,10185.598092142525
forecast_3315,2025-05-19 03:00:00,11505.575254055415,12836.906589374104,9132.365100336483
forecast_3316,2025-05-19 04:00:00,10860.480233914219,11946.982387653592,8479.919906909645
forecast_3317,2025-05-19 05:00:00,9586.852261650036,11104.833851522777,8731.542995799882
forecast_3318,2025-05-19 06:00:00,10190.041758531645,14382.841537002194,9172.911507767121
forecast_3319,2025-05-19 07:00:00,11152.15079652937,16513.758417294917,9973.999504305199
forecast_3320,2025-05-19 08:00:00,11087.876590090355,15698.637288695129,11005.300936443757
forecast_3321,2025-05-19 09:00:00,10381.690816057977,14920.548303144824,11309.917115621554
forecast_3322,2025-05-19 10:00:00,10455.362804069106,14567.843981911072,12243.988126909244
forecast_3323,2025-05-19 11:00:00,11452.948165299218,15725.763184951418,13265.006385931127
forecast_3324,2025-05-19 12:00:00,13718.771681799895,16541.68765625173,14142.136681703538
forecast_3325,2025-05-19 13:00:00,14780.434646218448,16298.700888798405,15110.089461004845
forecast_3326,2025-05-19 14:00:00,15288.999912965799,16434.536670324425,15883.28806243043
forecast_3327,2025-05-19 15:00:00,16383.120369051901,17147.458891759867,16414.694458284222
forecast_3328,2025-05-19 16:00:00,15826.379153677186,16681.88755171887,17349.35204303059
forecast_3329,2025-05-19 17:00:00,16722.227056224205,17413.608592425833,17886.868544625577
forecast_3330,2025-05-19 18:00:00,17205.38079503634,18159.7738321725,17835.73580533234
forecast_3331,2025-05-19 19:00:00,17904.80562198237,18278.67285872343,17836.42785048752
forecast_3332,2025-05-19 20:00:00,18004.078888362303,18336.81654806849,17641.210777048025
forecast_3333,2025-05-19 21:00:00,17898.23726312127,18093.73536237588,17594.785277604667
forecast_3334,2025-05-19 22:00:00,17565.23008877757,17961.53919159602,17168.565996839734
forecast_3335,2025-05-19 23:00:00,17509.952505918856,17700.72646425802,16447.855241389218
forecast_3336,2025-05-20 00:00:00,17464.35289905988,18094.40921056565,16235.9431154399
forecast_3337,2025-05-20 01:00:00,16683.250497759676,17448.67565464679,17042.619107333776
forecast_3338,2025-05-20 02:00:00,17087.232028685066,17836.776035878756,16966.542019529978
forecast_3339,2025-05-20 03:00:00,16907.058572821057,17819.06188172749,16560.968126222477
forecast_3340,2025-05-20 04:00:00,16605.14086202596,17583.880087762373,17153.200643872864
forecast_3341,2025-05-20 05:00:00,16013.061892167627,17475.951514870318,17088.15247462769
forecast_3342,2025-05-20 06:00:00,15786.388753077237,16990.65821032791,16899.84788032535
forecast_3343,2025-05-20 07:00:00,15067.116955295842,16462.441476803484,16666.489809353105
forecast_3344,2025-05-20 08:00:00,14690.5216455501,16255.546460894395,16206.12221494955
forecast_3345,2025-05-20 09:00:00,14525.079624433356,16297.446083078954,15981.880445512486
forecast_3346,2025-05-20 10:00:00,14066.876987311729,15757.705441157115,14844.49758183857
forecast_3347,2025-05-20 11:00:00,14250.160799009323,14659.878185133868,13938.352876251589
forecast_3348,2025-05-20 12:00:00,13633.613823524081,14529.444489289006,13184.839600939911
forecast_3349,2025-05-20 13:00:00,13559.294423515308,14054.073279341112,12979.322391284782
forecast_3350,2025-05-20 14:00:00,13447.280636788968,14236.067056309814,13154.199287376196
forecast_3351,2025-05-20 15:00:00,13797.691883091979,14525.873523540486,13374.51169000267
forecast_3352,2025-05-20 16:00:00,13975.394418793385,14504.288648235386,13786.824974969866
forecast_3353,2025-05-20 17:00:00,13998.485791871817,14810.327789073921,14413.472095188994
forecast_3354,2025-05-20 18:00:00,14352.06440334419,15205.653921620004,15152.902228960813
forecast_3355,2025-05-20 19:00:00,14392.464639816119,15196.248256474359,15758.238180933906
forecast_3356,2025-05-20 20:00:00,14715.760444592437,15471.51030569876,16139.65699961328
forecast_3357,2025-05-20 21:00:00,15026.030254374027,15927.312109395898,15936.578619120237
forecast_3358,2025-05-20 22:00:00,15857.113766038521,16054.728299595314,15860.374227215505
forecast_3359,2025-05-20 23:00:00,17233.468897960123,16245.66559326715,16334.122456338848
forecast_3360,2025-05-21 00:00:00,16873.310510408282,16264.23749300098,16401.696473996206
forecast_3361,2025-05-21 01:00:00,18420.00278557113,17590.72189675484,15775.049539375443
forecast_3362,2025-05-21 02:00:00,18309.900317887623,17203.00821629316,15770.309378183681
forecast_3363,2025-05-21 03:00:00,18442.78786815545,17486.019378189027,15088.878078029826
forecast_3364,2025-05-21 04:00:00,17701.297620760262,16401.087990922337,13890.445224602958
forecast_3365,2025-05-21 05:00:00,15457.62621222403,15044.319849019557,13435.416865499314
forecast_3366,2025-05-21 06:00:00,13781.459299548713,13679.69749167403,11640.6617063458
forecast_3367,2025-05-21 07:00:00,10390.624422914789,10187.25354547186,8740.30450377443
forecast_3368,2025-05-21 08:00:00,7053.353625568072,7016.0776889002045,6845.986759575943
forecast_3369,2025-05-21 09:00:00,4761.005221736519,4342.519755586273,5669.845440397654
forecast_3370,2025-05-21 10:00:00,2923.2640675176076,3003.913539756882,4398.59423541251
forecast_3371,2025-05-21 11:00:00,2452.4140053928713,2670.8797495103763,3989.9942679886244
forecast_3372,2025-05-21 12:00:00,2205.3111017829547,2363.977480530538,3922.659290897166
forecast_3373,2025-05-21 13:00:00,2160.587807534576,2208.0156649987393,3893.1472668683564
forecast_3374,2025-05-21 14:00:00,2141.73858645426,2162.6026919511396,3902.5060149374576
forecast_3375,2025-05-21 15:00:00,2015.1648153569565,2522.475715587338,3898.0582043763434
forecast_3376,2025-05-21 16:00:00,1995.55979466335,2658.0714614023045,3955.4560445297875
forecast_3377,2025-05-21 17:00:00,2037.7497450719545,2611.0978411229935,3892.2339577289786
forecast_3378,2025-05-21 18:00:00,2262.4576311197006,2598.964428126217,3743.881680316687
forecast_3379,2025-05-21 19:00:00,2337.3019496350917,2719.19365824501,3855.9492531213773
forecast_3380,2025-05-21 20:00:00,2322.412058928879,2747.4580121763315,3927.868670826318
forecast_3381,2025-05-21 21:00:00,2366.672226322792,2857.8935590794285,4016.2704913995613
forecast_3382,2025-05-21 22:00:00,2492.8968791599673,2848.353642849407,4109.837279325042
forecast_3383,2025-05-21 23:00:00,2393.284714436657,2533.4890489933678,4088.8128455997817
forecast_3384,2025-05-22 00:00:00,2515.9209006671244,2705.1087235185637,4164.130608769161
forecast_3385,2025-05-22 01:00:00,2716.26237609142,2953.723985968837,4303.184255317665
forecast_3386,2025-05-22 02:00:00,3193.9039954169807,3258.0535462389,4304.0867654443455
forecast_3387,2025-05-22 03:00:00,3276.330355460023,3447.8411801635984,4386.730066586908
forecast_3388,2025-05-22 04:00:00,3423.146205444189,3639.7994606826423,4315.927168915199
forecast_3389,2025-05-22 05:00:00,3389.8251507738446,3256.7832373118536,4293.645826462708
forecast_3390,2025-05-22 06:00:00,3122.8469354170693,2821.0762803651814,4277.8204724500065
forecast_3391,2025-05-22 07:00:00,2890.4334687677965,2468.310259458568,4340.974520625971
forecast_3392,2025-05-22 08:00:00,2752.469250067376,2494.320005491174,4520.674206183181
forecast_3393,2025-05-22 09:00:00,3049.258654926567,2990.2847168048615,4763.344674817486
forecast_3394,2025-05-22 10:00:00,3321.7739619540134,3347.284907322308,4969.9009948835355
forecast_3395,2025-05-22 11:00:00,3508.063825035777,3789.865861677462,5043.598084632274
forecast_3396,2025-05-22 12:00:00,3474.5977135237044,3776.3091239800306,5072.215757749096
forecast_3397,2025-05-22 13:00:00,3455.082086490381,3589.1663017839724,4901.461230496294
forecast_3398,2025-05-22 14:00:00,3330.3548599329083,3518.5815049372695,4676.896123308669
forecast_3399,2025-05-22 15:00:00,2954.877282976641,3211.5064101523803,4364.491623031007
forecast_3400,2025-05-22 16:00:00,2668.0127164802816,2647.3768738406934,3983.555266369834
forecast_3401,2025-05-22 17:00:00,2526.801173358225,2341.4137729520435,3815.0753237486806
forecast_3402,2025-05-22 18:00:00,2541.8303271972295,2221.66119467651,3733.770283411717
forecast_3403,2025-05-22 19:00:00,2646.7408755114852,2177.9070163563183,3703.8672891911333
forecast_3404,2025-05-22 20:00:00,2729.5162338593664,2158.9407218196193,3699.6791981841957
forecast_3405,2025-05-22 21:00:00,2793.9163636803432,2430.605746863337,3663.4215630088675
forecast_3406,2025-05-22 22:00:00,3315.132004583264,2900.7963919383465,3613.9389286471924
forecast_3407,2025-05-22 23:00:00,3723.221997914638,3235.345380480983,3659.1639712922292
forecast_3408,2025-05-23 00:00:00,3978.222174720988,3690.7803724104688,3742.605475961455
forecast_3409,2025-05-23 01:00:00,4126.415453683843,3644.4704800896293,3723.786554645736
forecast_3410,2025-05-23 02:00:00,4058.0778832999945,3625.693841935405,3714.9445917390362
forecast_3411,2025-05-23 03:00:00,4080.7552608346336,3968.0322498523437,3760.8558183659666
forecast_3412,2025-05-23 04:00:00,4058.2787764713353,4139.5754767302315,3869.0022893694486
forecast_3413,2025-05-23 05:00:00,4016.8141620020283,4179.352604526128,3813.412583292588
forecast_3414,2025-05-23 06:00:00,4299.853525675226,4427.896921887081,3854.60279057825
forecast_3415,2025-05-23 07:00:00,4295.954679249205,4561.8955664275845,3818.198737843875
forecast_3416,2025-05-23 08:00:00,4024.260029730531,4231.145081397094,3789.0922188318973
forecast_3417,2025-05-23 09:00:00,3842.9577842587705,4002.7154787764466,3760.2195929479067
forecast_3418,2025-05-23 10:00:00,3485.36430461236,3698.4335536848207,3729.0362174136626
forecast_3419,2025-05-23 11:00:00,3229.8137804340668,3427.4473205612844,3691.2469384730953
forecast_3420,2025-05-23 12:00:00,3103.439123784254,3345.055275484382,3680.2425428973133
forecast_3421,2025-05-23 13:00:00,3101.4953512238385,3251.3067885117866,3633.8242580322844
forecast_3422,2025-05-23 14:00:00,3109.1161422764258,3334.5360523425406,3681.2822072542763
forecast_3423,2025-05-23 15:00:00,3080.0635362859716,3381.4518466768286,3687.8255623685395
forecast_3424,2025-05-23 16:00:00,3357.267366374216,3375.4974375370693,3728.3704493847713
forecast_3425,2025-05-23 17:00:00,3755.134618466834,3730.8128799020888,3814.030016350669
forecast_3426,2025-05-23 18:00:00,4209.545653164448,3803.5878482944913,3873.4306491595526
forecast_3427,2025-05-23 19:00:00,4307.742801283159,3858.4921655295766,3912.979409291986
forecast_3428,2025-05-23 20:00:00,4497.9874973667465,4278.905396097864,4099.705017586798
forecast_3429,2025-05-23 21:00:00,4418.63560558672,4430.868355085402,4144.573062822623
forecast_3430,2025-05-23 22:00:00,5047.415226135274,4718.749971711357,4189.517452951154
forecast_3431,2025-05-23 23:00:00,5176.107786331071,5049.153864246503,4125.918286107658
forecast_3432,2025-05-24 00:00:00,5401.679215934944,5253.5794981465515,4188.175517268552
forecast_3433,2025-05-24 01:00:00,5295.357936505533,5581.064465279923,4429.161917199288
forecast_3434,2025-05-24 02:00:00,5337.475307618327,5622.376142425996,4639.813020312965
forecast_3435,2025-05-24 03:00:00,5360.18089833043,5622.768562376442,4737.1052124800735
forecast_3436,2025-05-24 04:00:00,5310.156852953933,5778.594835944726,4873.336505501371
forecast_3437,2025-05-24 05:00:00,5631.6213780545395,6180.325917061258,5229.310161339444
forecast_3438,2025-05-24 06:00:00,5545.705852818703,6077.0942485502255,5484.896363144707
forecast_3439,2025-05-24 07:00:00,5556.131580109011,5914.003124243478,5701.732546833304
forecast_3440,2025-05-24 08:00:00,5434.689944626348,5706.275890204135,5881.116935590309
forecast_3441,2025-05-24 09:00:00,5408.4372032722,5471.338904478835,5770.822824806122
forecast_3442,2025-05-24 10:00:00,5023.732971841939,5024.018703110302,5580.637527666337
forecast_3443,2025-05-24 11:00:00,4982.198990999671,4782.641083048001,5612.980604170106
forecast_3444,2025-05-24 12:00:00,5103.890408695585,4537.308716156189,5657.652273672616
forecast_3445,2025-05-24 13:00:00,5134.343976940298,4677.1535768089125,5866.149162233963
forecast_3446,2025-05-24 14:00:00,5213.6719427909,4966.628554297307,6105.372328629511
forecast_3447,2025-05-24 15:00:00,5389.117424206624,5633.380951210689,6815.336475335491
forecast_3448,2025-05-24 16:00:00,5846.101741182156,6509.985774927967,7143.557817368653
forecast_3449,2025-05-24 17:00:00,6342.995854103439,6800.1188811111815,7291.558677673597
forecast_3450,2025-05-24 18:00:00,6739.530158168249,7015.504907314758,7779.867294789236
forecast_3451,2025-05-24 19:00:00,6559.552068257974,7415.019053061507,7785.70896929105
forecast_3452,2025-05-24 20:00:00,6458.057401728354,7685.798221999858,7408.488473948273
forecast_3453,2025-05-24 21:00:00,6429.755398962332,7199.423426444873,7321.190336064286
forecast_3454,2025-05-24 22:00:00,6311.720568163459,6307.415864781936,7091.814808786399
forecast_3455,2025-05-24 23:00:00,5521.072580896481,5626.099022927133,6638.226710247731
forecast_3456,2025-05-25 00:00:00,4897.687374884155,5149.5992128560265,6399.66269055199
forecast_3457,2025-05-25 01:00:00,4608.000021237987,4357.916086471111,6084.546251000484
forecast_3458,2025-05-25 02:00:00,4255.325268657809,4075.605405424896,5680.402347131984
forecast_3459,2025-05-25 03:00:00,3978.52463700519,3576.6892544706616,5367.770715097409
forecast_3460,2025-05-25 04:00:00,4047.401639075171,4023.8582065072114,5109.471455786004
forecast_3461,2025-05-25 05:00:00,3771.8002385029918,3660.491599424703,5198.385622660585
forecast_3462,2025-05-25 06:00:00,3550.8651724920132,3517.440792436717,5200.16698021287
forecast_3463,2025-05-25 07:00:00,3420.977429556052,3223.9245400037335,5026.613839676741
forecast_3464,2025-05-25 08:00:00,2899.9983192920427,2823.889213306213,4471.270294272537
forecast_3465,2025-05-25 09:00:00,2573.8529211433656,2476.869030155482,3971.0338014841436
forecast_3466,2025-05-25 10:00:00,2431.052241224995,2296.5679626983897,3706.704605675706
forecast_3467,2025-05-25 11:00:00,2401.723585422597,2297.221142035179,3569.8223189450778
forecast_3468,2025-05-25 12:00:00,3054.1010317610344,2884.8213622392313,3650.661142285038
forecast_3469,2025-05-25 13:00:00,3626.967882754643,3078.927774080077,4030.1299091489755
forecast_3470,2025-05-25 14:00:00,3455.1399133684536,2797.5313514418394,4038.2425010301154
forecast_3471,2025-05-25 15:00:00,3255.6795996910287,2956.621666518793,4269.0399346815975
forecast_3472,2025-05-25 16:00:00,3525.593029338527,2806.0472140867337,4483.747132320086
forecast_3473,2025-05-25 17:00:00,3825.898840369977,3640.1746552930813,4757.831327456281
forecast_3474,2025-05-25 18:00:00,4288.650923709945,4229.375096971011,5315.881638575662
forecast_3475,2025-05-25 19:00:00,5097.13266433147,5478.898928653647,6352.226528714517
forecast_3476,2025-05-25 20:00:00,6151.952534063818,7286.748547156062,7966.337277838743
forecast_3477,2025-05-25 21:00:00,6890.312830622061,8083.352821652527,7814.1691590955725
forecast_3478,2025-05-25 22:00:00,7887.760147121682,8601.326272491786,8492.068971228127
forecast_3479,2025-05-25 23:00:00,8723.463201513992,10130.316394441463,8898.654640637753
forecast_3480,2025-05-26 00:00:00,8782.539498929966,10483.136860031284,8772.934903455573
forecast_3481,2025-05-26 01:00:00,9837.777331867928,9486.929178187072,9050.762546515569
forecast_3482,2025-05-26 02:00:00,9870.325992314032,9166.882948990775,8672.916026216
forecast_3483,2025-05-26 03:00:00,8697.509512966153,8903.533829858405,8244.31385531845
forecast_3484,2025-05-26 04:00:00,6939.631992332827,7053.609843264656,7420.647921917112
forecast_3485,2025-05-26 05:00:00,5805.250090411724,5471.769079115398,6491.136898557973
forecast_3486,2025-05-26 06:00:00,4303.313294713744,4051.6780821996667,5537.53743899426
forecast_3487,2025-05-26 07:00:00,3081.814972224144,2936.4188503868977,4467.0384844926775
forecast_3488,2025-05-26 08:00:00,2342.6805583123173,2309.3739566583763,3895.56776768079
forecast_3489,2025-05-26 09:00:00,1889.931656228624,2020.7460514876593,3565.9611637495705
forecast_3490,2025-05-26 10:00:00,1566.1783572963998,1971.4237310398241,3300.793231373193
forecast_3491,2025-05-26 11:00:00,1541.343548210455,2043.027408094023,3176.136004810693
forecast_3492,2025-05-26 12:00:00,1640.6105829927494,2164.3087801643355,3203.234192438664
forecast_3493,2025-05-26 13:00:00,1579.99611950716,1733.6808479777148,3510.776385670068
forecast_3494,2025-05-26 14:00:00,1822.9995350703039,1535.418560933827,3473.3261554620613
forecast_3495,2025-05-26 15:00:00,1873.0728342044097,1854.241562104073,3576.514425246622
forecast_3496,2025-05-26 16:00:00,2081.820766808196,1915.087434978491,3663.967398236144
forecast_3497,2025-05-26 17:00:00,2229.6133163686936,1911.3464207627426,3764.8415116667798
forecast_3498,2025-05-26 18:00:00,2270.8368958485644,1939.9216282217108,3802.983474758951
forecast_3499,2025-05-26 19:00:00,2663.598062402124,2203.7104340288415,3998.4006298718045
forecast_3500,2025-05-26 20:00:00,2802.9480425584875,2468.1382974457456,4221.564501915839
forecast_3501,2025-05-26 21:00:00,3351.676657476085,3206.9242059819617,4509.323699770177
forecast_3502,2025-05-26 22:00:00,4621.191914672032,4503.194738835474,5062.789213050897
forecast_3503,2025-05-26 23:00:00,5133.197013432042,5275.816920963318,5896.139606789469
forecast_3504,2025-05-27 00:00:00,5903.488215778586,6144.5826955209295,6588.303134991984
forecast_3505,2025-05-27 01:00:00,6264.615389603408,7034.196203925492,7160.568305103503
forecast_3506,2025-05-27 02:00:00,6588.099351160732,7269.726027175795,7441.958025719609
forecast_3507,2025-05-27 03:00:00,7023.796545069414,7971.262568942139,7203.701615279616
forecast_3508,2025-05-27 04:00:00,6568.774729522315,7575.550941265138,7191.458615500376
forecast_3509,2025-05-27 05:00:00,5219.442266441009,6367.790727444424,6491.808231312525
forecast_3510,2025-05-27 06:00:00,3686.1050035828457,4387.362693972874,5328.045366368559
forecast_3511,2025-05-27 07:00:00,2637.1726370356587,2742.6278857888137,4603.84024840231
forecast_3512,2025-05-27 08:00:00,1943.6010806636034,2160.840015234436,3913.653799192276
forecast_3513,2025-05-27 09:00:00,1648.0973940132171,2006.0640868994378,3551.091237245031
forecast_3514,2025-05-27 10:00:00,1408.4440783261134,1602.1250249851366,3532.681035586517
forecast_3515,2025-05-27 11:00:00,1392.4154854308008,1857.4669832893355,3394.930062154202
forecast_3516,2025-05-27 12:00:00,1587.7937493264633,1925.5036043830855,3365.478534107568
forecast_3517,2025-05-27 13:00:00,1552.4576429239255,1821.3612703987105,3541.206561451318
forecast_3518,2025-05-27 14:00:00,1559.9189355404344,1705.2907225930778,3627.740985279443
forecast_3519,2025-05-27 15:00:00,1551.4938249550928,1744.2671638506845,3587.961932545068
forecast_3520,2025-05-27 16:00:00,1512.3949597303802,1715.780225374122,3593.830584888818
forecast_3521,2025-05-27 17:00:00,1593.129381470677,1824.0736727424605,3470.938983326318
forecast_3522,2025-05-27 18:00:00,1802.4784798074845,1891.661685437773,3557.204120045068
forecast_3523,2025-05-27 19:00:00,2181.3396934640627,2003.0414386719121,3667.781512623193
forecast_3524,2025-05-27 20:00:00,2126.4851671699803,1931.700583176449,3853.32094501544
forecast_3525,2025-05-27 21:00:00,2318.8960106986474,2351.471353529547,3997.560794182912
forecast_3526,2025-05-27 22:00:00,2754.19909399559,2798.853929714748,4190.006944501459
forecast_3527,2025-05-27 23:00:00,3167.718656664254,3196.626881266128,4632.311523146867
forecast_3528,2025-05-28 00:00:00,3812.7009760425967,3915.496665288995,5245.299294674413
forecast_3529,2025-05-28 01:00:00,4828.52087877374,5414.8528347666115,5960.286726309016
forecast_3530,2025-05-28 02:00:00,5794.120885320486,6646.359694057561,6441.586606568589
forecast_3531,2025-05-28 03:00:00,6221.745457773255,7123.542096152441,6495.736809771453
forecast_3532,2025-05-28 04:00:00,5780.852473563407,6659.538225199634,6248.248885099633
forecast_3533,2025-05-28 05:00:00,4888.916528715734,5110.642421143508,5639.716259546817
forecast_3534,2025-05-28 06:00:00,3672.500346481579,3415.538135223712,4788.688556295503
forecast_3535,2025-05-28 07:00:00,2776.782585472682,2436.157620904021,4092.1679237509206
forecast_3536,2025-05-28 08:00:00,2134.5395996942075,2092.77365502856,3629.896943729989
forecast_3537,2025-05-28 09:00:00,1708.7331382878695,1998.4635653205855,3320.3395415128407
forecast_3538,2025-05-28 10:00:00,1474.8697177889483,1754.4235262580855,3258.493670826318
forecast_3539,2025-05-28 11:00:00,1306.4247012747514,1761.7658114143355,3235.781024341943
forecast_3540,2025-05-28 12:00:00,1538.8431592284112,1660.3151611916442,3412.653584204319
forecast_3541,2025-05-28 13:00:00,1627.478662171553,1756.4827284316468,3379.7866291758273
forecast_3542,2025-05-28 14:00:00,1764.5133928033697,1753.2722105960008,3780.79607692641
forecast_3543,2025-05-28 15:00:00,1816.2984211982907,1748.3024650940838,3968.144847696266
forecast_3544,2025-05-28 16:00:00,2088.4297063607437,2114.4217606563916,4063.2377534213642
forecast_3545,2025-05-28 17:00:00,2110.603910162344,2084.099951464336,3949.5763309243916
forecast_3546,2025-05-28 18:00:00,2180.0981526005826,1952.5951974319132,3934.7728892048995
forecast_3547,2025-05-28 19:00:00,2266.577797778473,2000.688971986323,3948.2536742302527
forecast_3548,2025-05-28 20:00:00,2205.0214063353733,1987.8003709653394,4101.402946944817
forecast_3549,2025-05-28 21:00:00,2422.8137475081767,1723.0471484058053,4219.494738249088
forecast_3550,2025-05-28 22:00:00,2747.408794746711,2096.8967834753125,4416.51815586898
forecast_3551,2025-05-28 23:00:00,3095.909858977115,2416.084873296007,4670.8077172105595
forecast_3552,2025-05-29 00:00:00,2745.8834303391723,2384.4192628907276,4628.707814355081
forecast_3553,2025-05-29 01:00:00,2484.496714495295,2416.2893621025664,4346.264035781623
forecast_3554,2025-05-29 02:00:00,2510.6767301233576,2324.1996767303463,4375.674382288951
forecast_3555,2025-05-29 03:00:00,2527.97109229274,2280.1792656867815,4382.502934865604
forecast_3556,2025-05-29 04:00:00,2613.4850976951384,2288.886096150509,4285.204015337192
forecast_3557,2025-05-29 05:00:00,2400.5246743725907,2235.55160996318,4175.627474109336
forecast_3558,2025-05-29 06:00:00,2353.3327002606597,2182.6468351959566,4021.6943341232795
forecast_3559,2025-05-29 07:00:00,2379.97713909717,2232.377147096436,3826.609111087643
forecast_3560,2025-05-29 08:00:00,2132.5237889022346,2081.624953155632,3669.223195058546
forecast_3561,2025-05-29 09:00:00,1804.7083466089907,2105.956570583001,3513.371213311759
forecast_3562,2025-05-29 10:00:00,1656.7181198993048,1930.2797581601458,3428.774923849311
forecast_3563,2025-05-29 11:00:00,1627.5486512520104,1865.015599499986,3551.119135874336
forecast_3564,2025-05-29 12:00:00,1666.7233551527095,2110.396001321957,3646.879931801236
forecast_3565,2025-05-29 13:00:00,1738.0403471183647,2274.3273788944807,3725.4822963380357
forecast_3566,2025-05-29 14:00:00,1941.2093285391088,2525.3412992814046,3807.68812013714
forecast_3567,2025-05-29 15:00:00,2023.2797126488501,2306.1051251440877,3920.1635686766367
forecast_3568,2025-05-29 16:00:00,2269.142808206258,2464.2095956223984,3880.5658022123725
forecast_3569,2025-05-29 17:00:00,2388.2654580916737,2503.6879688232857,4043.3700812699867
forecast_3570,2025-05-29 18:00:00,2528.2882411473292,2654.2925206469163,4134.228743098664
forecast_3571,2025-05-29 19:00:00,2817.3613066375606,2987.1512392718505,4285.879653183138
forecast_3572,2025-05-29 20:00:00,2934.3811323411,3373.484773697388,4478.706694968417
forecast_3573,2025-05-29 21:00:00,3042.7378830525195,3506.8969467705656,4558.330556650733
forecast_3574,2025-05-29 22:00:00,3294.436354688988,3970.726576125237,4562.336929107967
forecast_3575,2025-05-29 23:00:00,3448.6657325775514,4207.242516707971,4533.555364360172
forecast_3576,2025-05-30 00:00:00,3225.002903598298,4305.4470785884605,4515.72180232469
forecast_3577,2025-05-30 01:00:00,3535.023076824071,3471.5777402558897,4424.750490879904
forecast_3578,2025-05-30 02:00:00,3659.675630719619,3534.7523479353167,4494.414496472935
forecast_3579,2025-05-30 03:00:00,3731.46182830423,3956.5773043825343,4659.362184115447
forecast_3580,2025-05-30 04:00:00,3598.9168656180113,3848.8822798545834,4717.780315773595
forecast_3581,2025-05-30 05:00:00,3715.6724434639964,4085.8205545384462,4813.502410118091
forecast_3582,2025-05-30 06:00:00,3708.6524955460404,4450.584099709993,4753.846604627667
forecast_3583,2025-05-30 07:00:00,3506.6517604392493,4519.420838544989,4627.290748714346
forecast_3584,2025-05-30 08:00:00,3040.17753757093,3804.774493179327,4380.334015203452
forecast_3585,2025-05-30 09:00:00,2649.052000138497,3200.0023357777795,4152.711690022868
forecast_3586,2025-05-30 10:00:00,2312.05375034214,2965.2431433373185,4076.2646044717694
forecast_3587,2025-05-30 11:00:00,2154.716085963739,2749.1481338602584,4041.077046566118
forecast_3588,2025-05-30 12:00:00,2043.519002714432,2672.8101137501053,4005.6263776940764
forecast_3589,2025-05-30 13:00:00,1918.2593796076778,2451.457621358817,3913.830617246695
forecast_3590,2025-05-30 14:00:00,1790.1277935413814,2173.0914410156142,3799.751805870125
forecast_3591,2025-05-30 15:00:00,1738.8930307892065,2120.414215587619,3712.2780510490056
forecast_3592,2025-05-30 16:00:00,1885.3691505735046,2206.654109040838,3688.9214708846657
forecast_3593,2025-05-30 17:00:00,2054.684564189459,2459.355590445657,3736.8789391383025
forecast_3594,2025-05-30 18:00:00,2221.139343241144,2542.659937842178,3921.250298310057
forecast_3595,2025-05-30 19:00:00,2496.1742285461705,2926.2785742199644,4110.582638415837
forecast_3596,2025-05-30 20:00:00,2491.0377742457404,3202.1387524757997,4345.70590794628
forecast_3597,2025-05-30 21:00:00,2645.3584251832167,3408.0315597408153,4478.619285275856
forecast_3598,2025-05-30 22:00:00,2969.4235070868585,3857.0725107172775,4493.887883046911
forecast_3599,2025-05-30 23:00:00,2958.9129128237237,3593.365033977872,4538.65658680709
forecast_3600,2025-05-31 00:00:00,2705.6823504392,3509.1510158581286,4535.517008864219
forecast_3601,2025-05-31 01:00:00,2489.3722253972637,3590.0127367413893,4483.963089444743
forecast_3602,2025-05-31 02:00:00,2502.6433920844115,3574.856534819996,4552.584838480412
forecast_3603,2025-05-31 03:00:00,2740.209125167152,3723.680007542498,4602.879922822759
forecast_3604,2025-05-31 04:00:00,2737.160942354785,3833.370291020366,4658.361646508681
forecast_3605,2025-05-31 05:00:00,2601.1828816392112,3586.4741801894897,4642.456737217537
forecast_3606,2025-05-31 06:00:00,2582.1770355400936,3457.7874402101397,4559.191678304075
forecast_3607,2025-05-31 07:00:00,2505.995962861063,3343.6275262244453,4342.2754404448
forecast_3608,2025-05-31 08:00:00,2300.1019117526043,3198.244929745091,4181.911138888989
forecast_3609,2025-05-31 09:00:00,2047.3280096568883,2948.90154266425,3975.170569647747
forecast_3610,2025-05-31 10:00:00,1823.873102272495,2783.3894742360985,3955.923707670685
forecast_3611,2025-05-31 11:00:00,1762.964194623058,2989.5485436043446,4042.9404440638596
forecast_3612,2025-05-31 12:00:00,1828.4517290262352,2468.543307159927,4164.273995485572
forecast_3613,2025-05-31 13:00:00,1867.2886534844567,2512.136173388234,4129.4287246308095
forecast_3614,2025-05-31 14:00:00,1886.167922053672,2440.798112040483,4144.281933588376
forecast_3615,2025-05-31 15:00:00,1863.4096530208951,2423.690132731949,4120.295072777113
forecast_3616,2025-05-31 16:00:00,1901.527820650526,2501.331539144742,4134.613431864198
forecast_3617,2025-05-31 17:00:00,1958.491851650033,2587.5273618390265,4019.161104528622
forecast_3618,2025-05-31 18:00:00,2196.3525779042875,2866.814132826586,4076.8897289400134
forecast_3619,2025-05-31 19:00:00,2607.3599581079225,3239.521952592798,4128.365367273938
forecast_3620,2025-05-31 20:00:00,2380.194262715693,3175.1461322928735,4229.358029852228
forecast_3621,2025-05-31 21:00:00,2347.801882822185,2966.1471317667574,4215.111682764195
forecast_3622,2025-05-31 22:00:00,2568.706498376208,3043.4086641227977,4201.031113669589
forecast_3623,2025-05-31 23:00:00,2430.7431079008097,3108.215221074728,4265.119983711206
forecast_3624,2025-06-01 00:00:00,2236.018826479801,3012.5283495191766,4163.394193779344
forecast_3625,2025-06-01 01:00:00,2108.395441665967,2787.5798756381428,4057.834278374197
forecast_3626,2025-06-01 02:00:00,2134.8198951691793,2728.544369261948,4182.2496108718
forecast_3627,2025-06-01 03:00:00,2154.9955602581813,2823.8797837611783,4250.4795874900765
forecast_3628,2025-06-01 04:00:00,2250.3347528821505,2890.518816931833,4239.688718716121
forecast_3629,2025-06-01 05:00:00,2132.3077343515206,2660.5163042077743,4096.785634902061
forecast_3630,2025-06-01 06:00:00,2078.7347383162974,2486.424769279757,3932.2795134194516
forecast_3631,2025-06-01 07:00:00,1981.3956354550046,2242.6695156714786,3689.591070644742
forecast_3632,2025-06-01 08:00:00,1807.4068418932266,2116.010508308112,3532.14630135964
forecast_3633,2025-06-01 09:00:00,1646.766610449375,1928.363345594023,3360.260803312765
forecast_3634,2025-06-01 10:00:00,1412.9329772461492,1768.676333875273,3321.89044198464
forecast_3635,2025-06-01 11:00:00,1390.9632506836492,1612.848697156523,3312.2906973698387
forecast_3636,2025-06-01 12:00:00,1297.8205695757813,1669.3793368049605,3357.4181063396536
forecast_3637,2025-06-01 13:00:00,1389.1271392775798,1707.7706942268355,3353.131867448932
forecast_3638,2025-06-01 14:00:00,1368.3335449462336,1635.9298739143355,3339.051789323932
forecast_3639,2025-06-01 15:00:00,1394.5117130033414,1573.9279207893355,3193.10889089785
forecast_3640,2025-06-01 16:00:00,1603.2066598324877,1882.583072156523,3292.5761760543683
forecast_3641,2025-06-01 17:00:00,1847.263794014102,2069.541785974094,3496.6367560107565
forecast_3642,2025-06-01 18:00:00,2259.8545547127633,2245.4275296382284,3889.6388238890345
forecast_3643,2025-06-01 19:00:00,3222.31952614956,3155.705237824352,4344.99138327816
forecast_3644,2025-06-01 20:00:00,3881.0222189652736,3934.6197338895345,5055.012090871972
forecast_3645,2025-06-01 21:00:00,4406.671503220962,4670.9824550899675,5648.359485730783
forecast_3646,2025-06-01 22:00:00,5257.893273433968,5176.899508724593,5983.065861313997
forecast_3647,2025-06-01 23:00:00,5423.227871121164,5193.20914225685,5864.35672717691
forecast_3648,2025-06-02 00:00:00,5250.383451509644,5467.2992194359485,6237.480305472106
forecast_3649,2025-06-02 01:00:00,4959.3593055106585,6205.376416041632,6102.928124300296
forecast_3650,2025-06-02 02:00:00,4651.669615802552,5367.157340277565,5689.123793570906
forecast_3651,2025-06-02 03:00:00,4827.477889245232,4368.628587356783,5528.385131411576
forecast_3652,2025-06-02 04:00:00,4015.7709287575644,3580.5120337246944,5042.893821755333
forecast_3653,2025-06-02 05:00:00,3443.3003836134476,2736.727548823411,4687.646686960446
forecast_3654,2025-06-02 06:00:00,2798.6427244312395,2606.1500553081005,4253.415471592981
forecast_3655,2025-06-02 07:00:00,2332.975931594887,2248.1123629784765,3916.715427314445
forecast_3656,2025-06-02 08:00:00,2213.782900677268,2167.8762102827327,3707.1837810909883
forecast_3657,2025-06-02 09:00:00,2043.500789830489,2152.9635855567576,3577.30989746557
forecast_3658,2025-06-02 10:00:00,1945.7000128908473,2110.386224897532,3469.4513839771976
forecast_3659,2025-06-02 11:00:00,1951.709128145271,2176.2487669645398,3424.403973253867
forecast_3660,2025-06-02 12:00:00,1876.4054377990453,2398.3084387286685,3511.9192129853564
forecast_3661,2025-06-02 13:00:00,1930.0963446431028,2358.980300674329,3566.732347978844
forecast_3662,2025-06-02 14:00:00,2142.260046770575,2983.668240429109,3726.2312287560517
forecast_3663,2025-06-02 15:00:00,2322.3406635041683,3369.888544838393,4107.241566360085
forecast_3664,2025-06-02 16:00:00,2736.7191693727855,3519.2263274619495,4379.614907570918
forecast_3665,2025-06-02 17:00:00,3041.072548803457,3854.1883769580054,4709.643333822564
forecast_3666,2025-06-02 18:00:00,3549.9287665247575,4158.132688595142,4903.483687295371
forecast_3667,2025-06-02 19:00:00,3775.5144478143757,4300.484142986967,4744.107520663676
forecast_3668,2025-06-02 20:00:00,3339.616568724222,4062.865308675805,4455.519007756369
forecast_3669,2025-06-02 21:00:00,3131.0336265382894,3881.3322667641996,4327.741744830318
forecast_3670,2025-06-02 22:00:00,2998.791539491622,3656.442612566686,4191.744567748759
forecast_3671,2025-06-02 23:00:00,2585.6411332943917,3340.2903174831713,4100.647750110849
forecast_3672,2025-06-03 00:00:00,2345.976727341775,3203.395453739617,4190.693569767804
forecast_3673,2025-06-03 01:00:00,2830.5460275211863,3000.0653135871808,3990.9402006670994
forecast_3674,2025-06-03 02:00:00,3040.7773294408685,3468.0592547744004,4056.183039754448
forecast_3675,2025-06-03 03:00:00,3175.4196620149874,4011.043025378608,4322.137423893943
forecast_3676,2025-06-03 04:00:00,3126.2183152331045,4305.468392639594,4088.874288338851
forecast_3677,2025-06-03 05:00:00,3288.3964534652487,3903.4152184771365,4365.271958811989
forecast_3678,2025-06-03 06:00:00,3103.7977907564728,3190.3065272989206,4348.720538177354
forecast_3679,2025-06-03 07:00:00,2953.862058335023,2900.1757998328203,3954.6756797776616
forecast_3680,2025-06-03 08:00:00,2900.3688950776836,2774.202190056717,3757.6402236418444
forecast_3681,2025-06-03 09:00:00,3032.637637511961,2884.6173047312172,3827.953818721102
forecast_3682,2025-06-03 10:00:00,3359.057631282496,3541.1074897034982,4320.421003338284
forecast_3683,2025-06-03 11:00:00,4346.479579916402,3930.812014411235,5001.720750570399
forecast_3684,2025-06-03 12:00:00,5501.802070879884,4591.9380807379175,5786.828623763795
forecast_3685,2025-06-03 13:00:00,6817.1411045717705,6055.932307140879,6513.148269119749
forecast_3686,2025-06-03 14:00:00,8515.314672039696,7805.079488253032,7551.084418606365
forecast_3687,2025-06-03 15:00:00,9182.895335540028,8527.75510261753,8163.142196101663
forecast_3688,2025-06-03 16:00:00,9990.875321947482,9728.860473648603,8845.422767233504
forecast_3689,2025-06-03 17:00:00,11052.009197271509,10180.599848335154,9166.680226712482
forecast_3690,2025-06-03 18:00:00,11893.142085416617,10746.895563589154,10063.78653357004
forecast_3691,2025-06-03 19:00:00,12766.941134747274,12591.941161864523,11386.059037528954
forecast_3692,2025-06-03 20:00:00,14078.167029633063,15167.341123298052,12741.103155294171
forecast_3693,2025-06-03 21:00:00,15459.026359712483,16249.723807348437,14588.158530303168
forecast_3694,2025-06-03 22:00:00,15425.727823112169,15606.515966046663,14287.171356817666
forecast_3695,2025-06-03 23:00:00,14156.504498903916,14230.18628357879,13323.62759013068
forecast_3696,2025-06-04 00:00:00,13529.574545925085,13935.048080945176,13758.520094380852
forecast_3697,2025-06-04 01:00:00,14716.827766141156,14629.703027194293,13313.206235128437
forecast_3698,2025-06-04 02:00:00,13734.199652514915,15389.916586503943,13175.153094356208
forecast_3699,2025-06-04 03:00:00,14574.511212310124,16441.670604568822,14174.850925664274
forecast_3700,2025-06-04 04:00:00,15983.06912748751,16410.40058761305,15258.18097378423
forecast_3701,2025-06-04 05:00:00,16816.730425249494,16846.72777044829,15755.852886879093
forecast_3702,2025-06-04 06:00:00,17443.617610073983,17139.035963908213,16505.229613038657
forecast_3703,2025-06-04 07:00:00,17430.619577028236,17252.63161829441,16406.91190990515
forecast_3704,2025-06-04 08:00:00,17060.15538199964,16921.24161217206,16507.173044149516
forecast_3705,2025-06-04 09:00:00,17137.21700057466,17080.87959925184,16226.380968292618
forecast_3706,2025-06-04 10:00:00,17029.204131597322,17369.47860955684,15775.22273743724
forecast_3707,2025-06-04 11:00:00,17058.15256598631,17400.351655380855,15017.679254944956
forecast_3708,2025-06-04 12:00:00,16635.923171981238,17556.481217942608,14272.178160375588
forecast_3709,2025-06-04 13:00:00,16072.371177969479,17107.6517236623,13398.064472273767
forecast_3710,2025-06-04 14:00:00,15285.723092216445,16093.68492191341,11884.833477911992
forecast_3711,2025-06-04 15:00:00,13901.896852606975,15341.489726220869,10884.748627812738
forecast_3712,2025-06-04 16:00:00,13663.26271216011,14408.985882749717,9638.203273487974
forecast_3713,2025-06-04 17:00:00,13207.980115000155,13091.281363982647,9671.540774890356
forecast_3714,2025-06-04 18:00:00,13202.944120691573,12006.578566938653,9205.571758650309
forecast_3715,2025-06-04 19:00:00,12936.046776940118,10329.364220776844,8878.900002935217
forecast_3716,2025-06-04 20:00:00,12452.267344063306,11390.02218889249,9740.565691037318
forecast_3717,2025-06-04 21:00:00,11611.558983741948,11824.476193589333,10639.704617683643
forecast_3718,2025-06-04 22:00:00,12083.950517856954,12246.909939665022,11135.921904564764
forecast_3719,2025-06-04 23:00:00,12677.8349473009,12094.014395637392,11943.484689371424
forecast_3720,2025-06-05 00:00:00,12141.860419910043,13621.710736785659,12372.628156110473
forecast_3721,2025-06-05 01:00:00,12301.47778590221,14899.51080790292,12196.206226646516
forecast_3722,2025-06-05 02:00:00,13322.753520472255,15113.604851066633,12240.830742726623
forecast_3723,2025-06-05 03:00:00,13552.771571865218,14758.102442179566,12521.433730990844
forecast_3724,2025-06-05 04:00:00,13573.424701205593,14873.898876308227,12434.982397637626
forecast_3725,2025-06-05 05:00:00,13668.797102833698,14943.456908842409,12747.786335349638
forecast_3726,2025-06-05 06:00:00,13851.455140298407,15997.49873005872,12426.199118554854
forecast_3727,2025-06-05 07:00:00,13198.073313022534,16507.112978914076,12043.612056014588
forecast_3728,2025-06-05 08:00:00,11025.114203804425,14520.078918931245,10919.357303608023
forecast_3729,2025-06-05 09:00:00,9651.43593634778,11183.622791172891,9247.253428913024
forecast_3730,2025-06-05 10:00:00,7824.15112167025,8386.05309905899,7823.082749008488
forecast_3731,2025-06-05 11:00:00,6957.552428402462,6513.643994976272,7019.259028971641
forecast_3732,2025-06-05 12:00:00,6349.166615002634,5661.462975820614,6510.16747878292
forecast_3733,2025-06-05 13:00:00,5964.417692233854,5581.772283729895,6240.5059249607775
forecast_3734,2025-06-05 14:00:00,6042.831060528659,5659.795300669837,6342.494097306697
forecast_3735,2025-06-05 15:00:00,5916.116238525141,5583.032651388396,6614.095984568561
forecast_3736,2025-06-05 16:00:00,6492.439305157619,6655.223019602847,7491.151965280983
forecast_3737,2025-06-05 17:00:00,7838.501264778334,8485.492827498378,9180.910608205979
forecast_3738,2025-06-05 18:00:00,9869.823360341732,10722.892010683696,10982.736294083126
forecast_3739,2025-06-05 19:00:00,12782.60576903795,13673.926739506745,13289.001362152916
forecast_3740,2025-06-05 20:00:00,14678.485227705205,16235.659559686863,14985.030001910785
forecast_3741,2025-06-05 21:00:00,16561.541088388778,17721.68183694773,15649.61008901272
forecast_3742,2025-06-05 22:00:00,18628.112486805287,18359.443622763203,16111.2411813299
forecast_3743,2025-06-05 23:00:00,19415.131824126365,18442.628111205246,16450.251796952336
forecast_3744,2025-06-06 00:00:00,19384.502269947956,18378.289627874205,16720.354821888584
forecast_3745,2025-06-06 01:00:00,19338.57874253782,18947.141374363902,16771.91058481906
forecast_3746,2025-06-06 02:00:00,19404.86405208175,18649.4825171814,16897.771247875447
forecast_3747,2025-06-06 03:00:00,19906.658820029155,18754.250158376308,16954.332444491472
forecast_3748,2025-06-06 04:00:00,19877.478815840193,18754.91141584778,16908.85473512301
forecast_3749,2025-06-06 05:00:00,19947.911101943802,18779.547040675378,16783.093732705453
forecast_3750,2025-06-06 06:00:00,19752.959501400404,18891.111440401197,16700.65557806059
forecast_3751,2025-06-06 07:00:00,19013.82854026473,18758.534481812345,16327.996102008467
forecast_3752,2025-06-06 08:00:00,17407.78257073531,17843.606243557362,15898.567080588098
forecast_3753,2025-06-06 09:00:00,14163.955348938936,15871.34477546626,14430.190322108418
forecast_3754,2025-06-06 10:00:00,12932.353099725045,14866.158539652522,13488.097780921973
forecast_3755,2025-06-06 11:00:00,12680.527634362801,14956.423802382691,13276.749271411478
forecast_3756,2025-06-06 12:00:00,12403.197931679617,14300.601107369608,12877.634431165285
forecast_3757,2025-06-06 13:00:00,12880.968076309382,14294.749634423608,12694.307477501337
forecast_3758,2025-06-06 14:00:00,13275.628109251604,14409.12164288111,13016.175818784732
forecast_3759,2025-06-06 15:00:00,13608.538221171124,14218.72311882132,13173.975190396817
forecast_3760,2025-06-06 16:00:00,13937.572709164127,14510.698534359988,13434.9379955474
forecast_3761,2025-06-06 17:00:00,14049.397081712621,14989.632853564104,13923.02301184009
forecast_3762,2025-06-06 18:00:00,14335.115659848303,15527.591040132147,14484.922714487962
forecast_3763,2025-06-06 19:00:00,15771.49786827312,15524.037681620983,15750.12098504763
forecast_3764,2025-06-06 20:00:00,16545.704102127136,16445.68938559182,16316.704623227439
forecast_3765,2025-06-06 21:00:00,17528.51822893299,17753.93786955819,16576.756311774763
forecast_3766,2025-06-06 22:00:00,18593.83620729627,17892.696877823906,16607.449045509413
forecast_3767,2025-06-06 23:00:00,19063.24623796727,17541.43835436785,16655.75360621622
forecast_3768,2025-06-07 00:00:00,18824.2092544927,17141.172727918383,16822.94560056661
forecast_3769,2025-06-07 01:00:00,19010.65428106433,16816.82829794911,16806.920531586482
forecast_3770,2025-06-07 02:00:00,19001.8280134019,17086.92740556338,16913.891975202194
forecast_3771,2025-06-07 03:00:00,18833.248835523864,17701.73882706579,16919.63327440064
forecast_3772,2025-06-07 04:00:00,18879.319512131297,18009.593283163893,16911.378238102665
forecast_3773,2025-06-07 05:00:00,19125.71137348142,18432.20429516166,16854.545196700616
forecast_3774,2025-06-07 06:00:00,19445.01792791764,18841.05969070878,16714.502960606667
forecast_3775,2025-06-07 07:00:00,18862.71070696056,18605.478294883385,15979.626982565538
forecast_3776,2025-06-07 08:00:00,16671.33996046699,17293.57117239175,14643.440701553558
forecast_3777,2025-06-07 09:00:00,13795.490165488858,14920.48674148769,12219.464196551542
forecast_3778,2025-06-07 10:00:00,9572.39629911048,10472.549266476875,9758.685200168435
forecast_3779,2025-06-07 11:00:00,7544.845231376477,8113.165760741094,8861.557276752636
forecast_3780,2025-06-07 12:00:00,6553.15361006214,6833.164106533917,7389.930491357127
forecast_3781,2025-06-07 13:00:00,5966.771916912487,6457.961432340792,6319.314938273222
forecast_3782,2025-06-07 14:00:00,5546.244253808314,6034.757370957914,6102.287997983951
forecast_3783,2025-06-07 15:00:00,5343.3310971547435,5779.266269614916,6064.922738988542
forecast_3784,2025-06-07 16:00:00,5170.290244869992,5694.030839054985,6209.650184992907
forecast_3785,2025-06-07 17:00:00,5272.644481393943,5845.482556880528,6549.389890797129
forecast_3786,2025-06-07 18:00:00,5745.800152099431,6883.061127718974,7487.087724546853
forecast_3787,2025-06-07 19:00:00,7440.010636365225,9278.235597375902,8486.862720335424
forecast_3788,2025-06-07 20:00:00,10228.571343404774,12079.376231409551,10007.89097757716
forecast_3789,2025-06-07 21:00:00,12345.322214143562,13964.578791963337,10939.64935921347
forecast_3790,2025-06-07 22:00:00,13713.722003359839,13943.881275828073,10879.648524734537
forecast_3791,2025-06-07 23:00:00,13536.50933775881,13276.456728745059,10938.833680578333
forecast_3792,2025-06-08 00:00:00,13161.61864369037,14065.636342295575,11128.3870457603
forecast_3793,2025-06-08 01:00:00,12521.107237279502,14480.25324196371,10666.665394501044
forecast_3794,2025-06-08 02:00:00,11369.653651496183,13265.283762268551,10312.461640903633
forecast_3795,2025-06-08 03:00:00,9944.75418730863,11279.697196966594,9409.033702429628
forecast_3796,2025-06-08 04:00:00,8727.302062212031,9199.678602302647,8845.09645124428
forecast_3797,2025-06-08 05:00:00,8407.43129830082,8026.904331199601,8162.623895543851
forecast_3798,2025-06-08 06:00:00,7202.866838207264,6475.848820924013,7034.16176202298
forecast_3799,2025-06-08 07:00:00,4975.305556647679,4753.5862819966105,5458.0773017829215
forecast_3800,2025-06-08 08:00:00,3294.1382220335436,3158.8899723720265,4462.659178455118
forecast_3801,2025-06-08 09:00:00,2496.1116375035563,2438.0500815350592,3919.117445710907
forecast_3802,2025-06-08 10:00:00,1976.6101067857194,2193.230176530061,3343.0168970744344
forecast_3803,2025-06-08 11:00:00,1746.0893503818718,1945.9923768382773,3127.4042164249213
forecast_3804,2025-06-08 12:00:00,1686.3923770507542,1701.736880750273,3110.327166920068
forecast_3805,2025-06-08 13:00:00,1680.9852800332178,1681.801822156523,3111.373797779443
forecast_3806,2025-06-08 14:00:00,1744.8351335488428,1806.311343640898,3118.581561451318
forecast_3807,2025-06-08 15:00:00,1737.4567773373094,1837.7799715705855,3248.224871998193
forecast_3808,2025-06-08 16:00:00,1733.6935015255679,1724.388980359648,3290.701678638818
forecast_3809,2025-06-08 17:00:00,1824.342091669409,1685.110171765898,3316.421226864527
forecast_3810,2025-06-08 18:00:00,2084.710390977746,2125.393818075758,3580.1012543770576
forecast_3811,2025-06-08 19:00:00,2710.6773965333578,2554.310542575029,3943.420518517648
forecast_3812,2025-06-08 20:00:00,3331.8652758156786,3067.709017139846,4460.524385382348
forecast_3813,2025-06-08 21:00:00,4186.950440405383,4148.7906715820245,5109.3828109696615
forecast_3814,2025-06-08 22:00:00,6004.554289201757,5699.899892554152,6122.262840936296
forecast_3815,2025-06-08 23:00:00,7651.591353524538,7660.61090511971,7087.605991376351
forecast_3816,2025-06-09 00:00:00,9011.079864903917,9064.03316814575,8204.184910907174
forecast_3817,2025-06-09 01:00:00,9281.16324086909,10124.009710399572,8553.203584805691
forecast_3818,2025-06-09 02:00:00,9837.737132592501,10247.45057285418,8583.445535345478
forecast_3819,2025-06-09 03:00:00,10072.188751085,10062.377338471644,8257.606634734264
forecast_3820,2025-06-09 04:00:00,9785.57727745685,9266.336743260621,7680.769899606863
forecast_3821,2025-06-09 05:00:00,8425.228793842143,8321.793342689698,7223.934977182301
forecast_3822,2025-06-09 06:00:00,6484.895193522695,6488.301644846279,6431.876027004484
forecast_3823,2025-06-09 07:00:00,4746.801889540016,4087.441996907138,5300.450115426825
forecast_3824,2025-06-09 08:00:00,3129.9307673391822,2573.207688599139,4223.407734982885
forecast_3825,2025-06-09 09:00:00,2532.436211558598,2297.375205760004,3785.7816927236154
forecast_3826,2025-06-09 10:00:00,2049.786184030205,2386.7118142574736,3492.8723743206388
forecast_3827,2025-06-09 11:00:00,1991.192187943885,2219.966167478775,3443.52899535067
forecast_3828,2025-06-09 12:00:00,1991.1061416197297,2302.7808429448623,3510.8940073548856
forecast_3829,2025-06-09 13:00:00,2190.558545680221,2518.4234242437915,3629.854813530017
forecast_3830,2025-06-09 14:00:00,2370.207145511928,2649.495526300354,3790.5735469233755
forecast_3831,2025-06-09 15:00:00,2668.811901189542,3146.510664974174,4124.962816847277
forecast_3832,2025-06-09 16:00:00,2948.303007986411,3495.2912998893476,4371.501508018962
forecast_3833,2025-06-09 17:00:00,3138.8308654630587,3434.8784943508763,4716.998364343872
forecast_3834,2025-06-09 18:00:00,3839.0850782264533,3379.4906829637866,5157.921441790024
forecast_3835,2025-06-09 19:00:00,4695.581330395538,4212.45971264697,5639.429030298799
forecast_3836,2025-06-09 20:00:00,5048.295410654354,5199.044118217251,6180.291471019303
forecast_3837,2025-06-09 21:00:00,6372.923527611682,7635.967471601033,7263.352940523228
forecast_3838,2025-06-09 22:00:00,9786.681595405542,11712.819922647199,9317.034738553606
forecast_3839,2025-06-09 23:00:00,11817.19563511909,14889.564682735327,9905.207824009545
forecast_3840,2025-06-10 00:00:00,13262.908737619397,16742.75117168169,10839.238007880098
forecast_3841,2025-06-10 01:00:00,15668.271974657542,17539.417114806398,12979.898175051718
forecast_3842,2025-06-10 02:00:00,16694.78663593027,17777.611028905132,13693.044656715298
forecast_3843,2025-06-10 03:00:00,17044.05352156839,17809.882401202307,14474.514955027138
forecast_3844,2025-06-10 04:00:00,16582.80752229564,17665.559346816,14222.862245249595
forecast_3845,2025-06-10 05:00:00,17270.615860006463,16900.992755576055,14491.345885167708
forecast_3846,2025-06-10 06:00:00,17246.79105679662,15922.877509669504,13371.53956186801
forecast_3847,2025-06-10 07:00:00,15036.376315176225,15767.054935054015,11717.749636498822
forecast_3848,2025-06-10 08:00:00,11744.286868649655,13952.877862601115,9433.261602490753
forecast_3849,2025-06-10 09:00:00,8373.321578410603,8754.603226124864,7605.496493905388
forecast_3850,2025-06-10 10:00:00,5751.679973420441,6062.192427095819,6495.315333861475
forecast_3851,2025-06-10 11:00:00,5001.3443865739855,5293.4706800923805,6036.878785851248
forecast_3852,2025-06-10 12:00:00,4984.405519794829,5423.510230285521,6081.943149953108
forecast_3853,2025-06-10 13:00:00,5147.832645411078,5379.558272543114,6469.118965130659
forecast_3854,2025-06-10 14:00:00,5710.599559939648,6479.095607493484,6667.929916591136
forecast_3855,2025-06-10 15:00:00,6253.637577019133,7453.850222351322,6952.908329051349
forecast_3856,2025-06-10 16:00:00,6871.779489129966,8112.454425607966,7919.276113046559
forecast_3857,2025-06-10 17:00:00,7457.241280579739,8545.448690696814,8337.26006860243
forecast_3858,2025-06-10 18:00:00,8343.070074187237,8349.267478823218,8478.190126125191
forecast_3859,2025-06-10 19:00:00,9023.121623144394,9465.156168559137,9179.153854077222
forecast_3860,2025-06-10 20:00:00,9958.959703011817,9584.238056948507,10000.871438493448
forecast_3861,2025-06-10 21:00:00,11340.306084220312,12190.384919558985,11052.07764414834
forecast_3862,2025-06-10 22:00:00,12798.06890765237,15849.334300427912,12923.09696794577
forecast_3863,2025-06-10 23:00:00,13883.810131461993,15991.548962353885,13484.801630810922
forecast_3864,2025-06-11 00:00:00,13706.963776937844,14225.338037531672,13874.181229041718
forecast_3865,2025-06-11 01:00:00,14980.506128380617,15555.333385379137,13299.386850703642
forecast_3866,2025-06-11 02:00:00,14181.179897773907,15037.33827088988,12220.231067473705
forecast_3867,2025-06-11 03:00:00,12261.03970406412,14124.61541556385,11631.905228854579
forecast_3868,2025-06-11 04:00:00,11018.052802225147,13810.723764312354,10914.878313126044
forecast_3869,2025-06-11 05:00:00,11050.065537753853,13655.597886211672,10678.04065624914
forecast_3870,2025-06-11 06:00:00,11619.616833137447,13189.223128054058,10142.654501169047
forecast_3871,2025-06-11 07:00:00,11234.221180640632,10068.750976823718,9338.37025648143
forecast_3872,2025-06-11 08:00:00,9361.623922624447,7374.658631353415,8227.633181574478
forecast_3873,2025-06-11 09:00:00,8370.710383446603,6345.342550461675,7104.324774802559
forecast_3874,2025-06-11 10:00:00,7659.821785362092,5872.886562936928,6537.850205939139
forecast_3875,2025-06-11 11:00:00,7531.294855754207,5475.405869238926,6107.556854316677
forecast_3876,2025-06-11 12:00:00,7446.052618414265,5457.004062638494,5921.286843731762
forecast_3877,2025-06-11 13:00:00,7533.053471663459,5420.404022800192,6198.145734684436
forecast_3878,2025-06-11 14:00:00,7354.804886108248,5963.184279608542,6320.829346523637
forecast_3879,2025-06-11 15:00:00,6043.161725711727,5832.299090303553,5795.740094198725
forecast_3880,2025-06-11 16:00:00,5480.785281328239,4553.600823398718,5449.910328209102
forecast_3881,2025-06-11 17:00:00,5046.849248004983,3467.5228993992196,5223.6563216281265
forecast_3882,2025-06-11 18:00:00,4260.948131123829,3499.4081814055316,4916.345825491903
forecast_3883,2025-06-11 19:00:00,4113.515687835574,4211.4713416840505,5268.24356374836
forecast_3884,2025-06-11 20:00:00,5095.405405125642,5034.9359590668255,5675.478661735701
forecast_3885,2025-06-11 21:00:00,5542.056910356811,5933.677534975748,6000.591143608047
forecast_3886,2025-06-11 22:00:00,6633.076417757244,6941.479855654339,6459.321325487351
forecast_3887,2025-06-11 23:00:00,7359.249274926044,7297.896560498262,6820.751879236394
forecast_3888,2025-06-12 00:00:00,6435.3067999829855,6059.815161064615,6442.88790998191
forecast_3889,2025-06-12 01:00:00,4704.017103755592,4469.234738292324,5808.496744624215
forecast_3890,2025-06-12 02:00:00,4043.3537595473945,3310.2646604916363,5399.498586435844
forecast_3891,2025-06-12 03:00:00,3317.3329337289592,2710.8410649269417,4728.289383490677
forecast_3892,2025-06-12 04:00:00,2548.7990060386805,2491.9479516856422,4359.179736708743
forecast_3893,2025-06-12 05:00:00,2186.4523272054694,2273.5253802608604,4110.827172658493
forecast_3894,2025-06-12 06:00:00,2158.991543586353,2380.5949696588013,3804.222475705926
forecast_3895,2025-06-12 07:00:00,2208.3015074610375,2305.621080566023,3553.403233600946
forecast_3896,2025-06-12 08:00:00,1985.9090550266055,2012.249014760618,3414.305153767665
forecast_3897,2025-06-12 09:00:00,1860.7031452443373,1838.8273939609005,3370.8111988467963
forecast_3898,2025-06-12 10:00:00,1725.7194981055015,1813.2373287087485,3264.730243091943
forecast_3899,2025-06-12 11:00:00,1631.0448503457178,1677.1041903205855,3325.723407154443
forecast_3900,2025-06-12 12:00:00,1561.3431901894678,1656.220523328398,3247.943621998193
forecast_3901,2025-06-12 13:00:00,1522.8248796425928,1587.714551545997,3273.158465748193
forecast_3902,2025-06-12 14:00:00,1556.5315446816553,1568.1746345538095,3268.771258716943
forecast_3903,2025-06-12 15:00:00,1618.273259831971,1587.6663959460927,3280.449725513818
forecast_3904,2025-06-12 16:00:00,1778.4018957909343,1704.204875075938,3354.295672779443
forecast_3905,2025-06-12 17:00:00,1960.951250800438,1821.7767998415695,3407.325207533593
forecast_3906,2025-06-12 18:00:00,2209.361621043737,1914.666693499978,3539.449239699747
forecast_3907,2025-06-12 19:00:00,2496.697749001973,2255.3562272363024,3724.2356690257066
forecast_3908,2025-06-12 20:00:00,2329.799819470594,2388.8463516016163,3966.0940962613445
forecast_3909,2025-06-12 21:00:00,2360.983972139904,2416.65111478427,4072.601220427458
forecast_3910,2025-06-12 22:00:00,2791.2467036455378,2836.6972299915287,4300.9863793116765
forecast_3911,2025-06-12 23:00:00,3258.9988169406497,3400.5584690073883,4581.639322091278
forecast_3912,2025-06-13 00:00:00,3655.241942150237,4166.970224695778,5095.116017267868
forecast_3913,2025-06-13 01:00:00,4229.176915252319,5123.1111467400615,5331.899999473297
forecast_3914,2025-06-13 02:00:00,5146.0129466067465,5549.013404145225,5821.578674392839
forecast_3915,2025-06-13 03:00:00,5486.082380151957,5579.308851376443,6219.159832291057
forecast_3916,2025-06-13 04:00:00,5827.100271165923,5479.60897660439,6025.474020901802
forecast_3917,2025-06-13 05:00:00,5184.401960906534,4178.4508508691615,5416.70730424082
forecast_3918,2025-06-13 06:00:00,3766.6940954465026,2878.395645787621,4810.582549708201
forecast_3919,2025-06-13 07:00:00,2792.6866916005124,2292.0215456867895,4048.6877917775523
forecast_3920,2025-06-13 08:00:00,2310.0087625133797,1713.457255083274,3607.380923379749
forecast_3921,2025-06-13 09:00:00,1874.0452742122695,1540.7619165239066,3460.1066627983755
forecast_3922,2025-06-13 10:00:00,1550.291777985935,1286.972492069397,3348.254413013818
forecast_3923,2025-06-13 11:00:00,1594.4298200381381,1409.7594712123318,3239.3306419684445
forecast_3924,2025-06-13 12:00:00,1611.2123873159223,1480.3510492613977,3363.94175278995
forecast_3925,2025-06-13 13:00:00,1648.1606608272668,1687.057945143919,3582.490473861592
forecast_3926,2025-06-13 14:00:00,1832.975713907956,1818.2403782509186,3747.9882266609725
forecast_3927,2025-06-13 15:00:00,1837.9040460691886,1965.0646536157358,3871.532718588474
forecast_3928,2025-06-13 16:00:00,1925.3575829910233,2216.509669574657,3775.758715044447
forecast_3929,2025-06-13 17:00:00,2111.962397163811,2330.420173284365,4048.106787889748
forecast_3930,2025-06-13 18:00:00,2186.979508242708,2335.0303431077305,4116.616862952396
forecast_3931,2025-06-13 19:00:00,2294.018515845409,2663.1912252443913,4083.6373162202003
forecast_3932,2025-06-13 20:00:00,2096.3744265399887,2772.193950613601,4181.075026116241
forecast_3933,2025-06-13 21:00:00,2283.5301670023464,2896.609400413374,4284.737397623672
forecast_3934,2025-06-13 22:00:00,3098.7279872846075,3468.1394332387467,5310.39464039844
forecast_3935,2025-06-13 23:00:00,3779.5973502245142,4229.392779790811,5355.012597897464
forecast_3936,2025-06-14 00:00:00,4517.45198724651,5818.626690750873,6008.415859956309
forecast_3937,2025-06-14 01:00:00,7198.469861607013,7816.1959744656415,8187.573407149212
forecast_3938,2025-06-14 02:00:00,9119.977666254777,11189.568197929359,8442.244005578814
forecast_3939,2025-06-14 03:00:00,9015.257029308514,11552.202686657498,7966.5182707140275
forecast_3940,2025-06-14 04:00:00,8179.278212846582,10044.067972882549,6839.76304547495
forecast_3941,2025-06-14 05:00:00,6385.043431713088,6125.789767424327,5664.016271596487
forecast_3942,2025-06-14 06:00:00,4063.7430985465826,3705.2473666960377,5051.35590140735
forecast_3943,2025-06-14 07:00:00,2936.1813698407123,2499.6433234117526,4166.770129136691
forecast_3944,2025-06-14 08:00:00,2562.6755193315007,2411.883861678903,3910.8628715027917
forecast_3945,2025-06-14 09:00:00,2293.9999424875477,2494.374553404881,3847.5959643595224
forecast_3946,2025-06-14 10:00:00,2145.709018416046,2541.3993290186772,3960.0534611140242
forecast_3947,2025-06-14 11:00:00,2136.660314785624,2556.499708617348,4051.497452599369
forecast_3948,2025-06-14 12:00:00,2238.7405387192653,2774.534964836315,4027.2020892228325
forecast_3949,2025-06-14 13:00:00,2213.5868045721404,2816.844815325351,4056.514527823802
forecast_3950,2025-06-14 14:00:00,2024.1490009601819,2521.290847384016,4104.9283942249185
forecast_3951,2025-06-14 15:00:00,1967.6397177522017,2204.9042487119737,4019.9577268096305
forecast_3952,2025-06-14 16:00:00,2023.7838564457222,2130.9851463604864,3928.6898097597114
forecast_3953,2025-06-14 17:00:00,2150.785540937084,2278.9242019793087,3894.624647055666
forecast_3954,2025-06-14 18:00:00,2239.613654123456,2476.3907186858887,3867.1297051638217
forecast_3955,2025-06-14 19:00:00,2420.6307644321746,2905.31532193413,3890.7675231166204
forecast_3956,2025-06-14 20:00:00,2361.0112825473934,3104.748097872934,4035.2531219564685
forecast_3957,2025-06-14 21:00:00,2353.1379291387857,2955.372015996207,4246.4276676785175
forecast_3958,2025-06-14 22:00:00,2922.5494243287,3040.8079578146217,4511.516745052563
forecast_3959,2025-06-14 23:00:00,3077.286427911265,3036.0175463735654,4590.686344187412
forecast_3960,2025-06-15 00:00:00,3384.394491311485,3495.192967125584,4907.928904733289
forecast_3961,2025-06-15 01:00:00,4838.793894464945,4355.103559979645,6413.755122872965
forecast_3962,2025-06-15 02:00:00,5698.2585979873365,5139.913404201525,6842.15163584893
forecast_3963,2025-06-15 03:00:00,5911.907562311028,5384.972307751823,6899.132070355308
forecast_3964,2025-06-15 04:00:00,6089.187610896843,5142.497135606519,6912.598701269188
forecast_3965,2025-06-15 05:00:00,5845.032859810614,4824.97542758936,6936.644037151624
forecast_3966,2025-06-15 06:00:00,5293.980463491572,4372.817710117823,6703.62655775909
forecast_3967,2025-06-15 07:00:00,4210.14660995072,3822.0534897879866,5689.941237127309
forecast_3968,2025-06-15 08:00:00,3178.9482981021715,2987.667022619524,4670.831804791419
forecast_3969,2025-06-15 09:00:00,2612.1141937623024,2384.4208240284697,4137.521628585056
forecast_3970,2025-06-15 10:00:00,2097.5709714477957,2261.8715584921874,3858.595659908768
forecast_3971,2025-06-15 11:00:00,1998.932101649643,2258.1230378096966,3852.172837033229
forecast_3972,2025-06-15 12:00:00,2181.671290166748,2331.6680940884735,4041.4290929168833
forecast_3973,2025-06-15 13:00:00,2397.300508502257,2847.85880322824,4463.869375682651
forecast_3974,2025-06-15 14:00:00,2689.9110556579803,3031.348106867081,5083.034188121567
forecast_3975,2025-06-15 15:00:00,3120.8804119385277,3325.2398850618774,5396.821687630886
forecast_3976,2025-06-15 16:00:00,3555.133783661085,3671.4102316786175,5895.802619247377
forecast_3977,2025-06-15 17:00:00,3766.0041157540018,3952.9093692480474,5934.460186447938
forecast_3978,2025-06-15 18:00:00,4415.926217244306,4868.593527137082,7010.297434634582
forecast_3979,2025-06-15 19:00:00,5660.678002521433,7745.146455931825,7467.489855691494
forecast_3980,2025-06-15 20:00:00,6183.899856445799,10710.677595941324,7020.36215140302
forecast_3981,2025-06-15 21:00:00,6808.261955835085,10662.432449334088,8038.402376822996
forecast_3982,2025-06-15 22:00:00,8409.11320565046,11686.84334225865,9116.084286092944
forecast_3983,2025-06-15 23:00:00,9548.25738841293,15094.97169964838,9922.384552270123
forecast_3984,2025-06-16 00:00:00,9760.191533810816,15522.758072330404,10852.343062248932
forecast_3985,2025-06-16 01:00:00,9130.910659956167,14982.33959087752,9428.286457849554
forecast_3986,2025-06-16 02:00:00,9156.978547070774,13718.809133918741,9469.16942965961
forecast_3987,2025-06-16 03:00:00,9577.02393401739,14279.757549174521,9867.386654299673
forecast_3988,2025-06-16 04:00:00,9262.317228172875,14021.931446250637,8989.850278297286
forecast_3989,2025-06-16 05:00:00,8664.441466063096,12774.0773653066,8716.05711280472
forecast_3990,2025-06-16 06:00:00,8355.371450039427,12690.315294695905,8569.117953360223
forecast_3991,2025-06-16 07:00:00,7926.913319459942,14696.444657548782,7894.815110852418
forecast_3992,2025-06-16 08:00:00,8296.29501151533,14895.15258215713,7506.21516278889
forecast_3993,2025-06-16 09:00:00,8564.768862473433,13513.558510739895,7637.424823699052
forecast_3994,2025-06-16 10:00:00,8448.490311933667,11562.858022449604,7816.651459751558
forecast_3995,2025-06-16 11:00:00,8673.08878671232,11138.34466523361,8692.79688133466
forecast_3996,2025-06-16 12:00:00,9371.511588994097,11438.279751665817,8389.46150527861
forecast_3997,2025-06-16 13:00:00,8221.224085606193,9486.028258367802,8750.98861855354
forecast_3998,2025-06-16 14:00:00,8602.212982314959,10144.278295464279,9773.503618084238
forecast_3999,2025-06-16 15:00:00,9030.047263731247,11478.59808863773,10611.926009852335
forecast_4000,2025-06-16 16:00:00,9148.747576322126,13072.443526649007,11135.103098053085
forecast_4001,2025-06-16 17:00:00,10898.546490255567,13475.224572078856,11583.791925366922
forecast_4002,2025-06-16 18:00:00,11794.13827007523,13239.74825889518,11570.89232185777
forecast_4003,2025-06-16 19:00:00,12250.255807913642,12760.828444987686,11743.351601733368
forecast_4004,2025-06-16 20:00:00,12886.736177261988,13268.780099583943,12450.86576204099
forecast_4005,2025-06-16 21:00:00,12928.327254023434,14989.523572831786,12904.414729524377
forecast_4006,2025-06-16 22:00:00,16275.537898308576,16871.737493074965,14027.334150032288
forecast_4007,2025-06-16 23:00:00,17237.785011958735,17748.505080094546,14614.13475255628
forecast_4008,2025-06-17 00:00:00,17661.543497098733,17786.98923714754,15499.348526370684
forecast_4009,2025-06-17 01:00:00,17001.733733076297,17670.891335292014,15466.174311480496
forecast_4010,2025-06-17 02:00:00,17462.81403049473,17940.419437591107,15923.523584892857
forecast_4011,2025-06-17 03:00:00,17254.839090695164,18715.394584053578,15817.498945533436
forecast_4012,2025-06-17 04:00:00,17225.615805198686,18864.771496411136,15458.759952040666
forecast_4013,2025-06-17 05:00:00,17435.10457058998,18470.23619572426,15339.32873398311
forecast_4014,2025-06-17 06:00:00,16582.69068845765,18080.59216433055,14832.336332592977
forecast_4015,2025-06-17 07:00:00,14349.580604820416,16960.23260829399,13464.26026690015
forecast_4016,2025-06-17 08:00:00,12457.24117915736,15163.629343623259,12319.966979252367
forecast_4017,2025-06-17 09:00:00,11167.6646203104,13482.135468557768,12129.877041635458
forecast_4018,2025-06-17 10:00:00,9843.875588577746,10665.449210073866,10856.636126729707
forecast_4019,2025-06-17 11:00:00,9052.566631897753,9863.577722731634,10010.480198371388
forecast_4020,2025-06-17 12:00:00,8735.973040673945,10036.947801108108,9848.16397343772
forecast_4021,2025-06-17 13:00:00,8317.416694941232,10374.132332407764,9316.650238305107
forecast_4022,2025-06-17 14:00:00,7935.548418881596,9886.366147381435,8928.62764380216
forecast_4023,2025-06-17 15:00:00,7495.670554400351,8636.079668619432,8644.643514784526
forecast_4024,2025-06-17 16:00:00,7293.699810469369,8102.088038418502,8730.715386282376
forecast_4025,2025-06-17 17:00:00,6801.367768371943,7241.163822638988,8034.093609076697
forecast_4026,2025-06-17 18:00:00,6204.368394117684,5918.098737287102,7618.601039272487
forecast_4027,2025-06-17 19:00:00,5522.669673743851,5972.426499295423,7047.315317490417
forecast_4028,2025-06-17 20:00:00,5462.474488781653,6375.5400876422345,6664.4325540549
forecast_4029,2025-06-17 21:00:00,5938.258023653472,7275.260111777184,6808.054758390136
forecast_4030,2025-06-17 22:00:00,7570.076799000177,9821.570661807007,7095.887422384162
forecast_4031,2025-06-17 23:00:00,8593.074759174993,11415.493226176066,7512.89258274016
forecast_4032,2025-06-18 00:00:00,8312.673320617892,11473.451819278547,7667.192069427101
forecast_4033,2025-06-18 01:00:00,9906.061082109605,12128.963923106077,7900.392189941096
forecast_4034,2025-06-18 02:00:00,10539.248380722098,12140.034021758729,8003.774682034391
forecast_4035,2025-06-18 03:00:00,10957.19114835618,12547.70130825748,8517.534644508829
forecast_4036,2025-06-18 04:00:00,11192.061477943102,13477.372153223887,8710.556692437309
forecast_4037,2025-06-18 05:00:00,11193.942924819889,14228.743628422595,8892.620923612812
forecast_4038,2025-06-18 06:00:00,11308.252452329723,14607.66856162358,8914.330437686633
forecast_4039,2025-06-18 07:00:00,9610.055329076311,13164.451309999866,8452.375123733133
forecast_4040,2025-06-18 08:00:00,7695.021704552764,9371.997835429771,7887.236160465928
forecast_4041,2025-06-18 09:00:00,6978.511818023973,7730.63231562016,6702.861912308747
forecast_4042,2025-06-18 10:00:00,5894.35762143616,6238.6454510725225,5889.514697429788
forecast_4043,2025-06-18 11:00:00,5132.629087083043,4671.128525771693,5259.919368303617
forecast_4044,2025-06-18 12:00:00,4562.773366789306,4251.420231153932,4900.280101686294
forecast_4045,2025-06-18 13:00:00,4304.8977646159265,3876.587611556946,4752.8054580953285
forecast_4046,2025-06-18 14:00:00,4236.338898081276,3683.845366419967,4664.024997842606
forecast_4047,2025-06-18 15:00:00,4570.417531152934,3554.813941664885,4922.883677401927
forecast_4048,2025-06-18 16:00:00,4698.71507894889,3569.6607143187002,5108.757028757363
forecast_4049,2025-06-18 17:00:00,5056.402910088431,3718.2435039480524,5647.9792515030795
forecast_4050,2025-06-18 18:00:00,5115.4173644773355,4174.427810043023,6169.931658112365
forecast_4051,2025-06-18 19:00:00,5851.720990737291,5934.288389077077,6790.033594609813
forecast_4052,2025-06-18 20:00:00,6827.647242271966,7741.912270742732,8042.665489147568
forecast_4053,2025-06-18 21:00:00,8270.940509950886,9988.601830915892,8868.071297469898
forecast_4054,2025-06-18 22:00:00,11010.060469355762,12659.545490141587,10193.986344957384
forecast_4055,2025-06-18 23:00:00,12493.094068479579,13575.652124813776,10969.442540810804
forecast_4056,2025-06-19 00:00:00,12675.47429687644,14389.237702144765,11339.401890090036
forecast_4057,2025-06-19 01:00:00,12946.09063738427,15100.607516139127,11428.143092269545
forecast_4058,2025-06-19 02:00:00,12865.672488592769,14512.442778289123,11425.948051700965
forecast_4059,2025-06-19 03:00:00,13043.87831334251,13778.763986162461,11172.210018933494
forecast_4060,2025-06-19 04:00:00,12961.545732559101,12796.29573136321,10704.715938624033
forecast_4061,2025-06-19 05:00:00,12224.952282167538,12375.765706438311,9942.013066448202
forecast_4062,2025-06-19 06:00:00,10691.130039337193,10900.004953254384,8779.397591257906
forecast_4063,2025-06-19 07:00:00,8463.417711306796,8476.818003847991,7345.463544961426
forecast_4064,2025-06-19 08:00:00,5962.129353777295,4934.371235665549,5603.440712194941
forecast_4065,2025-06-19 09:00:00,3501.0619013642336,2486.31367052806,4396.886776645398
forecast_4066,2025-06-19 10:00:00,1976.2619490911752,1595.3375030920142,3761.3299089577895
forecast_4067,2025-06-19 11:00:00,1541.229595487433,1324.7410066922848,3330.5659471011722
forecast_4068,2025-06-19 12:00:00,1283.767288589141,1302.1294688165688,3147.0290690445077
forecast_4069,2025-06-19 13:00:00,1231.258997481379,1359.921695203398,3100.09014901589
forecast_4070,2025-06-19 14:00:00,1232.9163052684191,1506.8826187368759,3113.105113257417
forecast_4071,2025-06-19 15:00:00,1366.4604811951951,1969.391220513735,3213.838065470334
forecast_4072,2025-06-19 16:00:00,1763.0995132646017,2183.9404849036555,3496.1987618803214
forecast_4073,2025-06-19 17:00:00,2327.0569736215825,2479.915919862901,4117.199788531224
forecast_4074,2025-06-19 18:00:00,2886.809642050295,3206.8780312451618,4504.582246558847
forecast_4075,2025-06-19 19:00:00,3544.44096409586,3385.103089568074,5093.184970352975
forecast_4076,2025-06-19 20:00:00,4239.634406345072,4454.200898542485,5487.959055048705
forecast_4077,2025-06-19 21:00:00,5137.613638674443,5695.202900661806,6211.721732068239
forecast_4078,2025-06-19 22:00:00,7169.649521986172,7669.992460363198,7421.446354801493
forecast_4079,2025-06-19 23:00:00,8427.19151872298,9420.551166136242,7912.076905622942
forecast_4080,2025-06-20 00:00:00,9042.524142010356,11699.644848300302,8071.001688618149
forecast_4081,2025-06-20 01:00:00,9808.609560008981,13727.751840349349,8921.393228599973
forecast_4082,2025-06-20 02:00:00,10881.117643107207,14924.662804126034,9297.478018366912
forecast_4083,2025-06-20 03:00:00,10899.822962663966,14735.031287186084,10091.709869176942
forecast_4084,2025-06-20 04:00:00,11617.394456564922,14363.124718907064,11017.94980352576
forecast_4085,2025-06-20 05:00:00,12069.950235250046,14499.174408556428,10808.690351228395
forecast_4086,2025-06-20 06:00:00,11035.729670648794,14159.429239914987,10337.710766290502
forecast_4087,2025-06-20 07:00:00,10532.08590581927,14336.668532848696,9847.103799657327
forecast_4088,2025-06-20 08:00:00,10000.838280740754,14832.187809895477,9839.508024944362
forecast_4089,2025-06-20 09:00:00,9416.315727369507,14815.439903180852,10027.367850426024
forecast_4090,2025-06-20 10:00:00,8715.860998337826,13149.753754179266,10487.142693044
forecast_4091,2025-06-20 11:00:00,9145.466238811703,14631.885992389809,11592.289073775493
forecast_4092,2025-06-20 12:00:00,10426.37830459101,15565.973761564099,12790.441152236099
forecast_4093,2025-06-20 13:00:00,12921.273804287508,16690.732662165196,14035.313231790373
forecast_4094,2025-06-20 14:00:00,13289.125828824033,17470.98374699202,14869.605418941643
forecast_4095,2025-06-20 15:00:00,14013.431939303806,17560.58385150833,15873.126529915167
forecast_4096,2025-06-20 16:00:00,15414.459941176785,17413.057191926775,16715.292442606224
forecast_4097,2025-06-20 17:00:00,16466.968498143637,17391.808967108016,17223.245991927848
forecast_4098,2025-06-20 18:00:00,16653.826369027214,17491.341001000077,17829.29184015139
forecast_4099,2025-06-20 19:00:00,17800.155806707902,17962.755705781445,18384.582141163042
forecast_4100,2025-06-20 20:00:00,18216.168855036303,17780.07157639354,18629.09330001753
forecast_4101,2025-06-20 21:00:00,18006.49940959941,17632.968571396566,18528.99901587817
forecast_4102,2025-06-20 22:00:00,18427.56658115553,17808.218264149724,18452.02431962931
forecast_4103,2025-06-20 23:00:00,18212.36246091647,18009.122132190994,18213.96672302415
forecast_4104,2025-06-21 00:00:00,17883.55806710656,18124.742447238626,18037.24569983642
forecast_4105,2025-06-21 01:00:00,17419.628778865546,17646.247958438373,17622.282607679874
forecast_4106,2025-06-21 02:00:00,17243.024583456747,17164.21367445386,17454.73910590438
forecast_4107,2025-06-21 03:00:00,16616.152368078678,17267.13978511914,17034.252809806887
forecast_4108,2025-06-21 04:00:00,15604.8482796998,17241.838150768985,15250.56585256213
forecast_4109,2025-06-21 05:00:00,15324.625633067495,17094.899504597197,14944.865335166167
forecast_4110,2025-06-21 06:00:00,14373.069287394606,15846.61469976527,14312.904545512887
forecast_4111,2025-06-21 07:00:00,13790.565806598546,14880.816795684072,14054.02481595569
forecast_4112,2025-06-21 08:00:00,13046.860324452322,14829.531309236721,13895.68037935882
forecast_4113,2025-06-21 09:00:00,12221.356327316167,12411.071427066903,13211.289763385994
forecast_4114,2025-06-21 10:00:00,9975.840946591898,7813.650280678722,10617.548832824945
forecast_4115,2025-06-21 11:00:00,9056.80419920556,7125.291216309691,9866.105076126705
forecast_4116,2025-06-21 12:00:00,8003.135981867457,7562.92618471731,9500.484657450119
forecast_4117,2025-06-21 13:00:00,7890.6731070324295,7220.72394603111,8466.03976076039
forecast_4118,2025-06-21 14:00:00,7960.649016136784,6799.7947873403,8585.31707348358
forecast_4119,2025-06-21 15:00:00,7140.427976119554,6251.302636559209,8927.965712520534
forecast_4120,2025-06-21 16:00:00,8211.126880207474,10105.762352052221,9193.728799146951
forecast_4121,2025-06-21 17:00:00,9514.64174283934,12597.297951376002,10037.024288475277
forecast_4122,2025-06-21 18:00:00,9161.104161970403,13330.89301390324,9776.75922491356
forecast_4123,2025-06-21 19:00:00,9041.080481639641,12701.86662241985,9624.320271402583
forecast_4124,2025-06-21 20:00:00,11386.032448028316,13723.55854512833,11015.462296880982
forecast_4125,2025-06-21 21:00:00,13016.414072177637,14940.67460507074,10787.017122017176
forecast_4126,2025-06-21 22:00:00,13039.02400327753,15120.323491368352,11012.701113794352
forecast_4127,2025-06-21 23:00:00,13345.590435038972,14533.112772680503,11500.665018542939
forecast_4128,2025-06-22 00:00:00,13640.692465069693,14872.451400605045,12455.198375810152
forecast_4129,2025-06-22 01:00:00,13990.396848964994,15248.85546876392,11045.433099135484
forecast_4130,2025-06-22 02:00:00,14434.444505514926,15177.890750439125,11047.649705845564
forecast_4131,2025-06-22 03:00:00,12900.441098437612,15115.474784594004,10425.738800018167
forecast_4132,2025-06-22 04:00:00,11364.942545741771,13392.663768200657,9515.607089641302
forecast_4133,2025-06-22 05:00:00,10488.081507251924,10569.20402396228,9053.250341778335
forecast_4134,2025-06-22 06:00:00,9688.977364931081,9352.12092174746,8591.486911081356
forecast_4135,2025-06-22 07:00:00,9190.868619952988,9876.632807983759,8225.563810218773
forecast_4136,2025-06-22 08:00:00,8053.2228472505585,9220.021850782037,7389.411611746903
forecast_4137,2025-06-22 09:00:00,6575.104230872797,7223.9329964760545,6394.015330641654
forecast_4138,2025-06-22 10:00:00,5515.694269007375,5206.12691976741,5631.16276704058
forecast_4139,2025-06-22 11:00:00,5417.002826057667,4097.943379059141,5176.424832553533
forecast_4140,2025-06-22 12:00:00,5000.628595630296,4098.417634844258,4958.177073863946
forecast_4141,2025-06-22 13:00:00,4510.764681082248,3766.7452176970683,4972.332342903828
forecast_4142,2025-06-22 14:00:00,4310.220743833219,3260.761319484182,4646.075755863725
forecast_4143,2025-06-22 15:00:00,4287.054479370289,3326.9295247666096,4666.057133303471
forecast_4144,2025-06-22 16:00:00,4423.199495079044,3379.642075720071,4846.829667752046
forecast_4145,2025-06-22 17:00:00,4603.790451959367,3645.162785021009,5003.211782016158
forecast_4146,2025-06-22 18:00:00,5547.263051195954,4176.100464433662,5453.366183061107
forecast_4147,2025-06-22 19:00:00,6289.771275395481,4560.109905402282,5683.407360252811
forecast_4148,2025-06-22 20:00:00,6001.63205068489,4716.3791671490335,5816.083528490288
forecast_4149,2025-06-22 21:00:00,6099.149149506793,5028.108161289339,5973.029315363102
forecast_4150,2025-06-22 22:00:00,6820.873604079601,5447.213609294851,6283.055770718704
forecast_4151,2025-06-22 23:00:00,6850.444576041959,5111.526931701805,6236.900612588257
forecast_4152,2025-06-23 00:00:00,5551.973153328187,4367.581490082356,6042.033221422336
forecast_4153,2025-06-23 01:00:00,4721.408946889012,3666.634330159204,5731.486049800306
forecast_4154,2025-06-23 02:00:00,4047.319978166329,3362.0828679770393,5512.400273823875
forecast_4155,2025-06-23 03:00:00,3935.7882035361044,3000.606946501364,5199.136996817957
forecast_4156,2025-06-23 04:00:00,3586.4669135666027,2866.547823413952,4897.773427083261
forecast_4157,2025-06-23 05:00:00,3178.858970037725,2666.5346831608495,4568.75746608295
forecast_4158,2025-06-23 06:00:00,2784.0633971208226,2588.2083969532755,4260.418369737203
forecast_4159,2025-06-23 07:00:00,2501.8699349339604,2384.1879531434283,3830.3658487141643
forecast_4160,2025-06-23 08:00:00,2151.673361411672,2246.7299803714373,3398.7365470578325
forecast_4161,2025-06-23 09:00:00,1874.6769821416078,2010.8606240827467,3319.2326957290666
forecast_4162,2025-06-23 10:00:00,1691.2465224217428,1958.0849503023774,3300.404337752297
forecast_4163,2025-06-23 11:00:00,1659.2568869423699,1881.1628222650968,3284.097597577608
forecast_4164,2025-06-23 12:00:00,1715.6324998974108,1875.1323631000962,3290.246801352673
forecast_4165,2025-06-23 13:00:00,1738.090174019569,1875.523117949449,3352.6070652869203
forecast_4166,2025-06-23 14:00:00,1868.756852919852,1923.0170562860303,3377.9197145791613
forecast_4167,2025-06-23 15:00:00,1800.9030932901853,1803.415943936324,3323.0639633746396
forecast_4168,2025-06-23 16:00:00,1926.048875461892,1850.8139159379339,3391.9927114819952
forecast_4169,2025-06-23 17:00:00,1962.1692914034845,1824.9403565693376,3403.4058891178383
forecast_4170,2025-06-23 18:00:00,2032.0262803176734,1919.5025490789335,3425.1714210901273
forecast_4171,2025-06-23 19:00:00,2197.9408291255177,1851.7376032304016,3418.078143482568
forecast_4172,2025-06-23 20:00:00,2243.01236723453,2002.0053034257141,3502.175067310693
forecast_4173,2025-06-23 21:00:00,2215.969719466564,2172.5117430893424,3586.910907154443
forecast_4174,2025-06-23 22:00:00,2362.9048280423694,2166.6901343372615,3591.438739185693
forecast_4175,2025-06-23 23:00:00,2341.5919421498875,2303.647529803043,3640.116717701318
forecast_4176,2025-06-24 00:00:00,2102.771727002892,2162.105469118788,3680.491229420068
forecast_4177,2025-06-24 01:00:00,1898.771563550499,2148.3480025848517,3638.6526738910525
forecast_4178,2025-06-24 02:00:00,2021.9421448695807,2334.747243394861,3674.498810808307
forecast_4179,2025-06-24 03:00:00,2154.333490899487,2483.022443776155,3677.2470833362713
forecast_4180,2025-06-24 04:00:00,2315.959424583171,2734.567068113842,3707.8824599663417
forecast_4181,2025-06-24 05:00:00,2473.6656898293795,2728.3701328206143,3781.711613176821
forecast_4182,2025-06-24 06:00:00,2721.155571269201,2999.3647121150957,3832.5495373249096
forecast_4183,2025-06-24 07:00:00,3144.460732411667,3515.417800460047,3877.4269133977537
forecast_4184,2025-06-24 08:00:00,3468.2239253893854,3820.5989497811406,3912.9251540175796
forecast_4185,2025-06-24 09:00:00,3464.6650792057735,3690.9636231240443,3998.3268094182017
forecast_4186,2025-06-24 10:00:00,3060.1940281070483,3416.0381577695016,4077.9838839035174
forecast_4187,2025-06-24 11:00:00,2877.1819169612436,3294.253679417694,4095.5699779912957
forecast_4188,2025-06-24 12:00:00,2888.3291149782417,3389.445121591946,4298.00382499111
forecast_4189,2025-06-24 13:00:00,2789.5678802057887,3320.529973445719,4193.4234477435475
forecast_4190,2025-06-24 14:00:00,2811.597603004605,3312.766114708767,4227.633044882436
forecast_4191,2025-06-24 15:00:00,2888.096687513903,3321.461708244057,4092.5525576042482
forecast_4192,2025-06-24 16:00:00,3019.839040320807,3576.9597710423564,3987.6448359012916
forecast_4193,2025-06-24 17:00:00,3314.5593193136647,3939.2205735950492,3940.0217936267204
forecast_4194,2025-06-24 18:00:00,3708.8090745542213,4914.176719458745,3994.3469837101898
forecast_4195,2025-06-24 19:00:00,4187.647278612757,5607.051333871123,4105.562522050618
forecast_4196,2025-06-24 20:00:00,4779.141646476807,6243.629425334308,4344.508013707783
forecast_4197,2025-06-24 21:00:00,4603.718314251475,6312.2684195451475,4559.4401593061775
forecast_4198,2025-06-24 22:00:00,4827.605131500161,6508.496172777946,4689.522387449763
forecast_4199,2025-06-24 23:00:00,4924.100450976336,6425.7630566856305,4587.440194310503
forecast_4200,2025-06-25 00:00:00,4667.518132337164,5857.916746844605,4521.087884756683
forecast_4201,2025-06-25 01:00:00,4452.023242266977,4876.697257769273,4496.500969951994
forecast_4202,2025-06-25 02:00:00,4011.4684360794927,3771.42099634013,4714.877212557744
forecast_4203,2025-06-25 03:00:00,3658.5588271334987,3532.9241837249147,4659.596389297592
forecast_4204,2025-06-25 04:00:00,4327.396000877972,3587.953144644591,4735.7403338766935
forecast_4205,2025-06-25 05:00:00,3761.2271388628064,3404.0262415161224,4518.99892766421
forecast_4206,2025-06-25 06:00:00,3635.626710481062,3224.17989087009,4543.906020872284
forecast_4207,2025-06-25 07:00:00,3187.5550731807252,3134.553032947525,4452.682901825914
forecast_4208,2025-06-25 08:00:00,2864.2067668342015,3128.7078247169034,4395.318839423234
forecast_4209,2025-06-25 09:00:00,2642.5447385406997,3025.445631553827,4414.715995451407
forecast_4210,2025-06-25 10:00:00,2407.423310355078,2849.914925975122,4358.597804273327
forecast_4211,2025-06-25 11:00:00,2498.045853156146,2954.502648528981,4294.460755071769
forecast_4212,2025-06-25 12:00:00,2376.738040763583,2606.2395063448203,4293.523102214258
forecast_4213,2025-06-25 13:00:00,2239.468075474795,2508.773636727835,4160.328850278436
forecast_4214,2025-06-25 14:00:00,2149.8967696752443,2284.5416013961117,4099.315358096584
forecast_4215,2025-06-25 15:00:00,2133.603173632678,2312.2246956461827,4058.528627704562
forecast_4216,2025-06-25 16:00:00,2127.221351145152,2199.0440372858384,3956.189115442186
forecast_4217,2025-06-25 17:00:00,2103.6875395844195,1982.9261435480012,3968.489173034006
forecast_4218,2025-06-25 18:00:00,2256.3251141922105,2265.1098831528293,3935.1980273651225
forecast_4219,2025-06-25 19:00:00,2647.986791233649,2549.1658513969,4142.568746794243
forecast_4220,2025-06-25 20:00:00,3460.8070512949253,3648.5008776356076,4466.597258841018
forecast_4221,2025-06-25 21:00:00,4214.544098459769,4559.475888335464,4884.42223994518
forecast_4222,2025-06-25 22:00:00,5832.702396992705,5812.539143196672,5918.328741292594
forecast_4223,2025-06-25 23:00:00,7042.7770380283755,6851.5951182372,7042.776972789383
forecast_4224,2025-06-26 00:00:00,7938.568159584902,8711.338645228,8156.410594207033
forecast_4225,2025-06-26 01:00:00,8105.328230655246,9630.210345720847,8709.603300629673
forecast_4226,2025-06-26 02:00:00,8800.664949581269,11871.769903188637,10141.15424832471
forecast_4227,2025-06-26 03:00:00,9136.107264456614,13075.834142844766,11312.650751564186
forecast_4228,2025-06-26 04:00:00,9859.288895455858,13632.736161239445,11262.383032677833
forecast_4229,2025-06-26 05:00:00,10297.627044658459,13463.68165701619,11624.410836648258
forecast_4230,2025-06-26 06:00:00,10459.30108970944,13348.683957117026,11589.935297912514
forecast_4231,2025-06-26 07:00:00,10145.953868675082,13372.625903883356,11221.822998357848
forecast_4232,2025-06-26 08:00:00,9981.908435975733,13332.554108272176,10548.77328353624
forecast_4233,2025-06-26 09:00:00,9211.510656035704,12466.492738701947,9936.652437422064
forecast_4234,2025-06-26 10:00:00,7405.983056150551,9513.895925016148,9290.251951481705
forecast_4235,2025-06-26 11:00:00,6616.862566415234,8169.065092295665,8415.657590288938
forecast_4236,2025-06-26 12:00:00,6105.130975831356,7556.558755389014,7876.181327770242
forecast_4237,2025-06-26 13:00:00,5813.529094813126,7167.341773840926,7544.515768283274
forecast_4238,2025-06-26 14:00:00,5897.486941617328,6001.604493311599,7263.965226464021
forecast_4239,2025-06-26 15:00:00,5907.596766030084,5527.545383312028,7558.141377651274
forecast_4240,2025-06-26 16:00:00,5810.886648065548,5268.458934912916,7109.38683448282
forecast_4241,2025-06-26 17:00:00,5685.453744344084,4638.3837955972995,6889.720522981813
forecast_4242,2025-06-26 18:00:00,5706.317297635302,4514.676503603232,7035.663072238431
forecast_4243,2025-06-26 19:00:00,5757.667732325943,4843.781552079947,6815.824889675401
forecast_4244,2025-06-26 20:00:00,6345.037975498535,5856.3236326972765,6919.535525187557
forecast_4245,2025-06-26 21:00:00,7144.207270684976,6982.466313293446,7299.561211256101
forecast_4246,2025-06-26 22:00:00,7438.539840191099,7229.185471279564,7380.1239471820545
forecast_4247,2025-06-26 23:00:00,6979.113935527692,6535.821562739695,6858.695398838471
forecast_4248,2025-06-27 00:00:00,5928.526328256137,5609.634222988146,6525.778983120692
forecast_4249,2025-06-27 01:00:00,4404.111347847223,4904.301382046056,6111.399626882485
forecast_4250,2025-06-27 02:00:00,4102.713283012748,4083.3418109050126,5923.750401649209
forecast_4251,2025-06-27 03:00:00,4120.061635247885,3706.9160836295223,5853.562998479411
forecast_4252,2025-06-27 04:00:00,4084.0620003323484,3325.668345111743,5952.8300293086495
forecast_4253,2025-06-27 05:00:00,3951.947752054285,3245.3871316235504,5554.5102994226045
forecast_4254,2025-06-27 06:00:00,3642.217998954661,3165.0294255388076,5056.5314522544495
forecast_4255,2025-06-27 07:00:00,3280.569263100396,2726.8520301894437,4534.195620926032
forecast_4256,2025-06-27 08:00:00,2552.4905301087297,2154.2715022429356,4012.668418064289
forecast_4257,2025-06-27 09:00:00,2114.939173674278,1960.9332337216963,3606.2194439340014
forecast_4258,2025-06-27 10:00:00,1766.0736662148981,1875.6281478200299,3310.7371682074254
forecast_4259,2025-06-27 11:00:00,1575.6707138314864,1660.1830121699102,3164.088292194696
forecast_4260,2025-06-27 12:00:00,1540.5002762036204,1646.4522838586038,3314.095959486718
forecast_4261,2025-06-27 13:00:00,1634.611274795581,1793.6488084352,3539.5098218660214
forecast_4262,2025-06-27 14:00:00,1660.9055900928145,1798.9759117821284,3594.1595983919833
forecast_4263,2025-06-27 15:00:00,1953.7934481567747,1722.7921855807915,3634.51658378117
forecast_4264,2025-06-27 16:00:00,1839.9555855734993,1569.3871421108513,3527.482579304071
forecast_4265,2025-06-27 17:00:00,1816.4760547475184,1543.9772771010223,3423.0438648624213
forecast_4266,2025-06-27 18:00:00,1983.0311373850946,1650.1493960103764,3425.2589456279316
forecast_4267,2025-06-27 19:00:00,2391.081288953009,2074.507021118714,3643.825841309089
forecast_4268,2025-06-27 20:00:00,2880.3863465777413,2781.379129351607,4135.451845082804
forecast_4269,2025-06-27 21:00:00,3969.2426465824396,4200.438680325306,4910.6213293978
forecast_4270,2025-06-27 22:00:00,5600.963621704284,5844.838760716068,5850.056822529225
forecast_4271,2025-06-27 23:00:00,6788.032449607291,6721.211624393413,6575.186915571873
forecast_4272,2025-06-28 00:00:00,6816.607649300537,7584.562620658109,6940.720245783445
forecast_4273,2025-06-28 01:00:00,8220.87942355249,7812.836768935245,7712.4130802380605
forecast_4274,2025-06-28 02:00:00,8657.821403501079,8667.426669709794,8414.889782532908
forecast_4275,2025-06-28 03:00:00,9003.635324959463,9576.469863714152,8504.031439643642
forecast_4276,2025-06-28 04:00:00,9297.207902676451,10944.833563795222,8809.602341965456
forecast_4277,2025-06-28 05:00:00,9622.661409299802,11643.536420994154,8642.537869983305
forecast_4278,2025-06-28 06:00:00,9175.649439625377,11889.772008883972,8221.46041679792
forecast_4279,2025-06-28 07:00:00,8548.634833233851,10787.753164289588,8309.840606834585
forecast_4280,2025-06-28 08:00:00,8486.92710706162,10477.920777886084,7257.006658527127
forecast_4281,2025-06-28 09:00:00,7541.292140415167,7830.984464825053,6019.125836748229
forecast_4282,2025-06-28 10:00:00,5778.140510657504,5787.186478898368,4969.775065894201
forecast_4283,2025-06-28 11:00:00,3641.5515440538134,3143.1821115861444,4164.838550107286
forecast_4284,2025-06-28 12:00:00,2439.2835642927735,1946.215987012707,3684.958945442143
forecast_4285,2025-06-28 13:00:00,2314.0583173098594,1983.7338664974072,3620.337894758123
forecast_4286,2025-06-28 14:00:00,2296.8508441376894,2003.6038816818186,3868.962920724105
forecast_4287,2025-06-28 15:00:00,2461.8285713013547,2142.484187679377,4142.188812824456
forecast_4288,2025-06-28 16:00:00,2698.1278557341125,2650.1987953096364,4480.634492152434
forecast_4289,2025-06-28 17:00:00,3358.5597425598817,3224.868274957675,5230.420799418848
forecast_4290,2025-06-28 18:00:00,3807.0906538746676,3411.548422812185,5504.336495264341
forecast_4291,2025-06-28 19:00:00,4469.728269662315,4516.743671329504,6015.497045031917
forecast_4292,2025-06-28 20:00:00,5793.521995968643,5982.511449252908,6974.616684846966
forecast_4293,2025-06-28 21:00:00,6837.558747016084,7370.487618961959,7530.743401424472
forecast_4294,2025-06-28 22:00:00,9827.554299750846,10532.943197045186,7775.068651730914
forecast_4295,2025-06-28 23:00:00,10461.129478287141,11817.492671992897,8244.761038699715
forecast_4296,2025-06-29 00:00:00,10517.505717234912,12676.351307671632,8350.576525833727
forecast_4297,2025-06-29 01:00:00,10960.934646882564,11432.730213012037,8988.072016926413
forecast_4298,2025-06-29 02:00:00,11198.056265652696,12624.301834664337,9235.457383088606
forecast_4299,2025-06-29 03:00:00,11480.554389033488,13414.135926075605,9343.749120931327
forecast_4300,2025-06-29 04:00:00,11621.869079687054,12821.72580922193,10547.090439466443
forecast_4301,2025-06-29 05:00:00,11386.88870160121,11784.91426157765,10806.778662411754
forecast_4302,2025-06-29 06:00:00,11790.064809654406,11803.195163898848,10597.541842400602
forecast_4303,2025-06-29 07:00:00,10704.495849839563,11551.212518107432,9993.78782653874
forecast_4304,2025-06-29 08:00:00,9607.360256537238,10259.932538034322,9269.189964549389
forecast_4305,2025-06-29 09:00:00,7565.251426700093,7712.733574243501,7686.470417374151
forecast_4306,2025-06-29 10:00:00,5823.001991400211,6009.181874138569,6589.950758629727
forecast_4307,2025-06-29 11:00:00,5191.376783011042,4105.297171839911,5861.102030302944
forecast_4308,2025-06-29 12:00:00,4429.7101441661525,3503.6774851826285,5185.986377944412
forecast_4309,2025-06-29 13:00:00,4048.8019434476882,3184.436113543841,4939.649999517046
forecast_4310,2025-06-29 14:00:00,3710.6321575009465,3198.1590790423575,4841.844395210398
forecast_4311,2025-06-29 15:00:00,3590.5339424013764,3165.4603312276786,4892.404762069316
forecast_4312,2025-06-29 16:00:00,3596.3207139913347,3388.7729351465277,5301.333468548401
forecast_4313,2025-06-29 17:00:00,3992.83606458772,3727.7242776450203,5606.669957010725
forecast_4314,2025-06-29 18:00:00,4226.905654617497,3962.454730094045,6024.56418864115
forecast_4315,2025-06-29 19:00:00,5412.352813869111,5039.725606390119,6715.416472549003
forecast_4316,2025-06-29 20:00:00,6983.615241108744,7426.802951931531,7230.924889932376
forecast_4317,2025-06-29 21:00:00,8505.065441517865,9676.060790367459,7681.631724735074
forecast_4318,2025-06-29 22:00:00,11666.357148323523,12599.347503072575,8774.21252502793
forecast_4319,2025-06-29 23:00:00,12457.66912805682,13064.456368557298,9503.652213184962
forecast_4320,2025-06-30 00:00:00,11532.639282130462,13298.851799160306,9274.63655637626
forecast_4321,2025-06-30 01:00:00,11209.609877599614,13156.01295241273,8871.011356436731
forecast_4322,2025-06-30 02:00:00,11345.741871874312,13679.219356435544,9257.250330942132
forecast_4323,2025-06-30 03:00:00,11346.062851770976,13871.33296367888,9078.115908288151
forecast_4324,2025-06-30 04:00:00,11453.174353144783,12325.85922485024,8888.646439980108
forecast_4325,2025-06-30 05:00:00,11603.950115412981,11065.902131068786,8872.663282008532
forecast_4326,2025-06-30 06:00:00,11413.627409424129,11054.809849327228,8777.759916364297
forecast_4327,2025-06-30 07:00:00,11167.852282330929,10903.366188672426,8308.160553135762
forecast_4328,2025-06-30 08:00:00,9569.08428108814,8606.271355103721,6972.1236441275305
forecast_4329,2025-06-30 09:00:00,7064.253810475373,6166.3400219092455,6166.864078318542
forecast_4330,2025-06-30 10:00:00,4974.13164649405,4930.771822219828,5261.398982844308
forecast_4331,2025-06-30 11:00:00,3706.8009555857566,3843.5508154216636,4661.336220788489
forecast_4332,2025-06-30 12:00:00,3647.8148239694874,3424.912762806395,4613.9537325516085
forecast_4333,2025-06-30 13:00:00,3686.691953055263,3815.7704619674155,5159.162943576992
forecast_4334,2025-06-30 14:00:00,3840.3443771691345,4772.696240140647,6147.770154948283
forecast_4335,2025-06-30 15:00:00,4306.495042299808,5636.882823902397,6837.99702696653
forecast_4336,2025-06-30 16:00:00,4424.946129114229,6020.529755382451,7569.7369257051
forecast_4337,2025-06-30 17:00:00,5053.835175335071,7089.576153999908,7816.907785954185
forecast_4338,2025-06-30 18:00:00,5796.798780217623,7570.485494585688,7767.61222878765
forecast_4339,2025-06-30 19:00:00,8173.238278498277,8309.012293955035,8451.802214954772
forecast_4340,2025-06-30 20:00:00,9116.510865816414,9486.308874774302,8990.834067581953
forecast_4341,2025-06-30 21:00:00,10553.977870880986,11483.980976236768,9525.155760386555
forecast_4342,2025-06-30 22:00:00,12414.884308339504,13409.941673606838,10244.678004757929
forecast_4343,2025-06-30 23:00:00,12512.725320602049,13573.248231411673,10520.922589791156
forecast_4344,2025-07-01 00:00:00,11235.000480101517,13644.176611924824,10323.349035753377
forecast_4345,2025-07-01 01:00:00,11863.166527343727,15298.290179140186,10101.54735657245
forecast_4346,2025-07-01 02:00:00,11625.26204580807,15574.014566222686,10405.825333655592
forecast_4347,2025-07-01 03:00:00,11316.323197168811,14482.46934719092,9934.250836685116
forecast_4348,2025-07-01 04:00:00,11538.154841455522,14140.342117374446,9860.665972941164
forecast_4349,2025-07-01 05:00:00,11524.343868220432,13903.102680211805,10024.960173904663
forecast_4350,2025-07-01 06:00:00,12003.039776921887,15272.751335260691,10275.85073900112
forecast_4351,2025-07-01 07:00:00,11634.570619778568,15483.872329147915,10036.767587375058
forecast_4352,2025-07-01 08:00:00,9420.368489638782,12665.292631875156,9019.206540372597
forecast_4353,2025-07-01 09:00:00,8232.78001541609,10494.868494890914,8195.693711205031
forecast_4354,2025-07-01 10:00:00,7002.483198787988,8284.612866337407,7446.996736699489
forecast_4355,2025-07-01 11:00:00,6364.415301292494,6458.938258931989,7236.013836175187
forecast_4356,2025-07-01 12:00:00,5907.129874464139,5569.0710048619585,7447.750970027182
forecast_4357,2025-07-01 13:00:00,5892.516557041277,5382.512429959208,7381.189610191019
forecast_4358,2025-07-01 14:00:00,6060.757054701197,5569.929043888989,6713.156455507947
forecast_4359,2025-07-01 15:00:00,6100.509801106581,5949.757286566486,6583.279054546976
forecast_4360,2025-07-01 16:00:00,6113.664069486065,6160.230338154388,6822.976738215877
forecast_4361,2025-07-01 17:00:00,5736.903032628544,6335.678925984086,6922.998138020904
forecast_4362,2025-07-01 18:00:00,5379.612064847921,6149.6088653382985,7197.55289609979
forecast_4363,2025-07-01 19:00:00,6361.37725510774,7038.944980222912,8158.04182188429
forecast_4364,2025-07-01 20:00:00,7904.056529899684,9329.21970758261,8918.387300735118
forecast_4365,2025-07-01 21:00:00,10261.559333086916,11967.125183416334,9471.817900608488
forecast_4366,2025-07-01 22:00:00,12093.220999740393,14977.263274549408,10878.313914592296
forecast_4367,2025-07-01 23:00:00,14111.017973817176,16306.66823681794,12342.111049701374
forecast_4368,2025-07-02 00:00:00,14406.949955989661,16247.794085865691,12576.262559023824
forecast_4369,2025-07-02 01:00:00,15587.553255240235,17035.958282979136,13288.742982203355
forecast_4370,2025-07-02 02:00:00,15965.260133604219,17401.955004647574,14298.716613113804
forecast_4371,2025-07-02 03:00:00,16871.244643804846,17516.74355866621,14309.7595398168
forecast_4372,2025-07-02 04:00:00,16844.308211538762,17547.85772151009,14855.89687644976
forecast_4373,2025-07-02 05:00:00,17080.864449474433,17330.761208299453,15089.768245847354
forecast_4374,2025-07-02 06:00:00,17285.38870420667,17523.362747447038,14924.494849148083
forecast_4375,2025-07-02 07:00:00,16892.073965303374,17401.83150233893,14290.602020383876
forecast_4376,2025-07-02 08:00:00,15807.20959784101,16461.50454994631,13337.118042612034
forecast_4377,2025-07-02 09:00:00,13827.813506129165,15121.39230345291,11455.953603671836
forecast_4378,2025-07-02 10:00:00,10785.42088860423,13195.435239707844,9678.99848595938
forecast_4379,2025-07-02 11:00:00,8758.056091218503,11989.173250130287,8449.612481907858
forecast_4380,2025-07-02 12:00:00,7378.854281988866,9607.960824969545,7911.808145318953
forecast_4381,2025-07-02 13:00:00,6559.692771895493,6903.075257095461,7197.7226648487285
forecast_4382,2025-07-02 14:00:00,5899.513107307279,6400.93877193228,6774.343022505478
forecast_4383,2025-07-02 15:00:00,5459.457504294676,6092.533185178374,6722.206027867764
forecast_4384,2025-07-02 16:00:00,4739.4435281674505,5468.599902597117,6302.331789089783
forecast_4385,2025-07-02 17:00:00,4241.170255116588,4770.23123534508,5912.801279351783
forecast_4386,2025-07-02 18:00:00,4622.246339997033,4489.980278075087,5797.182975522055
forecast_4387,2025-07-02 19:00:00,6042.293173418397,5460.910362298584,6190.761888192214
forecast_4388,2025-07-02 20:00:00,7061.366554808661,7194.027055236154,6986.7353173260535
forecast_4389,2025-07-02 21:00:00,8475.834398469397,9716.470039812899,7883.481797287139
forecast_4390,2025-07-02 22:00:00,9932.994119598763,12017.937548265396,8775.317204873321
forecast_4391,2025-07-02 23:00:00,11026.890920752667,12709.135687859589,9394.435536687459
forecast_4392,2025-07-03 00:00:00,10296.079218756844,13709.868917636042,9838.60227599368
forecast_4393,2025-07-03 01:00:00,11076.515912007708,14271.787710529568,10121.329775156752
forecast_4394,2025-07-03 02:00:00,11904.231554235452,14999.535253963555,10560.28885205031
forecast_4395,2025-07-03 03:00:00,12216.935522739423,15475.7798126179,11042.713053001442
forecast_4396,2025-07-03 04:00:00,13462.394768720234,15572.448081112514,11273.43901636572
forecast_4397,2025-07-03 05:00:00,14153.21071737328,15996.370397299743,11373.400185256634
forecast_4398,2025-07-03 06:00:00,14229.290767654016,16047.271266878495,11535.22603216564
forecast_4399,2025-07-03 07:00:00,14165.845994460886,15926.915056072372,11314.931930622977
forecast_4400,2025-07-03 08:00:00,12867.896653940388,16215.165584037371,11116.555061058416
forecast_4401,2025-07-03 09:00:00,10822.907688882244,15682.103188200204,11267.279643171565
forecast_4402,2025-07-03 10:00:00,9599.275139590776,13971.430363400574,10170.559317917392
forecast_4403,2025-07-03 11:00:00,8660.75837674024,12305.211797123362,10043.102145376859
forecast_4404,2025-07-03 12:00:00,8917.759724863703,10995.838796034572,10048.990069853644
forecast_4405,2025-07-03 13:00:00,8537.181872931451,9254.660955311896,9619.005967209448
forecast_4406,2025-07-03 14:00:00,7942.758624872356,7791.023909519105,8971.177505001106
forecast_4407,2025-07-03 15:00:00,7712.070838586262,7503.664142798703,8869.007392115474
forecast_4408,2025-07-03 16:00:00,7801.980810777046,8093.935115699973,8769.251829949724
forecast_4409,2025-07-03 17:00:00,7717.467806111454,8369.20203898154,8716.333810420845
forecast_4410,2025-07-03 18:00:00,8291.194877055837,9247.51082749787,9243.279843716695
forecast_4411,2025-07-03 19:00:00,9850.096991578122,11134.746850795495,10580.441681943095
forecast_4412,2025-07-03 20:00:00,11145.413856811974,12436.37340991023,11091.390875882576
forecast_4413,2025-07-03 21:00:00,12970.546192329222,13536.166084880031,11699.487337324588
forecast_4414,2025-07-03 22:00:00,14635.756178657364,13940.390717196797,12547.621439752134
forecast_4415,2025-07-03 23:00:00,14745.20687599117,14779.983862394945,13154.613896038703
forecast_4416,2025-07-04 00:00:00,14544.016819665583,15070.841312350693,13110.73480681093
forecast_4417,2025-07-04 01:00:00,14715.10473425417,15353.031128158684,13303.802453570046
forecast_4418,2025-07-04 02:00:00,15208.172048135673,16784.241337409236,14107.00611469322
forecast_4419,2025-07-04 03:00:00,15492.621005022102,17563.641694046302,15327.980595084946
forecast_4420,2025-07-04 04:00:00,16110.555015853706,17629.980627257184,15946.506318687545
forecast_4421,2025-07-04 05:00:00,16569.261880415106,17750.464216319466,16322.410811510897
forecast_4422,2025-07-04 06:00:00,16952.62898711588,18082.790655208824,16841.561875881038
forecast_4423,2025-07-04 07:00:00,16368.391098408498,18076.553841563473,16844.126308058312
forecast_4424,2025-07-04 08:00:00,16071.925495887448,17997.945607245343,16938.96703685962
forecast_4425,2025-07-04 09:00:00,15481.257003528242,17783.981961581274,16505.49948209883
forecast_4426,2025-07-04 10:00:00,15590.293023127913,17767.361771946948,15318.760555182043
forecast_4427,2025-07-04 11:00:00,15273.491553892833,17628.83662096632,15519.434184093938
forecast_4428,2025-07-04 12:00:00,15372.469866246476,16791.60724477623,14971.516132364059
forecast_4429,2025-07-04 13:00:00,13807.957741774251,15974.718462978688,14342.09051005396
forecast_4430,2025-07-04 14:00:00,13815.107053551386,16217.467694382942,14879.550035913293
forecast_4431,2025-07-04 15:00:00,14467.725747188131,16406.099355939165,15160.04942497376
forecast_4432,2025-07-04 16:00:00,14599.892506230786,17460.375500312686,14992.671373858837
forecast_4433,2025-07-04 17:00:00,14231.065396478994,16556.43187771537,15727.422020311593
forecast_4434,2025-07-04 18:00:00,14415.578827296755,16206.120031126067,16086.250769464805
forecast_4435,2025-07-04 19:00:00,14470.215144993632,16899.23352882274,16476.562563884545
forecast_4436,2025-07-04 20:00:00,15067.238881116755,17817.11954203614,16964.383572680104
forecast_4437,2025-07-04 21:00:00,15566.086401885299,18124.969897828087,17122.84881009763
forecast_4438,2025-07-04 22:00:00,16557.053561127126,18541.54074916162,17076.546952869052
forecast_4439,2025-07-04 23:00:00,17264.3621854939,18500.328679931947,17120.260432470735
forecast_4440,2025-07-05 00:00:00,16423.568656342446,18270.1689695702,16905.628987285425
forecast_4441,2025-07-05 01:00:00,15271.828260245598,17715.61536700868,16370.904769479577
forecast_4442,2025-07-05 02:00:00,14249.761763506353,17351.0303003981,16027.247292246433
forecast_4443,2025-07-05 03:00:00,13777.126907831691,17196.82974042599,16047.83457077406
forecast_4444,2025-07-05 04:00:00,13713.68978996951,17429.228044882228,15929.789774083347
forecast_4445,2025-07-05 05:00:00,13932.387101627386,17514.278351023102,16024.326976080381
forecast_4446,2025-07-05 06:00:00,14043.786827534821,17736.450507259746,15820.016174994787
forecast_4447,2025-07-05 07:00:00,14050.684886535784,17512.710543609475,15620.42150283467
forecast_4448,2025-07-05 08:00:00,13127.7266103593,16896.76568692011,14655.693787373393
forecast_4449,2025-07-05 09:00:00,12083.786191315512,15660.279516998347,13424.736652950382
forecast_4450,2025-07-05 10:00:00,10768.316192079052,13895.47402549888,12961.338653473003
forecast_4451,2025-07-05 11:00:00,10547.784129206344,11889.167948361384,12084.559183517158
forecast_4452,2025-07-05 12:00:00,10332.37428922573,11382.803897521675,11404.756895174794
forecast_4453,2025-07-05 13:00:00,10768.468704534047,10400.264887159374,11521.043614538994
forecast_4454,2025-07-05 14:00:00,10620.247175633147,9938.928889738216,11334.642045855653
forecast_4455,2025-07-05 15:00:00,10675.54185461389,10240.018534881647,11356.986990328856
forecast_4456,2025-07-05 16:00:00,9600.69601540561,10869.722464857947,11386.710040795453
forecast_4457,2025-07-05 17:00:00,9737.73662345571,10715.520154359223,11597.369691508346
forecast_4458,2025-07-05 18:00:00,10812.112799118435,11272.482617440644,12492.798072593518
forecast_4459,2025-07-05 19:00:00,12300.049903855335,13638.012520131297,13623.398849708161
forecast_4460,2025-07-05 20:00:00,14369.355804696945,16054.563898748456,14156.608842237585
forecast_4461,2025-07-05 21:00:00,15631.40261195509,17454.395052254145,14977.824214126389
forecast_4462,2025-07-05 22:00:00,16831.443964106187,17891.532422206696,15506.016501380007
forecast_4463,2025-07-05 23:00:00,17362.50688169949,17877.37498361883,15752.828529091152
forecast_4464,2025-07-06 00:00:00,16446.003644211465,17768.147264629602,15654.585270565749
forecast_4465,2025-07-06 01:00:00,17476.345649546223,17523.57247287373,15779.766539265342
forecast_4466,2025-07-06 02:00:00,17948.94514167602,17991.51406611307,15832.433101136743
forecast_4467,2025-07-06 03:00:00,17990.19025295711,18064.203438135963,15910.969776968665
forecast_4468,2025-07-06 04:00:00,17746.33469154843,18039.015386143088,16011.563826800515
forecast_4469,2025-07-06 05:00:00,17814.334535752234,18243.9411181799,15959.224766691148
forecast_4470,2025-07-06 06:00:00,17373.981562434343,18094.21367242157,15966.221145644282
forecast_4471,2025-07-06 07:00:00,16847.59399828628,17695.58784698229,15554.159202423469
forecast_4472,2025-07-06 08:00:00,15697.909270406937,17258.808187620525,13976.353961126488
forecast_4473,2025-07-06 09:00:00,13758.228820857927,16751.63056860611,12795.493200460518
forecast_4474,2025-07-06 10:00:00,11898.023636790262,15581.186113531392,10932.599892718543
forecast_4475,2025-07-06 11:00:00,9734.561309245662,12058.604743033362,9251.233212447984
forecast_4476,2025-07-06 12:00:00,7896.792179775194,8224.158302946784,8115.318397264797
forecast_4477,2025-07-06 13:00:00,6507.67687126158,5634.615083556765,6968.088923879105
forecast_4478,2025-07-06 14:00:00,5617.456046460766,4296.8204664971745,6010.113951785065
forecast_4479,2025-07-06 15:00:00,4860.911728216283,4051.408979675271,5341.434984178144
forecast_4480,2025-07-06 16:00:00,4645.530906544113,3835.369133792299,5148.528362141786
forecast_4481,2025-07-06 17:00:00,5060.62718719316,3804.175692660553,5527.002920150117
forecast_4482,2025-07-06 18:00:00,5412.200361705196,4055.6124011654542,6121.09438788
forecast_4483,2025-07-06 19:00:00,6479.3896707753565,5127.657953556701,6861.133096975178
forecast_4484,2025-07-06 20:00:00,7835.3620216904255,7173.079788264478,8028.643346398442
forecast_4485,2025-07-06 21:00:00,9501.840248145108,9388.13886659814,8737.092541242935
forecast_4486,2025-07-06 22:00:00,11422.571020965555,11076.968457966852,9110.098506065257
forecast_4487,2025-07-06 23:00:00,11772.944637860077,11994.484506597839,9544.014101844365
forecast_4488,2025-07-07 00:00:00,10535.458549111883,11769.465560304,9625.806094251318
forecast_4489,2025-07-07 01:00:00,10562.76768516827,11176.384132691806,9128.857103383856
forecast_4490,2025-07-07 02:00:00,10910.942039279023,10790.959927302252,8864.141997288049
forecast_4491,2025-07-07 03:00:00,10891.345355555353,10775.954299451143,8473.57044667765
forecast_4492,2025-07-07 04:00:00,9834.109014485353,9428.414317862693,7784.922539782534
forecast_4493,2025-07-07 05:00:00,7734.49951258052,7473.784442525883,6796.616781781639
forecast_4494,2025-07-07 06:00:00,5166.144260420471,4621.00047036382,5300.928175202308
forecast_4495,2025-07-07 07:00:00,3266.195461766669,2761.982984933476,4446.029462946587
forecast_4496,2025-07-07 08:00:00,2311.9782656620623,2036.3326991627316,3880.8689498863387
forecast_4497,2025-07-07 09:00:00,1892.776451173236,1818.725558849615,3422.4869729716816
forecast_4498,2025-07-07 10:00:00,1590.4329312436512,1570.4645178500637,3363.052508716943
forecast_4499,2025-07-07 11:00:00,1521.5849704127077,1503.2198794014803,3349.613781752343
forecast_4500,2025-07-07 12:00:00,1529.0272871373875,1500.7095703055,3398.207296340372
forecast_4501,2025-07-07 13:00:00,1591.7853786565406,1555.5107292368934,3485.855596114861
forecast_4502,2025-07-07 14:00:00,1699.845599141776,1640.7934005778175,3554.88396585264
forecast_4503,2025-07-07 15:00:00,1860.817092807281,1772.0791798179944,3601.2046222386884
forecast_4504,2025-07-07 16:00:00,1932.7213349121423,1926.30585324016,3761.951391307837
forecast_4505,2025-07-07 17:00:00,1894.3450836667405,1686.264083263881,3765.377038433613
forecast_4506,2025-07-07 18:00:00,1892.471261570969,1696.5515937357986,3904.4227536961644
forecast_4507,2025-07-07 19:00:00,1979.455053630374,1785.403918931858,3865.888585163446
forecast_4508,2025-07-07 20:00:00,2063.1461805444087,2061.2386662211047,3900.466152972937
forecast_4509,2025-07-07 21:00:00,2158.253172964817,2151.7024324685212,3881.00998775204
forecast_4510,2025-07-07 22:00:00,2179.837950194468,2273.1282828666303,3863.653094654443
forecast_4511,2025-07-07 23:00:00,2220.3657295194953,2261.907508341016,3841.7880054874213
forecast_4512,2025-07-08 00:00:00,2103.704539675594,2174.597810269096,3828.252459888818
forecast_4513,2025-07-08 01:00:00,2107.107603651314,2149.135367215322,3884.334002857568
forecast_4514,2025-07-08 02:00:00,2081.5583328584657,2017.9636440065922,3855.434832935693
forecast_4515,2025-07-08 03:00:00,1992.8810613970345,2103.073505212189,3891.065204029443
forecast_4516,2025-07-08 04:00:00,2064.4352598461674,1899.183929394626,3815.105243091943
forecast_4517,2025-07-08 05:00:00,2092.4713309598383,1936.5578404079981,3831.380877857568
forecast_4518,2025-07-08 06:00:00,2078.9225870952164,1850.32215789394,3810.779803638818
forecast_4519,2025-07-08 07:00:00,2091.1070066959064,1892.0741782489467,3685.139422779443
forecast_4520,2025-07-08 08:00:00,2014.939106939082,1845.8079991419415,3567.960467701318
forecast_4521,2025-07-08 09:00:00,1931.193651865831,1725.4082649138297,3505.7115651742583
forecast_4522,2025-07-08 10:00:00,1837.0952754317616,1866.0617588125174,3437.052014174218
forecast_4523,2025-07-08 11:00:00,1771.3820784692773,1961.6531325781375,3513.771419614718
forecast_4524,2025-07-08 12:00:00,1768.9906560323952,1863.6212856112948,3519.5641961228853
forecast_4525,2025-07-08 13:00:00,1850.9164253136216,1965.911937325599,3693.75408304014
forecast_4526,2025-07-08 14:00:00,1941.845211584364,2216.8198263581903,3748.1219599546457
forecast_4527,2025-07-08 15:00:00,1977.1393325707334,2160.5228704185874,3799.726228885668
forecast_4528,2025-07-08 16:00:00,2043.4487754365705,2042.3675573163293,3836.7109495199556
forecast_4529,2025-07-08 17:00:00,1991.986979744809,2065.0674813368796,3786.725986843549
forecast_4530,2025-07-08 18:00:00,1993.1507697800655,1825.1800055294773,3861.0522471244026
forecast_4531,2025-07-08 19:00:00,2117.055422486692,1917.5108810327285,3876.8100652402973
forecast_4532,2025-07-08 20:00:00,2365.901808260876,2176.6061679763934,3910.1090298446215
forecast_4533,2025-07-08 21:00:00,2497.3675959402653,2401.2804843330014,3914.0766668027973
forecast_4534,2025-07-08 22:00:00,2914.9929952036555,2997.820800473091,3979.449851661015
forecast_4535,2025-07-08 23:00:00,3023.7341564781536,3200.6937735022675,3972.915963893582
forecast_4536,2025-07-09 00:00:00,2830.4217740579106,3018.348206372464,4027.0493727576704
forecast_4537,2025-07-09 01:00:00,2693.2498978367776,2916.282224722649,3929.595326113696
forecast_4538,2025-07-09 02:00:00,2692.9398005610556,2898.638328257316,3895.2383559749983
forecast_4539,2025-07-09 03:00:00,2676.6452366814738,3029.666426930855,3869.7602929769123
forecast_4540,2025-07-09 04:00:00,2647.6875150200253,3114.1092228447865,3936.75074521762
forecast_4541,2025-07-09 05:00:00,2747.9285722896675,3338.0942642768305,4006.9477300218814
forecast_4542,2025-07-09 06:00:00,2890.131705768745,3564.791068989618,4042.399451477733
forecast_4543,2025-07-09 07:00:00,2831.175346305283,3546.1943007618265,4058.357678608204
forecast_4544,2025-07-09 08:00:00,2656.0465011645515,3497.790337510696,3988.8180176289557
forecast_4545,2025-07-09 09:00:00,2419.1520572185186,3279.4532148848384,3946.2106374593495
forecast_4546,2025-07-09 10:00:00,2139.1011293642964,3108.448922411412,3919.6879878938466
forecast_4547,2025-07-09 11:00:00,2075.793603630453,3011.9845976162624,3878.340148830556
forecast_4548,2025-07-09 12:00:00,2124.86003311587,2971.5909651244956,3847.3984284966527
forecast_4549,2025-07-09 13:00:00,2137.0012485883767,2909.20951930985,3813.2316804497777
forecast_4550,2025-07-09 14:00:00,2158.8907825809106,2804.528674631751,3820.5201070408684
forecast_4551,2025-07-09 15:00:00,2224.6623510037202,2771.4435583738805,3864.11374938789
forecast_4552,2025-07-09 16:00:00,2360.705762516554,2798.0067467279205,3851.199295099933
forecast_4553,2025-07-09 17:00:00,2524.1268551073913,2699.1663452416988,3895.9419829451176
forecast_4554,2025-07-09 18:00:00,2666.6778170777334,2595.5376694836323,3984.9596245527564
forecast_4555,2025-07-09 19:00:00,2931.065594138099,2888.900503796006,4010.1140541135032
forecast_4556,2025-07-09 20:00:00,3055.756506656914,3565.9346734035776,4122.518149000674
forecast_4557,2025-07-09 21:00:00,3378.4210174880945,4051.4943951014975,4181.508905333809
forecast_4558,2025-07-09 22:00:00,4163.632718066721,4641.921960422232,4249.897697348482
forecast_4559,2025-07-09 23:00:00,4361.9593060801,4995.018925543762,4343.909026291395
forecast_4560,2025-07-10 00:00:00,4203.629158969653,4960.207497660846,4489.514302546281
forecast_4561,2025-07-10 01:00:00,4037.8911701477937,4707.971244765139,4281.403434907519
forecast_4562,2025-07-10 02:00:00,4105.232179354232,4873.148455251833,4326.23005926367
forecast_4563,2025-07-10 03:00:00,4207.403201418758,5536.364150006259,4381.1984254830095
forecast_4564,2025-07-10 04:00:00,4626.414822215918,6406.1164198124525,4584.546986428523
forecast_4565,2025-07-10 05:00:00,5162.1984134394,7012.804993186279,5208.466978369913
forecast_4566,2025-07-10 06:00:00,5570.496615786044,7430.9351784759565,5457.05617675065
forecast_4567,2025-07-10 07:00:00,5247.50515184276,7018.7843325404465,5477.011680549758
forecast_4568,2025-07-10 08:00:00,5253.552055040917,6602.064100516824,5420.845311870829
forecast_4569,2025-07-10 09:00:00,5054.155221369266,6642.773470792919,5233.634221378719
forecast_4570,2025-07-10 10:00:00,4196.490787471857,6384.759342916472,5129.518339145534
forecast_4571,2025-07-10 11:00:00,4278.06443954067,6339.445285431588,5307.770695840188
forecast_4572,2025-07-10 12:00:00,4234.781720787325,6532.075256059812,5439.983048098536
forecast_4573,2025-07-10 13:00:00,4192.230462833545,6085.744112549951,5370.0359724371865
forecast_4574,2025-07-10 14:00:00,3869.048134007139,5715.641928154436,5272.606592087954
forecast_4575,2025-07-10 15:00:00,3760.6472427527433,5389.1160950773265,5334.45160767712
forecast_4576,2025-07-10 16:00:00,3710.99559291553,5254.471337846046,5218.257354136808
forecast_4577,2025-07-10 17:00:00,3886.201421616038,5138.947733063699,5135.935033435355
forecast_4578,2025-07-10 18:00:00,4151.146198077331,5436.928399727474,5189.181178540674
forecast_4579,2025-07-10 19:00:00,4942.1433966288605,6143.525986108611,5422.171099513034
forecast_4580,2025-07-10 20:00:00,5668.0847482467425,7608.290540312569,5937.677963840631
forecast_4581,2025-07-10 21:00:00,6130.399726121667,8945.916733849837,6286.155991702036
forecast_4582,2025-07-10 22:00:00,6534.061155122465,9443.068826115184,6783.716730417781
forecast_4583,2025-07-10 23:00:00,6671.8605010659,9268.805833248143,6900.623054061412
forecast_4584,2025-07-11 00:00:00,6614.937168758566,8641.138571370611,7105.791777872235
forecast_4585,2025-07-11 01:00:00,7602.375797492179,9982.110174723426,7139.462468391086
forecast_4586,2025-07-11 02:00:00,7520.440454394939,9728.779364913698,7215.606686014623
forecast_4587,2025-07-11 03:00:00,7504.832368689331,9154.496747310432,7233.963658864059
forecast_4588,2025-07-11 04:00:00,7598.220390058069,9004.088971121717,7337.689454068849
forecast_4589,2025-07-11 05:00:00,7958.211215112853,9071.32285559881,7541.137891668933
forecast_4590,2025-07-11 06:00:00,8371.562580583319,9596.623386405503,7549.483206482697
forecast_4591,2025-07-11 07:00:00,8177.694519238755,9662.372211705286,7348.379638648708
forecast_4592,2025-07-11 08:00:00,7671.04840650378,9336.2846367633,7411.424077957508
forecast_4593,2025-07-11 09:00:00,7013.86629279455,8722.670677804046,7342.903287218934
forecast_4594,2025-07-11 10:00:00,5949.057785460706,8097.482056785642,6490.333519359759
forecast_4595,2025-07-11 11:00:00,5262.967712441543,7120.846274254867,6250.051013660724
forecast_4596,2025-07-11 12:00:00,4882.923884121414,7115.838529818979,6244.566957165521
forecast_4597,2025-07-11 13:00:00,4560.021253831965,6626.987217807517,5775.832466603101
forecast_4598,2025-07-11 14:00:00,4537.4750693062815,6512.253687377814,5574.427271172395
forecast_4599,2025-07-11 15:00:00,4432.448783953115,6341.397282195703,5554.0291036077415
forecast_4600,2025-07-11 16:00:00,4247.747241017971,5879.601751655664,5332.087468089744
forecast_4601,2025-07-11 17:00:00,4264.615941295258,5398.63917760359,5222.591015195285
forecast_4602,2025-07-11 18:00:00,4368.048950011327,5143.237535266392,5178.697980772023
forecast_4603,2025-07-11 19:00:00,5057.220830906779,5878.36177573383,5150.745857647016
forecast_4604,2025-07-11 20:00:00,5885.434286692065,6821.718013862213,5448.2045949611565
forecast_4605,2025-07-11 21:00:00,6219.20252512322,7602.942146917627,5765.799806550976
forecast_4606,2025-07-11 22:00:00,6870.810930755467,8579.487490026813,5892.928040952807
forecast_4607,2025-07-11 23:00:00,7015.139423428869,8551.139063204995,5827.402918890963
forecast_4608,2025-07-12 00:00:00,6588.661119802876,7782.750372899745,5753.626412514348
forecast_4609,2025-07-12 01:00:00,6515.055145626545,7333.969078423345,5528.154592250318
forecast_4610,2025-07-12 02:00:00,6052.627153414961,6819.63636695433,5303.223350098418
forecast_4611,2025-07-12 03:00:00,5755.072840998711,6642.860899055309,5154.149584431747
forecast_4612,2025-07-12 04:00:00,5675.062928926995,5991.563282187955,4972.032815149353
forecast_4613,2025-07-12 05:00:00,5504.070358487357,5945.711326793564,4872.583682800547
forecast_4614,2025-07-12 06:00:00,5216.99355326014,5835.1226388263785,4763.949072345266
forecast_4615,2025-07-12 07:00:00,4604.270372046649,5125.8819361834,4439.785417429033
forecast_4616,2025-07-12 08:00:00,3973.8008614624305,4185.772898307996,4204.022290210478
forecast_4617,2025-07-12 09:00:00,3346.33457228884,3628.1058894805874,3981.1954553544347
forecast_4618,2025-07-12 10:00:00,2598.853315813484,2933.625476743375,3773.4326733863163
forecast_4619,2025-07-12 11:00:00,2252.102938366483,2520.0526824794147,3604.9638636285313
forecast_4620,2025-07-12 12:00:00,2100.329826368844,2304.687289949276,3500.6885943380703
forecast_4621,2025-07-12 13:00:00,1986.2172659291368,2177.387625980869,3441.583649149114
forecast_4622,2025-07-12 14:00:00,1896.0769190749666,2004.8382365786185,3391.0941827047996
forecast_4623,2025-07-12 15:00:00,1818.5312025499459,1816.1018943760612,3365.9064652508714
forecast_4624,2025-07-12 16:00:00,1799.2711986805714,1644.9881971141415,3341.58864836633
forecast_4625,2025-07-12 17:00:00,1826.485395031684,1576.7579955207252,3356.333653522821
forecast_4626,2025-07-12 18:00:00,1923.6099749544264,1672.0264759733316,3500.7242337076887
forecast_4627,2025-07-12 19:00:00,2052.4736834765968,1768.1910590948573,3678.3090087363466
forecast_4628,2025-07-12 20:00:00,2064.54157877624,1832.8339621989307,3925.1788343607122
forecast_4629,2025-07-12 21:00:00,2168.7838226492613,2132.5495886939216,4193.405794879269
forecast_4630,2025-07-12 22:00:00,2665.786262938817,2412.410268124948,4440.402132911073
forecast_4631,2025-07-12 23:00:00,3029.180220031671,2751.746808450562,4724.61894599826
forecast_4632,2025-07-13 00:00:00,3266.065569683362,2846.165949678297,5044.932900448643
forecast_4633,2025-07-13 01:00:00,2788.0240962107955,2711.1503251379163,4871.540459920392
forecast_4634,2025-07-13 02:00:00,2765.737650020086,2593.6834431241205,4976.702489959225
forecast_4635,2025-07-13 03:00:00,2792.456824769437,2386.995773585939,4795.811747637091
forecast_4636,2025-07-13 04:00:00,2511.8179326625905,2223.6611280701777,4346.628170592941
forecast_4637,2025-07-13 05:00:00,2134.488900128814,1979.667512549294,4155.461117240666
forecast_4638,2025-07-13 06:00:00,1905.706796093071,1759.5640865884397,3903.724480682786
forecast_4639,2025-07-13 07:00:00,1774.4857056849103,1667.0079627751572,3618.800938679071
forecast_4640,2025-07-13 08:00:00,1730.763152499488,1573.589372417396,3389.1874195499213
forecast_4641,2025-07-13 09:00:00,1649.0691097216688,1572.0383982084838,3242.002704029443
forecast_4642,2025-07-13 10:00:00,1454.84868521613,1507.5298532866088,3073.438739185693
forecast_4643,2025-07-13 11:00:00,1286.7989638139425,1396.119096347958,3115.684944966702
forecast_4644,2025-07-13 12:00:00,1245.8565810014425,1249.0359568022338,3171.3300924685523
forecast_4645,2025-07-13 13:00:00,1259.7738030781165,1248.661197156523,3215.809470176303
forecast_4646,2025-07-13 14:00:00,1287.8519486745734,1185.9371772896561,3209.886046712813
forecast_4647,2025-07-13 15:00:00,1462.4473474254144,1259.626701882801,3331.2668028799985
forecast_4648,2025-07-13 16:00:00,1646.8950672317542,1460.496312008372,3645.5061683765366
forecast_4649,2025-07-13 17:00:00,2068.027749576114,1896.6705722803024,3926.76504210947
forecast_4650,2025-07-13 18:00:00,2598.9616434968293,2676.7751025355356,4215.331207061951
forecast_4651,2025-07-13 19:00:00,2821.084678602665,3255.2906588457845,4463.213464215621
forecast_4652,2025-07-13 20:00:00,3046.1098554872506,3646.9382608727465,4599.229143208992
forecast_4653,2025-07-13 21:00:00,2997.1762968659314,4230.978611897917,5088.428045134618
forecast_4654,2025-07-13 22:00:00,3505.930022143588,5345.796272717316,5500.147346560817
forecast_4655,2025-07-13 23:00:00,3613.063347856787,6254.491505780523,5621.531139658415
forecast_4656,2025-07-14 00:00:00,3775.8074144775555,6664.480369455366,6038.147329645836
forecast_4657,2025-07-14 01:00:00,4288.078799669178,5606.999955661773,6337.292561232847
forecast_4658,2025-07-14 02:00:00,4624.369521276298,6083.324418235328,6746.940424411021
forecast_4659,2025-07-14 03:00:00,5146.588187636702,7472.021781472784,6553.966273508277
forecast_4660,2025-07-14 04:00:00,4615.780585569343,6210.061367475979,5884.5516762894695
forecast_4661,2025-07-14 05:00:00,4777.711658690621,5777.994033008138,5810.027403275284
forecast_4662,2025-07-14 06:00:00,4611.93810861216,5819.739905110464,5986.563723706264
forecast_4663,2025-07-14 07:00:00,4711.554179160654,6205.843830654707,6175.108860860013
forecast_4664,2025-07-14 08:00:00,5263.841856913923,6182.449821877487,6049.855269594234
forecast_4665,2025-07-14 09:00:00,5172.704041616412,4992.121037785303,6162.101133990874
forecast_4666,2025-07-14 10:00:00,4880.07299203025,5302.875378302508,6152.073523509135
forecast_4667,2025-07-14 11:00:00,5147.895713659974,4712.3914230814735,6107.622281735948
forecast_4668,2025-07-14 12:00:00,4837.869613516089,5641.723116201457,5762.356823340886
forecast_4669,2025-07-14 13:00:00,5304.173410213826,5814.222007229392,6037.883760737088
forecast_4670,2025-07-14 14:00:00,5273.083643517891,5475.668504457602,6074.602004823896
forecast_4671,2025-07-14 15:00:00,5333.531697897866,5054.6805575806975,5980.4077110497665
forecast_4672,2025-07-14 16:00:00,5339.90804379325,5127.088969706693,6150.704242291012
forecast_4673,2025-07-14 17:00:00,5642.979669829356,5248.622825855131,6143.424013481633
forecast_4674,2025-07-14 18:00:00,6035.594135963025,4634.011561559467,6162.441153751711
forecast_4675,2025-07-14 19:00:00,6796.418404840593,5023.569877028047,6235.926749269735
forecast_4676,2025-07-14 20:00:00,6484.745230148406,6076.858712529635,6580.569442356606
forecast_4677,2025-07-14 21:00:00,6768.782804968496,7010.5029294212745,6618.20879831454
forecast_4678,2025-07-14 22:00:00,6806.478453976133,7336.500828916376,6959.737216902238
forecast_4679,2025-07-14 23:00:00,7267.861071455492,7425.740183586344,7335.431137323673
forecast_4680,2025-07-15 00:00:00,7506.036748232889,8900.844496791167,7921.433228896562
forecast_4681,2025-07-15 01:00:00,8633.035323965134,12937.14896982201,10132.232580579508
forecast_4682,2025-07-15 02:00:00,9652.506007314647,13950.832247942797,10604.123032759006
forecast_4683,2025-07-15 03:00:00,9636.65027455032,13866.587180509257,10714.80194232763
forecast_4684,2025-07-15 04:00:00,8864.489777526884,14045.6577756064,10368.195855773429
forecast_4685,2025-07-15 05:00:00,8508.791503511875,13128.451517972226,9610.111469909163
forecast_4686,2025-07-15 06:00:00,8528.935082922071,13208.641781043763,8750.175851282236
forecast_4687,2025-07-15 07:00:00,7566.183146695305,12556.08480168257,8574.609267581276
forecast_4688,2025-07-15 08:00:00,6604.971973400305,11301.964784726906,8274.65762533087
forecast_4689,2025-07-15 09:00:00,5726.407987822742,9281.410382720509,7583.10216031971
forecast_4690,2025-07-15 10:00:00,4756.0160932504505,7526.120670347136,7077.711076500387
forecast_4691,2025-07-15 11:00:00,4307.718131892556,6416.741098863936,6535.085249713028
forecast_4692,2025-07-15 12:00:00,3792.8979517665102,5589.813896823257,6023.267353257203
forecast_4693,2025-07-15 13:00:00,3529.6520725855567,4934.461795154023,5964.340273726113
forecast_4694,2025-07-15 14:00:00,3297.8309575254607,4987.9818816863135,5911.974080916095
forecast_4695,2025-07-15 15:00:00,3332.128883078273,4868.134236994616,5935.565656661059
forecast_4696,2025-07-15 16:00:00,3238.4677728584466,5137.434522326813,5908.008736063199
forecast_4697,2025-07-15 17:00:00,3328.4678591509173,5292.954772547371,5645.550692962091
forecast_4698,2025-07-15 18:00:00,3818.5730782442533,5641.400236450215,5940.876255166851
forecast_4699,2025-07-15 19:00:00,4073.6939601447875,5681.362156697405,5737.508820597736
forecast_4700,2025-07-15 20:00:00,4472.869554068302,6135.188639807257,5723.255978832243
forecast_4701,2025-07-15 21:00:00,5610.584848331897,7439.551200188598,6188.447023562703
forecast_4702,2025-07-15 22:00:00,6518.916732029167,7396.423433168527,6864.141616818399
forecast_4703,2025-07-15 23:00:00,7462.459961222336,8101.113790001396,7053.690580153572
forecast_4704,2025-07-16 00:00:00,8427.994981498097,10073.186271958259,7590.935024871973
forecast_4705,2025-07-16 01:00:00,10755.901663337614,11895.37907955956,8953.491460008408
forecast_4706,2025-07-16 02:00:00,11882.465411572486,12321.276322219359,9626.90447425222
forecast_4707,2025-07-16 03:00:00,12622.39085695098,12913.673608192787,10470.759762273396
forecast_4708,2025-07-16 04:00:00,13362.072400780642,14435.404725645772,11552.062123617987
forecast_4709,2025-07-16 05:00:00,12483.454997045701,14840.105873990078,11486.789287797117
forecast_4710,2025-07-16 06:00:00,12009.585490609588,14629.60577061513,11145.546382151193
forecast_4711,2025-07-16 07:00:00,11460.834139362223,14578.17821921152,10071.072841754763
forecast_4712,2025-07-16 08:00:00,10008.041123954386,11683.487465180955,9195.147036566315
forecast_4713,2025-07-16 09:00:00,7583.017167664931,8755.37973562831,7980.32326886955
forecast_4714,2025-07-16 10:00:00,5871.429758539627,6941.136749007978,7397.496902488211
forecast_4715,2025-07-16 11:00:00,5216.625739302687,6353.578144560858,7543.637219387175
forecast_4716,2025-07-16 12:00:00,4396.910827407482,6065.701053435114,7069.3038435441285
forecast_4717,2025-07-16 13:00:00,4748.023624151847,5389.101033653698,7190.058828293931
forecast_4718,2025-07-16 14:00:00,4327.856944082185,5046.501901871254,6611.392337181899
forecast_4719,2025-07-16 15:00:00,4128.947062539932,4949.833844999553,5730.894672808165
forecast_4720,2025-07-16 16:00:00,4563.232019071776,5465.917070055638,5448.808341531946
forecast_4721,2025-07-16 17:00:00,4444.392578549331,5666.746739835136,5169.6891810037905
forecast_4722,2025-07-16 18:00:00,4406.624980772658,5247.248362190717,5462.973903385529
forecast_4723,2025-07-16 19:00:00,5606.047695271777,5966.648590942902,5703.520794201632
forecast_4724,2025-07-16 20:00:00,7112.282183247194,7623.455228631714,5993.108722689778
forecast_4725,2025-07-16 21:00:00,8198.677706119171,8911.462237337362,7004.58387918392
forecast_4726,2025-07-16 22:00:00,9786.691413397511,12255.386090946224,8329.804613319946
forecast_4727,2025-07-16 23:00:00,10880.673482106655,13253.840246780186,8914.516381658246
forecast_4728,2025-07-17 00:00:00,10206.861526277391,13340.295969412924,9970.511976686474
forecast_4729,2025-07-17 01:00:00,11325.544514217507,13254.191647039534,11233.263632169726
forecast_4730,2025-07-17 02:00:00,12621.37588992094,15025.629024120233,12106.802446969346
forecast_4731,2025-07-17 03:00:00,13122.28352298959,15265.809100697854,12718.586544605161
forecast_4732,2025-07-17 04:00:00,13661.410992778627,15327.579834237695,13122.999850500666
forecast_4733,2025-07-17 05:00:00,13596.373714367812,15150.008560459024,12776.492381483298
forecast_4734,2025-07-17 06:00:00,13249.222995454518,15493.65353964681,12755.814280346236
forecast_4735,2025-07-17 07:00:00,12328.03278296507,15296.592904689005,13150.044344263315
forecast_4736,2025-07-17 08:00:00,12784.249271507864,15884.283721522057,13012.250700055865
forecast_4737,2025-07-17 09:00:00,11459.019099201621,15872.088033336391,12578.577072693868
forecast_4738,2025-07-17 10:00:00,11247.801269294649,14115.47800460742,12145.630350475554
forecast_4739,2025-07-17 11:00:00,10941.00973464048,13996.246364225124,11788.80763172472
forecast_4740,2025-07-17 12:00:00,10187.937902436603,13416.186328415843,10455.624660664787
forecast_4741,2025-07-17 13:00:00,9523.803231705315,12795.028830941781,9887.094413474739
forecast_4742,2025-07-17 14:00:00,8480.781992926562,11218.568104926737,9920.841901174577
forecast_4743,2025-07-17 15:00:00,7735.451476070084,10419.639158726275,9419.1531090017
forecast_4744,2025-07-17 16:00:00,7347.206419427592,7917.447574627293,8542.883996136841
forecast_4745,2025-07-17 17:00:00,6937.217572008545,7392.359057520242,8482.810385330144
forecast_4746,2025-07-17 18:00:00,7663.49909604131,8049.628644642488,8603.160392178463
forecast_4747,2025-07-17 19:00:00,8120.398146492783,7714.554218602465,8201.892073548519
forecast_4748,2025-07-17 20:00:00,8591.604564361403,8235.809019145834,8149.90843284741
forecast_4749,2025-07-17 21:00:00,9006.754561165326,8978.083132903663,9081.017799936208
forecast_4750,2025-07-17 22:00:00,9631.072467444832,11595.92139675635,9195.49946918302
forecast_4751,2025-07-17 23:00:00,10911.837310769437,13662.28039116749,9757.47691239895
forecast_4752,2025-07-18 00:00:00,10736.418726335869,13081.260369434427,10659.100263873397
forecast_4753,2025-07-18 01:00:00,9268.113390559773,13327.364032500813,11123.149737651533
forecast_4754,2025-07-18 02:00:00,9422.281047596452,14020.097881465459,10810.152996211546
forecast_4755,2025-07-18 03:00:00,9681.104654213861,14145.171758837236,11856.239903406753
forecast_4756,2025-07-18 04:00:00,10675.531359051216,14420.803029779785,10901.658809983459
forecast_4757,2025-07-18 05:00:00,10593.33600009532,14296.595156107269,10205.561565654058
forecast_4758,2025-07-18 06:00:00,9419.817742207484,14012.011601107917,9786.58384051712
forecast_4759,2025-07-18 07:00:00,8999.77913773982,14411.640815223464,9458.745465145852
forecast_4760,2025-07-18 08:00:00,8705.448735750193,13731.341945375538,8784.330684207875
forecast_4761,2025-07-18 09:00:00,7888.919508033816,10868.910933978543,8504.534451102365
forecast_4762,2025-07-18 10:00:00,6341.889244275182,8600.595409363477,7958.097235239597
forecast_4763,2025-07-18 11:00:00,4411.647730658026,5671.242385537258,7033.02859259714
forecast_4764,2025-07-18 12:00:00,3734.2774417290157,4103.7573596882985,5846.221148796694
forecast_4765,2025-07-18 13:00:00,2851.469179797031,3221.5172874435616,5248.517197318504
forecast_4766,2025-07-18 14:00:00,3025.6503541093734,2745.877577285089,5101.551959615454
forecast_4767,2025-07-18 15:00:00,3805.0586116764666,3536.141471681817,5343.652010081885
forecast_4768,2025-07-18 16:00:00,4095.6122680795434,4833.455871925908,5731.879129103729
forecast_4769,2025-07-18 17:00:00,5138.831268812653,4637.432338066132,5998.1874589225345
forecast_4770,2025-07-18 18:00:00,6126.094310599168,5661.031756616773,6730.6343027358735
forecast_4771,2025-07-18 19:00:00,7199.899563888693,6754.329609830551,7234.299191832938
forecast_4772,2025-07-18 20:00:00,7587.5160456199155,7981.532712203543,7774.161931307053
forecast_4773,2025-07-18 21:00:00,8381.994197715208,9501.072836428499,8352.048431384954
forecast_4774,2025-07-18 22:00:00,7895.253443787302,7262.636180660878,8367.59526623786
forecast_4775,2025-07-18 23:00:00,7443.909683587692,6934.321804003506,8530.645847298027
forecast_4776,2025-07-19 00:00:00,6874.316555558145,7100.520495037817,8790.44338116736
forecast_4777,2025-07-19 01:00:00,7187.64672181731,8647.291964334641,8620.654558872076
forecast_4778,2025-07-19 02:00:00,5869.217154869744,7177.6984933073845,7671.44786293639
forecast_4779,2025-07-19 03:00:00,5214.7837877080765,6455.767138782435,7460.738248141109
forecast_4780,2025-07-19 04:00:00,4860.361946459447,5632.797537815844,7380.040943765574
forecast_4781,2025-07-19 05:00:00,5122.155412452255,5885.472279895281,7108.217198667814
forecast_4782,2025-07-19 06:00:00,5424.531303444587,5773.058979389973,7181.07278962923
forecast_4783,2025-07-19 07:00:00,5123.558078139521,5230.640755521882,7212.874443230852
forecast_4784,2025-07-19 08:00:00,5138.327288020394,5281.681524670585,7251.16029178319
forecast_4785,2025-07-19 09:00:00,5595.090426380119,6366.371234335247,8692.87559407394
forecast_4786,2025-07-19 10:00:00,6004.829988991007,6848.580556847179,8101.623371933101
forecast_4787,2025-07-19 11:00:00,6128.786874156602,7533.5737626727305,8765.365741111174
forecast_4788,2025-07-19 12:00:00,7901.763814184604,9490.339008043364,9276.316364667502
forecast_4789,2025-07-19 13:00:00,7721.378866361533,9995.559872065425,9217.79590740778
forecast_4790,2025-07-19 14:00:00,7553.893768973974,10394.291448254768,9722.777902828511
forecast_4791,2025-07-19 15:00:00,8112.7321375026795,11246.510870357157,10336.071510734057
forecast_4792,2025-07-19 16:00:00,8448.043301250651,10249.411994252936,10427.848668983512
forecast_4793,2025-07-19 17:00:00,7964.94549541163,10485.048599231466,10308.368145540855
forecast_4794,2025-07-19 18:00:00,8228.848153807372,10462.74290045806,11061.490169796514
forecast_4795,2025-07-19 19:00:00,9767.261778681777,10831.839451471862,11406.888611221031
forecast_4796,2025-07-19 20:00:00,11111.77779833492,10368.690371351488,11486.805214336959
forecast_4797,2025-07-19 21:00:00,11130.514664852046,11781.919547568254,11819.377455169024
forecast_4798,2025-07-19 22:00:00,12900.40694380556,12875.230770930371,12141.53361235074
forecast_4799,2025-07-19 23:00:00,13829.195550529086,14985.061500477172,11578.413062255833
forecast_4800,2025-07-20 00:00:00,11846.358478323067,14726.293168221695,11561.289452206893
forecast_4801,2025-07-20 01:00:00,12344.143670002497,11741.342353117341,12373.91855619981
forecast_4802,2025-07-20 02:00:00,11783.359878540501,11948.442468294288,12214.716826449036
forecast_4803,2025-07-20 03:00:00,11773.225127190362,11935.840268056778,12112.851138346094
forecast_4804,2025-07-20 04:00:00,12004.87044120687,12156.39932041751,12416.75445971343
forecast_4805,2025-07-20 05:00:00,12357.385090298527,13461.444746521649,12069.439682830096
forecast_4806,2025-07-20 06:00:00,10949.283492744938,12735.24313557507,11997.855090938356
forecast_4807,2025-07-20 07:00:00,10337.538943822288,12444.30011177417,11920.452444817909
forecast_4808,2025-07-20 08:00:00,9790.366822318414,12155.060325570317,10640.660368828485
forecast_4809,2025-07-20 09:00:00,7912.227028659142,11780.410953881135,10117.906379347705
forecast_4810,2025-07-20 10:00:00,6187.284532578224,8805.069646392498,8998.545013928097
forecast_4811,2025-07-20 11:00:00,5304.420945059648,6004.840714337888,8417.598220471002
forecast_4812,2025-07-20 12:00:00,4855.334047803861,6013.765368583599,7854.848955712253
forecast_4813,2025-07-20 13:00:00,4493.124487776222,5821.82292094499,7461.956923434647
forecast_4814,2025-07-20 14:00:00,4557.376131851175,5524.039923669354,7021.093508286098
forecast_4815,2025-07-20 15:00:00,4178.984731348017,5032.471648963108,6841.533241127415
forecast_4816,2025-07-20 16:00:00,3764.946192810753,4817.100319967788,6930.846751290259
forecast_4817,2025-07-20 17:00:00,3985.088267282938,4688.498657688369,7103.195848065645
forecast_4818,2025-07-20 18:00:00,4472.9439002108575,5217.874793112105,7125.303706333943
forecast_4819,2025-07-20 19:00:00,5588.111986916276,6351.310833490732,7447.333257916326
forecast_4820,2025-07-20 20:00:00,6932.336444496359,8743.627713533715,8524.723867863524
forecast_4821,2025-07-20 21:00:00,8642.949292966401,11171.147748317542,9122.527281617145
forecast_4822,2025-07-20 22:00:00,9597.46603775362,12938.558582162068,9654.53091235142
forecast_4823,2025-07-20 23:00:00,9954.427099881908,13162.191878506928,9908.497239554474
forecast_4824,2025-07-21 00:00:00,9488.601169792513,13010.097692356716,10185.915251108778
forecast_4825,2025-07-21 01:00:00,11275.744664587237,14605.22232536753,10250.614852488106
forecast_4826,2025-07-21 02:00:00,11268.933432217224,15004.865748098313,10390.461708664994
forecast_4827,2025-07-21 03:00:00,11262.927790791611,15488.16452742758,10546.008315589832
forecast_4828,2025-07-21 04:00:00,10793.258075150923,15001.670332327954,10203.597416924047
forecast_4829,2025-07-21 05:00:00,11002.65567386267,13504.999938087692,9868.284098764165
forecast_4830,2025-07-21 06:00:00,11480.657460121212,14003.92438794829,10369.035707964824
forecast_4831,2025-07-21 07:00:00,11468.81300449105,13378.570261428307,9438.303854325826
forecast_4832,2025-07-21 08:00:00,10345.478908454354,11131.05989810996,8831.811327885445
forecast_4833,2025-07-21 09:00:00,9540.359433737473,9157.828943486194,8707.981801840124
forecast_4834,2025-07-21 10:00:00,7837.2568596559895,9422.580468401005,8449.12103787906
forecast_4835,2025-07-21 11:00:00,7283.9326563904215,9454.51133539967,8303.180440973494
forecast_4836,2025-07-21 12:00:00,6569.926696179478,8618.425203893728,7747.539618417458
forecast_4837,2025-07-21 13:00:00,5714.919887495479,7054.692449784575,7389.491793035816
forecast_4838,2025-07-21 14:00:00,4926.717467864912,6268.296750814745,7258.013316840187
forecast_4839,2025-07-21 15:00:00,4979.90020650788,5668.500128436994,6859.303019415767
forecast_4840,2025-07-21 16:00:00,4746.669150616726,5399.145985139161,6785.231608105087
forecast_4841,2025-07-21 17:00:00,5132.248095925367,6264.731104490416,7330.326119764437
forecast_4842,2025-07-21 18:00:00,5462.224991718349,6410.74664570696,7778.7377426640405
forecast_4843,2025-07-21 19:00:00,6807.019582687924,7488.536620723855,8589.817607450956
forecast_4844,2025-07-21 20:00:00,9225.433155871015,11460.29842227293,9734.550313933862
forecast_4845,2025-07-21 21:00:00,11117.533436366315,14161.793098014163,11086.330148071665
forecast_4846,2025-07-21 22:00:00,14773.78422669816,16547.88824642283,11624.295942861507
forecast_4847,2025-07-21 23:00:00,15875.227977653649,16762.14602319455,12094.773104827265
forecast_4848,2025-07-22 00:00:00,14914.231840720913,16653.43775486766,12282.320670485811
forecast_4849,2025-07-22 01:00:00,15170.585591741092,17096.75351549287,12774.079713829755
forecast_4850,2025-07-22 02:00:00,15518.19360465883,17094.505051964235,12888.62408609926
forecast_4851,2025-07-22 03:00:00,16148.558324775982,16997.027710812585,12708.25707935816
forecast_4852,2025-07-22 04:00:00,16107.980455631192,16899.389041451665,12868.69710593091
forecast_4853,2025-07-22 05:00:00,15969.948586069162,16847.456132616087,12881.842872987265
forecast_4854,2025-07-22 06:00:00,15555.891739403589,16874.1378491829,12126.454940579404
forecast_4855,2025-07-22 07:00:00,14253.6419307025,16481.680327306687,11514.245917489663
forecast_4856,2025-07-22 08:00:00,11892.996712949118,14754.182254601914,9965.077496569405
forecast_4857,2025-07-22 09:00:00,9027.271613095416,11445.262569912906,8197.07798119428
forecast_4858,2025-07-22 10:00:00,6789.221735513837,7994.8291821638395,6840.691559504317
forecast_4859,2025-07-22 11:00:00,5150.030588490873,5165.239269530544,5728.224812358538
forecast_4860,2025-07-22 12:00:00,4051.9806837072447,3939.5448587459837,4854.719091834773
forecast_4861,2025-07-22 13:00:00,3751.159799691445,3787.127311119201,4392.9172704510975
forecast_4862,2025-07-22 14:00:00,3384.3556199214313,3442.923231096757,4463.886354109485
forecast_4863,2025-07-22 15:00:00,3120.2528388809933,3273.106004338294,4401.551111544705
forecast_4864,2025-07-22 16:00:00,3179.9935191922223,3029.435344189048,4247.631370490266
forecast_4865,2025-07-22 17:00:00,3192.861751818675,3087.2330674853024,4221.519251251831
forecast_4866,2025-07-22 18:00:00,3301.2418447291366,3103.121514108343,4495.5032601586945
forecast_4867,2025-07-22 19:00:00,3961.883797285752,3697.4380247739077,4742.996780906055
forecast_4868,2025-07-22 20:00:00,5236.264967429893,4732.186967121692,5574.63849309748
forecast_4869,2025-07-22 21:00:00,6289.692373116898,6258.592305347134,6391.933700556649
forecast_4870,2025-07-22 22:00:00,7911.216936388562,7144.082094213119,6802.284333358939
forecast_4871,2025-07-22 23:00:00,9247.701142742031,8247.651684588041,7509.640684043769
forecast_4872,2025-07-23 00:00:00,9183.062658826282,9973.363223634422,8228.298801276098
forecast_4873,2025-07-23 01:00:00,10168.49626946677,9949.195392087086,8303.75351098676
forecast_4874,2025-07-23 02:00:00,9976.170190068678,9683.138156437968,8255.764374682072
forecast_4875,2025-07-23 03:00:00,10476.981093682558,10117.174916062713,8632.02966766319
forecast_4876,2025-07-23 04:00:00,10571.116685076213,10419.761431949482,8516.729065406664
forecast_4877,2025-07-23 05:00:00,10650.733229900234,10113.628926587815,8044.3641243917045
forecast_4878,2025-07-23 06:00:00,9656.951075251916,8818.20299575721,7557.52557261433
forecast_4879,2025-07-23 07:00:00,8010.2360020736,6385.952110153613,6821.783534639447
forecast_4880,2025-07-23 08:00:00,5390.326585754042,4272.575189738853,5684.60341168098
forecast_4881,2025-07-23 09:00:00,3358.6063493454676,2511.123617304319,4551.2670115366
forecast_4882,2025-07-23 10:00:00,2092.0746996356575,1760.3457028429216,3887.5322510933647
forecast_4883,2025-07-23 11:00:00,1720.45342413665,1508.617607345415,3583.9804994470683
forecast_4884,2025-07-23 12:00:00,1508.044982144066,1502.4024669226096,3383.1743778472915
forecast_4885,2025-07-23 13:00:00,1458.2965304425645,1386.2298775327033,3376.3585933277336
forecast_4886,2025-07-23 14:00:00,1411.45880170157,1446.4342974440574,3404.6331150515343
forecast_4887,2025-07-23 15:00:00,1571.6416296712712,1472.7470597552278,3503.8877093163264
forecast_4888,2025-07-23 16:00:00,1784.3542314679182,1823.689003112646,3398.938554396857
forecast_4889,2025-07-23 17:00:00,1955.0729521513006,1978.8474444320188,3467.046002216708
forecast_4890,2025-07-23 18:00:00,2277.0743456528016,2551.340825305552,3812.5241492981245
forecast_4891,2025-07-23 19:00:00,2800.1904268283897,3183.4281662449566,3997.334432215336
forecast_4892,2025-07-23 20:00:00,3021.376602636867,3208.039668510203,4319.138029286347
forecast_4893,2025-07-23 21:00:00,3727.6866175456025,3476.012822935209,4795.565364455536
forecast_4894,2025-07-23 22:00:00,4605.542988964222,4198.290491466071,5472.609478012283
forecast_4895,2025-07-23 23:00:00,5138.529139938003,5080.589954227014,6247.562827969276
forecast_4896,2025-07-24 00:00:00,6065.347699241342,5470.8920284283195,6470.8958051380005
forecast_4897,2025-07-24 01:00:00,6896.050535904167,6758.934803118987,6827.950737761002
forecast_4898,2025-07-24 02:00:00,8031.249560523907,7764.020921799394,7523.143486602825
forecast_4899,2025-07-24 03:00:00,7869.634680505915,8396.06454079513,7700.918994917252
forecast_4900,2025-07-24 04:00:00,7924.369464567484,8524.029919089275,7684.127096727725
forecast_4901,2025-07-24 05:00:00,8334.345410625692,8390.269654509953,7492.301661604576
forecast_4902,2025-07-24 06:00:00,7720.1279278207785,7618.020705041752,7206.583951777489
forecast_4903,2025-07-24 07:00:00,6649.39925938033,5707.913158549368,5921.997767106497
forecast_4904,2025-07-24 08:00:00,3551.15931273577,2977.4662269613464,4457.570059315537
forecast_4905,2025-07-24 09:00:00,2291.6541076558315,1846.833409670231,3842.1715497063697
forecast_4906,2025-07-24 10:00:00,1770.7242855081458,1825.1323047921308,3307.6446878154316
forecast_4907,2025-07-24 11:00:00,1495.6125993691553,1585.555728406523,3084.371844654443
forecast_4908,2025-07-24 12:00:00,1461.3290300332178,1602.4350008674605,3101.775409107568
forecast_4909,2025-07-24 13:00:00,1367.0562028847803,1316.4210848518355,3105.721942310693
forecast_4910,2025-07-24 14:00:00,1577.1418962441553,1498.1532625862105,3065.068866138818
forecast_4911,2025-07-24 15:00:00,1552.5331933529344,1723.697574109648,3052.712664966943
forecast_4912,2025-07-24 16:00:00,1635.2829516571896,1500.922008146933,3290.605487232568
forecast_4913,2025-07-24 17:00:00,1559.5525513934579,1342.9783454913095,3372.161395435693
forecast_4914,2025-07-24 18:00:00,1679.875616211289,1487.646192170997,3417.813739185693
forecast_4915,2025-07-24 19:00:00,1860.4135235325248,1656.9720202332624,3676.3859978100218
forecast_4916,2025-07-24 20:00:00,1928.601097429561,1757.6339581583268,3926.8889735414996
forecast_4917,2025-07-24 21:00:00,2118.529125221062,1850.2578578998357,4115.107027601749
forecast_4918,2025-07-24 22:00:00,2563.103135912954,2382.5460509478103,4351.2700069897555
forecast_4919,2025-07-24 23:00:00,3162.2364157831885,3025.0322718302095,4715.217557923811
forecast_4920,2025-07-25 00:00:00,3316.4880620603903,3478.6972162702286,4877.17141263446
forecast_4921,2025-07-25 01:00:00,3447.1378764170777,3976.6928147401304,5369.646575966988
forecast_4922,2025-07-25 02:00:00,3822.6795185509836,4529.844539713059,5767.944731219341
forecast_4923,2025-07-25 03:00:00,4035.181588127234,4930.284073757293,5952.199263980902
forecast_4924,2025-07-25 04:00:00,3735.9714042003675,4558.884323258105,5665.703673689792
forecast_4925,2025-07-25 05:00:00,3450.327383282862,4056.3970804687197,5388.028497650317
forecast_4926,2025-07-25 06:00:00,3250.901801552541,3592.0257547004376,5225.592871546451
forecast_4927,2025-07-25 07:00:00,2655.4327260574414,2734.121286708314,4615.405935529646
forecast_4928,2025-07-25 08:00:00,2127.219100857076,2248.042569426454,4007.198500213585
forecast_4929,2025-07-25 09:00:00,1778.2180606546387,1936.0474822799902,3696.4350118512807
forecast_4930,2025-07-25 10:00:00,1482.1637298463306,1772.5499367715454,3347.9289793347466
forecast_4931,2025-07-25 11:00:00,1369.3895108185707,1673.4613472115311,3208.490252857568
forecast_4932,2025-07-25 12:00:00,1336.5511319123207,1554.9576851021561,3167.340594654443
forecast_4933,2025-07-25 13:00:00,1315.3899990998207,1557.9518966157557,3139.878680591943
forecast_4934,2025-07-25 14:00:00,1267.3329832309544,1717.9703547599727,3213.066777774017
forecast_4935,2025-07-25 15:00:00,1289.326611450615,1535.4582240648595,3375.305298076564
forecast_4936,2025-07-25 16:00:00,1386.650269935802,1653.7159098885606,3462.2855219478784
forecast_4937,2025-07-25 17:00:00,1505.2860905876173,1573.6205941703154,3638.053263034158
forecast_4938,2025-07-25 18:00:00,1805.6961205311488,1648.689925656016,3961.9902873299375
forecast_4939,2025-07-25 19:00:00,2271.5217707229826,2112.3862646349294,4413.727983318298
forecast_4940,2025-07-25 20:00:00,2940.1170707496954,2853.1545283906835,5004.571087900084
forecast_4941,2025-07-25 21:00:00,3645.9638733568945,3686.2404709011944,5670.444658699362
forecast_4942,2025-07-25 22:00:00,4897.835407083673,4927.225545239015,6585.779443003103
forecast_4943,2025-07-25 23:00:00,5854.609011396795,6030.639628387629,7525.642103310783
forecast_4944,2025-07-26 00:00:00,5997.726382819715,7084.718957066118,8371.308661760706
forecast_4945,2025-07-26 01:00:00,5936.747382893727,7155.1763569293835,8742.795864883248
forecast_4946,2025-07-26 02:00:00,6088.848064104166,7043.285962600743,8604.92897318014
forecast_4947,2025-07-26 03:00:00,6234.826021299126,6379.108392777232,8456.716881020906
forecast_4948,2025-07-26 04:00:00,6082.66788543523,6737.1383356155375,7767.467834443126
forecast_4949,2025-07-26 05:00:00,4967.720889822753,5102.454429485092,6786.430164327803
forecast_4950,2025-07-26 06:00:00,3933.683916097412,4008.9071850373402,5807.143483812178
forecast_4951,2025-07-26 07:00:00,3455.9738841828325,3173.079032950152,4978.170902396096
forecast_4952,2025-07-26 08:00:00,2581.538341170048,2512.484455749941,4181.776145629226
forecast_4953,2025-07-26 09:00:00,1862.6307552608073,2033.675545167929,3712.5614813599996
forecast_4954,2025-07-26 10:00:00,1467.7444423335608,1947.8607665535303,3439.738680281142
forecast_4955,2025-07-26 11:00:00,1301.317951806651,1781.6798915355325,3399.651960524345
forecast_4956,2025-07-26 12:00:00,1265.540282883518,1780.2304798266205,3246.022235279443
forecast_4957,2025-07-26 13:00:00,1262.6069354021997,1660.1486927172455,3208.680926685693
forecast_4958,2025-07-26 14:00:00,1220.171731872127,1646.389293303183,3258.264422779443
forecast_4959,2025-07-26 15:00:00,1240.7657662655965,1449.4752195864312,3357.109637623193
forecast_4960,2025-07-26 16:00:00,1306.1580950879297,1596.79598040272,3430.726825123193
forecast_4961,2025-07-26 17:00:00,1412.2838716987148,1623.7197376391205,3544.144425066355
forecast_4962,2025-07-26 18:00:00,1613.5435850984065,1774.6081587296324,3788.9361135935555
forecast_4963,2025-07-26 19:00:00,1828.4950871936333,2024.3601315871142,4197.987926797461
forecast_4964,2025-07-26 20:00:00,2216.6503623516446,2425.585842733451,4665.8965888572675
forecast_4965,2025-07-26 21:00:00,2754.621141441085,3344.1413871000736,5327.540321693593
forecast_4966,2025-07-26 22:00:00,4150.524737564971,4820.285021814161,6419.922761214113
forecast_4967,2025-07-26 23:00:00,5506.316615218665,6188.718695535419,7558.54128289367
forecast_4968,2025-07-27 00:00:00,6437.917732891385,8094.307855838679,8405.632438504355
forecast_4969,2025-07-27 01:00:00,8708.223866178167,9164.140023566955,9064.329675467925
forecast_4970,2025-07-27 02:00:00,9292.743487405762,9580.472604845734,9409.05314613644
forecast_4971,2025-07-27 03:00:00,10293.215085783413,9206.896248046098,9176.089669818452
forecast_4972,2025-07-27 04:00:00,9924.224403140879,9131.668713856327,8977.085710302928
forecast_4973,2025-07-27 05:00:00,8282.405000201104,7842.3716252027225,8412.18368562222
forecast_4974,2025-07-27 06:00:00,7306.152761039519,6796.350819242299,7505.804006300046
forecast_4975,2025-07-27 07:00:00,5953.315265439485,5577.9843663961265,6508.0098760697265
forecast_4976,2025-07-27 08:00:00,3597.7919623049065,3201.998310529842,5346.061331696047
forecast_4977,2025-07-27 09:00:00,2437.82470178688,2193.66444341738,4359.519863787392
forecast_4978,2025-07-27 10:00:00,1807.88089805091,1841.9878136034372,3798.8035365627675
forecast_4979,2025-07-27 11:00:00,1571.5516728238817,1663.1703928420163,3589.2677811538174
forecast_4980,2025-07-27 12:00:00,1449.4390961752204,1587.6139490655746,3470.5600158527836
forecast_4981,2025-07-27 13:00:00,1418.9927139480772,1579.8774390744727,3524.1635876696305
forecast_4982,2025-07-27 14:00:00,1434.315543830222,1730.0669730354111,3580.941297647106
forecast_4983,2025-07-27 15:00:00,1606.6330326167297,2112.567700643281,3730.5038108909384
forecast_4984,2025-07-27 16:00:00,1981.7182601396778,2527.8794987061838,4221.259927844636
forecast_4985,2025-07-27 17:00:00,2293.1570679352185,2894.36582948866,4427.098869365539
forecast_4986,2025-07-27 18:00:00,2985.1332624379284,3084.2056244048867,4715.753355973471
forecast_4987,2025-07-27 19:00:00,4242.0058774677545,4060.07205216285,5650.760565664853
forecast_4988,2025-07-27 20:00:00,5248.143809254916,5584.444590134131,6467.709133397089
forecast_4989,2025-07-27 21:00:00,6552.135621774269,7026.503158938283,7416.182481719607
forecast_4990,2025-07-27 22:00:00,8291.360880085645,8581.459082174255,8269.015546813755
forecast_4991,2025-07-27 23:00:00,9573.723856015144,9815.546146282526,8976.312806957945
forecast_4992,2025-07-28 00:00:00,9283.134835958135,10442.43856651898,9256.880874732877
forecast_4993,2025-07-28 01:00:00,10635.88925217288,10379.092931562369,9441.104320957667
forecast_4994,2025-07-28 02:00:00,10474.979266010281,10408.858338339978,9657.955713737898
forecast_4995,2025-07-28 03:00:00,10721.53910737351,10181.433414265024,9197.064251921249
forecast_4996,2025-07-28 04:00:00,10850.121586239295,9361.683606785347,8847.642980045315
forecast_4997,2025-07-28 05:00:00,10064.870738313914,8535.212085784344,8506.072161451832
forecast_4998,2025-07-28 06:00:00,8416.818801474124,7505.50550405395,7560.904434964017
forecast_4999,2025-07-28 07:00:00,6896.594501368837,5543.919599622006,6626.46942944486
forecast_5000,2025-07-28 08:00:00,4354.012362178626,3084.9651246484937,5472.041490224538
forecast_5001,2025-07-28 09:00:00,2696.662632656348,2030.2552408190566,4310.715625611026
forecast_5002,2025-07-28 10:00:00,1925.9974713765325,1735.6357321040914,3793.6985711125453
forecast_5003,2025-07-28 11:00:00,1602.444298148045,1578.7011629189394,3470.9448731297157
forecast_5004,2025-07-28 12:00:00,1464.083555210756,1514.078433484648,3285.038581546536
forecast_5005,2025-07-28 13:00:00,1341.4434220081173,1328.7321888109955,3307.17487491397
forecast_5006,2025-07-28 14:00:00,1471.5333680993429,1420.5302602846245,3375.305194263818
forecast_5007,2025-07-28 15:00:00,1380.1710710488428,1271.746646375273,3361.134295826318
forecast_5008,2025-07-28 16:00:00,1647.875778235277,1636.408373195568,3691.975604420068
forecast_5009,2025-07-28 17:00:00,1669.086591868662,1734.3621452873915,3789.391581322233
forecast_5010,2025-07-28 18:00:00,1702.8241433028818,1660.855677448575,3806.1023810371544
forecast_5011,2025-07-28 19:00:00,1740.5038002934216,1750.2215125122261,3852.9045593834794
forecast_5012,2025-07-28 20:00:00,1692.4201640047975,1812.6322243342208,3905.3738648095095
forecast_5013,2025-07-28 21:00:00,1750.364880477969,2016.3238800035724,4078.5779358382424
forecast_5014,2025-07-28 22:00:00,1973.2000338889031,2217.878435469635,4122.188175339881
forecast_5015,2025-07-28 23:00:00,2117.0013010427665,2284.0851235437367,4109.718586989273
forecast_5016,2025-07-29 00:00:00,2308.3660124727294,2317.088810008129,4279.5097584318
forecast_5017,2025-07-29 01:00:00,2450.4696705692445,2413.0049492584717,4690.153078817945
forecast_5018,2025-07-29 02:00:00,2748.9369758219586,2357.259344657082,4726.00388270288
forecast_5019,2025-07-29 03:00:00,2680.3710098714328,2454.0637297678786,4661.9229804332745
forecast_5020,2025-07-29 04:00:00,2568.822780438825,2313.587244812381,4457.829966960707
forecast_5021,2025-07-29 05:00:00,2243.4538121300407,2149.017949430641,4242.287074370946
forecast_5022,2025-07-29 06:00:00,2016.8987712187352,2053.2798039549607,4030.051397260083
forecast_5023,2025-07-29 07:00:00,1972.1302863241074,1944.0272790332788,3719.2285483270275
forecast_5024,2025-07-29 08:00:00,1870.9619609590568,1886.7013620756713,3395.496600513818
forecast_5025,2025-07-29 09:00:00,1656.083200697094,1806.236148328398,3214.713397388818
forecast_5026,2025-07-29 10:00:00,1510.7555437050928,1742.521304578398,3171.687274341943
forecast_5027,2025-07-29 11:00:00,1489.5864763222803,1597.6159090705855,3181.089373951318
forecast_5028,2025-07-29 12:00:00,1499.8726091347803,1542.259585828398,3156.694598560693
forecast_5029,2025-07-29 13:00:00,1585.6869401894678,1768.287173719023,3146.644549732568
forecast_5030,2025-07-29 14:00:00,1659.0294694863428,1641.1106688821403,3341.964618091943
forecast_5031,2025-07-29 15:00:00,1740.8080339394678,1624.1631591165153,3416.117938404443
forecast_5032,2025-07-29 16:00:00,1819.4438308886386,1691.0370604837028,3505.817645435693
forecast_5033,2025-07-29 17:00:00,1891.238687315848,1678.5714843118278,3590.422381763818
forecast_5034,2025-07-29 18:00:00,1916.7238343887088,1812.5369628075596,3618.62048068692
forecast_5035,2025-07-29 19:00:00,2032.5852521111087,1951.499299617907,3705.084427321194
forecast_5036,2025-07-29 20:00:00,2033.9940267075915,1957.6078132139553,3880.716775036091
forecast_5037,2025-07-29 21:00:00,1948.5565608374611,1947.0620064239524,3871.633881682398
forecast_5038,2025-07-29 22:00:00,2111.669564336974,2116.3479186334234,4007.6865160228795
forecast_5039,2025-07-29 23:00:00,2352.7702356376176,2438.938549997657,4184.158614727203
forecast_5040,2025-07-30 00:00:00,2378.3618579650524,2496.7911121570523,4485.475079870939
forecast_5041,2025-07-30 01:00:00,2366.940124554787,2325.065804170082,4467.442987682616
forecast_5042,2025-07-30 02:00:00,2352.398093071225,2367.050251614286,4498.684404677725
forecast_5043,2025-07-30 03:00:00,2237.6031943535945,2250.1844602746855,4360.186788905944
forecast_5044,2025-07-30 04:00:00,1963.900498398141,2109.7847608978427,4085.335985614047
forecast_5045,2025-07-30 05:00:00,1851.928443045087,2038.939534364265,3917.64193622768
forecast_5046,2025-07-30 06:00:00,1774.6033945982115,2104.3310775383984,3833.0687672061713
forecast_5047,2025-07-30 07:00:00,1726.8124830788367,2051.2988678211277,3633.024188404443
forecast_5048,2025-07-30 08:00:00,1833.86403970467,2090.387613486536,3410.431659107568
forecast_5049,2025-07-30 09:00:00,1740.444730108858,1766.0483392779777,3315.7704273624213
forecast_5050,2025-07-30 10:00:00,1605.5941693239279,1881.0819086139152,3258.964862232568
forecast_5051,2025-07-30 11:00:00,1580.4118956792483,1992.4440007933138,3291.272229017968
forecast_5052,2025-07-30 12:00:00,1636.3448365501447,2021.4266800630314,3295.009542434122
forecast_5053,2025-07-30 13:00:00,1677.5583873990802,2146.2807098219046,3252.6018565475642
forecast_5054,2025-07-30 14:00:00,1773.8229632597759,1986.262084348789,3240.5190928756892
forecast_5055,2025-07-30 15:00:00,1755.002884974631,1988.6776071613854,3272.894688679071
forecast_5056,2025-07-30 16:00:00,1820.049791623335,1907.1330590410973,3381.205967975946
forecast_5057,2025-07-30 17:00:00,1820.6696246744566,1859.080869020242,3389.816144659555
forecast_5058,2025-07-30 18:00:00,1939.4754568807557,1838.209112746913,3484.842606215937
forecast_5059,2025-07-30 19:00:00,2142.9195328972105,2002.1877319261885,3641.9705944356524
forecast_5060,2025-07-30 20:00:00,2277.549848843077,2062.1562459107095,3708.0193236280056
forecast_5061,2025-07-30 21:00:00,2421.413796767084,2245.6447225252523,3710.879119284216
forecast_5062,2025-07-30 22:00:00,2983.078598505248,2739.808245301113,3877.9500707895163
forecast_5063,2025-07-30 23:00:00,3137.4701226893176,3145.71097827859,4024.4788119669265
forecast_5064,2025-07-31 00:00:00,2981.753883742952,3379.000612228521,4177.611875565832
forecast_5065,2025-07-31 01:00:00,2785.532537419273,3358.000167617545,4305.374159975076
forecast_5066,2025-07-31 02:00:00,2876.9553949997303,3645.163471321225,4483.898578705883
forecast_5067,2025-07-31 03:00:00,3019.8417604330607,3655.941836125987,4514.737970334165
forecast_5068,2025-07-31 04:00:00,3017.320532405904,3633.9128259391036,4685.796833435877
forecast_5069,2025-07-31 05:00:00,2855.6131164918934,3378.711399159496,4445.070157984778
forecast_5070,2025-07-31 06:00:00,2601.627394435564,2916.644272403864,4267.618837127784
forecast_5071,2025-07-31 07:00:00,2377.056716596119,2477.0775086905205,4060.8994912222042
forecast_5072,2025-07-31 08:00:00,2146.095727732899,2383.3544273657453,3608.7174303978886
forecast_5073,2025-07-31 09:00:00,2025.5901816328578,2163.06988786238,3408.2521612625346
forecast_5074,2025-07-31 10:00:00,1739.0846897426202,2080.356826890879,3291.164545361912
forecast_5075,2025-07-31 11:00:00,1687.0155483521075,2051.9866937528186,3400.240625673352
forecast_5076,2025-07-31 12:00:00,1668.6957798738108,2105.2038901674136,3439.1910601911354
forecast_5077,2025-07-31 13:00:00,1634.0665378745578,2254.6240237686807,3405.341321818797
forecast_5078,2025-07-31 14:00:00,1606.5922153157906,2153.799010974646,3357.551434272436
forecast_5079,2025-07-31 15:00:00,1656.479415525324,2135.057939116947,3406.577524400103
forecast_5080,2025-07-31 16:00:00,1680.3528172379738,1970.0637051553147,3442.1717638401306
forecast_5081,2025-07-31 17:00:00,1580.796252886819,1756.390754771231,3440.6149788735393
forecast_5082,2025-07-31 18:00:00,1758.3635268083176,1790.8946627988607,3484.808856373193
forecast_5083,2025-07-31 19:00:00,1908.6027681149942,1895.7400680276455,3531.310809498193
forecast_5084,2025-07-31 20:00:00,1948.3752753631693,1885.1512559805205,3619.593524341943
forecast_5085,2025-07-31 21:00:00,1930.6031524438033,1928.2887920749477,3639.204608326318
forecast_5086,2025-07-31 22:00:00,2065.51720497873,1918.1285154584752,3731.669689955468
forecast_5087,2025-07-31 23:00:00,2193.737483958571,2154.08907249664,3738.890743695789
forecast_5088,2025-08-01 00:00:00,2036.2470050602285,2178.8600958368957,3737.4725007774305
forecast_5089,2025-08-01 01:00:00,1923.5851015665144,2087.8198961145376,3898.20276211271
forecast_5090,2025-08-01 02:00:00,1853.6531046118782,1952.9350675813982,3869.5234997883103
forecast_5091,2025-08-01 03:00:00,1729.4430171544668,1885.6281898935563,3828.947996651309
forecast_5092,2025-08-01 04:00:00,1683.6606214124442,1851.4369626964765,3793.1408192909607
forecast_5093,2025-08-01 05:00:00,1575.6816109412184,1819.9871570368477,3764.097768119349
forecast_5094,2025-08-01 06:00:00,1546.5071686163062,1855.1403677213343,3691.9620777530463
forecast_5095,2025-08-01 07:00:00,1687.314904215857,1795.6100619483038,3508.925311451318
forecast_5096,2025-08-01 08:00:00,1684.4028825722803,1660.992568573894,3315.401141529443
forecast_5097,2025-08-01 09:00:00,1531.9675798379053,1626.436343640898,3195.810565357568
forecast_5098,2025-08-01 10:00:00,1423.2926530800928,1573.1344637580855,3163.183368091943
forecast_5099,2025-08-01 11:00:00,1422.8033952675928,1414.3851961799605,3220.160907154443
forecast_5100,2025-08-01 12:00:00,1438.1407976113428,1493.7829346291442,3294.603771986718
forecast_5101,2025-08-01 13:00:00,1476.624763606225,1562.0937257581095,3334.177022902872
forecast_5102,2025-08-01 14:00:00,1567.9296159707178,1659.7915508643298,3310.726719929071
forecast_5103,2025-08-01 15:00:00,1599.0366716347803,1707.422890397304,3414.492589069696
forecast_5104,2025-08-01 16:00:00,1665.0908809354107,1729.4971205974011,3472.613393119349
forecast_5105,2025-08-01 17:00:00,1798.0640254666607,1658.6444823587028,3481.021014576318
forecast_5106,2025-08-01 18:00:00,1935.773405454716,1818.3790661081605,3432.3066072863708
forecast_5107,2025-08-01 19:00:00,2226.094922448798,2016.9502819245329,3560.8433971700274
forecast_5108,2025-08-01 20:00:00,2280.6467125161416,2281.157152021839,3695.2317259717556
forecast_5109,2025-08-01 21:00:00,2322.531393791906,2224.116749963588,3779.6765501905056
forecast_5110,2025-08-01 22:00:00,2795.739749612604,2359.713458258757,3906.1750987634064
forecast_5111,2025-08-01 23:00:00,2889.139815644464,2260.165433345961,3951.849077902056
forecast_5112,2025-08-02 00:00:00,3066.2670523211455,2691.9953347755654,4118.812543509559
forecast_5113,2025-08-02 01:00:00,4518.620265691317,3534.5558998066545,5038.400453913069
forecast_5114,2025-08-02 02:00:00,5730.924918311106,4562.687645348924,5702.454269225843
forecast_5115,2025-08-02 03:00:00,6642.710435639632,5711.4852934969895,6337.421901603031
forecast_5116,2025-08-02 04:00:00,7451.92415652997,7019.819344242174,6850.865177312244
forecast_5117,2025-08-02 05:00:00,8201.193915978674,8090.047653657318,7182.589214259979
forecast_5118,2025-08-02 06:00:00,8675.161143304802,8253.631439189867,7503.495947542311
forecast_5119,2025-08-02 07:00:00,8195.995158581272,8138.434692597444,7244.292685232722
forecast_5120,2025-08-02 08:00:00,6846.440463839233,6780.7225303093455,6444.772430191808
forecast_5121,2025-08-02 09:00:00,4922.604275038301,4744.373219476359,5398.599465599633
forecast_5122,2025-08-02 10:00:00,3327.224017146871,3136.0706945873226,4703.241786313051
forecast_5123,2025-08-02 11:00:00,2577.728322356745,2246.8343426347765,4285.300317056149
forecast_5124,2025-08-02 12:00:00,2262.680533297533,1865.7375768512688,3964.831726695046
forecast_5125,2025-08-02 13:00:00,2105.239837467544,1886.6990544439036,3830.9330439104024
forecast_5126,2025-08-02 14:00:00,1966.4381005743944,1814.7468286347341,3854.696167173562
forecast_5127,2025-08-02 15:00:00,2020.9024311950454,1886.8921323642653,3516.4597952167665
forecast_5128,2025-08-02 16:00:00,2093.336220771301,1754.3247576487584,3517.3051148085706
forecast_5129,2025-08-02 17:00:00,1703.1901162956558,1498.7107759305281,3569.747439120726
forecast_5130,2025-08-02 18:00:00,1803.7827388151156,1573.585995243833,3609.2567452135904
forecast_5131,2025-08-02 19:00:00,1858.7965801120129,1658.015169627915,3754.4392858219885
forecast_5132,2025-08-02 20:00:00,1924.1969206082708,1663.3920925291313,3871.5205000059195
forecast_5133,2025-08-02 21:00:00,2200.4875427501,1888.9740209294127,4033.515653888098
forecast_5134,2025-08-02 22:00:00,2720.6316316008847,2334.6369182274634,4215.608511418672
forecast_5135,2025-08-02 23:00:00,3215.6392683144004,2881.022202586968,4400.314965979049
forecast_5136,2025-08-03 00:00:00,3841.822983531396,3196.490329916217,4756.561163708071
forecast_5137,2025-08-03 01:00:00,4750.734009654461,3720.631257006148,5224.693426074793
forecast_5138,2025-08-03 02:00:00,5301.854148563501,4530.689398337918,5734.782908512529
forecast_5139,2025-08-03 03:00:00,5248.8100696856645,4497.040884778007,5563.456201427303
forecast_5140,2025-08-03 04:00:00,4275.89077607873,3579.2206927045127,5053.407751484255
forecast_5141,2025-08-03 05:00:00,3278.981978817572,2423.9394007100414,4614.854365633634
forecast_5142,2025-08-03 06:00:00,2574.4676219688763,2151.679632050444,4229.301633575574
forecast_5143,2025-08-03 07:00:00,2102.090122524716,1961.7398955039066,3848.549222521298
forecast_5144,2025-08-03 08:00:00,1926.3900528375607,1583.1567692532383,3526.204384752149
forecast_5145,2025-08-03 09:00:00,1643.6829201929193,1565.437091920411,3245.00348819522
forecast_5146,2025-08-03 10:00:00,1353.8674691769795,1459.732992559896,3042.947772388818
forecast_5147,2025-08-03 11:00:00,1374.0700944230346,1630.4338693233085,3016.178973560693
forecast_5148,2025-08-03 12:00:00,1417.8610650530663,1681.2612648527388,3266.756354984036
forecast_5149,2025-08-03 13:00:00,1487.6414485295084,1979.2462109738344,3216.5849341626267
forecast_5150,2025-08-03 14:00:00,1600.128871014233,2020.6657348634374,3425.3700130935445
forecast_5151,2025-08-03 15:00:00,1961.9273629981333,2648.3177286205796,3831.7659781220755
forecast_5152,2025-08-03 16:00:00,2184.7707598504444,3149.755784410528,3883.4818609387216
forecast_5153,2025-08-03 17:00:00,2475.6899533200212,3864.8228717010543,4099.259073493182
forecast_5154,2025-08-03 18:00:00,2958.2421192236416,4183.5921961567365,4538.077869498973
forecast_5155,2025-08-03 19:00:00,3809.284005860198,4375.152879531486,5293.239451812211
forecast_5156,2025-08-03 20:00:00,4465.643852301518,4716.434885552095,5796.213944589115
forecast_5157,2025-08-03 21:00:00,4441.020859371993,4970.382003733894,5795.463925940892
forecast_5158,2025-08-03 22:00:00,5119.54492924311,5296.524014784332,6265.749049778349
forecast_5159,2025-08-03 23:00:00,4745.1886911738275,6089.76900744601,6301.575006191023
forecast_5160,2025-08-04 00:00:00,4811.028356441342,6605.561762938913,6417.3639129184885
forecast_5161,2025-08-04 01:00:00,4649.991303992614,7516.108641273812,5611.566076177844
forecast_5162,2025-08-04 02:00:00,4312.96572286447,7075.882346315028,5802.129780765124
forecast_5163,2025-08-04 03:00:00,4419.643806946016,6386.639827973693,6171.727073625048
forecast_5164,2025-08-04 04:00:00,5183.224945648575,6991.405237233388,6205.726228179373
forecast_5165,2025-08-04 05:00:00,5940.372660528184,7782.723230327706,6772.18570795281
forecast_5166,2025-08-04 06:00:00,6158.315250386656,7301.621631954518,8362.816118245768
forecast_5167,2025-08-04 07:00:00,6505.186736401589,9324.749683089873,8988.96876713548
forecast_5168,2025-08-04 08:00:00,6825.02671641483,10777.573718108582,8553.619133154909
forecast_5169,2025-08-04 09:00:00,6977.983281640065,11020.979152781678,8259.23518161346
forecast_5170,2025-08-04 10:00:00,5935.652850621615,9232.73900165629,7715.832188288356
forecast_5171,2025-08-04 11:00:00,5125.299201246017,8042.556012606599,7324.276837209066
forecast_5172,2025-08-04 12:00:00,4486.097371160737,6091.725157797018,7148.512597042524
forecast_5173,2025-08-04 13:00:00,3883.219423710648,5538.852753386211,6623.818786079054
forecast_5174,2025-08-04 14:00:00,3745.6282561078497,5256.832531877155,6336.293623485239
forecast_5175,2025-08-04 15:00:00,3995.236938628521,4890.82119081036,6250.09746459827
forecast_5176,2025-08-04 16:00:00,4017.6862926032572,4763.693067985558,6076.641385428971
forecast_5177,2025-08-04 17:00:00,4023.6431253888495,4780.308756385674,6105.1196407085445
forecast_5178,2025-08-04 18:00:00,4669.864132003023,5034.083682842032,6244.453076296901
forecast_5179,2025-08-04 19:00:00,5083.553483319184,5443.556290298851,6289.5608224851085
forecast_5180,2025-08-04 20:00:00,5513.468833122948,5964.759636126938,6584.835380598026
forecast_5181,2025-08-04 21:00:00,6109.317394394289,7260.595482057352,7232.43045826359
forecast_5182,2025-08-04 22:00:00,6154.303840282797,7406.15192196811,6888.861187771728
forecast_5183,2025-08-04 23:00:00,6150.694891644931,7888.098360992491,7348.284776194165
forecast_5184,2025-08-05 00:00:00,5593.641280756945,8906.537928203119,7313.720517465235
forecast_5185,2025-08-05 01:00:00,5605.7307796557925,8135.078312769279,6595.002011607712
forecast_5186,2025-08-05 02:00:00,5003.6548971516295,6306.246712738574,6148.178196795892
forecast_5187,2025-08-05 03:00:00,4678.498057929183,5090.403286850546,5920.513831259612
forecast_5188,2025-08-05 04:00:00,4155.399079557291,3989.82010706529,5599.729589494595
forecast_5189,2025-08-05 05:00:00,3549.6370097657377,3188.694188703738,5094.142044354551
forecast_5190,2025-08-05 06:00:00,2944.816266872016,2347.961412760501,4728.398000329594
forecast_5191,2025-08-05 07:00:00,2858.0556841895623,2229.3368551279373,4483.859184107455
forecast_5192,2025-08-05 08:00:00,2682.9014226396607,2271.2473283752147,4250.557606554397
forecast_5193,2025-08-05 09:00:00,2595.650755867069,2423.735184979587,4204.521162610687
forecast_5194,2025-08-05 10:00:00,2588.034868088992,2341.922115012402,4208.7507157366845
forecast_5195,2025-08-05 11:00:00,3038.8316453585994,3134.47369945681,4452.86302106881
forecast_5196,2025-08-05 12:00:00,3403.6140013718,3607.8565071458934,5266.595364003433
forecast_5197,2025-08-05 13:00:00,4492.068127978055,4414.2105307406455,5814.0275824495275
forecast_5198,2025-08-05 14:00:00,5178.458398566753,5403.984243568344,6482.64804303709
forecast_5199,2025-08-05 15:00:00,5937.969295055767,5402.440340499581,6937.778471713813
forecast_5200,2025-08-05 16:00:00,6661.732524676043,5614.448039452573,7235.149058102377
forecast_5201,2025-08-05 17:00:00,6349.030655262937,6095.492582147067,7636.431807880356
forecast_5202,2025-08-05 18:00:00,6095.842956331338,5907.805259855558,7517.205291617786
forecast_5203,2025-08-05 19:00:00,6055.735098967141,6892.421190534011,7515.031503164561
forecast_5204,2025-08-05 20:00:00,6514.423168299325,7850.045749984592,7951.619412110658
forecast_5205,2025-08-05 21:00:00,7324.132299374895,8383.893951274586,8026.993812974715
forecast_5206,2025-08-05 22:00:00,8923.784125094173,9959.122071796945,8520.666347811317
forecast_5207,2025-08-05 23:00:00,10389.967190357258,11919.883081249409,8690.883174379667
forecast_5208,2025-08-06 00:00:00,10212.852789354034,11114.644355698052,8930.588254875576
forecast_5209,2025-08-06 01:00:00,9965.180612930759,10196.08948426911,10016.922826989769
forecast_5210,2025-08-06 02:00:00,10286.108301309832,11153.287300807955,10463.619180932435
forecast_5211,2025-08-06 03:00:00,10885.331888729062,13025.013984121517,11638.144499696988
forecast_5212,2025-08-06 04:00:00,11661.100050309711,15404.470405604266,11936.412286260267
forecast_5213,2025-08-06 05:00:00,12395.334016711022,15660.815659536393,12128.130502732412
forecast_5214,2025-08-06 06:00:00,12873.291394033324,15129.3807523717,12783.04645536877
forecast_5215,2025-08-06 07:00:00,12349.976576824143,15565.069887626516,12971.565375438937
forecast_5216,2025-08-06 08:00:00,12890.627314122768,14744.859036153131,12730.77588523633
forecast_5217,2025-08-06 09:00:00,12738.809617625695,15851.361496094138,12923.339991282304
forecast_5218,2025-08-06 10:00:00,12219.139289543475,16072.1174530706,13041.838251872277
forecast_5219,2025-08-06 11:00:00,11819.96694316205,16189.49967292227,13418.386606741195
forecast_5220,2025-08-06 12:00:00,11489.802758371541,16229.247819221331,13213.17341146322
forecast_5221,2025-08-06 13:00:00,12128.015224880557,17468.883252956257,13876.352279621271
forecast_5222,2025-08-06 14:00:00,13859.99631689615,17500.75200027754,14703.964814994699
forecast_5223,2025-08-06 15:00:00,12812.862332375733,16702.796323529947,14629.201222113017
forecast_5224,2025-08-06 16:00:00,13709.255453543161,16961.54329232256,14017.106135849852
forecast_5225,2025-08-06 17:00:00,13990.803125135626,16629.93561824457,14872.753795169643
forecast_5226,2025-08-06 18:00:00,14467.311617506033,17163.6440434075,15402.036544554
forecast_5227,2025-08-06 19:00:00,15559.047915657793,17292.704568035406,14943.580903776461
forecast_5228,2025-08-06 20:00:00,15591.218573679798,16593.824736199593,14598.650953448827
forecast_5229,2025-08-06 21:00:00,15724.9061593388,17601.769191107487,15101.486887867679
forecast_5230,2025-08-06 22:00:00,15653.556275101659,18231.778912881142,14336.477185232536
forecast_5231,2025-08-06 23:00:00,15872.663783587232,18067.310843890344,14929.963644814692
forecast_5232,2025-08-07 00:00:00,14726.67010931403,17967.9387923685,15007.171167128956
forecast_5233,2025-08-07 01:00:00,13892.746865208463,16855.509500382905,14536.299838835257
forecast_5234,2025-08-07 02:00:00,14327.609655713466,16990.63130611332,15025.333330623966
forecast_5235,2025-08-07 03:00:00,14375.58583090104,16757.818868141556,14796.95728581032
forecast_5236,2025-08-07 04:00:00,13661.973602017448,16593.748427613566,14569.075259047795
forecast_5237,2025-08-07 05:00:00,13526.769142335146,16949.717539383404,14013.902983752063
forecast_5238,2025-08-07 06:00:00,13031.711659176755,16400.66731635831,13496.201792935706
forecast_5239,2025-08-07 07:00:00,12103.76112177227,14922.25947269215,11791.32029337239
forecast_5240,2025-08-07 08:00:00,10585.568618292737,13199.201860361714,9752.729217734068
forecast_5241,2025-08-07 09:00:00,8358.920812899247,10581.151474387523,7987.450233790902
forecast_5242,2025-08-07 10:00:00,6112.26349916276,7028.248070523993,6123.731806393821
forecast_5243,2025-08-07 11:00:00,4776.393215868242,4259.50888229,4869.642218590522
forecast_5244,2025-08-07 12:00:00,3508.451643580969,3053.5417630336965,4358.198751692256
forecast_5245,2025-08-07 13:00:00,2666.8963886589827,2559.036904505573,3903.4995347006743
forecast_5246,2025-08-07 14:00:00,2463.0302637523337,2227.1928809095634,3727.397374262013
forecast_5247,2025-08-07 15:00:00,2249.3049769807967,2198.907869779733,3714.3945627523276
forecast_5248,2025-08-07 16:00:00,2128.402131677369,2239.7546237889487,3662.9180138498073
forecast_5249,2025-08-07 17:00:00,2115.4266370938467,2320.45941102042,3803.143117004331
forecast_5250,2025-08-07 18:00:00,2349.4424791025112,2235.9367194316906,3885.391786907679
forecast_5251,2025-08-07 19:00:00,2623.8092650756735,2714.8259038110045,4020.383188408148
forecast_5252,2025-08-07 20:00:00,3404.8618167371415,3771.4611052260566,4463.732193944706
forecast_5253,2025-08-07 21:00:00,4223.257925517456,4938.076501987078,5230.666524528074
forecast_5254,2025-08-07 22:00:00,5059.037521697168,5307.397109162555,5779.211115870246
forecast_5255,2025-08-07 23:00:00,6172.536499782357,6274.42454228825,6721.438257490287
forecast_5256,2025-08-08 00:00:00,6205.4354420768595,7325.3013458613605,7161.399263550956
forecast_5257,2025-08-08 01:00:00,6478.204173187142,7445.465403531683,7001.578473678726
forecast_5258,2025-08-08 02:00:00,6691.060556700865,6856.44980597269,6961.135711917089
forecast_5259,2025-08-08 03:00:00,6189.720403528233,6108.898461782905,6777.498825960956
forecast_5260,2025-08-08 04:00:00,5414.583260993433,5315.64360206696,6220.452694771457
forecast_5261,2025-08-08 05:00:00,4736.989773439845,4298.381880915558,5496.760902979367
forecast_5262,2025-08-08 06:00:00,3884.558656409027,3596.176823884563,4829.157889644065
forecast_5263,2025-08-08 07:00:00,3022.769632768115,3175.087815188025,4211.263392043984
forecast_5264,2025-08-08 08:00:00,2648.3738427400526,2876.471054609965,3798.943823032729
forecast_5265,2025-08-08 09:00:00,2247.3961806162783,2632.0323618550397,3495.2391262858137
forecast_5266,2025-08-08 10:00:00,1882.1506782005688,2188.1915507931185,3410.500395480712
forecast_5267,2025-08-08 11:00:00,1730.8356871671149,2123.6847498108327,3413.893040104606
forecast_5268,2025-08-08 12:00:00,1720.4636735879053,1834.2559771395477,3364.6548195276273
forecast_5269,2025-08-08 13:00:00,1735.3604021035303,1922.3680909538252,3540.219500904443
forecast_5270,2025-08-08 14:00:00,1892.1180925332178,2202.7692916386027,3605.660663013818
forecast_5271,2025-08-08 15:00:00,1912.1052751504053,2137.463895249859,3465.252948170068
forecast_5272,2025-08-08 16:00:00,1989.4226680447857,1922.2435583357965,3528.787127857568
forecast_5273,2025-08-08 17:00:00,1894.516482370841,1589.8348259169957,3563.498553638818
forecast_5274,2025-08-08 18:00:00,2052.5188594510355,1830.536266757054,3537.782733326318
forecast_5275,2025-08-08 19:00:00,2024.166373088745,1738.145451631138,3569.019061451318
forecast_5276,2025-08-08 20:00:00,2076.8415291958077,1832.0194469415592,3630.495868091943
forecast_5277,2025-08-08 21:00:00,2087.0043716771193,1797.0852621423826,3686.869891529443
forecast_5278,2025-08-08 22:00:00,2192.493035089352,1998.9044695746695,3708.2655177025345
forecast_5279,2025-08-08 23:00:00,2521.622555222265,2289.3550867528197,4051.528054794623
forecast_5280,2025-08-09 00:00:00,2416.553797391636,2349.373244019218,4240.789849122095
forecast_5281,2025-08-09 01:00:00,2632.281620049029,2389.172957062102,4166.908281694755
forecast_5282,2025-08-09 02:00:00,2853.0839798767984,2667.973940404704,4583.352119456939
forecast_5283,2025-08-09 03:00:00,3098.8181700333707,2813.790907816796,4513.369625065866
forecast_5284,2025-08-09 04:00:00,3598.806544579311,3210.1801681322477,4687.6061224791465
forecast_5285,2025-08-09 05:00:00,4515.974716272942,4238.659575431042,5060.751098518461
forecast_5286,2025-08-09 06:00:00,4029.255696867255,4354.212434673512,5091.3131089780245
forecast_5287,2025-08-09 07:00:00,3485.115627943534,3740.256690448287,4747.004658345021
forecast_5288,2025-08-09 08:00:00,3071.9912186622732,3163.2542692173674,4404.438699041457
forecast_5289,2025-08-09 09:00:00,2892.96924898672,2860.8099410866034,4173.411436500459
forecast_5290,2025-08-09 10:00:00,2757.381205869344,2746.056910672594,4161.842009474261
forecast_5291,2025-08-09 11:00:00,2865.6369832704486,3105.5719153473938,4279.036819646061
forecast_5292,2025-08-09 12:00:00,2429.6592875231227,2961.123482478079,4056.337689966046
forecast_5293,2025-08-09 13:00:00,2115.440874747593,2467.594292719404,3915.804406662556
forecast_5294,2025-08-09 14:00:00,1927.92412435123,2311.059951430986,3799.816691066697
forecast_5295,2025-08-09 15:00:00,1824.1510570263765,2317.869917431941,3782.317709730588
forecast_5296,2025-08-09 16:00:00,1978.2168944979371,2455.567182857076,3808.4102196208723
forecast_5297,2025-08-09 17:00:00,2176.140663863203,2748.086694320365,3831.7326549821414
forecast_5298,2025-08-09 18:00:00,2281.0311869624707,2824.432718560695,3881.559604112596
forecast_5299,2025-08-09 19:00:00,2166.465289314001,2738.020654210591,3993.002455905636
forecast_5300,2025-08-09 20:00:00,2053.4507002907676,2680.21426690334,4045.3246877144456
forecast_5301,2025-08-09 21:00:00,2085.086183098426,2482.327593258936,4187.965273533243
forecast_5302,2025-08-09 22:00:00,2215.1188305492888,2471.862956423522,4042.2822951416797
forecast_5303,2025-08-09 23:00:00,2327.8848947462893,2548.0555053151597,3816.8335984389505
forecast_5304,2025-08-10 00:00:00,2144.7238259588607,2331.2344124725073,3837.9624021009654
forecast_5305,2025-08-10 01:00:00,2136.120463894076,2357.613811798983,3862.185991087393
forecast_5306,2025-08-10 02:00:00,2211.0328319250248,2394.985451733544,3804.087463469015
forecast_5307,2025-08-10 03:00:00,2372.366703648233,2414.030236017291,3763.5680330952423
forecast_5308,2025-08-10 04:00:00,2438.8385056574402,2511.8093861035795,3672.5599401610657
forecast_5309,2025-08-10 05:00:00,2650.5192095918283,2581.2751528788335,3633.6904499230277
forecast_5310,2025-08-10 06:00:00,2860.037533081847,2738.0767974949704,3689.6333638684346
forecast_5311,2025-08-10 07:00:00,2767.3727279451277,2762.9332311361054,3649.08361798308
forecast_5312,2025-08-10 08:00:00,2485.343686144494,2510.690872133927,3506.9827212255973
forecast_5313,2025-08-10 09:00:00,2419.571172254847,2340.814087490231,3410.9871305538536
forecast_5314,2025-08-10 10:00:00,2199.0195499288616,2289.404352095144,3348.0871853665813
forecast_5315,2025-08-10 11:00:00,2091.4630523955157,2263.86274397992,3348.4833845540206
forecast_5316,2025-08-10 12:00:00,2077.36127402375,2318.197291325574,3463.857015912304
forecast_5317,2025-08-10 13:00:00,2033.391555460818,2279.9876271005724,3689.3750596582454
forecast_5318,2025-08-10 14:00:00,2090.1544077513645,2332.1114267243534,3763.129956592765
forecast_5319,2025-08-10 15:00:00,2100.8828912693143,2136.771366850742,3668.846666766012
forecast_5320,2025-08-10 16:00:00,2117.516823890959,2030.1559392908762,3731.7718291702704
forecast_5321,2025-08-10 17:00:00,2113.229784614118,1956.8446593051028,3674.106811279099
forecast_5322,2025-08-10 18:00:00,2131.891295974473,1909.7501316347677,3671.4116097329143
forecast_5323,2025-08-10 19:00:00,2225.453795974473,1998.295251446041,3599.000018482568
forecast_5324,2025-08-10 20:00:00,2281.473571365098,2046.4191565995643,3572.907977466943
forecast_5325,2025-08-10 21:00:00,2295.7901092872467,2023.9226966386268,3588.052508716943
forecast_5326,2025-08-10 22:00:00,2414.3063138665952,2086.4973504024742,3593.396991138818
forecast_5327,2025-08-10 23:00:00,2319.009251095808,2209.9570580445347,3602.749530201318
forecast_5328,2025-08-11 00:00:00,2041.7324000214464,2242.0744988399742,3680.486834888818
forecast_5329,2025-08-11 01:00:00,2146.2361744840136,1977.7218499565893,3600.507342701318
forecast_5330,2025-08-11 02:00:00,2331.1803373765697,2016.0995136311553,3563.385760670068
forecast_5331,2025-08-11 03:00:00,2108.656553932148,2063.6200344759604,3577.170428638818
forecast_5332,2025-08-11 04:00:00,2121.0825823332107,2122.1820281814234,3580.852557545068
forecast_5333,2025-08-11 05:00:00,2038.0964569558373,2152.203704840968,3587.296161060693
forecast_5334,2025-08-11 06:00:00,1984.1367771435212,1929.8749224033731,3583.850848560693
forecast_5335,2025-08-11 07:00:00,1965.6573260079913,1953.8778385891758,3527.337909107568
forecast_5336,2025-08-11 08:00:00,2060.6893228924405,1900.8488230131713,3454.073260670068
forecast_5337,2025-08-11 09:00:00,2003.5254894256261,1876.6673402114682,3426.918719654443
forecast_5338,2025-08-11 10:00:00,1837.8042497597803,1762.9398682975752,3343.035174732568
forecast_5339,2025-08-11 11:00:00,1828.7927751504053,1747.969546765898,3243.668963795068
forecast_5340,2025-08-11 12:00:00,1812.0601091347803,1818.8565184915153,3288.269061451318
forecast_5341,2025-08-11 13:00:00,1840.2723894082178,1826.1029784524528,3332.236346607568
forecast_5342,2025-08-11 14:00:00,1915.1293230019678,1862.2284667337028,3313.826678638818
forecast_5343,2025-08-11 15:00:00,1931.5554704629053,1754.8791014993278,3313.695575123193
forecast_5344,2025-08-11 16:00:00,2011.6406253098146,1596.7367675149528,3322.019061451318
forecast_5345,2025-08-11 17:00:00,1958.404663395752,1576.6646336231768,3220.661395435693
forecast_5346,2025-08-11 18:00:00,1955.9569698025982,1673.3731911310958,3373.032245045068
forecast_5347,2025-08-11 19:00:00,1904.1415401150982,1631.5590976918274,3388.840106373193
forecast_5348,2025-08-11 20:00:00,1858.9416340064327,1658.8205723012024,3366.115741138818
forecast_5349,2025-08-11 21:00:00,1832.505768425346,1757.0992055572374,3370.493426685693
forecast_5350,2025-08-11 22:00:00,2062.8598983219895,1778.3617980293884,3427.3312654894958
forecast_5351,2025-08-11 23:00:00,2128.6406565631096,1744.0652077326583,3465.341535284555
forecast_5352,2025-08-12 00:00:00,2182.471491444945,1795.616634844315,3682.8190592028354
forecast_5353,2025-08-12 01:00:00,2166.0158419055047,1986.528886416426,3915.302500989282
forecast_5354,2025-08-12 02:00:00,2512.008116966556,2569.051542560848,4086.0632646571166
forecast_5355,2025-08-12 03:00:00,2922.045384467532,3075.166901974433,4415.2755088845015
forecast_5356,2025-08-12 04:00:00,3039.6934630840306,3269.9932497310747,4453.833129629081
forecast_5357,2025-08-12 05:00:00,2770.620333029956,2986.588190445278,4191.7483088901035
forecast_5358,2025-08-12 06:00:00,2538.8265902921153,2577.1797558202934,3972.343330169737
forecast_5359,2025-08-12 07:00:00,2387.472181496925,2351.142514570222,3689.78616988061
forecast_5360,2025-08-12 08:00:00,2129.834039924943,1947.4116299920438,3486.576781304328
forecast_5361,2025-08-12 09:00:00,1955.6360743671135,1782.657025016934,3363.4013894029313
forecast_5362,2025-08-12 10:00:00,1824.2446556872658,1840.7310419169617,3313.0147915633715
forecast_5363,2025-08-12 11:00:00,1809.0745364412942,1658.24622994514,3352.7043595098276
forecast_5364,2025-08-12 12:00:00,1758.0759396112692,1813.9091603510178,3385.3033560060317
forecast_5365,2025-08-12 13:00:00,1754.048205853924,1611.2047151151219,3373.228182540165
forecast_5366,2025-08-12 14:00:00,1705.9443440848402,1671.670557522052,3413.5543425160927
forecast_5367,2025-08-12 15:00:00,1755.9728081362196,1602.3701123877547,3483.0278985231967
forecast_5368,2025-08-12 16:00:00,1898.6535612819737,1768.5276598586852,3612.9761702271758
forecast_5369,2025-08-12 17:00:00,1929.381297107763,1723.8644344644258,3620.0360603999397
forecast_5370,2025-08-12 18:00:00,2089.4493527746304,1832.9363929057834,3771.861917158931
forecast_5371,2025-08-12 19:00:00,2391.4743407811625,2137.7330405119,3859.14157884807
forecast_5372,2025-08-12 20:00:00,2498.874661666472,2372.0963657227057,3952.252229369057
forecast_5373,2025-08-12 21:00:00,2801.3249962435557,2453.0297673875925,4035.282863272683
forecast_5374,2025-08-12 22:00:00,3110.3824494755995,3049.2181112839507,4265.082673820689
forecast_5375,2025-08-12 23:00:00,3368.8583237858056,3231.1136490341696,4312.246718432166
forecast_5376,2025-08-13 00:00:00,3666.4033074177323,3086.011502854748,4524.389662342015
forecast_5377,2025-08-13 01:00:00,3314.0946645933486,2932.5169011840117,4625.953817994038
forecast_5378,2025-08-13 02:00:00,3494.445066534179,2842.5099876369777,4664.757433809461
forecast_5379,2025-08-13 03:00:00,3732.616553245958,2887.500953117366,4669.7003583797095
forecast_5380,2025-08-13 04:00:00,3650.906882635949,3217.462880667502,4591.7966843436125
forecast_5381,2025-08-13 05:00:00,3686.8507225874714,3467.6743657923453,4622.074880616603
forecast_5382,2025-08-13 06:00:00,4093.7383332355275,3695.6924918687037,5085.4575446441895
forecast_5383,2025-08-13 07:00:00,5128.126064590189,4866.728231691604,5912.086671721841
forecast_5384,2025-08-13 08:00:00,6375.847169328713,6561.087935174159,6415.387668143178
forecast_5385,2025-08-13 09:00:00,7120.036488363826,7750.86049039757,7089.608063816495
forecast_5386,2025-08-13 10:00:00,7464.35295152576,8807.251500372637,7502.103861348858
forecast_5387,2025-08-13 11:00:00,7871.053628181806,10204.598116228506,7391.081566982757
forecast_5388,2025-08-13 12:00:00,6822.5954123887495,9102.714833672993,7607.093808238595
forecast_5389,2025-08-13 13:00:00,6224.523876568383,9278.273159016899,7301.386208718963
forecast_5390,2025-08-13 14:00:00,5765.279715222091,7812.655117112891,7192.333688123681
forecast_5391,2025-08-13 15:00:00,5996.926314777769,7282.188759547675,7846.198809627733
forecast_5392,2025-08-13 16:00:00,6265.30297640554,7022.732650229917,8463.259251714542
forecast_5393,2025-08-13 17:00:00,7455.717086076429,9116.019540134172,8885.578497232409
forecast_5394,2025-08-13 18:00:00,8931.803588891444,12921.27292517116,10837.536350768121
forecast_5395,2025-08-13 19:00:00,11239.16603839837,13967.693092165682,12404.437538652921
forecast_5396,2025-08-13 20:00:00,13292.485800636417,15202.598132571366,13519.903444084917
forecast_5397,2025-08-13 21:00:00,15208.749716985678,16770.987990115613,14835.561160252062
forecast_5398,2025-08-13 22:00:00,16797.93619956692,17631.276170069214,16633.80645524967
forecast_5399,2025-08-13 23:00:00,16755.13729073004,18216.455518385817,16980.22732159845
forecast_5400,2025-08-14 00:00:00,16540.888317188692,18382.339390935667,17076.53565941917
forecast_5401,2025-08-14 01:00:00,16266.721262095747,18166.111840063248,17186.128039676798
forecast_5402,2025-08-14 02:00:00,16136.100021635637,18103.93227321502,17064.922311707993
forecast_5403,2025-08-14 03:00:00,15542.953636636606,17824.40129697783,16499.011039872996
forecast_5404,2025-08-14 04:00:00,15490.057380460088,17669.32152763276,15538.528695690668
forecast_5405,2025-08-14 05:00:00,15508.747090496512,17597.247954456107,14616.028665470869
forecast_5406,2025-08-14 06:00:00,14143.295866107577,17342.38542802746,14459.074473848503
forecast_5407,2025-08-14 07:00:00,13603.161664453268,16469.35380892506,13685.486561053507
forecast_5408,2025-08-14 08:00:00,13457.881182895311,15833.72445541366,13750.038654817667
forecast_5409,2025-08-14 09:00:00,13105.001737307874,15200.88131441546,13113.3481786973
forecast_5410,2025-08-14 10:00:00,12468.685614184316,12828.01391343422,11828.909982318746
forecast_5411,2025-08-14 11:00:00,11318.465333523734,11589.41437000125,10724.34671579635
forecast_5412,2025-08-14 12:00:00,9586.255242034718,10636.611325828642,9884.820456766929
forecast_5413,2025-08-14 13:00:00,8072.246432341502,9963.509089035473,9561.473346380117
forecast_5414,2025-08-14 14:00:00,8712.315044853192,10341.633972984862,10245.35067541682
forecast_5415,2025-08-14 15:00:00,9867.993716826682,9893.94939096003,10912.30982216721
forecast_5416,2025-08-14 16:00:00,11382.82644746432,11061.504092662952,11783.8064700643
forecast_5417,2025-08-14 17:00:00,12702.92830516968,12407.297184266114,12343.787272002826
forecast_5418,2025-08-14 18:00:00,13694.840358821573,12926.021695693562,12360.88411705747
forecast_5419,2025-08-14 19:00:00,13474.594170582948,13579.936878534969,12345.536411755957
forecast_5420,2025-08-14 20:00:00,13771.56163180486,13373.972353015786,13105.317318968415
forecast_5421,2025-08-14 21:00:00,13260.435471254703,13558.345832313567,13351.375989047596
forecast_5422,2025-08-14 22:00:00,14260.250442097107,15226.66910014491,13021.292715301737
forecast_5423,2025-08-14 23:00:00,13575.020905168116,15316.489812605298,12608.0451050075
forecast_5424,2025-08-15 00:00:00,12133.755244972457,15128.08461069171,12240.36623402172
forecast_5425,2025-08-15 01:00:00,13913.850526489774,14338.672205512306,10352.186263528369
forecast_5426,2025-08-15 02:00:00,13065.414300060158,13923.554782363994,9636.01782519749
forecast_5427,2025-08-15 03:00:00,11881.625610334866,13777.898038688143,9249.045854630032
forecast_5428,2025-08-15 04:00:00,11502.131904586959,13298.50148065381,8919.55158480151
forecast_5429,2025-08-15 05:00:00,10220.472106092933,11566.676500534231,8453.547964899071
forecast_5430,2025-08-15 06:00:00,8166.959290306576,7845.262248438901,7823.598298776325
forecast_5431,2025-08-15 07:00:00,6913.255241962862,5761.958423782181,6954.539984880668
forecast_5432,2025-08-15 08:00:00,5063.984627962564,4214.89567029659,5853.661558518689
forecast_5433,2025-08-15 09:00:00,3611.188994754622,2847.595483866272,4599.589463230601
forecast_5434,2025-08-15 10:00:00,2598.6455482675374,2177.434982240886,4050.1155464036574
forecast_5435,2025-08-15 11:00:00,2153.838434657136,1857.0937770236521,3748.1485628302958
forecast_5436,2025-08-15 12:00:00,2126.8225449975625,1753.1376572144754,3653.810425975954
forecast_5437,2025-08-15 13:00:00,2113.9134829676577,1726.8904774717103,3798.232934621623
forecast_5438,2025-08-15 14:00:00,2198.924276122986,1748.5382975552986,3868.374447066011
forecast_5439,2025-08-15 15:00:00,2267.2382416576115,1872.4895462369968,3850.8575825056732
forecast_5440,2025-08-15 16:00:00,2312.1663345926786,1977.947918160838,3914.3247741739183
forecast_5441,2025-08-15 17:00:00,2389.8178861985252,2169.050494871714,3892.404537814331
forecast_5442,2025-08-15 18:00:00,2364.41970765311,2203.0917505253556,4105.717171537991
forecast_5443,2025-08-15 19:00:00,2874.3868009604194,2602.430343078458,4265.810306075833
forecast_5444,2025-08-15 20:00:00,3614.3536058195045,3401.721515864717,4806.687126954086
forecast_5445,2025-08-15 21:00:00,4234.396663529058,4353.26992301858,5745.2809753210995
forecast_5446,2025-08-15 22:00:00,6133.018098821293,5938.876787435105,6716.4251746954815
forecast_5447,2025-08-15 23:00:00,8472.594980096419,7820.523241331706,7705.0262682051025
forecast_5448,2025-08-16 00:00:00,9249.535813249595,9532.583443394882,8665.328081346142
forecast_5449,2025-08-16 01:00:00,9856.243072718527,10299.795483010064,9031.451026989855
forecast_5450,2025-08-16 02:00:00,10229.469411306509,9927.49334548437,9256.604072202521
forecast_5451,2025-08-16 03:00:00,10514.585712380476,10418.438427315945,9342.319482829984
forecast_5452,2025-08-16 04:00:00,10275.070872591654,10449.325929069042,9441.719282732694
forecast_5453,2025-08-16 05:00:00,10002.458648857952,10981.3705373052,9211.723076108292
forecast_5454,2025-08-16 06:00:00,10122.007278150026,11411.34756812085,8881.732147516545
forecast_5455,2025-08-16 07:00:00,10440.622534940494,11545.287814720628,8371.703395148377
forecast_5456,2025-08-16 08:00:00,9473.182416987192,10086.97645515714,7598.720082099212
forecast_5457,2025-08-16 09:00:00,8289.072761244654,7541.7958019342705,6950.901511532202
forecast_5458,2025-08-16 10:00:00,5906.546624296263,4901.722223574791,6354.870824043003
forecast_5459,2025-08-16 11:00:00,5321.4282131925065,3854.8955469408365,6133.978064905272
forecast_5460,2025-08-16 12:00:00,5310.439372572983,4136.683318979955,6231.117952634693
forecast_5461,2025-08-16 13:00:00,5923.331128964584,4733.755714646346,6347.167901449042
forecast_5462,2025-08-16 14:00:00,6484.543371180831,5032.028544504526,6694.6810246416935
forecast_5463,2025-08-16 15:00:00,6971.621610390803,6225.091069886958,7229.280443366695
forecast_5464,2025-08-16 16:00:00,7054.878324031219,7639.6615635063245,7653.231608739361
forecast_5465,2025-08-16 17:00:00,7792.558770692229,8432.990943912615,8600.916986610862
forecast_5466,2025-08-16 18:00:00,9693.768304485073,9865.665227737618,10595.222241425596
forecast_5467,2025-08-16 19:00:00,11878.351567998712,13701.927001764489,11488.92577022608
forecast_5468,2025-08-16 20:00:00,13814.289467030769,16396.547970406806,12651.420770171779
forecast_5469,2025-08-16 21:00:00,14705.477522703337,17327.740000897178,14037.758137348503
forecast_5470,2025-08-16 22:00:00,17019.511601028553,18028.662489271097,14328.473950063584
forecast_5471,2025-08-16 23:00:00,18105.237163658756,18273.17891188697,14535.352600990009
forecast_5472,2025-08-17 00:00:00,17656.557939789385,18327.541992753577,15234.703882280945
forecast_5473,2025-08-17 01:00:00,17957.973541410338,18308.99369585848,15211.751135780207
forecast_5474,2025-08-17 02:00:00,18230.847714683536,18473.383662448647,15213.855553171343
forecast_5475,2025-08-17 03:00:00,18226.698181226056,18263.770974173774,14981.352130095605
forecast_5476,2025-08-17 04:00:00,18621.608969326884,18478.320359419224,15027.827847492177
forecast_5477,2025-08-17 05:00:00,19302.624623748507,18707.413599202966,15069.548785178122
forecast_5478,2025-08-17 06:00:00,19145.020654063814,18789.25253096749,14759.538521434137
forecast_5479,2025-08-17 07:00:00,17910.883209716034,18585.035703418223,12881.034163998293
forecast_5480,2025-08-17 08:00:00,14979.396067292448,17426.96087527906,11792.764107566429
forecast_5481,2025-08-17 09:00:00,12127.206386748046,14670.540355560748,10292.657675685472
forecast_5482,2025-08-17 10:00:00,8905.267195396014,10913.30445837253,8240.426665400542
forecast_5483,2025-08-17 11:00:00,6309.693137301165,7728.90976631358,6829.4850548565355
forecast_5484,2025-08-17 12:00:00,5335.095949383136,5136.3140137780165,5701.7129186636885
forecast_5485,2025-08-17 13:00:00,4669.3271403085155,3733.409771275109,5272.557164885122
forecast_5486,2025-08-17 14:00:00,4505.412459120056,3279.192604737787,5205.896009862157
forecast_5487,2025-08-17 15:00:00,4518.924521635325,3676.0438443512303,5196.819986764916
forecast_5488,2025-08-17 16:00:00,4655.113318943253,3977.7513327245497,5231.5807881820565
forecast_5489,2025-08-17 17:00:00,4898.531990384201,4173.753918025578,5449.623545566555
forecast_5490,2025-08-17 18:00:00,5640.307176296541,4178.052025833167,6069.944112406383
forecast_5491,2025-08-17 19:00:00,6657.451639890558,5380.152168702452,6680.098729625476
forecast_5492,2025-08-17 20:00:00,7628.531471064207,7132.051617609299,7009.425153061453
forecast_5493,2025-08-17 21:00:00,8311.968675518603,7959.353240570252,7264.873570863718
forecast_5494,2025-08-17 22:00:00,8603.512471571437,8152.880656799382,7374.9041834255095
forecast_5495,2025-08-17 23:00:00,8437.183088897664,8263.701079075054,7139.922033631874
forecast_5496,2025-08-18 00:00:00,8438.473100418341,8948.918146204549,7714.258162455317
forecast_5497,2025-08-18 01:00:00,8774.319333035493,9397.9398433889,8176.300873264139
forecast_5498,2025-08-18 02:00:00,9060.831811238633,9889.381557528544,8108.76262117443
forecast_5499,2025-08-18 03:00:00,9701.819090198054,10409.011447164617,8117.240848158637
forecast_5500,2025-08-18 04:00:00,10094.799240603323,11329.502587422292,8375.986367647882
forecast_5501,2025-08-18 05:00:00,9869.971278145606,10867.80320575861,8562.734354164642
forecast_5502,2025-08-18 06:00:00,9998.475441287554,10866.79446264385,8597.64095723119
forecast_5503,2025-08-18 07:00:00,9803.602065685061,11300.049801818997,8946.22937549666
forecast_5504,2025-08-18 08:00:00,8960.019253772798,10322.423513143853,8402.071165843567
forecast_5505,2025-08-18 09:00:00,8302.763880319631,8882.142692983332,7843.972801321592
forecast_5506,2025-08-18 10:00:00,6692.796020639638,7780.599035933847,7676.135227334778
forecast_5507,2025-08-18 11:00:00,6123.213661957929,6300.078506047828,6830.209044836211
forecast_5508,2025-08-18 12:00:00,5813.1698147847055,5202.83683303693,6510.615829277481
forecast_5509,2025-08-18 13:00:00,5210.277940717366,4849.924779499108,6249.581284418175
forecast_5510,2025-08-18 14:00:00,5306.029970625619,4542.110674279226,6224.239309552387
forecast_5511,2025-08-18 15:00:00,5495.56112418542,5072.805289060574,6565.3101061756815
forecast_5512,2025-08-18 16:00:00,6001.925864848694,5054.903582782865,6797.618993811112
forecast_5513,2025-08-18 17:00:00,5821.739634239783,5301.4800462309995,7303.77358792775
forecast_5514,2025-08-18 18:00:00,6649.750351417518,6330.510462605266,8163.192499016146
forecast_5515,2025-08-18 19:00:00,8646.242176130994,8610.529248966006,9149.880787686709
forecast_5516,2025-08-18 20:00:00,9981.581783488691,12060.932537544462,10250.139730456278
forecast_5517,2025-08-18 21:00:00,12545.708905987722,13954.165999686915,11068.27923050223
forecast_5518,2025-08-18 22:00:00,13297.088936390322,14789.320224978179,12043.372411235403
forecast_5519,2025-08-18 23:00:00,14302.116769751889,15557.380461237954,12618.381468664265
forecast_5520,2025-08-19 00:00:00,15002.569221527672,16167.707063121561,13288.984645264696
forecast_5521,2025-08-19 01:00:00,14581.152665658305,17099.14144128051,14092.517066558874
forecast_5522,2025-08-19 02:00:00,14218.879299996857,17685.07025581544,14317.021323792447
forecast_5523,2025-08-19 03:00:00,14133.666872610742,17271.648253227642,14548.272553738445
forecast_5524,2025-08-19 04:00:00,13746.36124430444,17335.98920941814,14786.963718586321
forecast_5525,2025-08-19 05:00:00,13793.628226682413,17665.532622339037,14776.44795647922
forecast_5526,2025-08-19 06:00:00,13953.265508354802,17609.72982424236,14550.80356781837
forecast_5527,2025-08-19 07:00:00,14250.166801962685,17707.58436893984,14676.744403270539
forecast_5528,2025-08-19 08:00:00,14646.99160818692,17902.97931752399,14687.812428147136
forecast_5529,2025-08-19 09:00:00,13757.439598290559,17282.615657210707,14537.533273834546
forecast_5530,2025-08-19 10:00:00,12386.434895150018,15833.350695816429,12552.323717544692
forecast_5531,2025-08-19 11:00:00,11459.94191689888,14831.359963648876,11991.652536180492
forecast_5532,2025-08-19 12:00:00,10915.970993527066,13626.375484026375,11673.076666678799
forecast_5533,2025-08-19 13:00:00,10534.526996715651,11719.032026988549,10785.709923327235
forecast_5534,2025-08-19 14:00:00,9571.664953396856,11057.337489218558,10081.648717257784
forecast_5535,2025-08-19 15:00:00,9174.621226353385,10280.249962450029,9834.386246702701
forecast_5536,2025-08-19 16:00:00,9458.063655198303,9861.734066811183,9889.049365424318
forecast_5537,2025-08-19 17:00:00,9577.996214575882,10489.70951598436,10119.279389163717
forecast_5538,2025-08-19 18:00:00,10091.515348713383,11728.208745088563,10688.780365746912
forecast_5539,2025-08-19 19:00:00,11248.017456531967,15249.493223380858,11709.021523283227
forecast_5540,2025-08-19 20:00:00,13045.262831028496,16575.000244783634,13210.841992778162
forecast_5541,2025-08-19 21:00:00,14589.509108614884,16858.891002669752,13468.20354277288
forecast_5542,2025-08-19 22:00:00,16076.921352352525,17813.399769900003,13816.146351425374
forecast_5543,2025-08-19 23:00:00,16865.34899864545,18470.55265499534,14731.090556602749
forecast_5544,2025-08-20 00:00:00,15605.065457523237,18208.316078696706,15857.800778610128
forecast_5545,2025-08-20 01:00:00,16470.24331283375,18345.115710748072,15738.953403289135
forecast_5546,2025-08-20 02:00:00,16248.265517702162,18232.598277162127,16102.755315824841
forecast_5547,2025-08-20 03:00:00,16298.855713213436,18266.31635406927,15934.97314791148
forecast_5548,2025-08-20 04:00:00,16131.680234776424,18271.256848960766,16071.444354769765
forecast_5549,2025-08-20 05:00:00,16311.434042571076,18268.572547690725,15715.761642152978
forecast_5550,2025-08-20 06:00:00,16777.215560871147,18317.453964605076,14737.835308093414
forecast_5551,2025-08-20 07:00:00,16715.540841021993,18226.948578158368,14452.481246326939
forecast_5552,2025-08-20 08:00:00,15251.867461098704,17481.345286231022,13021.64515866214
forecast_5553,2025-08-20 09:00:00,12251.571062947096,15842.32627818931,10861.510208351367
forecast_5554,2025-08-20 10:00:00,9043.063717775942,12696.63644146339,8976.285110755834
forecast_5555,2025-08-20 11:00:00,6738.024792387401,9455.975554099601,7742.607353017542
forecast_5556,2025-08-20 12:00:00,5605.8293769198735,6916.934303295513,6804.965309081251
forecast_5557,2025-08-20 13:00:00,4968.872410992775,5286.496181553995,6365.394436695652
forecast_5558,2025-08-20 14:00:00,4718.263779515696,4794.487293117625,6062.991304309631
forecast_5559,2025-08-20 15:00:00,4273.130048953778,4248.7439538109065,5889.162016788374
forecast_5560,2025-08-20 16:00:00,4258.4947529801975,3605.520957859336,6099.3522696054315
forecast_5561,2025-08-20 17:00:00,5032.740520831596,3629.2846557694666,6519.532956501018
forecast_5562,2025-08-20 18:00:00,5335.948737739924,4248.0609770198635,6661.778742477006
forecast_5563,2025-08-20 19:00:00,6016.636829403838,6142.403880736144,7022.689787749602
forecast_5564,2025-08-20 20:00:00,6883.281983805726,8547.364319470853,7184.139056461622
forecast_5565,2025-08-20 21:00:00,8170.125280605698,9863.80498971713,7440.31161893221
forecast_5566,2025-08-20 22:00:00,9550.449092183448,11577.03335574405,8764.568775109385
forecast_5567,2025-08-20 23:00:00,10811.691235459431,12682.737087679654,9401.453626903705
forecast_5568,2025-08-21 00:00:00,11313.19082474209,12927.956954958956,9958.668494190777
forecast_5569,2025-08-21 01:00:00,12232.471000207659,14457.287631051197,9735.254806648687
forecast_5570,2025-08-21 02:00:00,13567.90261833981,15459.294121638059,11010.654761511827
forecast_5571,2025-08-21 03:00:00,14386.106858599218,15912.584553591681,10995.367335577284
forecast_5572,2025-08-21 04:00:00,14899.907069192344,14892.167500600443,11424.683612400217
forecast_5573,2025-08-21 05:00:00,14515.485845470579,13799.171421377021,11431.311913318557
forecast_5574,2025-08-21 06:00:00,13031.803859985563,12197.124340810631,9866.144795343422
forecast_5575,2025-08-21 07:00:00,9118.017865939413,8307.11531657699,8083.700650930774
forecast_5576,2025-08-21 08:00:00,5947.6524491449445,5141.438819857908,6623.364170726714
forecast_5577,2025-08-21 09:00:00,4092.7358707743156,3065.3572440212683,4938.5315232181765
forecast_5578,2025-08-21 10:00:00,2517.165419772952,1900.7016513981987,4168.2900396970335
forecast_5579,2025-08-21 11:00:00,1968.227427800791,1536.7753229191658,3764.993024239271
forecast_5580,2025-08-21 12:00:00,1756.89022201949,1436.4553000745473,3389.0842826857647
forecast_5581,2025-08-21 13:00:00,1560.0200075660357,1306.8427719338047,3306.383261649451
forecast_5582,2025-08-21 14:00:00,1541.9493129313705,1223.8345652878718,3364.118077350946
forecast_5583,2025-08-21 15:00:00,1515.9629075683354,1272.7582430549605,3420.4001808557523
forecast_5584,2025-08-21 16:00:00,1560.3868750174477,1334.669566740683,3515.279315357568
forecast_5585,2025-08-21 17:00:00,1562.9029251769875,1300.9420809455855,3595.053973560693
forecast_5586,2025-08-21 18:00:00,1826.8945548230179,1362.955518342872,3646.988299732568
forecast_5587,2025-08-21 19:00:00,2151.9577368762943,1698.648158660509,3756.436784926302
forecast_5588,2025-08-21 20:00:00,2083.352393003315,1846.5936801488324,4000.9370911576525
forecast_5589,2025-08-21 21:00:00,2295.231264017894,2058.096981552568,4176.221204064786
forecast_5590,2025-08-21 22:00:00,2868.4531433245684,2383.978065562888,4494.311110547398
forecast_5591,2025-08-21 23:00:00,3259.9703911766483,2833.5815995322687,4721.361608790449
forecast_5592,2025-08-22 00:00:00,3426.3347357515077,3000.797960114903,5009.876647207758
forecast_5593,2025-08-22 01:00:00,3629.139092776846,3349.7384870995875,5256.268706293362
forecast_5594,2025-08-22 02:00:00,4245.992522441618,4070.484115815875,5638.879007713162
forecast_5595,2025-08-22 03:00:00,5033.863565486582,5121.82673276966,6292.106636635266
forecast_5596,2025-08-22 04:00:00,7044.254746229732,6938.479132762872,6962.186647139908
forecast_5597,2025-08-22 05:00:00,7893.053692236471,8566.39219279994,7615.393102880735
forecast_5598,2025-08-22 06:00:00,8988.456479278257,9873.82490197665,8212.636127454958
forecast_5599,2025-08-22 07:00:00,10513.926188366957,10465.274426487038,8232.428126344252
forecast_5600,2025-08-22 08:00:00,9475.701502528444,9457.236100015802,7575.57118884387
forecast_5601,2025-08-22 09:00:00,7741.554473293016,7036.955714134182,6802.5134280901875
forecast_5602,2025-08-22 10:00:00,5444.24740225793,4696.653571944313,5707.3216767473805
forecast_5603,2025-08-22 11:00:00,3529.6004510946455,3026.4934581224397,4858.13249871185
forecast_5604,2025-08-22 12:00:00,2724.629112799379,2408.888270983399,4404.408395489083
forecast_5605,2025-08-22 13:00:00,2756.329215862991,2174.285881665222,4382.808681555701
forecast_5606,2025-08-22 14:00:00,3019.3082420199066,2318.4324099775095,4700.330277312869
forecast_5607,2025-08-22 15:00:00,3203.3747712095574,2649.921162867423,5196.2019607673665
forecast_5608,2025-08-22 16:00:00,3714.5692186019855,2938.948205080872,5825.104617818401
forecast_5609,2025-08-22 17:00:00,4491.710948875179,3630.5599733680924,6312.437450942696
forecast_5610,2025-08-22 18:00:00,5724.5775487300325,4879.280573941999,6722.774244389097
forecast_5611,2025-08-22 19:00:00,7976.788781840736,8050.6469494605235,7590.38475761249
forecast_5612,2025-08-22 20:00:00,9665.045445157271,10831.994312113386,8534.843103923147
forecast_5613,2025-08-22 21:00:00,12235.983310938127,13444.174861787846,9362.24238850606
forecast_5614,2025-08-22 22:00:00,15766.921339422965,15017.040906366043,10713.844304857728
forecast_5615,2025-08-22 23:00:00,16703.904680157153,15595.493043780712,11574.375470960586
forecast_5616,2025-08-23 00:00:00,16045.653124413042,15399.423909900986,11935.852427608474
forecast_5617,2025-08-23 01:00:00,15226.550204818617,14952.813685779569,11876.99580030052
forecast_5618,2025-08-23 02:00:00,15264.344046623479,14535.490742833998,11987.8081462527
forecast_5619,2025-08-23 03:00:00,15702.830810918142,13889.60846212391,11612.509078623607
forecast_5620,2025-08-23 04:00:00,14717.898560061665,12934.79738427147,11028.67794834165
forecast_5621,2025-08-23 05:00:00,14804.798089216381,12220.415459716145,9975.938464510496
forecast_5622,2025-08-23 06:00:00,12984.703946811183,11165.281327421206,8863.005532653631
forecast_5623,2025-08-23 07:00:00,9438.99740746163,7146.547416513703,7669.7941529120035
forecast_5624,2025-08-23 08:00:00,6278.69461883519,3915.554871179214,5842.885958052009
forecast_5625,2025-08-23 09:00:00,3785.0348974552226,2107.8029170523996,4523.384070312089
forecast_5626,2025-08-23 10:00:00,2175.1258505251003,1592.020173272876,3716.9561172008275
forecast_5627,2025-08-23 11:00:00,1712.9141833434996,1400.7059081419916,3369.4179051267324
forecast_5628,2025-08-23 12:00:00,1494.6790829412794,1304.76833314073,3207.658709888818
forecast_5629,2025-08-23 13:00:00,1406.037736845914,1311.100406140898,3111.229998951318
forecast_5630,2025-08-23 14:00:00,1515.5405444631015,1304.3678621955855,3177.542498951318
forecast_5631,2025-08-23 15:00:00,1531.2804460488428,1431.1137118049605,3220.715594654443
forecast_5632,2025-08-23 16:00:00,1728.1283721746436,1400.9068120039249,3370.614032154443
forecast_5633,2025-08-23 17:00:00,1859.2111971943946,1552.82965522719,3618.957538013818
forecast_5634,2025-08-23 18:00:00,2288.298298744324,1813.8920524132163,3651.9860513903354
forecast_5635,2025-08-23 19:00:00,2359.0320138269158,2104.450779257966,3853.6109328006
forecast_5636,2025-08-23 20:00:00,2430.6777889173054,2166.445033117639,4100.786493415252
forecast_5637,2025-08-23 21:00:00,2761.636266735507,2365.4899255909863,4380.770121082903
forecast_5638,2025-08-23 22:00:00,3479.8047267220654,3036.4652090944246,4782.901862136692
forecast_5639,2025-08-23 23:00:00,4108.532961253059,3410.5391163470763,5089.289592683661
forecast_5640,2025-08-24 00:00:00,4125.66989588116,3323.5675603945047,5166.007721481372
forecast_5641,2025-08-24 01:00:00,3775.209173118762,2963.7267594580544,4722.167338650305
forecast_5642,2025-08-24 02:00:00,3480.0270551655094,2591.6098957471395,4597.016506861874
forecast_5643,2025-08-24 03:00:00,3314.314815877612,2455.0890924126497,4446.923215284605
forecast_5644,2025-08-24 04:00:00,2896.386001748807,2243.444469044006,4209.843908254345
forecast_5645,2025-08-24 05:00:00,2580.157877665849,2020.4204301759776,4079.7607655171482
forecast_5646,2025-08-24 06:00:00,2317.5010025659763,1879.6163904677753,3985.1373815390352
forecast_5647,2025-08-24 07:00:00,2215.7757659918334,1780.6851603993719,3722.166121705281
forecast_5648,2025-08-24 08:00:00,2006.6636189095116,1620.710544960708,3474.1578637665843
forecast_5649,2025-08-24 09:00:00,1863.2728781731946,1454.2711862944213,3251.173846607568
forecast_5650,2025-08-24 10:00:00,1555.4879577883003,1295.341861219023,3149.231952076318
forecast_5651,2025-08-24 11:00:00,1503.1389276627542,1251.161441297148,3139.001971607568
forecast_5652,2025-08-24 12:00:00,1589.8839455873651,1227.0210160053628,3167.064227466943
forecast_5653,2025-08-24 13:00:00,1503.9010016897068,1245.4511835440674,3392.622077640286
forecast_5654,2025-08-24 14:00:00,1628.3623660243297,1347.5465228670034,3301.511640788628
forecast_5655,2025-08-24 15:00:00,1712.9740000824427,1847.8362712358107,3503.9205327648274
forecast_5656,2025-08-24 16:00:00,1875.90461775025,2128.4662430138,3952.750901399854
forecast_5657,2025-08-24 17:00:00,2110.6312517873903,2080.661487007943,4123.72788884452
forecast_5658,2025-08-24 18:00:00,2434.9496773368483,2100.8344985107574,4157.392792883836
forecast_5659,2025-08-24 19:00:00,2744.9158337706117,2330.271814166712,4261.813799967514
forecast_5660,2025-08-24 20:00:00,2777.9830131167146,2354.0049895383345,4455.250725744796
forecast_5661,2025-08-24 21:00:00,2957.6187962286976,2397.181884327011,4310.875015061419
forecast_5662,2025-08-24 22:00:00,3177.722198130068,2344.978449822952,4355.7435919790305
forecast_5663,2025-08-24 23:00:00,3161.0462279732196,2567.679542470678,4428.354546917748
forecast_5664,2025-08-25 00:00:00,3086.508061647674,2801.608702753871,4409.482799018742
forecast_5665,2025-08-25 01:00:00,3198.045466249348,3063.721909708435,4507.72672160769
forecast_5666,2025-08-25 02:00:00,3608.6417718166813,3354.897643879892,4568.92494146633
forecast_5667,2025-08-25 03:00:00,4017.772099319392,3437.4138306056516,4817.821226170936
forecast_5668,2025-08-25 04:00:00,4155.240560724309,3440.0268930863,4969.4161316007485
forecast_5669,2025-08-25 05:00:00,4508.181537906127,3487.149862965955,5055.473827934563
forecast_5670,2025-08-25 06:00:00,5619.808833945752,3625.662820097654,4990.337446717107
forecast_5671,2025-08-25 07:00:00,5182.520933600931,3134.8470167774367,4813.687516117245
forecast_5672,2025-08-25 08:00:00,3826.3706314505985,2216.1914886410623,4259.994432972348
forecast_5673,2025-08-25 09:00:00,2658.394724341264,1752.6186602189737,3826.961902294568
forecast_5674,2025-08-25 10:00:00,1992.9726396549454,1616.9412396272703,3597.8190023062352
forecast_5675,2025-08-25 11:00:00,1823.186935816068,1694.7731864520138,3564.988960641648
forecast_5676,2025-08-25 12:00:00,1723.8859758050967,2362.252650197905,3696.6311720375907
forecast_5677,2025-08-25 13:00:00,1917.63465731224,2207.063383487551,3879.899957024868
forecast_5678,2025-08-25 14:00:00,2175.091253026678,2370.208651497905,3858.925289516521
forecast_5679,2025-08-25 15:00:00,2599.6580941514417,2969.4194853871245,4370.900866713258
forecast_5680,2025-08-25 16:00:00,2847.4180947562577,3037.1099309981996,4866.319402875464
forecast_5681,2025-08-25 17:00:00,3647.7022444004597,4452.461468459676,5197.534431198809
forecast_5682,2025-08-25 18:00:00,5077.536604896179,5452.790127198632,6132.943041874005
forecast_5683,2025-08-25 19:00:00,7525.527198346512,8673.451491507461,7681.7998497874605
forecast_5684,2025-08-25 20:00:00,9645.927451845515,11815.360969715024,8427.804657062603
forecast_5685,2025-08-25 21:00:00,11704.816244189005,13901.667362363289,9605.252228950274
forecast_5686,2025-08-25 22:00:00,12841.812225924905,14717.824937275494,10480.787586860688
forecast_5687,2025-08-25 23:00:00,13287.544466911204,14604.631919067331,11419.5563851633
forecast_5688,2025-08-26 00:00:00,12931.87907390294,15291.986019947552,11448.41114541361
forecast_5689,2025-08-26 01:00:00,12719.949509600345,15851.41997203829,12311.126792499817
forecast_5690,2025-08-26 02:00:00,12838.306217448266,15688.607058738802,12487.552096756837
forecast_5691,2025-08-26 03:00:00,12953.064021325295,15449.38098848838,12783.168561032711
forecast_5692,2025-08-26 04:00:00,13350.84397962753,15786.415244884303,13083.629715249288
forecast_5693,2025-08-26 05:00:00,13911.868578734071,16855.646730600118,13209.393439199219
forecast_5694,2025-08-26 06:00:00,13621.329864922443,17086.901583313156,13588.051603741758
forecast_5695,2025-08-26 07:00:00,13287.012690231131,16460.706377629096,13268.928975190003
forecast_5696,2025-08-26 08:00:00,11225.13099340524,15059.679771855423,13255.5739939456
forecast_5697,2025-08-26 09:00:00,11049.570556020502,13258.680399284945,12897.381625877097
forecast_5698,2025-08-26 10:00:00,11020.767897470367,10670.300483120294,12152.560018931694
forecast_5699,2025-08-26 11:00:00,9672.448712448222,10734.222607222056,12476.029958235258
forecast_5700,2025-08-26 12:00:00,9083.555905670435,11855.779846582576,12486.32150946221
forecast_5701,2025-08-26 13:00:00,8914.853020409573,12055.709979519741,12454.385937747975
forecast_5702,2025-08-26 14:00:00,10033.499940217263,11475.448532716187,12463.084301631916
forecast_5703,2025-08-26 15:00:00,10000.279992188083,12325.832427447509,12731.784239301123
forecast_5704,2025-08-26 16:00:00,10645.430134212478,13402.968939964288,12152.784284559111
forecast_5705,2025-08-26 17:00:00,9585.631318549751,11669.918925417358,11901.293555022727
forecast_5706,2025-08-26 18:00:00,9821.660577493712,10297.209960341941,11341.790694639814
forecast_5707,2025-08-26 19:00:00,9576.34716689273,10166.577481225673,10353.659253319374
forecast_5708,2025-08-26 20:00:00,9180.235548248282,9445.326986063123,9660.705988269567
forecast_5709,2025-08-26 21:00:00,10100.972961277217,9816.889843444229,9671.625926730792
forecast_5710,2025-08-26 22:00:00,11069.350834102754,11061.957044929866,9885.100635844112
forecast_5711,2025-08-26 23:00:00,11373.214404052515,11578.066830979042,9314.90088408851
forecast_5712,2025-08-27 00:00:00,9959.643735483114,10561.928297110944,8850.05988659815
forecast_5713,2025-08-27 01:00:00,9869.341133338916,9352.23085501188,8533.140193573323
forecast_5714,2025-08-27 02:00:00,7844.087056727505,7440.145433559267,7884.116571864591
forecast_5715,2025-08-27 03:00:00,5951.0752638646045,5572.30157980237,6746.3717277074265
forecast_5716,2025-08-27 04:00:00,4760.983331374995,3950.907834850825,5730.6064412899495
forecast_5717,2025-08-27 05:00:00,3251.9881176379618,2780.7540160961444,4742.231134875425
forecast_5718,2025-08-27 06:00:00,2446.0781406246633,2224.4979762550065,4237.979485660073
forecast_5719,2025-08-27 07:00:00,2098.7050448833484,1905.1014797612008,3930.7764185588094
forecast_5720,2025-08-27 08:00:00,1941.6266648104188,1815.4675314233052,3640.239764576318
forecast_5721,2025-08-27 09:00:00,1756.380717847734,1712.488190189972,3395.404315357568
forecast_5722,2025-08-27 10:00:00,1554.6698103387537,1718.3594836097332,3351.216327076318
forecast_5723,2025-08-27 11:00:00,1576.3051100272253,1627.7276742951226,3351.3161287707458
forecast_5724,2025-08-27 12:00:00,1624.429816144361,1574.1158825817536,3390.855480971093
forecast_5725,2025-08-27 13:00:00,1684.2821995334639,1588.0569138997728,3539.5940078493486
forecast_5726,2025-08-27 14:00:00,1795.228705541683,1720.6843420357409,3551.0183730634308
forecast_5727,2025-08-27 15:00:00,1934.5542312141606,1871.9910345835233,3587.8312202683614
forecast_5728,2025-08-27 16:00:00,2010.838708421944,1758.5692756964695,3690.1424010944406
forecast_5729,2025-08-27 17:00:00,2032.497483925008,1946.4813339079417,3721.3747443880184
forecast_5730,2025-08-27 18:00:00,2075.9603806122145,1815.4950039232415,3698.595667775179
forecast_5731,2025-08-27 19:00:00,2216.128144730028,2039.630536696333,3735.9566153099004
forecast_5732,2025-08-27 20:00:00,2385.945312220729,1947.6170790505118,3709.9881888439936
forecast_5733,2025-08-27 21:00:00,2400.602638232187,1822.807115778234,3688.474225904247
forecast_5734,2025-08-27 22:00:00,2610.301831374725,1878.5274760938426,3742.7625008367045
forecast_5735,2025-08-27 23:00:00,2895.7481758468,2165.305322949526,3792.096983015996
forecast_5736,2025-08-28 00:00:00,2866.163996127963,2271.1137822898304,3884.861089374231
forecast_5737,2025-08-28 01:00:00,3219.0947675326934,2408.878165748019,3957.6929584555674
forecast_5738,2025-08-28 02:00:00,3266.4243963497374,2527.5068429625785,4135.3946910199475
forecast_5739,2025-08-28 03:00:00,3377.6573443774837,2672.752047801543,4374.608517764786
forecast_5740,2025-08-28 04:00:00,3796.383167755527,3124.933083314435,4551.205624197417
forecast_5741,2025-08-28 05:00:00,4294.538017058219,3386.0144464254254,4797.266855548904
forecast_5742,2025-08-28 06:00:00,4483.9540809192895,3639.6063262698926,4733.687735290837
forecast_5743,2025-08-28 07:00:00,4024.590404034191,3481.8458153053584,4310.865718302161
forecast_5744,2025-08-28 08:00:00,3798.3006870553463,3163.5647441095307,3996.139740573859
forecast_5745,2025-08-28 09:00:00,3248.942227023866,2928.037085065053,4049.0274422044413
forecast_5746,2025-08-28 10:00:00,2654.2569908780006,2558.8165741910966,3794.5908995056266
forecast_5747,2025-08-28 11:00:00,2503.2789000993766,2394.804326192234,3707.8418880889267
forecast_5748,2025-08-28 12:00:00,2627.9385986227066,2688.0124117078944,3784.313550823884
forecast_5749,2025-08-28 13:00:00,2705.459337986231,2810.6107012174434,4232.438019612576
forecast_5750,2025-08-28 14:00:00,3255.384905385718,3228.914800035847,4620.791710045509
forecast_5751,2025-08-28 15:00:00,3964.7669445800684,3652.166821288508,4911.455975738836
forecast_5752,2025-08-28 16:00:00,4327.472307833407,3862.779421828378,5425.0381516533425
forecast_5753,2025-08-28 17:00:00,4922.979910137166,4069.4117250842132,5907.690439661912
forecast_5754,2025-08-28 18:00:00,5528.99793220727,5046.246125919556,6390.608127516582
forecast_5755,2025-08-28 19:00:00,6664.404771697353,7757.354082980195,7202.983915408722
forecast_5756,2025-08-28 20:00:00,7565.523305489589,10842.590509456719,7909.0245762426985
forecast_5757,2025-08-28 21:00:00,9583.290232689207,14310.574185838039,9130.049884296814
forecast_5758,2025-08-28 22:00:00,13002.17584319955,15958.215369046287,11138.079029081007
forecast_5759,2025-08-28 23:00:00,14490.6679557474,17001.380610062024,12058.677879985804
forecast_5760,2025-08-29 00:00:00,14599.37349181142,18027.216861394747,13727.862742283365
forecast_5761,2025-08-29 01:00:00,14171.042048895604,17557.934494065976,14438.933185847472
forecast_5762,2025-08-29 02:00:00,15397.272024814923,17444.00522409193,14943.30462458498
forecast_5763,2025-08-29 03:00:00,14968.954643431764,17587.22464488729,15668.398999581983
forecast_5764,2025-08-29 04:00:00,15367.798205172507,18053.757276861976,16164.342553728991
forecast_5765,2025-08-29 05:00:00,15451.266666051453,18204.343863173548,16551.4694419251
forecast_5766,2025-08-29 06:00:00,16055.27999518447,18302.062052127003,16645.0354433622
forecast_5767,2025-08-29 07:00:00,15859.130214281397,18149.122889369137,16507.269356968245
forecast_5768,2025-08-29 08:00:00,15669.525894027927,17948.90017189282,16190.436525931435
forecast_5769,2025-08-29 09:00:00,15388.46644599135,17836.14835437384,15469.042892566922
forecast_5770,2025-08-29 10:00:00,15749.89767971359,17139.805727100178,13757.61421616741
forecast_5771,2025-08-29 11:00:00,13968.337199912738,15296.795867509041,12913.819937707674
forecast_5772,2025-08-29 12:00:00,12777.092266000212,13861.012734191469,12221.69758900187
forecast_5773,2025-08-29 13:00:00,12307.438694307484,12368.061996569917,11762.624790453476
forecast_5774,2025-08-29 14:00:00,11769.33784835833,11596.732623050802,10868.328496855804
forecast_5775,2025-08-29 15:00:00,10503.907230883917,10350.466900610661,10268.949618208737
forecast_5776,2025-08-29 16:00:00,9662.148083961318,10183.978567567257,10099.166503914767
forecast_5777,2025-08-29 17:00:00,9020.967557759472,10127.621398098221,10298.167981738088
forecast_5778,2025-08-29 18:00:00,10072.566153711326,11768.395423242262,10300.558967930167
forecast_5779,2025-08-29 19:00:00,11955.518042917964,14075.118762920983,10906.631951943105
forecast_5780,2025-08-29 20:00:00,13809.527359060263,15356.952666055771,11939.183636381673
forecast_5781,2025-08-29 21:00:00,14519.334383030435,16187.347718283927,12281.510355724025
forecast_5782,2025-08-29 22:00:00,15993.417649635423,16327.374615140172,12723.747129974705
forecast_5783,2025-08-29 23:00:00,16392.216915205943,16674.42519591817,12683.571688937533
forecast_5784,2025-08-30 00:00:00,15134.796146597777,16608.73623992313,12086.18205440474
forecast_5785,2025-08-30 01:00:00,14791.053594597066,15277.729027116535,11930.446314518453
forecast_5786,2025-08-30 02:00:00,14825.494816240953,14649.050335097403,11210.39340875497
forecast_5787,2025-08-30 03:00:00,14348.182197317492,13860.317467869514,10109.794694505703
forecast_5788,2025-08-30 04:00:00,13991.193651604037,14403.355293144403,9666.210477392691
forecast_5789,2025-08-30 05:00:00,12564.434999186637,13615.008998160576,9037.979854165018
forecast_5790,2025-08-30 06:00:00,11946.930186278481,12319.054472361628,8694.927605268736
forecast_5791,2025-08-30 07:00:00,11083.801422381275,11178.075667182919,7999.5984402617505
forecast_5792,2025-08-30 08:00:00,8682.58408229944,8644.01764753514,7253.784006574447
forecast_5793,2025-08-30 09:00:00,6326.606101805264,6081.032712110327,6140.152811522388
forecast_5794,2025-08-30 10:00:00,4211.499852184494,3746.9625668283425,4896.841610190286
forecast_5795,2025-08-30 11:00:00,2977.8033531776127,2680.273308827974,4345.761799756793
forecast_5796,2025-08-30 12:00:00,2599.5396803803824,2093.820059961194,4022.2076246722195
forecast_5797,2025-08-30 13:00:00,2363.6405371345763,1871.194568575339,4026.918898808353
forecast_5798,2025-08-30 14:00:00,2354.114928636072,1919.1676076226163,3923.3962256474892
forecast_5799,2025-08-30 15:00:00,2659.656878200169,2208.722414498873,4208.125657149069
forecast_5800,2025-08-30 16:00:00,2873.218287651534,2045.2849897474707,4403.876956522935
forecast_5801,2025-08-30 17:00:00,3102.238276699819,2194.4256172803534,4370.89982946111
forecast_5802,2025-08-30 18:00:00,3690.587869198022,2736.460558961243,4741.995114871551
forecast_5803,2025-08-30 19:00:00,4284.591336491398,3385.5696125556383,5030.076510443352
forecast_5804,2025-08-30 20:00:00,4737.52031502697,4142.333642516353,5340.081030161609
forecast_5805,2025-08-30 21:00:00,5422.868013458551,4561.803236807795,5529.164231500087
forecast_5806,2025-08-30 22:00:00,5999.9281879375085,5407.783179864172,5858.226827822188
forecast_5807,2025-08-30 23:00:00,6443.6680401011245,6458.436171695072,6082.369417811549
forecast_5808,2025-08-31 00:00:00,6838.2786151989985,7183.575406010807,6120.372533208758
forecast_5809,2025-08-31 01:00:00,7066.614906603865,6968.980375686257,6145.260857011386
forecast_5810,2025-08-31 02:00:00,7269.919079136043,7512.862213945626,6312.618252596566
forecast_5811,2025-08-31 03:00:00,7360.182738890491,7894.149031260075,6191.400968320797
forecast_5812,2025-08-31 04:00:00,6674.631392503347,7079.666605364073,5820.689788192906
forecast_5813,2025-08-31 05:00:00,5924.196063170151,5967.574915354979,5282.72909186191
forecast_5814,2025-08-31 06:00:00,4512.766451276544,4589.513209318284,4812.555454924877
forecast_5815,2025-08-31 07:00:00,4066.6857939421975,3699.7263547427256,4130.5808607013505
forecast_5816,2025-08-31 08:00:00,3402.8888132998322,3003.7457481320316,3723.403048904925
forecast_5817,2025-08-31 09:00:00,2470.297719593227,2197.5207565408296,3460.3001753572476
forecast_5818,2025-08-31 10:00:00,1944.5625870883314,1783.3689499571897,3340.534298344006
forecast_5819,2025-08-31 11:00:00,1856.2109246667728,1955.7197691846186,3425.4877622081563
forecast_5820,2025-08-31 12:00:00,2011.6888451895716,2369.765208013362,3574.7770754409416
forecast_5821,2025-08-31 13:00:00,2195.3465909701445,2772.948278979426,3812.0807153733767
forecast_5822,2025-08-31 14:00:00,2576.884910757149,3316.2676743056036,4415.337680409415
forecast_5823,2025-08-31 15:00:00,3069.264480676477,3695.6709692283375,4929.9353873331165
forecast_5824,2025-08-31 16:00:00,3749.222363920756,3983.506369530869,5731.0377164735955
forecast_5825,2025-08-31 17:00:00,4566.976839159181,4393.115074249643,6312.099745507764
forecast_5826,2025-08-31 18:00:00,5098.851475048454,5371.581425444112,6722.873395407623
forecast_5827,2025-08-31 19:00:00,6109.487985756161,6090.41717665087,7304.09174957166
forecast_5828,2025-08-31 20:00:00,7359.422519035084,8085.959016702921,7461.895693839931
forecast_5829,2025-08-31 21:00:00,8099.924408985755,10266.287722752035,7977.034830611115
forecast_5830,2025-08-31 22:00:00,10011.245232880852,12167.803474401142,8603.179527975091
forecast_5831,2025-08-31 23:00:00,10728.588488432182,12951.745778924185,8884.394598531775
forecast_5832,2025-09-01 00:00:00,10710.414193995195,14024.027639236565,9139.930374930118
forecast_5833,2025-09-01 01:00:00,11448.017053556026,15082.507651958418,9694.041697103443
forecast_5834,2025-09-01 02:00:00,11805.130250662378,15861.010531071712,10261.736847448938
forecast_5835,2025-09-01 03:00:00,10941.724658777892,15230.24899302985,10969.841845279803
forecast_5836,2025-09-01 04:00:00,11432.243501568131,15216.939049805265,11529.078275546217
forecast_5837,2025-09-01 05:00:00,11864.239388536109,15179.872411626638,11701.169363753263
forecast_5838,2025-09-01 06:00:00,11885.829124177219,15304.843832984556,11336.091914295152
forecast_5839,2025-09-01 07:00:00,10010.112333405026,13300.814102993418,10465.26373492685
forecast_5840,2025-09-01 08:00:00,9038.968573077287,12132.700770689185,9784.934670768624
forecast_5841,2025-09-01 09:00:00,7766.58017672763,10251.98916671039,9017.090114136387
forecast_5842,2025-09-01 10:00:00,6547.726630278485,9942.310831237744,8514.362109108255
forecast_5843,2025-09-01 11:00:00,5953.955774411717,8712.829236826816,7917.822386079863
forecast_5844,2025-09-01 12:00:00,5360.275012499234,7433.667056763924,7684.506329886479
forecast_5845,2025-09-01 13:00:00,5461.40537004747,7374.552799964077,7833.889923608351
forecast_5846,2025-09-01 14:00:00,5711.803315119067,7745.930174629619,7404.017493972287
forecast_5847,2025-09-01 15:00:00,5702.131458514592,7510.884231278469,7487.607487039007
forecast_5848,2025-09-01 16:00:00,6657.053717914017,7596.2125342846,7938.741869396405
forecast_5849,2025-09-01 17:00:00,6746.786444939936,6624.965456413587,7867.309820024932
forecast_5850,2025-09-01 18:00:00,6371.134067252351,5817.505014125887,7638.263278795689
forecast_5851,2025-09-01 19:00:00,6208.747808821941,6192.1629458890775,7386.036100288561
forecast_5852,2025-09-01 20:00:00,6439.0245251777715,7273.6505933035005,7433.608643876854
forecast_5853,2025-09-01 21:00:00,6961.556206044384,8502.924227069087,7436.948233740886
forecast_5854,2025-09-01 22:00:00,8139.005860925332,9515.675069825407,7586.120879105753
forecast_5855,2025-09-01 23:00:00,9236.180986346882,11393.025235663157,8279.093448168758
forecast_5856,2025-09-02 00:00:00,9359.345492686662,10714.782712938868,8572.028091904442
forecast_5857,2025-09-02 01:00:00,8530.29713285958,10198.312511050826,9369.012143243664
forecast_5858,2025-09-02 02:00:00,8993.750379214456,10988.090228934196,9383.320438741332
forecast_5859,2025-09-02 03:00:00,8394.568358416795,9809.251596382499,9028.609492002277
forecast_5860,2025-09-02 04:00:00,8462.571998668222,10188.744825035146,8862.419038785596
forecast_5861,2025-09-02 05:00:00,8460.826405848442,10101.17321069696,8293.86090157171
forecast_5862,2025-09-02 06:00:00,7692.712976635736,9463.425944082463,7841.777726080019
forecast_5863,2025-09-02 07:00:00,6348.039925975041,8559.80575038118,7320.860167233396
forecast_5864,2025-09-02 08:00:00,4988.289926865301,7344.647656369832,6026.6182476488275
forecast_5865,2025-09-02 09:00:00,4252.956787894911,4151.685054499698,5038.003904853226
forecast_5866,2025-09-02 10:00:00,3667.2511553110153,2809.652834702064,4503.320982631823
forecast_5867,2025-09-02 11:00:00,3047.292644119863,2601.873181163628,4474.31680810563
forecast_5868,2025-09-02 12:00:00,2592.628958678037,2291.029405907894,4049.660812229183
forecast_5869,2025-09-02 13:00:00,2351.544775213904,2020.8473763223976,3708.755950086005
forecast_5870,2025-09-02 14:00:00,2099.6408824946634,1617.0386815779163,3522.500475636251
forecast_5871,2025-09-02 15:00:00,1946.422224590227,1591.6895363172428,3474.917743091943
forecast_5872,2025-09-02 16:00:00,1974.1806387617878,1585.456103319437,3548.373309498193
forecast_5873,2025-09-02 17:00:00,1985.754747153643,1586.0871340116485,3413.012957935693
forecast_5874,2025-09-02 18:00:00,1941.420323797306,1540.8502389539292,3388.011981373193
forecast_5875,2025-09-02 19:00:00,2054.1140476169276,1458.5776127001816,3397.103778248193
forecast_5876,2025-09-02 20:00:00,2091.52096783136,1719.4487664180995,3470.832049732568
forecast_5877,2025-09-02 21:00:00,2135.320086546113,1813.7453019857323,3658.058123951318
forecast_5878,2025-09-02 22:00:00,2299.694155622793,1934.100827837654,3726.704852466943
forecast_5879,2025-09-02 23:00:00,2286.745713492452,1957.0413561521627,3739.222430591943
forecast_5880,2025-09-03 00:00:00,2173.8631417353768,1964.562696237677,3745.958026295068
forecast_5881,2025-09-03 01:00:00,2021.9401053966144,1783.3755907921552,3764.6341118955047
forecast_5882,2025-09-03 02:00:00,1916.305571879626,1943.6284204831825,3766.3540271228458
forecast_5883,2025-09-03 03:00:00,1879.1769628784843,1887.4485446043143,3759.3498693479232
forecast_5884,2025-09-03 04:00:00,1845.686985254012,1900.6754807177458,3888.6709442521314
forecast_5885,2025-09-03 05:00:00,2062.467203687999,1982.0563370811874,3791.379448832737
forecast_5886,2025-09-03 06:00:00,2094.3792175665435,2037.2729019684696,3761.414080982568
forecast_5887,2025-09-03 07:00:00,2093.945625802988,1841.829160123455,3634.472430591943
forecast_5888,2025-09-03 08:00:00,2027.4822854817876,1694.7168117379565,3484.366473560693
forecast_5889,2025-09-03 09:00:00,1920.4845240739626,1513.1760743522627,3426.907977466943
forecast_5890,2025-09-03 10:00:00,1714.0752387417365,1515.2835202564643,3410.529384446811
forecast_5891,2025-09-03 11:00:00,1791.843048457991,1619.0919485562617,3423.907606474328
forecast_5892,2025-09-03 12:00:00,1782.2518463528877,1591.9690491973554,3489.0225739230114
forecast_5893,2025-09-03 13:00:00,1860.1781675662896,1672.1797613048138,3464.9751983108954
forecast_5894,2025-09-03 14:00:00,1866.388074074824,1818.483840632578,3401.2729612387056
forecast_5895,2025-09-03 15:00:00,1882.9952177001812,1801.399152472236,3443.0972445397692
forecast_5896,2025-09-03 16:00:00,1985.8774757956835,1584.8729202470333,3457.7701021902867
forecast_5897,2025-09-03 17:00:00,1981.2729107343562,1536.8066343458238,3511.256505085321
forecast_5898,2025-09-03 18:00:00,2002.3827771903157,1511.4806752433708,3514.6312672061713
forecast_5899,2025-09-03 19:00:00,2135.9964104115234,1508.4980885355913,3502.098651295068
forecast_5900,2025-09-03 20:00:00,2180.436548075413,1700.0093637034372,3533.347674732568
forecast_5901,2025-09-03 21:00:00,2216.5424120210923,1815.1706174800258,3463.573260670068
forecast_5902,2025-09-03 22:00:00,2298.890315227887,1603.75673395432,3473.4379549426208
forecast_5903,2025-09-03 23:00:00,2377.8821922910183,1662.9662386134544,3488.274300435452
forecast_5904,2025-09-04 00:00:00,2338.5798759862564,1664.4844940768658,3538.930656248671
forecast_5905,2025-09-04 01:00:00,2482.0906441578036,1823.6112242654572,3539.3260880962794
forecast_5906,2025-09-04 02:00:00,2569.4185773672743,2030.6523328287815,3527.848752773973
forecast_5907,2025-09-04 03:00:00,2573.403485737861,1826.590164882185,3544.4284350438556
forecast_5908,2025-09-04 04:00:00,2499.917426810044,1873.4159281848636,3552.7802416844806
forecast_5909,2025-09-04 05:00:00,2591.66891738874,1925.7694003392814,3645.8321287584463
forecast_5910,2025-09-04 06:00:00,2747.261466265397,2182.7201939514343,3667.3719301568094
forecast_5911,2025-09-04 07:00:00,2797.0881059450385,2619.370112005362,3716.4050763198306
forecast_5912,2025-09-04 08:00:00,2563.9733560246373,2543.6368740086305,3702.817379141435
forecast_5913,2025-09-04 09:00:00,2355.691901465148,2540.6701065635016,3728.796094963022
forecast_5914,2025-09-04 10:00:00,2055.8158061985964,2268.676814883936,3804.40443653581
forecast_5915,2025-09-04 11:00:00,2023.130706842516,2214.3898962718276,3904.0374654458665
forecast_5916,2025-09-04 12:00:00,2039.7175710597203,2291.358774394279,3999.759301660372
forecast_5917,2025-09-04 13:00:00,2098.6597397308847,2378.32117892772,4070.547599241606
forecast_5918,2025-09-04 14:00:00,2219.4994531769826,2448.333528215964,4069.752437996763
forecast_5919,2025-09-04 15:00:00,2390.0533936666898,2727.2107782511907,4114.764642283196
forecast_5920,2025-09-04 16:00:00,2536.9184426322577,2711.1259261022165,4291.627440202278
forecast_5921,2025-09-04 17:00:00,2680.2777867177865,2671.8322927059676,4310.111576577339
forecast_5922,2025-09-04 18:00:00,2814.0471223918157,2681.2199012001743,4284.633950614243
forecast_5923,2025-09-04 19:00:00,2784.128834586756,2655.2124252209833,4318.028929290115
forecast_5924,2025-09-04 20:00:00,2780.0366237978833,2864.2147753178806,4363.779437416901
forecast_5925,2025-09-04 21:00:00,2875.471488879014,3060.050911032974,4360.069864197826
forecast_5926,2025-09-04 22:00:00,3068.51328116257,3349.815641533259,4329.363649375151
forecast_5927,2025-09-04 23:00:00,2891.8540414797408,3079.038609889977,4287.721156277903
forecast_5928,2025-09-05 00:00:00,2768.9877896709218,2639.097146162999,4295.666870438169
forecast_5929,2025-09-05 01:00:00,3145.73437319199,2584.7918339930948,4142.682128398143
forecast_5930,2025-09-05 02:00:00,3056.4148692208555,2477.797310429849,4197.361786501084
forecast_5931,2025-09-05 03:00:00,3063.10040225855,2404.0306614738683,4177.236170365044
forecast_5932,2025-09-05 04:00:00,3288.283102106871,2638.502454011007,4136.006260467411
forecast_5933,2025-09-05 05:00:00,3479.757228832595,2884.6059707721333,4204.865927983112
forecast_5934,2025-09-05 06:00:00,3489.1948609073243,3110.752606695159,4180.422079097284
forecast_5935,2025-09-05 07:00:00,3303.5868018298875,2933.9316754576885,4115.38403165472
forecast_5936,2025-09-05 08:00:00,2791.255316790791,2524.0338535497463,4052.689853478434
forecast_5937,2025-09-05 09:00:00,2322.7982822644894,1919.4371577641764,3796.8327196538517
forecast_5938,2025-09-05 10:00:00,1859.071652587731,1593.4691721492677,3594.6621419489306
forecast_5939,2025-09-05 11:00:00,1837.236719510774,1665.1172950502257,3438.3655150342556
forecast_5940,2025-09-05 12:00:00,1679.7704114415722,1655.5587157689945,3316.28845278418
forecast_5941,2025-09-05 13:00:00,1612.198625517789,1584.0560059182067,3209.517178363562
forecast_5942,2025-09-05 14:00:00,1700.2832202443515,1469.5348838271093,3282.561261847055
forecast_5943,2025-09-05 15:00:00,1741.7696150579168,1507.015445203398,3363.511981373193
forecast_5944,2025-09-05 16:00:00,1883.5115197920336,1489.7206457645188,3419.894973220127
forecast_5945,2025-09-05 17:00:00,2028.374816816395,1786.8799226518252,3553.796154799218
forecast_5946,2025-09-05 18:00:00,2316.700026493992,1982.7683821990015,3626.713150099477
forecast_5947,2025-09-05 19:00:00,2769.925949007706,2171.272007998801,3747.9085205882066
forecast_5948,2025-09-05 20:00:00,3061.64066857022,2633.5459809285317,3866.8300748684796
forecast_5949,2025-09-05 21:00:00,3486.2547575318367,3388.3666084641372,4040.8731764712797
forecast_5950,2025-09-05 22:00:00,4875.879352629313,4743.46218549562,4534.334841910187
forecast_5951,2025-09-05 23:00:00,6117.914167257314,7457.3565431263705,5344.366913659311
forecast_5952,2025-09-06 00:00:00,7212.151719765097,11160.008106645062,6415.773651728539
forecast_5953,2025-09-06 01:00:00,9199.914986759728,13123.563419116763,7936.260206601215
forecast_5954,2025-09-06 02:00:00,10076.838962930908,14341.46430271327,8817.16664204264
forecast_5955,2025-09-06 03:00:00,11493.83419054422,16158.797633810002,9870.108067697136
forecast_5956,2025-09-06 04:00:00,13606.710873786218,16959.38799845176,11093.650162691782
forecast_5957,2025-09-06 05:00:00,13440.348953553432,16741.41658565047,11307.680475777495
forecast_5958,2025-09-06 06:00:00,13677.789391471677,17474.951038350624,12421.070545583614
forecast_5959,2025-09-06 07:00:00,14034.17518243935,17930.605399419175,13177.259920058546
forecast_5960,2025-09-06 08:00:00,12504.194396729737,17554.57448599183,12613.324515658767
forecast_5961,2025-09-06 09:00:00,11670.061013107985,16498.03276596194,12490.002932820924
forecast_5962,2025-09-06 10:00:00,11944.90552697398,14509.164010791923,12195.376547398188
forecast_5963,2025-09-06 11:00:00,12526.158040994416,13757.524489844283,11998.334480514503
forecast_5964,2025-09-06 12:00:00,12366.502642594756,14902.351772854137,12293.137503222068
forecast_5965,2025-09-06 13:00:00,11469.462527798689,15664.052227633212,12434.2574988086
forecast_5966,2025-09-06 14:00:00,10817.610920832185,15490.637808875486,12671.366393299068
forecast_5967,2025-09-06 15:00:00,11434.519343258895,15290.425121234684,12769.934845829157
forecast_5968,2025-09-06 16:00:00,11142.873920915988,14716.708014215597,13000.770485443809
forecast_5969,2025-09-06 17:00:00,11643.514306556217,14857.309711933582,12805.040561197211
forecast_5970,2025-09-06 18:00:00,12385.76573814241,14637.971264246704,13417.59708902228
forecast_5971,2025-09-06 19:00:00,12438.985072789452,15453.374981481873,13720.65604836975
forecast_5972,2025-09-06 20:00:00,13058.685512404316,15883.874913861,13589.824856085623
forecast_5973,2025-09-06 21:00:00,13364.10131354896,15657.438723000487,13860.171845872092
forecast_5974,2025-09-06 22:00:00,14366.796604319577,16800.889915042826,14948.74807100785
forecast_5975,2025-09-06 23:00:00,15422.956877172694,17434.17545252534,14986.159374612202
forecast_5976,2025-09-07 00:00:00,14182.550012978423,16846.574345722984,15139.862658682843
forecast_5977,2025-09-07 01:00:00,14037.171603782946,17045.21737855255,15728.002957103283
forecast_5978,2025-09-07 02:00:00,14412.054185716754,17103.480807285923,15484.378946761117
forecast_5979,2025-09-07 03:00:00,14359.631159251427,16747.654613745282,14778.139477569544
forecast_5980,2025-09-07 04:00:00,13873.180489362858,16674.179726364964,13849.957636315641
forecast_5981,2025-09-07 05:00:00,14024.200516849956,15853.013779915374,13081.706558340988
forecast_5982,2025-09-07 06:00:00,13261.511701401141,14553.76613479782,11875.817971660175
forecast_5983,2025-09-07 07:00:00,11981.256541745577,12308.261072010371,10605.093765243513
forecast_5984,2025-09-07 08:00:00,10954.586103553487,10525.668382799606,9883.518123061527
forecast_5985,2025-09-07 09:00:00,9340.030898270046,8891.449556169475,8871.462866396165
forecast_5986,2025-09-07 10:00:00,8321.72891705059,6936.304528791408,7894.960532955138
forecast_5987,2025-09-07 11:00:00,6976.256187420055,5854.167870832263,7077.833975382226
forecast_5988,2025-09-07 12:00:00,5672.350473501145,5253.160543261041,6153.3165417855425
forecast_5989,2025-09-07 13:00:00,4162.411856656026,4478.995321453316,5631.956859644589
forecast_5990,2025-09-07 14:00:00,4109.60700811294,4254.44239506599,5445.9844677299
forecast_5991,2025-09-07 15:00:00,4805.64158956441,5590.739508487684,5574.384002073543
forecast_5992,2025-09-07 16:00:00,5588.205302311706,6388.911456139751,6062.894565663252
forecast_5993,2025-09-07 17:00:00,6445.19460359876,6391.872683749124,6679.076058359678
forecast_5994,2025-09-07 18:00:00,7313.128510969651,7681.974436858651,7194.998974313094
forecast_5995,2025-09-07 19:00:00,8610.481315420062,9311.927320775503,7727.21131820721
forecast_5996,2025-09-07 20:00:00,9631.303966260257,11142.849658079362,8446.136700248786
forecast_5997,2025-09-07 21:00:00,10462.288135406025,12844.079658769626,8659.489900653367
forecast_5998,2025-09-07 22:00:00,11621.282187028955,12867.067745920262,8908.881658758142
forecast_5999,2025-09-07 23:00:00,11634.992731380758,12014.602077705807,8888.068510742438
forecast_6000,2025-09-08 00:00:00,11296.031002797343,12068.168970870607,8796.02250357415
forecast_6001,2025-09-08 01:00:00,10969.94962164882,11226.296655974047,8195.078069163103
forecast_6002,2025-09-08 02:00:00,9332.976873119933,9192.091694030685,8030.301590008183
forecast_6003,2025-09-08 03:00:00,8022.614397627821,6637.619262145795,7399.147901236014
forecast_6004,2025-09-08 04:00:00,5551.619297730895,4817.321433986697,6384.506679250702
forecast_6005,2025-09-08 05:00:00,4226.704716749034,3113.4704247544305,5626.757128333105
forecast_6006,2025-09-08 06:00:00,3103.09537821297,2116.17482190985,4679.727797450815
forecast_6007,2025-09-08 07:00:00,2299.591460824123,1887.0885707732405,3991.9797176452817
forecast_6008,2025-09-08 08:00:00,1959.6828875508618,1630.6105912258738,3593.865295276136
forecast_6009,2025-09-08 09:00:00,1807.8138048416088,1506.2254993081901,3108.9830738467963
forecast_6010,2025-09-08 10:00:00,1567.0685415524824,1465.9045419973768,2937.134295826318
forecast_6011,2025-09-08 11:00:00,1502.7887563962324,1390.0582918830855,2886.073748951318
forecast_6012,2025-09-08 12:00:00,1508.9382532662164,1460.938785047148,2866.275653248193
forecast_6013,2025-09-08 13:00:00,1474.5988901604665,1337.2665438362105,2991.104134419827
forecast_6014,2025-09-08 14:00:00,1562.0631893293134,1227.9306611725983,3069.3374481583814
forecast_6015,2025-09-08 15:00:00,1780.3758143248833,1395.172377893956,3174.5952039244103
forecast_6016,2025-09-08 16:00:00,2228.81372782464,1528.0638264422178,3494.782843936402
forecast_6017,2025-09-08 17:00:00,2496.3723110510664,1956.9524468306813,3825.3919670150585
forecast_6018,2025-09-08 18:00:00,2821.9228794380647,2369.182995976119,3913.8995337789224
forecast_6019,2025-09-08 19:00:00,3076.7477707113912,2648.8272615104156,3915.373280440942
forecast_6020,2025-09-08 20:00:00,2835.6572764514854,2827.5696935443125,4116.017238389392
forecast_6021,2025-09-08 21:00:00,2822.272913529776,3326.646310395866,4094.928501599132
forecast_6022,2025-09-08 22:00:00,2704.225941873034,3864.607368840122,4068.480533570665
forecast_6023,2025-09-08 23:00:00,2588.368242956591,3839.0279097232187,4011.8044553129344
forecast_6024,2025-09-09 00:00:00,2362.552228868205,3278.956803505142,4087.3105938323515
forecast_6025,2025-09-09 01:00:00,2351.2328728507305,3306.4349411680673,4251.041848251058
forecast_6026,2025-09-09 02:00:00,2589.1799825870385,3435.971792025448,4320.65550402196
forecast_6027,2025-09-09 03:00:00,2553.138517129505,3147.8795402684295,4083.5142524613157
forecast_6028,2025-09-09 04:00:00,2557.2196603821967,2739.4667182012727,3990.2191462355268
forecast_6029,2025-09-09 05:00:00,2543.4774741224937,2690.6060292099005,3897.502016868868
forecast_6030,2025-09-09 06:00:00,2628.3482811155127,2766.1939942202316,3925.7251229306335
forecast_6031,2025-09-09 07:00:00,2456.4983476455213,2121.406992761848,3891.1781128718026
forecast_6032,2025-09-09 08:00:00,2414.8771519710267,1959.163921751769,3727.2192749300098
forecast_6033,2025-09-09 09:00:00,2224.3401893621995,1913.820209501128,3793.9906955595625
forecast_6034,2025-09-09 10:00:00,2088.9806150120185,1886.3894485193628,3708.3940601597437
forecast_6035,2025-09-09 11:00:00,2080.2829386098533,2137.3976874724785,3590.891248991624
forecast_6036,2025-09-09 12:00:00,2114.8495078190645,2294.936519426297,3564.874532990025
forecast_6037,2025-09-09 13:00:00,2322.292256534472,2462.3649839274162,3490.3049368888337
forecast_6038,2025-09-09 14:00:00,2381.0950880192813,2426.734321282369,3531.262711528795
forecast_6039,2025-09-09 15:00:00,2328.877146256567,2274.2849603199425,3559.951314042551
forecast_6040,2025-09-09 16:00:00,2386.1344729128155,2382.385971386633,3478.8978584948404
forecast_6041,2025-09-09 17:00:00,2385.1433097121057,2251.5236846916628,3492.3821534007066
forecast_6042,2025-09-09 18:00:00,2352.2244918521483,2320.7973515071794,3544.5300044786877
forecast_6043,2025-09-09 19:00:00,2399.0361960684477,2370.8336928404487,3634.1985710202825
forecast_6044,2025-09-09 20:00:00,2416.116765822132,2368.013101669973,3607.716743553595
forecast_6045,2025-09-09 21:00:00,2717.079025434472,2880.493893013296,3769.723567071178
forecast_6046,2025-09-09 22:00:00,2994.939206124032,2976.13687485026,3845.1226017532517
forecast_6047,2025-09-09 23:00:00,2927.995441529035,2884.7283168356535,3814.3848194007833
forecast_6048,2025-09-10 00:00:00,2912.0598767245374,2804.034286854814,3885.542247074664
forecast_6049,2025-09-10 01:00:00,3119.1978874817746,2849.613225188938,3727.975917613371
forecast_6050,2025-09-10 02:00:00,3329.4104517409746,2842.8966353303094,3726.5340612307004
forecast_6051,2025-09-10 03:00:00,3431.3462164902558,2972.1193214162267,3828.347488510809
forecast_6052,2025-09-10 04:00:00,3710.3194713026755,3042.962184687657,3944.405838120184
forecast_6053,2025-09-10 05:00:00,3574.650198649675,3251.1905894285283,3885.673557044228
forecast_6054,2025-09-10 06:00:00,3557.372733900429,3384.8433538778554,3902.1080639867096
forecast_6055,2025-09-10 07:00:00,3749.2476774481493,3724.3751011621766,3875.2411012818525
forecast_6056,2025-09-10 08:00:00,3371.417376050936,3227.173215155166,3921.1893541669524
forecast_6057,2025-09-10 09:00:00,2997.353995603686,3016.8235939586766,3868.4050758608587
forecast_6058,2025-09-10 10:00:00,2487.4061200913793,2901.4340082507924,3765.3806159925985
forecast_6059,2025-09-10 11:00:00,2401.3817163140466,2806.6743359354923,3777.3768535972313
forecast_6060,2025-09-10 12:00:00,2312.671926016141,2863.7170209020965,3816.062877014693
forecast_6061,2025-09-10 13:00:00,2167.341890871053,2638.100887970707,3905.301446242953
forecast_6062,2025-09-10 14:00:00,2120.710314657129,2358.9592268011606,3839.6082080056285
forecast_6063,2025-09-10 15:00:00,2144.060307829837,2228.015513301266,3765.1946392839104
forecast_6064,2025-09-10 16:00:00,2278.1458199381973,2245.4104550500974,3794.560123290295
forecast_6065,2025-09-10 17:00:00,2405.425295266245,2361.7608661025665,3822.9866182748847
forecast_6066,2025-09-10 18:00:00,2739.3972151936237,2591.67973695529,4018.69571483854
forecast_6067,2025-09-10 19:00:00,2665.40709983615,3041.13832263437,4188.532327496504
forecast_6068,2025-09-10 20:00:00,2763.172212823445,3324.855012762785,4242.208702050226
forecast_6069,2025-09-10 21:00:00,2915.617328213676,3384.2420871607055,4316.644579072929
forecast_6070,2025-09-10 22:00:00,3250.9642814169038,3539.759815345212,4358.932453463413
forecast_6071,2025-09-10 23:00:00,3329.0971400537073,3951.671408274094,4330.154516426041
forecast_6072,2025-09-11 00:00:00,3119.685380013357,3763.367488600952,4463.186766316003
forecast_6073,2025-09-11 01:00:00,3361.6175634021024,3204.8230482407544,4206.416886150791
forecast_6074,2025-09-11 02:00:00,3610.4529955219077,3076.5142088381263,4184.339123646611
forecast_6075,2025-09-11 03:00:00,3991.077481115164,3368.5220542797524,4202.047441790855
forecast_6076,2025-09-11 04:00:00,4349.841798971711,3683.373689796992,4266.874645420851
forecast_6077,2025-09-11 05:00:00,4691.842667971506,4180.115937037182,4538.3712753973905
forecast_6078,2025-09-11 06:00:00,4803.999753289199,4562.169780917448,4685.675445307379
forecast_6079,2025-09-11 07:00:00,5028.932030674151,4976.456087313444,4959.642262623524
forecast_6080,2025-09-11 08:00:00,4582.813992620584,4933.03183573425,4990.001511210342
forecast_6081,2025-09-11 09:00:00,4218.113422007098,4831.660880853286,4742.0692152605025
forecast_6082,2025-09-11 10:00:00,3523.5963605427146,4279.572440050366,4561.535644092517
forecast_6083,2025-09-11 11:00:00,3215.761839679614,3837.0456042518053,4577.268431593169
forecast_6084,2025-09-11 12:00:00,2936.021831757889,3699.076472045135,4639.473634088625
forecast_6085,2025-09-11 13:00:00,2798.4329186655914,3618.3876888209816,4764.054856655762
forecast_6086,2025-09-11 14:00:00,2934.5966058193794,3644.684812094769,4732.13691825386
forecast_6087,2025-09-11 15:00:00,3040.978081575503,3571.744336402193,4533.010988659068
forecast_6088,2025-09-11 16:00:00,3293.836828168121,3425.284231534408,4420.959429168421
forecast_6089,2025-09-11 17:00:00,3665.3307151401814,3273.400990493881,4499.753290489219
forecast_6090,2025-09-11 18:00:00,4032.0703110787204,3853.7600659388017,4581.481296721156
forecast_6091,2025-09-11 19:00:00,4628.542444416492,5632.396649899252,4644.515662546018
forecast_6092,2025-09-11 20:00:00,4944.595725351322,7312.242250687168,4957.932720789469
forecast_6093,2025-09-11 21:00:00,5204.993778423345,6988.1176519262135,5023.987297014981
forecast_6094,2025-09-11 22:00:00,5492.203655440745,7802.85377620564,5132.662271449685
forecast_6095,2025-09-11 23:00:00,5402.135590918295,7979.468641444018,5324.591077187357
forecast_6096,2025-09-12 00:00:00,5114.7368244575655,7823.415332403909,5262.286794236864
forecast_6097,2025-09-12 01:00:00,5055.3370184308005,7205.464392645495,5025.8194759473545
forecast_6098,2025-09-12 02:00:00,4922.611582603607,6827.858842740787,4934.337184433382
forecast_6099,2025-09-12 03:00:00,4219.79787654656,5645.50887726598,4892.379462138059
forecast_6100,2025-09-12 04:00:00,4010.16794781727,5009.422158741889,4923.206991665285
forecast_6101,2025-09-12 05:00:00,4069.3420073713414,5073.058457069215,4862.974980691101
forecast_6102,2025-09-12 06:00:00,4179.0582054552615,5038.482304596516,4842.551807143914
forecast_6103,2025-09-12 07:00:00,4168.050404342732,4628.403944467104,4801.037331574315
forecast_6104,2025-09-12 08:00:00,3876.0082539450536,4299.138093053051,4869.8933935813775
forecast_6105,2025-09-12 09:00:00,3903.6116619525246,3951.043063972705,4871.215410036389
forecast_6106,2025-09-12 10:00:00,3359.1346307869803,3289.4128648188525,4449.01267179286
forecast_6107,2025-09-12 11:00:00,3006.076141836065,2990.060172547993,4346.313105163936
forecast_6108,2025-09-12 12:00:00,2918.0716147520607,3040.8357765613127,4380.471413214497
forecast_6109,2025-09-12 13:00:00,2916.9910407623947,3029.0174667178812,4328.0759630659695
forecast_6110,2025-09-12 14:00:00,2909.0678529665956,2962.0122550051265,4275.007190991318
forecast_6111,2025-09-12 15:00:00,3134.697804925893,3137.5522071135547,4427.049875812494
forecast_6112,2025-09-12 16:00:00,3445.400765070294,3155.407710303863,4613.4377165907
forecast_6113,2025-09-12 17:00:00,3706.6380591481907,3520.6494092251555,4596.999476733446
forecast_6114,2025-09-12 18:00:00,3734.4968201861147,3701.006781123258,4781.0523327604915
forecast_6115,2025-09-12 19:00:00,3959.573707328106,3895.181542183338,4719.546739389454
forecast_6116,2025-09-12 20:00:00,4022.730164087313,3769.9486804942767,4696.2028237803215
forecast_6117,2025-09-12 21:00:00,3841.9836973916467,3765.3801089021927,4898.902845556037
forecast_6118,2025-09-12 22:00:00,4690.609294423965,4333.000528759523,5012.704487216717
forecast_6119,2025-09-12 23:00:00,4964.61698551095,4887.150840877416,5285.885242802994
forecast_6120,2025-09-13 00:00:00,4951.224947406599,5029.153159854765,5239.800811371395
forecast_6121,2025-09-13 01:00:00,4586.806969964975,5242.087407132565,5598.42047581113
forecast_6122,2025-09-13 02:00:00,4937.911909150242,6955.109690240173,6082.325747447237
forecast_6123,2025-09-13 03:00:00,5638.364271110875,7283.577007679789,6247.020575145474
forecast_6124,2025-09-13 04:00:00,6978.303436193891,7419.521497957173,6793.445967610321
forecast_6125,2025-09-13 05:00:00,8516.641014988525,7241.960273054929,8239.748463221167
forecast_6126,2025-09-13 06:00:00,11686.179136200404,10659.169415840855,9567.890109334761
forecast_6127,2025-09-13 07:00:00,13307.89456581739,13391.356393697166,11313.389586196492
forecast_6128,2025-09-13 08:00:00,13942.347390351071,13039.937899654098,13647.760209178645
forecast_6129,2025-09-13 09:00:00,12903.480087912641,14008.213515900437,13191.061116074332
forecast_6130,2025-09-13 10:00:00,10197.990831032805,12244.53050453762,11476.015030488727
forecast_6131,2025-09-13 11:00:00,7676.027179154227,10431.978809105665,9532.274220429592
forecast_6132,2025-09-13 12:00:00,7946.6749047323,9535.798124303285,7822.257738684244
forecast_6133,2025-09-13 13:00:00,5704.81334052672,6326.517780633663,6103.769790591181
forecast_6134,2025-09-13 14:00:00,3376.313187357621,3528.7936985357596,4950.945721543655
forecast_6135,2025-09-13 15:00:00,2436.8160403948896,2066.990111210046,4682.319197166048
forecast_6136,2025-09-13 16:00:00,2312.861035323468,2051.089411411985,4413.447427457333
forecast_6137,2025-09-13 17:00:00,2399.3727643826355,2105.4637694708013,4576.196683871887
forecast_6138,2025-09-13 18:00:00,2276.2428805412696,2782.5244857263747,4703.033535311539
forecast_6139,2025-09-13 19:00:00,2356.1840992594816,3123.1601058064452,4527.974109517609
forecast_6140,2025-09-13 20:00:00,2383.083298906565,2673.4439414043513,4334.721507273769
forecast_6141,2025-09-13 21:00:00,1974.9015567756671,1783.3007274300737,4153.0155852164435
forecast_6142,2025-09-13 22:00:00,1979.7341631973572,1632.063538745396,3932.0221391898585
forecast_6143,2025-09-13 23:00:00,2286.359435739285,1642.4184887084295,3939.645705642002
forecast_6144,2025-09-14 00:00:00,2320.175875383658,2217.382314462303,3943.061047377343
forecast_6145,2025-09-14 01:00:00,2903.2207256859556,2254.0947548791714,3703.3405802565626
forecast_6146,2025-09-14 02:00:00,2969.872872295649,2288.783346396022,3688.012716262247
forecast_6147,2025-09-14 03:00:00,2719.54372804594,2167.3591562113274,3667.235754735735
forecast_6148,2025-09-14 04:00:00,2882.7878755585457,2441.714740175542,3701.256361480882
forecast_6149,2025-09-14 05:00:00,2904.604241458802,2274.7172909167375,3778.0653216621968
forecast_6150,2025-09-14 06:00:00,3056.582561893651,2480.939517468182,3821.9882673436787
forecast_6151,2025-09-14 07:00:00,2993.1797512490357,2350.3002818220557,3864.1411478405676
forecast_6152,2025-09-14 08:00:00,2994.5124993945446,2416.6412852032618,3816.8605192927444
forecast_6153,2025-09-14 09:00:00,2914.1598938870575,2358.7564735237625,3824.1072553029735
forecast_6154,2025-09-14 10:00:00,2500.7923798576307,2181.19777668118,3834.528904423346
forecast_6155,2025-09-14 11:00:00,2363.4848969015898,1988.0326966036023,3936.9694783808395
forecast_6156,2025-09-14 12:00:00,2317.9830643305518,1918.0828369538422,4133.275515423614
forecast_6157,2025-09-14 13:00:00,2459.203193461356,1971.38762802118,4166.867867494369
forecast_6158,2025-09-14 14:00:00,2589.823970132829,2440.447422288118,4515.270852495184
forecast_6159,2025-09-14 15:00:00,2995.797758222525,2756.8677539839077,5029.326552380028
forecast_6160,2025-09-14 16:00:00,3476.5378128866223,2971.6438870156107,5571.356114763865
forecast_6161,2025-09-14 17:00:00,4488.876816251093,3905.066359737985,6222.294984201499
forecast_6162,2025-09-14 18:00:00,6239.632438096063,5709.231031957436,7302.981466096496
forecast_6163,2025-09-14 19:00:00,8558.251396663749,8721.30161323543,8850.327386776009
forecast_6164,2025-09-14 20:00:00,11687.650076547157,13001.522985685087,10331.25158210961
forecast_6165,2025-09-14 21:00:00,14739.56643108082,15471.796839476116,11461.973185919664
forecast_6166,2025-09-14 22:00:00,16111.640504162515,16430.263035919004,12170.275490499109
forecast_6167,2025-09-14 23:00:00,16358.111094900773,16423.45387120761,13204.043285812588
forecast_6168,2025-09-15 00:00:00,16300.96694855317,16668.466267898064,13236.713835544533
forecast_6169,2025-09-15 01:00:00,16891.93285935212,16030.86797026125,12336.149064709816
forecast_6170,2025-09-15 02:00:00,16030.850549204293,14611.134565369886,10890.33595151284
forecast_6171,2025-09-15 03:00:00,15246.47116312265,13615.787213706502,9880.511089543237
forecast_6172,2025-09-15 04:00:00,14472.631908880754,12596.468704038616,9528.638853575058
forecast_6173,2025-09-15 05:00:00,12908.652752605874,10939.30311729266,8766.31694957929
forecast_6174,2025-09-15 06:00:00,10347.317590984523,8146.191417376722,7309.868024500337
forecast_6175,2025-09-15 07:00:00,7124.4078490961865,4866.710708281572,6357.729593128607
forecast_6176,2025-09-15 08:00:00,4709.138869250113,2788.4020134497528,4807.310335986104
forecast_6177,2025-09-15 09:00:00,2686.5486465083004,1971.2962741645683,3922.981011478566
forecast_6178,2025-09-15 10:00:00,1899.2021861105816,1455.9247333945186,3424.842870181509
forecast_6179,2025-09-15 11:00:00,1556.669379008342,1288.9875416590053,3206.566180591943
forecast_6180,2025-09-15 12:00:00,1532.76439225983,1306.0217966459838,3052.521746998193
forecast_6181,2025-09-15 13:00:00,1570.89085710358,1343.6842722319213,3084.307879810693
forecast_6182,2025-09-15 14:00:00,1603.8634605379655,1362.2683647107117,3168.306185678997
forecast_6183,2025-09-15 15:00:00,1852.7281628320634,1476.4806075734175,3364.6933813281285
forecast_6184,2025-09-15 16:00:00,2084.2499339479086,1469.1993051232064,3688.6065033607388
forecast_6185,2025-09-15 17:00:00,2443.8304938173237,1722.5396532800955,4251.433949536407
forecast_6186,2025-09-15 18:00:00,3732.598463954545,2925.023586865855,5138.469650286302
forecast_6187,2025-09-15 19:00:00,4537.8506585428295,4043.833171346101,5822.4945541859925
forecast_6188,2025-09-15 20:00:00,4981.72267595172,5109.541630697677,6245.555066203431
forecast_6189,2025-09-15 21:00:00,4925.354647793731,5273.294486012114,6352.764273006791
forecast_6190,2025-09-15 22:00:00,5895.5055080537495,6220.811241838819,6582.044908379088
forecast_6191,2025-09-15 23:00:00,6248.70508898106,6450.7523658418195,6710.3857158908295
forecast_6192,2025-09-16 00:00:00,6371.341193962342,6733.858507654625,7036.56039081436
forecast_6193,2025-09-16 01:00:00,8788.652314214043,7837.049466342141,7550.625753869333
forecast_6194,2025-09-16 02:00:00,10934.287870022952,9906.43860551672,8196.101765570136
forecast_6195,2025-09-16 03:00:00,12044.482445859878,11080.250373688881,8313.397578492335
forecast_6196,2025-09-16 04:00:00,11867.983360353257,12668.94553288187,8592.001955441248
forecast_6197,2025-09-16 05:00:00,12163.662919183405,13560.281158014895,8953.912616894715
forecast_6198,2025-09-16 06:00:00,12318.19875355306,13803.627880232743,8962.807547558346
forecast_6199,2025-09-16 07:00:00,12674.368154689353,13354.47501222873,8777.217881013205
forecast_6200,2025-09-16 08:00:00,11577.967326883168,12512.11891245839,7720.975133023536
forecast_6201,2025-09-16 09:00:00,8806.106246516958,9776.146072140054,7146.487520405369
forecast_6202,2025-09-16 10:00:00,6493.575353572327,6964.358750344414,7011.503220242313
forecast_6203,2025-09-16 11:00:00,6026.9234709611055,5841.389332192524,6884.493097385053
forecast_6204,2025-09-16 12:00:00,6055.345083740322,6561.675609838065,6979.597757241704
forecast_6205,2025-09-16 13:00:00,6093.94317201538,7328.060003964615,7122.276295481188
forecast_6206,2025-09-16 14:00:00,6148.508738778941,7667.389791984542,7185.545297628717
forecast_6207,2025-09-16 15:00:00,6205.673185873964,8298.238934424802,7597.064211462023
forecast_6208,2025-09-16 16:00:00,6268.929550001352,6751.948417539841,7694.673191900322
forecast_6209,2025-09-16 17:00:00,6340.225660270666,6769.0490075099115,7831.636586026334
forecast_6210,2025-09-16 18:00:00,6492.210543668232,7417.690884429136,7687.386418678097
forecast_6211,2025-09-16 19:00:00,6615.43422301833,6958.260843564618,8783.283944464754
forecast_6212,2025-09-16 20:00:00,7397.1311350201995,6427.8623285148315,8829.915612456463
forecast_6213,2025-09-16 21:00:00,7587.238672035526,6972.130350869698,9293.826984708605
forecast_6214,2025-09-16 22:00:00,10167.565512017762,11244.046596287875,9942.169377568916
forecast_6215,2025-09-16 23:00:00,11558.319000645755,13529.768155959431,10972.384686448875
forecast_6216,2025-09-17 00:00:00,12686.216006041159,15965.470725945184,12606.327630821746
forecast_6217,2025-09-17 01:00:00,13555.48277145474,16806.16966686644,14031.852547267305
forecast_6218,2025-09-17 02:00:00,14469.028717915888,16959.4324281333,14478.828869147941
forecast_6219,2025-09-17 03:00:00,14231.546071478628,17133.18244470637,15500.325743914242
forecast_6220,2025-09-17 04:00:00,15170.996427051385,17541.73575361688,16313.269652130955
forecast_6221,2025-09-17 05:00:00,14860.065476899568,16981.710444307813,15934.2676517323
forecast_6222,2025-09-17 06:00:00,13860.869389118681,15749.299747414023,14860.968673940108
forecast_6223,2025-09-17 07:00:00,13309.63819797901,13454.182846152002,12660.182466375361
forecast_6224,2025-09-17 08:00:00,11458.740545979399,13053.210976911536,10669.080596824275
forecast_6225,2025-09-17 09:00:00,7917.688132278064,11137.93219107579,8664.324685443298
forecast_6226,2025-09-17 10:00:00,5492.01729170248,7423.858285108081,6476.5997163145
forecast_6227,2025-09-17 11:00:00,4934.464679594587,6056.299563438928,5304.20258140389
forecast_6228,2025-09-17 12:00:00,3173.7223430033137,3639.424060024632,4638.17981533157
forecast_6229,2025-09-17 13:00:00,3188.946974186526,3928.1516500097487,4655.890755716408
forecast_6230,2025-09-17 14:00:00,4320.192739709957,4969.950290297166,5336.4732363399135
forecast_6231,2025-09-17 15:00:00,4723.92615631769,4427.746436107994,5730.329065052258
forecast_6232,2025-09-17 16:00:00,4532.365228444595,4296.760280355951,5208.056607379511
forecast_6233,2025-09-17 17:00:00,4061.1949199173023,3595.999138830034,4603.957969516965
forecast_6234,2025-09-17 18:00:00,3296.820035293443,2592.490555106251,4406.122636875356
forecast_6235,2025-09-17 19:00:00,2586.1191961945665,2196.257940393641,4227.518373481165
forecast_6236,2025-09-17 20:00:00,2270.242497001585,1862.624479483029,4230.044689544207
forecast_6237,2025-09-17 21:00:00,2083.4803129767934,1873.3067081049928,4247.232121675786
forecast_6238,2025-09-17 22:00:00,2080.5361654005105,1847.684594960889,4094.271833220501
forecast_6239,2025-09-17 23:00:00,1977.89696894186,1530.4998171664138,4027.9355151467526
forecast_6240,2025-09-18 00:00:00,2020.7647415798046,1523.450632940147,4132.871919766736
forecast_6241,2025-09-18 01:00:00,2266.893618652351,1691.8679756695938,3965.919658832004
forecast_6242,2025-09-18 02:00:00,2275.439389511039,1690.1918170213075,3993.1195858084266
forecast_6243,2025-09-18 03:00:00,2583.0571605931473,1834.7634394289819,4057.1154646591035
forecast_6244,2025-09-18 04:00:00,2898.031206696395,2142.624876997743,4364.43962389298
forecast_6245,2025-09-18 05:00:00,3114.6372200622513,2707.7135161795304,4611.640224053965
forecast_6246,2025-09-18 06:00:00,3332.9437291501595,3282.677291626085,5042.926460304069
forecast_6247,2025-09-18 07:00:00,3680.671403914278,3501.0651010690417,5565.743226780353
forecast_6248,2025-09-18 08:00:00,4047.7101125933013,3980.0329381201263,5880.471504552774
forecast_6249,2025-09-18 09:00:00,4349.914269284779,4298.961302793493,6042.97186079219
forecast_6250,2025-09-18 10:00:00,3991.0742652294907,4388.590265524736,5954.300682198223
forecast_6251,2025-09-18 11:00:00,3762.907788138465,4599.785873677324,5861.295949981047
forecast_6252,2025-09-18 12:00:00,3439.0446375682054,4476.247038330463,5745.225022587307
forecast_6253,2025-09-18 13:00:00,3209.321923198414,4460.301203579018,5184.800734423186
forecast_6254,2025-09-18 14:00:00,3002.445295179421,3949.6113897429377,4941.371890156244
forecast_6255,2025-09-18 15:00:00,2604.527645259899,3511.7154637576637,4788.695297387704
forecast_6256,2025-09-18 16:00:00,2262.98790561741,3023.4152678183523,4611.1765423923625
forecast_6257,2025-09-18 17:00:00,2097.380866313363,2553.166301034522,4649.691904583375
forecast_6258,2025-09-18 18:00:00,2237.739889901325,2970.209177040483,4633.125910665903
forecast_6259,2025-09-18 19:00:00,2593.7127022225727,3434.600733756797,4798.048183486924
forecast_6260,2025-09-18 20:00:00,2993.823381563416,4056.196263545384,4828.370877787021
forecast_6261,2025-09-18 21:00:00,3150.625487995715,4507.5074906626705,4762.801724130358
forecast_6262,2025-09-18 22:00:00,2829.703753636303,3203.919722666209,4382.080064578586
forecast_6263,2025-09-18 23:00:00,2927.069485773012,2732.03402039482,4543.476879655022
forecast_6264,2025-09-19 00:00:00,3005.937215581456,3340.080514151824,4444.843672175388
forecast_6265,2025-09-19 01:00:00,3155.3146936410235,3648.768427860033,4240.356362522816
forecast_6266,2025-09-19 02:00:00,3181.530722994952,3505.812110170001,4113.01342209737
forecast_6267,2025-09-19 03:00:00,3174.3889249489935,3375.105876771413,4089.904487486063
forecast_6268,2025-09-19 04:00:00,3164.2111706429923,3352.8293711198658,3928.714768042914
forecast_6269,2025-09-19 05:00:00,3117.996067722034,3034.868917399923,3828.6176623188426
forecast_6270,2025-09-19 06:00:00,3002.5591966267693,2751.335952713278,3708.1421230401415
forecast_6271,2025-09-19 07:00:00,2890.722232428344,2562.9521331524866,3617.8568107549445
forecast_6272,2025-09-19 08:00:00,2638.6836128163345,2329.886177549265,3542.492700262769
forecast_6273,2025-09-19 09:00:00,2268.3139059871537,2154.8184146637886,3477.2280117341697
forecast_6274,2025-09-19 10:00:00,1941.656927826492,1875.4678106762813,3385.789710486863
forecast_6275,2025-09-19 11:00:00,1817.5761339125356,1892.6516005418084,3397.5159290792853
forecast_6276,2025-09-19 12:00:00,1740.796140832384,1876.2292675946928,3430.443776671899
forecast_6277,2025-09-19 13:00:00,1790.8485899381128,1828.7182252391003,3471.886779875265
forecast_6278,2025-09-19 14:00:00,1800.0044533001126,1724.6633942689248,3417.802175109399
forecast_6279,2025-09-19 15:00:00,1821.8282880240602,1793.9654275750293,3458.4568370798584
forecast_6280,2025-09-19 16:00:00,1993.0171232893217,1884.796395715335,3490.9019439260787
forecast_6281,2025-09-19 17:00:00,2255.624882583042,2021.7543125910574,3563.3337539025374
forecast_6282,2025-09-19 18:00:00,2675.366200732813,2258.1281532397165,3654.3069387372866
forecast_6283,2025-09-19 19:00:00,3144.2915543906247,2452.186407315663,3782.3543864601406
forecast_6284,2025-09-19 20:00:00,3131.013907813219,2755.422634642543,3843.5161102025954
forecast_6285,2025-09-19 21:00:00,3554.1080487605177,3434.6616238555844,4034.486422345619
forecast_6286,2025-09-19 22:00:00,4178.219348046894,4078.338847456157,4188.449958311362
forecast_6287,2025-09-19 23:00:00,5402.200206765479,5324.051154064374,4444.379451908919
forecast_6288,2025-09-20 00:00:00,5722.166585695706,6905.604991791597,4820.860643658595
forecast_6289,2025-09-20 01:00:00,5433.325281988752,6097.61245782152,4866.463782819239
forecast_6290,2025-09-20 02:00:00,5555.27261663589,6081.366921468104,4984.494179662412
forecast_6291,2025-09-20 03:00:00,6048.266330025548,7675.221341811515,5640.450732777901
forecast_6292,2025-09-20 04:00:00,5796.618965643958,7530.890424556479,6093.812490490263
forecast_6293,2025-09-20 05:00:00,5336.043239072345,6890.146507057847,6210.590619899379
forecast_6294,2025-09-20 06:00:00,4972.017817437002,4971.289965695687,7036.83923478023
forecast_6295,2025-09-20 07:00:00,4306.074499958125,3698.9712333027705,6561.374093020698
forecast_6296,2025-09-20 08:00:00,3907.7398666505505,3193.9317236161223,5493.289989955175
forecast_6297,2025-09-20 09:00:00,3668.4179558143296,3136.604088052763,5279.137677139989
forecast_6298,2025-09-20 10:00:00,3296.7403362129085,2378.975282745261,4393.909696628823
forecast_6299,2025-09-20 11:00:00,3051.830786819791,2455.0502414253842,4552.544675431114
forecast_6300,2025-09-20 12:00:00,3079.441400614186,2806.888261984609,4578.379119603164
forecast_6301,2025-09-20 13:00:00,3022.7654169490015,2677.9761252142903,4758.189481869328
forecast_6302,2025-09-20 14:00:00,3710.7331881261885,3029.5853713225815,4739.955411866439
forecast_6303,2025-09-20 15:00:00,3617.5876864534707,2707.397130680229,4442.760838491917
forecast_6304,2025-09-20 16:00:00,3234.7753106251716,2577.1629900612115,4352.254730697136
forecast_6305,2025-09-20 17:00:00,2735.233424374769,2719.582228644902,4110.9059883931695
forecast_6306,2025-09-20 18:00:00,2974.5666855507748,2320.28368868339,3949.8554591196257
forecast_6307,2025-09-20 19:00:00,2818.198541798453,2583.460198128937,4326.6564862931355
forecast_6308,2025-09-20 20:00:00,2625.31784730936,2946.474761357981,4183.408068125068
forecast_6309,2025-09-20 21:00:00,2977.225722528615,3367.1253288015823,4631.418784333496
forecast_6310,2025-09-20 22:00:00,3686.1159112109085,4050.3743345740286,4830.892310130258
forecast_6311,2025-09-20 23:00:00,3482.947924742233,3639.1294595148383,4923.579432408818
forecast_6312,2025-09-21 00:00:00,4046.461313551493,4260.920519417838,5136.311447383678
forecast_6313,2025-09-21 01:00:00,4165.323996846575,4315.671041236077,5746.293058048834
forecast_6314,2025-09-21 02:00:00,4415.709744855027,4650.549324270011,5811.772995439031
forecast_6315,2025-09-21 03:00:00,4286.986328874942,4671.892422949466,5796.152534801667
forecast_6316,2025-09-21 04:00:00,4217.363097639738,4510.0922899347,5718.149599135179
forecast_6317,2025-09-21 05:00:00,3980.549070959296,4794.785379285913,5598.552826716022
forecast_6318,2025-09-21 06:00:00,4016.7289880521216,5260.251239519799,5567.796628085849
forecast_6319,2025-09-21 07:00:00,4532.655154449258,5724.9521236620585,5397.655059790257
forecast_6320,2025-09-21 08:00:00,3941.321757738315,4454.386424374812,5429.426593744343
forecast_6321,2025-09-21 09:00:00,3561.9132951247984,4044.2015699942144,5184.696360221163
forecast_6322,2025-09-21 10:00:00,2893.670687621803,3333.051420042287,4900.804253759047
forecast_6323,2025-09-21 11:00:00,2422.538374915834,2765.2449263117433,4597.5259406612695
forecast_6324,2025-09-21 12:00:00,2226.425293801309,2573.735088461889,4541.477441336475
forecast_6325,2025-09-21 13:00:00,2145.72120681372,2439.889927962949,4523.914392602152
forecast_6326,2025-09-21 14:00:00,2134.712456988998,2401.3390066943984,4450.276078617842
forecast_6327,2025-09-21 15:00:00,2257.4464222471747,2593.3678250021053,4543.789513082207
forecast_6328,2025-09-21 16:00:00,2379.5235731292373,2669.6088336331495,4602.560803158366
forecast_6329,2025-09-21 17:00:00,2707.5870664432487,2735.158001368478,4629.389474642583
forecast_6330,2025-09-21 18:00:00,3154.2685031832334,3380.716195020746,4817.043914189399
forecast_6331,2025-09-21 19:00:00,3524.6782968280477,4406.141846280418,4736.652600746014
forecast_6332,2025-09-21 20:00:00,4231.646979848263,5251.105728206571,4732.255533469026
forecast_6333,2025-09-21 21:00:00,4480.0046814851985,6217.645297049679,4874.152946472485
forecast_6334,2025-09-21 22:00:00,4746.700807344806,6988.164499177552,4826.029720541681
forecast_6335,2025-09-21 23:00:00,4878.009722831934,7030.125538302109,4740.662563854629
forecast_6336,2025-09-22 00:00:00,4971.565864428147,6956.9600636626055,4686.379889314163
forecast_6337,2025-09-22 01:00:00,4909.775162189413,6472.3403293509045,4500.004144373375
forecast_6338,2025-09-22 02:00:00,5067.751693775633,6169.367606440459,4499.45047684101
forecast_6339,2025-09-22 03:00:00,4889.463611287932,6069.554603130898,4439.191238420346
forecast_6340,2025-09-22 04:00:00,4724.18376855084,6112.31204199835,4390.183184253028
forecast_6341,2025-09-22 05:00:00,4800.4840418551175,6182.116572681898,4682.917818735054
forecast_6342,2025-09-22 06:00:00,4952.908748730344,6136.4718275734385,4739.357930330608
forecast_6343,2025-09-22 07:00:00,4919.4008213322095,5939.905319967982,4837.9534372594835
forecast_6344,2025-09-22 08:00:00,4793.21722618407,5943.024186199001,5135.468072093054
forecast_6345,2025-09-22 09:00:00,4657.58811743443,5692.844578533367,5272.151744154523
forecast_6346,2025-09-22 10:00:00,4180.4584585935245,5030.342505400558,5117.882537102882
forecast_6347,2025-09-22 11:00:00,3718.9342851165093,4328.444356718735,4844.630531453748
forecast_6348,2025-09-22 12:00:00,3560.8153473846337,4082.758247892926,4573.493513391418
forecast_6349,2025-09-22 13:00:00,3365.811210405604,4223.336512929551,4541.3955235291605
forecast_6350,2025-09-22 14:00:00,3181.2379991501502,4275.617601737171,4428.070616116109
forecast_6351,2025-09-22 15:00:00,3239.8276809003173,3659.120139145207,4296.950521380071
forecast_6352,2025-09-22 16:00:00,3209.2291480161075,3514.405895127684,4334.407127938026
forecast_6353,2025-09-22 17:00:00,3262.7180080833236,3520.106730082466,4274.514800009007
forecast_6354,2025-09-22 18:00:00,3509.0153273477135,3647.3571815179766,4242.346213796565
forecast_6355,2025-09-22 19:00:00,3563.486447708239,3969.7921479788192,4124.285950289404
forecast_6356,2025-09-22 20:00:00,3709.3206993823683,4417.833430367756,4113.4763932799215
forecast_6357,2025-09-22 21:00:00,3680.173407129737,4564.786413802059,4030.565832080134
forecast_6358,2025-09-22 22:00:00,3683.075137982671,4155.7066953231415,3983.8407492386027
forecast_6359,2025-09-22 23:00:00,3590.122833564121,3738.262413926127,3991.8503294835573
forecast_6360,2025-09-23 00:00:00,3154.0265411390337,3152.7127364239423,3965.224742758699
forecast_6361,2025-09-23 01:00:00,2850.2310944426276,2681.4070729542145,3744.615554559414
forecast_6362,2025-09-23 02:00:00,2680.7449909841653,2540.2603326475446,3783.564962253982
forecast_6363,2025-09-23 03:00:00,2602.6281307385216,2846.9034426909884,3731.3444930244623
forecast_6364,2025-09-23 04:00:00,2827.9015144211467,3247.437965930832,3775.818040728737
forecast_6365,2025-09-23 05:00:00,3121.4860939608316,3649.057305198675,3976.615183504905
forecast_6366,2025-09-23 06:00:00,3448.5906430217697,4135.6743966695485,4001.514702370109
forecast_6367,2025-09-23 07:00:00,3601.1553931765948,4239.884028218664,4000.6931100471015
forecast_6368,2025-09-23 08:00:00,3513.9779595138066,4034.8827754957024,4043.89697442587
forecast_6369,2025-09-23 09:00:00,3080.31380844578,3821.6677325703236,3986.794974969861
forecast_6370,2025-09-23 10:00:00,2577.07835668629,3224.1622871986565,3757.960433136469
forecast_6371,2025-09-23 11:00:00,2240.840811583705,2756.1838332212633,3757.7285528502593
forecast_6372,2025-09-23 12:00:00,2136.141727738605,2493.828809265121,3717.855034050241
forecast_6373,2025-09-23 13:00:00,2182.82786147861,2406.155118031022,3760.2115622181354
forecast_6374,2025-09-23 14:00:00,2193.680525967717,2442.7304072161287,3786.0674868312385
forecast_6375,2025-09-23 15:00:00,2364.2895714943884,2588.273396159029,3740.202408694965
forecast_6376,2025-09-23 16:00:00,2523.5493980691026,2619.089425687544,3858.3890765149404
forecast_6377,2025-09-23 17:00:00,2734.5330085846563,2831.9095378605384,3839.563478928834
forecast_6378,2025-09-23 18:00:00,3104.935986880438,3216.1944938731376,3932.622277358123
forecast_6379,2025-09-23 19:00:00,3472.0009516813543,3520.555048714028,3847.7105461494407
forecast_6380,2025-09-23 20:00:00,3922.8818291750877,3630.755028441837,3851.7150066189133
forecast_6381,2025-09-23 21:00:00,4061.4805320756695,3351.3054752604467,3910.5739719046073
forecast_6382,2025-09-23 22:00:00,4237.269785054184,3234.397068928975,3814.2423252995063
forecast_6383,2025-09-23 23:00:00,4128.47310288047,3202.826386664884,3792.0905109875953
forecast_6384,2025-09-24 00:00:00,4075.1508307933054,3050.3541154210507,3860.8339214696375
forecast_6385,2025-09-24 01:00:00,4302.362265358058,3131.0777661212405,4041.63612263223
forecast_6386,2025-09-24 02:00:00,4610.504963702153,3815.088718876804,4131.172431053941
forecast_6387,2025-09-24 03:00:00,4794.164530576443,4113.955155493495,4363.100378449281
forecast_6388,2025-09-24 04:00:00,5167.045457211174,4790.270388092917,4601.828492242316
forecast_6389,2025-09-24 05:00:00,5669.652388090238,5706.079387454796,5070.3557015236365
forecast_6390,2025-09-24 06:00:00,5735.498425237669,6339.631989777884,5337.46739074561
forecast_6391,2025-09-24 07:00:00,5432.7558586472705,5599.547376272886,5552.484376235036
forecast_6392,2025-09-24 08:00:00,5573.786819578577,5351.591347744684,5724.177241330162
forecast_6393,2025-09-24 09:00:00,5831.030269836092,6363.637771091628,6069.030869376312
forecast_6394,2025-09-24 10:00:00,5182.740273193431,6195.503314241751,6090.204113647782
forecast_6395,2025-09-24 11:00:00,5596.296619028673,6992.880634076941,6618.713144680284
forecast_6396,2025-09-24 12:00:00,6557.507529084091,8522.2156180877,7635.611677222474
forecast_6397,2025-09-24 13:00:00,7160.418717541106,9774.120656485891,8763.5608133448
forecast_6398,2025-09-24 14:00:00,7764.661461932943,11955.537503566815,9978.024214917996
forecast_6399,2025-09-24 15:00:00,8162.054665782136,11648.846029050652,9418.55811250788
forecast_6400,2025-09-24 16:00:00,8488.529993627059,10776.831298506673,8930.402069496738
forecast_6401,2025-09-24 17:00:00,8861.018752259572,9728.956213444626,8645.938646096729
forecast_6402,2025-09-24 18:00:00,9207.375716748798,10736.344110795217,8292.477312361778
forecast_6403,2025-09-24 19:00:00,9881.432434530545,10728.542220619092,9613.847372189288
forecast_6404,2025-09-24 20:00:00,10600.35712798981,11641.014723958378,11059.054175872618
forecast_6405,2025-09-24 21:00:00,12839.852631501766,15142.468546044645,11982.810761491557
forecast_6406,2025-09-24 22:00:00,15212.692773514646,16790.710039621867,13189.970560993333
forecast_6407,2025-09-24 23:00:00,15220.487232441674,16985.064887388355,14220.984485189241
forecast_6408,2025-09-25 00:00:00,14280.227617112794,16853.459521340847,14138.779805595976
forecast_6409,2025-09-25 01:00:00,15555.026690048206,17367.865737627515,15070.046797990079
forecast_6410,2025-09-25 02:00:00,15671.832668109597,17435.419543909804,15250.309831971923
forecast_6411,2025-09-25 03:00:00,15321.502539982319,17373.7591051621,15073.883796114082
forecast_6412,2025-09-25 04:00:00,13944.924748617443,16959.747740713752,15429.236484306464
forecast_6413,2025-09-25 05:00:00,13264.721592770306,16377.560349940573,14211.15704440738
forecast_6414,2025-09-25 06:00:00,12930.32456131569,16344.489726346623,14536.675433012297
forecast_6415,2025-09-25 07:00:00,13060.568382207543,16010.408585286597,13893.963070129523
forecast_6416,2025-09-25 08:00:00,14332.261884479794,16145.023224019707,13386.299839337378
forecast_6417,2025-09-25 09:00:00,13845.941284703713,15326.781676932149,13705.741117957657
forecast_6418,2025-09-25 10:00:00,11483.86793335694,13664.884259461884,12892.077434290888
forecast_6419,2025-09-25 11:00:00,11360.086801949832,13620.982048220227,12345.933566371328
forecast_6420,2025-09-25 12:00:00,11753.158352971695,15003.513629538202,12600.405469562473
forecast_6421,2025-09-25 13:00:00,12154.384645588241,15926.320318682709,13067.371480663149
forecast_6422,2025-09-25 14:00:00,12927.142518557732,15696.91487018615,12908.011125285471
forecast_6423,2025-09-25 15:00:00,13447.841752963053,16149.07697940724,13057.548837836506
forecast_6424,2025-09-25 16:00:00,12931.313984524913,15785.834732538058,13209.371170973052
forecast_6425,2025-09-25 17:00:00,14061.860969322926,16321.211163947431,12969.089284072808
forecast_6426,2025-09-25 18:00:00,15046.206465412488,16790.276868629808,13503.602035007987
forecast_6427,2025-09-25 19:00:00,16054.760968887778,16727.2911757261,13679.99128069369
forecast_6428,2025-09-25 20:00:00,17159.80296496464,16563.452923158577,13508.86113316211
forecast_6429,2025-09-25 21:00:00,18127.037202324427,16690.593384356038,13100.15332763685
forecast_6430,2025-09-25 22:00:00,18918.930692732225,17495.52643967972,12656.554990316705
forecast_6431,2025-09-25 23:00:00,19019.33349370555,17418.371747901085,12194.850642571002
forecast_6432,2025-09-26 00:00:00,18140.02216461249,16971.452694030533,11624.996938397866
forecast_6433,2025-09-26 01:00:00,16258.575752803728,15313.503990328754,9992.893245287643
forecast_6434,2025-09-26 02:00:00,13413.262409260242,12415.12159339558,9085.154155657096
forecast_6435,2025-09-26 03:00:00,10307.38272048683,8766.620046694305,8494.520997300784
forecast_6436,2025-09-26 04:00:00,8203.565518194686,6972.746268831041,7105.037304309459
forecast_6437,2025-09-26 05:00:00,5711.751472933216,5225.504153141355,5805.822711619155
forecast_6438,2025-09-26 06:00:00,3606.907464864282,3255.6796744324397,4832.139460479444
forecast_6439,2025-09-26 07:00:00,2765.5693462923873,2485.3191905765975,4161.717256225081
forecast_6440,2025-09-26 08:00:00,2291.3689616773354,2255.1057009090905,3686.015974307264
forecast_6441,2025-09-26 09:00:00,2006.091772216661,1901.9950132416454,3269.1705738467963
forecast_6442,2025-09-26 10:00:00,1683.0982042056585,1568.312163720251,3048.124530201318
forecast_6443,2025-09-26 11:00:00,1674.974352013065,1491.7295495966098,2953.411151295068
forecast_6444,2025-09-26 12:00:00,1616.1270858917273,1411.462466687773,2877.596209888818
forecast_6445,2025-09-26 13:00:00,1627.0051700195042,1349.8920321174605,2927.452899341943
forecast_6446,2025-09-26 14:00:00,1732.4990665038792,1454.9347567268355,2934.229022388818
forecast_6447,2025-09-26 15:00:00,1801.5424014648167,1441.207583875273,3004.721454029443
forecast_6448,2025-09-26 16:00:00,1964.356422650098,1393.8106208819345,3164.107684498193
forecast_6449,2025-09-26 17:00:00,2117.069216745841,1440.8963343048686,3298.106707935693
forecast_6450,2025-09-26 18:00:00,2125.276908249892,1501.4709599677858,3369.389422779443
forecast_6451,2025-09-26 19:00:00,2139.205770997361,1534.6445231965492,3473.356219654443
forecast_6452,2025-09-26 20:00:00,2081.6100985514195,1645.0837761837245,3479.373797779443
forecast_6453,2025-09-26 21:00:00,2032.1643951038589,1615.671898392916,3461.256121998193
forecast_6454,2025-09-26 22:00:00,2123.068344019542,1675.5255311484987,3442.571307545068
forecast_6455,2025-09-26 23:00:00,2136.9297858658733,1712.4594805792153,3449.949481373193
forecast_6456,2025-09-27 00:00:00,2050.5015050473207,1658.7501191336244,3524.310321216943
forecast_6457,2025-09-27 01:00:00,2210.612704227662,1713.02132532272,3539.0075725387433
forecast_6458,2025-09-27 02:00:00,2311.8605425679475,1821.740670940207,3545.5061076949933
forecast_6459,2025-09-27 03:00:00,2302.6070554310863,2012.993996436824,3554.215464435203
forecast_6460,2025-09-27 04:00:00,2491.065682083188,2175.2823899450605,3538.31760664336
forecast_6461,2025-09-27 05:00:00,2740.537293379919,2278.1438669800723,3587.917558858128
forecast_6462,2025-09-27 06:00:00,2829.237695835772,2453.204832409553,3633.8361108118893
forecast_6463,2025-09-27 07:00:00,2816.9902085171793,2444.674708015775,3678.4270079675803
forecast_6464,2025-09-27 08:00:00,2738.349539014616,2242.878950415515,3558.5070216884455
forecast_6465,2025-09-27 09:00:00,2294.34307282448,2044.9550082948572,3445.529454304071
forecast_6466,2025-09-27 10:00:00,1999.7267666156492,1858.928365203329,3281.881565495231
forecast_6467,2025-09-27 11:00:00,1842.1839485172013,1784.9144577363595,3223.8800936144958
forecast_6468,2025-09-27 12:00:00,1706.1035582093987,1762.6940495847746,3208.035263067246
forecast_6469,2025-09-27 13:00:00,1765.7069804192554,1552.3594955666172,3197.5918333936306
forecast_6470,2025-09-27 14:00:00,1816.9748736486986,1608.579383558316,3201.1951611672466
forecast_6471,2025-09-27 15:00:00,1833.7008431060535,1615.1833370932493,3327.360440082312
forecast_6472,2025-09-27 16:00:00,1889.6561922980457,1572.1663228957386,3474.320389419062
forecast_6473,2025-09-27 17:00:00,2059.367364464215,1601.7391925986055,3572.528578776665
forecast_6474,2025-09-27 18:00:00,2381.544832179249,1870.7395260471794,3691.816543269438
forecast_6475,2025-09-27 19:00:00,2721.7989615887936,2277.7461311505585,3882.0423980125875
forecast_6476,2025-09-27 20:00:00,2802.6620322747335,2258.7084809552584,4015.0441671522194
forecast_6477,2025-09-27 21:00:00,2968.4653126836865,2628.4640653810857,4250.4015930194255
forecast_6478,2025-09-27 22:00:00,3801.830712450713,3353.795015571866,4758.400989443615
forecast_6479,2025-09-27 23:00:00,4459.029177377834,4054.7535924317754,5175.347274359818
forecast_6480,2025-09-28 00:00:00,4852.818962211127,4987.985866438823,5483.490750237234
forecast_6481,2025-09-28 01:00:00,5470.10758341035,6089.273879633323,5851.613559068575
forecast_6482,2025-09-28 02:00:00,6466.9658759412,8096.685635885906,6501.404879334106
forecast_6483,2025-09-28 03:00:00,7438.878922861623,7875.960177105877,6735.226767849556
forecast_6484,2025-09-28 04:00:00,7325.9402938884305,7769.641870048021,6768.224224071445
forecast_6485,2025-09-28 05:00:00,7100.6101177166165,7260.437603316726,6605.551831868165
forecast_6486,2025-09-28 06:00:00,5787.8531935040555,5923.775745083907,5916.3810646768525
forecast_6487,2025-09-28 07:00:00,4757.686447498417,4440.943525792999,5621.215992465348
forecast_6488,2025-09-28 08:00:00,4231.153252520569,4303.080871816528,5392.559373088928
forecast_6489,2025-09-28 09:00:00,3553.8495320141737,3965.512059202293,4733.360482414876
forecast_6490,2025-09-28 10:00:00,3460.8951142269807,3657.4280240660055,5372.092989563721
forecast_6491,2025-09-28 11:00:00,4096.685562584511,5128.462293920783,5453.605682002041
forecast_6492,2025-09-28 12:00:00,3941.426461752685,4994.00485684498,5243.275833941271
forecast_6493,2025-09-28 13:00:00,3721.113249604817,3876.28489793509,4545.908902946063
forecast_6494,2025-09-28 14:00:00,3808.9462117941316,3978.6224156704548,4393.15163583962
forecast_6495,2025-09-28 15:00:00,4951.340005314676,5268.772951705624,4494.07134820174
forecast_6496,2025-09-28 16:00:00,5213.61539956419,6733.391118320619,4548.143812259797
forecast_6497,2025-09-28 17:00:00,5093.322463582608,5078.0848731755095,4964.5754063832255
forecast_6498,2025-09-28 18:00:00,4976.389043169225,5221.313444086666,4979.658662473799
forecast_6499,2025-09-28 19:00:00,5340.525768208291,5647.305323177756,5309.492481514222
forecast_6500,2025-09-28 20:00:00,5492.026919031951,6103.335493072045,5772.995675413192
forecast_6501,2025-09-28 21:00:00,4906.880293414314,5515.52016168749,5640.639456247163
forecast_6502,2025-09-28 22:00:00,4348.514450572959,4333.372141350926,5297.859217574655
forecast_6503,2025-09-28 23:00:00,4090.784212396681,3399.9783049036887,5049.604504412091
forecast_6504,2025-09-29 00:00:00,3447.3611702586113,3393.9871615403285,4952.39336227107
forecast_6505,2025-09-29 01:00:00,3474.750720179757,3725.752618699806,4801.083041238359
forecast_6506,2025-09-29 02:00:00,3312.978842945336,3422.7676436621014,4604.2276093217415
forecast_6507,2025-09-29 03:00:00,3095.3188222765134,2787.418729579111,4296.040970374373
forecast_6508,2025-09-29 04:00:00,2820.176589341761,2429.151636035172,4408.568876808562
forecast_6509,2025-09-29 05:00:00,2534.9541100109345,2321.202332513187,4140.984939933524
forecast_6510,2025-09-29 06:00:00,2359.141939683259,2121.911114035869,3897.862596060419
forecast_6511,2025-09-29 07:00:00,2280.2206754358986,2103.0072298237055,3902.783753109691
forecast_6512,2025-09-29 08:00:00,2048.952732789072,1924.5780222455078,3690.420672779443
forecast_6513,2025-09-29 09:00:00,2054.7357035668356,1932.785254301744,3510.315448170068
forecast_6514,2025-09-29 10:00:00,1917.5198720052667,1893.1373512873458,3412.042010670068
forecast_6515,2025-09-29 11:00:00,2049.283864017593,1952.6371581399528,3547.834735279443
forecast_6516,2025-09-29 12:00:00,1807.6694841347803,1614.5739257180778,3582.223895435693
forecast_6517,2025-09-29 13:00:00,1780.5804275614378,1743.7081942268355,3618.919696216943
forecast_6518,2025-09-29 14:00:00,1870.0163745412265,1614.3930086799605,3694.3567822609966
forecast_6519,2025-09-29 15:00:00,1897.0479928890068,1708.9884971083593,3691.3313916359966
forecast_6520,2025-09-29 16:00:00,1942.1831099238257,1785.5631573761557,3666.9033546838773
forecast_6521,2025-09-29 17:00:00,2023.8200058403947,1772.9077600875637,3641.121112232568
forecast_6522,2025-09-29 18:00:00,2160.689972547665,1881.6690297113767,3697.980243091943
forecast_6523,2025-09-29 19:00:00,2232.163454509942,1936.8337843095585,3766.359881763818
forecast_6524,2025-09-29 20:00:00,2301.792829868425,2023.8392987219677,3799.498309498193
forecast_6525,2025-09-29 21:00:00,2392.1589817608283,2183.403680133006,3797.102870774936
forecast_6526,2025-09-29 22:00:00,2721.427069522346,2622.5899804291507,3920.5339160137596
forecast_6527,2025-09-29 23:00:00,2942.802816611103,2718.350556426896,3974.4031328975534
forecast_6528,2025-09-30 00:00:00,2870.5842391511787,2731.978068185113,4004.905530718063
forecast_6529,2025-09-30 01:00:00,3123.059745037158,2834.5524695697127,4300.040971348184
forecast_6530,2025-09-30 02:00:00,3176.145340821646,2778.75448838278,4468.268964107171
forecast_6531,2025-09-30 03:00:00,3228.4505616597835,2909.7939546210296,4328.40060157918
forecast_6532,2025-09-30 04:00:00,3339.3531657288795,2811.1741816033746,4617.641901766763
forecast_6533,2025-09-30 05:00:00,3271.4217866843096,2744.5659754781323,4312.500111667734
forecast_6534,2025-09-30 06:00:00,3053.998670766996,2563.202351008208,4145.140820157395
forecast_6535,2025-09-30 07:00:00,2777.0555105251974,2452.8457521053997,3991.6497167454354
forecast_6536,2025-09-30 08:00:00,2441.174676866333,1904.9705747780763,3664.3797039561227
forecast_6537,2025-09-30 09:00:00,2192.350491004095,1854.3583119770954,3444.1389027048876
forecast_6538,2025-09-30 10:00:00,1865.8481842903482,1595.7089235001333,3319.5748184806525
forecast_6539,2025-09-30 11:00:00,1751.6560521836755,1788.555520476207,3265.8204089363994
forecast_6540,2025-09-30 12:00:00,1981.7764055605167,1823.47701938606,3438.3023391458155
forecast_6541,2025-09-30 13:00:00,2027.835057052404,1708.3987014170136,3372.6699305209513
forecast_6542,2025-09-30 14:00:00,2065.3652621208234,1719.511148847795,3570.878704183998
forecast_6543,2025-09-30 15:00:00,2259.151270204112,1876.7850494758254,3775.963060848133
forecast_6544,2025-09-30 16:00:00,2385.8891612576153,2275.0954571723396,3842.6514292174807
forecast_6545,2025-09-30 17:00:00,2657.824568178284,2050.832763794957,3875.36349962637
forecast_6546,2025-09-30 18:00:00,3303.587398929406,2655.7653543477854,4159.9097063849085
forecast_6547,2025-09-30 19:00:00,4049.2841574805016,3521.7495656415144,4670.610804763471
forecast_6548,2025-09-30 20:00:00,4771.363053311628,4475.241720086964,4982.645950451666
forecast_6549,2025-09-30 21:00:00,5336.306662686862,5784.186213288431,5953.264386160983
forecast_6550,2025-09-30 22:00:00,6069.065165065379,7014.655541203201,6688.299433209854
forecast_6551,2025-09-30 23:00:00,6241.563787966869,7646.64450851383,7037.67470790717
forecast_6552,2025-10-01 00:00:00,7056.372132514346,7844.428306722767,7497.147915360771
forecast_6553,2025-10-01 01:00:00,8104.553652992998,8255.345074734749,8045.643395736757
forecast_6554,2025-10-01 02:00:00,8769.689770654055,8851.351406844253,8261.587627870082
forecast_6555,2025-10-01 03:00:00,9739.857774466198,9044.461291464038,8246.534444399513
forecast_6556,2025-10-01 04:00:00,9379.432577224918,8762.976727883903,8346.700350654752
forecast_6557,2025-10-01 05:00:00,8514.728414828196,7992.999538114066,7835.262694245473
forecast_6558,2025-10-01 06:00:00,8344.189788321994,7545.127214202679,7341.023608705358
forecast_6559,2025-10-01 07:00:00,7155.306965204589,6906.593545100305,7017.335064735921
forecast_6560,2025-10-01 08:00:00,5415.075271257027,5651.629461450733,5640.430012017893
forecast_6561,2025-10-01 09:00:00,4001.7862197863383,4051.921246757562,4677.22374857665
forecast_6562,2025-10-01 10:00:00,2551.237536993507,2860.4400898243225,3964.21852774505
forecast_6563,2025-10-01 11:00:00,2196.0613048278647,2191.4206230274435,3649.9516912548374
forecast_6564,2025-10-01 12:00:00,2163.148046552193,2090.795232503582,3647.8207074978513
forecast_6565,2025-10-01 13:00:00,2451.021404197865,2122.7530605729444,3761.929076224653
forecast_6566,2025-10-01 14:00:00,2750.7207985069526,2500.2751554786946,3695.2540711774514
forecast_6567,2025-10-01 15:00:00,2600.110785786824,2599.721314814091,3832.3382107094862
forecast_6568,2025-10-01 16:00:00,3245.2036023223245,2570.962530825895,4092.9192073445925
forecast_6569,2025-10-01 17:00:00,3823.7981495223917,3191.525136960448,4164.455668561584
forecast_6570,2025-10-01 18:00:00,4749.283617627054,3931.747966279661,4990.038670061039
forecast_6571,2025-10-01 19:00:00,5851.421737511605,5148.231402420385,5627.824523441623
forecast_6572,2025-10-01 20:00:00,6477.42711677555,5903.67755735212,6123.621097317177
forecast_6573,2025-10-01 21:00:00,6993.042035407501,6068.348517511359,6337.9812216897135
forecast_6574,2025-10-01 22:00:00,6887.182885240131,5563.304443881392,6462.617228445628
forecast_6575,2025-10-01 23:00:00,6333.431185434326,4794.893004443806,6182.139462632627
forecast_6576,2025-10-02 00:00:00,5452.408242741118,4912.582435836301,6187.577004907906
forecast_6577,2025-10-02 01:00:00,6059.105285602882,5507.589599271783,6597.640582858065
forecast_6578,2025-10-02 02:00:00,5971.169134228214,6449.170320407671,6422.279326369349
forecast_6579,2025-10-02 03:00:00,5192.309433743962,5620.8901774603255,6092.670482289554
forecast_6580,2025-10-02 04:00:00,4278.001903265797,4311.146262037919,5611.614946694233
forecast_6581,2025-10-02 05:00:00,3571.8698098238774,3425.266390638568,4885.377022249359
forecast_6582,2025-10-02 06:00:00,2971.8241956297666,2614.2971394379847,4477.169755736196
forecast_6583,2025-10-02 07:00:00,2416.8232685677253,2152.322060964927,4145.302854108296
forecast_6584,2025-10-02 08:00:00,2116.9966595223523,1967.6652174424735,3781.4363928675166
forecast_6585,2025-10-02 09:00:00,1957.6104833246816,1815.7197936427247,3433.4355812463773
forecast_6586,2025-10-02 10:00:00,1609.8232346435973,1646.8694528959838,3287.054705982568
forecast_6587,2025-10-02 11:00:00,1495.8721208535303,1507.908999890898,3258.507098560693
forecast_6588,2025-10-02 12:00:00,1501.2708024941553,1395.233218640898,3279.786639576318
forecast_6589,2025-10-02 13:00:00,1504.6840105019678,1307.303531140898,3338.130389576318
forecast_6590,2025-10-02 14:00:00,1619.1183366738428,1318.9821888109955,3444.008807545068
forecast_6591,2025-10-02 15:00:00,1655.9370622597803,1476.2277254768355,3414.740496998193
forecast_6592,2025-10-02 16:00:00,1757.0539168193898,1440.0432239672455,3596.726825123193
forecast_6593,2025-10-02 17:00:00,1840.5163194572426,1447.6678457940927,3526.086444263818
forecast_6594,2025-10-02 18:00:00,1933.991949444248,1545.5991115030934,3573.302752857568
forecast_6595,2025-10-02 19:00:00,1941.1584662038995,1543.7628436739978,3615.746356373193
forecast_6596,2025-10-02 20:00:00,2010.8149856827445,1636.873191597966,3636.706317310693
forecast_6597,2025-10-02 21:00:00,2057.29586188643,1709.0212463995867,3581.393329029443
forecast_6598,2025-10-02 22:00:00,2182.545255542857,1705.6968031827655,3596.365741138818
forecast_6599,2025-10-02 23:00:00,2247.476201940782,1760.5568547463427,3609.165057545068
forecast_6600,2025-10-03 00:00:00,2409.293406460952,2164.2217995076085,3682.9175120957925
forecast_6601,2025-10-03 01:00:00,2910.00582307389,3122.99595264678,3922.543842830167
forecast_6602,2025-10-03 02:00:00,2939.6081739309043,3247.9550566821,4075.593815167155
forecast_6603,2025-10-03 03:00:00,3344.4733111639007,3583.150092133685,4017.37763078834
forecast_6604,2025-10-03 04:00:00,3325.2918269857064,3458.394583729662,4116.551446508125
forecast_6605,2025-10-03 05:00:00,3469.6456510505345,3635.090648683457,4208.72702236339
forecast_6606,2025-10-03 06:00:00,3673.0991452539965,3744.809728091198,4304.674296085349
forecast_6607,2025-10-03 07:00:00,3865.3027516926877,4683.367431737523,4463.707674102043
forecast_6608,2025-10-03 08:00:00,3937.8364922272795,5094.275029224919,4848.067448386658
forecast_6609,2025-10-03 09:00:00,3778.809347770978,4991.430046517262,4902.4972849564565
forecast_6610,2025-10-03 10:00:00,3314.2374272025045,4170.774817467173,4947.358634824249
forecast_6611,2025-10-03 11:00:00,3081.5646212637153,3655.616001062531,4925.756879794413
forecast_6612,2025-10-03 12:00:00,3091.2987015300755,3997.3864648913755,4929.43062625091
forecast_6613,2025-10-03 13:00:00,3222.512737319472,3880.1479273430555,4719.2227902344475
forecast_6614,2025-10-03 14:00:00,2964.589697610087,3544.4509465224305,4379.475008013245
forecast_6615,2025-10-03 15:00:00,3363.851646258403,4026.20916569602,4273.056294918693
forecast_6616,2025-10-03 16:00:00,4717.213701285512,5631.8713228067645,4689.752469910855
forecast_6617,2025-10-03 17:00:00,5060.515416195061,5927.689717275808,4825.4878836121525
forecast_6618,2025-10-03 18:00:00,5341.219597429579,5905.549417832467,4835.511397642276
forecast_6619,2025-10-03 19:00:00,5369.942432949254,5814.407370356163,4896.911063582206
forecast_6620,2025-10-03 20:00:00,5342.855630756712,5919.019236537516,4950.751241425529
forecast_6621,2025-10-03 21:00:00,5869.808253485646,5919.504568587614,4981.268358771227
forecast_6622,2025-10-03 22:00:00,5298.818256528213,5344.463936174311,4712.441510819485
forecast_6623,2025-10-03 23:00:00,4871.361317909099,4621.186664824838,4507.871327884513
forecast_6624,2025-10-04 00:00:00,4047.9808038017004,3860.163254329173,4373.905429039216
forecast_6625,2025-10-04 01:00:00,3994.2947015019417,3957.2076022700694,4250.316628654243
forecast_6626,2025-10-04 02:00:00,3778.4756134283825,3911.4893757199143,4243.075589374845
forecast_6627,2025-10-04 03:00:00,3609.0021543814387,3311.154866146315,4215.18878995084
forecast_6628,2025-10-04 04:00:00,3431.1678867937917,3012.547408585995,4247.429472473095
forecast_6629,2025-10-04 05:00:00,3259.8643293039036,2821.7492028273596,4242.529072523208
forecast_6630,2025-10-04 06:00:00,3165.577941112295,2893.354291468673,4224.780904954917
forecast_6631,2025-10-04 07:00:00,3006.8876057530697,2753.40045136257,4242.313904012988
forecast_6632,2025-10-04 08:00:00,2766.4787222963405,2526.0175155857746,4254.9561951981605
forecast_6633,2025-10-04 09:00:00,2682.2416335181742,2477.346885453053,4185.499805359216
forecast_6634,2025-10-04 10:00:00,2514.3031377060192,2237.4176204307296,4112.6718593870655
forecast_6635,2025-10-04 11:00:00,2264.726267824686,1935.5928145017608,4109.017261222464
forecast_6636,2025-10-04 12:00:00,2142.2241451526424,1955.4721591341147,4094.930936938423
forecast_6637,2025-10-04 13:00:00,2047.670477484373,1759.7317149797113,4126.060262432812
forecast_6638,2025-10-04 14:00:00,2034.7327163257794,1729.5846739436367,4151.56807473533
forecast_6639,2025-10-04 15:00:00,2051.86938083915,1787.4121544526868,4133.336135423642
forecast_6640,2025-10-04 16:00:00,2106.082425197181,1810.5443016616687,4191.45122988323
forecast_6641,2025-10-04 17:00:00,2168.9583191641977,1861.687042556535,4205.640331220007
forecast_6642,2025-10-04 18:00:00,2215.185896951421,1816.6099687899757,4163.793562454054
forecast_6643,2025-10-04 19:00:00,2110.4414870752225,1760.9105306997062,4162.484954770124
forecast_6644,2025-10-04 20:00:00,2023.3422325006263,1668.0212413197808,4133.80708060399
forecast_6645,2025-10-04 21:00:00,1930.191784272305,1656.8943354576654,4066.816830112661
forecast_6646,2025-10-04 22:00:00,1883.3075591068166,1578.6491436247647,3961.280806660455
forecast_6647,2025-10-04 23:00:00,1837.1389273359375,1606.1493416959497,3974.7257976530746
forecast_6648,2025-10-05 00:00:00,1819.8842889914185,1664.0272060458522,3860.619159107568
forecast_6649,2025-10-05 01:00:00,1911.3738352897738,1936.586554981315,3723.736834888818
forecast_6650,2025-10-05 02:00:00,1949.3520904699515,1797.014077396203,3766.570086841943
forecast_6651,2025-10-05 03:00:00,1960.2503563915614,1662.607049266691,3668.381121998193
forecast_6652,2025-10-05 04:00:00,1855.8911626412498,1553.4199666593415,3669.805926685693
forecast_6653,2025-10-05 05:00:00,1923.3120610787498,1560.6350545499665,3559.748797779443
forecast_6654,2025-10-05 06:00:00,1931.4043462349998,1537.9114217374665,3509.992938404443
forecast_6655,2025-10-05 07:00:00,1841.8732943493794,1629.9104451749665,3488.414813404443
forecast_6656,2025-10-05 08:00:00,1861.1326333481113,1533.523116073404,3413.897967701318
forecast_6657,2025-10-05 09:00:00,1798.027719443289,1590.856543364244,3415.632098560693
forecast_6658,2025-10-05 10:00:00,1756.6771421945036,1499.746191801744,3440.222674732568
forecast_6659,2025-10-05 11:00:00,1837.6685212759276,1608.780371489244,3465.670184498193
forecast_6660,2025-10-05 12:00:00,1771.84589312203,1670.167822661119,3422.448260670068
forecast_6661,2025-10-05 13:00:00,1811.519917291001,1603.8249959562165,3461.892596607568
forecast_6662,2025-10-05 14:00:00,1913.4965850113415,1628.761153182779,3507.267840748193
forecast_6663,2025-10-05 15:00:00,2016.0801633978876,1712.9666334521019,3620.613299732568
forecast_6664,2025-10-05 16:00:00,2198.9003560377278,1803.0319476407356,3708.326190357568
forecast_6665,2025-10-05 17:00:00,2139.4252957282765,1698.1478008963793,3811.9342928332458
forecast_6666,2025-10-05 18:00:00,2294.9973838303695,1635.8325606982805,3900.594494642968
forecast_6667,2025-10-05 19:00:00,2349.3697785839804,1974.2632853268935,3939.6929173445237
forecast_6668,2025-10-05 20:00:00,2497.0898127981463,2421.2081846891433,4024.286331008945
forecast_6669,2025-10-05 21:00:00,2397.272780831657,2226.5311092654524,3971.3802796372916
forecast_6670,2025-10-05 22:00:00,2301.4287850342603,2377.1575605349553,3916.7378069725764
forecast_6671,2025-10-05 23:00:00,2434.837237548174,2327.7352203436963,3918.740797804391
forecast_6672,2025-10-06 00:00:00,2621.446394908348,2510.6344738812395,3947.7466522803743
forecast_6673,2025-10-06 01:00:00,2870.725371819266,2659.257582738247,4003.108664321699
forecast_6674,2025-10-06 02:00:00,3119.4682016727647,3014.5106469683856,4166.834967839133
forecast_6675,2025-10-06 03:00:00,3153.343986562601,3318.73842075658,4381.009783664969
forecast_6676,2025-10-06 04:00:00,3640.8647669587644,4640.334725338165,4734.349048950424
forecast_6677,2025-10-06 05:00:00,4383.86130866903,6124.8892119698685,5573.779478297118
forecast_6678,2025-10-06 06:00:00,5582.0286779386515,7714.3620256659915,6288.030134395015
forecast_6679,2025-10-06 07:00:00,6213.821398609398,8817.159417067935,7457.076462796207
forecast_6680,2025-10-06 08:00:00,7367.150996456005,9775.452525549903,7700.079375999645
forecast_6681,2025-10-06 09:00:00,7728.559323534106,10882.01267434247,7900.713567970147
forecast_6682,2025-10-06 10:00:00,7621.8679021277585,10248.8722388786,7580.13013450395
forecast_6683,2025-10-06 11:00:00,6440.125364498015,9404.135125177325,7246.305228637859
forecast_6684,2025-10-06 12:00:00,5504.213734854889,7867.973929150343,6643.389488273976
forecast_6685,2025-10-06 13:00:00,5177.460023014841,6289.5380847506985,6172.393623566833
forecast_6686,2025-10-06 14:00:00,5174.44529812522,6007.993272954958,5912.8991889362715
forecast_6687,2025-10-06 15:00:00,5175.44564143308,6473.366983895701,5871.026478346089
forecast_6688,2025-10-06 16:00:00,5621.097399295313,6836.239018627338,6299.36038224962
forecast_6689,2025-10-06 17:00:00,6030.226136175831,7264.536114787434,6772.493110948712
forecast_6690,2025-10-06 18:00:00,6344.588831309629,8810.992390321462,7055.431488410025
forecast_6691,2025-10-06 19:00:00,7162.290606098464,9940.467121028707,7401.939435667056
forecast_6692,2025-10-06 20:00:00,8251.70143177688,11474.546931145625,8312.218883943464
forecast_6693,2025-10-06 21:00:00,10272.199239031557,13205.58963787318,9338.760973479366
forecast_6694,2025-10-06 22:00:00,11375.957587723085,14502.255070443745,9403.99695897025
forecast_6695,2025-10-06 23:00:00,11777.623467464377,14393.047398369314,9649.978816909792
forecast_6696,2025-10-07 00:00:00,11232.519550251507,14960.824821476846,9877.069788959252
forecast_6697,2025-10-07 01:00:00,10031.34363824747,15430.235507004883,9421.112645895722
forecast_6698,2025-10-07 02:00:00,9367.91176239572,14649.088666642423,9388.84776711971
forecast_6699,2025-10-07 03:00:00,8496.495786674397,12773.21599458056,8852.481677992033
forecast_6700,2025-10-07 04:00:00,7131.8661706992225,11078.368525806318,8070.377916613263
forecast_6701,2025-10-07 05:00:00,7047.68292051929,9676.630279517898,7635.0308084480375
forecast_6702,2025-10-07 06:00:00,6974.1557937157995,8145.653109280684,7256.75524702341
forecast_6703,2025-10-07 07:00:00,5826.300167659436,8183.7317068094035,6615.247247551462
forecast_6704,2025-10-07 08:00:00,5901.271568961687,8512.112384499944,6268.021629834737
forecast_6705,2025-10-07 09:00:00,5127.488435383099,6668.678269920792,5575.181878293861
forecast_6706,2025-10-07 10:00:00,5145.971518735603,5346.223579199313,5121.363045052368
forecast_6707,2025-10-07 11:00:00,4431.145657137288,5096.631018914833,4842.399437494611
forecast_6708,2025-10-07 12:00:00,3802.5751726291783,4910.706014548604,4910.675830664553
forecast_6709,2025-10-07 13:00:00,3765.7697304485655,4525.4874425550925,4472.2930568257225
forecast_6710,2025-10-07 14:00:00,3469.646432241597,4230.99851853622,4259.876307024442
forecast_6711,2025-10-07 15:00:00,2963.45201054336,3500.732230525293,4452.186565992461
forecast_6712,2025-10-07 16:00:00,2868.0163593807365,3076.3397090970943,4038.0720292701394
forecast_6713,2025-10-07 17:00:00,2957.5752706721023,2294.0113208054363,4148.832353797386
forecast_6714,2025-10-07 18:00:00,2686.4339743323417,2165.566453274195,4094.5357510527024
forecast_6715,2025-10-07 19:00:00,2228.0104669712687,2058.308024786388,4029.286904069781
forecast_6716,2025-10-07 20:00:00,2033.191778693634,1864.6236366562616,4014.139666920068
forecast_6717,2025-10-07 21:00:00,1799.233708285997,1688.0152044194908,3982.563006763818
forecast_6718,2025-10-07 22:00:00,1657.922140906041,1615.6248619813607,3736.198993091943
forecast_6719,2025-10-07 23:00:00,1917.3062476270395,1637.6731014213858,3958.883807545068
forecast_6720,2025-10-08 00:00:00,2112.4641960815393,1621.769813141445,3797.088153248193
forecast_6721,2025-10-08 01:00:00,1979.3624160699922,1739.9771617905112,3769.574725513818
forecast_6722,2025-10-08 02:00:00,1995.0150240485486,1764.0196377681264,3732.970721607568
forecast_6723,2025-10-08 03:00:00,1988.2030092051148,1728.224219145494,3760.569842701318
forecast_6724,2025-10-08 04:00:00,2063.7653112082116,1742.2506647988155,3725.032733326318
forecast_6725,2025-10-08 05:00:00,2115.532046938891,1769.9786665571132,3779.921474135337
forecast_6726,2025-10-08 06:00:00,2097.681240619232,1803.331990405511,3753.3303698701925
forecast_6727,2025-10-08 07:00:00,2101.666976561604,1796.639519053357,3821.094173299943
forecast_6728,2025-10-08 08:00:00,2135.482336566781,1785.667632232216,3829.7980389239337
forecast_6729,2025-10-08 09:00:00,2143.2909768153895,1848.1243665034065,3924.1787415201993
forecast_6730,2025-10-08 10:00:00,2142.9400977768464,1754.058881469502,3995.632014619485
forecast_6731,2025-10-08 11:00:00,2042.635917561605,1758.6083367228127,3962.3666489272414
forecast_6732,2025-10-08 12:00:00,1938.3229737370227,1745.8856776839764,3963.921485920182
forecast_6733,2025-10-08 13:00:00,1936.0267916220764,1743.778747567439,3954.9301129264904
forecast_6734,2025-10-08 14:00:00,1966.1421769121353,1772.8012998985614,4028.4520831848527
forecast_6735,2025-10-08 15:00:00,2155.4168316915448,1920.713796758501,4036.3421927580603
forecast_6736,2025-10-08 16:00:00,2289.310390965065,2047.7255879542759,4230.346624994719
forecast_6737,2025-10-08 17:00:00,2637.8037434449966,2308.208020646798,4306.12080278812
forecast_6738,2025-10-08 18:00:00,3091.1305242411263,2864.6654544757184,4500.8476974758405
forecast_6739,2025-10-08 19:00:00,3667.1671195192253,3559.7561483709705,5005.601211881987
forecast_6740,2025-10-08 20:00:00,3798.767579868353,4432.727584843993,5369.867746348387
forecast_6741,2025-10-08 21:00:00,4218.986394448957,5145.478329250326,5656.449525009624
forecast_6742,2025-10-08 22:00:00,4403.420894140136,5930.274561522134,6039.7817626349
forecast_6743,2025-10-08 23:00:00,4736.684179368746,6278.9277791455315,6288.774474256141
forecast_6744,2025-10-09 00:00:00,5208.141055181494,6757.131698756679,6525.4389866571855
forecast_6745,2025-10-09 01:00:00,5354.473848701154,8058.0073541609445,6501.227915928697
forecast_6746,2025-10-09 02:00:00,5246.109624843898,8048.685861386891,6398.972982009003
forecast_6747,2025-10-09 03:00:00,4927.99495395498,7586.817235862247,6298.243729695792
forecast_6748,2025-10-09 04:00:00,4775.828825728025,7292.244029860893,6351.213268305324
forecast_6749,2025-10-09 05:00:00,4816.348028620998,7456.225710938953,6336.2428372484965
forecast_6750,2025-10-09 06:00:00,4908.069439912836,7352.93104677954,6392.957138576088
forecast_6751,2025-10-09 07:00:00,5004.922675404632,7065.505666392591,6339.590810725175
forecast_6752,2025-10-09 08:00:00,4884.473090034788,7116.895387371651,6213.7894416524705
forecast_6753,2025-10-09 09:00:00,4627.303586009409,6147.3552461881,6119.721131060399
forecast_6754,2025-10-09 10:00:00,4229.067427694426,5426.111394899523,5852.4746755758215
forecast_6755,2025-10-09 11:00:00,3742.5899492311783,4919.471918275558,5614.63184040365
forecast_6756,2025-10-09 12:00:00,3485.3334606630333,4673.980683146689,5395.6756775137455
forecast_6757,2025-10-09 13:00:00,3325.755338292296,4065.9141709449646,5211.145971210332
forecast_6758,2025-10-09 14:00:00,3098.0169745092157,3780.4746478645247,5013.662914470999
forecast_6759,2025-10-09 15:00:00,2948.3705898856765,3528.1650605944096,4757.11974576731
forecast_6760,2025-10-09 16:00:00,2967.338223187903,3355.333589276804,4683.451189444025
forecast_6761,2025-10-09 17:00:00,2967.809993127714,3259.7951558847035,4575.858783506731
forecast_6762,2025-10-09 18:00:00,2933.7367931751132,3197.8543535764115,4347.498249490272
forecast_6763,2025-10-09 19:00:00,2848.493354995811,3001.2923650982,4148.9469501872545
forecast_6764,2025-10-09 20:00:00,2816.496480671165,2891.2320219475287,4035.4653998345225
forecast_6765,2025-10-09 21:00:00,2752.595188697909,2663.5924139328476,3857.920723076532
forecast_6766,2025-10-09 22:00:00,2647.923043827246,2491.2796458003477,3785.4520282285384
forecast_6767,2025-10-09 23:00:00,2719.89135878848,2199.642372582342,3716.6583161616995
forecast_6768,2025-10-10 00:00:00,2758.6020520298725,2213.939137375403,3761.287381645944
forecast_6769,2025-10-10 01:00:00,2807.976712005265,2346.2903993728014,3765.062815937539
forecast_6770,2025-10-10 02:00:00,2870.4212755145923,2499.115591428364,3765.408862665781
forecast_6771,2025-10-10 03:00:00,2879.845147683439,2640.6436615760576,3754.1859947628645
forecast_6772,2025-10-10 04:00:00,2988.2740870980906,2836.9546950018294,3773.5305839399953
forecast_6773,2025-10-10 05:00:00,3035.7707450313237,2964.019812611854,3806.571305118999
forecast_6774,2025-10-10 06:00:00,2988.2910983277006,2920.598347335598,3789.815464631858
forecast_6775,2025-10-10 07:00:00,3115.2328079562767,3040.5530031205385,3839.0650623277643
forecast_6776,2025-10-10 08:00:00,3247.5754494842495,2956.135932249777,3881.354726463274
forecast_6777,2025-10-10 09:00:00,3204.619067934751,2869.854149821389,3890.5588770263507
forecast_6778,2025-10-10 10:00:00,2869.6881004709103,2741.5557876262646,3861.2232138591457
forecast_6779,2025-10-10 11:00:00,2687.646544127515,2457.9292565146397,3824.7222760363206
forecast_6780,2025-10-10 12:00:00,2835.4458565787163,2540.509527517682,3864.0632455396303
forecast_6781,2025-10-10 13:00:00,3098.6593530529713,2821.6552424209594,3950.094168207776
forecast_6782,2025-10-10 14:00:00,3238.942284617389,2957.525027121726,4029.4593562338073
forecast_6783,2025-10-10 15:00:00,3258.923110070821,2813.2623510491358,4071.5766608803315
forecast_6784,2025-10-10 16:00:00,3294.494142208023,2574.3871044868447,4000.256308616165
forecast_6785,2025-10-10 17:00:00,3270.60522870792,2599.125914184754,3958.023284821941
forecast_6786,2025-10-10 18:00:00,3224.4898845468742,2851.87244017404,3908.8657018620256
forecast_6787,2025-10-10 19:00:00,3310.7704013616085,2842.2007528056624,4022.0049053671496
forecast_6788,2025-10-10 20:00:00,3385.8135491232406,3131.9315724637427,4157.9579629916725
forecast_6789,2025-10-10 21:00:00,3470.99052674444,3659.424597782063,4297.135567416153
forecast_6790,2025-10-10 22:00:00,3823.988536981411,3963.309853909535,4508.612109932706
forecast_6791,2025-10-10 23:00:00,4312.831767493026,4887.370101062447,4712.2918449752215
forecast_6792,2025-10-11 00:00:00,4870.149642645574,5536.289492036631,5110.406507163969
forecast_6793,2025-10-11 01:00:00,4848.714254098668,5689.895538789402,5399.365016759309
forecast_6794,2025-10-11 02:00:00,5774.033653641157,7025.884994303603,5846.754774430365
forecast_6795,2025-10-11 03:00:00,6265.380783007122,9870.315822246197,6182.8154704469
forecast_6796,2025-10-11 04:00:00,7055.339348639382,12060.08233982216,6586.740502425875
forecast_6797,2025-10-11 05:00:00,7691.898586049305,12641.16519432736,7150.977087645012
forecast_6798,2025-10-11 06:00:00,8005.102230490228,13081.757441111986,7606.954038566428
forecast_6799,2025-10-11 07:00:00,7957.896886986749,12685.62830758692,7733.12115369571
forecast_6800,2025-10-11 08:00:00,7728.17956290509,11604.083046669799,8047.698344996841
forecast_6801,2025-10-11 09:00:00,7812.2055860034125,11188.719587479858,8036.678836486315
forecast_6802,2025-10-11 10:00:00,8363.083147529218,9960.815342928774,8105.936294542412
forecast_6803,2025-10-11 11:00:00,8415.298138522554,9726.088542949983,8150.1047075137085
forecast_6804,2025-10-11 12:00:00,8408.733848371718,10183.089589832683,8376.825589106858
forecast_6805,2025-10-11 13:00:00,8324.612684263375,11640.106909017548,8594.753679564777
forecast_6806,2025-10-11 14:00:00,8097.0482110124485,12259.61272891042,8865.131967719542
forecast_6807,2025-10-11 15:00:00,8247.498557838118,11440.100661067596,9234.186335780538
forecast_6808,2025-10-11 16:00:00,9349.608123507993,10997.204798771038,9933.489234021032
forecast_6809,2025-10-11 17:00:00,10387.516068116394,10987.080718304955,9684.624529006473
forecast_6810,2025-10-11 18:00:00,10680.241430538605,12246.465343976262,10604.425597788017
forecast_6811,2025-10-11 19:00:00,10588.729051307348,12258.21832542608,11542.063237337055
forecast_6812,2025-10-11 20:00:00,10248.758173625523,11478.313956615862,11294.662661282568
forecast_6813,2025-10-11 21:00:00,10064.537632682512,11123.714144905,10844.17516657658
forecast_6814,2025-10-11 22:00:00,10071.974125498386,12254.425241775916,10760.874042849622
forecast_6815,2025-10-11 23:00:00,9573.67526592528,12194.665960891558,10757.009223187772
forecast_6816,2025-10-12 00:00:00,8969.003447408879,12011.272716968235,9848.794110814397
forecast_6817,2025-10-12 01:00:00,9448.418007653763,12031.297070868039,9935.825200242605
forecast_6818,2025-10-12 02:00:00,8379.925453231488,10985.895475376708,9280.822866247228
forecast_6819,2025-10-12 03:00:00,7225.7901721976405,7486.0597450098685,7908.998506311935
forecast_6820,2025-10-12 04:00:00,5693.289544117336,5468.655542961864,7130.461565512264
forecast_6821,2025-10-12 05:00:00,4473.474052707847,4357.330868609506,6125.686853370032
forecast_6822,2025-10-12 06:00:00,3600.8589113000335,3407.10728611535,5425.698256860323
forecast_6823,2025-10-12 07:00:00,3383.0010794168375,3447.123050570167,5359.40504165636
forecast_6824,2025-10-12 08:00:00,3865.080011328928,4189.463795483441,5231.28418742295
forecast_6825,2025-10-12 09:00:00,3822.6406320937845,4015.163886800079,5657.361232887029
forecast_6826,2025-10-12 10:00:00,3787.190252500562,4111.941366559949,5992.337228815219
forecast_6827,2025-10-12 11:00:00,3956.144198124278,4766.573902275058,6532.693320616886
forecast_6828,2025-10-12 12:00:00,4090.586258557137,5299.5008029243745,6571.597040776151
forecast_6829,2025-10-12 13:00:00,4281.939115530929,5698.610066062353,6630.902850206961
forecast_6830,2025-10-12 14:00:00,4782.807056140888,6192.378624748436,6824.247446348659
forecast_6831,2025-10-12 15:00:00,4962.073190085292,7282.976740854193,6660.130674930694
forecast_6832,2025-10-12 16:00:00,5346.717255937821,8247.365264592725,6577.699587883524
forecast_6833,2025-10-12 17:00:00,5208.584509210139,7427.120331309665,6590.456554550743
forecast_6834,2025-10-12 18:00:00,5217.306870683125,7462.84625395773,6360.0104756156725
forecast_6835,2025-10-12 19:00:00,4981.19713084612,7741.995003748685,6327.275824116508
forecast_6836,2025-10-12 20:00:00,4910.582885463338,8258.741008909534,6210.0616025154395
forecast_6837,2025-10-12 21:00:00,4564.253087911174,8103.8408069683155,6060.127928625805
forecast_6838,2025-10-12 22:00:00,4417.545048591587,7196.984062151523,5862.825780175702
forecast_6839,2025-10-12 23:00:00,4362.861345561262,5642.3531345153815,5706.5848996024115
forecast_6840,2025-10-13 00:00:00,3639.823225708243,4377.887593361212,5259.520114552274
forecast_6841,2025-10-13 01:00:00,3471.3706912002745,3611.065962604633,4557.627633859145
forecast_6842,2025-10-13 02:00:00,2994.9646107489266,3163.2439875081827,4400.635774465031
forecast_6843,2025-10-13 03:00:00,2961.943206708686,2865.498497650297,4232.95883789199
forecast_6844,2025-10-13 04:00:00,2970.194110459375,2999.048803094141,4216.162999502205
forecast_6845,2025-10-13 05:00:00,3133.8541710654795,3505.5653379562164,4597.68560023663
forecast_6846,2025-10-13 06:00:00,3503.7917715662306,4086.911257535757,5087.02888455094
forecast_6847,2025-10-13 07:00:00,4760.915142731067,5153.799619929151,5843.4999266875875
forecast_6848,2025-10-13 08:00:00,4887.405876266839,5756.201867449351,5714.80452270801
forecast_6849,2025-10-13 09:00:00,4448.859674243784,4998.774064357949,5598.755760051544
forecast_6850,2025-10-13 10:00:00,4279.0619636807405,4321.909589255801,5651.542421405849
forecast_6851,2025-10-13 11:00:00,4728.72345462164,3885.664733025059,5866.537701059695
forecast_6852,2025-10-13 12:00:00,4469.531149149007,4028.1944174992736,5702.8855718703935
forecast_6853,2025-10-13 13:00:00,4637.264833574323,4525.1534216171385,5603.64316318392
forecast_6854,2025-10-13 14:00:00,4523.273280216384,4828.8406794927105,5375.903525017783
forecast_6855,2025-10-13 15:00:00,4960.241138574119,4735.926998034749,5639.122850696351
forecast_6856,2025-10-13 16:00:00,4751.603437120277,4384.001985151244,5571.387740006919
forecast_6857,2025-10-13 17:00:00,4402.867169210681,4112.754940031454,5679.385471763581
forecast_6858,2025-10-13 18:00:00,4989.843136119563,5245.369666455948,5743.716754958168
forecast_6859,2025-10-13 19:00:00,5002.893169610057,5453.661496004826,5959.558907372487
forecast_6860,2025-10-13 20:00:00,4985.186077752698,6072.4567233816815,5870.820049711187
forecast_6861,2025-10-13 21:00:00,4781.275198033044,5461.125673502813,5861.984672256151
forecast_6862,2025-10-13 22:00:00,4977.393041832126,5852.631972105697,5622.433328715114
forecast_6863,2025-10-13 23:00:00,5262.77000709232,6162.2563893178485,5645.299059836892
forecast_6864,2025-10-14 00:00:00,5738.67290697729,6149.691612693801,5929.228956885517
forecast_6865,2025-10-14 01:00:00,6614.881189423641,7543.913781101937,6230.131931158629
forecast_6866,2025-10-14 02:00:00,6142.070675150032,8681.103928375891,6373.862872983307
forecast_6867,2025-10-14 03:00:00,5535.508545028866,7468.907076034751,5930.313915765194
forecast_6868,2025-10-14 04:00:00,5292.523342943828,6329.430556436524,5796.124528325243
forecast_6869,2025-10-14 05:00:00,6023.17591681928,7923.652603825683,6497.019093544235
forecast_6870,2025-10-14 06:00:00,5776.751307978866,8319.008347028124,6415.542797762106
forecast_6871,2025-10-14 07:00:00,5229.006425195727,6733.136020042131,6359.540670708371
forecast_6872,2025-10-14 08:00:00,5280.590554839579,6052.627024939158,6543.579043735251
forecast_6873,2025-10-14 09:00:00,4871.95943064016,5463.738297474571,6403.682663679594
forecast_6874,2025-10-14 10:00:00,4869.829060973674,5904.635239671761,6450.538683359967
forecast_6875,2025-10-14 11:00:00,4604.991821775774,5840.715023456578,6140.729000608815
forecast_6876,2025-10-14 12:00:00,4481.774760636834,5140.420885648824,5978.051688719854
forecast_6877,2025-10-14 13:00:00,4612.160832349722,5332.477744265203,6018.182372049175
forecast_6878,2025-10-14 14:00:00,4945.19302933821,5398.931013939728,6224.79806537534
forecast_6879,2025-10-14 15:00:00,4466.374673534938,5286.441898731331,6125.694956078666
forecast_6880,2025-10-14 16:00:00,4534.568115025628,5672.61960711389,6264.928045047565
forecast_6881,2025-10-14 17:00:00,4172.1618167070865,4964.969689902892,6203.566502290829
forecast_6882,2025-10-14 18:00:00,3930.2478757117124,5102.790036349824,6232.024787336746
forecast_6883,2025-10-14 19:00:00,4036.889901068235,5859.037655154243,6265.79734319867
forecast_6884,2025-10-14 20:00:00,4065.930209887928,5727.648098876476,6128.483076428488
forecast_6885,2025-10-14 21:00:00,3774.5464750297288,5164.942354452292,5925.775102978127
forecast_6886,2025-10-14 22:00:00,3584.92448725905,5572.055835996786,5350.130356367217
forecast_6887,2025-10-14 23:00:00,3708.190413601915,5137.422797044386,5145.862719900644
forecast_6888,2025-10-15 00:00:00,3494.6839370375774,5262.935845348682,5038.289138581427
forecast_6889,2025-10-15 01:00:00,3781.907611066567,4739.089013164084,5053.095946614952
forecast_6890,2025-10-15 02:00:00,3736.920142622439,5119.408681279393,4976.080861390655
forecast_6891,2025-10-15 03:00:00,3658.9483452890063,4319.524711512526,4990.9347025745565
forecast_6892,2025-10-15 04:00:00,3603.165476449454,4149.759167708773,4962.153572182441
forecast_6893,2025-10-15 05:00:00,3587.677897895821,4276.893347362206,4799.308823319212
forecast_6894,2025-10-15 06:00:00,3515.3887420951146,4374.056461227271,4855.276489239587
forecast_6895,2025-10-15 07:00:00,3358.9077050989454,4569.744386626337,4749.338793029942
forecast_6896,2025-10-15 08:00:00,3303.359974440363,4109.476864056778,4809.375871131809
forecast_6897,2025-10-15 09:00:00,3121.272578332544,3767.2772684810643,4756.498264904874
forecast_6898,2025-10-15 10:00:00,2763.1142955069695,3357.941363352848,4429.863026653826
forecast_6899,2025-10-15 11:00:00,2430.72050647564,2770.7312255536117,4207.4140838962085
forecast_6900,2025-10-15 12:00:00,2395.9119904250656,2736.6732200089073,4087.4210721276204
forecast_6901,2025-10-15 13:00:00,2262.7100022100085,2615.153262875865,3897.561656999226
forecast_6902,2025-10-15 14:00:00,2258.2021032334983,2677.8393193636066,3790.869847423533
forecast_6903,2025-10-15 15:00:00,2226.467072536655,2454.376889885777,3818.611416086986
forecast_6904,2025-10-15 16:00:00,2400.9334832523646,2422.531019677584,3800.2336442279525
forecast_6905,2025-10-15 17:00:00,2653.5834571797604,2670.835515094165,3731.5780246416784
forecast_6906,2025-10-15 18:00:00,2959.258580926678,2563.84265452633,3755.845312718488
forecast_6907,2025-10-15 19:00:00,3105.686708882926,2711.276081892931,3843.8324275612918
forecast_6908,2025-10-15 20:00:00,3263.6483377458985,2785.030380323718,4004.1288194569984
forecast_6909,2025-10-15 21:00:00,3586.5495134862704,3220.9640653638944,4162.945668165246
forecast_6910,2025-10-15 22:00:00,3852.0039273276207,3882.372791937769,4285.891547716477
forecast_6911,2025-10-15 23:00:00,3799.9516109447623,4373.670479771578,4578.095185852099
forecast_6912,2025-10-16 00:00:00,4098.737988665971,4402.188779385933,5152.301286325703
forecast_6913,2025-10-16 01:00:00,3523.870457885191,3665.1871452370992,4376.929170972433
forecast_6914,2025-10-16 02:00:00,3175.808200417897,3084.6141237425786,4561.349280168849
forecast_6915,2025-10-16 03:00:00,3725.7083255448742,4249.511251999065,4962.8663300944945
forecast_6916,2025-10-16 04:00:00,3925.2986418604605,4680.373947495502,5075.914033463434
forecast_6917,2025-10-16 05:00:00,3938.0236545717244,4987.974349273721,5300.94103482699
forecast_6918,2025-10-16 06:00:00,4255.563536135157,5452.799258646294,5570.189673414841
forecast_6919,2025-10-16 07:00:00,4223.092124065517,4552.279425661689,6056.758677566965
forecast_6920,2025-10-16 08:00:00,4354.231961283007,4437.459488934748,6024.972954842375
forecast_6921,2025-10-16 09:00:00,5084.006158004058,5022.7875805349595,6231.24782472637
forecast_6922,2025-10-16 10:00:00,5074.052391296303,4961.078956992444,6180.379769757603
forecast_6923,2025-10-16 11:00:00,5197.542516825696,5148.076717059272,6368.92596905257
forecast_6924,2025-10-16 12:00:00,4760.138248910754,4945.543208625137,6531.432186988835
forecast_6925,2025-10-16 13:00:00,4751.274561356535,4539.004667908192,6535.793043309366
forecast_6926,2025-10-16 14:00:00,4676.134424571115,4552.801822803752,6536.493178111849
forecast_6927,2025-10-16 15:00:00,4475.305211994592,4487.52460050405,6198.93631600669
forecast_6928,2025-10-16 16:00:00,4408.672067683138,4458.372995821042,6278.591444189032
forecast_6929,2025-10-16 17:00:00,4014.4305197740136,5127.968693922974,6093.018975909508
forecast_6930,2025-10-16 18:00:00,4124.13702155466,4964.835814825254,6045.741604560109
forecast_6931,2025-10-16 19:00:00,4231.121942971641,5424.730990711978,6041.280644937136
forecast_6932,2025-10-16 20:00:00,4392.597221611635,6038.116589898403,5585.747311176174
forecast_6933,2025-10-16 21:00:00,3958.448692144656,6026.612116091182,5508.558214796629
forecast_6934,2025-10-16 22:00:00,3832.6608731972747,6184.452297993836,5218.636830305148
forecast_6935,2025-10-16 23:00:00,3758.550943068473,5458.559681235927,4954.180916943027
forecast_6936,2025-10-17 00:00:00,3820.3984712162564,5206.138451779605,4794.059668057121
forecast_6937,2025-10-17 01:00:00,3814.4911674589966,5174.360887865833,5015.289693282123
forecast_6938,2025-10-17 02:00:00,3632.00476799812,4834.597655197981,4977.621956047927
forecast_6939,2025-10-17 03:00:00,3554.014336947559,4435.553620424571,4765.430339135422
forecast_6940,2025-10-17 04:00:00,3453.351635635464,4500.4121296282,4602.585895186455
forecast_6941,2025-10-17 05:00:00,3389.049832085916,4254.098525922762,4405.73996951245
forecast_6942,2025-10-17 06:00:00,3484.8904729839587,4314.566088994466,4212.618269947328
forecast_6943,2025-10-17 07:00:00,3693.9129448460462,4100.975845040402,4094.7535345302954
forecast_6944,2025-10-17 08:00:00,3362.9484725273137,3631.8331704247166,3882.602982222223
forecast_6945,2025-10-17 09:00:00,3053.400868958554,3166.4019377381505,3729.488712681098
forecast_6946,2025-10-17 10:00:00,2652.873900366596,2490.3146021967186,3544.3048114316634
forecast_6947,2025-10-17 11:00:00,2294.0880486678857,2168.635124343701,3398.641836582832
forecast_6948,2025-10-17 12:00:00,2200.2537228230412,2259.7712372495903,3290.9538363480133
forecast_6949,2025-10-17 13:00:00,2098.2503450459085,2021.4661338496837,3407.804746257814
forecast_6950,2025-10-17 14:00:00,2181.007725481943,2183.5503009912363,3359.845336920962
forecast_6951,2025-10-17 15:00:00,2174.140499839309,2449.0803707631694,3466.687112748624
forecast_6952,2025-10-17 16:00:00,2578.6381368864377,2608.3863249689575,3594.690509124607
forecast_6953,2025-10-17 17:00:00,3034.6445205896853,2725.629473924996,3698.393426676077
forecast_6954,2025-10-17 18:00:00,3746.43850706711,3202.9535252779183,3859.2418249610964
forecast_6955,2025-10-17 19:00:00,4593.322134202193,4061.4505562350587,4297.0001503364865
forecast_6956,2025-10-17 20:00:00,4851.435688980831,4338.560822731742,4586.166302636537
forecast_6957,2025-10-17 21:00:00,4719.637832353608,3992.2667392243875,4917.782208826079
forecast_6958,2025-10-17 22:00:00,4457.9861486590335,3869.477350552753,5068.580840640669
forecast_6959,2025-10-17 23:00:00,4400.631331590448,4071.2268656426913,5118.184444355098
forecast_6960,2025-10-18 00:00:00,4781.603365388343,5721.225349002211,5325.1703913443735
forecast_6961,2025-10-18 01:00:00,4712.6014923083085,6267.837525780992,5729.008385658642
forecast_6962,2025-10-18 02:00:00,4518.09779374597,7642.423713604667,6188.963825487927
forecast_6963,2025-10-18 03:00:00,4654.993262777822,8056.598814055327,6009.619733383564
forecast_6964,2025-10-18 04:00:00,5025.4409032785425,7103.950771795997,5914.699685567075
forecast_6965,2025-10-18 05:00:00,3537.452943980562,3949.5611417427717,5747.299280365413
forecast_6966,2025-10-18 06:00:00,2933.535683456678,2774.426762770006,4818.018090062215
forecast_6967,2025-10-18 07:00:00,2671.3326299676773,2573.868233220619,4943.81102416458
forecast_6968,2025-10-18 08:00:00,2391.7647345505566,2234.182536491935,4619.007199953483
forecast_6969,2025-10-18 09:00:00,2278.4927869083003,2189.886145036247,4407.932181001237
forecast_6970,2025-10-18 10:00:00,2607.943835895997,2104.5547718862517,4365.7525279671245
forecast_6971,2025-10-18 11:00:00,2816.2017058933598,2204.4903582215643,4595.570548456584
forecast_6972,2025-10-18 12:00:00,2844.8736441707115,2277.6609456806877,4578.447923283951
forecast_6973,2025-10-18 13:00:00,2809.5476226588107,2545.381689353563,4912.021493836443
forecast_6974,2025-10-18 14:00:00,2819.2175095605767,3078.9863723569097,5005.972995886632
forecast_6975,2025-10-18 15:00:00,2897.9767119583935,3038.66687562473,5232.855490042642
forecast_6976,2025-10-18 16:00:00,2909.909004614815,2994.98205766835,5393.863164627876
forecast_6977,2025-10-18 17:00:00,3188.7330175053035,3111.363368043012,5260.129354674763
forecast_6978,2025-10-18 18:00:00,2915.7738413469906,3038.1412733569414,5055.974993899313
forecast_6979,2025-10-18 19:00:00,2735.107569395635,3216.1314356814314,5035.4669362878285
forecast_6980,2025-10-18 20:00:00,2661.452188159657,3001.294084119865,4894.531214179373
forecast_6981,2025-10-18 21:00:00,2401.186856722186,2680.9524363832516,4655.932970652144
forecast_6982,2025-10-18 22:00:00,2575.4062467391504,2838.540532818004,4388.546798547001
forecast_6983,2025-10-18 23:00:00,2311.011491445622,2206.3175255862643,4255.8307988987435
forecast_6984,2025-10-19 00:00:00,2370.416814042821,2075.238323034113,4074.9900100390223
forecast_6985,2025-10-19 01:00:00,2405.598182172397,1981.2257133988542,3905.797400973116
forecast_6986,2025-10-19 02:00:00,2298.568818490305,1762.8711880547107,3845.3285275127396
forecast_6987,2025-10-19 03:00:00,2215.5385521834683,1671.0721785091737,3784.174764613424
forecast_6988,2025-10-19 04:00:00,2230.1057660733863,1645.5712011395758,3759.330260889437
forecast_6989,2025-10-19 05:00:00,2188.0286065482414,1758.235427130626,3704.8784377660527
forecast_6990,2025-10-19 06:00:00,2236.63266167019,1875.0694058754839,3680.0017175781913
forecast_6991,2025-10-19 07:00:00,2359.433859231595,1965.7065121573357,3685.6811609375663
forecast_6992,2025-10-19 08:00:00,2469.365617976309,2192.809236812848,3644.0480214865615
forecast_6993,2025-10-19 09:00:00,2620.809670154801,2430.7338431705707,3722.43849295326
forecast_6994,2025-10-19 10:00:00,2642.3901386057023,2563.5955112117294,3805.5400009619284
forecast_6995,2025-10-19 11:00:00,3051.4325641205332,2876.739735506688,3885.9286529507394
forecast_6996,2025-10-19 12:00:00,3193.981333263399,3455.168077451992,4044.6955095061912
forecast_6997,2025-10-19 13:00:00,3378.672402721447,3997.9778797307854,4579.315996854799
forecast_6998,2025-10-19 14:00:00,3964.91869645143,3791.4577723507764,5141.472030003625
forecast_6999,2025-10-19 15:00:00,4523.634596615043,3931.838400851809,5616.904399332527
forecast_7000,2025-10-19 16:00:00,5003.906178844058,4521.184942924823,5950.510027022959
forecast_7001,2025-10-19 17:00:00,5593.4407883224985,4765.128175600342,6303.567163122484
forecast_7002,2025-10-19 18:00:00,5502.669704741533,5448.978152976065,6355.078118527722
forecast_7003,2025-10-19 19:00:00,5794.345764896612,6456.720913349682,6644.010368651333
forecast_7004,2025-10-19 20:00:00,5814.62007720156,6191.766180991368,6729.0019625173045
forecast_7005,2025-10-19 21:00:00,5683.57565204415,6295.449666665912,6211.5876581182965
forecast_7006,2025-10-19 22:00:00,5926.24048374179,6511.816263387978,5822.0257864342975
forecast_7007,2025-10-19 23:00:00,5370.736913876752,5187.413853573963,5202.58085936703
forecast_7008,2025-10-20 00:00:00,4131.962206185355,3721.6124094249853,4612.728650263244
forecast_7009,2025-10-20 01:00:00,2966.920084570824,2638.100301205286,4167.713025738393
forecast_7010,2025-10-20 02:00:00,2601.502345593036,2215.3410457339587,4034.83272651011
forecast_7011,2025-10-20 03:00:00,2397.415626099808,2075.8449478840234,4038.27547308423
forecast_7012,2025-10-20 04:00:00,2474.656660888069,2333.3420280239457,4134.106064871454
forecast_7013,2025-10-20 05:00:00,2770.2453583418196,2641.373713642808,4230.125613418374
forecast_7014,2025-10-20 06:00:00,3263.8009869512402,3662.072202959458,4577.416018341115
forecast_7015,2025-10-20 07:00:00,3583.217237387069,4194.812811149543,4597.126642569114
forecast_7016,2025-10-20 08:00:00,3222.337955202359,3572.7301180186796,4877.994151828242
forecast_7017,2025-10-20 09:00:00,2935.027763708424,3293.303572793755,5282.374364933195
forecast_7018,2025-10-20 10:00:00,2999.532161676236,3694.661590800276,5309.410979320204
forecast_7019,2025-10-20 11:00:00,2828.4102685912167,3672.8081113278804,5299.102291054975
forecast_7020,2025-10-20 12:00:00,2841.236696660829,3316.6733928380822,5267.2889931179
forecast_7021,2025-10-20 13:00:00,2686.2550115400422,3086.5786807951854,5150.468366008192
forecast_7022,2025-10-20 14:00:00,2355.1788629036923,2867.697510385422,4876.8712328267375
forecast_7023,2025-10-20 15:00:00,2245.983990063388,2540.0460755775157,4544.255610412951
forecast_7024,2025-10-20 16:00:00,2328.3121946042756,2236.854183053143,4219.9692960500615
forecast_7025,2025-10-20 17:00:00,2280.886941320677,1889.146914463302,4000.708595281045
forecast_7026,2025-10-20 18:00:00,2130.7096445994353,1722.0273265224203,3855.808775313508
forecast_7027,2025-10-20 19:00:00,2090.3707395789324,1689.0690714739503,3754.736839686408
forecast_7028,2025-10-20 20:00:00,2230.393904990066,1620.226191772144,3627.3103183499607
forecast_7029,2025-10-20 21:00:00,2199.839254101607,1661.1576423577699,3579.335262732198
forecast_7030,2025-10-20 22:00:00,2205.3763546861683,1610.851110992732,3568.216076105058
forecast_7031,2025-10-20 23:00:00,2296.278133213593,1746.4650143092574,3541.369640558183
forecast_7032,2025-10-21 00:00:00,2434.0421412925275,2087.6195146527275,3623.800707838936
forecast_7033,2025-10-21 01:00:00,2685.3413036533766,2528.658113390653,3872.160954401243
forecast_7034,2025-10-21 02:00:00,2850.0866326942682,2498.5087115590873,4007.541168678981
forecast_7035,2025-10-21 03:00:00,2677.543979868539,2219.392956542672,4016.5494686984875
forecast_7036,2025-10-21 04:00:00,2471.2250081403704,2103.8762723245395,4035.828520872568
forecast_7037,2025-10-21 05:00:00,2290.9170691380027,2013.4699688576543,3952.694456482987
forecast_7038,2025-10-21 06:00:00,2250.9421193314734,1955.9087038957448,3829.5662070857775
forecast_7039,2025-10-21 07:00:00,2260.2182929554992,1931.8973800355714,3765.543166525626
forecast_7040,2025-10-21 08:00:00,2249.709231977692,1739.310637331841,3675.642115163205
forecast_7041,2025-10-21 09:00:00,2074.8237206394306,1579.1005129956216,3570.5111500186713
forecast_7042,2025-10-21 10:00:00,1913.284907982817,1600.0178337030804,3405.6831398401273
forecast_7043,2025-10-21 11:00:00,1866.93812862155,1560.6411281442065,3269.880389576318
forecast_7044,2025-10-21 12:00:00,1761.9679136885209,1557.5854602953705,3247.245003560452
forecast_7045,2025-10-21 13:00:00,1826.05108599523,1701.2110326500904,3196.9421844865064
forecast_7046,2025-10-21 14:00:00,1867.7506927841237,1506.2128809920885,3364.663318118316
forecast_7047,2025-10-21 15:00:00,1809.9968321778706,1358.695793984966,3525.7195615958217
forecast_7048,2025-10-21 16:00:00,1827.9727708081914,1447.345868493381,3613.5901112981337
forecast_7049,2025-10-21 17:00:00,1864.457500717446,1541.6918122571033,3624.8114540387915
forecast_7050,2025-10-21 18:00:00,2085.5359351987527,1874.6625969521072,3617.034676675989
forecast_7051,2025-10-21 19:00:00,2125.008057987587,1861.2238840319658,3646.062888736314
forecast_7052,2025-10-21 20:00:00,2108.4873597825645,1860.480404893461,3733.8962962449605
forecast_7053,2025-10-21 21:00:00,2237.254856725048,1923.537072218392,3847.4017185642188
forecast_7054,2025-10-21 22:00:00,2440.537890975595,2228.7039623270634,3914.6579383241415
forecast_7055,2025-10-21 23:00:00,2373.023953928917,2200.4906671781214,3956.9516488900467
forecast_7056,2025-10-22 00:00:00,2380.6738914090292,1944.5219097167342,4013.4887912388317
forecast_7057,2025-10-22 01:00:00,1963.190217588011,2004.4250883973132,3750.8644718334117
forecast_7058,2025-10-22 02:00:00,1936.5751537031426,1938.472101605822,3796.971827653917
forecast_7059,2025-10-22 03:00:00,1960.1608002624887,2001.4729194835518,3847.926449696987
forecast_7060,2025-10-22 04:00:00,2089.1406801105304,2081.413936574137,3834.611924526724
forecast_7061,2025-10-22 05:00:00,2215.2441257826695,2298.2261684263244,3913.0824677900737
forecast_7062,2025-10-22 06:00:00,2430.0700661790124,2160.9278462980833,4073.587536617659
forecast_7063,2025-10-22 07:00:00,2713.468358007785,2490.2111532015983,4183.6913123349905
forecast_7064,2025-10-22 08:00:00,2883.336282754339,2833.81096156877,4384.058671332617
forecast_7065,2025-10-22 09:00:00,2785.9834143272296,2407.053029818479,4699.086195836776
forecast_7066,2025-10-22 10:00:00,2576.552746814976,2560.566246743146,4288.193388356125
forecast_7067,2025-10-22 11:00:00,2512.8902730713844,2510.9876972693196,4382.965331328875
forecast_7068,2025-10-22 12:00:00,2284.7736561132224,2568.374669708619,4512.897885701773
forecast_7069,2025-10-22 13:00:00,2328.7997727465017,2418.362612270009,4368.29140092175
forecast_7070,2025-10-22 14:00:00,2340.7606014033186,2406.826016394127,4423.469669010384
forecast_7071,2025-10-22 15:00:00,2324.7445480752567,2368.5399973077724,4317.846777591295
forecast_7072,2025-10-22 16:00:00,2362.9936960414125,2714.15389517555,4127.634824331985
forecast_7073,2025-10-22 17:00:00,2625.8797372367026,2662.858375848516,3970.2996177348405
forecast_7074,2025-10-22 18:00:00,2581.1797971755664,2434.667038685573,3919.2426656523903
forecast_7075,2025-10-22 19:00:00,2675.469440433211,2385.843051883012,3788.657932243037
forecast_7076,2025-10-22 20:00:00,2971.865767916554,2484.9650206594206,3657.903035713546
forecast_7077,2025-10-22 21:00:00,3003.1357740839194,2460.792146438514,3601.898591209379
forecast_7078,2025-10-22 22:00:00,2988.089778264318,2246.473629745174,3635.831403363995
forecast_7079,2025-10-22 23:00:00,2861.2489204579106,2318.294985194396,3612.57501407546
forecast_7080,2025-10-23 00:00:00,2754.120723005485,2154.1072939893884,3605.3430286101748
forecast_7081,2025-10-23 01:00:00,2714.7132206434485,2350.0148467997033,3626.398390476521
forecast_7082,2025-10-23 02:00:00,2547.7770291538814,2154.8264136973485,3616.3946480164245
forecast_7083,2025-10-23 03:00:00,2445.900495614873,2102.6074751323677,3553.4199178579547
forecast_7084,2025-10-23 04:00:00,2267.006505119637,1849.1059105120783,3510.925799732568
forecast_7085,2025-10-23 05:00:00,2139.3129499018423,1797.0663340375531,3506.133075123193
forecast_7086,2025-10-23 06:00:00,2068.7739855253317,1811.5227784615215,3487.546161060693
forecast_7087,2025-10-23 07:00:00,2069.6777208920585,1799.883007953709,3462.752948170068
forecast_7088,2025-10-23 08:00:00,2124.3653161648554,1888.5064517520377,3444.289080982568
forecast_7089,2025-10-23 09:00:00,2046.8094466999949,1692.8991427100211,3411.395282154443
forecast_7090,2025-10-23 10:00:00,1861.0700548266532,1598.664725148566,3295.768084888818
forecast_7091,2025-10-23 11:00:00,1763.5518494717571,1590.8405546558945,3287.904315357568
forecast_7092,2025-10-23 12:00:00,1774.9858545195646,1577.9720085491015,3271.078143482568
forecast_7093,2025-10-23 13:00:00,1770.7640932556603,1481.818465320672,3287.502704029443
forecast_7094,2025-10-23 14:00:00,1867.4632306098724,1828.1261148482815,3419.669805117767
forecast_7095,2025-10-23 15:00:00,1999.9711526254578,2162.43316582038,3439.044316836517
forecast_7096,2025-10-23 16:00:00,1981.4696155259778,1791.6149668428259,3558.021991138818
forecast_7097,2025-10-23 17:00:00,1881.8985320330708,1658.4338619965615,3659.8345070276273
forecast_7098,2025-10-23 18:00:00,1907.318310251273,1611.7947475290161,3667.140399341943
forecast_7099,2025-10-23 19:00:00,1941.5078281458186,1720.0828970091125,3748.960037856562
forecast_7100,2025-10-23 20:00:00,2094.292337887477,1769.5051579790984,3774.4058859708516
forecast_7101,2025-10-23 21:00:00,2028.110613536268,1689.8115186868301,3798.476231647821
forecast_7102,2025-10-23 22:00:00,2053.2553227215963,1858.2040684520534,3817.257481647821
forecast_7103,2025-10-23 23:00:00,2093.7272228539637,2061.1134300284043,3829.206589910389
forecast_7104,2025-10-24 00:00:00,2189.4216788010476,1943.9896350570748,4012.2788192386492
forecast_7105,2025-10-24 01:00:00,2553.2458665895174,2354.7286792862446,4100.331645921412
forecast_7106,2025-10-24 02:00:00,2740.5392830835867,2910.409541386278,4106.35048885864
forecast_7107,2025-10-24 03:00:00,2864.694082198418,2269.6850153498362,4220.85771646191
forecast_7108,2025-10-24 04:00:00,2945.9643356685874,2631.5145636562816,4370.103815384316
forecast_7109,2025-10-24 05:00:00,3351.7711154917138,3868.0217726243286,4518.7975508283325
forecast_7110,2025-10-24 06:00:00,3296.8253968623258,3437.6758703962832,4949.191682510816
forecast_7111,2025-10-24 07:00:00,3442.335785595972,3353.6376229460307,5241.913691963685
forecast_7112,2025-10-24 08:00:00,3612.7175516219595,3536.1359001655674,5326.878206863572
forecast_7113,2025-10-24 09:00:00,3365.4022504843306,3212.209858497438,5066.216068341954
forecast_7114,2025-10-24 10:00:00,2817.170854228465,2738.5145310967896,4943.443836743348
forecast_7115,2025-10-24 11:00:00,2864.879159613116,2290.376677309133,4836.242586532876
forecast_7116,2025-10-24 12:00:00,2716.180587217133,3003.2059010004887,4641.012102316012
forecast_7117,2025-10-24 13:00:00,2846.8095256796432,2616.726591615953,4488.186600999652
forecast_7118,2025-10-24 14:00:00,2882.5055822904155,3173.918525755659,4494.429661804793
forecast_7119,2025-10-24 15:00:00,2960.6061419104726,3203.551458166911,4362.280475480278
forecast_7120,2025-10-24 16:00:00,3307.6113403405448,3510.2646666178716,4334.10549749801
forecast_7121,2025-10-24 17:00:00,3697.9380034490646,3915.4132259474436,4224.885577071488
forecast_7122,2025-10-24 18:00:00,3979.534307884969,3650.894928769698,4134.17894904186
forecast_7123,2025-10-24 19:00:00,4091.2497430022286,3868.791211349541,4129.186215466282
forecast_7124,2025-10-24 20:00:00,3971.6429631354777,3491.6360568290456,4093.3974811512157
forecast_7125,2025-10-24 21:00:00,3900.109636691924,3184.0914208691675,4138.178391650483
forecast_7126,2025-10-24 22:00:00,3913.3034268570564,2947.732322416463,4172.288624100162
forecast_7127,2025-10-24 23:00:00,3894.50585246415,3302.695981342177,4068.584323178193
forecast_7128,2025-10-25 00:00:00,3618.628822543916,3554.7005119577107,4145.137716807998
forecast_7129,2025-10-25 01:00:00,3618.1371970398695,3546.4053353852332,4177.722693042789
forecast_7130,2025-10-25 02:00:00,3540.145750342408,3838.34170099693,4201.160336275153
forecast_7131,2025-10-25 03:00:00,3436.154618052261,3948.83526099189,4335.300066207381
forecast_7132,2025-10-25 04:00:00,3213.6407501164867,3832.2085491719267,4629.0020854680315
forecast_7133,2025-10-25 05:00:00,3272.7009472641394,3569.2074366614793,4492.787737423438
forecast_7134,2025-10-25 06:00:00,3442.9065546701086,3408.772523892723,4411.371005362879
forecast_7135,2025-10-25 07:00:00,3309.512366150493,3540.504743792138,4341.800630719278
forecast_7136,2025-10-25 08:00:00,3233.421504504901,3558.281784054863,4225.664446096969
forecast_7137,2025-10-25 09:00:00,3030.154644413374,2787.3740662069904,3991.9426641661044
forecast_7138,2025-10-25 10:00:00,2549.7915161504648,2489.333345044638,3743.840463895567
forecast_7139,2025-10-25 11:00:00,2294.6111702706703,2214.852532822598,3673.916186118841
forecast_7140,2025-10-25 12:00:00,2043.5950407888654,1875.1752272415245,3558.9438875302367
forecast_7141,2025-10-25 13:00:00,2127.3139233486977,1814.2719357291019,3595.1700089660158
forecast_7142,2025-10-25 14:00:00,2093.5137888201566,1789.4133858046475,3625.7720318522584
forecast_7143,2025-10-25 15:00:00,2085.4629969513176,1640.2372375786024,3648.723442337076
forecast_7144,2025-10-25 16:00:00,2279.979136580536,1808.2540254040655,3782.889080458677
forecast_7145,2025-10-25 17:00:00,2479.931636455946,1788.7353194783473,3899.188111229162
forecast_7146,2025-10-25 18:00:00,2690.6707316775014,1980.1721934200243,3882.2750005916682
forecast_7147,2025-10-25 19:00:00,2700.077730594324,1926.3153530423317,3859.2471088480625
forecast_7148,2025-10-25 20:00:00,2570.8639888956895,1878.2279349981436,3883.452587720796
forecast_7149,2025-10-25 21:00:00,2624.9908549118204,1790.3009322640598,3842.756831595602
forecast_7150,2025-10-25 22:00:00,2585.826328804611,1796.3409411657517,3775.810965382503
forecast_7151,2025-10-25 23:00:00,2622.2029101660164,1901.9637592684585,3838.949896337863
forecast_7152,2025-10-26 00:00:00,2555.51161777681,1874.4708895762835,3924.791545736314
forecast_7153,2025-10-26 01:00:00,2401.4856949983355,1997.6950089672064,3734.5120459405766
forecast_7154,2025-10-26 02:00:00,2342.8090681853528,1842.256298132373,3759.778547911032
forecast_7155,2025-10-26 03:00:00,2422.4069284381517,1867.8841990235626,3791.1489886537624
forecast_7156,2025-10-26 04:00:00,2602.9879165789525,2054.940469744042,3832.085663695703
forecast_7157,2025-10-26 05:00:00,2869.7575180908234,2294.9602691261593,4135.683083457157
forecast_7158,2025-10-26 06:00:00,3418.2514456186573,2755.6389361587453,4212.253378136695
forecast_7159,2025-10-26 07:00:00,3760.5550653450364,3422.4817575703946,4467.472827788181
forecast_7160,2025-10-26 08:00:00,3722.124852454448,3953.357291136021,4886.223558507412
forecast_7161,2025-10-26 09:00:00,4256.65100817376,3954.407296998918,4803.598243177283
forecast_7162,2025-10-26 10:00:00,3505.300146066389,3010.2404745691147,4206.124815842942
forecast_7163,2025-10-26 11:00:00,3681.4637702357863,3123.9602803900966,4146.349528627918
forecast_7164,2025-10-26 12:00:00,3594.786601439132,3210.6446801808856,4362.578611717678
forecast_7165,2025-10-26 13:00:00,3689.188672901996,3445.9768964897858,4336.747934034006
forecast_7166,2025-10-26 14:00:00,4157.687695085832,3870.0905416880214,4459.233472373899
forecast_7167,2025-10-26 15:00:00,4844.43440159705,4358.720151344847,4684.980797181236
forecast_7168,2025-10-26 16:00:00,5630.955862474715,5126.205838105559,5177.37799288039
forecast_7169,2025-10-26 17:00:00,6183.899868486265,6038.428734629819,6060.738090026229
forecast_7170,2025-10-26 18:00:00,6864.527907024554,7290.522121302496,7043.048952470735
forecast_7171,2025-10-26 19:00:00,7589.322545296479,9298.385009992933,8314.190378653584
forecast_7172,2025-10-26 20:00:00,9039.471151767266,11890.806233979347,9091.13602254162
forecast_7173,2025-10-26 21:00:00,10384.707388686278,13513.360216801053,10380.043530800978
forecast_7174,2025-10-26 22:00:00,12547.874933126239,14109.541526408255,11285.217136320633
forecast_7175,2025-10-26 23:00:00,13977.746166920675,14804.020443630805,11903.271078024913
forecast_7176,2025-10-27 00:00:00,15367.5047233541,16066.887833826982,12827.22628554096
forecast_7177,2025-10-27 01:00:00,16165.434565436872,16347.258132001623,12819.50048851059
forecast_7178,2025-10-27 02:00:00,16918.2263280184,17384.042105746797,13968.836874546569
forecast_7179,2025-10-27 03:00:00,17096.117612255533,18710.3064573677,14749.88589988587
forecast_7180,2025-10-27 04:00:00,16965.673097063023,18761.72053249655,15186.505426951606
forecast_7181,2025-10-27 05:00:00,16050.00304436636,17818.746505152943,14408.466618112103
forecast_7182,2025-10-27 06:00:00,14461.257601563157,16417.161615016645,13705.302949436773
forecast_7183,2025-10-27 07:00:00,13397.375109080751,16156.38987214088,13121.633456392155
forecast_7184,2025-10-27 08:00:00,12629.592648425461,16213.988256879416,12508.265204061605
forecast_7185,2025-10-27 09:00:00,12162.074105588601,14599.61962738217,11259.608738817617
forecast_7186,2025-10-27 10:00:00,11089.875053678581,12310.71344932669,10136.352231910827
forecast_7187,2025-10-27 11:00:00,10588.634122457512,11506.70066163866,9597.484464476554
forecast_7188,2025-10-27 12:00:00,11228.909513759414,11269.93779768913,9297.372215564093
forecast_7189,2025-10-27 13:00:00,11765.375860886055,11832.49868551134,9061.702764684765
forecast_7190,2025-10-27 14:00:00,12119.485897658906,12155.123617772171,9003.908244194616
forecast_7191,2025-10-27 15:00:00,12918.934329648051,13110.431479694887,9416.651917050907
forecast_7192,2025-10-27 16:00:00,13781.820218236406,13826.375917146954,9815.927741357482
forecast_7193,2025-10-27 17:00:00,14717.028267441874,14555.424694088953,10954.12035033094
forecast_7194,2025-10-27 18:00:00,14947.511235631024,14994.729746738467,10538.41923026355
forecast_7195,2025-10-27 19:00:00,14784.840739313842,14685.293920616248,10218.369503560227
forecast_7196,2025-10-27 20:00:00,14459.624900567203,13801.663511710047,9895.381354616284
forecast_7197,2025-10-27 21:00:00,13801.750079296082,12960.034486777698,9902.680815199796
forecast_7198,2025-10-27 22:00:00,12272.932111903307,11212.944663121885,10058.722947582535
forecast_7199,2025-10-27 23:00:00,10667.157573374034,10986.568122709574,10422.547806664174
forecast_7200,2025-10-28 00:00:00,10938.118165651256,12419.067907963914,10023.401318921673
forecast_7201,2025-10-28 01:00:00,12050.736534081734,11957.857000282507,11549.581812131133
forecast_7202,2025-10-28 02:00:00,12206.21885042316,12849.492500454135,11332.006638193787
forecast_7203,2025-10-28 03:00:00,11597.523705283427,13591.295913053775,10929.761390284842
forecast_7204,2025-10-28 04:00:00,11371.942808618533,13536.51921418227,10652.437542486019
forecast_7205,2025-10-28 05:00:00,10927.249311351392,13332.806259495384,9669.927010795616
forecast_7206,2025-10-28 06:00:00,10271.403735077804,12391.018150046535,9033.911578727115
forecast_7207,2025-10-28 07:00:00,9890.623411884237,11688.840009641779,8412.617238170233
forecast_7208,2025-10-28 08:00:00,9322.317376747658,10975.035755245206,7869.729695954635
forecast_7209,2025-10-28 09:00:00,7418.974165856433,6383.125299724628,6801.264433300256
forecast_7210,2025-10-28 10:00:00,5661.027781621322,5096.809341290961,5974.047754796245
forecast_7211,2025-10-28 11:00:00,4766.213140333587,4170.494209586668,5196.629817925652
forecast_7212,2025-10-28 12:00:00,4525.264663742846,3813.5427418162362,4848.028159271377
forecast_7213,2025-10-28 13:00:00,4710.1860569814025,3464.485812033061,4866.380315078219
forecast_7214,2025-10-28 14:00:00,4923.592119230841,3407.3213941683216,4862.081055197614
forecast_7215,2025-10-28 15:00:00,5164.681335524057,3495.0678234841057,4963.505242963776
forecast_7216,2025-10-28 16:00:00,5055.561762124533,3849.502583382849,5168.251640194472
forecast_7217,2025-10-28 17:00:00,5610.960367192293,4720.231030664212,5735.506863560836
forecast_7218,2025-10-28 18:00:00,6248.501477820738,6016.750983225422,6535.677635121076
forecast_7219,2025-10-28 19:00:00,6789.4431093582,7351.186603902683,7285.63712850659
forecast_7220,2025-10-28 20:00:00,7647.587015820158,9422.403609642428,7900.388776317829
forecast_7221,2025-10-28 21:00:00,8264.240803506622,10640.845107120913,8176.00870243036
forecast_7222,2025-10-28 22:00:00,8558.999748518163,11247.621504814171,7994.973092380581
forecast_7223,2025-10-28 23:00:00,8915.165742973857,10543.290704210704,7936.152206104533
forecast_7224,2025-10-29 00:00:00,9095.710613559397,9464.022106683353,7757.436689568115
forecast_7225,2025-10-29 01:00:00,7349.919156936204,8828.194979963606,6918.17939089336
forecast_7226,2025-10-29 02:00:00,6519.947199440531,7637.125332140975,6285.053080907483
forecast_7227,2025-10-29 03:00:00,5692.639112696058,6620.766980041043,5940.176897892311
forecast_7228,2025-10-29 04:00:00,5169.278750506977,5959.589622666167,5706.211822671473
forecast_7229,2025-10-29 05:00:00,4514.679131209856,4897.836165116474,5476.159402763041
forecast_7230,2025-10-29 06:00:00,3564.433328901286,3658.9538398297677,5133.385835214637
forecast_7231,2025-10-29 07:00:00,2947.7189106071064,2895.3561194055005,4659.3393265224095
forecast_7232,2025-10-29 08:00:00,2477.823578179352,2475.6727019158716,4320.465099455283
forecast_7233,2025-10-29 09:00:00,2037.9380946098092,2111.643708679065,3847.2384503511553
forecast_7234,2025-10-29 10:00:00,1686.6783544941711,1899.4146769422875,3486.064227466943
forecast_7235,2025-10-29 11:00:00,1509.4241153320042,1829.3620066069213,3328.954120045068
forecast_7236,2025-10-29 12:00:00,1537.3867618163792,1886.5907625862105,3161.532733326318
forecast_7237,2025-10-29 13:00:00,1582.7185489257542,1769.1095614143355,3158.077899341943
forecast_7238,2025-10-29 14:00:00,1618.904430008447,1582.5402254768355,3235.800067310693
forecast_7239,2025-10-29 15:00:00,1688.5208925612233,1535.095279187773,3265.216815357568
forecast_7240,2025-10-29 16:00:00,1864.0673015444568,1496.611846406614,3330.191424732568
forecast_7241,2025-10-29 17:00:00,2161.596914725579,1674.8112670983996,3455.8032949341473
forecast_7242,2025-10-29 18:00:00,2217.1684444283424,1969.4845689905826,3736.3059494900153
forecast_7243,2025-10-29 19:00:00,2484.5603476587553,2455.2060754276517,4224.486828003934
forecast_7244,2025-10-29 20:00:00,2713.9625293709532,2926.271465469694,4627.146319526803
forecast_7245,2025-10-29 21:00:00,3014.2450313299514,3540.9305922001786,5489.074171530453
forecast_7246,2025-10-29 22:00:00,3517.284763702921,4124.615565871121,6389.465537298131
forecast_7247,2025-10-29 23:00:00,4071.098581833795,4318.0505521986115,6692.078487574005
forecast_7248,2025-10-30 00:00:00,4741.096437578959,5139.664990614007,7389.685935607388
forecast_7249,2025-10-30 01:00:00,5272.463063619458,5910.730034433487,7857.201700448125
forecast_7250,2025-10-30 02:00:00,6051.124261723524,8524.861476956896,8860.756326991952
forecast_7251,2025-10-30 03:00:00,9157.392989092725,12330.400582342518,10359.599784655516
forecast_7252,2025-10-30 04:00:00,11206.275612221241,14113.885459389106,10710.351887520297
forecast_7253,2025-10-30 05:00:00,11936.204196482966,12872.428292955032,11000.844274667641
forecast_7254,2025-10-30 06:00:00,11298.745151174046,11809.626783030857,11049.214502404351
forecast_7255,2025-10-30 07:00:00,9105.294661031958,9534.25776312874,9608.680153016336
forecast_7256,2025-10-30 08:00:00,7984.454157026928,7316.522897787341,8154.84058529934
forecast_7257,2025-10-30 09:00:00,6950.175220164192,6011.058601992836,7098.255565857024
forecast_7258,2025-10-30 10:00:00,4938.619924010369,4016.086255021627,5596.199615312324
forecast_7259,2025-10-30 11:00:00,3411.347029835091,2628.803941718265,4513.552175836665
forecast_7260,2025-10-30 12:00:00,2709.1319328049535,2346.3397761188194,4176.196034300411
forecast_7261,2025-10-30 13:00:00,2433.916553158412,2029.1552109132826,3994.7719731599304
forecast_7262,2025-10-30 14:00:00,2402.055300178985,1992.9247690318564,3859.8698465937023
forecast_7263,2025-10-30 15:00:00,2295.9752868239702,1818.6300739126893,3799.6489168710787
forecast_7264,2025-10-30 16:00:00,2559.4958811165493,1687.9764330679657,3903.82815262885
forecast_7265,2025-10-30 17:00:00,3025.1748425796945,2133.326803922485,4141.089581285497
forecast_7266,2025-10-30 18:00:00,3260.4660575418875,2421.2789003682474,4439.954844129615
forecast_7267,2025-10-30 19:00:00,3108.3000058774433,2268.1861449062544,4364.0043121244435
forecast_7268,2025-10-30 20:00:00,3058.899323243293,2156.3858180364014,4583.968447482648
forecast_7269,2025-10-30 21:00:00,3146.1341618878178,2225.0631578753014,4541.2556109199195
forecast_7270,2025-10-30 22:00:00,2646.943761080135,2099.4544492971186,4183.3393644331245
forecast_7271,2025-10-30 23:00:00,2336.465276504949,1959.732302154785,4096.56959448202
forecast_7272,2025-10-31 00:00:00,2151.187419216598,1839.1677448298149,4085.335738204882
forecast_7273,2025-10-31 01:00:00,1951.854385591865,2036.154649519866,3765.518143980249
forecast_7274,2025-10-31 02:00:00,1849.7276625295895,1962.9433408300517,3692.24261167818
forecast_7275,2025-10-31 03:00:00,1854.828226699208,1960.3309528907398,3677.9367899805547
forecast_7276,2025-10-31 04:00:00,1810.3166009624945,2002.9666733230306,3620.9052183419585
forecast_7277,2025-10-31 05:00:00,2029.1138451227798,2162.0652871143866,3555.430541256952
forecast_7278,2025-10-31 06:00:00,2071.0305598877853,1960.0912657149313,3550.467538600943
forecast_7279,2025-10-31 07:00:00,2094.7884988814276,2122.646676555648,3584.8246397979947
forecast_7280,2025-10-31 08:00:00,2208.3140260122573,2086.5632224148626,3496.9430724765684
forecast_7281,2025-10-31 09:00:00,2141.964497421078,1881.8020064762575,3411.0675731434653
forecast_7282,2025-10-31 10:00:00,1976.6853618285027,1713.9877444428812,3350.720801652081
forecast_7283,2025-10-31 11:00:00,1987.3300311456449,1712.9489843121848,3326.052270074813
forecast_7284,2025-10-31 12:00:00,1894.9586208875717,1806.8546939570708,3254.2199911292732
forecast_7285,2025-10-31 13:00:00,1787.7260858828008,1739.194441131154,3241.124041920068
forecast_7286,2025-10-31 14:00:00,1932.217545848248,2038.1581060398241,3313.997088795068
forecast_7287,2025-10-31 15:00:00,2034.562003949095,1862.3109380710741,3412.515887623193
forecast_7288,2025-10-31 16:00:00,2230.1106039979168,2262.1330208338395,3501.2129629028973
forecast_7289,2025-10-31 17:00:00,2650.6260344134025,2645.448502097906,3607.112336126489
forecast_7290,2025-10-31 18:00:00,3011.5231186036794,3061.108422855278,4150.379449910975
forecast_7291,2025-10-31 19:00:00,3801.9749433083216,4160.176692293379,4575.333387663504
forecast_7292,2025-10-31 20:00:00,4371.194889274408,4955.442324726974,5422.562457187733
forecast_7293,2025-10-31 21:00:00,6096.126552715012,6476.7409735197,6689.806265015155
forecast_7294,2025-10-31 22:00:00,7634.0584427597205,8398.33230965725,7675.08911246615
forecast_7295,2025-10-31 23:00:00,8807.606607217289,10694.701194046564,8145.389105505351
forecast_7296,2025-11-01 00:00:00,9317.680586762046,12735.365191814442,8645.148115775846
forecast_7297,2025-11-01 01:00:00,10058.152360678845,13532.942211534317,8694.175974475238
forecast_7298,2025-11-01 02:00:00,9838.075173942496,13937.975845047611,9191.132242602931
forecast_7299,2025-11-01 03:00:00,10021.363130354397,11613.229949219274,9705.383084812858
forecast_7300,2025-11-01 04:00:00,10284.992186501164,10373.990426697763,10463.657137054905
forecast_7301,2025-11-01 05:00:00,10469.497870246298,10219.161761732714,10996.151150711174
forecast_7302,2025-11-01 06:00:00,11222.285583254983,11517.10759119883,11272.510455784664
forecast_7303,2025-11-01 07:00:00,12337.80980139129,13001.04393318621,11578.183682886784
forecast_7304,2025-11-01 08:00:00,13342.730086520409,14335.86941740966,11984.53142619427
forecast_7305,2025-11-01 09:00:00,13943.748677713236,15311.962470670107,11978.117018573546
forecast_7306,2025-11-01 10:00:00,14663.57710710719,15869.621872256572,11671.416862471238
forecast_7307,2025-11-01 11:00:00,14868.068090335826,16007.454956553496,10884.956622289674
forecast_7308,2025-11-01 12:00:00,14349.716432550691,15850.1576070277,9722.371741324929
forecast_7309,2025-11-01 13:00:00,14182.467272558324,14496.73968651993,9266.224787535846
forecast_7310,2025-11-01 14:00:00,13716.554368219513,13510.9432723186,8872.700457966252
forecast_7311,2025-11-01 15:00:00,13452.100902379976,12670.342837353268,8888.38495014513
forecast_7312,2025-11-01 16:00:00,13558.785363972493,12184.073231675371,9383.472107181988
forecast_7313,2025-11-01 17:00:00,13813.112123876108,12752.84771726432,10075.521730896526
forecast_7314,2025-11-01 18:00:00,14664.469043978366,13732.953128266665,10902.287405870353
forecast_7315,2025-11-01 19:00:00,15726.78131654973,14653.945944516527,11737.290539038946
forecast_7316,2025-11-01 20:00:00,15987.385642605715,16643.794545417513,12632.43705666502
forecast_7317,2025-11-01 21:00:00,15970.064337366553,17497.238281525722,12577.941383445806
forecast_7318,2025-11-01 22:00:00,15623.288690300502,17927.221682980653,12187.865797521295
forecast_7319,2025-11-01 23:00:00,16243.497840396849,17815.45018354494,12865.466704253453
forecast_7320,2025-11-02 00:00:00,16437.883371244665,17425.779202937145,13059.902479562024
forecast_7321,2025-11-02 01:00:00,16470.99869363414,16945.24653865618,12732.872994313562
forecast_7322,2025-11-02 02:00:00,16191.183738936994,16935.01448170308,12858.12212405952
forecast_7323,2025-11-02 03:00:00,16419.909279120533,16239.15956195034,12599.760428225653
forecast_7324,2025-11-02 04:00:00,16399.81790942222,15673.15164936563,12993.811847117071
forecast_7325,2025-11-02 05:00:00,16764.804317026224,16845.774990793376,13079.200696347329
forecast_7326,2025-11-02 06:00:00,16902.432107048207,17545.906631821006,13376.77524885461
forecast_7327,2025-11-02 07:00:00,16917.64903646305,18155.569453268537,14246.789161084718
forecast_7328,2025-11-02 08:00:00,17137.52165575435,18555.773679747144,14534.824079707636
forecast_7329,2025-11-02 09:00:00,16893.559329607848,18789.65718012047,14328.709924271707
forecast_7330,2025-11-02 10:00:00,16993.23858705375,18784.342422252103,14385.631389702881
forecast_7331,2025-11-02 11:00:00,16709.445201302202,18334.456936007453,14147.297982387277
forecast_7332,2025-11-02 12:00:00,16155.750711890862,18004.34539133482,12988.14043660539
forecast_7333,2025-11-02 13:00:00,15148.412813484158,16884.03562904866,11609.76484147742
forecast_7334,2025-11-02 14:00:00,14461.537926020796,16517.417131947575,10463.774353520801
forecast_7335,2025-11-02 15:00:00,14524.392926362918,15897.393557599176,10236.687835055629
forecast_7336,2025-11-02 16:00:00,14094.858163037428,15281.190161302397,9906.97773219858
forecast_7337,2025-11-02 17:00:00,13755.569384579201,14644.42234304686,9499.316871083533
forecast_7338,2025-11-02 18:00:00,13369.884942299075,13232.013910613621,9274.481622406409
forecast_7339,2025-11-02 19:00:00,13635.511666254759,11944.435999104111,9749.805664671916
forecast_7340,2025-11-02 20:00:00,12185.473753053142,10040.544914489861,9460.978779438665
forecast_7341,2025-11-02 21:00:00,10039.321022823051,9417.695573301862,8400.232783269525
forecast_7342,2025-11-02 22:00:00,8756.669922350819,9004.035160766898,8285.323709309603
forecast_7343,2025-11-02 23:00:00,7850.634496323295,7320.392266184712,8072.617125646836
forecast_7344,2025-11-03 00:00:00,7138.435557192652,6827.5526954474735,7617.798371230826
forecast_7345,2025-11-03 01:00:00,6317.9298781216185,5062.602924887338,7471.7544608260305
forecast_7346,2025-11-03 02:00:00,5132.440873893175,4405.40205119435,6897.0693793111695
forecast_7347,2025-11-03 03:00:00,4205.695742322732,3479.2806213633303,6306.256397753126
forecast_7348,2025-11-03 04:00:00,3406.9583613989726,2708.2272702213963,5941.882860242761
forecast_7349,2025-11-03 05:00:00,3362.3012175890553,2775.916984135772,5699.612444550394
forecast_7350,2025-11-03 06:00:00,3480.1940566636695,3738.549310744344,5672.906705206464
forecast_7351,2025-11-03 07:00:00,3979.4417077636163,4414.9032812864025,5680.253765078905
forecast_7352,2025-11-03 08:00:00,3382.178010977987,4399.11421505538,5688.9648989214875
forecast_7353,2025-11-03 09:00:00,2653.7199927722877,3259.8842796991726,5471.165008976195
forecast_7354,2025-11-03 10:00:00,2378.0440816101795,2562.6853275623403,4598.810887360414
forecast_7355,2025-11-03 11:00:00,2041.2439408820853,1987.1813719688578,4074.5838213895345
forecast_7356,2025-11-03 12:00:00,1851.6721021744854,1771.661538320455,3794.632104998001
forecast_7357,2025-11-03 13:00:00,1723.8607184441016,1833.186191824048,3610.5003956913106
forecast_7358,2025-11-03 14:00:00,1695.4366212798768,1738.857280177855,3562.063982804498
forecast_7359,2025-11-03 15:00:00,1772.2908417616661,1806.706764099283,3493.373797779443
forecast_7360,2025-11-03 16:00:00,1988.2053669026957,1955.378092476898,3576.974627857568
forecast_7361,2025-11-03 17:00:00,2241.5643918034593,2069.609592452315,3657.325451674218
forecast_7362,2025-11-03 18:00:00,2607.830730522513,2445.7937359415814,3816.435709706078
forecast_7363,2025-11-03 19:00:00,3092.0755269461224,2999.305270133671,4084.1665898479673
forecast_7364,2025-11-03 20:00:00,3655.304599706013,3688.5988665569894,4524.671214047496
forecast_7365,2025-11-03 21:00:00,4669.309690479625,5068.49796998764,5285.859506745008
forecast_7366,2025-11-03 22:00:00,6214.3938466244035,6299.249875715024,6041.448858579684
forecast_7367,2025-11-03 23:00:00,7945.858653533901,6864.632053231617,6879.436417228131
forecast_7368,2025-11-04 00:00:00,8448.680681458827,7670.928951571434,8119.675964566171
forecast_7369,2025-11-04 01:00:00,10139.518305995789,11027.803538131791,7852.923937310853
forecast_7370,2025-11-04 02:00:00,10696.219814193622,12026.619167120287,8329.604513797907
forecast_7371,2025-11-04 03:00:00,11164.974205355986,14117.678972325615,8543.722617815863
forecast_7372,2025-11-04 04:00:00,11607.78491049348,15066.161455171246,8779.099169882025
forecast_7373,2025-11-04 05:00:00,12494.724606229829,15266.714395474442,9094.334962002817
forecast_7374,2025-11-04 06:00:00,12810.84453349669,16533.152635030234,9794.502724874223
forecast_7375,2025-11-04 07:00:00,13518.022035075388,17536.746615754026,10075.530438148353
forecast_7376,2025-11-04 08:00:00,13768.036755519517,17159.467837821758,11355.180739889835
forecast_7377,2025-11-04 09:00:00,12382.324172985294,16405.752605657508,11711.094180316282
forecast_7378,2025-11-04 10:00:00,11552.12429866062,14252.223844838856,10998.199122356193
forecast_7379,2025-11-04 11:00:00,10953.180330963105,13261.434992157087,10762.72894530697
forecast_7380,2025-11-04 12:00:00,10334.980099386803,11751.929608575469,9866.772155863953
forecast_7381,2025-11-04 13:00:00,10035.067161676543,10390.34974417405,8997.077639131949
forecast_7382,2025-11-04 14:00:00,9279.361557203745,8926.804507168948,8768.540115268688
forecast_7383,2025-11-04 15:00:00,9043.418195446051,9607.63861743804,8502.566489997464
forecast_7384,2025-11-04 16:00:00,9779.907321774008,8760.465589489646,8640.897249604293
forecast_7385,2025-11-04 17:00:00,9894.263038112324,9596.46779152695,8907.365796586855
forecast_7386,2025-11-04 18:00:00,9887.587317832105,11575.47027961957,8622.322367925057
forecast_7387,2025-11-04 19:00:00,10732.77293742196,13268.767327282994,8818.722643710253
forecast_7388,2025-11-04 20:00:00,10878.82120687412,13168.955558093528,8898.264765968848
forecast_7389,2025-11-04 21:00:00,9954.830343135998,12138.804062855777,8539.447621859958
forecast_7390,2025-11-04 22:00:00,9770.589813838318,10614.236628435297,8362.474015107102
forecast_7391,2025-11-04 23:00:00,7867.9065256713275,8837.992314483774,7676.07530147811
forecast_7392,2025-11-05 00:00:00,6777.036950264702,7271.40791693315,7190.816887958874
forecast_7393,2025-11-05 01:00:00,6560.197271992227,7067.978433062876,6973.444050417928
forecast_7394,2025-11-05 02:00:00,5704.409629509681,5579.518265075087,6125.442880686695
forecast_7395,2025-11-05 03:00:00,4468.846954592599,3576.3143893160777,5200.468943828263
forecast_7396,2025-11-05 04:00:00,3214.972750741071,2955.3876982076335,4574.13254536607
forecast_7397,2025-11-05 05:00:00,2694.7155572251363,2604.2435000692467,4193.154800173906
forecast_7398,2025-11-05 06:00:00,2557.5573691714285,2576.9361363052926,3940.3432372238726
forecast_7399,2025-11-05 07:00:00,2253.148528026567,2233.9163832759286,3749.9953956995023
forecast_7400,2025-11-05 08:00:00,2144.234283196696,1892.2084922032889,3633.595721607568
forecast_7401,2025-11-05 09:00:00,2167.5483776567,1813.447374724482,3479.710955982568
forecast_7402,2025-11-05 10:00:00,1989.2841002218365,1646.255101145981,3340.277606373193
forecast_7403,2025-11-05 11:00:00,1865.2397016589932,1637.4164870512705,3221.034198170068
forecast_7404,2025-11-05 12:00:00,1814.5943036404117,1674.9057589709996,3195.522235279443
forecast_7405,2025-11-05 13:00:00,1874.051244998108,1711.6711849084352,3205.650653248193
forecast_7406,2025-11-05 14:00:00,1885.5045362019648,1598.523406209856,3259.202899341943
forecast_7407,2025-11-05 15:00:00,1947.7060138725717,1650.2213272811814,3310.979510670068
forecast_7408,2025-11-05 16:00:00,2063.864318912926,1577.4490488802362,3449.317889576318
forecast_7409,2025-11-05 17:00:00,2234.561285548135,1739.1753169441417,3551.185321216943
forecast_7410,2025-11-05 18:00:00,2317.400394590742,1825.626650503939,3609.692889576318
forecast_7411,2025-11-05 19:00:00,2332.958080651338,1910.0019708380592,3673.43610538272
forecast_7412,2025-11-05 20:00:00,2400.402784945541,2070.613916279375,3759.0325165177564
forecast_7413,2025-11-05 21:00:00,2431.4075797526934,2172.34477900992,3819.800638914495
forecast_7414,2025-11-05 22:00:00,2442.5501970296577,2118.3431399732185,3935.898756995883
forecast_7415,2025-11-05 23:00:00,2528.712960862355,2304.482541595861,4050.9809693942448
forecast_7416,2025-11-06 00:00:00,2756.3750116831125,2414.7821920270617,4349.027503344335
forecast_7417,2025-11-06 01:00:00,3253.4744025625346,3266.136905471067,4714.909440372383
forecast_7418,2025-11-06 02:00:00,3700.9237981744927,3766.474145338623,5225.119286887969
forecast_7419,2025-11-06 03:00:00,4422.484759483485,4312.598002343109,5653.64308070159
forecast_7420,2025-11-06 04:00:00,4768.64760003587,5065.8872237983915,6055.441798115394
forecast_7421,2025-11-06 05:00:00,5027.864228922662,5367.700684628819,6308.9099530675585
forecast_7422,2025-11-06 06:00:00,5364.559344647628,5698.648017477186,6474.37842600467
forecast_7423,2025-11-06 07:00:00,4994.539539785854,5347.597048749782,6291.482739841237
forecast_7424,2025-11-06 08:00:00,4309.815720196799,4181.613402612225,5120.405470312008
forecast_7425,2025-11-06 09:00:00,3069.1889815921045,3033.3911176547426,4198.299158068583
forecast_7426,2025-11-06 10:00:00,2264.6764791997266,2377.674235823515,3775.977741553473
forecast_7427,2025-11-06 11:00:00,1859.8706621039369,1954.8121378766518,3453.717303638818
forecast_7428,2025-11-06 12:00:00,1742.5044069896435,1767.4484610258087,3240.138934498193
forecast_7429,2025-11-06 13:00:00,1723.064192999209,1579.4369864164337,3265.977069263818
forecast_7430,2025-11-06 14:00:00,1737.015120733584,1539.8631338773712,3360.285530904202
forecast_7431,2025-11-06 15:00:00,1869.928879008082,1594.1349490314572,3398.918127621307
forecast_7432,2025-11-06 16:00:00,2007.9768694779884,1603.8749603838942,3511.9486512661365
forecast_7433,2025-11-06 17:00:00,2225.079663036705,1825.5688216296344,3648.6617517306217
forecast_7434,2025-11-06 18:00:00,2217.4182985696243,1857.6778339997593,3743.76615203202
forecast_7435,2025-11-06 19:00:00,2110.9970360816124,1938.6102687371513,3799.1005047921926
forecast_7436,2025-11-06 20:00:00,2139.262588901299,1975.6362059747441,3777.49779469858
forecast_7437,2025-11-06 21:00:00,2125.2844987436674,2016.7400457754604,3702.2587367345755
forecast_7438,2025-11-06 22:00:00,2073.980371521903,1880.8007214619577,3740.652612078282
forecast_7439,2025-11-06 23:00:00,2097.770410283852,1983.2643993925217,3751.3703999963177
forecast_7440,2025-11-07 00:00:00,2192.477375068447,2098.3252264023763,3772.1862132329375
forecast_7441,2025-11-07 01:00:00,2352.2108538910984,2620.5806708241707,3833.654819303487
forecast_7442,2025-11-07 02:00:00,2523.1364208705463,2546.609911666332,4180.426454781486
forecast_7443,2025-11-07 03:00:00,2787.3518150210766,2546.7855336396565,4303.368981567379
forecast_7444,2025-11-07 04:00:00,3031.648688451191,3066.179533366466,4491.210676153068
forecast_7445,2025-11-07 05:00:00,2851.612729192979,3215.6432626902847,4921.88398129848
forecast_7446,2025-11-07 06:00:00,2487.3831404178,2662.2605063001774,4734.384243220359
forecast_7447,2025-11-07 07:00:00,2200.6534882412534,2191.3003426315663,4387.3936710019425
forecast_7448,2025-11-07 08:00:00,2006.133305877374,2135.2598761474487,3990.513852029404
forecast_7449,2025-11-07 09:00:00,1928.3381049081136,1924.5542093963336,3572.762262366212
forecast_7450,2025-11-07 10:00:00,1873.1674526959384,1896.397127770046,3226.4828297061713
forecast_7451,2025-11-07 11:00:00,1741.2575280767846,1713.6460071703705,3130.662127857568
forecast_7452,2025-11-07 12:00:00,1720.815020577081,1588.5991337403705,3108.789184795314
forecast_7453,2025-11-07 13:00:00,1751.7139876177546,1541.2027545165595,3211.6508791309166
forecast_7454,2025-11-07 14:00:00,1851.9922969752763,1684.261496562241,3396.6997742518374
forecast_7455,2025-11-07 15:00:00,2023.6608548135985,1942.8173808705428,3571.3025171857266
forecast_7456,2025-11-07 16:00:00,2379.400151519987,2275.875094952179,3879.021109462768
forecast_7457,2025-11-07 17:00:00,2875.5981082023113,2964.6106177992933,4072.6451968546085
forecast_7458,2025-11-07 18:00:00,3393.9595651618038,3401.8961425294315,4191.78101473535
forecast_7459,2025-11-07 19:00:00,3728.627581478725,3870.6674389452596,4412.322211190268
forecast_7460,2025-11-07 20:00:00,3880.9320489801544,3783.52783285811,4573.942729780926
forecast_7461,2025-11-07 21:00:00,3585.978907228364,3492.7585946689564,4702.880135667974
forecast_7462,2025-11-07 22:00:00,3429.8728496865206,3508.237018634958,4613.342547921576
forecast_7463,2025-11-07 23:00:00,3118.9813809839534,2980.5610746587054,4546.937708800419
forecast_7464,2025-11-08 00:00:00,3004.382509307466,3095.070542086432,4578.646967306002
forecast_7465,2025-11-08 01:00:00,3639.6854613625906,3271.567030248757,4341.2784959353885
forecast_7466,2025-11-08 02:00:00,3723.193895357797,3348.4727439925564,4251.035418761219
forecast_7467,2025-11-08 03:00:00,3485.225233247861,2904.1150334792055,4285.176407223012
forecast_7468,2025-11-08 04:00:00,3369.0948126917597,2988.501340668512,4244.653116287394
forecast_7469,2025-11-08 05:00:00,3320.9898607364034,3097.001023318988,4269.260116630889
forecast_7470,2025-11-08 06:00:00,3528.7764972233035,3210.22480322313,4227.341231787501
forecast_7471,2025-11-08 07:00:00,3154.332488095363,2795.2981952167092,4202.424343481368
forecast_7472,2025-11-08 08:00:00,2874.9112532038057,2245.5537724894166,4107.611056963098
forecast_7473,2025-11-08 09:00:00,2792.5094013587996,2122.4970247646093,3965.4051256455914
forecast_7474,2025-11-08 10:00:00,2657.6527364373005,2024.3163829182793,3879.3855214129003
forecast_7475,2025-11-08 11:00:00,2504.902057061725,2199.567916466071,3925.0699668995935
forecast_7476,2025-11-08 12:00:00,2547.29633711366,2801.155686535734,3874.3256774410656
forecast_7477,2025-11-08 13:00:00,2628.8426072527923,2688.5789413899756,4143.410075511906
forecast_7478,2025-11-08 14:00:00,2841.4238678541387,2255.4339797688085,4108.117526793629
forecast_7479,2025-11-08 15:00:00,3180.071808557901,2565.1146477467614,4246.517231512555
forecast_7480,2025-11-08 16:00:00,3726.3830263311756,3337.1470017939473,4487.027290855486
forecast_7481,2025-11-08 17:00:00,4259.983146613419,4101.531809312319,4669.043370572213
forecast_7482,2025-11-08 18:00:00,4840.0694706145005,5194.398884995893,4908.013995229366
forecast_7483,2025-11-08 19:00:00,5398.668610452515,6338.080875011874,5212.26450009588
forecast_7484,2025-11-08 20:00:00,5843.621311658412,7079.599102102283,6026.283969743063
forecast_7485,2025-11-08 21:00:00,6473.816345050716,7203.101021731642,6154.089780488396
forecast_7486,2025-11-08 22:00:00,6628.428281571527,7084.536391140013,6501.905103419585
forecast_7487,2025-11-08 23:00:00,7357.58819417594,6825.473472884285,7332.453983519721
forecast_7488,2025-11-09 00:00:00,6779.636379590449,7544.401844100382,7796.953726740812
forecast_7489,2025-11-09 01:00:00,7082.520810270551,7686.2630054804,7367.383070432269
forecast_7490,2025-11-09 02:00:00,7668.301895289855,8580.644077309851,7673.849526467142
forecast_7491,2025-11-09 03:00:00,9152.622201496426,10574.848204683822,8014.883226675217
forecast_7492,2025-11-09 04:00:00,10041.647118786517,12165.705108119968,8310.521775831794
forecast_7493,2025-11-09 05:00:00,11365.707630954254,13688.485266212327,8772.993606803968
forecast_7494,2025-11-09 06:00:00,13325.757185195816,14812.846713488168,9608.262511503151
forecast_7495,2025-11-09 07:00:00,13821.140759257152,15285.959289032839,10300.915858793242
forecast_7496,2025-11-09 08:00:00,13544.6172810943,14902.253000167642,10695.778856817427
forecast_7497,2025-11-09 09:00:00,13434.91596678525,14234.575121977781,9777.423548816374
forecast_7498,2025-11-09 10:00:00,13068.307601175753,12795.564561601139,9928.36438569796
forecast_7499,2025-11-09 11:00:00,11862.456576537368,11493.84538116775,8837.945036784407
forecast_7500,2025-11-09 12:00:00,10960.514324092694,9973.820415432996,8088.423550359899
forecast_7501,2025-11-09 13:00:00,10821.453363306418,9231.301728006698,8710.593738540407
forecast_7502,2025-11-09 14:00:00,11148.371657618422,9618.06478825556,8274.481618710459
forecast_7503,2025-11-09 15:00:00,12227.761311254068,10090.873282246612,8494.60841111952
forecast_7504,2025-11-09 16:00:00,12917.4167023619,11777.952455602373,9227.565251405236
forecast_7505,2025-11-09 17:00:00,14016.943690974265,13813.414578320671,9999.276875287796
forecast_7506,2025-11-09 18:00:00,14362.261301238272,15448.265481758926,11054.607481402903
forecast_7507,2025-11-09 19:00:00,15592.010871630308,16687.851454338575,12388.796262347587
forecast_7508,2025-11-09 20:00:00,16242.233193360384,17080.346184047703,13325.50951280374
forecast_7509,2025-11-09 21:00:00,16368.281813298463,17363.8667393361,13375.413164674665
forecast_7510,2025-11-09 22:00:00,15795.729090640401,16707.884466860363,12958.081237022769
forecast_7511,2025-11-09 23:00:00,14313.871054936746,15966.587134648467,11378.156024921698
forecast_7512,2025-11-10 00:00:00,14424.126965790212,15387.979731086401,10533.56226233115
forecast_7513,2025-11-10 01:00:00,14010.09146550228,13665.438871942102,10480.60672785747
forecast_7514,2025-11-10 02:00:00,13755.59779386373,13316.932908059951,9584.369913942086
forecast_7515,2025-11-10 03:00:00,13788.909451432308,12666.481933005036,9222.940860441915
forecast_7516,2025-11-10 04:00:00,13983.110867806223,13544.75057422796,9596.388955625109
forecast_7517,2025-11-10 05:00:00,14743.172058179498,14581.6999694829,10247.149134405543
forecast_7518,2025-11-10 06:00:00,15412.685822249374,14927.894238250963,11388.516018839913
forecast_7519,2025-11-10 07:00:00,15937.123601135474,14624.230473455062,12555.285860534268
forecast_7520,2025-11-10 08:00:00,15127.62014629103,14020.586401159293,12748.339000863025
forecast_7521,2025-11-10 09:00:00,14289.898069664308,14253.73239988663,12647.009774846934
forecast_7522,2025-11-10 10:00:00,12393.619368587983,14168.769169622832,12127.914987931767
forecast_7523,2025-11-10 11:00:00,11179.93473296977,11926.256819243004,10089.601892581657
forecast_7524,2025-11-10 12:00:00,9768.555512148087,8918.51613519299,8657.143770683455
forecast_7525,2025-11-10 13:00:00,7978.686719636511,7435.869429436841,7556.2168874963845
forecast_7526,2025-11-10 14:00:00,7131.661888581231,6918.429632664231,6872.700894552433
forecast_7527,2025-11-10 15:00:00,6934.781473032598,7327.189791729597,6875.623393708226
forecast_7528,2025-11-10 16:00:00,7451.717892950489,8043.240746604526,7727.072962768539
forecast_7529,2025-11-10 17:00:00,9227.077532454947,9783.329266871022,8431.637288539243
forecast_7530,2025-11-10 18:00:00,11553.591213400918,11796.708738542478,9658.616959667028
forecast_7531,2025-11-10 19:00:00,13820.610544428466,15178.425733437285,11275.366002704613
forecast_7532,2025-11-10 20:00:00,16739.724559355927,17629.940626650063,12037.947029260406
forecast_7533,2025-11-10 21:00:00,18212.199488354978,19011.95144806597,12746.958317513605
forecast_7534,2025-11-10 22:00:00,18825.59856781094,19663.59124668612,13600.315328018218
forecast_7535,2025-11-10 23:00:00,19095.69147720736,19722.1220055814,13936.48612480364
forecast_7536,2025-11-11 00:00:00,19214.251996767078,19799.088128293224,14093.417003258388
forecast_7537,2025-11-11 01:00:00,19198.344887756444,19431.570757396174,14409.062434034007
forecast_7538,2025-11-11 02:00:00,18714.465515981592,18705.538887679228,13038.606865466354
forecast_7539,2025-11-11 03:00:00,17455.997621281775,17235.352865378725,11618.590744096506
forecast_7540,2025-11-11 04:00:00,15425.241298893052,16215.763761053042,10486.24972814131
forecast_7541,2025-11-11 05:00:00,11801.114653562388,12554.088633519663,8593.116495675484
forecast_7542,2025-11-11 06:00:00,8559.613498001461,8447.271101019058,7006.595815080851
forecast_7543,2025-11-11 07:00:00,6433.872230264775,5431.272254879621,6280.530121617657
forecast_7544,2025-11-11 08:00:00,5498.918805525942,4276.323838585634,5387.356256941587
forecast_7545,2025-11-11 09:00:00,4547.345338965602,3367.2451154453815,4682.2361540463135
forecast_7546,2025-11-11 10:00:00,3482.708180864435,2512.473574247843,4255.478805229372
forecast_7547,2025-11-11 11:00:00,2900.4602522163946,2176.991274487163,3980.200962697635
forecast_7548,2025-11-11 12:00:00,2626.117635589745,2058.9472071695523,3873.6368908610107
forecast_7549,2025-11-11 13:00:00,2424.7784610322574,1871.9962572196562,3813.845957328554
forecast_7550,2025-11-11 14:00:00,2447.834989126,1828.5141046786077,3760.010303203385
forecast_7551,2025-11-11 15:00:00,2423.920168416169,1760.3339461084734,3764.8724965426636
forecast_7552,2025-11-11 16:00:00,2390.3278167445924,1805.6482569125658,3748.084939170307
forecast_7553,2025-11-11 17:00:00,2514.5073161419227,2135.243368148485,3762.0504115554336
forecast_7554,2025-11-11 18:00:00,2570.1177400913584,2360.049427534118,3818.0942485556043
forecast_7555,2025-11-11 19:00:00,2554.7780357581582,2495.255067169942,3683.498478964479
forecast_7556,2025-11-11 20:00:00,2548.4557769856606,2369.4546459201806,3698.550106482198
forecast_7557,2025-11-11 21:00:00,2616.7766346144936,2362.772475846161,3742.3967339060828
forecast_7558,2025-11-11 22:00:00,2666.2985392707524,2461.298341636113,3772.49114847751
forecast_7559,2025-11-11 23:00:00,2771.6171361009237,2473.002898593343,3792.6801016253785
forecast_7560,2025-11-12 00:00:00,2873.9965001773458,2463.4967459199543,3912.5685312122205
forecast_7561,2025-11-12 01:00:00,2836.311412982883,2540.768502780079,4038.8781168406463
forecast_7562,2025-11-12 02:00:00,2817.813890672646,2608.4101499200947,4124.08376107955
forecast_7563,2025-11-12 03:00:00,2990.2474102320593,2978.540568764777,4233.883702086278
forecast_7564,2025-11-12 04:00:00,3050.4489894386707,3165.552211200331,4389.934566690392
forecast_7565,2025-11-12 05:00:00,3218.60519293676,3773.6445517098286,4510.852690015204
forecast_7566,2025-11-12 06:00:00,3750.1979131604394,5035.16977846503,4779.799552889261
forecast_7567,2025-11-12 07:00:00,4209.632944111563,5786.563804277344,5379.092947419302
forecast_7568,2025-11-12 08:00:00,4687.025288991633,6309.64739547286,5555.344536031074
forecast_7569,2025-11-12 09:00:00,5265.944487259657,5980.274176693721,5444.310671578275
forecast_7570,2025-11-12 10:00:00,4317.699047637692,4604.134517057683,5080.681368230601
forecast_7571,2025-11-12 11:00:00,4109.746335830518,3594.3390977228796,5168.463992121009
forecast_7572,2025-11-12 12:00:00,4208.528919007516,3785.0394778440736,5566.725784656324
forecast_7573,2025-11-12 13:00:00,4608.0575118228935,4113.962131380183,5827.634331157382
forecast_7574,2025-11-12 14:00:00,4895.549776052367,4914.163349581751,6251.219608487923
forecast_7575,2025-11-12 15:00:00,5371.242093109637,5955.618813008497,6620.902678588653
forecast_7576,2025-11-12 16:00:00,6210.581592064826,7409.697258435892,7389.720760714568
forecast_7577,2025-11-12 17:00:00,8568.565458850382,11782.881856774322,8846.998119462389
forecast_7578,2025-11-12 18:00:00,11063.858117537784,14061.082489265053,10328.162738537145
forecast_7579,2025-11-12 19:00:00,14603.113043105182,16193.964210350701,11539.692652410338
forecast_7580,2025-11-12 20:00:00,16505.39482643603,17770.950206683698,12720.7577554641
forecast_7581,2025-11-12 21:00:00,18036.476596952212,18513.560594086906,13783.06499227016
forecast_7582,2025-11-12 22:00:00,18747.508089203977,18983.627808417885,14520.532374334902
forecast_7583,2025-11-12 23:00:00,19123.584807496434,19288.80720701461,15604.067813754922
forecast_7584,2025-11-13 00:00:00,19841.22428917359,19396.49053216399,16296.650042346851
forecast_7585,2025-11-13 01:00:00,19953.253369097845,19378.22854300536,16041.412451939927
forecast_7586,2025-11-13 02:00:00,19729.989502479824,19550.78078719797,16426.466078140566
forecast_7587,2025-11-13 03:00:00,19550.663570925906,19722.489921688044,16626.00901927745
forecast_7588,2025-11-13 04:00:00,19090.37824435594,20142.779104726196,16180.876859204784
forecast_7589,2025-11-13 05:00:00,18933.097228118608,19750.743139836522,15521.790805907933
forecast_7590,2025-11-13 06:00:00,18746.97263155895,18910.43897661716,15119.91464364649
forecast_7591,2025-11-13 07:00:00,18039.690937204523,17860.776699635142,14410.319610747032
forecast_7592,2025-11-13 08:00:00,16670.44514182407,16171.514239538601,13097.097593790313
forecast_7593,2025-11-13 09:00:00,14407.376513987416,14237.88351768841,11238.740031521778
forecast_7594,2025-11-13 10:00:00,10254.894968533108,10024.19209429549,9672.673556564532
forecast_7595,2025-11-13 11:00:00,7862.282043481874,7303.454644094614,8410.820936225387
forecast_7596,2025-11-13 12:00:00,6465.598410564859,6582.030751015473,6763.284733361067
forecast_7597,2025-11-13 13:00:00,5740.532864199248,5811.17717737308,5516.159992204745
forecast_7598,2025-11-13 14:00:00,5295.878470130144,4931.811817879729,4919.082954976747
forecast_7599,2025-11-13 15:00:00,4775.2051874978315,4777.118688502837,4470.660899557928
forecast_7600,2025-11-13 16:00:00,4988.120574783125,4658.199727524709,4441.94254541501
forecast_7601,2025-11-13 17:00:00,5661.484100849864,5737.593180154085,4615.252296399348
forecast_7602,2025-11-13 18:00:00,6502.1505305867495,7196.379066511532,5331.104552284528
forecast_7603,2025-11-13 19:00:00,6925.759002296714,7630.41738906188,5799.96806716066
forecast_7604,2025-11-13 20:00:00,6793.735652326264,7227.020235477202,6129.930638000069
forecast_7605,2025-11-13 21:00:00,7113.357940471984,7090.949179673716,6703.6337791946935
forecast_7606,2025-11-13 22:00:00,7360.942746442161,6895.505707116234,7053.784613209058
forecast_7607,2025-11-13 23:00:00,7420.395926924548,7682.618379127139,7385.16078744402
forecast_7608,2025-11-14 00:00:00,6763.21089866591,7091.7409978737205,7180.496482964088
forecast_7609,2025-11-14 01:00:00,4604.990879128471,5185.071954550709,5973.934269407546
forecast_7610,2025-11-14 02:00:00,3732.583009737546,4218.244042385191,5545.1894446884835
forecast_7611,2025-11-14 03:00:00,3594.0762643538724,3967.925709143116,5451.906641087878
forecast_7612,2025-11-14 04:00:00,3424.4894539364177,4060.70422988094,5298.163660177616
forecast_7613,2025-11-14 05:00:00,3494.8143248766537,4122.186776743902,5380.494684738428
forecast_7614,2025-11-14 06:00:00,3567.7775904510054,3941.7368001775003,5464.098858537916
forecast_7615,2025-11-14 07:00:00,3797.3730663138986,3699.6343307721627,5503.772948758684
forecast_7616,2025-11-14 08:00:00,4033.6391135380486,3991.1370988281733,5449.563265255804
forecast_7617,2025-11-14 09:00:00,4221.382838640581,4369.308844950775,5257.34189829256
forecast_7618,2025-11-14 10:00:00,4173.298723953536,4027.193220519184,5094.119510526067
forecast_7619,2025-11-14 11:00:00,4093.290458483865,3593.0941652824813,4835.517193163888
forecast_7620,2025-11-14 12:00:00,4292.860417444111,3832.227800083867,4882.684284532035
forecast_7621,2025-11-14 13:00:00,4548.700922723228,4113.214876954758,4998.49809764125
forecast_7622,2025-11-14 14:00:00,4899.083389478815,4114.782009001972,5121.5125187784515
forecast_7623,2025-11-14 15:00:00,5173.384530254848,4532.453021946923,5449.333173286746
forecast_7624,2025-11-14 16:00:00,5831.196928153752,5511.665665785933,6027.659188063887
forecast_7625,2025-11-14 17:00:00,6752.54009817284,7087.257961772935,6582.38217378327
forecast_7626,2025-11-14 18:00:00,7584.532768207881,8048.528036565647,7436.1373474985685
forecast_7627,2025-11-14 19:00:00,8289.851091412922,9502.099713726278,8053.933379105771
forecast_7628,2025-11-14 20:00:00,9128.067430668027,9246.07506015498,8217.013742229905
forecast_7629,2025-11-14 21:00:00,8865.444580901245,9066.145853322078,8001.695532445937
forecast_7630,2025-11-14 22:00:00,9432.494030484508,10048.62786189232,7975.539355215186
forecast_7631,2025-11-14 23:00:00,8918.727388198755,9884.750949224475,7752.746031606818
forecast_7632,2025-11-15 00:00:00,7802.72298645961,8315.503959121863,7014.9653694785375
forecast_7633,2025-11-15 01:00:00,7116.226344421897,6309.8135480226865,6410.281908990407
forecast_7634,2025-11-15 02:00:00,6008.8809915630645,5487.60112913424,5803.8555806726
forecast_7635,2025-11-15 03:00:00,5932.5210567214845,5189.532132684522,5555.027175707092
forecast_7636,2025-11-15 04:00:00,5978.113018099796,5476.749377553095,5422.524844936169
forecast_7637,2025-11-15 05:00:00,5898.12570253781,6144.959009152847,5264.032300073792
forecast_7638,2025-11-15 06:00:00,5061.101514586004,5025.713651063723,5032.212022449852
forecast_7639,2025-11-15 07:00:00,4515.772685614963,3533.8540619358946,4887.960922961673
forecast_7640,2025-11-15 08:00:00,4125.250587792848,3150.3464270248587,4548.178448557655
forecast_7641,2025-11-15 09:00:00,3324.29362172161,2554.603110980738,4062.4689257389514
forecast_7642,2025-11-15 10:00:00,2370.2575288274174,1954.820461922282,3816.9020881150605
forecast_7643,2025-11-15 11:00:00,2000.50958901301,1717.945740055024,3627.7344502063415
forecast_7644,2025-11-15 12:00:00,1915.1100286502679,1601.0290540539288,3512.9738188716124
forecast_7645,2025-11-15 13:00:00,1845.0679108310649,1544.0240724337305,3403.8743215379477
forecast_7646,2025-11-15 14:00:00,1832.2394730852905,1535.7741070822067,3466.096758022714
forecast_7647,2025-11-15 15:00:00,1948.9037004060888,1641.97222681195,3681.923634912972
forecast_7648,2025-11-15 16:00:00,2473.514862383132,2026.239186590004,4034.175110221062
forecast_7649,2025-11-15 17:00:00,3375.66690867283,3226.5097904641752,4608.600266434855
forecast_7650,2025-11-15 18:00:00,4790.953275263622,4942.755282205751,5618.761589584662
forecast_7651,2025-11-15 19:00:00,5596.865787108963,6226.970701863334,6401.79288341134
forecast_7652,2025-11-15 20:00:00,6114.325349387852,7151.096054084316,6821.091168652814
forecast_7653,2025-11-15 21:00:00,6701.312299076961,8495.217869887043,7507.299537292656
forecast_7654,2025-11-15 22:00:00,7275.465705964,9146.968302077632,7844.272793414187
forecast_7655,2025-11-15 23:00:00,7641.398708390522,10544.227246288767,7642.829513052965
forecast_7656,2025-11-16 00:00:00,8516.41440064303,11032.141347454442,7719.760719556398
forecast_7657,2025-11-16 01:00:00,9415.752592082126,8171.309663456934,7656.942453444513
forecast_7658,2025-11-16 02:00:00,9533.766123262683,7481.375633664144,7438.400616949342
forecast_7659,2025-11-16 03:00:00,9868.007600900892,8735.797849848597,7743.707923696028
forecast_7660,2025-11-16 04:00:00,11113.985589121248,10999.35645944589,7899.102025256321
forecast_7661,2025-11-16 05:00:00,12276.462199703403,12299.321451738888,8048.348457383997
forecast_7662,2025-11-16 06:00:00,11830.407495597658,14080.28217258096,8206.587403144982
forecast_7663,2025-11-16 07:00:00,12216.769822896047,13840.122871405612,8532.191276156902
forecast_7664,2025-11-16 08:00:00,11817.106701585784,13585.588862191518,8939.136098760231
forecast_7665,2025-11-16 09:00:00,10807.10738519387,14182.977526192317,9250.564240977215
forecast_7666,2025-11-16 10:00:00,10155.755338804967,12907.715024278028,10246.570680183082
forecast_7667,2025-11-16 11:00:00,9245.59398934321,12165.247727562108,10625.549123128616
forecast_7668,2025-11-16 12:00:00,9403.439122722302,11343.283694526459,11047.661580375665
forecast_7669,2025-11-16 13:00:00,9888.609281446796,11431.424617682253,11458.564237153023
forecast_7670,2025-11-16 14:00:00,10789.424294335198,11867.145198322534,11457.76487498023
forecast_7671,2025-11-16 15:00:00,12420.445008473147,13013.175393577274,12346.496969220983
forecast_7672,2025-11-16 16:00:00,15048.842928265298,16712.11507297903,14295.975544652996
forecast_7673,2025-11-16 17:00:00,17420.164792621817,18686.471087150006,15854.740758899992
forecast_7674,2025-11-16 18:00:00,18590.77875602865,19421.321996206352,16970.652445521388
forecast_7675,2025-11-16 19:00:00,18503.24332831281,19765.135971066178,17675.36454496917
forecast_7676,2025-11-16 20:00:00,18530.474121568892,19852.933288026547,18045.488355355046
forecast_7677,2025-11-16 21:00:00,18963.580360840708,19849.21049987444,18088.24081452848
forecast_7678,2025-11-16 22:00:00,18854.900920462263,19824.93485394912,18095.723818905866
forecast_7679,2025-11-16 23:00:00,18419.94935459026,19583.996172735664,17849.203694660442
forecast_7680,2025-11-17 00:00:00,18719.709001724284,19699.705305837753,17785.201625024583
forecast_7681,2025-11-17 01:00:00,18631.049309011352,19707.05580289623,17799.920972117237
forecast_7682,2025-11-17 02:00:00,19173.2352365769,19732.25712311753,17796.361601914385
forecast_7683,2025-11-17 03:00:00,19093.969154042436,19817.197355988923,17527.55204932734
forecast_7684,2025-11-17 04:00:00,19181.49552295987,19706.9529058986,17739.559642428605
forecast_7685,2025-11-17 05:00:00,19303.925148158472,19835.391744349086,17697.91115268757
forecast_7686,2025-11-17 06:00:00,19468.951020403114,19868.81949601183,17814.41415602329
forecast_7687,2025-11-17 07:00:00,19893.541286073785,19925.193090747496,17716.58110053532
forecast_7688,2025-11-17 08:00:00,19956.445826802286,19665.095660413437,17442.39690937299
forecast_7689,2025-11-17 09:00:00,19052.32741739975,18632.176546419265,16354.350521439264
forecast_7690,2025-11-17 10:00:00,17077.168592100676,17457.11259985027,14782.658060941128
forecast_7691,2025-11-17 11:00:00,15086.828208051898,16142.689138754587,13354.215921622732
forecast_7692,2025-11-17 12:00:00,13640.032248747277,14135.326218900092,11587.61578942055
forecast_7693,2025-11-17 13:00:00,12381.021629619574,11540.16266405638,10570.24439204102
forecast_7694,2025-11-17 14:00:00,11622.865437708266,10244.8838028959,10085.779587536053
forecast_7695,2025-11-17 15:00:00,11783.190611198217,10568.645426093555,9812.752097520824
forecast_7696,2025-11-17 16:00:00,12039.96129620546,10720.460178756359,10675.778141855037
forecast_7697,2025-11-17 17:00:00,12464.595109538779,11321.079654957484,11663.600293740088
forecast_7698,2025-11-17 18:00:00,12856.821079568403,13025.803258598355,11835.497495494754
forecast_7699,2025-11-17 19:00:00,12581.148866163641,14363.888967445888,11914.703485897287
forecast_7700,2025-11-17 20:00:00,13093.929006741037,14735.32552469736,12336.40090571579
forecast_7701,2025-11-17 21:00:00,13525.96958028431,15611.100708620825,13029.70958329415
forecast_7702,2025-11-17 22:00:00,14863.416089477441,16978.260910040175,13911.9441354443
forecast_7703,2025-11-17 23:00:00,15353.996008625729,17362.257578647692,14153.438389558998
forecast_7704,2025-11-18 00:00:00,15283.557728456686,16286.381209712055,13772.380812141328
forecast_7705,2025-11-18 01:00:00,14921.172646868255,16828.06244175962,13408.971154384748
forecast_7706,2025-11-18 02:00:00,14633.048141701587,18164.71763170832,14071.761115922618
forecast_7707,2025-11-18 03:00:00,14554.37117445176,18325.503020321506,14283.905573401447
forecast_7708,2025-11-18 04:00:00,15015.724209156268,17762.26034739042,14704.180723882782
forecast_7709,2025-11-18 05:00:00,15211.672201946345,18028.802199332826,15260.944353710285
forecast_7710,2025-11-18 06:00:00,16380.296076097846,19454.75279719181,15870.454815921643
forecast_7711,2025-11-18 07:00:00,16751.57047281927,19771.711837331015,16074.136156410696
forecast_7712,2025-11-18 08:00:00,16248.536542470836,19028.838902219613,15693.053146749764
forecast_7713,2025-11-18 09:00:00,15588.136175561862,17706.419465426123,14398.274113132939
forecast_7714,2025-11-18 10:00:00,14691.088027808291,16234.571790247424,12593.52077533979
forecast_7715,2025-11-18 11:00:00,13509.959495801755,13983.87429444858,11146.642431481303
forecast_7716,2025-11-18 12:00:00,13170.943865685034,12856.778501340432,9799.505889408363
forecast_7717,2025-11-18 13:00:00,12584.683098297352,12083.463833518294,8806.856582005108
forecast_7718,2025-11-18 14:00:00,11816.094593306549,10199.093963435078,8219.654707834154
forecast_7719,2025-11-18 15:00:00,10900.367477645226,8803.970019639148,7699.787304409091
forecast_7720,2025-11-18 16:00:00,10044.268648252417,8405.382133246847,7563.783608461514
forecast_7721,2025-11-18 17:00:00,9449.237870148052,8251.127441637469,7544.591479300619
forecast_7722,2025-11-18 18:00:00,8907.284120581126,9087.08654266177,7485.703868586109
forecast_7723,2025-11-18 19:00:00,8545.643343312322,9844.31485616828,7596.654527311787
forecast_7724,2025-11-18 20:00:00,8485.625795350821,10777.63451998195,7821.091155382639
forecast_7725,2025-11-18 21:00:00,8783.974398795082,11696.36353911144,7643.323894418134
forecast_7726,2025-11-18 22:00:00,9216.479465847682,11824.606288880519,7902.13607817492
forecast_7727,2025-11-18 23:00:00,9583.643617185786,11815.961910276501,7854.481019402563
forecast_7728,2025-11-19 00:00:00,9825.548505580553,11292.065757329248,8075.130618245568
forecast_7729,2025-11-19 01:00:00,10368.740413071586,11351.465047984788,8845.969001354331
forecast_7730,2025-11-19 02:00:00,10524.908034693119,11530.132323642474,8785.066196738537
forecast_7731,2025-11-19 03:00:00,9984.859814388206,10866.653733040564,8411.609081893152
forecast_7732,2025-11-19 04:00:00,8349.977548839104,7033.684685777037,7840.903292595323
forecast_7733,2025-11-19 05:00:00,6181.267943918915,5014.852376804013,7371.91465319243
forecast_7734,2025-11-19 06:00:00,5000.433038953971,3851.1583733701264,6553.100100567472
forecast_7735,2025-11-19 07:00:00,4131.882560554293,3319.824117177039,5825.876464177097
forecast_7736,2025-11-19 08:00:00,3436.2630517069992,2847.2343132037245,5144.147121657952
forecast_7737,2025-11-19 09:00:00,2783.694722599741,2254.4629835488217,4678.696140452189
forecast_7738,2025-11-19 10:00:00,2108.215256218383,1932.8304864256618,4213.279792672352
forecast_7739,2025-11-19 11:00:00,1868.004419490108,2086.332751354179,3969.612267012467
forecast_7740,2025-11-19 12:00:00,1841.2084099271444,2041.430823267346,3893.4319848915648
forecast_7741,2025-11-19 13:00:00,1921.24324399811,2083.553915681679,3930.8256963227072
forecast_7742,2025-11-19 14:00:00,2191.9259250265245,2222.0998221859436,4218.075793228179
forecast_7743,2025-11-19 15:00:00,2715.5621771832894,2584.9079204541886,4941.219979609152
forecast_7744,2025-11-19 16:00:00,3829.5151915490446,3529.0128112358325,5893.5831139070815
forecast_7745,2025-11-19 17:00:00,6412.7836837474315,4549.659101313621,7320.582480888511
forecast_7746,2025-11-19 18:00:00,8279.437337329533,6119.191624062281,8680.010525061169
forecast_7747,2025-11-19 19:00:00,10914.811946483276,9834.216671347811,10590.599956502721
forecast_7748,2025-11-19 20:00:00,14551.78424584131,13108.322845074828,11670.543224487572
forecast_7749,2025-11-19 21:00:00,17741.262533178757,15914.205781451963,12569.368068307376
forecast_7750,2025-11-19 22:00:00,19364.895748146162,17611.588158623024,14102.595330377811
forecast_7751,2025-11-19 23:00:00,19968.123054391475,18747.257159678767,14933.955658067269
forecast_7752,2025-11-20 00:00:00,20378.56119154048,19510.208488992652,15654.764915681873
forecast_7753,2025-11-20 01:00:00,20264.362158688815,19425.18859010641,16586.21247004788
forecast_7754,2025-11-20 02:00:00,20300.799473335384,19831.69290939677,16944.48104615467
forecast_7755,2025-11-20 03:00:00,20465.79023009562,20159.995818779727,17065.241885121966
forecast_7756,2025-11-20 04:00:00,20352.311562319,20034.917483523168,17098.426627974164
forecast_7757,2025-11-20 05:00:00,20145.949559171237,20023.88022832478,16902.186513215525
forecast_7758,2025-11-20 06:00:00,19944.065294568474,20104.651372005355,16702.828722243365
forecast_7759,2025-11-20 07:00:00,19598.67227459831,19920.626481157495,16800.059021329267
forecast_7760,2025-11-20 08:00:00,19273.00071418373,19778.496088668697,16645.44011392662
forecast_7761,2025-11-20 09:00:00,18858.34557259158,19524.971258755773,16727.754384971573
forecast_7762,2025-11-20 10:00:00,18194.19958010868,19123.897646942114,16745.082439340273
forecast_7763,2025-11-20 11:00:00,18250.0872524997,19500.361788590533,16711.320221295788
forecast_7764,2025-11-20 12:00:00,18557.33974879543,19671.41965686719,16778.42785940037
forecast_7765,2025-11-20 13:00:00,18723.94893986367,19398.608307021204,16887.346718980232
forecast_7766,2025-11-20 14:00:00,18868.420144165997,19378.51284218057,16984.865009269983
forecast_7767,2025-11-20 15:00:00,18753.117529471776,19498.78632715997,16989.274033147412
forecast_7768,2025-11-20 16:00:00,18860.090707369436,19354.474227156927,17375.678087412773
forecast_7769,2025-11-20 17:00:00,18956.61397438398,19253.5192395136,17579.062626845625
forecast_7770,2025-11-20 18:00:00,19245.292020599438,19200.432094911917,17715.82213911025
forecast_7771,2025-11-20 19:00:00,19557.98506608702,19234.251110854133,17820.595574338495
forecast_7772,2025-11-20 20:00:00,19479.658701974564,19605.7467181091,17846.377062555417
forecast_7773,2025-11-20 21:00:00,19357.203044480273,19762.85833590522,17870.30649081343
forecast_7774,2025-11-20 22:00:00,18679.194413832767,19662.823463823046,17575.65753010228
forecast_7775,2025-11-20 23:00:00,17811.254585660798,19452.131053644185,17464.327188981348
forecast_7776,2025-11-21 00:00:00,17505.146866001032,18949.933962036754,17432.9647597228
forecast_7777,2025-11-21 01:00:00,17330.889620788577,19242.175286042817,17004.817655677278
forecast_7778,2025-11-21 02:00:00,17097.252440830394,19152.455852047766,16355.806020501966
forecast_7779,2025-11-21 03:00:00,17330.967203573848,19002.493611016176,16045.396328500583
forecast_7780,2025-11-21 04:00:00,16507.431330458086,19019.345325755494,15807.449592718904
forecast_7781,2025-11-21 05:00:00,16854.59368867113,19230.065742739615,15657.073269696863
forecast_7782,2025-11-21 06:00:00,17202.071006026268,19218.96198026494,15766.759536429674
forecast_7783,2025-11-21 07:00:00,17682.843029446703,19549.78710127094,15657.114743137156
forecast_7784,2025-11-21 08:00:00,17648.142884497902,19499.13870981564,15862.034909202237
forecast_7785,2025-11-21 09:00:00,16176.386320926073,18925.315620905858,15399.36358377204
forecast_7786,2025-11-21 10:00:00,15046.538240615286,18013.384774206796,15016.070492844436
forecast_7787,2025-11-21 11:00:00,14466.284038342641,17936.3077751659,14055.58525040809
forecast_7788,2025-11-21 12:00:00,14999.775370369953,17557.75004157469,13232.504003823384
forecast_7789,2025-11-21 13:00:00,15503.526498107027,17407.368848000555,12966.118081377967
forecast_7790,2025-11-21 14:00:00,15545.12636210983,17850.558112170707,12806.508695240032
forecast_7791,2025-11-21 15:00:00,16256.21219117897,18365.518556329167,14652.912582707653
forecast_7792,2025-11-21 16:00:00,16615.620884043426,18279.68989847597,15248.93817013673
forecast_7793,2025-11-21 17:00:00,17331.06419967198,18213.135266471927,15665.217157483348
forecast_7794,2025-11-21 18:00:00,17745.265271961158,18331.66465318667,16336.329550491264
forecast_7795,2025-11-21 19:00:00,17839.301982035257,18644.38818881608,16266.16082171081
forecast_7796,2025-11-21 20:00:00,17752.7310462144,18582.497440000454,16043.87010146893
forecast_7797,2025-11-21 21:00:00,17533.75233805249,18474.164194282796,15936.044954925874
forecast_7798,2025-11-21 22:00:00,17835.930638972237,18716.53952342561,15961.852589987117
forecast_7799,2025-11-21 23:00:00,17768.889821501907,19078.52586932544,16217.794376311405
forecast_7800,2025-11-22 00:00:00,18408.03390722005,19099.782219313685,16149.031646949865
forecast_7801,2025-11-22 01:00:00,18651.70847925184,18439.605752524,15583.81481101183
forecast_7802,2025-11-22 02:00:00,18620.651123266576,18360.661187694885,15526.489418336083
forecast_7803,2025-11-22 03:00:00,18712.96991834857,18340.094017568725,15342.422814410282
forecast_7804,2025-11-22 04:00:00,18680.059891882745,18182.48768434371,15403.674116725437
forecast_7805,2025-11-22 05:00:00,18517.49600986801,18443.40448954681,15643.848442716166
forecast_7806,2025-11-22 06:00:00,18635.057482928605,18844.65391995725,15286.777802971956
forecast_7807,2025-11-22 07:00:00,18620.79471384696,18767.978458901718,14878.100937795625
forecast_7808,2025-11-22 08:00:00,18546.142012832017,18619.231982817066,14184.566312756839
forecast_7809,2025-11-22 09:00:00,17851.46793660621,18666.48022501459,13491.749124882263
forecast_7810,2025-11-22 10:00:00,15208.031284681663,17815.546736112046,12549.454833828788
forecast_7811,2025-11-22 11:00:00,12772.475415386982,16477.932839157937,11468.097707283016
forecast_7812,2025-11-22 12:00:00,11346.972497658498,15173.72506179745,11706.70974770218
forecast_7813,2025-11-22 13:00:00,11204.015913815041,14027.603718593622,11357.02691834463
forecast_7814,2025-11-22 14:00:00,12018.263092052948,13693.213128994854,11534.764723579168
forecast_7815,2025-11-22 15:00:00,12921.068897742138,13892.34214845028,12374.663615678222
forecast_7816,2025-11-22 16:00:00,14891.308114077965,15396.28704386828,13478.580201612225
forecast_7817,2025-11-22 17:00:00,16540.398204986155,17580.913185802776,14471.345706500062
forecast_7818,2025-11-22 18:00:00,18228.42583979509,18657.38667983121,15317.829753321843
forecast_7819,2025-11-22 19:00:00,19509.084377028732,19009.882312074704,15849.672288250757
forecast_7820,2025-11-22 20:00:00,20198.67587288763,19317.56353689272,15942.596264468397
forecast_7821,2025-11-22 21:00:00,20428.483460183354,19860.936968302027,16157.665687179324
forecast_7822,2025-11-22 22:00:00,20637.800613643856,20156.82833054942,16194.461660057947
forecast_7823,2025-11-22 23:00:00,20597.341480835083,19952.418249475842,16489.92295459815
forecast_7824,2025-11-23 00:00:00,20601.80663146736,20104.415806178386,16760.386309877787
forecast_7825,2025-11-23 01:00:00,20582.4375509217,20069.273726254527,16850.487134590316
forecast_7826,2025-11-23 02:00:00,20522.042687478854,19989.04028502685,16874.3926831691
forecast_7827,2025-11-23 03:00:00,20520.207521173415,20156.21551270468,16982.81320477235
forecast_7828,2025-11-23 04:00:00,20523.335109604435,20175.971488197603,16896.089410248605
forecast_7829,2025-11-23 05:00:00,20473.356587195405,20233.256021975787,16587.42954634458
forecast_7830,2025-11-23 06:00:00,20411.242959251096,20074.827799914892,16350.052284746507
forecast_7831,2025-11-23 07:00:00,20415.56675226848,20105.99750885261,16446.627687724118
forecast_7832,2025-11-23 08:00:00,20445.018961091304,20011.851532722303,16164.708394189618
forecast_7833,2025-11-23 09:00:00,20462.53142611295,19652.07165223582,16079.791914985335
forecast_7834,2025-11-23 10:00:00,20138.154476955293,19396.679938285684,15613.278689395582
forecast_7835,2025-11-23 11:00:00,19131.31323897397,19131.513819804117,14662.18310154364
forecast_7836,2025-11-23 12:00:00,18536.396150090077,18734.03017967423,15094.837743804594
forecast_7837,2025-11-23 13:00:00,17755.6877204967,17982.554431710643,14129.507655004749
forecast_7838,2025-11-23 14:00:00,16967.368007046778,17613.099642755427,13581.09390258148
forecast_7839,2025-11-23 15:00:00,16571.221941028787,17836.000814948304,13629.07505457043
forecast_7840,2025-11-23 16:00:00,17061.830539128398,17925.954985782904,13850.867338635218
forecast_7841,2025-11-23 17:00:00,18274.486263215542,18439.88789656205,14480.598844780365
forecast_7842,2025-11-23 18:00:00,18800.261590593498,18944.41081054313,15634.923041698457
forecast_7843,2025-11-23 19:00:00,19190.659847610757,18989.4211066594,16141.763605616816
forecast_7844,2025-11-23 20:00:00,19093.94140751294,18693.628144965784,16036.708784283033
forecast_7845,2025-11-23 21:00:00,18822.11386512808,18418.590323876142,16290.879961436072
forecast_7846,2025-11-23 22:00:00,18299.041239690443,18255.017699032534,15764.741869157197
forecast_7847,2025-11-23 23:00:00,17702.600879229845,17877.82355164214,15234.431272470438
forecast_7848,2025-11-24 00:00:00,16209.253434963895,17080.108435342605,14234.523420947164
forecast_7849,2025-11-24 01:00:00,16304.15854884499,16753.399302909842,12844.056443085423
forecast_7850,2025-11-24 02:00:00,15865.29445972749,15929.540791046787,12290.708787760432
forecast_7851,2025-11-24 03:00:00,15026.049709418687,14951.066665922634,11605.07534659653
forecast_7852,2025-11-24 04:00:00,13901.371983530895,14418.591325575811,11191.442276366211
forecast_7853,2025-11-24 05:00:00,13334.156683296791,14749.083405513635,11331.050397520603
forecast_7854,2025-11-24 06:00:00,13520.692034115662,15476.594475720136,11411.279746494914
forecast_7855,2025-11-24 07:00:00,14145.277549414302,15567.011597904073,11880.675722363398
forecast_7856,2025-11-24 08:00:00,14377.88420017512,14802.907626082786,11611.438549029037
forecast_7857,2025-11-24 09:00:00,11809.35127471904,13404.950040077638,11194.174824552174
forecast_7858,2025-11-24 10:00:00,10448.64120894094,11909.597183194353,9613.381463598918
forecast_7859,2025-11-24 11:00:00,10209.5877921363,10724.0603746258,9559.24756001407
forecast_7860,2025-11-24 12:00:00,10877.999634236357,10242.50562326242,10112.804556979685
forecast_7861,2025-11-24 13:00:00,11373.814281058909,11198.947116421956,10649.393307619785
forecast_7862,2025-11-24 14:00:00,12833.256581662761,13802.354220042227,11415.918772561903
forecast_7863,2025-11-24 15:00:00,13008.046967926093,14591.621878963972,11725.568234813316
forecast_7864,2025-11-24 16:00:00,13289.971934573461,12654.363213477409,11481.32314764722
forecast_7865,2025-11-24 17:00:00,13256.962645935955,11557.510216402465,11945.27449849205
forecast_7866,2025-11-24 18:00:00,13296.116593528699,11864.42531065258,12137.053991940022
forecast_7867,2025-11-24 19:00:00,12590.611088345153,12823.480692722698,11373.887306521414
forecast_7868,2025-11-24 20:00:00,12191.086953554273,12673.664465517908,11502.922184704259
forecast_7869,2025-11-24 21:00:00,12568.268878421088,12886.2444281459,11563.603775722619
forecast_7870,2025-11-24 22:00:00,13515.10504715631,12961.67671269097,11650.29521740022
forecast_7871,2025-11-24 23:00:00,14695.038905630856,13858.078298367363,11971.084795384188
forecast_7872,2025-11-25 00:00:00,15311.27263556801,14276.731465518886,12500.886466335287
forecast_7873,2025-11-25 01:00:00,15855.273513061036,15182.48812593638,12445.174975029513
forecast_7874,2025-11-25 02:00:00,14245.583550749147,13202.10914336773,12258.066121983062
forecast_7875,2025-11-25 03:00:00,14173.716569488366,12840.624321069157,12137.38045340282
forecast_7876,2025-11-25 04:00:00,14140.168096892721,14520.27548327169,11732.815776748972
forecast_7877,2025-11-25 05:00:00,14395.783745769422,15169.002951709892,11743.12513597079
forecast_7878,2025-11-25 06:00:00,14455.751096865904,15102.909429227537,10927.949718290336
forecast_7879,2025-11-25 07:00:00,14232.77053072126,15093.29033490959,10475.65181477823
forecast_7880,2025-11-25 08:00:00,13417.131727404128,14283.654145134391,10583.999654768593
forecast_7881,2025-11-25 09:00:00,11200.718415368956,13294.937684498253,9392.047841625725
forecast_7882,2025-11-25 10:00:00,10009.461922144515,10936.117922728694,8900.054783207332
forecast_7883,2025-11-25 11:00:00,10148.44779173561,8945.98818026854,8573.968147494465
forecast_7884,2025-11-25 12:00:00,9752.167144587362,9089.783408454232,8222.534586218257
forecast_7885,2025-11-25 13:00:00,9726.017542980571,7097.59376829871,8732.898948819446
forecast_7886,2025-11-25 14:00:00,10323.06124282869,7124.432681155308,9002.357143165775
forecast_7887,2025-11-25 15:00:00,10360.833137809283,8243.257258572583,9432.618532415272
forecast_7888,2025-11-25 16:00:00,11314.189182092474,9586.304457161274,10946.279973640585
forecast_7889,2025-11-25 17:00:00,11582.392349281106,10162.76924325594,11354.762405055833
forecast_7890,2025-11-25 18:00:00,11005.881015582923,9321.898228267972,10839.159102752546
forecast_7891,2025-11-25 19:00:00,10783.420428808728,8321.077483170295,9871.865281616836
forecast_7892,2025-11-25 20:00:00,9007.201818100386,7438.289152393593,8690.37536840282
forecast_7893,2025-11-25 21:00:00,7212.028616882947,5634.211277342656,7953.865081610267
forecast_7894,2025-11-25 22:00:00,6411.551916042558,5034.060577153812,7233.860120083389
forecast_7895,2025-11-25 23:00:00,5370.208762508813,5019.2656226870495,6884.605419356505
forecast_7896,2025-11-26 00:00:00,4628.786352278967,4646.075797835966,6384.563685991763
forecast_7897,2025-11-26 01:00:00,3978.329990158446,4316.836060556866,5823.790212331586
forecast_7898,2025-11-26 02:00:00,3789.8136892989214,4311.683475670116,5404.71426257913
forecast_7899,2025-11-26 03:00:00,3334.8772750190897,3741.509319848736,5183.468643640636
forecast_7900,2025-11-26 04:00:00,3273.6833652992505,3450.739543785805,4904.7004716194415
forecast_7901,2025-11-26 05:00:00,3296.4632509278895,3753.9353870522596,4824.42435331851
forecast_7902,2025-11-26 06:00:00,3445.8590598844194,3958.7296355336734,5055.878318732468
forecast_7903,2025-11-26 07:00:00,3917.282720295648,4464.122627625419,5624.368778615287
forecast_7904,2025-11-26 08:00:00,3947.3524665573113,4314.444024541015,5634.301851605595
forecast_7905,2025-11-26 09:00:00,3691.1886628371485,4493.7263286612,5491.404754016391
forecast_7906,2025-11-26 10:00:00,3713.6083377286827,4365.855662747481,5395.214380169867
forecast_7907,2025-11-26 11:00:00,3729.269760214475,4204.325749284334,5116.808802678555
forecast_7908,2025-11-26 12:00:00,3934.5649795625563,4156.578618040515,5074.244538288588
forecast_7909,2025-11-26 13:00:00,4066.0496171113646,4117.153339888409,5235.366809405368
forecast_7910,2025-11-26 14:00:00,4523.842393383475,4480.343062485065,5843.065093724901
forecast_7911,2025-11-26 15:00:00,4979.148788801866,5450.97985115981,6595.335052541741
forecast_7912,2025-11-26 16:00:00,6474.982977525238,6633.9673410763735,7525.244948955771
forecast_7913,2025-11-26 17:00:00,8373.04984951254,8692.60825068696,8285.55353755452
forecast_7914,2025-11-26 18:00:00,11060.178473280695,10487.055622180385,9450.119462814739
forecast_7915,2025-11-26 19:00:00,13321.275328891308,12246.184211226653,10200.738998399433
forecast_7916,2025-11-26 20:00:00,15083.489367661497,14334.38804244391,10726.829826977733
forecast_7917,2025-11-26 21:00:00,16563.059196423746,16420.31705694676,11181.012518287787
forecast_7918,2025-11-26 22:00:00,17028.624289089395,17179.935182876114,11871.107016624705
forecast_7919,2025-11-26 23:00:00,17201.489926014765,16708.0522905827,11595.904389315794
forecast_7920,2025-11-27 00:00:00,17738.44370748587,16207.391203140909,12901.905622704544
forecast_7921,2025-11-27 01:00:00,18088.609355606546,17797.34438032776,12980.738400865072
forecast_7922,2025-11-27 02:00:00,17773.721598240518,17680.50368345223,13164.944434938796
forecast_7923,2025-11-27 03:00:00,17836.831488334057,17272.114592919712,13091.475535897873
forecast_7924,2025-11-27 04:00:00,17973.235006269497,17161.021233905398,13462.43341139363
forecast_7925,2025-11-27 05:00:00,17771.758735889583,17691.250579650237,13450.272296089348
forecast_7926,2025-11-27 06:00:00,17656.875105641768,18071.035621545598,13024.669005161672
forecast_7927,2025-11-27 07:00:00,15467.818527948119,18294.130146971092,12777.195369979388
forecast_7928,2025-11-27 08:00:00,14278.13558401887,17852.593392922852,12977.659754938933
forecast_7929,2025-11-27 09:00:00,13980.93838474981,18096.356627558675,13690.76248950818
forecast_7930,2025-11-27 10:00:00,12592.635735232716,18018.254949176233,13389.897451258883
forecast_7931,2025-11-27 11:00:00,14104.321018059018,18365.063394947916,15232.148303776656
forecast_7932,2025-11-27 12:00:00,14234.648471772089,18339.69754006968,15364.442713676222
forecast_7933,2025-11-27 13:00:00,14745.446839408589,18945.869400336454,15871.602248394354
forecast_7934,2025-11-27 14:00:00,16265.965560238283,19224.45157485323,16099.179470297253
forecast_7935,2025-11-27 15:00:00,17092.154717980826,18881.172309078553,16233.300020038765
forecast_7936,2025-11-27 16:00:00,17432.836245176717,18394.094550449743,16105.314762310321
forecast_7937,2025-11-27 17:00:00,17525.752415715768,18753.474944121313,15847.033258848207
forecast_7938,2025-11-27 18:00:00,17918.58368535753,18898.89513465156,16228.003997834887
forecast_7939,2025-11-27 19:00:00,18204.44914615306,18651.3456939758,15911.996127174581
forecast_7940,2025-11-27 20:00:00,18466.51876527391,18403.578068180315,15591.798841536382
forecast_7941,2025-11-27 21:00:00,18331.793789915842,18119.637460070815,15986.862533939151
forecast_7942,2025-11-27 22:00:00,17430.095979253274,17678.027586056116,16002.55779392676
forecast_7943,2025-11-27 23:00:00,17210.9964355002,17374.24919491678,16165.882370971114
forecast_7944,2025-11-28 00:00:00,17364.145121034777,17565.48478291363,16549.00706163935
forecast_7945,2025-11-28 01:00:00,17634.59839058963,17198.05268949377,16618.973749559198
forecast_7946,2025-11-28 02:00:00,17215.648630259926,17625.56632229487,16567.523586394065
forecast_7947,2025-11-28 03:00:00,17408.379551976668,18281.367781423214,16628.79180134389
forecast_7948,2025-11-28 04:00:00,17441.179912621927,17560.072074001444,16474.388231924942
forecast_7949,2025-11-28 05:00:00,17155.699141615965,17007.53344220014,16130.425967106328
forecast_7950,2025-11-28 06:00:00,16989.587606656794,17597.047152572355,14975.96070066756
forecast_7951,2025-11-28 07:00:00,16914.62298468703,18190.405668754505,12928.48920796245
forecast_7952,2025-11-28 08:00:00,16955.057188645595,18211.703022465168,11729.062326987372
forecast_7953,2025-11-28 09:00:00,15049.143178470395,16906.65666140665,10187.65065538093
forecast_7954,2025-11-28 10:00:00,11048.313137824585,13289.564108264498,8921.39999581859
forecast_7955,2025-11-28 11:00:00,9418.386926868658,9627.563653340743,8358.687109526189
forecast_7956,2025-11-28 12:00:00,8283.01359829605,7483.010575553695,7921.896508937209
forecast_7957,2025-11-28 13:00:00,7683.464012011318,5706.511290976583,7329.771059595127
forecast_7958,2025-11-28 14:00:00,7559.7642230106085,6910.8224330331595,7044.51186744188
forecast_7959,2025-11-28 15:00:00,7117.287799265273,5872.023130182759,6776.842600620577
forecast_7960,2025-11-28 16:00:00,6949.5484802054725,5760.030387592418,6708.048463959649
forecast_7961,2025-11-28 17:00:00,6742.864616756977,6070.560869177847,6717.964074998023
forecast_7962,2025-11-28 18:00:00,7174.435987233419,7772.272752761811,6963.152510032972
forecast_7963,2025-11-28 19:00:00,7201.860501713475,6481.734546146561,6924.298053316375
forecast_7964,2025-11-28 20:00:00,6748.89676389689,5856.899097404883,6857.364779177076
forecast_7965,2025-11-28 21:00:00,6550.524213888986,4556.666267222651,6837.255274370548
forecast_7966,2025-11-28 22:00:00,5966.235400268487,3647.1077613184443,6446.2113061172795
forecast_7967,2025-11-28 23:00:00,5528.39423565636,4030.734639146517,6484.445282194188
forecast_7968,2025-11-29 00:00:00,6197.468931581938,4599.382299261588,6806.562117540487
forecast_7969,2025-11-29 01:00:00,6918.263994483448,4775.93253315958,6914.525297886752
forecast_7970,2025-11-29 02:00:00,7597.756199522251,4731.589289683925,7092.299939400443
forecast_7971,2025-11-29 03:00:00,9190.607091480988,6052.543623081591,7580.6015335901375
forecast_7972,2025-11-29 04:00:00,10667.361912217973,10242.075820379574,8457.735101425718
forecast_7973,2025-11-29 05:00:00,11509.333197298089,12390.96858457092,9304.250226725142
forecast_7974,2025-11-29 06:00:00,12463.66499043997,13900.16036405091,10332.230936220602
forecast_7975,2025-11-29 07:00:00,13418.654753525634,14400.747368316981,10003.110508785765
forecast_7976,2025-11-29 08:00:00,12815.825535350927,14728.593837606795,9763.563449083784
forecast_7977,2025-11-29 09:00:00,12106.45840701952,14924.29188748766,9471.764662089017
forecast_7978,2025-11-29 10:00:00,10541.93458873111,13970.317774802204,8545.72035279615
forecast_7979,2025-11-29 11:00:00,9635.234503245862,12809.441263174942,8354.443110350627
forecast_7980,2025-11-29 12:00:00,10249.469256872473,11875.479528441418,9361.937469674163
forecast_7981,2025-11-29 13:00:00,11452.238109792796,11571.694449073346,10258.4292131675
forecast_7982,2025-11-29 14:00:00,12528.75682326726,13206.161508148394,11698.622317876303
forecast_7983,2025-11-29 15:00:00,14595.09769777455,14951.949572513568,12713.785118451671
forecast_7984,2025-11-29 16:00:00,16961.399644671634,17749.395917322894,14796.070888577897
forecast_7985,2025-11-29 17:00:00,18722.1589296241,19216.96657123949,16358.093375634176
forecast_7986,2025-11-29 18:00:00,19190.29887833309,19486.055448287752,17423.72625738028
forecast_7987,2025-11-29 19:00:00,19330.346208940624,19649.32412366686,17999.970076280897
forecast_7988,2025-11-29 20:00:00,19560.2771565227,19601.558303438156,18299.34389001564
forecast_7989,2025-11-29 21:00:00,19581.39035910251,19645.076802554664,18445.469446117662
forecast_7990,2025-11-29 22:00:00,19634.9594576019,19615.55224023583,18338.769782343847
forecast_7991,2025-11-29 23:00:00,19698.33309970705,19634.750204722946,18298.541756406663
forecast_7992,2025-11-30 00:00:00,19815.12086638684,19529.57579915511,18190.11242423783
forecast_7993,2025-11-30 01:00:00,19778.791379166916,19379.455501560245,17907.62679914046
forecast_7994,2025-11-30 02:00:00,19640.620378049996,19293.782195861226,17716.51723040124
forecast_7995,2025-11-30 03:00:00,19412.71203392575,18949.035476404402,17274.08804764713
forecast_7996,2025-11-30 04:00:00,18649.638855062927,18286.084374524165,16543.581192560687
forecast_7997,2025-11-30 05:00:00,18198.137800656456,17886.149436963624,16065.630072074182
forecast_7998,2025-11-30 06:00:00,17889.150690946735,17902.511050797737,15174.553268957909
forecast_7999,2025-11-30 07:00:00,17349.109134816048,17579.444651138816,14727.760972205673
forecast_8000,2025-11-30 08:00:00,17110.707172181807,17414.92134089739,14801.971600221661
forecast_8001,2025-11-30 09:00:00,16376.065607903636,16845.21300163387,14159.328900557688
forecast_8002,2025-11-30 10:00:00,16312.467864600078,15563.394077392459,13537.050371160167
forecast_8003,2025-11-30 11:00:00,16256.915148144455,14097.08326600991,12480.631713217525
forecast_8004,2025-11-30 12:00:00,15707.415809654092,13655.19632412904,11288.197282213749
forecast_8005,2025-11-30 13:00:00,14600.971864981675,12731.097499953828,11065.3076883048
forecast_8006,2025-11-30 14:00:00,12854.517574441375,11662.489532105283,10878.002646896086
forecast_8007,2025-11-30 15:00:00,12601.234031496091,11769.26230838936,10919.963715944723
forecast_8008,2025-11-30 16:00:00,13185.602756012584,13140.951648445633,11394.698779788681
forecast_8009,2025-11-30 17:00:00,13668.36009531101,14711.072346495694,12131.533404603677
forecast_8010,2025-11-30 18:00:00,16008.922754779123,17894.586173874675,14379.08800340239
forecast_8011,2025-11-30 19:00:00,17981.55340307687,19434.895902876437,16338.980937524013
forecast_8012,2025-11-30 20:00:00,18498.79538229769,19785.7295108011,17195.6616663128
forecast_8013,2025-11-30 21:00:00,19057.358132184185,20028.164688409714,17626.920645583145
forecast_8014,2025-11-30 22:00:00,19256.74515272586,20048.78210217884,17709.579813900276
forecast_8015,2025-11-30 23:00:00,19152.340675482854,19964.650151968246,17807.14136920523
forecast_8016,2025-12-01 00:00:00,19157.871068302127,20008.353426214337,17943.5918609603
forecast_8017,2025-12-01 01:00:00,18968.25268936147,19718.115888831468,17744.811244209297
forecast_8018,2025-12-01 02:00:00,18840.137357592826,19760.53708645401,17441.49901217239
forecast_8019,2025-12-01 03:00:00,18609.482920888222,19750.108917390273,17032.23390755642
forecast_8020,2025-12-01 04:00:00,18559.35723554518,19798.543879370918,17190.383263730066
forecast_8021,2025-12-01 05:00:00,18557.04720133922,19805.450635730485,17346.150298283086
forecast_8022,2025-12-01 06:00:00,18893.466533712082,19825.92065154078,17638.303267510022
forecast_8023,2025-12-01 07:00:00,19370.511987197773,19826.502349050865,17477.473071501092
forecast_8024,2025-12-01 08:00:00,19448.772930657302,19560.54450774563,16894.076239663544
forecast_8025,2025-12-01 09:00:00,17906.780001613894,18499.293199839063,14751.143950988091
forecast_8026,2025-12-01 10:00:00,14777.841727246861,15692.430679372454,11651.083179419074
forecast_8027,2025-12-01 11:00:00,10266.07785745631,10765.86762356708,9002.841807383349
forecast_8028,2025-12-01 12:00:00,7659.583732977588,7168.580298519322,6958.673707161912
forecast_8029,2025-12-01 13:00:00,7030.668647799119,5503.956338972668,6150.307621135086
forecast_8030,2025-12-01 14:00:00,5769.683581137282,4545.966361668993,5686.4186786521
forecast_8031,2025-12-01 15:00:00,5187.523457622159,3989.39123760052,5145.071535483566
forecast_8032,2025-12-01 16:00:00,5602.307746399581,4570.499668478768,5054.920703448554
forecast_8033,2025-12-01 17:00:00,5582.232625917561,5542.92785215136,5404.292601739538
forecast_8034,2025-12-01 18:00:00,6033.184875382854,5270.724903952343,5808.277781592656
forecast_8035,2025-12-01 19:00:00,6365.26190003121,6138.570667341445,6135.253047968665
forecast_8036,2025-12-01 20:00:00,7528.2876515783155,7551.019185412291,6865.870991497217
forecast_8037,2025-12-01 21:00:00,9542.807767833452,8939.681829436166,7625.913420659978
forecast_8038,2025-12-01 22:00:00,11854.492828139228,11388.972752200418,8081.75351864229
forecast_8039,2025-12-01 23:00:00,14821.937019621266,13750.05288566846,8798.704021533104
forecast_8040,2025-12-02 00:00:00,16618.436691378534,15564.065441532934,9791.439735914519
forecast_8041,2025-12-02 01:00:00,16942.993940416698,16422.660326399164,10582.963046639246
forecast_8042,2025-12-02 02:00:00,18235.518679032626,17243.71452277238,11214.220409123329
forecast_8043,2025-12-02 03:00:00,18667.540509140104,18557.056867273637,13416.772430029254
forecast_8044,2025-12-02 04:00:00,18867.98801038369,18698.517691569916,13365.51008810721
forecast_8045,2025-12-02 05:00:00,18448.919208102463,17928.01848400922,12185.145998192984
forecast_8046,2025-12-02 06:00:00,17746.40565990668,16514.32333636604,11250.108403879098
forecast_8047,2025-12-02 07:00:00,16064.56450339458,14971.418039370965,9989.300681118759
forecast_8048,2025-12-02 08:00:00,13549.343278950828,14007.87493660243,8644.362961948234
forecast_8049,2025-12-02 09:00:00,11685.51918480594,12374.24219751605,7530.564270424736
forecast_8050,2025-12-02 10:00:00,9173.957264950981,9410.82035602882,6637.765244154296
forecast_8051,2025-12-02 11:00:00,8120.63668304356,7237.762548494794,6145.897450189027
forecast_8052,2025-12-02 12:00:00,7948.301258362644,5280.785379874178,6245.626610645295
forecast_8053,2025-12-02 13:00:00,7756.60274529708,4988.767252192112,6837.280134280055
forecast_8054,2025-12-02 14:00:00,8730.886003489271,6240.458756878856,7560.203336523269
forecast_8055,2025-12-02 15:00:00,10460.141831672303,7518.615788976773,8307.668378466133
forecast_8056,2025-12-02 16:00:00,12245.00728123631,9725.147145236815,9866.45545413958
forecast_8057,2025-12-02 17:00:00,13756.968605242282,13352.747972466403,11473.745791286863
forecast_8058,2025-12-02 18:00:00,14360.785008855952,14387.745290462623,12586.155117714548
forecast_8059,2025-12-02 19:00:00,14776.596721662188,15130.18308634062,13555.978104005539
forecast_8060,2025-12-02 20:00:00,15117.102781524358,16805.676578062157,14084.751380595622
forecast_8061,2025-12-02 21:00:00,15628.77050199229,18028.155560066887,14970.106361430033
forecast_8062,2025-12-02 22:00:00,15372.323934762499,17924.389202683007,15060.110761696276
forecast_8063,2025-12-02 23:00:00,14930.552358633799,18004.631705073007,14972.92942860332
forecast_8064,2025-12-03 00:00:00,15436.284183604042,18525.811349538162,15421.658810499299
forecast_8065,2025-12-03 01:00:00,16056.987155251772,18620.882320861663,15540.524547231144
forecast_8066,2025-12-03 02:00:00,16168.032549040683,18642.882787410195,15546.892435611891
forecast_8067,2025-12-03 03:00:00,15625.95133417897,18558.61903407143,15609.81756976305
forecast_8068,2025-12-03 04:00:00,15950.673946674631,18250.08629326608,15322.906430155024
forecast_8069,2025-12-03 05:00:00,15043.470210288877,17860.225184787243,14091.627306045679
forecast_8070,2025-12-03 06:00:00,14772.474994997792,17519.343842363778,13815.155782499365
forecast_8071,2025-12-03 07:00:00,14895.977232528428,17603.22791859015,13133.657526573003
forecast_8072,2025-12-03 08:00:00,14908.401146666309,17795.744733338717,13291.126942517498
forecast_8073,2025-12-03 09:00:00,15776.67660338748,17791.593251652946,13811.699993793367
forecast_8074,2025-12-03 10:00:00,16022.77472412198,18542.6808635387,13949.007422932507
forecast_8075,2025-12-03 11:00:00,16351.546739388818,19138.24226368104,13857.892768190777
forecast_8076,2025-12-03 12:00:00,16995.731044900807,19426.365142770996,13864.767755103225
forecast_8077,2025-12-03 13:00:00,17062.06616835804,19579.960152295913,13920.462444311928
forecast_8078,2025-12-03 14:00:00,17143.971917785144,19434.967331362626,14264.169682032221
forecast_8079,2025-12-03 15:00:00,17122.032176405773,19278.65154397712,14283.058166755616
forecast_8080,2025-12-03 16:00:00,17055.948766268175,19120.68353624381,14960.713246585303
forecast_8081,2025-12-03 17:00:00,17029.413878557367,18594.862363500542,15248.849914298684
forecast_8082,2025-12-03 18:00:00,16801.623917091987,18066.812047601477,15029.586314977492
forecast_8083,2025-12-03 19:00:00,16686.23048234716,17906.22759939154,15103.775375326833
forecast_8084,2025-12-03 20:00:00,16543.98128995648,18348.94801794144,15483.754568022647
forecast_8085,2025-12-03 21:00:00,16427.980683051846,18972.545337650146,15874.138360799236
forecast_8086,2025-12-03 22:00:00,16165.523184467394,19198.199024694386,15743.765729238121
forecast_8087,2025-12-03 23:00:00,16320.74622040393,18709.179290744138,15455.921978372633
forecast_8088,2025-12-04 00:00:00,17011.317880203747,18854.04876386807,15492.926987700635
forecast_8089,2025-12-04 01:00:00,17240.020821903083,19285.394652846575,15431.135743605686
forecast_8090,2025-12-04 02:00:00,17967.176081509737,19933.660956441905,15806.24092954372
forecast_8091,2025-12-04 03:00:00,18656.916104508484,20108.677190102193,16139.927024829387
forecast_8092,2025-12-04 04:00:00,19181.278548774993,20231.21326005893,16328.456635080918
forecast_8093,2025-12-04 05:00:00,19496.781848693186,20165.041648702125,16959.675664427537
forecast_8094,2025-12-04 06:00:00,19655.75213196978,19961.103518290274,17548.001644731223
forecast_8095,2025-12-04 07:00:00,19817.639311377963,19920.44115554484,17544.49106259616
forecast_8096,2025-12-04 08:00:00,19606.447450767442,20056.26459346658,17506.24270570554
forecast_8097,2025-12-04 09:00:00,18606.21069303312,20066.091902346547,17081.281971924254
forecast_8098,2025-12-04 10:00:00,16985.487879074557,19341.019199483584,15727.113985331021
forecast_8099,2025-12-04 11:00:00,15644.421510201673,17042.42626730514,14104.760204723523
forecast_8100,2025-12-04 12:00:00,14287.98887948839,14009.757805140169,11713.227887621328
forecast_8101,2025-12-04 13:00:00,13142.217110910493,12497.771202411628,10230.58537577534
forecast_8102,2025-12-04 14:00:00,12413.083493911756,12681.446710863487,9652.564745686319
forecast_8103,2025-12-04 15:00:00,12425.474087644436,12988.546038936289,9636.751931329487
forecast_8104,2025-12-04 16:00:00,13282.603358162865,12540.849075824466,11168.673981044434
forecast_8105,2025-12-04 17:00:00,13818.917383309901,13737.84182536526,12921.374601744476
forecast_8106,2025-12-04 18:00:00,14281.349401238316,15319.478301284393,13966.086041503666
forecast_8107,2025-12-04 19:00:00,13560.09494447544,15365.084108768002,14722.215450458609
forecast_8108,2025-12-04 20:00:00,14896.993066051988,15264.054242915867,15437.884883678256
forecast_8109,2025-12-04 21:00:00,16032.717643139831,16381.030361610055,15260.296377548239
forecast_8110,2025-12-04 22:00:00,15433.717916772484,17257.6981496464,14763.17446812069
forecast_8111,2025-12-04 23:00:00,15088.277305073043,17314.481951513855,14526.570344075244
forecast_8112,2025-12-05 00:00:00,15799.160216526234,18005.329757937747,14525.543560977518
forecast_8113,2025-12-05 01:00:00,16019.728780550686,17350.83574780932,14225.001983379838
forecast_8114,2025-12-05 02:00:00,16251.343379262815,17633.532174565575,15181.507943475495
forecast_8115,2025-12-05 03:00:00,16073.135584634121,17231.761562216343,15305.513672259573
forecast_8116,2025-12-05 04:00:00,16398.889583796525,17152.883806976493,15345.952524212495
forecast_8117,2025-12-05 05:00:00,15787.584894125805,17456.264201635047,15404.065755322186
forecast_8118,2025-12-05 06:00:00,15559.433784273511,17434.228108381198,15812.572186736243
forecast_8119,2025-12-05 07:00:00,16077.290330763852,17925.87288030413,15964.0036886139
forecast_8120,2025-12-05 08:00:00,16824.53069025735,18355.898384597145,15979.815850462845
forecast_8121,2025-12-05 09:00:00,17365.253735746675,18794.75664493484,15495.924577626429
forecast_8122,2025-12-05 10:00:00,16223.619125439931,18488.946452150143,14417.458823281639
forecast_8123,2025-12-05 11:00:00,14872.24553102232,17963.334735473916,13657.552094474766
forecast_8124,2025-12-05 12:00:00,13960.80345715674,17488.295017811866,12986.980259015694
forecast_8125,2025-12-05 13:00:00,13346.340384181198,16805.994733485437,12610.101826259473
forecast_8126,2025-12-05 14:00:00,13808.005010476641,16508.686797616043,12797.945785505948
forecast_8127,2025-12-05 15:00:00,14701.013423887796,16344.979608702948,13623.681403308832
forecast_8128,2025-12-05 16:00:00,15838.703319700406,16148.471982109557,13713.043316331605
forecast_8129,2025-12-05 17:00:00,17220.20230574857,16637.822389653884,14348.34815076772
forecast_8130,2025-12-05 18:00:00,17847.713661760015,17593.375487096007,14697.881924999783
forecast_8131,2025-12-05 19:00:00,18172.007863414008,18141.196240490754,14761.08222005868
forecast_8132,2025-12-05 20:00:00,18686.97149536187,18461.71644596303,14904.972912921796
forecast_8133,2025-12-05 21:00:00,19209.431088295158,19487.269431116125,14923.152576713168
forecast_8134,2025-12-05 22:00:00,19656.867990158527,19783.201782898795,15298.191371897525
forecast_8135,2025-12-05 23:00:00,19956.90206029858,19866.62637706613,15989.40244355685
forecast_8136,2025-12-06 00:00:00,20208.076568475117,19688.796783593487,16285.05487785431
forecast_8137,2025-12-06 01:00:00,20259.904673771787,19913.52052110404,16092.666822459893
forecast_8138,2025-12-06 02:00:00,20468.449449593445,19932.183141698904,16104.384354925238
forecast_8139,2025-12-06 03:00:00,20460.133625923612,20305.8453065564,16574.574729720756
forecast_8140,2025-12-06 04:00:00,20425.274858937322,20253.03379083379,16404.75404368175
forecast_8141,2025-12-06 05:00:00,20399.1237007843,20202.72386211213,16202.752902229957
forecast_8142,2025-12-06 06:00:00,20324.255358455324,20176.942303356056,16223.84102717286
forecast_8143,2025-12-06 07:00:00,20239.142029529896,20178.63363874492,15780.413444970993
forecast_8144,2025-12-06 08:00:00,19955.103853059576,20126.68284209022,15286.106642981664
forecast_8145,2025-12-06 09:00:00,19535.00756499497,19770.881536179975,15076.492789370877
forecast_8146,2025-12-06 10:00:00,18031.506085075212,18962.271898364048,14800.480781631913
forecast_8147,2025-12-06 11:00:00,17045.024249033275,18021.52625845496,14861.007482388359
forecast_8148,2025-12-06 12:00:00,16246.639939023928,16783.49348119335,14300.910687703112
forecast_8149,2025-12-06 13:00:00,16606.885256622547,17524.1940518965,14273.222853780371
forecast_8150,2025-12-06 14:00:00,17469.599547211736,18263.711840455107,15361.15276562381
forecast_8151,2025-12-06 15:00:00,18279.031575998048,18457.868674254947,16136.140969177915
forecast_8152,2025-12-06 16:00:00,18081.603167963716,18737.259886517255,15917.931005678569
forecast_8153,2025-12-06 17:00:00,17268.897665039927,18118.28046894956,15994.804775478193
forecast_8154,2025-12-06 18:00:00,16907.568401620585,17373.86333201011,15949.522996439686
forecast_8155,2025-12-06 19:00:00,17083.082878036847,17585.450682671024,16787.30811389593
forecast_8156,2025-12-06 20:00:00,17443.744288404992,17680.253148037005,16935.136268440874
forecast_8157,2025-12-06 21:00:00,17636.332491213314,18382.124675484127,17353.710605678847
forecast_8158,2025-12-06 22:00:00,18187.34752855565,18901.692972844186,17616.001400890444
forecast_8159,2025-12-06 23:00:00,18546.081962653065,19389.476503352427,17830.143114734794
forecast_8160,2025-12-07 00:00:00,18691.58849242415,19463.117172519,17855.69162950743
forecast_8161,2025-12-07 01:00:00,18334.654450065576,18810.173562769516,17582.45094969375
forecast_8162,2025-12-07 02:00:00,18100.393628751965,18727.604729483224,17078.482494004696
forecast_8163,2025-12-07 03:00:00,18277.763964239963,18583.1984614444,17521.672041972426
forecast_8164,2025-12-07 04:00:00,18575.409460421673,18584.75147019119,17731.811296629574
forecast_8165,2025-12-07 05:00:00,18745.33841176375,18852.672521298147,17675.58284127715
forecast_8166,2025-12-07 06:00:00,19163.179342964468,19311.140443045395,17823.267439451363
forecast_8167,2025-12-07 07:00:00,19416.90458596289,19610.96895702479,17833.676923938045
forecast_8168,2025-12-07 08:00:00,19489.97641513038,19767.747673647325,17598.42512050002
forecast_8169,2025-12-07 09:00:00,19216.39808438256,19394.74441782439,17439.482053292333
forecast_8170,2025-12-07 10:00:00,18650.296581070426,19029.607071545306,17092.027495798426
forecast_8171,2025-12-07 11:00:00,18032.376566866096,18944.45551510993,16734.263786652213
forecast_8172,2025-12-07 12:00:00,18079.937463395872,19053.84231679572,16616.850691346946
forecast_8173,2025-12-07 13:00:00,17674.921739739322,19062.90895349919,16394.193559584954
forecast_8174,2025-12-07 14:00:00,17685.43196505354,19047.86967930146,16316.24643746284
forecast_8175,2025-12-07 15:00:00,18140.50765454514,18973.879286809097,16616.237893461654
forecast_8176,2025-12-07 16:00:00,18324.049099616277,19187.83739450566,16950.59020761569
forecast_8177,2025-12-07 17:00:00,18448.74482814889,19426.181559382043,16986.2363610708
forecast_8178,2025-12-07 18:00:00,18270.469067314414,19537.546638729327,16908.41382225319
forecast_8179,2025-12-07 19:00:00,17895.331166791413,19397.541264138206,16981.543606546293
forecast_8180,2025-12-07 20:00:00,17631.521981692695,19465.893660773436,16765.376677384636
forecast_8181,2025-12-07 21:00:00,17613.065503516656,19590.082243400422,16484.97862319921
forecast_8182,2025-12-07 22:00:00,17816.307757291474,19668.6742197803,16866.47953502074
forecast_8183,2025-12-07 23:00:00,17909.882551893097,19513.489602756228,16604.84431886889
forecast_8184,2025-12-08 00:00:00,18068.759623434435,19648.777587846213,16223.584072633303
forecast_8185,2025-12-08 01:00:00,18176.537527795626,19535.19245595819,16393.296428213333
forecast_8186,2025-12-08 02:00:00,17778.747560541302,19331.57661848773,16043.791050445936
forecast_8187,2025-12-08 03:00:00,18324.277728043613,19133.121588447437,15462.887869807782
forecast_8188,2025-12-08 04:00:00,18258.270911488187,17482.623625807733,14572.39685611835
forecast_8189,2025-12-08 05:00:00,16573.814483139842,16100.09583752765,12890.359407166237
forecast_8190,2025-12-08 06:00:00,15631.38655467971,15438.24293288137,11614.54038501144
forecast_8191,2025-12-08 07:00:00,13918.564652184734,15083.094403232892,11279.01033312103
forecast_8192,2025-12-08 08:00:00,12014.903331724268,12567.760550198298,9631.482120911913
forecast_8193,2025-12-08 09:00:00,10997.424567942666,10514.80842100496,8499.589407288126
forecast_8194,2025-12-08 10:00:00,9472.116438806437,8707.462370094941,7484.415372737044
forecast_8195,2025-12-08 11:00:00,8209.270885862861,5829.011880464041,6592.099370547307
forecast_8196,2025-12-08 12:00:00,6804.540117733197,5120.355287386501,6023.908831548337
forecast_8197,2025-12-08 13:00:00,6357.700950471676,4495.432396098704,5482.149117865476
forecast_8198,2025-12-08 14:00:00,6420.328562396538,4270.825613853747,5512.884621734726
forecast_8199,2025-12-08 15:00:00,6558.355241291686,5121.6795387134325,6109.962966380663
forecast_8200,2025-12-08 16:00:00,7100.4209654487195,5587.449935915052,6689.683722031216
forecast_8201,2025-12-08 17:00:00,7773.965047288914,7910.915307026318,7730.534971989234
forecast_8202,2025-12-08 18:00:00,9802.905149098478,11456.370469722122,9342.70914105894
forecast_8203,2025-12-08 19:00:00,11874.39908985584,14267.282600891373,10831.02965788059
forecast_8204,2025-12-08 20:00:00,12578.936877886374,15453.803449941228,11386.120191904422
forecast_8205,2025-12-08 21:00:00,13503.042030193656,16345.40853113715,11816.700361649917
forecast_8206,2025-12-08 22:00:00,14449.880458635105,16305.837304226958,12037.947212780444
forecast_8207,2025-12-08 23:00:00,14871.163105784486,16627.151163781673,12165.575399081117
forecast_8208,2025-12-09 00:00:00,15612.300317151828,17263.467464819714,12407.340593798686
forecast_8209,2025-12-09 01:00:00,16167.685560576632,17772.488006974327,12140.166331532624
forecast_8210,2025-12-09 02:00:00,16203.217376430048,17666.84552934825,12549.758278659028
forecast_8211,2025-12-09 03:00:00,16061.218865376017,17536.324068794587,12918.0461273743
forecast_8212,2025-12-09 04:00:00,17010.1196485985,17914.22509398166,12898.12744246214
forecast_8213,2025-12-09 05:00:00,17484.15370079948,18567.24377717313,13412.218993108083
forecast_8214,2025-12-09 06:00:00,17769.122655076477,19016.840181692187,13857.437900609615
forecast_8215,2025-12-09 07:00:00,18375.64358168491,19399.87764576709,14143.820637371806
forecast_8216,2025-12-09 08:00:00,18865.250274892904,19754.107170070725,14778.733618039385
forecast_8217,2025-12-09 09:00:00,18617.84817291402,19690.792288355893,14839.36973584932
forecast_8218,2025-12-09 10:00:00,17174.73101835626,19072.756950571777,14364.965415964836
forecast_8219,2025-12-09 11:00:00,16226.011954446054,18611.97344592888,14154.277225294625
forecast_8220,2025-12-09 12:00:00,15002.58647740088,17567.12283384436,13363.526165025181
forecast_8221,2025-12-09 13:00:00,14102.012190605365,15411.783463944661,12529.382751980604
forecast_8222,2025-12-09 14:00:00,14036.269532983508,14633.260233386634,11303.81502136202
forecast_8223,2025-12-09 15:00:00,14003.14419592467,13945.166763041587,11096.399132099572
forecast_8224,2025-12-09 16:00:00,13373.167244910077,13225.145815354868,11258.920566299374
forecast_8225,2025-12-09 17:00:00,13376.974599189722,12509.96321874532,10928.668449521916
forecast_8226,2025-12-09 18:00:00,14534.571449530482,12825.213078573765,11781.708295436025
forecast_8227,2025-12-09 19:00:00,14738.663334860754,14124.213101200698,12069.611961081784
forecast_8228,2025-12-09 20:00:00,14058.378916071411,15467.28607112389,11552.83888124967
forecast_8229,2025-12-09 21:00:00,13186.674112913239,15194.377291565736,11331.300378443222
forecast_8230,2025-12-09 22:00:00,13085.655140962386,14791.775482105168,11168.447704569146
forecast_8231,2025-12-09 23:00:00,12362.35965442922,14555.73584743451,10921.309630143773
forecast_8232,2025-12-10 00:00:00,12877.437826217949,14868.580405278954,10849.05792422462
forecast_8233,2025-12-10 01:00:00,12856.722480419408,14828.56478689681,10910.825419685196
forecast_8234,2025-12-10 02:00:00,13332.083257547616,15503.251868199866,11394.188756477437
forecast_8235,2025-12-10 03:00:00,13741.038328046543,15213.260986544588,12202.141648094428
forecast_8236,2025-12-10 04:00:00,14177.384614561706,15682.272144684837,12424.898209751349
forecast_8237,2025-12-10 05:00:00,14029.545964377121,16197.84679901111,12551.611528377784
forecast_8238,2025-12-10 06:00:00,14286.269944105577,16443.642875891874,12359.01409786741
forecast_8239,2025-12-10 07:00:00,15108.250779426238,16359.065208249403,12432.589856882618
forecast_8240,2025-12-10 08:00:00,15493.132236045447,16545.55069387593,11777.998295248926
forecast_8241,2025-12-10 09:00:00,14896.754702004098,16735.57549793833,11263.015271968381
forecast_8242,2025-12-10 10:00:00,13378.218663191294,15842.777703628115,10791.936441781048
forecast_8243,2025-12-10 11:00:00,12362.313854620043,14769.718358290185,10209.172868249068
forecast_8244,2025-12-10 12:00:00,11000.897889163047,13394.31921210021,9442.96483665236
forecast_8245,2025-12-10 13:00:00,10548.497903525655,12489.40967729197,8899.096675642155
forecast_8246,2025-12-10 14:00:00,9331.350854062255,11919.010155252732,8228.883429880072
forecast_8247,2025-12-10 15:00:00,8824.498986617637,10268.367444829652,7541.566183403262
forecast_8248,2025-12-10 16:00:00,8546.739542416279,8960.517916722638,7466.117247931852
forecast_8249,2025-12-10 17:00:00,8469.518730950094,10426.721380116007,7299.735884412965
forecast_8250,2025-12-10 18:00:00,9186.394125387234,11134.898877881038,7310.856747401886
forecast_8251,2025-12-10 19:00:00,9746.992113809563,11822.19659566021,8106.183205018036
forecast_8252,2025-12-10 20:00:00,10736.259660707889,14173.361398642246,8509.860723858073
forecast_8253,2025-12-10 21:00:00,12024.034578260214,14553.226678181461,9418.065544237299
forecast_8254,2025-12-10 22:00:00,14096.390391075274,15577.614630723074,11273.99411483773
forecast_8255,2025-12-10 23:00:00,14808.254236308205,16325.610104740423,11672.425513534408
forecast_8256,2025-12-11 00:00:00,17133.30870681544,18319.135327844917,12929.002365107026
forecast_8257,2025-12-11 01:00:00,18563.97674958773,19424.88918079299,14768.505392332132
forecast_8258,2025-12-11 02:00:00,19011.007100148934,19870.73758270473,15729.9208551954
forecast_8259,2025-12-11 03:00:00,19050.769758208717,19596.118205278613,17130.37752288994
forecast_8260,2025-12-11 04:00:00,19243.56279530111,19649.36200423189,17809.833555916135
forecast_8261,2025-12-11 05:00:00,19188.131300225956,19892.322330259856,17946.7396929796
forecast_8262,2025-12-11 06:00:00,19207.317093702673,19638.283170861,17938.11748400972
forecast_8263,2025-12-11 07:00:00,19279.01633741126,19575.810430818452,17689.930089710906
forecast_8264,2025-12-11 08:00:00,18983.260124606917,19162.741640465614,16975.374046349643
forecast_8265,2025-12-11 09:00:00,18502.464541179404,18241.857529745594,16338.393290113227
forecast_8266,2025-12-11 10:00:00,18081.26078508587,18415.99714217584,16407.929501813436
forecast_8267,2025-12-11 11:00:00,16997.210765243195,17502.738126289056,15461.138436462134
forecast_8268,2025-12-11 12:00:00,16709.03864173662,16714.407130139072,13844.767351319724
forecast_8269,2025-12-11 13:00:00,15098.705389800021,16458.189763295915,12620.98994865717
forecast_8270,2025-12-11 14:00:00,14545.665173343234,15691.230162569722,11300.838262711844
forecast_8271,2025-12-11 15:00:00,13964.635007959962,14703.624508975729,10830.791349539582
forecast_8272,2025-12-11 16:00:00,13930.572480969253,13305.569009373106,10439.348380678857
forecast_8273,2025-12-11 17:00:00,13503.31523025456,12003.60279633297,10633.102874773478
forecast_8274,2025-12-11 18:00:00,11926.798188688024,11043.732267563746,10034.203261113566
forecast_8275,2025-12-11 19:00:00,10321.668333849133,10886.111880091801,9028.570823760814
forecast_8276,2025-12-11 20:00:00,8697.190623566597,8902.150909312359,7665.416756861278
forecast_8277,2025-12-11 21:00:00,6610.662495073842,7139.031903046254,6540.558103636473
forecast_8278,2025-12-11 22:00:00,5562.637804604161,5315.214767908594,5844.946549334676
forecast_8279,2025-12-11 23:00:00,4868.579215488652,4689.115828071883,5767.41463039668
forecast_8280,2025-12-12 00:00:00,4674.511570358348,4617.39005190938,5974.757770436828
forecast_8281,2025-12-12 01:00:00,3818.2188435205107,3722.040056706957,5736.0546353185755
forecast_8282,2025-12-12 02:00:00,3789.1712996622527,4035.600929949134,5635.806462938681
forecast_8283,2025-12-12 03:00:00,3593.6732373622667,4074.276542234877,5504.7268046927375
forecast_8284,2025-12-12 04:00:00,3521.5244246059847,3890.918734599534,5323.285176734278
forecast_8285,2025-12-12 05:00:00,3581.4968361124866,3846.21038533877,5055.7570157403115
forecast_8286,2025-12-12 06:00:00,3797.8509056517432,3699.2427649815004,5086.744908206807
forecast_8287,2025-12-12 07:00:00,3718.656306275337,4037.8098319278106,4927.648421080545
forecast_8288,2025-12-12 08:00:00,3190.5917186335473,3465.793100087617,4577.805254793823
forecast_8289,2025-12-12 09:00:00,2829.9378855345403,3192.2101302816372,4291.33775409886
forecast_8290,2025-12-12 10:00:00,2683.375534934311,3005.0497418584046,4037.44333791251
forecast_8291,2025-12-12 11:00:00,2395.531138757097,2335.61528755121,3923.3286255567887
forecast_8292,2025-12-12 12:00:00,2161.036341159489,2374.474479198804,3720.5971549365304
forecast_8293,2025-12-12 13:00:00,2142.4529461300217,2404.8803223079217,3556.017665550056
forecast_8294,2025-12-12 14:00:00,2181.7577588989366,2255.7589466864642,3560.057308119706
forecast_8295,2025-12-12 15:00:00,2342.440380509305,2141.1608677768145,3566.512951105058
forecast_8296,2025-12-12 16:00:00,2722.444053342951,2226.9121437202093,3616.015560072831
forecast_8297,2025-12-12 17:00:00,2956.210386547773,2242.8863700239895,3665.9485474316543
forecast_8298,2025-12-12 18:00:00,2830.728543791301,2485.7760976517275,3595.3071973038236
forecast_8299,2025-12-12 19:00:00,3193.803613716574,2461.2526638506856,3686.5369205536567
forecast_8300,2025-12-12 20:00:00,2958.7779946538058,2437.0064717840487,3836.2565908187216
forecast_8301,2025-12-12 21:00:00,3373.814004917728,2460.9515122595967,3962.5122625912168
forecast_8302,2025-12-12 22:00:00,3202.652396746706,2572.8866500372874,4111.247722952135
forecast_8303,2025-12-12 23:00:00,3379.393172725876,2652.582857260692,4245.532029304961
forecast_8304,2025-12-13 00:00:00,3677.6606720095233,3054.316001630102,4669.820934065786
forecast_8305,2025-12-13 01:00:00,4454.7808275655425,3831.663732664778,4912.352172650093
forecast_8306,2025-12-13 02:00:00,4829.797774197345,4695.084686640863,5161.864964599968
forecast_8307,2025-12-13 03:00:00,4894.065258627928,5334.548746974884,5814.297045565186
forecast_8308,2025-12-13 04:00:00,5200.697445025679,5737.620359643624,6413.04317162559
forecast_8309,2025-12-13 05:00:00,5232.562448359463,5933.619448579279,6589.359133368646
forecast_8310,2025-12-13 06:00:00,5643.585096177908,6230.2519511020055,6673.220903979269
forecast_8311,2025-12-13 07:00:00,5775.878987543237,5944.498379796876,6767.29929133237
forecast_8312,2025-12-13 08:00:00,5835.869502358223,5827.8989326528235,6809.537594567948
forecast_8313,2025-12-13 09:00:00,5373.537924013459,6511.497168363165,6370.4756011238605
forecast_8314,2025-12-13 10:00:00,3883.939403553745,4169.179078091912,5444.745361582887
forecast_8315,2025-12-13 11:00:00,2839.3048054367246,3254.309829097667,4668.437423824245
forecast_8316,2025-12-13 12:00:00,2497.45910760946,2499.199546864036,4341.89320645469
forecast_8317,2025-12-13 13:00:00,2238.5771607431243,2172.154469391923,3894.292390395298
forecast_8318,2025-12-13 14:00:00,2305.913880614109,2267.9950834340416,3838.7987075880837
forecast_8319,2025-12-13 15:00:00,2442.6959837751497,2686.898670458497,3791.629561682987
forecast_8320,2025-12-13 16:00:00,2730.7123159825887,2238.423371563764,3876.2913562288486
forecast_8321,2025-12-13 17:00:00,3083.2503380868034,2438.0148308514613,4015.9291079770624
forecast_8322,2025-12-13 18:00:00,3778.9295965656656,2886.7147083303666,4393.871847821102
forecast_8323,2025-12-13 19:00:00,4300.88981622712,3554.9630023953164,4914.201035181753
forecast_8324,2025-12-13 20:00:00,4959.2939568387665,4045.0561355190866,5650.3442347809705
forecast_8325,2025-12-13 21:00:00,5661.122293289354,4844.97840309141,6571.063111759748
forecast_8326,2025-12-13 22:00:00,7336.781888239333,6229.614323333131,7794.2440239513135
forecast_8327,2025-12-13 23:00:00,9021.051719852028,7482.169645911354,9114.425240147077
forecast_8328,2025-12-14 00:00:00,11256.851326811837,8192.752651593895,9792.918323925194
forecast_8329,2025-12-14 01:00:00,13215.026165849089,11429.877300498265,10385.892012185943
forecast_8330,2025-12-14 02:00:00,14315.692358659879,14182.401178107746,10608.095141874994
forecast_8331,2025-12-14 03:00:00,15164.968268859735,15572.738966534822,11503.888013858486
forecast_8332,2025-12-14 04:00:00,15965.432018927211,16653.897264437845,13264.299536382794
forecast_8333,2025-12-14 05:00:00,16045.641830021086,16609.25568567861,13856.262601783124
forecast_8334,2025-12-14 06:00:00,16202.738538555732,17000.391287005594,14094.665812555148
forecast_8335,2025-12-14 07:00:00,16896.96706372709,17075.228388454656,14508.650655860536
forecast_8336,2025-12-14 08:00:00,17485.2413871205,17374.049375739607,14752.231213940617
forecast_8337,2025-12-14 09:00:00,17164.070601252635,17060.979278711537,14522.700198026756
forecast_8338,2025-12-14 10:00:00,16467.67874936381,16438.08958311315,13867.741062415651
forecast_8339,2025-12-14 11:00:00,15857.483802561615,15244.018039020368,13669.914857401647
forecast_8340,2025-12-14 12:00:00,15105.63837647533,14417.35967488928,13105.56769271909
forecast_8341,2025-12-14 13:00:00,14036.858411086308,13636.018566174258,12346.381281266331
forecast_8342,2025-12-14 14:00:00,13314.69040440859,12531.465619992992,11561.321871784006
forecast_8343,2025-12-14 15:00:00,13455.936701372437,12026.241265071705,11530.06522965131
forecast_8344,2025-12-14 16:00:00,13876.103199446106,12919.730506379301,11652.991585117903
forecast_8345,2025-12-14 17:00:00,14118.05148847705,13223.823003987,12342.462498794184
forecast_8346,2025-12-14 18:00:00,14743.939548539282,14568.99660856158,13195.419311599388
forecast_8347,2025-12-14 19:00:00,15209.226263036446,16026.467250992773,14121.94239046265
forecast_8348,2025-12-14 20:00:00,16358.316010890807,16358.438695665915,14912.893241034184
forecast_8349,2025-12-14 21:00:00,16739.913200371426,16754.416594129463,15098.24201497011
forecast_8350,2025-12-14 22:00:00,16368.232565573166,17249.84490780261,15496.98071590114
forecast_8351,2025-12-14 23:00:00,16604.71708459241,17693.722594540788,15397.317437958867
forecast_8352,2025-12-15 00:00:00,16968.040590535227,17803.288944551783,15479.714757479032
forecast_8353,2025-12-15 01:00:00,17041.032759209505,18620.424727494625,15692.664885568094
forecast_8354,2025-12-15 02:00:00,18205.969544643245,19028.46309985068,16185.219409871792
forecast_8355,2025-12-15 03:00:00,18723.86228401137,19315.368986145746,16069.996066959626
forecast_8356,2025-12-15 04:00:00,18765.07646984599,18840.98070623156,16011.563288335252
forecast_8357,2025-12-15 05:00:00,18869.72352134842,17974.74447900365,15195.813382237557
forecast_8358,2025-12-15 06:00:00,18820.750907520876,17875.31999028064,15055.102568450857
forecast_8359,2025-12-15 07:00:00,18824.455437598546,18164.246530736717,14738.309441313424
forecast_8360,2025-12-15 08:00:00,18588.33411239484,18665.18067520905,14038.998751348467
forecast_8361,2025-12-15 09:00:00,18194.378864287566,18636.760890596786,13646.937022099446
forecast_8362,2025-12-15 10:00:00,16400.860677632278,17433.496542189256,13211.480545752464
forecast_8363,2025-12-15 11:00:00,15597.584323954883,16945.89224254249,12476.308985425023
forecast_8364,2025-12-15 12:00:00,14159.013827604771,16496.454278471134,11217.712132008986
forecast_8365,2025-12-15 13:00:00,12922.16541574679,16057.234299024774,10583.596635301677
forecast_8366,2025-12-15 14:00:00,13238.424071427027,15792.911497353012,11743.63326979192
forecast_8367,2025-12-15 15:00:00,14919.236989521964,16951.336118774136,12209.82806565872
forecast_8368,2025-12-15 16:00:00,16997.23261666399,18112.644344776752,12818.61457030819
forecast_8369,2025-12-15 17:00:00,18664.898246415156,19274.899810625862,15079.255775519163
forecast_8370,2025-12-15 18:00:00,19411.789576722855,19817.062020434434,15880.539621476835
forecast_8371,2025-12-15 19:00:00,19721.179537642245,20053.185898689637,16249.182776727223
forecast_8372,2025-12-15 20:00:00,19726.088756717516,19899.71296203192,16285.64579040444
forecast_8373,2025-12-15 21:00:00,19535.352906270746,19787.091072196097,16174.296440007289
forecast_8374,2025-12-15 22:00:00,19510.02806607231,19949.585494098355,15755.217063136559
forecast_8375,2025-12-15 23:00:00,19291.432725821272,19763.53671830411,14625.724355641161
forecast_8376,2025-12-16 00:00:00,18715.778320006917,19456.775434955525,13979.662915736526
forecast_8377,2025-12-16 01:00:00,18108.28959675502,18008.577628743413,13455.14287570613
forecast_8378,2025-12-16 02:00:00,16978.612547279172,16465.36883088316,13280.133517756578
forecast_8379,2025-12-16 03:00:00,16316.381060198542,16815.86273118908,12844.957750907455
forecast_8380,2025-12-16 04:00:00,15201.311584197476,16958.645006491046,12631.328784537865
forecast_8381,2025-12-16 05:00:00,14117.057211035997,15302.097167553296,12159.593599800915
forecast_8382,2025-12-16 06:00:00,13247.410019593519,14413.553715347894,11975.866622008469
forecast_8383,2025-12-16 07:00:00,13207.673780646197,13559.664113471994,11843.210771536993
forecast_8384,2025-12-16 08:00:00,13250.127215744053,13908.437870936461,12209.443252719513
forecast_8385,2025-12-16 09:00:00,12900.085180548835,12532.57052037313,11009.1014685705
forecast_8386,2025-12-16 10:00:00,12401.56711538037,11739.181353585032,10497.583430251023
forecast_8387,2025-12-16 11:00:00,12006.03032405515,10570.470756567214,10796.805544062872
forecast_8388,2025-12-16 12:00:00,11837.780148347003,10111.357892673172,10508.833896385202
forecast_8389,2025-12-16 13:00:00,11649.31518405993,9556.68600556448,10968.419715100867
forecast_8390,2025-12-16 14:00:00,11110.217936651796,9007.505212978002,10821.335232923118
forecast_8391,2025-12-16 15:00:00,11079.765644955794,8900.34736718548,10062.229829433529
forecast_8392,2025-12-16 16:00:00,10683.604448588318,9350.960096968538,9925.382230486197
forecast_8393,2025-12-16 17:00:00,10940.274619656457,9614.432881394869,10035.211177459387
forecast_8394,2025-12-16 18:00:00,10001.207071410405,10733.90289840521,10815.543797320046
forecast_8395,2025-12-16 19:00:00,10142.249280193055,11506.766682263078,10788.620038548908
forecast_8396,2025-12-16 20:00:00,10034.500501925344,11939.726057391073,9572.949354937558
forecast_8397,2025-12-16 21:00:00,9256.134073678186,11631.36237405338,9449.099122901674
forecast_8398,2025-12-16 22:00:00,8798.548446442239,11383.51746063704,8726.032508594768
forecast_8399,2025-12-16 23:00:00,7937.386625585848,11039.819432257123,8068.109558816392
forecast_8400,2025-12-17 00:00:00,8519.956019244411,10601.778532225191,8891.994703667013
forecast_8401,2025-12-17 01:00:00,9214.031053690103,10796.46004082497,9694.881045384041
forecast_8402,2025-12-17 02:00:00,9754.897627788596,10545.613802044301,9622.230506860928
forecast_8403,2025-12-17 03:00:00,10220.246375513874,10442.005601555764,9117.236678100584
forecast_8404,2025-12-17 04:00:00,9878.38652256976,10366.853790908151,8353.843514637814
forecast_8405,2025-12-17 05:00:00,9570.136717604413,10791.095434372743,8312.439985275092
forecast_8406,2025-12-17 06:00:00,9114.287254904613,11016.025575009346,8277.316614040528
forecast_8407,2025-12-17 07:00:00,8906.152783057103,10553.972605783694,8089.858348409857
forecast_8408,2025-12-17 08:00:00,8825.277816016842,10609.704085129875,7548.370916195147
forecast_8409,2025-12-17 09:00:00,7892.763104553027,9646.039510124745,7163.161318127777
forecast_8410,2025-12-17 10:00:00,6765.860766196445,6296.604658310703,6758.085887988304
forecast_8411,2025-12-17 11:00:00,6472.912542914473,6392.632526021447,6460.596818683919
forecast_8412,2025-12-17 12:00:00,6435.310512376596,5951.0631663734985,5996.901512945361
forecast_8413,2025-12-17 13:00:00,6062.357901025483,5222.6142353324285,5528.496948679019
forecast_8414,2025-12-17 14:00:00,5691.246001095443,4500.383037004946,5225.514786010504
forecast_8415,2025-12-17 15:00:00,4914.536208359457,4259.412492807008,4817.828132813977
forecast_8416,2025-12-17 16:00:00,4925.647955409217,4676.044391462917,4903.192080976459
forecast_8417,2025-12-17 17:00:00,5100.595739428037,4090.7644121662897,5223.047705271208
forecast_8418,2025-12-17 18:00:00,5375.475449465531,4784.7885328814,5705.012573094582
forecast_8419,2025-12-17 19:00:00,6187.764598458581,5592.068099249899,6217.816394961787
forecast_8420,2025-12-17 20:00:00,6642.359820986552,6296.767670319974,6953.496151092359
forecast_8421,2025-12-17 21:00:00,7247.161325817608,7273.650990156254,7823.559949708756
forecast_8422,2025-12-17 22:00:00,8333.623586360785,9405.582158392475,8791.919552599753
forecast_8423,2025-12-17 23:00:00,9973.305373574269,12062.454293467363,9052.045617119064
forecast_8424,2025-12-18 00:00:00,11059.396855636322,12904.082767180233,9409.48026971532
forecast_8425,2025-12-18 01:00:00,12263.774935292431,12227.603404399906,10530.793230682442
forecast_8426,2025-12-18 02:00:00,12803.900686688634,13397.135951799763,11453.656161470863
forecast_8427,2025-12-18 03:00:00,13123.733744641757,14279.233768218064,11359.23605602106
forecast_8428,2025-12-18 04:00:00,13480.410578689392,14465.929922709944,11264.052377278886
forecast_8429,2025-12-18 05:00:00,13363.691124323203,13943.860394327114,11226.052690187893
forecast_8430,2025-12-18 06:00:00,12939.260836054673,13156.075956367515,10573.394117313477
forecast_8431,2025-12-18 07:00:00,12351.500971592543,12261.108736866376,9838.1717961335
forecast_8432,2025-12-18 08:00:00,11343.40550096655,11117.537420551678,9377.57250450444
forecast_8433,2025-12-18 09:00:00,10467.435103901194,11401.552852154891,7942.807285300205
forecast_8434,2025-12-18 10:00:00,7813.577971684651,8662.6012269484,7091.754979642764
forecast_8435,2025-12-18 11:00:00,6091.215833876583,5589.492086033439,6545.992728245613
forecast_8436,2025-12-18 12:00:00,4920.711639483477,4709.60889568165,5815.442088831759
forecast_8437,2025-12-18 13:00:00,4529.323168911531,4281.703182807776,5441.51849840457
forecast_8438,2025-12-18 14:00:00,4397.043007003578,4241.424166551836,5167.874164284745
forecast_8439,2025-12-18 15:00:00,4755.458712991287,4324.442883367061,5169.1796291932005
forecast_8440,2025-12-18 16:00:00,5308.923513100581,4814.501226948502,5396.495020273111
forecast_8441,2025-12-18 17:00:00,5964.432822759369,5423.749452318395,5948.3983365939885
forecast_8442,2025-12-18 18:00:00,6795.808586630317,7346.154651901774,6466.23143941395
forecast_8443,2025-12-18 19:00:00,8028.543202475486,9401.307261509106,6755.2794764831215
forecast_8444,2025-12-18 20:00:00,8580.806706199997,10827.747884823611,7078.567310806089
forecast_8445,2025-12-18 21:00:00,9816.152969967146,12519.252513271453,7578.381646243123
forecast_8446,2025-12-18 22:00:00,11534.274608959477,13864.280026783139,8352.53016762868
forecast_8447,2025-12-18 23:00:00,13704.859193128128,15042.694866739894,9378.760356789056
forecast_8448,2025-12-19 00:00:00,15163.576040456686,15094.340336193749,10385.344556553846
forecast_8449,2025-12-19 01:00:00,15851.60514294128,14711.711553569869,11584.24577730881
forecast_8450,2025-12-19 02:00:00,17373.167130670034,16250.18630804196,12338.836470626484
forecast_8451,2025-12-19 03:00:00,18378.691408656687,17416.667671255313,12270.98960074784
forecast_8452,2025-12-19 04:00:00,19031.776415505166,18674.262443611224,12582.228659979603
forecast_8453,2025-12-19 05:00:00,19136.904940354892,18540.45930016926,12678.70255664994
forecast_8454,2025-12-19 06:00:00,18925.589195169963,18200.31097935124,12814.547490123667
forecast_8455,2025-12-19 07:00:00,19178.801452977918,18108.829884678773,13551.976704070512
forecast_8456,2025-12-19 08:00:00,19264.494848324346,18587.840940490223,14204.639872275115
forecast_8457,2025-12-19 09:00:00,19422.813025251577,19163.462326257733,14313.131110474587
forecast_8458,2025-12-19 10:00:00,18898.456882262966,18796.85464720528,15029.569968987966
forecast_8459,2025-12-19 11:00:00,19318.033917706103,19439.96770969759,15725.45393567329
forecast_8460,2025-12-19 12:00:00,19425.046346007435,19583.3684300701,15811.7195474899
forecast_8461,2025-12-19 13:00:00,19254.807554252846,19102.531960493117,15810.62783207277
forecast_8462,2025-12-19 14:00:00,19420.764463751577,18897.143437628438,16153.856141213035
forecast_8463,2025-12-19 15:00:00,18925.785646652665,18329.585007771304,16166.88235173696
forecast_8464,2025-12-19 16:00:00,18951.545352384375,17967.502141926154,16201.358059753155
forecast_8465,2025-12-19 17:00:00,19236.869553742006,17871.481055137472,16396.55637232939
forecast_8466,2025-12-19 18:00:00,19139.066078973057,17994.706712329487,16695.258622579906
forecast_8467,2025-12-19 19:00:00,18644.103641047714,17890.744425730245,16542.124373088936
forecast_8468,2025-12-19 20:00:00,17990.474454679883,17622.72127153309,15536.020372302812
forecast_8469,2025-12-19 21:00:00,18038.03803598789,17703.910529974066,16080.371902268998
forecast_8470,2025-12-19 22:00:00,17572.505643344826,17691.081899173725,15395.198888971938
forecast_8471,2025-12-19 23:00:00,16958.622881056883,17153.940719119186,14448.652376116297
forecast_8472,2025-12-20 00:00:00,16661.296473852883,16915.94896144957,13653.365229584975
forecast_8473,2025-12-20 01:00:00,17309.12837894957,16919.961383102687,13702.911606152491
forecast_8474,2025-12-20 02:00:00,16913.88415708605,17402.337732294785,12882.226278621965
forecast_8475,2025-12-20 03:00:00,16331.972590553425,17409.75666517549,12296.689836255511
forecast_8476,2025-12-20 04:00:00,15720.584043064464,17636.83935311395,12418.437773028887
forecast_8477,2025-12-20 05:00:00,15112.392457944381,17134.760096199065,11829.551343396832
forecast_8478,2025-12-20 06:00:00,15438.457719923128,17155.58452027481,11548.41952010978
forecast_8479,2025-12-20 07:00:00,15383.162036745684,18009.1378262546,11868.94472215754
forecast_8480,2025-12-20 08:00:00,15826.612436807336,18291.28041598086,11970.968304311262
forecast_8481,2025-12-20 09:00:00,15394.734886633029,17763.23649762795,11965.303844488804
forecast_8482,2025-12-20 10:00:00,14977.220161260024,17044.398280121455,12357.73924403024
forecast_8483,2025-12-20 11:00:00,14282.153995984125,17124.80557997198,12294.75304386029
forecast_8484,2025-12-20 12:00:00,14301.140878046783,17364.674090722096,12510.32377862365
forecast_8485,2025-12-20 13:00:00,14570.280780374182,16626.622190469545,12360.094895385688
forecast_8486,2025-12-20 14:00:00,14262.707893893685,16253.076372055797,12359.535926836434
forecast_8487,2025-12-20 15:00:00,15069.895010332097,16149.703794440771,11998.586170617382
forecast_8488,2025-12-20 16:00:00,15136.392494939768,16920.70952818122,11817.360780388832
forecast_8489,2025-12-20 17:00:00,15337.218257276958,17280.94218049382,11668.94027910505
forecast_8490,2025-12-20 18:00:00,14700.09933247434,16867.29717374099,10927.775013943028
forecast_8491,2025-12-20 19:00:00,13908.254003727547,16056.416332669844,10481.755857791095
forecast_8492,2025-12-20 20:00:00,12885.16987671666,15884.5463301326,10442.065116028865
forecast_8493,2025-12-20 21:00:00,13429.023575138122,15096.271886978355,10784.267440226242
forecast_8494,2025-12-20 22:00:00,14613.839325772158,14170.093266873113,12244.416092749101
forecast_8495,2025-12-20 23:00:00,15947.693688952553,14872.206477625783,12372.249899952305
forecast_8496,2025-12-21 00:00:00,17838.814490047855,17133.459238473122,13046.05609463032
forecast_8497,2025-12-21 01:00:00,19525.817356324813,19664.365541510695,16291.34326864975
forecast_8498,2025-12-21 02:00:00,19737.521977556255,20098.84224913111,16825.684129900463
forecast_8499,2025-12-21 03:00:00,19885.62511976951,19961.317498712102,17059.76743679759
forecast_8500,2025-12-21 04:00:00,19928.31325255713,19813.805466855083,17629.44666963894
forecast_8501,2025-12-21 05:00:00,19874.97076935529,19555.246937899392,17503.987176959366
forecast_8502,2025-12-21 06:00:00,19816.422220531324,19718.957441423758,16851.260864519267
forecast_8503,2025-12-21 07:00:00,19306.788813949486,19431.655135672623,16146.053231849743
forecast_8504,2025-12-21 08:00:00,18167.465035372414,19106.618780181052,15188.298033392908
forecast_8505,2025-12-21 09:00:00,16798.02682853568,18440.92286396904,13613.561980049599
forecast_8506,2025-12-21 10:00:00,14756.756592920086,16091.360794366245,12149.579010824451
forecast_8507,2025-12-21 11:00:00,12746.474073861446,12983.683532334882,10292.056951565677
forecast_8508,2025-12-21 12:00:00,11482.7334123688,9410.057810466504,8569.15966747128
forecast_8509,2025-12-21 13:00:00,9303.626973253742,6613.526336809634,7416.0512728249205
forecast_8510,2025-12-21 14:00:00,7885.44808890883,4440.410450247855,6270.066257877897
forecast_8511,2025-12-21 15:00:00,6985.171707329719,4245.005351154865,5664.4796576384115
forecast_8512,2025-12-21 16:00:00,5735.862623983114,4255.250768459416,5276.1954449558725
forecast_8513,2025-12-21 17:00:00,5274.528450922478,3851.674275546483,5292.029066855759
forecast_8514,2025-12-21 18:00:00,4745.786456547884,3558.883693590793,5184.44146341279
forecast_8515,2025-12-21 19:00:00,3953.24060798417,2841.045422028056,5031.976063667228
forecast_8516,2025-12-21 20:00:00,3633.652709134082,2430.027387174738,4778.294995954046
forecast_8517,2025-12-21 21:00:00,3406.1808678040043,2206.0916845926286,4523.455591383336
forecast_8518,2025-12-21 22:00:00,3015.7744878756685,2008.0688660342907,4356.932264429251
forecast_8519,2025-12-21 23:00:00,2627.2484163175614,1903.4494178297289,4166.296842055337
forecast_8520,2025-12-22 00:00:00,2601.7575302215223,1898.6394821585907,4047.053857935068
forecast_8521,2025-12-22 01:00:00,2877.6642429441454,2158.3319570660524,4077.7449523879595
forecast_8522,2025-12-22 02:00:00,2796.4393060477983,2106.57282618584,3999.204252160936
forecast_8523,2025-12-22 03:00:00,2557.143740956174,2047.6515578141978,3863.6493958710294
forecast_8524,2025-12-22 04:00:00,2441.3209550763636,1919.908681157848,3815.8545423112037
forecast_8525,2025-12-22 05:00:00,2425.0778962741956,1938.8411125717807,3751.0709627827423
forecast_8526,2025-12-22 06:00:00,2504.1575012164353,1877.665173877047,3732.37559020666
forecast_8527,2025-12-22 07:00:00,2534.972211597543,1948.6652305187206,3710.625130513577
forecast_8528,2025-12-22 08:00:00,2500.3238287422046,2020.8413911692821,3689.424090748193
forecast_8529,2025-12-22 09:00:00,2534.998012802749,2002.8214157341959,3598.723163013818
forecast_8530,2025-12-22 10:00:00,2325.1990812964514,1835.5977317460206,3452.093768482568
forecast_8531,2025-12-22 11:00:00,2237.1460637113587,1787.4341112284403,3319.037860279443
forecast_8532,2025-12-22 12:00:00,2137.4124676017327,1825.536281833284,3234.962176685693
forecast_8533,2025-12-22 13:00:00,2061.5295649651543,2152.0096625135147,3178.290789966943
forecast_8534,2025-12-22 14:00:00,2040.4349586887577,2016.574063376258,3180.560565357568
forecast_8535,2025-12-22 15:00:00,2049.086424790806,1993.419418725412,3248.358416920068
forecast_8536,2025-12-22 16:00:00,2425.7094286677993,1804.5252314562888,3387.922381763818
forecast_8537,2025-12-22 17:00:00,2949.543212184315,2488.23533663788,3591.238293471093
forecast_8538,2025-12-22 18:00:00,3050.2457831089678,2798.3657223427103,3848.1190881482903
forecast_8539,2025-12-22 19:00:00,3173.7799435007078,2881.1729622341136,4008.9653687205937
forecast_8540,2025-12-22 20:00:00,3098.875473064969,2704.634582324682,4187.38222613026
forecast_8541,2025-12-22 21:00:00,3202.0462421773186,2647.1388940031666,4299.058479670715
forecast_8542,2025-12-22 22:00:00,3567.5622294966333,3149.935700925357,4724.938070923014
forecast_8543,2025-12-22 23:00:00,4107.564195115911,3897.487101085214,5053.126897894452
forecast_8544,2025-12-23 00:00:00,4476.543099821584,5041.08795878641,5248.858544699884
forecast_8545,2025-12-23 01:00:00,4520.618335506069,5742.916950876851,5524.448536840969
forecast_8546,2025-12-23 02:00:00,5303.970918969265,6379.0697736202255,5651.877552075528
forecast_8547,2025-12-23 03:00:00,5486.444922749068,6650.244067934428,5687.467273358148
forecast_8548,2025-12-23 04:00:00,5800.920865571499,6377.746633703014,5622.716973077855
forecast_8549,2025-12-23 05:00:00,6177.865352991592,6233.877542706779,5687.385664684755
forecast_8550,2025-12-23 06:00:00,6174.7726429502,6777.2538407501925,5727.118970138947
forecast_8551,2025-12-23 07:00:00,5651.109303696684,6791.288588575144,5765.478232373744
forecast_8552,2025-12-23 08:00:00,5448.484012378249,6042.730209738045,5503.881283740837
forecast_8553,2025-12-23 09:00:00,5589.628201256213,5842.110041919233,5614.698593940301
forecast_8554,2025-12-23 10:00:00,5372.810453386717,5050.2286957408405,5816.020184491366
forecast_8555,2025-12-23 11:00:00,6264.953005348918,5948.377214788013,5792.008848491862
forecast_8556,2025-12-23 12:00:00,6329.040816224808,6283.670130666844,5828.70188696341
forecast_8557,2025-12-23 13:00:00,5354.179729104077,4767.128954548717,5773.392333635116
forecast_8558,2025-12-23 14:00:00,5064.066636499963,4498.823082991553,5603.144903025209
forecast_8559,2025-12-23 15:00:00,4859.361883028143,4375.635025735317,5528.074594880009
forecast_8560,2025-12-23 16:00:00,5251.408999008535,5079.101761063052,5686.712019521064
forecast_8561,2025-12-23 17:00:00,6142.205422674146,7014.425593061096,5822.230284350249
forecast_8562,2025-12-23 18:00:00,7554.839310002897,9863.105946986982,6442.521387642626
forecast_8563,2025-12-23 19:00:00,9147.654006653669,11772.364095006014,7385.021786906465
forecast_8564,2025-12-23 20:00:00,8263.693758341875,11569.082620061534,7582.444635886534
forecast_8565,2025-12-23 21:00:00,7231.891174180664,11595.829145150208,7301.059197822884
forecast_8566,2025-12-23 22:00:00,7074.935602717511,11441.21813235029,7803.710706059244
forecast_8567,2025-12-23 23:00:00,7105.933170875442,11896.470712934362,7970.453900753126
forecast_8568,2025-12-24 00:00:00,7763.433351126955,10102.483898065762,7982.444849530209
forecast_8569,2025-12-24 01:00:00,8249.202934712674,10971.526468278546,8266.669664270328
forecast_8570,2025-12-24 02:00:00,8063.966772238903,11163.81805792508,8007.606994842543
forecast_8571,2025-12-24 03:00:00,7215.860502855914,7215.474707578866,6946.601507611528
forecast_8572,2025-12-24 04:00:00,6502.38580806921,6124.906254436693,6253.79238312162
forecast_8573,2025-12-24 05:00:00,5528.224316920776,5259.034141318828,5563.707739131937
forecast_8574,2025-12-24 06:00:00,4422.482050610614,4000.041295479959,5054.51848364189
forecast_8575,2025-12-24 07:00:00,3461.2149784080243,3196.179732884769,4502.0450441570065
forecast_8576,2025-12-24 08:00:00,3153.9167051977347,2786.8809267171105,4119.571082088817
forecast_8577,2025-12-24 09:00:00,2867.4606334462705,2489.6911643982426,3928.2095997559086
forecast_8578,2025-12-24 10:00:00,2461.9143678228234,2360.1780322043405,3795.0928365063455
forecast_8579,2025-12-24 11:00:00,2446.518588749885,2381.4158801741223,3737.67999276589
forecast_8580,2025-12-24 12:00:00,2456.5490941718635,2539.4020739698276,3740.074629785424
forecast_8581,2025-12-24 13:00:00,2436.8707942207907,2371.433529657611,3757.8021632916107
forecast_8582,2025-12-24 14:00:00,2367.6230699243365,2501.7147610613724,3803.532942247582
forecast_8583,2025-12-24 15:00:00,2349.694157900101,2111.46012651126,3832.9728190326323
forecast_8584,2025-12-24 16:00:00,2218.8967851886364,1968.6556592651887,3945.5729107661614
forecast_8585,2025-12-24 17:00:00,2204.178526620589,1947.6288294906064,3880.0734997699938
forecast_8586,2025-12-24 18:00:00,2228.894851169193,1939.0715975890055,3804.425520636304
forecast_8587,2025-12-24 19:00:00,2327.5851191651172,1687.4666608440907,3713.928446596713
forecast_8588,2025-12-24 20:00:00,2374.7594091091755,1754.1290655789444,3700.1527911121925
forecast_8589,2025-12-24 21:00:00,2597.3974917005194,1995.551999624321,3740.7632982015352
forecast_8590,2025-12-24 22:00:00,2778.3960176160126,1999.6842335296787,3942.7853417643896
forecast_8591,2025-12-24 23:00:00,2964.690418139724,2349.82834015291,4123.232655136353
forecast_8592,2025-12-25 00:00:00,3344.791759427898,2667.733566157294,4567.067458911085
forecast_8593,2025-12-25 01:00:00,4003.6486893861006,3043.2530651744414,4550.601179100786
forecast_8594,2025-12-25 02:00:00,4731.971171749326,3382.8838746494107,5283.1882830707455
forecast_8595,2025-12-25 03:00:00,6346.705052277203,4954.479777912311,6240.224851354942
forecast_8596,2025-12-25 04:00:00,7883.6185990728745,7563.129338483632,6981.1423424495315
forecast_8597,2025-12-25 05:00:00,9504.995743138843,8943.178670750507,7605.153399433608
forecast_8598,2025-12-25 06:00:00,11054.330235993566,10596.006927391156,8296.10066094529
forecast_8599,2025-12-25 07:00:00,11655.861981385719,11528.628114906918,9139.273723089656
forecast_8600,2025-12-25 08:00:00,12276.15561100648,12583.32196158775,9531.02088392945
forecast_8601,2025-12-25 09:00:00,12703.557247606268,14584.658008655915,9895.739698759277
forecast_8602,2025-12-25 10:00:00,13707.119537028437,16197.693884082899,11359.127331908843
forecast_8603,2025-12-25 11:00:00,13859.168265811559,16731.968481472868,11089.266564234993
forecast_8604,2025-12-25 12:00:00,13866.929182703665,16901.303492859795,10835.652912628151
forecast_8605,2025-12-25 13:00:00,13876.184421111346,17163.339554993392,11119.682139646407
forecast_8606,2025-12-25 14:00:00,14134.023567698405,16877.55796807183,10780.421983863776
forecast_8607,2025-12-25 15:00:00,14608.897402717685,16927.638504275277,10876.657673874102
forecast_8608,2025-12-25 16:00:00,15061.635902981761,16707.59483108233,11316.1406198825
forecast_8609,2025-12-25 17:00:00,15067.79570642197,16811.873016145124,11861.697667175802
forecast_8610,2025-12-25 18:00:00,15015.557436367226,17090.661965000007,12517.596204484827
forecast_8611,2025-12-25 19:00:00,15297.582079397356,17216.62435672454,14109.400714361265
forecast_8612,2025-12-25 20:00:00,15698.199339254617,17298.283309527367,14636.270383147239
forecast_8613,2025-12-25 21:00:00,16247.40204408834,17753.89918596035,15463.104391359017
forecast_8614,2025-12-25 22:00:00,16663.674718188155,17933.014804884424,15809.239526779045
forecast_8615,2025-12-25 23:00:00,16709.730028619266,18127.35942297135,15910.131951737121
forecast_8616,2025-12-26 00:00:00,17202.104171522657,18451.57629176198,16385.441645562045
forecast_8617,2025-12-26 01:00:00,16903.017359583508,17960.981730289222,16098.94478628269
forecast_8618,2025-12-26 02:00:00,16778.36617250884,18224.69666277513,15726.290515448392
forecast_8619,2025-12-26 03:00:00,16666.62227385315,18310.321600675285,15476.183844111185
forecast_8620,2025-12-26 04:00:00,16330.334691367549,18488.164475922444,14906.993808875899
forecast_8621,2025-12-26 05:00:00,16269.070255240154,18336.75814770215,14100.850514549029
forecast_8622,2025-12-26 06:00:00,16272.771982506347,18460.529321761354,13480.904665356346
forecast_8623,2025-12-26 07:00:00,16870.076189238524,19122.124100921843,13510.923240391343
forecast_8624,2025-12-26 08:00:00,17259.46638104892,19406.51356524077,13357.20703297776
forecast_8625,2025-12-26 09:00:00,16923.90287672248,18916.626039388277,13103.783660747697
forecast_8626,2025-12-26 10:00:00,14779.881018342308,17799.127892609446,12342.49747385953
forecast_8627,2025-12-26 11:00:00,13641.590804003776,17052.13057168312,11164.30133171274
forecast_8628,2025-12-26 12:00:00,12603.685489157317,16260.618155851393,11033.555702096668
forecast_8629,2025-12-26 13:00:00,11925.873454069131,15455.329206407185,10483.39877767498
forecast_8630,2025-12-26 14:00:00,11930.65286338935,14457.00214320049,10045.626995839904
forecast_8631,2025-12-26 15:00:00,12009.629357668233,13616.590527338689,9889.290573222663
forecast_8632,2025-12-26 16:00:00,12714.169685118863,14427.244017789382,10262.515370872914
forecast_8633,2025-12-26 17:00:00,13305.206847078227,16007.166103422802,11730.170849080114
forecast_8634,2025-12-26 18:00:00,13903.95979620471,15477.920265986442,12683.571476232515
forecast_8635,2025-12-26 19:00:00,14988.621008830207,16306.825729539072,12543.043903525926
forecast_8636,2025-12-26 20:00:00,15714.604646818138,17905.443140083084,13149.938750119556
forecast_8637,2025-12-26 21:00:00,15709.842689592857,19033.988101426974,13744.006275012998
forecast_8638,2025-12-26 22:00:00,17127.991367001763,19636.777833765722,14429.654002182137
forecast_8639,2025-12-26 23:00:00,17451.432617485854,19819.71184095814,14469.258698399151
forecast_8640,2025-12-27 00:00:00,17792.46395211372,20057.910912631232,14647.993614673227
forecast_8641,2025-12-27 01:00:00,18270.54189502694,20266.555975845862,14974.548657198036
forecast_8642,2025-12-27 02:00:00,18161.6493312981,20304.9736830488,14707.374792343315
forecast_8643,2025-12-27 03:00:00,18014.440308403337,20184.822566888462,14335.22439226412
forecast_8644,2025-12-27 04:00:00,17458.394329825074,20102.201444064256,14055.845684696627
forecast_8645,2025-12-27 05:00:00,17229.623249794327,20094.380517868918,13655.309053793531
forecast_8646,2025-12-27 06:00:00,17119.30223649552,19958.3369106044,13345.695639983054
forecast_8647,2025-12-27 07:00:00,16950.27627070107,19826.58436133302,13355.551160372686
forecast_8648,2025-12-27 08:00:00,17200.827504842782,19503.580879753255,13305.346946915593
forecast_8649,2025-12-27 09:00:00,16817.513267216294,18563.632103835655,12730.764634657678
forecast_8650,2025-12-27 10:00:00,15447.171168310073,16926.87749283372,11984.919487815909
forecast_8651,2025-12-27 11:00:00,14850.588867024799,14863.869230745122,12096.460946066512
forecast_8652,2025-12-27 12:00:00,14809.024002149159,14235.731944546547,12293.381306431318
forecast_8653,2025-12-27 13:00:00,15496.076238838818,15194.514994235324,12120.680466761667
forecast_8654,2025-12-27 14:00:00,15551.4300998515,16060.02637512317,12509.271491708563
forecast_8655,2025-12-27 15:00:00,16099.188956108286,16354.023275082678,13645.003559534598
forecast_8656,2025-12-27 16:00:00,16486.504827904886,17089.97304066716,13581.05981217599
forecast_8657,2025-12-27 17:00:00,17033.61137962972,18462.995513238522,14554.591594947882
forecast_8658,2025-12-27 18:00:00,17669.718162040124,19123.197112593698,15843.32198754015
forecast_8659,2025-12-27 19:00:00,18021.95758892273,19437.870097138897,16008.741091852326
forecast_8660,2025-12-27 20:00:00,18253.88341587787,19301.0153857526,15757.605127495017
forecast_8661,2025-12-27 21:00:00,18577.855733601045,19021.684547752753,16303.493761339545
forecast_8662,2025-12-27 22:00:00,18878.146508402857,18957.787029374867,16521.905781003352
forecast_8663,2025-12-27 23:00:00,19211.07000252723,19020.80006353312,16734.6441959202
forecast_8664,2025-12-28 00:00:00,19504.19937381026,19206.696742418495,16775.35470454224
forecast_8665,2025-12-28 01:00:00,19918.868618710116,19136.492180739333,17055.248845408933
forecast_8666,2025-12-28 02:00:00,19895.232070600963,19765.810107250254,17189.08047492405
forecast_8667,2025-12-28 03:00:00,20371.416831181297,20125.84743390733,17301.8482665084
forecast_8668,2025-12-28 04:00:00,20572.734625116318,20356.87185311611,17310.7996758748
forecast_8669,2025-12-28 05:00:00,20636.21594423501,20288.294798941046,17491.142360122
forecast_8670,2025-12-28 06:00:00,20727.00721114673,20250.410801720223,17523.684858400622
forecast_8671,2025-12-28 07:00:00,20731.65868463027,20257.070436314483,17401.43281734542
forecast_8672,2025-12-28 08:00:00,20649.625976114232,20146.545379626885,17271.91517735726
forecast_8673,2025-12-28 09:00:00,20278.436426388977,20087.29617920162,16760.89360121145
forecast_8674,2025-12-28 10:00:00,19582.426984734604,19631.142465998502,16238.055092329076
forecast_8675,2025-12-28 11:00:00,19065.972195343915,19302.442145622426,15559.835093640999
forecast_8676,2025-12-28 12:00:00,18081.549043646348,18578.19881342937,15048.85683104792
forecast_8677,2025-12-28 13:00:00,17128.032641502705,17531.372545724418,13754.52167256541
forecast_8678,2025-12-28 14:00:00,15904.917321277338,16340.421293340998,13192.436507042683
forecast_8679,2025-12-28 15:00:00,15923.520051239168,14396.08961046228,13397.607288571508
forecast_8680,2025-12-28 16:00:00,15838.585741990879,14007.964026866834,13269.337129351483
forecast_8681,2025-12-28 17:00:00,15587.248123992445,14147.714395688185,13401.875588154071
forecast_8682,2025-12-28 18:00:00,16714.07934381194,14928.302445938643,13484.00316075066
forecast_8683,2025-12-28 19:00:00,16864.280166943812,16888.977470744278,13419.732748526585
forecast_8684,2025-12-28 20:00:00,17017.474790037424,16842.36861708222,13860.26110292039
forecast_8685,2025-12-28 21:00:00,16562.52621116437,16547.44661167947,14145.146477392474
forecast_8686,2025-12-28 22:00:00,16284.02700583413,16849.4599303054,14230.476082184949
forecast_8687,2025-12-28 23:00:00,16806.919689413346,17208.900784217934,14319.483971989786
forecast_8688,2025-12-29 00:00:00,17693.094773199176,18510.6000524933,14928.454059744177
forecast_8689,2025-12-29 01:00:00,17867.264813148155,18565.837552577643,15631.468555646192
forecast_8690,2025-12-29 02:00:00,17966.564778869386,18591.35991572909,15331.043321386496
forecast_8691,2025-12-29 03:00:00,17611.117711215484,18653.96457273013,16589.037143169706
forecast_8692,2025-12-29 04:00:00,17738.635220143326,18803.571123500285,16694.03428201271
forecast_8693,2025-12-29 05:00:00,17921.554050414492,18793.048410134223,16606.1188540166
forecast_8694,2025-12-29 06:00:00,17981.322327274684,18880.475970317777,16912.80044761963
forecast_8695,2025-12-29 07:00:00,17971.530194886516,18635.526196949282,17073.004753175548
forecast_8696,2025-12-29 08:00:00,18000.85327358577,18604.212231831916,17116.536475355206
forecast_8697,2025-12-29 09:00:00,18091.671271692823,18527.842472939083,16980.96549823528
forecast_8698,2025-12-29 10:00:00,17876.761736011325,18485.67722204798,16543.7589588695
forecast_8699,2025-12-29 11:00:00,17301.965142413806,18677.051796102925,16312.503381404415
forecast_8700,2025-12-29 12:00:00,16722.051302703992,18388.408197774115,16062.661062854144
forecast_8701,2025-12-29 13:00:00,16640.508765294042,18131.01595365347,14765.784596862793
forecast_8702,2025-12-29 14:00:00,16046.025203156974,17827.33971452766,14142.115694375625
forecast_8703,2025-12-29 15:00:00,15994.299751446597,18034.020343716817,14225.389303379015
forecast_8704,2025-12-29 16:00:00,16589.451897691397,17715.746944764138,14857.943041526523
forecast_8705,2025-12-29 17:00:00,16957.429541306235,17502.74827011978,15418.00747617502
forecast_8706,2025-12-29 18:00:00,17093.498455828158,17260.076062917913,15787.073199031403
forecast_8707,2025-12-29 19:00:00,16783.46280064365,17686.71109538158,15682.683243817588
forecast_8708,2025-12-29 20:00:00,16541.655675357313,17862.264642569397,15825.169552592954
forecast_8709,2025-12-29 21:00:00,16425.718783648867,17701.863739177374,15700.840628577107
forecast_8710,2025-12-29 22:00:00,15902.555813966297,16626.109105609405,15583.053364464911
forecast_8711,2025-12-29 23:00:00,15389.418784550242,15807.523847449087,15174.892734191999
forecast_8712,2025-12-30 00:00:00,15383.712207387878,15611.663442178055,14645.497630160222
forecast_8713,2025-12-30 01:00:00,14159.517173674,14594.901220468015,13716.12512895862
forecast_8714,2025-12-30 02:00:00,13538.610005130944,14026.548837352984,13573.090760312441
forecast_8715,2025-12-30 03:00:00,13208.405114859355,13084.4340878228,13389.274937142156
forecast_8716,2025-12-30 04:00:00,12513.119283943479,12216.514929405386,13289.215092086684
forecast_8717,2025-12-30 05:00:00,12356.489659282352,11501.726714073533,12174.282822532718
forecast_8718,2025-12-30 06:00:00,12054.996545027236,11256.783876371735,11082.496337962055
forecast_8719,2025-12-30 07:00:00,11855.083266849575,11027.073808078201,10419.225010442762
forecast_8720,2025-12-30 08:00:00,11748.908850783937,10475.826085050292,9686.859484004763
forecast_8721,2025-12-30 09:00:00,11524.037950460033,9536.403860045231,8720.992626490144
forecast_8722,2025-12-30 10:00:00,10429.665875774395,8481.219169353713,7788.861254433648
forecast_8723,2025-12-30 11:00:00,9919.375530195592,7835.047141506487,7020.204145901563
forecast_8724,2025-12-30 12:00:00,9759.72359135535,7541.246712856948,7057.489286508954
forecast_8725,2025-12-30 13:00:00,9731.814466176864,8273.871562369237,7431.718218872485
forecast_8726,2025-12-30 14:00:00,10289.75822682975,8972.62127735595,7606.646249825263
forecast_8727,2025-12-30 15:00:00,10691.100265012288,9126.4676321894,7874.5029823458635
forecast_8728,2025-12-30 16:00:00,11674.721965224831,9505.566164614651,8182.3759259606595
forecast_8729,2025-12-30 17:00:00,11919.08470410862,9471.757188795573,8686.328671904346
forecast_8730,2025-12-30 18:00:00,12137.39365725427,9287.305769973707,9553.504932275528
forecast_8731,2025-12-30 19:00:00,12354.26197462543,10498.288875099242,9749.560500787049
forecast_8732,2025-12-30 20:00:00,12612.364896300138,11809.288057907319,10119.74611437804
forecast_8733,2025-12-30 21:00:00,13134.520215397211,12972.197333289063,11276.737497623108
forecast_8734,2025-12-30 22:00:00,13439.772538113659,14497.674965079164,11771.035974016488
forecast_8735,2025-12-30 23:00:00,13447.407998001221,15269.74126726243,12358.827644897665
forecast_8736,2025-12-31 00:00:00,14522.35244781914,15851.38361973609,12888.566086692186
forecast_8737,2025-12-31 01:00:00,15475.931681433265,16083.046786833629,13477.30918176931
forecast_8738,2025-12-31 02:00:00,15880.568692944722,17233.766966220388,14155.32139040125
forecast_8739,2025-12-31 03:00:00,15542.416209592277,17555.31954122938,13761.888111831431
forecast_8740,2025-12-31 04:00:00,15291.572630679602,16963.728025524804,13724.253040794722
forecast_8741,2025-12-31 05:00:00,14954.178521386242,17099.198015733666,13301.948973853163
forecast_8742,2025-12-31 06:00:00,14553.060152567316,16835.83124361369,13047.946794296035
forecast_8743,2025-12-31 07:00:00,14317.765224832481,16697.440864054486,13255.376500193368
forecast_8744,2025-12-31 08:00:00,14188.57458280775,16369.026005734975,12783.950316579747
forecast_8745,2025-12-31 09:00:00,13164.809773853987,15598.79817720766,11796.032245911649
forecast_8746,2025-12-31 10:00:00,12633.385569459195,14255.00969097556,10570.776654195708
forecast_8747,2025-12-31 11:00:00,11563.651826925241,12742.551806876378,9143.52501411075
forecast_8748,2025-12-31 12:00:00,10366.70981988998,11471.479881249772,8291.972294278017
forecast_8749,2025-12-31 13:00:00,9744.829459961085,10772.113708352897,7914.365331707557
forecast_8750,2025-12-31 14:00:00,9064.387350988263,10784.351309320831,7367.01493896658
forecast_8751,2025-12-31 15:00:00,8927.35570116848,9673.384891608925,7418.682743463225
forecast_8752,2025-12-31 16:00:00,9155.166604510956,8418.614561010845,7726.394395999199
forecast_8753,2025-12-31 17:00:00,8818.583484885152,9556.088188939337,8063.387773450731
forecast_8754,2025-12-31 18:00:00,9599.595199968344,10921.151767422341,9129.818676683128
forecast_8755,2025-12-31 19:00:00,10323.199233542337,10469.845590309715,10536.099834646302
forecast_8756,2025-12-31 20:00:00,10561.724002131912,12166.062452181468,10994.394953368643
forecast_8757,2025-12-31 21:00:00,10836.130759152089,14588.488693094256,11327.478178086882
forecast_8758,2025-12-31 22:00:00,11805.762341083322,15634.63679586349,12062.796905716104
forecast_8759,2025-12-31 23:00:00,12248.135106083771,14990.818744500937,12372.084315966826
forecast_8760,2026-01-01 00:00:00,12826.655514762704,15407.536674423587,13107.380807555586
