forecast_id,forecast_kst_dtm,kpx_group_1,kpx_group_2,kpx_group_3
forecast_0001,2025-01-01 01:00:00,18879.23655510563,19842.806283040343,18155.75027138427
forecast_0002,2025-01-01 02:00:00,18419.773252793515,19649.44935773436,18144.36247806713
forecast_0003,2025-01-01 03:00:00,18031.688883179995,19251.391434282,17986.019089419646
forecast_0004,2025-01-01 04:00:00,17265.69293521407,18840.258328098458,17530.70493416689
forecast_0005,2025-01-01 05:00:00,16714.757596434705,18549.999259951088,16973.624621308507
forecast_0006,2025-01-01 06:00:00,16468.586634862237,18058.94446923751,16369.8533450361
forecast_0007,2025-01-01 07:00:00,16107.739319670442,17507.72576713024,16054.332478306493
forecast_0008,2025-01-01 08:00:00,15744.49719137768,17102.674137900452,15437.886792220042
forecast_0009,2025-01-01 09:00:00,15149.742271774494,15763.155215986337,15236.540894431459
forecast_0010,2025-01-01 10:00:00,15273.667098954314,14903.031425571706,13632.857448765259
forecast_0011,2025-01-01 11:00:00,15245.018569555212,15030.023897390505,13432.027474409108
forecast_0012,2025-01-01 12:00:00,15644.83631726546,15381.315779281247,13521.079715789305
forecast_0013,2025-01-01 13:00:00,15966.992645543887,15645.904920640876,13553.212780715596
forecast_0014,2025-01-01 14:00:00,15688.936986584094,15593.1724213313,12434.784123498306
forecast_0015,2025-01-01 15:00:00,14810.57245594266,15238.532562274428,11552.208543598654
forecast_0016,2025-01-01 16:00:00,14807.844043683197,15004.01298700212,11516.823724040518
forecast_0017,2025-01-01 17:00:00,14750.474778961034,14485.168243732664,12380.206298200408
forecast_0018,2025-01-01 18:00:00,14532.77001154411,14598.164432561485,13079.33242939206
forecast_0019,2025-01-01 19:00:00,14881.598508192008,15290.021449108433,13941.969396736782
forecast_0020,2025-01-01 20:00:00,14886.053095172683,15809.91605388438,14797.528377151235
forecast_0021,2025-01-01 21:00:00,14915.634620465238,16627.018929258782,14871.627768297178
forecast_0022,2025-01-01 22:00:00,15624.16598103598,17057.091782040297,14996.008841680432
forecast_0023,2025-01-01 23:00:00,15665.1401262452,17111.945815981453,14265.078018480499
forecast_0024,2025-01-02 00:00:00,15041.821248368497,16360.806414896218,13012.42108369575
forecast_0025,2025-01-02 01:00:00,14805.18056260658,15848.339747394162,12372.946460251625
forecast_0026,2025-01-02 02:00:00,13025.308590051876,14825.297132829755,10947.991974055294
forecast_0027,2025-01-02 03:00:00,12110.680898836905,13962.834994845573,9337.582480717308
forecast_0028,2025-01-02 04:00:00,10481.258842096508,12313.728307608699,8851.994973303292
forecast_0029,2025-01-02 05:00:00,9477.437331667985,11580.572193443584,7914.883611885591
forecast_0030,2025-01-02 06:00:00,9315.588162687007,10515.488417892971,7399.598765237077
forecast_0031,2025-01-02 07:00:00,8993.067153644832,9165.24327659751,6936.934407217981
forecast_0032,2025-01-02 08:00:00,9066.919392401467,8560.963153299137,6710.5746764969035
forecast_0033,2025-01-02 09:00:00,8332.182836209107,8206.547742651557,6266.504747516592
forecast_0034,2025-01-02 10:00:00,6996.029841211721,6197.664014924037,4873.332807402725
forecast_0035,2025-01-02 11:00:00,5871.294170585511,5111.989584220606,4083.9220935078474
forecast_0036,2025-01-02 12:00:00,5753.9043027779735,4930.343402824839,4106.2094630631145
forecast_0037,2025-01-02 13:00:00,6371.98094133702,5066.129347560878,4235.446950229383
forecast_0038,2025-01-02 14:00:00,6953.644472686716,5569.502338849629,4646.08729988608
forecast_0039,2025-01-02 15:00:00,7773.487919165784,5980.961683602074,5212.768213464053
forecast_0040,2025-01-02 16:00:00,8745.33397971968,7009.271732704141,5731.328340205264
forecast_0041,2025-01-02 17:00:00,9644.275298803223,8430.859336891594,6758.7368906952315
forecast_0042,2025-01-02 18:00:00,10166.719771936143,9873.790195494945,7343.884338480017
forecast_0043,2025-01-02 19:00:00,10787.95143898216,10105.164456446499,8119.337048088967
forecast_0044,2025-01-02 20:00:00,10903.443262575878,10010.720163937829,8430.473364524296
forecast_0045,2025-01-02 21:00:00,10888.303064435504,11256.98124935371,8938.629924560732
forecast_0046,2025-01-02 22:00:00,11272.076063028737,11981.061685500767,10247.774494826519
forecast_0047,2025-01-02 23:00:00,11696.949272704014,13051.921504445269,10628.371606306917
forecast_0048,2025-01-03 00:00:00,12191.332563959237,13993.524676226603,11304.392901384595
forecast_0049,2025-01-03 01:00:00,12131.214665989917,13112.237472583414,11620.040890177479
forecast_0050,2025-01-03 02:00:00,11727.885978688277,12045.350377184008,12506.986036164384
forecast_0051,2025-01-03 03:00:00,11499.397137753374,12668.515982576047,12339.471033452615
forecast_0052,2025-01-03 04:00:00,12046.599011784687,12956.058234098426,12851.069352715369
forecast_0053,2025-01-03 05:00:00,12336.912140783828,13957.97394414701,11943.898613195459
forecast_0054,2025-01-03 06:00:00,12512.39004346194,13320.095949397426,11017.087927691218
forecast_0055,2025-01-03 07:00:00,12467.744478613173,13000.38544904965,10565.909406901894
forecast_0056,2025-01-03 08:00:00,12327.539466799537,14031.348249408782,10192.620499048668
forecast_0057,2025-01-03 09:00:00,12412.935452721747,12237.14934323613,9893.125799003701
forecast_0058,2025-01-03 10:00:00,12386.279613641625,10410.088390995938,8706.666810338524
forecast_0059,2025-01-03 11:00:00,12057.559278886165,9756.760414810782,8218.34010060241
forecast_0060,2025-01-03 12:00:00,11875.545844978838,10118.647017870326,8121.492676927501
forecast_0061,2025-01-03 13:00:00,11982.368990904577,10996.426562095567,8374.84291817659
forecast_0062,2025-01-03 14:00:00,12406.24086598117,11833.072566366209,8618.93456786333
forecast_0063,2025-01-03 15:00:00,12758.054226200158,11467.588611797275,8907.53461317177
forecast_0064,2025-01-03 16:00:00,12618.55620348669,10722.742941821118,9315.106093653067
forecast_0065,2025-01-03 17:00:00,12492.655038977777,10706.663457331859,9714.798932220616
forecast_0066,2025-01-03 18:00:00,12656.160381486427,11658.95525099745,10993.608529664485
forecast_0067,2025-01-03 19:00:00,12992.550798410171,12617.779448427409,11469.98086863769
forecast_0068,2025-01-03 20:00:00,13219.524084578276,13061.701160216717,12203.138996517677
forecast_0069,2025-01-03 21:00:00,13394.876876731418,13776.783120623033,12875.728483380095
forecast_0070,2025-01-03 22:00:00,13236.514289015344,14776.528635500628,13346.627537612068
forecast_0071,2025-01-03 23:00:00,13108.33611025453,15108.272964746246,13289.30394851732
forecast_0072,2025-01-04 00:00:00,13465.569445388577,15801.859699160019,13914.369783598055
forecast_0073,2025-01-04 01:00:00,13858.872782620176,15175.741814902294,13521.460945552324
forecast_0074,2025-01-04 02:00:00,14157.562407853424,15612.017478541962,13584.974149083007
forecast_0075,2025-01-04 03:00:00,14432.86817926501,16101.868108777964,13382.337303985172
forecast_0076,2025-01-04 04:00:00,14456.605081983049,15796.845110618222,12346.217101830594
forecast_0077,2025-01-04 05:00:00,14525.998314622399,15393.948259526793,12329.032939417755
forecast_0078,2025-01-04 06:00:00,14389.264240240569,15574.658274860332,12576.668711105636
forecast_0079,2025-01-04 07:00:00,14707.744576028043,16225.750041438878,12594.72311643488
forecast_0080,2025-01-04 08:00:00,15144.700833781022,16540.04561583758,12518.732918865904
forecast_0081,2025-01-04 09:00:00,14782.158475905453,16784.26451480496,12604.08127047164
forecast_0082,2025-01-04 10:00:00,12459.429457366998,14873.222670142186,9888.349362580619
forecast_0083,2025-01-04 11:00:00,11322.938036517902,11601.553621502566,8650.386338882152
forecast_0084,2025-01-04 12:00:00,10629.28295045362,10373.791505127372,8376.320910929198
forecast_0085,2025-01-04 13:00:00,11121.591198651044,10046.20924411014,9063.746714314151
forecast_0086,2025-01-04 14:00:00,11602.654747748897,9967.580638911524,9551.666676615005
forecast_0087,2025-01-04 15:00:00,11906.840313451923,10031.031705403933,9907.230696071092
forecast_0088,2025-01-04 16:00:00,12466.665478365183,10258.814037733548,9601.517404977887
forecast_0089,2025-01-04 17:00:00,12921.57760099093,11344.794687442418,10141.535908333077
forecast_0090,2025-01-04 18:00:00,13433.486978532399,13619.870907317305,12446.813661067441
forecast_0091,2025-01-04 19:00:00,13603.667561662933,14532.15329653352,13393.177742122116
forecast_0092,2025-01-04 20:00:00,14672.816628094022,15811.78039582048,14225.277514475445
forecast_0093,2025-01-04 21:00:00,15238.496546261575,16282.884018443954,14591.137657744817
forecast_0094,2025-01-04 22:00:00,15764.490558927506,16840.213876565635,15600.196281328217
forecast_0095,2025-01-04 23:00:00,16377.009195377339,17662.736782003438,15661.395499640557
forecast_0096,2025-01-05 00:00:00,16675.518377400553,17107.64869236652,15011.005169673923
forecast_0097,2025-01-05 01:00:00,16765.493230540575,17092.87739578197,13183.089815096873
forecast_0098,2025-01-05 02:00:00,15968.774987472772,16120.693303387028,12568.546248757584
forecast_0099,2025-01-05 03:00:00,15492.957365549822,16448.002130550904,11735.170496227833
forecast_0100,2025-01-05 04:00:00,15054.03980888894,16420.743499260687,12389.262118874976
forecast_0101,2025-01-05 05:00:00,13951.972564016392,16617.965234679366,11400.980416329245
forecast_0102,2025-01-05 06:00:00,13218.265378129212,16705.19278518719,11722.115191532337
forecast_0103,2025-01-05 07:00:00,13011.364926152246,16732.8304234056,12257.647138038397
forecast_0104,2025-01-05 08:00:00,12937.308168479383,16828.798840913092,11924.954734615007
forecast_0105,2025-01-05 09:00:00,13674.75924870868,16333.582698010345,12847.252609437406
forecast_0106,2025-01-05 10:00:00,13529.72620497518,15175.587749303573,14026.246983195595
forecast_0107,2025-01-05 11:00:00,14043.883894770526,14999.408906283943,14150.535276149189
forecast_0108,2025-01-05 12:00:00,14335.313052960902,15653.324035912392,13926.700584077684
forecast_0109,2025-01-05 13:00:00,14198.45255331925,15851.621414108566,14214.229648385779
forecast_0110,2025-01-05 14:00:00,13202.648916601785,15317.700957337125,13071.048834072044
forecast_0111,2025-01-05 15:00:00,12255.397691060467,13853.25699280406,12346.521511715333
forecast_0112,2025-01-05 16:00:00,11634.20278134375,12862.27312854368,11554.55567563776
forecast_0113,2025-01-05 17:00:00,11486.397630342159,13822.827235613733,11204.089942342702
forecast_0114,2025-01-05 18:00:00,12196.376258297898,14090.133039895614,13268.369961135175
forecast_0115,2025-01-05 19:00:00,13761.787653077832,14747.564551501559,12511.16981203462
forecast_0116,2025-01-05 20:00:00,14182.373755506205,14702.825476803853,11595.561201716562
forecast_0117,2025-01-05 21:00:00,15037.33001613729,14044.983689169907,12512.619009165961
forecast_0118,2025-01-05 22:00:00,14572.589043117827,14083.50053796693,12658.993446847166
forecast_0119,2025-01-05 23:00:00,13785.022353374181,14553.46238072341,11871.588243138714
forecast_0120,2025-01-06 00:00:00,12975.29569150582,13947.471300596737,11410.88956876552
forecast_0121,2025-01-06 01:00:00,12477.455840968263,12787.508905767927,10396.817879967279
forecast_0122,2025-01-06 02:00:00,11923.610742849922,11923.149868988063,10096.68378378475
forecast_0123,2025-01-06 03:00:00,10852.299052166392,10919.526161715366,9241.34626253985
forecast_0124,2025-01-06 04:00:00,9402.477534813406,11059.198217536847,8551.431155585415
forecast_0125,2025-01-06 05:00:00,7650.877210814904,8660.47509110317,7016.770283016405
forecast_0126,2025-01-06 06:00:00,6971.815499113181,7477.947352981517,6736.517568397484
forecast_0127,2025-01-06 07:00:00,5743.865882317372,6706.337305138561,6227.939369817874
forecast_0128,2025-01-06 08:00:00,5702.285203036981,6702.908738612435,6101.96885368933
forecast_0129,2025-01-06 09:00:00,6557.539502147881,8283.969174569238,6253.252723392341
forecast_0130,2025-01-06 10:00:00,6393.758982431295,8136.34408610745,6232.2161371248985
forecast_0131,2025-01-06 11:00:00,6360.979543047225,6858.814213019571,6549.345284800895
forecast_0132,2025-01-06 12:00:00,6741.444949615802,6040.093039644921,6898.691180758132
forecast_0133,2025-01-06 13:00:00,7287.586169699123,6389.737285802299,7096.361731692334
forecast_0134,2025-01-06 14:00:00,7981.537523889173,6830.3986684587935,7164.551174258195
forecast_0135,2025-01-06 15:00:00,9083.9219695613,6977.460868646313,8084.625095088021
forecast_0136,2025-01-06 16:00:00,9811.065366066523,8973.952408893972,9026.292949188526
forecast_0137,2025-01-06 17:00:00,11213.823585245864,10868.724713309479,10648.727501686732
forecast_0138,2025-01-06 18:00:00,12194.501065482147,12262.27786841287,12711.612838221845
forecast_0139,2025-01-06 19:00:00,12390.957957067698,12899.549322407645,13056.35983396501
forecast_0140,2025-01-06 20:00:00,13503.481677467262,14638.778950863398,13383.227392896017
forecast_0141,2025-01-06 21:00:00,14223.670241199712,14740.472260029486,14784.256071620734
forecast_0142,2025-01-06 22:00:00,15323.148704528006,15558.673438109985,15235.84215139454
forecast_0143,2025-01-06 23:00:00,16153.876616190722,16571.986987959033,16127.108269043629
forecast_0144,2025-01-07 00:00:00,17064.369145513807,17936.796938151005,16989.03498826606
forecast_0145,2025-01-07 01:00:00,17331.859169756124,18757.502678908422,17476.762154837306
forecast_0146,2025-01-07 02:00:00,17796.806701489142,19171.146254999097,17777.324064837765
forecast_0147,2025-01-07 03:00:00,18132.865243617453,19414.146806374396,17670.872877005582
forecast_0148,2025-01-07 04:00:00,17951.63504511612,19166.447106892723,17546.985431975525
forecast_0149,2025-01-07 05:00:00,17670.004484172714,18399.832061235214,16922.630924901598
forecast_0150,2025-01-07 06:00:00,17494.736897925766,18334.623960677083,16856.458599663794
forecast_0151,2025-01-07 07:00:00,17422.01331532058,18464.02443013757,16922.275754673472
forecast_0152,2025-01-07 08:00:00,17177.216178086666,18586.18962907385,16854.342578195094
forecast_0153,2025-01-07 09:00:00,17041.19580734209,18513.45527707605,16639.60871546756
forecast_0154,2025-01-07 10:00:00,16767.58159109302,17955.794730006888,16147.543974902437
forecast_0155,2025-01-07 11:00:00,17146.49838840056,18463.33517199959,15788.846930733533
forecast_0156,2025-01-07 12:00:00,16869.730216653865,18446.6505867693,15181.598972774686
forecast_0157,2025-01-07 13:00:00,16794.988564172807,17852.932748639287,14985.030350102923
forecast_0158,2025-01-07 14:00:00,16216.421234532032,17125.704405561657,14844.843476931896
forecast_0159,2025-01-07 15:00:00,16096.333655194856,16818.649072094348,14973.641928146722
forecast_0160,2025-01-07 16:00:00,16158.589063477164,17140.415651938973,14285.243523699146
forecast_0161,2025-01-07 17:00:00,16372.258521639931,17499.037657833458,15057.689763703627
forecast_0162,2025-01-07 18:00:00,17125.60983186524,18006.04333709025,16213.691398271718
forecast_0163,2025-01-07 19:00:00,17773.835689243722,18848.42839877458,16967.098994950386
forecast_0164,2025-01-07 20:00:00,18291.984461244272,19006.2458464713,17142.87792710789
forecast_0165,2025-01-07 21:00:00,18133.921843133434,18806.100944830392,17093.734373556494
forecast_0166,2025-01-07 22:00:00,17993.10335071376,18774.000988006406,17095.726910750014
forecast_0167,2025-01-07 23:00:00,17731.00975102685,19025.092620258296,17144.420657375824
forecast_0168,2025-01-08 00:00:00,17838.610328176113,19167.582312787796,16927.62891139029
forecast_0169,2025-01-08 01:00:00,17405.993167459073,18810.857705754817,16518.28465733915
forecast_0170,2025-01-08 02:00:00,17015.397055337744,18521.692533936322,15942.29739071826
forecast_0171,2025-01-08 03:00:00,16495.458625461673,18091.788791345156,15391.205675376896
forecast_0172,2025-01-08 04:00:00,16134.461100519762,16801.440318296496,14590.34115986517
forecast_0173,2025-01-08 05:00:00,15835.271376271414,16226.271424974424,14400.58579028068
forecast_0174,2025-01-08 06:00:00,16053.160420547876,16110.049937490803,14205.456353063311
forecast_0175,2025-01-08 07:00:00,15978.281916063701,15792.335933367916,12958.90763887021
forecast_0176,2025-01-08 08:00:00,16239.009276300925,16466.302326717778,13493.250011656732
forecast_0177,2025-01-08 09:00:00,16456.96048272935,17253.858269772034,14470.429964325427
forecast_0178,2025-01-08 10:00:00,16282.542680152583,16991.300532934685,13142.668365238947
forecast_0179,2025-01-08 11:00:00,17089.04810344323,17768.673520780958,14833.307761819467
forecast_0180,2025-01-08 12:00:00,17325.555068227834,18228.49438162946,15584.091113065033
forecast_0181,2025-01-08 13:00:00,17223.299072048,17986.322872715136,15208.992094336847
forecast_0182,2025-01-08 14:00:00,16851.938408538146,17544.79885166914,15389.33606588672
forecast_0183,2025-01-08 15:00:00,16548.38814580479,17592.929019552656,15219.468431642224
forecast_0184,2025-01-08 16:00:00,16092.219657125022,17229.720509183586,14152.66671933667
forecast_0185,2025-01-08 17:00:00,15902.134560018063,17387.39289132401,14510.16964411468
forecast_0186,2025-01-08 18:00:00,15836.865628870502,17712.005945389537,15374.818860518099
forecast_0187,2025-01-08 19:00:00,15969.899941435191,17986.86162639501,15782.933375092047
forecast_0188,2025-01-08 20:00:00,16193.620329588943,17983.865857258887,16427.953814613487
forecast_0189,2025-01-08 21:00:00,16299.494966099077,17756.21055510085,16588.877816219396
forecast_0190,2025-01-08 22:00:00,16744.682340282197,18137.75584871509,16892.05595620729
forecast_0191,2025-01-08 23:00:00,17220.296689374365,18207.305596116836,16898.491792681765
forecast_0192,2025-01-09 00:00:00,17025.189650816752,18025.55755996553,16807.12518242922
forecast_0193,2025-01-09 01:00:00,16851.930757087008,18183.586998017454,16101.857040307263
forecast_0194,2025-01-09 02:00:00,16613.32839917403,18030.213660780762,15957.197513607987
forecast_0195,2025-01-09 03:00:00,16689.715930627408,18030.6755348208,15665.335291177425
forecast_0196,2025-01-09 04:00:00,16485.38456143356,18129.728453761796,15496.315192061315
forecast_0197,2025-01-09 05:00:00,16263.522004396944,18365.89614595732,15051.61743040919
forecast_0198,2025-01-09 06:00:00,16635.185992615196,18206.57118731924,14851.948778833967
forecast_0199,2025-01-09 07:00:00,16537.074960247344,17932.948260319696,14507.965592244878
forecast_0200,2025-01-09 08:00:00,16467.652301779708,17940.539999570145,14306.097860236456
forecast_0201,2025-01-09 09:00:00,16196.33633137538,17937.747962805668,14385.161417285419
forecast_0202,2025-01-09 10:00:00,16043.209974874257,17731.0224130605,13999.932878279522
forecast_0203,2025-01-09 11:00:00,15856.514143706863,17373.087748887476,13695.208725808188
forecast_0204,2025-01-09 12:00:00,16066.996261175458,17323.440819638286,13662.954637394823
forecast_0205,2025-01-09 13:00:00,15964.31302545517,17095.64706682389,13583.319684643295
forecast_0206,2025-01-09 14:00:00,15944.20018995942,16330.442830748578,13723.037975589157
forecast_0207,2025-01-09 15:00:00,16088.407967053106,16411.54802296202,14068.630901891263
forecast_0208,2025-01-09 16:00:00,16242.453910508926,17182.04975352687,14549.201633248727
forecast_0209,2025-01-09 17:00:00,15924.545546758056,16334.961473605388,13999.40936427761
forecast_0210,2025-01-09 18:00:00,15863.33358674579,17132.268803374223,14661.984946610455
forecast_0211,2025-01-09 19:00:00,16321.366817408396,17736.98054371502,14641.618049876113
forecast_0212,2025-01-09 20:00:00,17119.551047503577,18628.84954527829,15089.417028950706
forecast_0213,2025-01-09 21:00:00,18574.066620000263,19117.7883357533,15793.717123040804
forecast_0214,2025-01-09 22:00:00,19817.035990980286,19403.517838529933,15790.893412514306
forecast_0215,2025-01-09 23:00:00,20274.9528920635,19488.32388693699,16192.815441792998
forecast_0216,2025-01-10 00:00:00,20240.85176677149,19416.976994350753,16830.800261883698
forecast_0217,2025-01-10 01:00:00,19349.778838582934,19282.01791968783,14679.21517906854
forecast_0218,2025-01-10 02:00:00,19314.17332463641,19191.04075221064,15100.634753681397
forecast_0219,2025-01-10 03:00:00,19337.628278712247,19213.244892931994,15369.352958306114
forecast_0220,2025-01-10 04:00:00,19521.59838511429,19045.70395363155,14958.850583819769
forecast_0221,2025-01-10 05:00:00,19070.286364450527,18968.226465835425,15205.231365758722
forecast_0222,2025-01-10 06:00:00,17785.471666137193,18074.52056955005,14329.823648727475
forecast_0223,2025-01-10 07:00:00,15782.324244894331,14930.237087764399,13102.51492318822
forecast_0224,2025-01-10 08:00:00,13962.16315284775,11809.712473179297,11400.294407985806
forecast_0225,2025-01-10 09:00:00,11808.218844192732,9839.78493930634,8882.448047483023
forecast_0226,2025-01-10 10:00:00,8522.639996868802,6339.631818975136,6384.591171341504
forecast_0227,2025-01-10 11:00:00,5952.5467877105875,4174.848217189327,4810.945464635621
forecast_0228,2025-01-10 12:00:00,4505.4146849573535,2825.160842013401,3671.377738488981
forecast_0229,2025-01-10 13:00:00,3602.4112086066,2891.55715888817,3473.4727439092685
forecast_0230,2025-01-10 14:00:00,3583.5933334074307,2938.28658797595,4366.248552189961
forecast_0231,2025-01-10 15:00:00,4710.0978099639415,3070.8094708708827,4687.477469453197
forecast_0232,2025-01-10 16:00:00,5975.75667466881,3647.3467466139055,5015.632075281413
forecast_0233,2025-01-10 17:00:00,6721.170868534373,4606.251777614047,5590.183174575714
forecast_0234,2025-01-10 18:00:00,7611.650721639033,5993.276840168737,6630.851729732372
forecast_0235,2025-01-10 19:00:00,8679.316152531886,7855.097789725865,7929.779777128208
forecast_0236,2025-01-10 20:00:00,10071.82514215814,9351.301507835924,8491.130795955574
forecast_0237,2025-01-10 21:00:00,10162.931548716748,9815.484394137928,8588.136191265152
forecast_0238,2025-01-10 22:00:00,10461.210044892887,9125.502394166808,8104.105565879143
forecast_0239,2025-01-10 23:00:00,10501.584561047028,8620.868058680226,8450.418694194592
forecast_0240,2025-01-11 00:00:00,11111.615760797209,8924.888693634766,9005.793196617415
forecast_0241,2025-01-11 01:00:00,12244.312419776768,9833.562609322162,9213.420619505716
forecast_0242,2025-01-11 02:00:00,12069.121706134923,10121.533263997882,9257.47481448108
forecast_0243,2025-01-11 03:00:00,11651.97613132504,10137.013990201656,9204.147572545147
forecast_0244,2025-01-11 04:00:00,11728.723900120725,9982.4358922602,8953.480948621494
forecast_0245,2025-01-11 05:00:00,11402.314470375044,9446.800960729805,8806.303376759552
forecast_0246,2025-01-11 06:00:00,9479.94628966496,8503.356516102502,8204.647359129094
forecast_0247,2025-01-11 07:00:00,8215.426708388035,6742.637634790506,7288.517541777879
forecast_0248,2025-01-11 08:00:00,7194.016719699835,5652.037197670752,6718.845113464555
forecast_0249,2025-01-11 09:00:00,5758.928151731508,4731.278689488625,5456.361737049437
forecast_0250,2025-01-11 10:00:00,3805.7926647020963,3222.095468597151,3708.4142795445473
forecast_0251,2025-01-11 11:00:00,2801.0158759330725,2625.839627844055,3105.8156880067236
forecast_0252,2025-01-11 12:00:00,2549.051212169492,2184.2518888956606,2679.6765668323337
forecast_0253,2025-01-11 13:00:00,2265.834403491503,2134.698327440102,2731.813626675088
forecast_0254,2025-01-11 14:00:00,2152.7138960675984,2401.874528075431,2918.0519247658676
forecast_0255,2025-01-11 15:00:00,2581.0744799300064,2419.2732653956314,3039.9138571450303
forecast_0256,2025-01-11 16:00:00,3479.5238040413815,2690.2730396653405,3315.3320999323687
forecast_0257,2025-01-11 17:00:00,4345.190515946622,3663.7506629934637,4422.432501848802
forecast_0258,2025-01-11 18:00:00,6198.271472722886,5106.072872549449,6671.609833226904
forecast_0259,2025-01-11 19:00:00,7952.04804311631,6869.629920986885,8335.108970202196
forecast_0260,2025-01-11 20:00:00,9239.421386495267,7865.38756610472,8896.814407879145
forecast_0261,2025-01-11 21:00:00,10101.347557138477,8578.800680118653,9014.83380919876
forecast_0262,2025-01-11 22:00:00,11023.631567564385,9992.942925464307,9168.13055926477
forecast_0263,2025-01-11 23:00:00,12200.07144625516,10452.111895530801,9364.849481968778
forecast_0264,2025-01-12 00:00:00,12295.083205149713,10615.090626136302,9734.305874825313
forecast_0265,2025-01-12 01:00:00,10663.030406140371,11250.654628330572,9116.588078590463
forecast_0266,2025-01-12 02:00:00,10774.4865704897,10940.227305153992,9133.57228347387
forecast_0267,2025-01-12 03:00:00,12141.958911915806,12025.479871463283,9811.995577602029
forecast_0268,2025-01-12 04:00:00,13440.841165549591,13957.788090387066,11241.933152185109
forecast_0269,2025-01-12 05:00:00,15427.63083068194,14757.054431266874,12435.805948182442
forecast_0270,2025-01-12 06:00:00,16402.527106456815,16087.920464489793,12763.659691416417
forecast_0271,2025-01-12 07:00:00,16507.411318584567,16515.29141613342,13442.261452870507
forecast_0272,2025-01-12 08:00:00,17278.956123715954,16860.372870775893,13832.815885979277
forecast_0273,2025-01-12 09:00:00,16888.01940095151,17285.1218007801,13441.30996577247
forecast_0274,2025-01-12 10:00:00,15015.519783072425,15287.623192923293,11758.210842948649
forecast_0275,2025-01-12 11:00:00,13075.565150654142,12552.505242617515,10044.327021665113
forecast_0276,2025-01-12 12:00:00,11354.774310423514,11081.446457732713,9435.064697215268
forecast_0277,2025-01-12 13:00:00,11161.892440634714,10680.480422169883,8981.368145278035
forecast_0278,2025-01-12 14:00:00,11071.571856531333,11230.591924366396,8820.91518566609
forecast_0279,2025-01-12 15:00:00,11125.741673862924,11795.989485923932,8439.676329324335
forecast_0280,2025-01-12 16:00:00,11393.462836558187,11306.705974752129,8935.313340105458
forecast_0281,2025-01-12 17:00:00,11941.463311593378,11493.770867718495,9815.122540639873
forecast_0282,2025-01-12 18:00:00,12557.46916999793,13558.934368639431,12119.551673471144
forecast_0283,2025-01-12 19:00:00,13423.756017990057,14084.415260146656,12780.180053553668
forecast_0284,2025-01-12 20:00:00,13838.558725818699,14601.837558121068,13132.254044383442
forecast_0285,2025-01-12 21:00:00,14055.258523671382,15552.652999473654,13610.977289936
forecast_0286,2025-01-12 22:00:00,14699.506794205647,16140.327008556633,14059.051929326963
forecast_0287,2025-01-12 23:00:00,15412.951948731623,16638.49029366042,14773.914478214992
forecast_0288,2025-01-13 00:00:00,16082.439288447184,16312.33748993254,15421.504485998907
forecast_0289,2025-01-13 01:00:00,18247.33176310267,18230.128760071297,16469.93932906872
forecast_0290,2025-01-13 02:00:00,19312.917618188505,19455.607195100463,16935.371695843285
forecast_0291,2025-01-13 03:00:00,19929.31813425489,20116.895758649887,17826.29336330643
forecast_0292,2025-01-13 04:00:00,19989.504944419816,20369.15449513743,18085.414359505365
forecast_0293,2025-01-13 05:00:00,19895.425393935777,20544.28194701307,18572.81938927721
forecast_0294,2025-01-13 06:00:00,20083.562966312496,20660.01794508007,18661.360897512433
forecast_0295,2025-01-13 07:00:00,19910.028857469948,20533.625839852466,18508.81152776469
forecast_0296,2025-01-13 08:00:00,19722.681342021562,20395.8574989951,17922.1908238998
forecast_0297,2025-01-13 09:00:00,19683.670439272035,20406.574425624174,18314.064245953756
forecast_0298,2025-01-13 10:00:00,18210.10604968018,19601.19284572005,17625.14463145935
forecast_0299,2025-01-13 11:00:00,17929.80004855649,19531.129506998244,17722.09575506809
forecast_0300,2025-01-13 12:00:00,16261.15517518641,18466.92020658443,16927.244933633727
forecast_0301,2025-01-13 13:00:00,15218.754165293989,16288.984390122172,14795.150484538031
forecast_0302,2025-01-13 14:00:00,14521.19872221473,14129.713552437972,12116.26658602506
forecast_0303,2025-01-13 15:00:00,14686.954368297302,13656.863667474046,12744.899059594463
forecast_0304,2025-01-13 16:00:00,14482.029884709265,14351.740410388384,13014.721276516557
forecast_0305,2025-01-13 17:00:00,14348.542112355708,13891.475170195929,12793.330220608183
forecast_0306,2025-01-13 18:00:00,14266.84787453641,13810.941353906757,13719.56432256725
forecast_0307,2025-01-13 19:00:00,14828.41440509491,14863.475461293185,14423.227504252174
forecast_0308,2025-01-13 20:00:00,15052.126973349046,15734.296811568596,14022.736138125469
forecast_0309,2025-01-13 21:00:00,15647.202277299519,16721.500943465246,15317.030802367419
forecast_0310,2025-01-13 22:00:00,16956.270884445406,17316.545130842285,16858.365089123305
forecast_0311,2025-01-13 23:00:00,17439.882556768498,18285.106960247387,16881.320555593204
forecast_0312,2025-01-14 00:00:00,17588.839483259326,18594.41567365455,17440.78866025819
forecast_0313,2025-01-14 01:00:00,18093.319901745243,18739.827710980713,17897.10045334447
forecast_0314,2025-01-14 02:00:00,18112.01964422939,18978.587703143487,18134.55162452148
forecast_0315,2025-01-14 03:00:00,18156.32752278027,18963.02374202976,18295.106694404956
forecast_0316,2025-01-14 04:00:00,18199.828608376352,18817.867919571036,18047.059304500573
forecast_0317,2025-01-14 05:00:00,18289.90921149369,19003.846915467824,17934.63700351742
forecast_0318,2025-01-14 06:00:00,18370.492059508484,18960.762883953867,17874.019127716132
forecast_0319,2025-01-14 07:00:00,18504.85936492886,19043.74750535385,17972.504681107213
forecast_0320,2025-01-14 08:00:00,18542.872147992253,18463.890331695864,17808.3539422744
forecast_0321,2025-01-14 09:00:00,17947.15288226051,17929.12605364814,17632.374824217997
forecast_0322,2025-01-14 10:00:00,17309.63465311002,17340.70961000697,17448.747182985066
forecast_0323,2025-01-14 11:00:00,16522.060283741936,16653.841099819103,17017.602791659112
forecast_0324,2025-01-14 12:00:00,16086.925392505018,15866.349200658058,14006.253305268601
forecast_0325,2025-01-14 13:00:00,15354.49158269447,15186.921262503429,12674.503220406603
forecast_0326,2025-01-14 14:00:00,14480.696329150114,14124.607883787228,12407.238389224143
forecast_0327,2025-01-14 15:00:00,13874.99231505218,13436.31553437106,12119.724078306734
forecast_0328,2025-01-14 16:00:00,13348.808366758167,12437.380822764671,10918.06302795477
forecast_0329,2025-01-14 17:00:00,12574.0911175116,11976.251010241198,10400.014283769662
forecast_0330,2025-01-14 18:00:00,12288.482989243894,12627.884361602542,10846.844545046677
forecast_0331,2025-01-14 19:00:00,11803.962976690005,12639.980453600952,11141.150950134695
forecast_0332,2025-01-14 20:00:00,12277.776805335863,12228.720815478566,10542.91789413715
forecast_0333,2025-01-14 21:00:00,13235.950441800695,12353.811466850064,11145.460596456578
forecast_0334,2025-01-14 22:00:00,13876.164909472267,13094.342221493693,12860.764115918026
forecast_0335,2025-01-14 23:00:00,14797.349370826703,13522.474398262819,11414.814472068469
forecast_0336,2025-01-15 00:00:00,14592.553147769522,13243.909166029865,10967.701405077696
forecast_0337,2025-01-15 01:00:00,14760.856443430053,13675.168276661783,10525.849283516167
forecast_0338,2025-01-15 02:00:00,14188.93157537716,13090.756075506462,9858.095069227398
forecast_0339,2025-01-15 03:00:00,13355.281808696483,12801.028615058854,10008.388240875196
forecast_0340,2025-01-15 04:00:00,13117.735697159216,12763.361680050264,8958.52334583149
forecast_0341,2025-01-15 05:00:00,13307.10329203397,13256.031385350349,8999.502222166731
forecast_0342,2025-01-15 06:00:00,13652.116286627057,13269.562417014717,9636.646927237618
forecast_0343,2025-01-15 07:00:00,14124.815919794362,13876.085363169754,11371.720541685278
forecast_0344,2025-01-15 08:00:00,14410.869512176836,15015.042587236265,11293.49719965428
forecast_0345,2025-01-15 09:00:00,14048.60760337465,15426.433837189781,13236.192510033772
forecast_0346,2025-01-15 10:00:00,13898.406736102883,15355.56018718198,13054.945213417848
forecast_0347,2025-01-15 11:00:00,13730.203068540251,15062.618976670472,12063.410804976236
forecast_0348,2025-01-15 12:00:00,13102.772360641906,13052.91166941106,11907.478839809166
forecast_0349,2025-01-15 13:00:00,12362.436386550338,12035.871360364848,11749.706057475263
forecast_0350,2025-01-15 14:00:00,11958.12466116316,11748.70603990154,11183.125252405916
forecast_0351,2025-01-15 15:00:00,11980.141573494995,11249.063433599345,10891.393673456776
forecast_0352,2025-01-15 16:00:00,12270.846143443101,11355.094783959252,11269.626804157635
forecast_0353,2025-01-15 17:00:00,12774.188871807544,11829.827818879132,12506.882664385126
forecast_0354,2025-01-15 18:00:00,13903.69342019261,13272.136285764602,14297.885764826948
forecast_0355,2025-01-15 19:00:00,15261.4610823807,15168.84547750654,15411.40625233352
forecast_0356,2025-01-15 20:00:00,16384.582475255324,17219.493889912672,15949.545933523357
forecast_0357,2025-01-15 21:00:00,17715.775318829743,18981.913678002824,16475.396486104895
forecast_0358,2025-01-15 22:00:00,18677.257316536783,19506.745406637416,16743.441891135084
forecast_0359,2025-01-15 23:00:00,18965.600352321067,19719.60729136187,17299.593018736487
forecast_0360,2025-01-16 00:00:00,19223.903431250674,19863.20634173615,17402.729055076208
forecast_0361,2025-01-16 01:00:00,19389.441836324917,20035.104703937897,17214.86609343689
forecast_0362,2025-01-16 02:00:00,19310.195442404038,20132.097395522556,17448.951220082596
forecast_0363,2025-01-16 03:00:00,19066.87908676013,20408.739233457498,17642.001212374736
forecast_0364,2025-01-16 04:00:00,19951.374132811263,20540.175828194948,18379.886251224983
forecast_0365,2025-01-16 05:00:00,20212.016646350403,20654.701058469935,18724.05193650636
forecast_0366,2025-01-16 06:00:00,20135.273066028494,20541.202634131434,19218.225636601634
forecast_0367,2025-01-16 07:00:00,20292.19100434324,20421.191789619625,19331.37741152795
forecast_0368,2025-01-16 08:00:00,20304.03380638387,20506.686873284663,19312.078325066614
forecast_0369,2025-01-16 09:00:00,20314.136051448935,20569.544932707337,19324.173260503914
forecast_0370,2025-01-16 10:00:00,19776.339748543658,20493.926469168975,19320.277475079623
forecast_0371,2025-01-16 11:00:00,19207.779225144637,20306.999454066572,19312.82081380695
forecast_0372,2025-01-16 12:00:00,18692.10524766709,20159.19000227056,19017.481523822473
forecast_0373,2025-01-16 13:00:00,18331.580027903794,19728.909997632487,18388.42435934444
forecast_0374,2025-01-16 14:00:00,17877.959025465105,19075.61113359747,17243.07372117667
forecast_0375,2025-01-16 15:00:00,17822.10996682349,18962.468957351783,17619.763369095832
forecast_0376,2025-01-16 16:00:00,17584.49646179568,19059.057198354232,16740.700017426607
forecast_0377,2025-01-16 17:00:00,17425.80975353732,18892.09759481102,17487.391913847903
forecast_0378,2025-01-16 18:00:00,17662.803812988783,18468.51754447278,16726.581695692
forecast_0379,2025-01-16 19:00:00,16926.519957612698,17019.12244252015,15534.762378512887
forecast_0380,2025-01-16 20:00:00,15345.86674761663,15122.394133479636,11845.721387728063
forecast_0381,2025-01-16 21:00:00,12893.61813759711,11457.04044838711,10167.220928415929
forecast_0382,2025-01-16 22:00:00,11417.3340909293,10217.35122066338,8814.588189331622
forecast_0383,2025-01-16 23:00:00,10333.554011891316,8828.812167843622,7720.367618961584
forecast_0384,2025-01-17 00:00:00,7790.763538791645,6729.740063938063,5633.28149106234
forecast_0385,2025-01-17 01:00:00,4285.568230179839,3883.262837759653,3113.552967125219
forecast_0386,2025-01-17 02:00:00,2696.994206857261,1878.4918330964545,2570.2034409683074
forecast_0387,2025-01-17 03:00:00,2067.6306881034307,1804.2517172266387,2153.5231279926957
forecast_0388,2025-01-17 04:00:00,1647.32435686927,1306.3422294709096,2048.8458422178705
forecast_0389,2025-01-17 05:00:00,1596.920944623558,1223.2476849634586,2002.00492842336
forecast_0390,2025-01-17 06:00:00,1542.7267725763334,1159.6473740352433,1983.7625523285546
forecast_0391,2025-01-17 07:00:00,1582.5342211262534,1260.8015503081972,1964.1426131618982
forecast_0392,2025-01-17 08:00:00,1572.3513284239277,1377.7583588966777,1986.2761272381506
forecast_0393,2025-01-17 09:00:00,1618.881075844401,1332.6438684197542,1947.5867162243635
forecast_0394,2025-01-17 10:00:00,1335.564609731043,1103.0919178252675,1912.235705230049
forecast_0395,2025-01-17 11:00:00,1203.6946504446278,978.6896345893537,1948.0741050482682
forecast_0396,2025-01-17 12:00:00,1169.1066343767611,1129.4439471322257,1978.4979463199952
forecast_0397,2025-01-17 13:00:00,1321.706471103854,1207.179826397581,2080.4211554202543
forecast_0398,2025-01-17 14:00:00,1772.9136278290978,1701.5761388735345,2275.432046511057
forecast_0399,2025-01-17 15:00:00,2397.6203894552386,2223.964275359283,2876.130223913439
forecast_0400,2025-01-17 16:00:00,3693.812675451467,2941.9776268805035,3618.427220854644
forecast_0401,2025-01-17 17:00:00,5455.637873716842,4754.268737412526,4871.865698203158
forecast_0402,2025-01-17 18:00:00,7240.046277197465,6394.528794383003,6896.999045973898
forecast_0403,2025-01-17 19:00:00,9722.62332875306,9571.966101077263,8293.257864160878
forecast_0404,2025-01-17 20:00:00,12167.726423537675,10977.759120017443,9274.644891139038
forecast_0405,2025-01-17 21:00:00,13599.926148303528,12176.721754959426,10782.322538222377
forecast_0406,2025-01-17 22:00:00,14729.760566150373,12801.376598857058,11157.950595248367
forecast_0407,2025-01-17 23:00:00,15684.672620100488,13492.434197179264,11507.067608122326
forecast_0408,2025-01-18 00:00:00,16518.502483192657,15008.641179918508,11625.343228619688
forecast_0409,2025-01-18 01:00:00,15043.378162312998,14254.123547268582,10854.110790219562
forecast_0410,2025-01-18 02:00:00,15479.246317198194,14468.719438612687,11284.98679482926
forecast_0411,2025-01-18 03:00:00,16347.344690136051,15040.745469949392,12371.76085918196
forecast_0412,2025-01-18 04:00:00,17379.293435633313,15383.078846395163,12194.561975485136
forecast_0413,2025-01-18 05:00:00,17630.063891451435,15037.688611996598,11921.685077209368
forecast_0414,2025-01-18 06:00:00,16427.162733210815,14353.107474580014,10617.643740754322
forecast_0415,2025-01-18 07:00:00,14760.553972260655,12241.461903572907,8787.945551370765
forecast_0416,2025-01-18 08:00:00,12502.756152856338,9981.440996899255,7066.619096220852
forecast_0417,2025-01-18 09:00:00,9764.277227813118,7257.735828105703,5370.06982309394
forecast_0418,2025-01-18 10:00:00,7171.944824478754,5020.724226128459,3754.986326510129
forecast_0419,2025-01-18 11:00:00,4788.077531338028,3705.6113809698804,3320.5730359345825
forecast_0420,2025-01-18 12:00:00,3788.7581076341357,3339.2155794225614,3648.8516910175094
forecast_0421,2025-01-18 13:00:00,3636.3908752218854,3505.4643233210113,3588.0901658810717
forecast_0422,2025-01-18 14:00:00,3761.560005903293,3691.9860091866085,3530.0572360024357
forecast_0423,2025-01-18 15:00:00,4516.809191557939,4060.2767518874907,3879.175155830183
forecast_0424,2025-01-18 16:00:00,5213.073598516316,5135.035004552978,4874.549115785096
forecast_0425,2025-01-18 17:00:00,8926.690683483857,7216.675921254716,7208.951760138838
forecast_0426,2025-01-18 18:00:00,13247.004177421994,11754.067143645345,9440.632470603532
forecast_0427,2025-01-18 19:00:00,16049.212265401651,14308.472089234381,11538.7135001884
forecast_0428,2025-01-18 20:00:00,18293.62645795007,17085.235488896575,12478.18984156631
forecast_0429,2025-01-18 21:00:00,19120.405098719704,18653.52663658558,14772.433684891714
forecast_0430,2025-01-18 22:00:00,19238.727252184188,18933.26869754791,14780.956467599583
forecast_0431,2025-01-18 23:00:00,18759.198854442788,19179.43403714238,14443.002936629806
forecast_0432,2025-01-19 00:00:00,18744.771299066066,18978.952435857773,13839.165246806448
forecast_0433,2025-01-19 01:00:00,18349.753894731624,18295.173244866193,13908.88392662548
forecast_0434,2025-01-19 02:00:00,18751.352965645143,18637.268918335896,13710.046147835119
forecast_0435,2025-01-19 03:00:00,18898.771786929774,19232.825087140427,14024.758540442423
forecast_0436,2025-01-19 04:00:00,19412.11139563495,19573.54639332208,15230.643555231163
forecast_0437,2025-01-19 05:00:00,19711.818151704247,19711.41204314585,15627.129140742276
forecast_0438,2025-01-19 06:00:00,19895.843083834614,19688.05342581138,16234.06694414131
forecast_0439,2025-01-19 07:00:00,19770.166105999517,19534.020216591653,15851.274486957376
forecast_0440,2025-01-19 08:00:00,19648.039271834627,19353.500145534126,14527.2330400194
forecast_0441,2025-01-19 09:00:00,18546.827073231947,18661.55789013776,13261.438708935657
forecast_0442,2025-01-19 10:00:00,15983.16374558857,17885.386702722648,12578.104346074035
forecast_0443,2025-01-19 11:00:00,13148.090554266,16799.545595717238,10261.745860877869
forecast_0444,2025-01-19 12:00:00,10942.948728792784,14377.163439517486,9180.952039320517
forecast_0445,2025-01-19 13:00:00,10189.617451175847,11575.275648632294,7689.406638921964
forecast_0446,2025-01-19 14:00:00,9621.551021678628,10038.75523589941,6850.904826781137
forecast_0447,2025-01-19 15:00:00,8394.620439814145,8849.17410975873,6431.127200570883
forecast_0448,2025-01-19 16:00:00,7872.607366658462,8641.029620334783,6082.980062586985
forecast_0449,2025-01-19 17:00:00,8484.608679142304,10199.074158859034,6740.115532738014
forecast_0450,2025-01-19 18:00:00,10297.922093781568,11242.469096525865,8118.527916841769
forecast_0451,2025-01-19 19:00:00,12105.51048856884,12615.36836383246,8909.370142290165
forecast_0452,2025-01-19 20:00:00,12502.188521510414,14233.036534002307,9249.457466089938
forecast_0453,2025-01-19 21:00:00,12909.109348615599,14895.322329548413,9131.953981641273
forecast_0454,2025-01-19 22:00:00,13293.857382601052,14572.334720578414,9531.399993309613
forecast_0455,2025-01-19 23:00:00,13619.68706071541,13684.782199324643,9414.653035572434
forecast_0456,2025-01-20 00:00:00,13755.212099028962,12801.152904937373,9134.048404023553
forecast_0457,2025-01-20 01:00:00,11656.377352464086,10034.559488808525,8106.338020272209
forecast_0458,2025-01-20 02:00:00,9457.57151274336,7734.274335749433,7542.137669576559
forecast_0459,2025-01-20 03:00:00,8294.346866577966,6859.432038891057,6961.884599648955
forecast_0460,2025-01-20 04:00:00,7310.106068046657,5618.55757564737,5891.40092675949
forecast_0461,2025-01-20 05:00:00,5820.786625659117,4134.864040771008,4851.56150299243
forecast_0462,2025-01-20 06:00:00,4320.420770379285,3527.137086075311,3450.1322254558227
forecast_0463,2025-01-20 07:00:00,2913.081472146693,2208.16473605567,2704.6341297701615
forecast_0464,2025-01-20 08:00:00,1858.9141935135963,1496.7053565964097,2236.395052884295
forecast_0465,2025-01-20 09:00:00,1331.162517251439,1190.2573841335175,1924.383846433394
forecast_0466,2025-01-20 10:00:00,1153.9598952426927,1267.4517338489018,1757.826255691096
forecast_0467,2025-01-20 11:00:00,1037.2379570175096,1191.6593171259867,1673.4008406520336
forecast_0468,2025-01-20 12:00:00,960.5764554686867,1125.2520146798238,1637.4579695582836
forecast_0469,2025-01-20 13:00:00,923.3413164811303,1108.2160591442635,1625.7111433864086
forecast_0470,2025-01-20 14:00:00,907.3053667740991,1037.1345311654231,1626.520103347346
forecast_0471,2025-01-20 15:00:00,1002.6593706803491,1034.6589978467516,1656.980064284846
forecast_0472,2025-01-20 16:00:00,1058.1593506041352,977.535147789225,1780.1715926051586
forecast_0473,2025-01-20 17:00:00,1082.3408480008638,987.1831872229671,1830.0400008082836
forecast_0474,2025-01-20 18:00:00,1114.4629888691463,1008.3197307452202,1837.471763503596
forecast_0475,2025-01-20 19:00:00,1154.8691104068753,1120.7029789089,1839.004664192474
forecast_0476,2025-01-20 20:00:00,1206.7763440204058,1022.4312368042303,1854.5877978832768
forecast_0477,2025-01-20 21:00:00,1255.0234833574991,1160.3878066146708,1930.8738589609698
forecast_0478,2025-01-20 22:00:00,1337.395519173139,1159.5933255897303,1972.071303278086
forecast_0479,2025-01-20 23:00:00,1392.3779039490598,1284.974665721721,2057.323688863288
forecast_0480,2025-01-21 00:00:00,1610.5233285333109,1558.842587084046,2221.203163486786
forecast_0481,2025-01-21 01:00:00,2276.574867307847,1817.123576375931,2596.003243981126
forecast_0482,2025-01-21 02:00:00,3142.453381809097,2109.2471118658423,2914.4854695507024
forecast_0483,2025-01-21 03:00:00,3929.9181205786886,2910.5485537424656,3638.9376112562823
forecast_0484,2025-01-21 04:00:00,4489.981993905994,3182.8788811428385,3888.3875469301674
forecast_0485,2025-01-21 05:00:00,5141.288025147341,3223.5877629484694,3845.201720768733
forecast_0486,2025-01-21 06:00:00,4843.287404300643,3148.1262488692837,3643.1545790670725
forecast_0487,2025-01-21 07:00:00,4558.828911968565,3000.8793278843013,3365.9296946523214
forecast_0488,2025-01-21 08:00:00,3790.65734854427,2451.061404047082,2985.06392477027
forecast_0489,2025-01-21 09:00:00,2897.135585142336,2144.5267669061113,2589.981638981513
forecast_0490,2025-01-21 10:00:00,1712.2251677248632,1513.1327384817873,2186.894700554077
forecast_0491,2025-01-21 11:00:00,1858.6047351752295,1395.5019965556146,2209.659276662273
forecast_0492,2025-01-21 12:00:00,2079.572283892905,2020.2795157667595,2378.7951328636927
forecast_0493,2025-01-21 13:00:00,2425.1839065271406,2335.330990093041,2783.7151163247872
forecast_0494,2025-01-21 14:00:00,3041.9923456158585,2992.3525656321,3306.837188923245
forecast_0495,2025-01-21 15:00:00,4173.89726342579,3584.7610473458176,4005.279224325268
forecast_0496,2025-01-21 16:00:00,4856.665141140684,4068.0356122359717,4568.802885618799
forecast_0497,2025-01-21 17:00:00,6196.61975095581,5784.87820910405,6149.2888154895145
forecast_0498,2025-01-21 18:00:00,7459.599687117382,7444.93273560878,7920.051878385817
forecast_0499,2025-01-21 19:00:00,8959.283374512073,9526.50917002057,9687.281596135112
forecast_0500,2025-01-21 20:00:00,10252.395092512594,11744.602751243443,9917.383326080715
forecast_0501,2025-01-21 21:00:00,11210.407323199424,12595.458199929479,10973.274415715652
forecast_0502,2025-01-21 22:00:00,11160.491510784406,13300.10262134474,11261.075253194382
forecast_0503,2025-01-21 23:00:00,11896.778957585546,13627.027598489269,10767.171974654862
forecast_0504,2025-01-22 00:00:00,11158.247138386272,13670.93562591806,9947.631566713077
forecast_0505,2025-01-22 01:00:00,12039.898255930317,15057.599761351637,9865.534560291064
forecast_0506,2025-01-22 02:00:00,12041.000410199591,14154.284260791648,10393.419702334097
forecast_0507,2025-01-22 03:00:00,12339.449717042718,13083.922477995213,10130.169113686654
forecast_0508,2025-01-22 04:00:00,12608.464955281512,12783.731793402045,10956.166468896843
forecast_0509,2025-01-22 05:00:00,12886.361398243862,13511.442054629037,11181.927541245961
forecast_0510,2025-01-22 06:00:00,13392.194963674145,14214.138237973713,11451.350319989626
forecast_0511,2025-01-22 07:00:00,15024.533098584689,15929.301091278121,13616.753054704146
forecast_0512,2025-01-22 08:00:00,15132.689968883,16329.361405341095,13474.878034945295
forecast_0513,2025-01-22 09:00:00,14640.184132825698,15377.46013648894,12837.962974421853
forecast_0514,2025-01-22 10:00:00,12962.704889932515,12672.786115882882,12125.445281235263
forecast_0515,2025-01-22 11:00:00,11286.876900978445,10642.114923772402,9804.102376773324
forecast_0516,2025-01-22 12:00:00,9172.182197494441,8897.469540927521,7399.21374743203
forecast_0517,2025-01-22 13:00:00,7703.56887578995,7445.037414926902,6360.058142185104
forecast_0518,2025-01-22 14:00:00,6539.480658436237,5446.47108044164,5604.505962373125
forecast_0519,2025-01-22 15:00:00,5365.291744820127,4439.0874323830085,4813.247461329201
forecast_0520,2025-01-22 16:00:00,5372.797413767819,4367.43229291753,4700.08025779586
forecast_0521,2025-01-22 17:00:00,6211.4602552184415,4841.603856633722,5158.205423763666
forecast_0522,2025-01-22 18:00:00,7118.811071471187,6597.165903625585,6143.944529838998
forecast_0523,2025-01-22 19:00:00,8575.54700772903,8024.899210225393,6892.001781444313
forecast_0524,2025-01-22 20:00:00,9517.221126951583,9093.701044016692,6633.955881195241
forecast_0525,2025-01-22 21:00:00,9999.08344688126,9926.812926775281,6780.7054125075665
forecast_0526,2025-01-22 22:00:00,10832.130490259307,10642.822376751858,7360.80968177339
forecast_0527,2025-01-22 23:00:00,10926.634285326401,11099.266086814248,7616.4058303327
forecast_0528,2025-01-23 00:00:00,11128.415825959424,12038.823830332847,8004.477503699544
forecast_0529,2025-01-23 01:00:00,11357.979295687497,11661.872641763168,9257.768356671024
forecast_0530,2025-01-23 02:00:00,11868.389479818485,12349.069773758663,9384.011393029676
forecast_0531,2025-01-23 03:00:00,12532.671912415466,13379.234562276059,9588.472058047995
forecast_0532,2025-01-23 04:00:00,12213.203154296794,13992.029172297316,9487.975509998792
forecast_0533,2025-01-23 05:00:00,11042.55352621049,13183.27174563792,8818.397233079944
forecast_0534,2025-01-23 06:00:00,10114.83097892551,12585.485151577936,8068.904839487879
forecast_0535,2025-01-23 07:00:00,9172.887278171596,11915.799094079714,7854.427968596949
forecast_0536,2025-01-23 08:00:00,8659.928980264383,11109.848478403248,6880.129188430333
forecast_0537,2025-01-23 09:00:00,7436.728208286297,8626.427768453157,5716.696538010872
forecast_0538,2025-01-23 10:00:00,5119.009407818093,6370.159560110751,3700.886795461172
forecast_0539,2025-01-23 11:00:00,4112.229411578497,4234.673187944465,3174.821642255888
forecast_0540,2025-01-23 12:00:00,3714.0996109976804,3266.5669570479927,3102.7466327510865
forecast_0541,2025-01-23 13:00:00,3016.281735890816,2763.3299763686455,2810.1808639741093
forecast_0542,2025-01-23 14:00:00,2526.8944062042656,2293.3015015228516,2686.5905827658908
forecast_0543,2025-01-23 15:00:00,2060.607267653348,1950.9112202364952,2304.356634853335
forecast_0544,2025-01-23 16:00:00,1903.0669450422333,1550.7355445223013,2132.877639871587
forecast_0545,2025-01-23 17:00:00,1939.7053207855138,1740.7319148209226,2057.9271575982943
forecast_0546,2025-01-23 18:00:00,2282.055479498161,1935.8115010639901,2162.258895659365
forecast_0547,2025-01-23 19:00:00,2434.225258715199,2056.3051131146135,2265.936139521681
forecast_0548,2025-01-23 20:00:00,2518.9258984107128,2325.829774364975,2361.0691195296267
forecast_0549,2025-01-23 21:00:00,2560.3788348775706,2317.3264575381277,2439.4090856709554
forecast_0550,2025-01-23 22:00:00,2889.015332826386,2757.806096502001,2549.961318975278
forecast_0551,2025-01-23 23:00:00,3234.704192780316,2991.22777827514,2570.817205297565
forecast_0552,2025-01-24 00:00:00,2867.83451199704,2617.1607270456825,2350.06035785058
forecast_0553,2025-01-24 01:00:00,2406.396648697039,1942.498555369229,2135.1844337165157
forecast_0554,2025-01-24 02:00:00,2180.555629316245,1614.1492388926767,2034.0480914436773
forecast_0555,2025-01-24 03:00:00,2135.465803776863,1362.8009160868196,1999.2140987144899
forecast_0556,2025-01-24 04:00:00,1889.9584568878995,1270.9361972534891,1935.6503595478537
forecast_0557,2025-01-24 05:00:00,1577.5084641480103,1160.4430842991208,1829.6574413709955
forecast_0558,2025-01-24 06:00:00,1260.1261558007209,952.2895819854493,1806.9175616609728
forecast_0559,2025-01-24 07:00:00,1153.3173975179277,882.0042343800128,1762.2119710002996
forecast_0560,2025-01-24 08:00:00,1135.154606593981,868.3328194495697,1746.5144636314014
forecast_0561,2025-01-24 09:00:00,1111.152801864811,869.8486058142071,1683.31686563369
forecast_0562,2025-01-24 10:00:00,965.4452409386569,814.559812676897,1629.0775524688058
forecast_0563,2025-01-24 11:00:00,909.4398746590356,775.9619345414571,1603.501794853362
forecast_0564,2025-01-24 12:00:00,908.93617593292,966.4621866114481,1587.3818241554266
forecast_0565,2025-01-24 13:00:00,910.6392006983297,854.146253956303,1632.064273842094
forecast_0566,2025-01-24 14:00:00,906.1416450758172,928.707206619539,1701.721405551005
forecast_0567,2025-01-24 15:00:00,913.1472873646487,755.2105929820999,1756.2512317791752
forecast_0568,2025-01-24 16:00:00,996.5277887958241,788.5209047761892,1799.978753633906
forecast_0569,2025-01-24 17:00:00,1013.11855038878,766.0290586216762,1847.4383079474014
forecast_0570,2025-01-24 18:00:00,1130.3112152749018,968.6740161998034,1910.5880599819625
forecast_0571,2025-01-24 19:00:00,1358.2935323563347,1713.838674022401,2150.392417588993
forecast_0572,2025-01-24 20:00:00,1722.5196753079144,2203.3157055088964,2402.699501895535
forecast_0573,2025-01-24 21:00:00,1914.0595257402952,2573.344117861111,2738.6834616335655
forecast_0574,2025-01-24 22:00:00,2508.914692635276,2436.6751974028994,2889.8709388077746
forecast_0575,2025-01-24 23:00:00,2810.1661651709132,3156.9519817805303,3263.4754146025725
forecast_0576,2025-01-25 00:00:00,3710.2393621420156,4060.174262608328,4033.194344181039
forecast_0577,2025-01-25 01:00:00,3139.1676214972126,4484.882317311374,4090.458011104337
forecast_0578,2025-01-25 02:00:00,3296.9348759419227,4971.718387069432,4646.285390810721
forecast_0579,2025-01-25 03:00:00,3521.041687942702,5156.040497410974,5454.290100523744
forecast_0580,2025-01-25 04:00:00,4362.1988692504165,4835.392460767406,6126.397118556715
forecast_0581,2025-01-25 05:00:00,4406.383141445822,4807.691183700473,6209.9993462005095
forecast_0582,2025-01-25 06:00:00,4408.040124781361,4874.229315756052,6191.038572497044
forecast_0583,2025-01-25 07:00:00,4441.309501596854,4981.151800709753,6605.430021322025
forecast_0584,2025-01-25 08:00:00,4418.896758634857,5078.104876333017,6346.132449490682
forecast_0585,2025-01-25 09:00:00,4363.506232359334,5250.219038011508,6400.158313827474
forecast_0586,2025-01-25 10:00:00,3342.197274141631,4858.7269725997985,6216.455328150328
forecast_0587,2025-01-25 11:00:00,2800.793012972446,4287.747309981542,5565.895418173391
forecast_0588,2025-01-25 12:00:00,2386.922684581149,3038.83814377977,5337.328304243636
forecast_0589,2025-01-25 13:00:00,2270.757504651636,2648.1652116942696,4611.302324629352
forecast_0590,2025-01-25 14:00:00,2506.824915108811,2826.886447947528,4858.4754582043515
forecast_0591,2025-01-25 15:00:00,2729.280538934641,2938.1165711446547,4537.142978594202
forecast_0592,2025-01-25 16:00:00,3227.7772098777004,3582.6878985449484,4822.8644230366435
forecast_0593,2025-01-25 17:00:00,3783.280863412963,4200.140737262731,5369.412198887388
forecast_0594,2025-01-25 18:00:00,4553.696613828788,4905.19357927989,5777.985827821107
forecast_0595,2025-01-25 19:00:00,4905.750405002131,5432.539668451809,6385.16793725358
forecast_0596,2025-01-25 20:00:00,5030.413948794765,5701.862252063709,6580.20940285726
forecast_0597,2025-01-25 21:00:00,5323.610941998197,6612.021296866024,6817.843316390479
forecast_0598,2025-01-25 22:00:00,5526.7349359334,7104.964501444141,7242.434173518101
forecast_0599,2025-01-25 23:00:00,4992.896310308108,6755.234454154232,7009.1755307749
forecast_0600,2025-01-26 00:00:00,4443.072782278852,7006.127757026047,6793.848431785378
forecast_0601,2025-01-26 01:00:00,4981.600715700084,6628.187703942536,7487.593766026378
forecast_0602,2025-01-26 02:00:00,4911.195693132927,5882.450453506203,7403.197824806846
forecast_0603,2025-01-26 03:00:00,4745.896782209988,6097.5497739309785,6843.0783428892
forecast_0604,2025-01-26 04:00:00,4673.133065185995,6082.496069534982,6503.98283771272
forecast_0605,2025-01-26 05:00:00,4789.850291773451,6089.533920088022,5847.244067155422
forecast_0606,2025-01-26 06:00:00,4188.784797558031,5648.2077531235445,5552.055368236381
forecast_0607,2025-01-26 07:00:00,3453.569607627105,5180.255872757097,4549.908100493212
forecast_0608,2025-01-26 08:00:00,3964.533746179469,5076.275290329128,4901.303568976289
forecast_0609,2025-01-26 09:00:00,3031.5880272586483,4014.9892210345397,4259.365836680701
forecast_0610,2025-01-26 10:00:00,2787.834598528017,3415.5073839663437,3686.186720281819
forecast_0611,2025-01-26 11:00:00,2366.4620786601254,2857.7022853208164,3551.259685485098
forecast_0612,2025-01-26 12:00:00,1781.2613057253657,2255.1598690190076,3078.7624917973035
forecast_0613,2025-01-26 13:00:00,955.752134246385,1057.6985581624253,2264.0004573827887
forecast_0614,2025-01-26 14:00:00,975.283058543803,989.4919995207576,2032.5919308055138
forecast_0615,2025-01-26 15:00:00,838.0415852186658,753.2999786918058,1941.0684703965449
forecast_0616,2025-01-26 16:00:00,950.3573599014128,880.0889171017486,1839.7047713226075
forecast_0617,2025-01-26 17:00:00,972.6355709746434,813.4592808449539,1817.3222004569286
forecast_0618,2025-01-26 18:00:00,868.8419737876891,776.8090209960938,1837.7427941929868
forecast_0619,2025-01-26 19:00:00,941.6399596521442,783.125556218914,1863.0890062849405
forecast_0620,2025-01-26 20:00:00,1044.9712266610143,804.5288666729084,1852.0083056325545
forecast_0621,2025-01-26 21:00:00,1287.1633351881353,961.73099798048,1881.815662903793
forecast_0622,2025-01-26 22:00:00,1541.5419502997102,931.0607042648539,1926.748146705454
forecast_0623,2025-01-26 23:00:00,1791.6035067249295,1449.7925473042726,1967.4102785384825
forecast_0624,2025-01-27 00:00:00,2122.6402758035897,1479.3309678745172,1974.1073052089102
forecast_0625,2025-01-27 01:00:00,1559.132559099801,1399.9147617636718,1935.9603032461396
forecast_0626,2025-01-27 02:00:00,1726.3790462519908,1559.6168126342272,1913.5508614687678
forecast_0627,2025-01-27 03:00:00,2320.981691320845,1847.4111654805943,1938.8710633673277
forecast_0628,2025-01-27 04:00:00,2429.4918987737183,2301.615070492765,2054.3826574952864
forecast_0629,2025-01-27 05:00:00,2380.3300804835235,2740.664162560619,2281.1617525685597
forecast_0630,2025-01-27 06:00:00,2516.54063067893,2848.107089542981,2370.8681720222667
forecast_0631,2025-01-27 07:00:00,2666.2399906062924,3036.3522856052064,2390.9233047314433
forecast_0632,2025-01-27 08:00:00,3270.225593383346,3596.0878837923005,2686.656475531034
forecast_0633,2025-01-27 09:00:00,4709.104716074326,4561.211277876757,3515.5802956064517
forecast_0634,2025-01-27 10:00:00,5237.540086290229,6209.362490291056,4636.885459865014
forecast_0635,2025-01-27 11:00:00,7718.689781223493,9749.93041177797,6851.094028070299
forecast_0636,2025-01-27 12:00:00,10772.25084749132,15082.70111625555,11246.904498203568
forecast_0637,2025-01-27 13:00:00,11442.72909461004,17305.419923531183,13731.734073133717
forecast_0638,2025-01-27 14:00:00,14182.270792545556,18090.71154711548,15552.838588477658
forecast_0639,2025-01-27 15:00:00,17244.783321553456,18830.44070795884,16122.964228492176
forecast_0640,2025-01-27 16:00:00,17909.46461508258,18938.240644914273,16383.912804024185
forecast_0641,2025-01-27 17:00:00,18115.73624478426,18972.193145274683,16493.591332456344
forecast_0642,2025-01-27 18:00:00,18991.203125396507,19180.241209948916,16976.104011718235
forecast_0643,2025-01-27 19:00:00,19160.69392760397,19083.32311733861,16840.11779051825
forecast_0644,2025-01-27 20:00:00,18871.818502644128,19111.571943646697,17072.186015138315
forecast_0645,2025-01-27 21:00:00,18910.545145657048,19076.382015353425,17142.529294810724
forecast_0646,2025-01-27 22:00:00,18372.027610909012,18911.51523960969,16839.517209298625
forecast_0647,2025-01-27 23:00:00,18699.475569802456,18874.494551156884,16873.564754510255
forecast_0648,2025-01-28 00:00:00,18471.79395164946,18368.553600076088,16670.56419915444
forecast_0649,2025-01-28 01:00:00,18660.836374265877,18811.2441003863,16982.970886994448
forecast_0650,2025-01-28 02:00:00,18909.843040206346,18767.17769813997,16658.310905850543
forecast_0651,2025-01-28 03:00:00,18592.44089450568,18680.89233353249,16599.500258700155
forecast_0652,2025-01-28 04:00:00,18491.167507162783,18806.516968661315,16271.972013111348
forecast_0653,2025-01-28 05:00:00,17800.05127749066,18503.214540873632,15950.97105289942
forecast_0654,2025-01-28 06:00:00,17516.44409614258,18547.39434871933,16399.795304857227
forecast_0655,2025-01-28 07:00:00,17866.499182087282,18498.6560511702,16754.98182674735
forecast_0656,2025-01-28 08:00:00,17677.34004541442,18531.024728636115,16680.87057658963
forecast_0657,2025-01-28 09:00:00,18164.404617108637,18693.983214213804,16684.599241354495
forecast_0658,2025-01-28 10:00:00,18392.859542585476,18801.236877839634,16685.88365239271
forecast_0659,2025-01-28 11:00:00,18459.672886046053,18815.62251949143,16536.097826005836
forecast_0660,2025-01-28 12:00:00,17978.554806597927,18796.74958132158,16491.477493273138
forecast_0661,2025-01-28 13:00:00,18142.457230495966,18933.55894752102,16145.869235336768
forecast_0662,2025-01-28 14:00:00,17857.298421133302,18918.03060339633,16084.907431414591
forecast_0663,2025-01-28 15:00:00,17702.462312318086,18761.073039969448,16112.092163669147
forecast_0664,2025-01-28 16:00:00,17141.732765247794,18680.771801863622,15737.671057896361
forecast_0665,2025-01-28 17:00:00,17343.40207913927,18448.34875769579,15540.344533155498
forecast_0666,2025-01-28 18:00:00,17285.869787305324,18285.58704491994,15578.749365722104
forecast_0667,2025-01-28 19:00:00,17234.740603253696,18337.662652404306,16069.519454111098
forecast_0668,2025-01-28 20:00:00,17278.370063172588,18491.538762225588,16784.807792780943
forecast_0669,2025-01-28 21:00:00,17846.75030439779,18639.9512363958,17304.16295072778
forecast_0670,2025-01-28 22:00:00,18419.949580743585,19067.052267802013,17421.752322324173
forecast_0671,2025-01-28 23:00:00,18818.267232100654,19177.072364436615,18053.862786763268
forecast_0672,2025-01-29 00:00:00,18876.40708171303,19082.88382635069,17711.897596419854
forecast_0673,2025-01-29 01:00:00,19092.245067503434,19119.905216433806,18301.504387378758
forecast_0674,2025-01-29 02:00:00,19285.751443066405,19199.055828355704,18395.919541836964
forecast_0675,2025-01-29 03:00:00,19454.686430246395,19414.029842920223,18566.94038240124
forecast_0676,2025-01-29 04:00:00,19573.20383052969,19414.17825865413,18684.525976483237
forecast_0677,2025-01-29 05:00:00,19634.062477446256,19598.990131993833,18776.271541852584
forecast_0678,2025-01-29 06:00:00,19740.031245753245,19759.31340966469,18856.44258250762
forecast_0679,2025-01-29 07:00:00,19680.88044526292,19784.291993076797,19128.13344559502
forecast_0680,2025-01-29 08:00:00,19651.817305757417,19763.066086396,18836.684510250663
forecast_0681,2025-01-29 09:00:00,19606.470113160576,19768.319420753058,18682.865531335527
forecast_0682,2025-01-29 10:00:00,19478.78572548162,19651.328869013927,18554.986310173124
forecast_0683,2025-01-29 11:00:00,19321.56346412147,19518.80696324265,18463.22953406281
forecast_0684,2025-01-29 12:00:00,18857.8334273276,19140.230751541043,17670.101060445075
forecast_0685,2025-01-29 13:00:00,18540.2248964764,18798.896387158755,17286.335561981054
forecast_0686,2025-01-29 14:00:00,18614.370639626373,18743.205158861034,17264.802672337595
forecast_0687,2025-01-29 15:00:00,18320.892387179658,18390.135754849794,17127.53524621681
forecast_0688,2025-01-29 16:00:00,17577.771142875885,18144.49490199895,17053.153737959365
forecast_0689,2025-01-29 17:00:00,17286.81368105716,18191.81852251084,16699.710402987694
forecast_0690,2025-01-29 18:00:00,17186.320317487323,18521.701770827458,16644.954286020697
forecast_0691,2025-01-29 19:00:00,17471.213548488176,18603.55407506387,16680.919730392176
forecast_0692,2025-01-29 20:00:00,17384.056376069693,18605.336718548726,16558.73507931853
forecast_0693,2025-01-29 21:00:00,17414.677574816997,18794.11304138267,16571.287342503776
forecast_0694,2025-01-29 22:00:00,17399.45919324518,18756.918516431804,16336.04169279024
forecast_0695,2025-01-29 23:00:00,17270.912359729446,18661.711120871092,16271.968513422422
forecast_0696,2025-01-30 00:00:00,17546.43894151542,18803.43301020483,16599.195802810442
forecast_0697,2025-01-30 01:00:00,17766.947808327765,19530.598542256714,16938.741248730745
forecast_0698,2025-01-30 02:00:00,17787.883925773516,19687.19010997044,17248.816130749918
forecast_0699,2025-01-30 03:00:00,18001.36704723505,19541.93166516615,17343.000850009128
forecast_0700,2025-01-30 04:00:00,18114.073352958727,19441.013933815382,17178.08924693166
forecast_0701,2025-01-30 05:00:00,18124.34090282809,19376.497294064557,16911.377666542743
forecast_0702,2025-01-30 06:00:00,18134.14519278972,19250.043378207054,16849.999341917217
forecast_0703,2025-01-30 07:00:00,18317.93771878882,19261.61409090394,17521.733404986553
forecast_0704,2025-01-30 08:00:00,18416.775912321456,19071.447519371093,17468.8952221196
forecast_0705,2025-01-30 09:00:00,18145.054784120977,18540.590408239463,16957.07940935495
forecast_0706,2025-01-30 10:00:00,17792.90758951706,17544.26156910244,16622.955567965917
forecast_0707,2025-01-30 11:00:00,17065.861485548492,17068.075928321938,15260.581964686335
forecast_0708,2025-01-30 12:00:00,16641.834332514,16639.879421293146,14310.408496797405
forecast_0709,2025-01-30 13:00:00,16504.256887828753,15694.720254850647,12722.270289173277
forecast_0710,2025-01-30 14:00:00,16073.76873252968,15023.074340674892,11325.503620966545
forecast_0711,2025-01-30 15:00:00,15861.864438182727,15141.22847367759,11652.770323252455
forecast_0712,2025-01-30 16:00:00,15203.939102263099,15212.532707831511,10900.354796413203
forecast_0713,2025-01-30 17:00:00,14856.061968875467,15221.045729937363,12396.932819866779
forecast_0714,2025-01-30 18:00:00,15139.081885362255,15244.429396466969,14998.504990840553
forecast_0715,2025-01-30 19:00:00,15630.373103808315,16053.601671998,15880.42675863843
forecast_0716,2025-01-30 20:00:00,15999.808597278527,16798.073265385465,15913.467832037792
forecast_0717,2025-01-30 21:00:00,16307.636943415815,16681.661504102478,16077.052622331765
forecast_0718,2025-01-30 22:00:00,16483.197620636332,17159.174707702296,16174.142122079407
forecast_0719,2025-01-30 23:00:00,17196.024869924804,17455.969698132856,15346.898912216348
forecast_0720,2025-01-31 00:00:00,17237.823117681917,17092.627676715427,15069.254498192253
forecast_0721,2025-01-31 01:00:00,16629.392479022365,16259.650479608892,14318.02281879104
forecast_0722,2025-01-31 02:00:00,16819.216105111547,16206.28543221737,14556.05787198365
forecast_0723,2025-01-31 03:00:00,16059.546247647071,16099.946880648062,13329.272705881634
forecast_0724,2025-01-31 04:00:00,15527.033169615115,15981.076471917786,12841.824898559566
forecast_0725,2025-01-31 05:00:00,14814.235230086768,15852.348634092974,12860.718164925202
forecast_0726,2025-01-31 06:00:00,15157.125194517916,16479.957712009083,13606.584811571887
forecast_0727,2025-01-31 07:00:00,15773.626363529842,17010.114822281255,14301.290902074783
forecast_0728,2025-01-31 08:00:00,16227.283873879076,16330.066040275682,13797.659004473719
forecast_0729,2025-01-31 09:00:00,14665.0020460927,15224.549640716536,13379.077288343722
forecast_0730,2025-01-31 10:00:00,13372.656557835884,14006.684219832516,11740.748697820974
forecast_0731,2025-01-31 11:00:00,11777.559319493459,11943.389929926323,10624.816337350036
forecast_0732,2025-01-31 12:00:00,10153.048121284159,10582.214076373333,8735.903647133331
forecast_0733,2025-01-31 13:00:00,8787.55591796862,8791.668453618637,7374.092415885851
forecast_0734,2025-01-31 14:00:00,7626.208661360273,7180.096403062852,6199.3758305265055
forecast_0735,2025-01-31 15:00:00,6801.672939127786,6296.175850915298,5517.791186941415
forecast_0736,2025-01-31 16:00:00,5793.6113352811435,6125.784594559254,4781.17520203967
forecast_0737,2025-01-31 17:00:00,4668.654120788598,5823.2265448739345,4175.848317063645
forecast_0738,2025-01-31 18:00:00,4559.697243390194,5657.496491219085,3799.975254813885
forecast_0739,2025-01-31 19:00:00,5250.26685470889,6099.090216217456,4349.2969566847405
forecast_0740,2025-01-31 20:00:00,6021.893238111608,7123.803293606999,4648.081216821594
forecast_0741,2025-01-31 21:00:00,6272.271243181973,8840.851430779068,4848.230655292973
forecast_0742,2025-01-31 22:00:00,6115.061795553621,7728.106558881054,5171.82259921884
forecast_0743,2025-01-31 23:00:00,6307.441067299433,8358.566350390056,5716.346784599982
forecast_0744,2025-02-01 00:00:00,6469.405032163559,9331.212897314805,5490.711978251422
forecast_0745,2025-02-01 01:00:00,6028.960373493302,7718.525144199115,4774.790201296403
forecast_0746,2025-02-01 02:00:00,5211.5995870754505,7440.049369742449,4249.021337287013
forecast_0747,2025-02-01 03:00:00,4530.30500796138,6088.9803369335805,3479.351927469539
forecast_0748,2025-02-01 04:00:00,3884.6154668141853,4538.245794538395,2498.6363651381635
forecast_0749,2025-02-01 05:00:00,3054.6464485079186,3104.8161604281822,2280.3834607001963
forecast_0750,2025-02-01 06:00:00,2114.2587704406615,2155.306014823156,2043.5865576453857
forecast_0751,2025-02-01 07:00:00,1368.8165146904323,1268.8173901266046,1928.9970228105046
forecast_0752,2025-02-01 08:00:00,1260.1308852496745,974.9618435293573,1862.70622052692
forecast_0753,2025-02-01 09:00:00,1238.1948201561804,906.3124502054181,1770.333619914919
forecast_0754,2025-02-01 10:00:00,1092.1045675164792,845.6327642338642,1727.9890573755217
forecast_0755,2025-02-01 11:00:00,900.1141354119043,798.3405628687802,1689.5200292831094
forecast_0756,2025-02-01 12:00:00,770.7503070455772,953.4648997725685,1675.8408546879364
forecast_0757,2025-02-01 13:00:00,790.6759621295627,875.897199305437,1717.8538332922997
forecast_0758,2025-02-01 14:00:00,883.4763976288059,787.7701016396004,1766.8029299719872
forecast_0759,2025-02-01 15:00:00,938.7387208238378,737.9582182494644,1804.4823269925312
forecast_0760,2025-02-01 16:00:00,1035.3882357595041,777.4424906721117,1839.0763211331562
forecast_0761,2025-02-01 17:00:00,988.0761108398438,731.820494915599,1847.2953152737812
forecast_0762,2025-02-01 18:00:00,1060.8415865116233,758.8120312321638,1839.0401883206562
forecast_0763,2025-02-01 19:00:00,1065.4496356780417,801.0593259517063,1858.0952272996074
forecast_0764,2025-02-01 20:00:00,1074.2304118458094,806.6785005366872,1867.168784744332
forecast_0765,2025-02-01 21:00:00,1052.5569581145282,759.9591980784636,1863.9026150784687
forecast_0766,2025-02-01 22:00:00,1113.5845106206114,800.1377716727,1852.5738941972802
forecast_0767,2025-02-01 23:00:00,1117.3705632992403,796.7457816121092,1831.41569200294
forecast_0768,2025-02-02 00:00:00,1164.229044935003,845.5078861594102,1843.3252724046706
forecast_0769,2025-02-02 01:00:00,1084.204132941941,876.5045166015625,1905.887820297156
forecast_0770,2025-02-02 02:00:00,1084.3987613725258,862.2588500976562,1876.3006954161656
forecast_0771,2025-02-02 03:00:00,1130.0149629036232,879.7895259572947,1882.6811403714012
forecast_0772,2025-02-02 04:00:00,1171.958969936272,846.593921917374,1857.042994041815
forecast_0773,2025-02-02 05:00:00,1213.048151570658,884.3449064126881,1825.9127809719728
forecast_0774,2025-02-02 06:00:00,1176.2789071307034,941.3215626800331,1797.1414186672853
forecast_0775,2025-02-02 07:00:00,1319.3055758011094,958.1780228050104,1834.328127949913
forecast_0776,2025-02-02 08:00:00,1160.3539190102329,883.5893625138067,1807.1837893469872
forecast_0777,2025-02-02 09:00:00,1210.4503016583867,1010.2385217636635,1808.8463722712509
forecast_0778,2025-02-02 10:00:00,1120.2479882213531,996.8393286339154,1773.581414653476
forecast_0779,2025-02-02 11:00:00,882.8862892746918,956.9532700423904,1719.4736979167435
forecast_0780,2025-02-02 12:00:00,754.0012319788001,1185.2287076758057,1665.7178225449227
forecast_0781,2025-02-02 13:00:00,789.9279359920795,1094.5889539661446,1629.9020363337509
forecast_0782,2025-02-02 14:00:00,957.2348519642005,1060.0287199160568,1673.439601348628
forecast_0783,2025-02-02 15:00:00,1187.5288693779723,1082.7358235134539,1707.5179407690782
forecast_0784,2025-02-02 16:00:00,1531.388274442082,1438.67881337746,1946.5752235383334
forecast_0785,2025-02-02 17:00:00,3076.1782054532773,3191.5747745189174,2608.1539272367354
forecast_0786,2025-02-02 18:00:00,4800.469629592875,5042.244410770775,4367.616715946231
forecast_0787,2025-02-02 19:00:00,6422.81129223048,7150.343515692312,6512.567087067141
forecast_0788,2025-02-02 20:00:00,7492.541877604381,8382.215437625257,7872.163108762419
forecast_0789,2025-02-02 21:00:00,8351.049189519148,9089.614644815898,8120.165620567766
forecast_0790,2025-02-02 22:00:00,10687.841123182123,12034.31024985144,9751.760269294404
forecast_0791,2025-02-02 23:00:00,12679.40399266563,14651.361796545785,13241.910804424288
forecast_0792,2025-02-03 00:00:00,14209.259437289158,17028.06719170679,14134.823266079578
forecast_0793,2025-02-03 01:00:00,15256.97171258657,18025.99633258381,15205.126934236641
forecast_0794,2025-02-03 02:00:00,15824.72681062731,18372.26992021953,17066.062480527045
forecast_0795,2025-02-03 03:00:00,15835.024006441066,18832.541537522142,17117.086700663538
forecast_0796,2025-02-03 04:00:00,15410.239519056844,18371.282219139142,17180.125893362987
forecast_0797,2025-02-03 05:00:00,14487.502183237748,17830.630791328338,17420.859364798504
forecast_0798,2025-02-03 06:00:00,14678.479554626141,17118.75720461541,16688.06258838332
forecast_0799,2025-02-03 07:00:00,15363.14695496989,17268.517867817885,16519.338042192583
forecast_0800,2025-02-03 08:00:00,15638.513630967009,17124.60569280352,16592.625468382786
forecast_0801,2025-02-03 09:00:00,15216.785048887221,17712.650162102578,16656.111495730227
forecast_0802,2025-02-03 10:00:00,14852.31514061216,18119.119003258464,14869.854851125452
forecast_0803,2025-02-03 11:00:00,14810.38480454518,18165.869737903857,14722.266422848174
forecast_0804,2025-02-03 12:00:00,14776.202073815912,17881.679817169206,14879.268234301122
forecast_0805,2025-02-03 13:00:00,14643.916047576837,17461.811021957357,14284.971277518142
forecast_0806,2025-02-03 14:00:00,14540.17459159269,16666.38191366102,13070.277874402065
forecast_0807,2025-02-03 15:00:00,14520.178014981437,16802.534808061064,12758.5359726078
forecast_0808,2025-02-03 16:00:00,14624.8031937755,17231.514036231732,13921.87708485689
forecast_0809,2025-02-03 17:00:00,14526.427870717236,17684.372421907538,15427.135709705271
forecast_0810,2025-02-03 18:00:00,14758.306226124723,17976.347322887435,16621.242762689104
forecast_0811,2025-02-03 19:00:00,15006.069511071502,18724.873426746242,17307.497398603307
forecast_0812,2025-02-03 20:00:00,15234.144033467872,18752.314065755632,17626.73580126399
forecast_0813,2025-02-03 21:00:00,15605.352631331838,18885.080369043066,17523.147047792707
forecast_0814,2025-02-03 22:00:00,15708.065557727621,18924.70983446605,17542.543842426516
forecast_0815,2025-02-03 23:00:00,15991.986870312909,19298.323298703275,17481.90920193182
forecast_0816,2025-02-04 00:00:00,15769.464559072348,19256.19165708361,17576.53737543919
forecast_0817,2025-02-04 01:00:00,15846.185978908205,19626.659008890245,17622.087482505416
forecast_0818,2025-02-04 02:00:00,15681.618749121197,19462.406281014446,17609.133618040614
forecast_0819,2025-02-04 03:00:00,15648.172380768981,19310.997279144998,17372.494453071293
forecast_0820,2025-02-04 04:00:00,15383.193093055368,19551.076133419177,17150.615760985635
forecast_0821,2025-02-04 05:00:00,15806.269875294647,19697.856023893553,17122.58274224575
forecast_0822,2025-02-04 06:00:00,16267.308032255964,19669.69424898513,17295.585563704375
forecast_0823,2025-02-04 07:00:00,16329.600761431306,19852.249246317246,17476.85314360966
forecast_0824,2025-02-04 08:00:00,15359.338744041372,19693.357935080734,17375.203884159357
forecast_0825,2025-02-04 09:00:00,15177.251935931541,19349.25982920426,17486.73269764459
forecast_0826,2025-02-04 10:00:00,14890.123608880589,19272.60363496084,17283.745555316258
forecast_0827,2025-02-04 11:00:00,14549.388594403295,19355.593486355334,17101.532553871944
forecast_0828,2025-02-04 12:00:00,14233.291589723241,19079.113738459455,16726.304165830035
forecast_0829,2025-02-04 13:00:00,13842.77900494178,18569.911291193675,15728.87147203662
forecast_0830,2025-02-04 14:00:00,13695.828006107371,18054.50012275748,15639.90319592713
forecast_0831,2025-02-04 15:00:00,13884.858108917895,18139.00133420653,15701.2351837545
forecast_0832,2025-02-04 16:00:00,14518.330649993224,18511.87326177031,16528.39432686779
forecast_0833,2025-02-04 17:00:00,14784.08328753809,18771.00933015434,17040.099818886287
forecast_0834,2025-02-04 18:00:00,14415.746839033003,18710.53184822013,17168.45067778358
forecast_0835,2025-02-04 19:00:00,14139.412699266795,18973.64684782495,17020.739407576613
forecast_0836,2025-02-04 20:00:00,14784.016572187824,19021.366935704893,17366.67570488141
forecast_0837,2025-02-04 21:00:00,14477.40991007908,18661.81984410585,17625.045452681385
forecast_0838,2025-02-04 22:00:00,14490.28243202359,18518.876544097424,17416.680237503107
forecast_0839,2025-02-04 23:00:00,14761.145972750322,18532.813839905582,17165.91700086543
forecast_0840,2025-02-05 00:00:00,14358.058347305614,18221.016719302213,16974.58326482839
forecast_0841,2025-02-05 01:00:00,14615.17570234342,18093.972717355562,16833.07083137455
forecast_0842,2025-02-05 02:00:00,14462.507055578697,17895.264744204113,17246.452764992297
forecast_0843,2025-02-05 03:00:00,14653.372702253055,18429.93771417877,17116.117267682363
forecast_0844,2025-02-05 04:00:00,14816.931379358462,18570.858418396892,16715.030186304393
forecast_0845,2025-02-05 05:00:00,15390.562105346937,18591.906094960286,16303.879337212564
forecast_0846,2025-02-05 06:00:00,15715.573067585985,18258.826540154478,16662.359060535997
forecast_0847,2025-02-05 07:00:00,15537.715569569498,17884.624075925465,16691.629864212817
forecast_0848,2025-02-05 08:00:00,15227.169582276114,18074.058489803712,16288.17435511265
forecast_0849,2025-02-05 09:00:00,15388.038204086924,18359.351864776712,16091.051551453957
forecast_0850,2025-02-05 10:00:00,15774.305896664022,18450.998012685362,14904.523372024685
forecast_0851,2025-02-05 11:00:00,16161.304064541151,18060.677383292008,15122.766249506094
forecast_0852,2025-02-05 12:00:00,16313.269497133278,18242.7302197978,14646.048504014108
forecast_0853,2025-02-05 13:00:00,16420.663077736026,18412.158850110063,14710.573520158643
forecast_0854,2025-02-05 14:00:00,16352.77638939076,17686.13827463126,14370.343937546466
forecast_0855,2025-02-05 15:00:00,15418.24651599642,17012.85688048458,14249.42955423268
forecast_0856,2025-02-05 16:00:00,14478.47106743538,16786.792245968216,14743.763289091334
forecast_0857,2025-02-05 17:00:00,14183.793225508807,17050.456562954707,14882.20963461631
forecast_0858,2025-02-05 18:00:00,14411.474090479194,16775.83580481698,14946.19107386555
forecast_0859,2025-02-05 19:00:00,14583.365657495176,16949.562820838317,15823.65708439728
forecast_0860,2025-02-05 20:00:00,14348.84536279941,17292.164392154267,16661.034398594304
forecast_0861,2025-02-05 21:00:00,14371.47952913942,17453.346373629432,16524.317431039748
forecast_0862,2025-02-05 22:00:00,14673.47352904097,18052.840728343028,17252.03397028624
forecast_0863,2025-02-05 23:00:00,14739.219007191481,18650.7864251579,17450.832590456725
forecast_0864,2025-02-06 00:00:00,15006.088225369076,19076.92111931731,17548.50660230798
forecast_0865,2025-02-06 01:00:00,15738.437402795349,19462.690601168513,17826.005344764446
forecast_0866,2025-02-06 02:00:00,15626.567751747798,19539.148153515445,17498.954449248784
forecast_0867,2025-02-06 03:00:00,15690.156593412246,19994.336079325658,17920.10101509829
forecast_0868,2025-02-06 04:00:00,16519.03996320969,20129.726655196984,18205.664462417582
forecast_0869,2025-02-06 05:00:00,16508.41809149454,20067.533479787875,18091.3212217897
forecast_0870,2025-02-06 06:00:00,16590.015031971503,19978.44685271138,17599.174339231224
forecast_0871,2025-02-06 07:00:00,16169.041694750382,19259.37718066114,17017.474713992568
forecast_0872,2025-02-06 08:00:00,15628.435583948592,18736.112618903662,16603.54393411056
forecast_0873,2025-02-06 09:00:00,15197.59854504696,18391.291418642468,15658.97617494082
forecast_0874,2025-02-06 10:00:00,14360.019643433237,16402.06980034046,14554.175743069749
forecast_0875,2025-02-06 11:00:00,13530.662493863907,15364.296737823006,12810.914479018056
forecast_0876,2025-02-06 12:00:00,13715.330736984437,15065.255765220323,11882.635030245097
forecast_0877,2025-02-06 13:00:00,14017.681924152603,14894.88402634664,12636.393181491643
forecast_0878,2025-02-06 14:00:00,13490.339020285935,14040.784910404864,12646.865446918386
forecast_0879,2025-02-06 15:00:00,13316.825525169954,13527.190407015418,13125.721806462592
forecast_0880,2025-02-06 16:00:00,13254.15984148633,13447.023284467641,12904.978787780172
forecast_0881,2025-02-06 17:00:00,13170.430855905533,14059.799594244216,12746.930127264959
forecast_0882,2025-02-06 18:00:00,12837.317001093375,14162.236544056104,13211.434968241645
forecast_0883,2025-02-06 19:00:00,12727.631491346176,14087.719182609175,13173.971732709504
forecast_0884,2025-02-06 20:00:00,13308.709301418603,13976.299005532526,13531.503475181073
forecast_0885,2025-02-06 21:00:00,13427.538976282793,13826.711713287477,13407.853595442512
forecast_0886,2025-02-06 22:00:00,13041.199351771016,13678.736361610063,11325.121707569353
forecast_0887,2025-02-06 23:00:00,13062.311524067547,13113.005256927363,9603.569653198145
forecast_0888,2025-02-07 00:00:00,12209.67387907715,12061.99846336977,8774.017910072542
forecast_0889,2025-02-07 01:00:00,10720.143689928726,12469.486345833078,7938.074952025117
forecast_0890,2025-02-07 02:00:00,10445.041992886767,13166.122066460986,9272.420479830576
forecast_0891,2025-02-07 03:00:00,10031.696093656945,12510.090240357613,8615.599748071449
forecast_0892,2025-02-07 04:00:00,9562.484421890047,11146.918825114972,8371.28403361476
forecast_0893,2025-02-07 05:00:00,9948.04630150837,11011.154105550588,8222.36713661838
forecast_0894,2025-02-07 06:00:00,9537.375539095417,11707.014989169838,7354.144486687742
forecast_0895,2025-02-07 07:00:00,8740.47242976026,11982.917760209002,6622.711932830111
forecast_0896,2025-02-07 08:00:00,8161.595769734025,11484.67469379233,7041.29540161485
forecast_0897,2025-02-07 09:00:00,8308.73445409759,11571.383796950206,7761.338835521292
forecast_0898,2025-02-07 10:00:00,9656.928808155895,11129.682805120683,8923.817336549411
forecast_0899,2025-02-07 11:00:00,10977.322678082664,12708.392033533004,11438.171395467449
forecast_0900,2025-02-07 12:00:00,12569.857269692455,13318.568645661477,13033.285124422911
forecast_0901,2025-02-07 13:00:00,13263.98273773651,14198.998662226786,13255.204134428523
forecast_0902,2025-02-07 14:00:00,14050.3049956967,14712.262826962136,13135.092934665387
forecast_0903,2025-02-07 15:00:00,14191.691280317764,15616.619927897875,13260.815719309092
forecast_0904,2025-02-07 16:00:00,14187.788748116569,14996.28661258277,13712.87725028942
forecast_0905,2025-02-07 17:00:00,13340.50180216622,14555.45267297839,14312.46808196052
forecast_0906,2025-02-07 18:00:00,13131.060625096787,14516.921433426163,15513.178322027536
forecast_0907,2025-02-07 19:00:00,13551.701921322128,15377.572407367465,15810.136961356679
forecast_0908,2025-02-07 20:00:00,13993.609916417507,17787.355808571232,16631.004130244335
forecast_0909,2025-02-07 21:00:00,14738.981623959207,18716.888477751134,17265.149601885976
forecast_0910,2025-02-07 22:00:00,16074.090584598402,19302.95291111214,17718.35932965001
forecast_0911,2025-02-07 23:00:00,17255.396962826002,19934.520947442932,18165.237328597505
forecast_0912,2025-02-08 00:00:00,18149.05045905258,20129.748253677302,18325.201751940585
forecast_0913,2025-02-08 01:00:00,18420.49983942366,20026.487044240792,18161.32310807079
forecast_0914,2025-02-08 02:00:00,19201.50578274126,20141.23712090696,18155.724384013592
forecast_0915,2025-02-08 03:00:00,19224.769011192853,20264.52799292619,18345.93252794644
forecast_0916,2025-02-08 04:00:00,19246.309603878934,20312.63496511276,18337.831676104997
forecast_0917,2025-02-08 05:00:00,19337.841368052963,20352.566102091514,18045.61641877658
forecast_0918,2025-02-08 06:00:00,19436.252301215984,20213.10346969536,17724.22936995873
forecast_0919,2025-02-08 07:00:00,19346.591151062123,19962.689388321352,17270.441376594066
forecast_0920,2025-02-08 08:00:00,18739.674529539505,19707.29446156651,16494.02788055747
forecast_0921,2025-02-08 09:00:00,16937.816116109738,18719.960091839846,14862.79366463055
forecast_0922,2025-02-08 10:00:00,14897.602309807395,15596.961196238944,13013.22985219861
forecast_0923,2025-02-08 11:00:00,11098.865714856864,13927.616413847596,11062.781405927471
forecast_0924,2025-02-08 12:00:00,9313.966519114514,11003.131161532183,10336.781196730886
forecast_0925,2025-02-08 13:00:00,8044.430010125063,8410.615170523968,8976.298809789107
forecast_0926,2025-02-08 14:00:00,6999.751009345321,6328.008176836761,6994.3302008185565
forecast_0927,2025-02-08 15:00:00,6585.652200652835,6052.49303927602,6377.759637516446
forecast_0928,2025-02-08 16:00:00,6867.879050977649,5924.749147906668,6428.079109841683
forecast_0929,2025-02-08 17:00:00,7607.477296915672,6330.553445694858,7025.030695711578
forecast_0930,2025-02-08 18:00:00,8558.027227139994,9227.847749748045,9201.237327915569
forecast_0931,2025-02-08 19:00:00,10703.693526692525,12096.95605421247,11903.256856280117
forecast_0932,2025-02-08 20:00:00,12920.861825886537,14757.348816139396,12810.316389764257
forecast_0933,2025-02-08 21:00:00,15618.497271070615,16270.528709050654,14897.230391898629
forecast_0934,2025-02-08 22:00:00,17834.034710276115,17749.01975417003,15639.21447131686
forecast_0935,2025-02-08 23:00:00,18939.41804382346,18467.700383297823,15488.50901489952
forecast_0936,2025-02-09 00:00:00,19218.896067073423,19043.010187870594,16233.942576628859
forecast_0937,2025-02-09 01:00:00,19281.83044189174,19118.58203181164,16556.52299687352
forecast_0938,2025-02-09 02:00:00,19530.680918970495,19344.217691530197,17197.10513578938
forecast_0939,2025-02-09 03:00:00,19623.32596877434,19512.427048525817,17404.061734776587
forecast_0940,2025-02-09 04:00:00,19469.177554358706,19614.248400836375,17608.1365841434
forecast_0941,2025-02-09 05:00:00,19545.087612020412,20108.990813409742,17658.17855179839
forecast_0942,2025-02-09 06:00:00,19465.724007452493,20180.048686563896,17739.60140909125
forecast_0943,2025-02-09 07:00:00,19342.82545009128,19869.961503462873,17344.586565376965
forecast_0944,2025-02-09 08:00:00,19044.04599831811,19587.474797829524,16589.640511095025
forecast_0945,2025-02-09 09:00:00,18100.409840574684,19057.15971440843,15598.073261674394
forecast_0946,2025-02-09 10:00:00,15343.108800229224,17201.546744658524,13190.84980972053
forecast_0947,2025-02-09 11:00:00,12745.569761890325,15071.939908159093,12507.124625651886
forecast_0948,2025-02-09 12:00:00,11305.985949695656,13066.733745296317,9956.876035539339
forecast_0949,2025-02-09 13:00:00,10597.274234189783,11802.144400900681,8840.931965048783
forecast_0950,2025-02-09 14:00:00,10120.849164866915,11008.661304924737,9192.87465316957
forecast_0951,2025-02-09 15:00:00,10109.862940322451,10601.501429010686,9610.170737700304
forecast_0952,2025-02-09 16:00:00,10538.540185434675,10089.250751484475,10531.730966065601
forecast_0953,2025-02-09 17:00:00,11830.068335185897,11900.508110380417,11691.146525417078
forecast_0954,2025-02-09 18:00:00,13269.270090774307,13286.742285732065,12864.381564978066
forecast_0955,2025-02-09 19:00:00,14011.915448180915,14685.04353450184,13573.677847411038
forecast_0956,2025-02-09 20:00:00,14853.66522495853,15482.980667399379,14870.515055694212
forecast_0957,2025-02-09 21:00:00,15024.901939254163,16412.018541405378,15383.952762479692
forecast_0958,2025-02-09 22:00:00,15770.90718815391,17801.98694700188,15893.01622495311
forecast_0959,2025-02-09 23:00:00,16473.963492915904,18505.100089987987,16523.705764678074
forecast_0960,2025-02-10 00:00:00,17176.17981570519,19154.181421022313,16802.460073755952
forecast_0961,2025-02-10 01:00:00,17254.631773544843,19464.12981019319,16852.741759824577
forecast_0962,2025-02-10 02:00:00,17531.881951815863,19735.569738719332,17203.2722336879
forecast_0963,2025-02-10 03:00:00,18165.477966294864,20188.49407631479,17614.283628161742
forecast_0964,2025-02-10 04:00:00,18257.9863818569,20297.621779980607,17655.648887822263
forecast_0965,2025-02-10 05:00:00,18086.07199966567,20475.316168906036,18508.99289933405
forecast_0966,2025-02-10 06:00:00,17916.6407563158,20643.708782437847,18688.363021922756
forecast_0967,2025-02-10 07:00:00,17885.32777000946,20722.551952126152,18613.115318713542
forecast_0968,2025-02-10 08:00:00,17842.630567407716,20686.74231573459,18187.509847272428
forecast_0969,2025-02-10 09:00:00,16956.90917884989,20594.888030628983,17639.155084220227
forecast_0970,2025-02-10 10:00:00,15415.262063057251,19815.14549873402,16716.01789168542
forecast_0971,2025-02-10 11:00:00,14980.482515309901,18270.116323650636,15173.14589428271
forecast_0972,2025-02-10 12:00:00,13970.884370327376,16494.232283923404,13680.348724973861
forecast_0973,2025-02-10 13:00:00,13049.53571447249,14865.733273210966,12824.072072683895
forecast_0974,2025-02-10 14:00:00,12554.798721001374,13451.41308207848,10976.257399281123
forecast_0975,2025-02-10 15:00:00,12399.891242745678,13312.78085722449,11137.62091861017
forecast_0976,2025-02-10 16:00:00,12456.318961288556,13765.870605960565,11159.22891884984
forecast_0977,2025-02-10 17:00:00,12137.910360900509,13345.715975110663,10088.009574478176
forecast_0978,2025-02-10 18:00:00,11641.697251075704,12481.59502591387,10276.867666305672
forecast_0979,2025-02-10 19:00:00,11910.351463738618,12878.79683905866,10526.585669392627
forecast_0980,2025-02-10 20:00:00,11306.597069096026,12399.307075076682,10315.968830705271
forecast_0981,2025-02-10 21:00:00,10685.321068854362,12762.622686141813,10135.473749136941
forecast_0982,2025-02-10 22:00:00,10302.199769566432,12829.747773623927,10423.430161471526
forecast_0983,2025-02-10 23:00:00,10071.353977918952,12735.021030808226,10274.80014049188
forecast_0984,2025-02-11 00:00:00,10129.291006297999,12748.803735612113,10394.036903005905
forecast_0985,2025-02-11 01:00:00,10029.464155124297,11984.669310245172,10673.557148530772
forecast_0986,2025-02-11 02:00:00,10310.382608403546,12188.747691509556,10176.664020801894
forecast_0987,2025-02-11 03:00:00,10667.897546017059,12288.495511888663,9757.325775777226
forecast_0988,2025-02-11 04:00:00,10647.279932240283,12323.093503607857,10042.661419838754
forecast_0989,2025-02-11 05:00:00,10490.406403278419,12201.316866956968,9265.087412058001
forecast_0990,2025-02-11 06:00:00,10651.843040541778,11297.186515449699,8510.496838229341
forecast_0991,2025-02-11 07:00:00,10928.019637401676,10370.170221129769,7985.770571283528
forecast_0992,2025-02-11 08:00:00,9767.945065325708,8413.063290308583,7191.973638602715
forecast_0993,2025-02-11 09:00:00,8918.632574730098,6427.483855171503,5666.8427959954015
forecast_0994,2025-02-11 10:00:00,6747.488356767251,4805.025789784494,4460.3054910922
forecast_0995,2025-02-11 11:00:00,4950.183023286332,3368.3322542902233,3702.4796633224614
forecast_0996,2025-02-11 12:00:00,3731.725151147259,2862.1056816382034,3258.068077844232
forecast_0997,2025-02-11 13:00:00,2774.215728813043,1831.39670576402,3186.531819049247
forecast_0998,2025-02-11 14:00:00,2311.293728713542,1505.921965415193,2949.767216261427
forecast_0999,2025-02-11 15:00:00,2204.259508926753,1608.1526787082007,2516.8756850680747
forecast_1000,2025-02-11 16:00:00,2438.9848027307044,1990.9882150293026,2657.8527262778157
forecast_1001,2025-02-11 17:00:00,3683.6991306265813,3177.485272850241,2833.260336128744
forecast_1002,2025-02-11 18:00:00,5308.833143404879,4543.108061590324,4364.962773114552
forecast_1003,2025-02-11 19:00:00,7560.530997872318,6229.282556447688,5970.21112119359
forecast_1004,2025-02-11 20:00:00,10580.15859232904,10688.33072844156,7636.3321381387905
forecast_1005,2025-02-11 21:00:00,12879.926098150829,11974.805331144911,8496.855283903573
forecast_1006,2025-02-11 22:00:00,14107.665981778702,14323.613574969017,8823.560052120192
forecast_1007,2025-02-11 23:00:00,16010.707298759726,16106.997958958867,10697.086269646163
forecast_1008,2025-02-12 00:00:00,17098.51564042955,16914.308694501276,12545.941838122462
forecast_1009,2025-02-12 01:00:00,17314.794849544618,17492.628556935975,11422.37485050081
forecast_1010,2025-02-12 02:00:00,17305.647707421565,16806.583755355787,12445.851385071337
forecast_1011,2025-02-12 03:00:00,17175.164152300065,17361.89946173761,11975.10995384246
forecast_1012,2025-02-12 04:00:00,17877.228341898317,17381.981987468003,13517.313852092839
forecast_1013,2025-02-12 05:00:00,16505.24944205475,16132.340656591601,11721.042254802353
forecast_1014,2025-02-12 06:00:00,13585.111590002918,13918.408677927833,8728.179711761815
forecast_1015,2025-02-12 07:00:00,10299.634536119047,10667.513682011777,7201.05600813586
forecast_1016,2025-02-12 08:00:00,9389.39936744401,11915.512509192991,6643.693377274367
forecast_1017,2025-02-12 09:00:00,8775.298873324307,12907.188800653812,6969.865176884835
forecast_1018,2025-02-12 10:00:00,8120.448846929042,12251.390092516953,9735.983515231175
forecast_1019,2025-02-12 11:00:00,9341.483076623232,13347.43070732618,11659.137227003384
forecast_1020,2025-02-12 12:00:00,9572.89850272599,13852.300045129683,12579.95974301811
forecast_1021,2025-02-12 13:00:00,11676.031585914357,15262.080371622675,13541.95519884636
forecast_1022,2025-02-12 14:00:00,13647.40348447311,17072.872847000355,16366.371658168982
forecast_1023,2025-02-12 15:00:00,15010.81947513459,19091.51211958155,16998.489888056247
forecast_1024,2025-02-12 16:00:00,15389.460207756138,18551.800145087524,16978.63736109357
forecast_1025,2025-02-12 17:00:00,16888.592051909887,18561.461773591822,16838.25220729727
forecast_1026,2025-02-12 18:00:00,17771.661512735463,18786.629016786515,17448.88883592696
forecast_1027,2025-02-12 19:00:00,18060.314130113402,19051.373743756674,16920.426904748172
forecast_1028,2025-02-12 20:00:00,17900.033167804337,18325.434619371,16419.836608688252
forecast_1029,2025-02-12 21:00:00,17308.05921158455,16828.139860928008,15880.48861011049
forecast_1030,2025-02-12 22:00:00,16574.55645450359,16571.108535309533,14934.076061841122
forecast_1031,2025-02-12 23:00:00,15466.381991723254,16059.720072718183,13763.035426079128
forecast_1032,2025-02-13 00:00:00,14652.38049507543,15030.837405778457,13331.180535424612
forecast_1033,2025-02-13 01:00:00,12948.278218301404,14188.7841492068,10692.89149459768
forecast_1034,2025-02-13 02:00:00,12853.678282450192,14750.392829966844,11582.677867327355
forecast_1035,2025-02-13 03:00:00,12805.547853277485,14217.913083055839,11228.92045965094
forecast_1036,2025-02-13 04:00:00,12660.902795348027,13838.994306061526,11420.817423443788
forecast_1037,2025-02-13 05:00:00,13226.477817754405,15282.442165709568,13015.6127227774
forecast_1038,2025-02-13 06:00:00,13924.932135469668,16646.984947441164,14330.058604514303
forecast_1039,2025-02-13 07:00:00,14885.87648840034,17778.923214018934,15458.044068707779
forecast_1040,2025-02-13 08:00:00,15010.059652102993,18523.759057598174,16259.44124302847
forecast_1041,2025-02-13 09:00:00,14941.043157217795,19088.90114030299,16142.801694627995
forecast_1042,2025-02-13 10:00:00,14567.838168614866,18291.414361732903,15551.05734297758
forecast_1043,2025-02-13 11:00:00,14070.787245589594,17018.432633486016,15031.111698005212
forecast_1044,2025-02-13 12:00:00,14005.843003223132,15904.372049220507,14481.635825674082
forecast_1045,2025-02-13 13:00:00,14132.78111742385,16437.474420408773,14937.370128550923
forecast_1046,2025-02-13 14:00:00,14576.186513715225,17825.134568456422,15366.758411806748
forecast_1047,2025-02-13 15:00:00,15564.816616022792,18469.44525009582,16590.588670846788
forecast_1048,2025-02-13 16:00:00,15855.116912374775,19121.476737815086,17580.354952002286
forecast_1049,2025-02-13 17:00:00,16386.063126282897,19293.13705435134,17841.019193497443
forecast_1050,2025-02-13 18:00:00,16845.00892629779,19556.435121375966,18595.21740200513
forecast_1051,2025-02-13 19:00:00,17102.694529759254,19579.868938388747,18849.6070152854
forecast_1052,2025-02-13 20:00:00,17681.3445136578,19537.816635392635,19098.812220636526
forecast_1053,2025-02-13 21:00:00,18162.768266135336,19858.224784736296,19333.565421484167
forecast_1054,2025-02-13 22:00:00,18487.658988752235,19907.914261257385,19424.24722626301
forecast_1055,2025-02-13 23:00:00,18574.59323441534,19892.176200203172,19363.365227917326
forecast_1056,2025-02-14 00:00:00,18947.92325674609,20041.503237615296,19481.338031752897
forecast_1057,2025-02-14 01:00:00,19056.737512581793,20116.02828706348,19376.087509601297
forecast_1058,2025-02-14 02:00:00,19075.213618957394,20142.391817182106,19404.52949565619
forecast_1059,2025-02-14 03:00:00,18826.589707644467,20202.904725181477,19319.60371505667
forecast_1060,2025-02-14 04:00:00,18772.449907147457,20287.109220149185,19156.509336670497
forecast_1061,2025-02-14 05:00:00,19229.305029196697,20383.235640948697,19126.735136873856
forecast_1062,2025-02-14 06:00:00,19481.79947661989,20299.44980158966,18932.391664979332
forecast_1063,2025-02-14 07:00:00,19480.776433022154,20042.70123866314,18696.840001092147
forecast_1064,2025-02-14 08:00:00,18621.391900163457,19650.929187770023,18016.300580582254
forecast_1065,2025-02-14 09:00:00,17404.90105616639,18952.288658615493,16189.79016649791
forecast_1066,2025-02-14 10:00:00,15132.840036901764,17780.12678258076,14404.934557819432
forecast_1067,2025-02-14 11:00:00,12131.322965515232,15094.574765260648,12160.207813618244
forecast_1068,2025-02-14 12:00:00,10300.662871841982,12387.489280806183,10346.488903797583
forecast_1069,2025-02-14 13:00:00,9427.800072717602,10620.328946445246,8826.450429174962
forecast_1070,2025-02-14 14:00:00,8652.767788914682,10204.569973327127,8912.920935416767
forecast_1071,2025-02-14 15:00:00,9241.624656509433,11323.720907412988,10670.944091135212
forecast_1072,2025-02-14 16:00:00,10217.67119926379,12013.224846057208,11986.23419399202
forecast_1073,2025-02-14 17:00:00,11413.46379208769,14306.608906433235,12441.854889719745
forecast_1074,2025-02-14 18:00:00,13731.696529725654,15897.694336576502,13614.755921588994
forecast_1075,2025-02-14 19:00:00,15492.126355343744,16757.53038700384,14098.741002697252
forecast_1076,2025-02-14 20:00:00,16322.40839755472,17860.798838812574,14127.810486735725
forecast_1077,2025-02-14 21:00:00,17282.58026432564,17932.32590201554,14073.504884778584
forecast_1078,2025-02-14 22:00:00,18076.48089283455,18045.486250931637,14468.795369910074
forecast_1079,2025-02-14 23:00:00,18201.28086933437,17771.478050953054,14095.14151095869
forecast_1080,2025-02-15 00:00:00,18794.090115498308,17923.10987353998,15152.171665147178
forecast_1081,2025-02-15 01:00:00,18537.547336433377,17426.093012062578,14953.10855530483
forecast_1082,2025-02-15 02:00:00,18609.97368682395,16941.682063077656,14787.718973395346
forecast_1083,2025-02-15 03:00:00,19159.094999581834,17400.6750638921,15075.524554283827
forecast_1084,2025-02-15 04:00:00,19672.617601668273,17370.407919508805,14436.30317886912
forecast_1085,2025-02-15 05:00:00,19558.535325788667,17639.354048097448,14818.070037055515
forecast_1086,2025-02-15 06:00:00,18873.71283898218,17418.53295175174,13551.716754327783
forecast_1087,2025-02-15 07:00:00,17886.364106335823,16976.90619295866,11992.862732275142
forecast_1088,2025-02-15 08:00:00,16548.460083787846,17479.18784255954,11553.988022740288
forecast_1089,2025-02-15 09:00:00,15165.065050557834,17042.64827543022,10563.579756652223
forecast_1090,2025-02-15 10:00:00,11803.926681884053,14299.300067313432,9111.567147155387
forecast_1091,2025-02-15 11:00:00,10325.956900181964,12611.825403544564,7619.476416937029
forecast_1092,2025-02-15 12:00:00,9915.705985916262,12343.830133789168,7076.3638564666235
forecast_1093,2025-02-15 13:00:00,9851.522260522524,13371.68267734925,9562.247792821758
forecast_1094,2025-02-15 14:00:00,10658.258088205432,13624.73086684312,11295.967912691398
forecast_1095,2025-02-15 15:00:00,12713.422638273416,15472.482664001409,13217.130212649403
forecast_1096,2025-02-15 16:00:00,14129.742278041214,15815.185797782471,13437.815801210696
forecast_1097,2025-02-15 17:00:00,14845.641773540867,15161.051790434427,16174.449471424594
forecast_1098,2025-02-15 18:00:00,15829.331537551838,16140.399080495126,17128.327503004042
forecast_1099,2025-02-15 19:00:00,17881.79093244328,17894.80272361057,17375.231034279903
forecast_1100,2025-02-15 20:00:00,18631.09673999501,18895.051045964363,17893.586252826648
forecast_1101,2025-02-15 21:00:00,18871.478552867196,19509.822648359557,17639.65392519789
forecast_1102,2025-02-15 22:00:00,18881.703479769385,19489.91426037584,17564.05135608443
forecast_1103,2025-02-15 23:00:00,18610.26550989497,19479.316266104426,17193.72526987732
forecast_1104,2025-02-16 00:00:00,18619.046835335186,19589.224131848183,17862.758867412766
forecast_1105,2025-02-16 01:00:00,18946.11988082267,19992.45737812843,17700.410215595293
forecast_1106,2025-02-16 02:00:00,18780.970663284872,19716.22136197415,17298.40026347364
forecast_1107,2025-02-16 03:00:00,18080.470179937223,19657.97473190612,16676.444156102785
forecast_1108,2025-02-16 04:00:00,17543.99452193305,19268.692499772238,16151.220446510977
forecast_1109,2025-02-16 05:00:00,16702.98942273971,19008.38024709793,15144.744425372886
forecast_1110,2025-02-16 06:00:00,16386.9976996117,18689.01315088488,13634.490325894092
forecast_1111,2025-02-16 07:00:00,15221.166100399432,17910.964946959462,12615.320359090068
forecast_1112,2025-02-16 08:00:00,13670.433836444585,16542.617693430577,11057.615396112767
forecast_1113,2025-02-16 09:00:00,12142.37483728204,15519.644795336442,10738.718178666397
forecast_1114,2025-02-16 10:00:00,9061.935562979577,13445.850342634356,9537.581782408093
forecast_1115,2025-02-16 11:00:00,8108.549905587992,12500.890308760587,9065.111503662632
forecast_1116,2025-02-16 12:00:00,7993.608575793991,11686.559469028722,10126.75098534763
forecast_1117,2025-02-16 13:00:00,9342.372215072148,11400.768928556394,10667.468670140444
forecast_1118,2025-02-16 14:00:00,10710.245463788928,12718.241011942797,11834.494472658876
forecast_1119,2025-02-16 15:00:00,12203.740714468498,14769.998865605692,12553.1440182982
forecast_1120,2025-02-16 16:00:00,14306.113179673599,15358.571754312594,13845.429794765563
forecast_1121,2025-02-16 17:00:00,15215.14861189407,16808.48916891899,15342.105878635348
forecast_1122,2025-02-16 18:00:00,16066.385383041563,17623.909409072257,16405.30459010299
forecast_1123,2025-02-16 19:00:00,16066.765511057505,17657.98272764305,16112.135089660902
forecast_1124,2025-02-16 20:00:00,16125.152555542729,17707.036758226765,16198.091965137028
forecast_1125,2025-02-16 21:00:00,16672.29196729219,18025.441674025045,16557.917233918193
forecast_1126,2025-02-16 22:00:00,16545.657286705034,17847.068827778392,14931.737655161809
forecast_1127,2025-02-16 23:00:00,16119.80273799542,17514.120508917527,15146.094145894962
forecast_1128,2025-02-17 00:00:00,15441.707627474185,16789.00619682612,12891.87304306618
forecast_1129,2025-02-17 01:00:00,14900.681268104137,15393.650380441937,11354.645070297429
forecast_1130,2025-02-17 02:00:00,13998.104406357765,13820.670708601976,10502.005668118021
forecast_1131,2025-02-17 03:00:00,13429.5359639281,13208.862024294434,10485.00651975795
forecast_1132,2025-02-17 04:00:00,13124.483835843534,12933.409381992518,11918.88880775661
forecast_1133,2025-02-17 05:00:00,12518.767538796648,11591.610511123474,11484.610664609972
forecast_1134,2025-02-17 06:00:00,12176.447203298938,12279.214974047985,11028.882762219306
forecast_1135,2025-02-17 07:00:00,12399.230697744977,12474.163062733911,10569.974108622795
forecast_1136,2025-02-17 08:00:00,12788.102107407358,13398.570045819351,10776.78504779136
forecast_1137,2025-02-17 09:00:00,12980.171629438144,14188.241138421392,11239.281103364348
forecast_1138,2025-02-17 10:00:00,12842.135850553374,13860.13682370877,11008.936992797646
forecast_1139,2025-02-17 11:00:00,13060.4040178007,13230.05991314622,10462.724582660327
forecast_1140,2025-02-17 12:00:00,12995.26381536819,12859.919975318577,10007.713635306576
forecast_1141,2025-02-17 13:00:00,12981.997509362536,12789.797019092835,9381.308696729157
forecast_1142,2025-02-17 14:00:00,12220.85593205614,12582.93808025381,8245.950489291947
forecast_1143,2025-02-17 15:00:00,11602.021934601655,11888.933318767806,7526.0784931746175
forecast_1144,2025-02-17 16:00:00,10533.890333152092,10858.821834943612,7018.724206581063
forecast_1145,2025-02-17 17:00:00,9566.032540922282,9124.30121261821,6707.687502830503
forecast_1146,2025-02-17 18:00:00,9093.288933977561,8747.947941420087,5809.913087105945
forecast_1147,2025-02-17 19:00:00,8941.872603382584,7452.008810017427,5590.696223622807
forecast_1148,2025-02-17 20:00:00,8522.653535229176,7274.356762860616,5300.318904179812
forecast_1149,2025-02-17 21:00:00,8192.04564024002,7337.71168377042,5271.273026656992
forecast_1150,2025-02-17 22:00:00,8185.166954219824,7861.587320406037,5730.695930971069
forecast_1151,2025-02-17 23:00:00,8589.517075415177,8988.233377901859,6718.534884261508
forecast_1152,2025-02-18 00:00:00,9362.83346966351,9883.102044732415,7419.478027195862
forecast_1153,2025-02-18 01:00:00,9719.230007444334,10268.069931497062,8119.181272641946
forecast_1154,2025-02-18 02:00:00,10525.71671964979,10505.973251090028,9796.416664349304
forecast_1155,2025-02-18 03:00:00,11086.466295090526,11276.507759847065,10774.813194847888
forecast_1156,2025-02-18 04:00:00,11360.705315563067,12067.689879863508,11652.636048707978
forecast_1157,2025-02-18 05:00:00,11564.620771013299,12637.498943714818,12751.87677367229
forecast_1158,2025-02-18 06:00:00,11668.686421948696,13575.944943075192,13357.878629239167
forecast_1159,2025-02-18 07:00:00,11647.681449859687,14664.812479969893,13735.921141824096
forecast_1160,2025-02-18 08:00:00,11373.372953457347,14851.74883703876,13614.342734460823
forecast_1161,2025-02-18 09:00:00,11439.439710099265,13591.657799439457,12394.779487144793
forecast_1162,2025-02-18 10:00:00,11134.362117636774,12619.899987547664,10757.258838118505
forecast_1163,2025-02-18 11:00:00,11444.444086233267,12704.968449504771,10905.185484930043
forecast_1164,2025-02-18 12:00:00,12098.31143116451,12356.439815290118,10501.772963299249
forecast_1165,2025-02-18 13:00:00,12313.88531734129,12420.658012359638,10287.613516768608
forecast_1166,2025-02-18 14:00:00,12741.798782832877,12602.464518870653,10203.18165618134
forecast_1167,2025-02-18 15:00:00,12692.349865841617,11941.096218609962,9686.217098630743
forecast_1168,2025-02-18 16:00:00,12392.831041168074,11009.63631018156,8976.80827672072
forecast_1169,2025-02-18 17:00:00,12291.852094313836,10185.600912314896,9045.88990984481
forecast_1170,2025-02-18 18:00:00,11863.48316041851,10380.818836640912,8984.812657333081
forecast_1171,2025-02-18 19:00:00,11435.950269894849,10818.899822485757,10326.776251497467
forecast_1172,2025-02-18 20:00:00,10970.937543879154,11507.166405837426,10303.704791933109
forecast_1173,2025-02-18 21:00:00,10392.278236275426,12973.88535766555,9235.3644589545
forecast_1174,2025-02-18 22:00:00,10284.430042757675,14125.042744997318,8805.264331957878
forecast_1175,2025-02-18 23:00:00,10510.909763873351,14878.8186460414,10043.051479427511
forecast_1176,2025-02-19 00:00:00,10784.280300843617,14315.429409330278,11297.428519546313
forecast_1177,2025-02-19 01:00:00,10463.673760981761,14392.249125072958,10155.28019871714
forecast_1178,2025-02-19 02:00:00,11126.483394116698,15330.192820013881,11191.687407259493
forecast_1179,2025-02-19 03:00:00,11226.43857472461,15814.957541026784,12848.146093616213
forecast_1180,2025-02-19 04:00:00,11242.119160720524,16043.542018514596,13018.476601957787
forecast_1181,2025-02-19 05:00:00,11435.724830509855,16488.002797938563,13115.495665429587
forecast_1182,2025-02-19 06:00:00,11355.634337566906,16837.435971064508,13033.929364243002
forecast_1183,2025-02-19 07:00:00,11583.298498552635,17360.57543622774,13678.686899292545
forecast_1184,2025-02-19 08:00:00,11695.13904987212,17356.392896973295,13551.557672560786
forecast_1185,2025-02-19 09:00:00,10573.33237043328,15426.07356317902,10806.954761818124
forecast_1186,2025-02-19 10:00:00,9208.199749336032,11150.461419521474,9332.688907402471
forecast_1187,2025-02-19 11:00:00,7980.34100187796,7693.903883765844,8702.9955393782
forecast_1188,2025-02-19 12:00:00,7270.670977081814,6376.904557854015,7464.215260596137
forecast_1189,2025-02-19 13:00:00,6813.910300126274,6074.596758173153,6335.57307346521
forecast_1190,2025-02-19 14:00:00,6839.987357386131,5895.7181557167205,6010.211099209445
forecast_1191,2025-02-19 15:00:00,6820.556990615026,5967.152629441075,5866.5039643191085
forecast_1192,2025-02-19 16:00:00,6887.707234408339,5861.243772261748,5847.642115859724
forecast_1193,2025-02-19 17:00:00,6953.631277885096,5917.425019678347,6064.892022832913
forecast_1194,2025-02-19 18:00:00,7167.449687540899,6119.003382213183,6390.352538262549
forecast_1195,2025-02-19 19:00:00,7284.191571958316,6592.234991590454,6784.554868160525
forecast_1196,2025-02-19 20:00:00,7462.513415056265,6941.870857654651,7490.887239177527
forecast_1197,2025-02-19 21:00:00,7651.220769773786,8968.590699424658,8077.5277399510405
forecast_1198,2025-02-19 22:00:00,8244.216671455115,12079.881524669168,8368.721658523991
forecast_1199,2025-02-19 23:00:00,9026.457917808013,13588.59311094847,8577.86071463917
forecast_1200,2025-02-20 00:00:00,10017.696068620153,13777.82412010135,8927.455159937035
forecast_1201,2025-02-20 01:00:00,9779.944223690085,13426.684326659495,8002.732116892032
forecast_1202,2025-02-20 02:00:00,9235.428330410165,12727.148458108015,8186.015796214753
forecast_1203,2025-02-20 03:00:00,9311.276360495394,13104.188729303894,8442.879731581537
forecast_1204,2025-02-20 04:00:00,9582.036495858032,13274.83470961191,9340.673651350317
forecast_1205,2025-02-20 05:00:00,10154.938969944604,13799.691442975658,10531.563326687678
forecast_1206,2025-02-20 06:00:00,10502.097164191244,14922.000656256332,11886.705080284704
forecast_1207,2025-02-20 07:00:00,11848.30026126665,15776.127471228898,12813.452399638325
forecast_1208,2025-02-20 08:00:00,12254.33080373278,16821.625555096354,12596.311851063114
forecast_1209,2025-02-20 09:00:00,11614.679874729427,16908.289308821197,10421.675350234123
forecast_1210,2025-02-20 10:00:00,10634.046776093473,14388.01871654016,9815.691167542533
forecast_1211,2025-02-20 11:00:00,10062.333874929522,11113.131510975572,9651.920298884319
forecast_1212,2025-02-20 12:00:00,9594.944674157236,9956.268100685109,10544.256941256663
forecast_1213,2025-02-20 13:00:00,9679.262774547926,9802.331612830134,9392.72948840024
forecast_1214,2025-02-20 14:00:00,10016.979242234818,9470.09155501538,9233.046419447777
forecast_1215,2025-02-20 15:00:00,9994.313119998304,9505.384617718477,8907.898540217542
forecast_1216,2025-02-20 16:00:00,9706.307454266691,9154.329156397744,7640.017343464316
forecast_1217,2025-02-20 17:00:00,9688.720853862167,9237.175394239113,7563.041393178528
forecast_1218,2025-02-20 18:00:00,9851.849254897075,9615.986721675567,8794.69241286032
forecast_1219,2025-02-20 19:00:00,10063.522308558531,9767.045385962516,9428.523101370574
forecast_1220,2025-02-20 20:00:00,9961.581083420764,10666.184770720381,10656.253421121968
forecast_1221,2025-02-20 21:00:00,9271.963052419276,11452.117040302732,9294.15003880141
forecast_1222,2025-02-20 22:00:00,9005.53696761786,12972.65769595348,8897.806090923144
forecast_1223,2025-02-20 23:00:00,8838.182730323882,13989.401227425838,8233.20868316872
forecast_1224,2025-02-21 00:00:00,9335.645669733629,14117.077220502084,8123.967140301967
forecast_1225,2025-02-21 01:00:00,9253.852811296772,13485.289876686193,7795.013099451817
forecast_1226,2025-02-21 02:00:00,10122.649431519147,13490.664184160041,8795.359429487333
forecast_1227,2025-02-21 03:00:00,10136.851778345434,12842.076136168562,9208.651156767524
forecast_1228,2025-02-21 04:00:00,10110.616011384165,12640.406674974209,9212.402869042202
forecast_1229,2025-02-21 05:00:00,9553.443920894446,12495.00989368049,9291.311551632616
forecast_1230,2025-02-21 06:00:00,9854.20579670004,12889.107550588431,9416.432934737371
forecast_1231,2025-02-21 07:00:00,10022.727282055901,13460.660962428092,9546.381695773222
forecast_1232,2025-02-21 08:00:00,9999.035321241558,13774.115848047875,9474.026903033286
forecast_1233,2025-02-21 09:00:00,8803.490045920698,11917.77787018602,8217.199010772674
forecast_1234,2025-02-21 10:00:00,7221.429594915398,9252.434505433514,7023.537058802329
forecast_1235,2025-02-21 11:00:00,6450.5195663071445,6502.135097937781,6528.129122533952
forecast_1236,2025-02-21 12:00:00,6209.059595053314,5891.87501322182,5829.620080340403
forecast_1237,2025-02-21 13:00:00,6448.75197982113,5644.184008812085,5708.829572229781
forecast_1238,2025-02-21 14:00:00,6884.260572301996,6326.337504986133,5883.487216705926
forecast_1239,2025-02-21 15:00:00,7725.552823561213,6671.512479943955,6076.341047964788
forecast_1240,2025-02-21 16:00:00,8367.87421950103,6957.512545041695,6347.450605160614
forecast_1241,2025-02-21 17:00:00,8872.530574943561,7374.902596691908,7098.703277525568
forecast_1242,2025-02-21 18:00:00,9629.72625567791,8514.706569511069,8140.040549228905
forecast_1243,2025-02-21 19:00:00,10452.88972020975,8868.397795172405,9240.702838935606
forecast_1244,2025-02-21 20:00:00,10894.737994465142,9335.533020168421,10097.987453747966
forecast_1245,2025-02-21 21:00:00,11037.913928916449,10137.779544092482,9943.025452216076
forecast_1246,2025-02-21 22:00:00,11080.283537953215,10684.966912872487,11623.961780786614
forecast_1247,2025-02-21 23:00:00,11335.88411341924,11142.561854367046,11847.691148162372
forecast_1248,2025-02-22 00:00:00,12337.708264615158,12219.884636607463,11793.637009616077
forecast_1249,2025-02-22 01:00:00,13760.055799360278,13189.526028751912,12495.796940563587
forecast_1250,2025-02-22 02:00:00,14274.416052828317,13513.936629191681,13034.149188256837
forecast_1251,2025-02-22 03:00:00,14272.091681483023,14251.541468186391,14743.68290175637
forecast_1252,2025-02-22 04:00:00,13747.951835620728,14686.91391237059,14392.241410315179
forecast_1253,2025-02-22 05:00:00,12806.702117546247,14411.85551013617,11923.437182073774
forecast_1254,2025-02-22 06:00:00,11253.567363081791,13717.534550202963,10152.7841495012
forecast_1255,2025-02-22 07:00:00,10311.893998786394,12931.827616859939,10127.805585522816
forecast_1256,2025-02-22 08:00:00,9961.692161896264,11793.768745522093,9359.762896526352
forecast_1257,2025-02-22 09:00:00,8853.233786030318,10709.04436098143,6961.194604088202
forecast_1258,2025-02-22 10:00:00,6510.973594753604,6486.472192730626,4959.088809684921
forecast_1259,2025-02-22 11:00:00,5451.216038491844,4357.309127599565,4342.10962609955
forecast_1260,2025-02-22 12:00:00,5163.177811311607,3988.492341025848,4529.659161904508
forecast_1261,2025-02-22 13:00:00,5917.6842423538055,4997.14343323114,5664.800093622568
forecast_1262,2025-02-22 14:00:00,6474.345147610067,5578.754404883161,6491.089147165682
forecast_1263,2025-02-22 15:00:00,7081.341956138307,6630.313052003014,7615.9494506163455
forecast_1264,2025-02-22 16:00:00,8015.13764518121,6408.9570883297165,7647.673512798631
forecast_1265,2025-02-22 17:00:00,8895.252042030945,7648.988999495248,8174.361108940079
forecast_1266,2025-02-22 18:00:00,10221.245621901708,9093.864977221827,9850.771746474358
forecast_1267,2025-02-22 19:00:00,11294.57870299566,12580.15762512842,12431.440889096644
forecast_1268,2025-02-22 20:00:00,12169.045037256245,13845.795489876145,13542.82088161968
forecast_1269,2025-02-22 21:00:00,13205.491498674708,15413.523700676897,15294.747099413426
forecast_1270,2025-02-22 22:00:00,13947.628078341204,17325.94960285457,16732.597517008908
forecast_1271,2025-02-22 23:00:00,14292.41112043932,18734.42581036784,17238.281135183643
forecast_1272,2025-02-23 00:00:00,14652.076271508982,18965.94817699967,17202.296366073504
forecast_1273,2025-02-23 01:00:00,14834.64296464413,19150.85095148249,17242.778862358842
forecast_1274,2025-02-23 02:00:00,14611.131887770978,18949.756623289788,17435.491632860456
forecast_1275,2025-02-23 03:00:00,14868.075971723281,19052.613405640845,17659.461626178054
forecast_1276,2025-02-23 04:00:00,15004.358973823726,19306.90717339119,18070.027863338713
forecast_1277,2025-02-23 05:00:00,16521.200130513524,19523.86644328144,18387.20317422206
forecast_1278,2025-02-23 06:00:00,16603.543748039065,19872.816062161917,18599.057211975145
forecast_1279,2025-02-23 07:00:00,16699.664914469213,20012.15746544407,18498.856142455003
forecast_1280,2025-02-23 08:00:00,16495.440884341093,19978.9844585104,18455.723672890337
forecast_1281,2025-02-23 09:00:00,15324.06751396277,19343.75844650513,17969.689902026097
forecast_1282,2025-02-23 10:00:00,14245.685437321952,17550.601639636243,16576.414078390793
forecast_1283,2025-02-23 11:00:00,13939.929126543588,16363.630860184992,15549.634667658369
forecast_1284,2025-02-23 12:00:00,13761.148126341119,16049.854701839438,13982.966571441208
forecast_1285,2025-02-23 13:00:00,13606.604800020144,15368.647851245865,12615.192265309803
forecast_1286,2025-02-23 14:00:00,13329.815963193627,14570.77654060859,11955.2114399399
forecast_1287,2025-02-23 15:00:00,12982.107612626285,13147.949322501872,10852.045479599286
forecast_1288,2025-02-23 16:00:00,12375.915905364536,10856.917414008803,10142.537827972694
forecast_1289,2025-02-23 17:00:00,11974.09231222158,9802.926167160584,9332.196434702884
forecast_1290,2025-02-23 18:00:00,12017.011200927502,9474.35418901133,10437.591960854035
forecast_1291,2025-02-23 19:00:00,11948.703746775192,9881.820730887594,11116.496037586443
forecast_1292,2025-02-23 20:00:00,11628.449539834652,11360.84817217534,11520.869625884798
forecast_1293,2025-02-23 21:00:00,11090.32605030059,12250.430916275222,10462.648368427755
forecast_1294,2025-02-23 22:00:00,12300.420405844981,14519.011008669133,10389.216318596882
forecast_1295,2025-02-23 23:00:00,13724.500375514457,16125.710155708693,10896.429159268271
forecast_1296,2025-02-24 00:00:00,14504.700534686415,16687.06787208189,11861.807274643983
forecast_1297,2025-02-24 01:00:00,15043.231933482133,17472.363184775888,13099.629259322226
forecast_1298,2025-02-24 02:00:00,16329.617943816329,19016.57905557591,14605.0174542638
forecast_1299,2025-02-24 03:00:00,16429.013441352086,19322.13393861606,15088.475748763609
forecast_1300,2025-02-24 04:00:00,17352.046514016794,19303.858003397865,15870.440127255004
forecast_1301,2025-02-24 05:00:00,17313.593087281428,19126.298228579653,16078.555887222787
forecast_1302,2025-02-24 06:00:00,16879.95708837027,18955.080565570366,16088.11059184581
forecast_1303,2025-02-24 07:00:00,16137.292746160596,18155.705892684433,15542.74078793716
forecast_1304,2025-02-24 08:00:00,15727.427864664669,17640.79161698193,15370.175637895889
forecast_1305,2025-02-24 09:00:00,14519.97903179794,16554.356540207562,13624.374613126256
forecast_1306,2025-02-24 10:00:00,10555.119767644786,13588.721827595515,11354.38061850001
forecast_1307,2025-02-24 11:00:00,8555.248266047187,10954.589097338197,10425.100068483243
forecast_1308,2025-02-24 12:00:00,8305.600154573436,9501.738824837154,10121.701141435373
forecast_1309,2025-02-24 13:00:00,7926.075721138093,9652.954497562234,9464.352154548185
forecast_1310,2025-02-24 14:00:00,8258.366494366725,8880.858575762555,9723.353562816883
forecast_1311,2025-02-24 15:00:00,8466.697494432061,8367.993236795739,9447.64164941759
forecast_1312,2025-02-24 16:00:00,9309.898831869217,9032.298017451518,9610.221657896793
forecast_1313,2025-02-24 17:00:00,10272.60676433911,9849.343031736205,10275.795583391553
forecast_1314,2025-02-24 18:00:00,11955.854927580785,11683.421769034863,12517.853999059762
forecast_1315,2025-02-24 19:00:00,14205.424793033266,14306.268720591135,14230.685818765403
forecast_1316,2025-02-24 20:00:00,15427.169967528349,15928.599397201495,15116.836494555484
forecast_1317,2025-02-24 21:00:00,16730.46607447982,17481.46785805707,16110.470084436158
forecast_1318,2025-02-24 22:00:00,19200.280918187767,19264.29982175898,17298.751067090743
forecast_1319,2025-02-24 23:00:00,20243.808198181738,19683.204519270395,17750.014087549025
forecast_1320,2025-02-25 00:00:00,20580.942047454446,20237.384121249073,18230.84681981667
forecast_1321,2025-02-25 01:00:00,20430.192284656474,20352.25073745139,18573.368431499337
forecast_1322,2025-02-25 02:00:00,20368.303950974412,20493.15866386981,18945.31658610145
forecast_1323,2025-02-25 03:00:00,20337.48845767542,20687.5395050862,19060.28009963694
forecast_1324,2025-02-25 04:00:00,19943.62607326109,20679.950882971385,19374.270112793543
forecast_1325,2025-02-25 05:00:00,19736.098963106844,20743.292862401642,19423.86162779033
forecast_1326,2025-02-25 06:00:00,19619.80813806494,20729.974426927205,19483.1455443413
forecast_1327,2025-02-25 07:00:00,19485.67190284869,20656.84009607351,19470.034145612564
forecast_1328,2025-02-25 08:00:00,19704.515068213805,20681.653260688065,19432.30143286158
forecast_1329,2025-02-25 09:00:00,19704.217963358264,20572.958223753216,19317.69801126393
forecast_1330,2025-02-25 10:00:00,17956.992814968322,20266.181980774243,18854.36890231639
forecast_1331,2025-02-25 11:00:00,17297.06092570118,20117.30483753232,18573.483701254016
forecast_1332,2025-02-25 12:00:00,15910.133440673597,19783.95367303939,17306.09304287842
forecast_1333,2025-02-25 13:00:00,15465.193621503788,19207.83672793043,15626.106121825364
forecast_1334,2025-02-25 14:00:00,15294.531794215342,18735.282889545844,16647.293511111708
forecast_1335,2025-02-25 15:00:00,16135.265637171895,18516.467702539798,17289.35002505406
forecast_1336,2025-02-25 16:00:00,17164.63199752254,19081.258119558363,17599.216506461482
forecast_1337,2025-02-25 17:00:00,18210.342861098045,19678.275637066727,18656.54563298353
forecast_1338,2025-02-25 18:00:00,19232.82813600426,19949.080860691756,19281.11948499598
forecast_1339,2025-02-25 19:00:00,19558.689203667345,19936.144689423327,19493.96557879926
forecast_1340,2025-02-25 20:00:00,19902.13651507749,19907.513865641387,19506.634396164103
forecast_1341,2025-02-25 21:00:00,20062.370313582658,19867.07333272539,19479.42357265045
forecast_1342,2025-02-25 22:00:00,20005.81278103911,19800.841001192744,19421.83847776679
forecast_1343,2025-02-25 23:00:00,19922.863907154577,19623.731243289756,19183.666755373277
forecast_1344,2025-02-26 00:00:00,19878.80644311099,19743.676025388024,19109.449028117546
forecast_1345,2025-02-26 01:00:00,19757.173983794903,19676.11664691807,18891.13089955908
forecast_1346,2025-02-26 02:00:00,19357.55083021301,19614.9159255086,18979.602383449193
forecast_1347,2025-02-26 03:00:00,18975.00464500566,19606.812065089376,18870.819546644314
forecast_1348,2025-02-26 04:00:00,18750.51091142137,19549.109777276437,18477.156303401818
forecast_1349,2025-02-26 05:00:00,18107.255128859295,19189.799689554646,18832.054731978355
forecast_1350,2025-02-26 06:00:00,17214.101743131774,19209.49553534759,18529.08732775841
forecast_1351,2025-02-26 07:00:00,16872.429267557334,19299.96055660975,18407.65698471052
forecast_1352,2025-02-26 08:00:00,16204.355191982815,18530.939829494,17665.32519122963
forecast_1353,2025-02-26 09:00:00,14670.144720785116,17944.155538954496,16097.666466363444
forecast_1354,2025-02-26 10:00:00,13021.347160485784,15309.408723853297,13846.766224312862
forecast_1355,2025-02-26 11:00:00,12213.576752724803,14055.607205565062,12183.034327754856
forecast_1356,2025-02-26 12:00:00,11921.636719613718,13167.561815603724,10660.85677468322
forecast_1357,2025-02-26 13:00:00,12291.15929558275,13581.761137612582,10632.321084874859
forecast_1358,2025-02-26 14:00:00,12365.888121827158,13419.447127832727,10249.409116646964
forecast_1359,2025-02-26 15:00:00,12771.268619399965,13902.907581171232,10183.181478498089
forecast_1360,2025-02-26 16:00:00,13076.81876265962,13915.738382574196,11443.553832111302
forecast_1361,2025-02-26 17:00:00,13533.761560771103,14027.728727197487,11690.69029886758
forecast_1362,2025-02-26 18:00:00,14235.25485330002,15077.164784016364,15061.501764773659
forecast_1363,2025-02-26 19:00:00,14970.2423192348,17176.204853429153,17190.222466610147
forecast_1364,2025-02-26 20:00:00,15850.678858774032,19541.003869297834,18021.173924731145
forecast_1365,2025-02-26 21:00:00,17061.45843673167,19651.0472433732,18826.746909917994
forecast_1366,2025-02-26 22:00:00,17149.68393719091,19669.648291551966,18798.491327965494
forecast_1367,2025-02-26 23:00:00,17353.625009739706,19780.504056506023,18713.892363616018
forecast_1368,2025-02-27 00:00:00,18770.286788975893,20229.797483776492,18918.146950348193
forecast_1369,2025-02-27 01:00:00,19375.388627440923,20515.342007061387,19208.599076196326
forecast_1370,2025-02-27 02:00:00,19691.801517576198,20538.503301278546,19224.966178236442
forecast_1371,2025-02-27 03:00:00,19786.72828336915,20572.224864936496,19382.04278107603
forecast_1372,2025-02-27 04:00:00,19441.563866995202,20528.861871704838,19321.19458844357
forecast_1373,2025-02-27 05:00:00,19205.77412750584,20323.203831125116,19012.08635415823
forecast_1374,2025-02-27 06:00:00,19048.537277983305,20124.21970528731,18484.272425886975
forecast_1375,2025-02-27 07:00:00,19010.658422455017,19954.246647691325,18549.9828003359
forecast_1376,2025-02-27 08:00:00,18887.819015594894,19630.601285866716,17699.551117207884
forecast_1377,2025-02-27 09:00:00,17816.350266848458,18806.199733008434,16065.60490803866
forecast_1378,2025-02-27 10:00:00,14622.043367140446,17626.163271995556,15654.58279850749
forecast_1379,2025-02-27 11:00:00,12668.533684492868,15623.397118095869,14648.97581703532
forecast_1380,2025-02-27 12:00:00,11345.546301802471,13435.449427302563,13046.96102582863
forecast_1381,2025-02-27 13:00:00,10214.867016790002,12342.172443168847,11585.9338990655
forecast_1382,2025-02-27 14:00:00,9233.21042428093,10241.47977439245,8677.901740276138
forecast_1383,2025-02-27 15:00:00,8284.358424378068,9111.328812031657,8315.296472642935
forecast_1384,2025-02-27 16:00:00,8582.257278703948,8209.400611173209,8198.492193643373
forecast_1385,2025-02-27 17:00:00,8782.42575417793,7587.747687013931,6936.963341750521
forecast_1386,2025-02-27 18:00:00,9959.543910134627,8719.644086683602,7795.540222892546
forecast_1387,2025-02-27 19:00:00,11445.3177974385,11181.032711013624,8760.183372375537
forecast_1388,2025-02-27 20:00:00,11838.634270391576,12856.40703599092,9180.924107842106
forecast_1389,2025-02-27 21:00:00,12305.808323146992,13379.405610882797,9924.535061978091
forecast_1390,2025-02-27 22:00:00,13939.187581965192,15557.51725000204,10224.97163238524
forecast_1391,2025-02-27 23:00:00,14837.129486141848,16078.914122773664,11574.50182058428
forecast_1392,2025-02-28 00:00:00,15178.966268112847,17141.80590081209,12903.887525935725
forecast_1393,2025-02-28 01:00:00,15453.87491831229,17519.339809982834,13208.390799300807
forecast_1394,2025-02-28 02:00:00,15818.669762585338,17266.599423054227,12796.309849519412
forecast_1395,2025-02-28 03:00:00,16520.51001860451,17115.185266100903,12051.249610145645
forecast_1396,2025-02-28 04:00:00,17007.74818903555,17782.76119017137,14626.45053959752
forecast_1397,2025-02-28 05:00:00,18076.39387285235,18564.783655832456,16358.97641025836
forecast_1398,2025-02-28 06:00:00,18481.1009953146,19017.87511082805,17045.210735808505
forecast_1399,2025-02-28 07:00:00,18366.67191227225,19222.734522020157,17970.38555674075
forecast_1400,2025-02-28 08:00:00,18127.271276640302,19347.497071642447,17992.660987969488
forecast_1401,2025-02-28 09:00:00,17319.224250274463,19330.02737159856,17993.085586013818
forecast_1402,2025-02-28 10:00:00,15525.327703314138,18788.64503966044,17182.820918113306
forecast_1403,2025-02-28 11:00:00,14678.08927667934,17977.438233864705,15046.904446324237
forecast_1404,2025-02-28 12:00:00,13745.71455701341,17151.7343331703,13398.95482704819
forecast_1405,2025-02-28 13:00:00,12959.283076390755,16462.510358028972,13114.479264349926
forecast_1406,2025-02-28 14:00:00,12441.291483290343,15228.292594295413,12669.710808895217
forecast_1407,2025-02-28 15:00:00,12421.287557317868,14667.287003917316,12420.093866442061
forecast_1408,2025-02-28 16:00:00,12871.741694025317,15010.894888750661,13044.872409485259
forecast_1409,2025-02-28 17:00:00,14417.707467762084,15354.57029933221,13178.242470062462
forecast_1410,2025-02-28 18:00:00,14750.653936745999,15641.447325876023,12928.692552643568
forecast_1411,2025-02-28 19:00:00,16191.253733968595,16169.648987712613,13265.066306814513
forecast_1412,2025-02-28 20:00:00,17325.678714695237,16757.6829364048,12817.211963169962
forecast_1413,2025-02-28 21:00:00,16437.235615652695,15328.486264448242,11654.608839426925
forecast_1414,2025-02-28 22:00:00,15506.973174495486,15138.132730375559,12204.47647112036
forecast_1415,2025-02-28 23:00:00,14262.460103243606,13120.14673064365,11150.833732273291
forecast_1416,2025-03-01 00:00:00,12515.9785830032,12864.276791589908,10170.261857852372
forecast_1417,2025-03-01 01:00:00,12442.297609225689,11351.142231321046,9945.820289872521
forecast_1418,2025-03-01 02:00:00,10321.37153701535,9409.626125437917,7453.155639451039
forecast_1419,2025-03-01 03:00:00,8317.048581163408,7321.068277833204,5402.856546623341
forecast_1420,2025-03-01 04:00:00,6425.497228417568,5561.424130781668,4210.459471936854
forecast_1421,2025-03-01 05:00:00,4917.089116235404,4223.085605265382,3100.619087622571
forecast_1422,2025-03-01 06:00:00,3518.4723242571517,3602.0089556768908,2729.2537741646393
forecast_1423,2025-03-01 07:00:00,2622.324852528728,2675.2966511901086,2407.9637777404037
forecast_1424,2025-03-01 08:00:00,2090.3804002342467,2097.4845589637607,2065.6880913252403
forecast_1425,2025-03-01 09:00:00,1592.4953029999779,1628.007781991073,1841.578261282836
forecast_1426,2025-03-01 10:00:00,1375.2619117153738,1517.7216025142047,1739.2563312412922
forecast_1427,2025-03-01 11:00:00,1202.2323630809644,1712.5963396892053,1843.5549357238117
forecast_1428,2025-03-01 12:00:00,1361.883000776601,2075.667424704684,2029.9095396948778
forecast_1429,2025-03-01 13:00:00,1662.487053584041,2234.303861681831,2162.286958820983
forecast_1430,2025-03-01 14:00:00,2385.787725272382,2935.1767789763144,2429.791382157396
forecast_1431,2025-03-01 15:00:00,3325.3750690015286,3732.252547414767,2987.812040197595
forecast_1432,2025-03-01 16:00:00,3951.6968455038555,4370.961362013338,3463.093272813661
forecast_1433,2025-03-01 17:00:00,4109.218257399372,4966.107808797737,3507.7034978510173
forecast_1434,2025-03-01 18:00:00,4404.580949938876,5008.756769836837,3241.616704411017
forecast_1435,2025-03-01 19:00:00,4314.800686229678,4813.835496337712,3492.0916935218866
forecast_1436,2025-03-01 20:00:00,3936.4093235907094,5035.54723089214,3288.0976911492344
forecast_1437,2025-03-01 21:00:00,3802.4186125155293,5183.206766296424,2896.64590219483
forecast_1438,2025-03-01 22:00:00,3529.831001782481,5114.559575949935,3269.4372237326306
forecast_1439,2025-03-01 23:00:00,3324.6505616627414,4781.494356696505,3012.5009577537467
forecast_1440,2025-03-02 00:00:00,4035.938254821546,5066.821364141791,3318.3017184572122
forecast_1441,2025-03-02 01:00:00,4882.641645574226,5029.166596103762,4467.459068906058
forecast_1442,2025-03-02 02:00:00,5503.6577954493705,5339.268299976071,5328.355659813499
forecast_1443,2025-03-02 03:00:00,5202.247478342533,5334.893212852618,5480.318328603965
forecast_1444,2025-03-02 04:00:00,5719.789095909581,5142.268207296181,5421.680171932781
forecast_1445,2025-03-02 05:00:00,6294.928111916818,5240.544890240544,4860.193132933991
forecast_1446,2025-03-02 06:00:00,4488.246802740883,4828.929188610704,3450.469088468014
forecast_1447,2025-03-02 07:00:00,3096.9130272750776,3482.471111319262,3015.59087836497
forecast_1448,2025-03-02 08:00:00,2894.307129008058,3417.7221741272165,2957.9377986228246
forecast_1449,2025-03-02 09:00:00,2953.850058800488,3467.8609527952076,3101.23904969048
forecast_1450,2025-03-02 10:00:00,3177.667692404588,3590.0578785819016,3717.696476793434
forecast_1451,2025-03-02 11:00:00,3914.1529786613964,4465.954849390941,4691.98843401203
forecast_1452,2025-03-02 12:00:00,5133.954406187463,5342.352391871338,5293.223097932112
forecast_1453,2025-03-02 13:00:00,6145.423522293604,6652.771304937839,6874.749047811446
forecast_1454,2025-03-02 14:00:00,7446.351341367397,8591.669107445605,7788.468441292773
forecast_1455,2025-03-02 15:00:00,8488.464949514719,9407.434346212558,8152.399712848468
forecast_1456,2025-03-02 16:00:00,9088.501437773386,11150.437518298007,9450.071611300857
forecast_1457,2025-03-02 17:00:00,9612.70371616512,12232.028915239665,9892.573204045042
forecast_1458,2025-03-02 18:00:00,11004.513626486252,13189.531357713298,11748.854644768
forecast_1459,2025-03-02 19:00:00,12784.331033027996,14812.577537456289,12839.49315974332
forecast_1460,2025-03-02 20:00:00,13798.435969166969,16192.441045519503,12758.112788899249
forecast_1461,2025-03-02 21:00:00,13371.320679522589,16539.57622187376,12968.597407178857
forecast_1462,2025-03-02 22:00:00,14281.21459524727,17267.530863661254,14105.846692061952
forecast_1463,2025-03-02 23:00:00,13448.19733561991,17452.740795071928,14062.481659553609
forecast_1464,2025-03-03 00:00:00,13475.085636517759,17522.14081166336,13501.282058786548
forecast_1465,2025-03-03 01:00:00,15328.577091743582,17896.930960930862,14567.873269918624
forecast_1466,2025-03-03 02:00:00,15537.215368473671,18243.338940158537,14880.272560433687
forecast_1467,2025-03-03 03:00:00,14145.434977765777,18029.008430935304,14515.793600865632
forecast_1468,2025-03-03 04:00:00,14006.105683534013,17996.084778120035,14584.101499795093
forecast_1469,2025-03-03 05:00:00,14405.1239244266,18011.354975290298,15050.556508443664
forecast_1470,2025-03-03 06:00:00,15565.684452988336,18528.241045065683,15095.27907990449
forecast_1471,2025-03-03 07:00:00,16537.082921946116,18496.790907242954,15124.314171099248
forecast_1472,2025-03-03 08:00:00,16674.26638664351,18552.07403639584,14375.970024265423
forecast_1473,2025-03-03 09:00:00,16472.508408574984,18509.449121397505,14473.47418444021
forecast_1474,2025-03-03 10:00:00,15456.090949444384,18267.343662009822,14404.792497783132
forecast_1475,2025-03-03 11:00:00,15462.936612916052,17735.022718917477,14199.907957317553
forecast_1476,2025-03-03 12:00:00,14756.481621083274,17566.95450326756,14276.732313081577
forecast_1477,2025-03-03 13:00:00,14579.821024623965,17563.02727991697,14405.922246480975
forecast_1478,2025-03-03 14:00:00,13617.029563452363,17350.426986100025,14597.550717508859
forecast_1479,2025-03-03 15:00:00,13729.036526727044,16442.634720439026,14529.887968457573
forecast_1480,2025-03-03 16:00:00,13705.724094036206,14961.568979787979,13930.963348406767
forecast_1481,2025-03-03 17:00:00,13168.400155918342,13047.706435376258,13488.945337896534
forecast_1482,2025-03-03 18:00:00,12956.755698466422,13545.072417258643,13369.831101023165
forecast_1483,2025-03-03 19:00:00,12565.35449428224,14294.812792100847,13262.803463559418
forecast_1484,2025-03-03 20:00:00,12872.258439440266,14604.919338754235,13072.321423957274
forecast_1485,2025-03-03 21:00:00,13414.386394893305,15327.41992716882,12790.309968325813
forecast_1486,2025-03-03 22:00:00,14224.92145298808,15748.116034661867,13205.21245552382
forecast_1487,2025-03-03 23:00:00,14615.530618646764,16257.87609431379,13753.339358688789
forecast_1488,2025-03-04 00:00:00,15041.794896491316,16946.348486409443,13672.78359296038
forecast_1489,2025-03-04 01:00:00,15314.794838926982,17254.288000785462,12871.851782622429
forecast_1490,2025-03-04 02:00:00,15285.834395651713,17418.890737386668,12979.970294691024
forecast_1491,2025-03-04 03:00:00,15489.041337034181,17514.383261263778,13496.68292953348
forecast_1492,2025-03-04 04:00:00,15326.105669078957,17395.777687255337,13399.970899743152
forecast_1493,2025-03-04 05:00:00,15489.344919812671,17550.899837432193,13455.51462815792
forecast_1494,2025-03-04 06:00:00,16004.315568750722,17922.485227187644,14485.520850541423
forecast_1495,2025-03-04 07:00:00,15794.779563307444,17992.3786157537,14471.036105899619
forecast_1496,2025-03-04 08:00:00,16436.637777351723,18038.765551833847,14867.896981519409
forecast_1497,2025-03-04 09:00:00,16476.37671400255,18219.774917284747,15189.011327040931
forecast_1498,2025-03-04 10:00:00,16345.841893443356,18284.365063157646,14715.824378081856
forecast_1499,2025-03-04 11:00:00,16493.947065416643,18343.825290553767,14763.228059540828
forecast_1500,2025-03-04 12:00:00,16433.85147963676,18297.34357811333,14416.246010875126
forecast_1501,2025-03-04 13:00:00,15647.050900719212,18422.22330864172,14224.421018492165
forecast_1502,2025-03-04 14:00:00,15908.356523021534,18460.17617005668,14566.605369547275
forecast_1503,2025-03-04 15:00:00,15313.876333892807,18642.119166746725,14410.836356236437
forecast_1504,2025-03-04 16:00:00,14380.262518475749,18367.78338341078,14516.114188851305
forecast_1505,2025-03-04 17:00:00,13941.483361388098,18144.699504783006,14388.583588245912
forecast_1506,2025-03-04 18:00:00,13901.120653242564,18012.709725699977,14016.149464386372
forecast_1507,2025-03-04 19:00:00,13402.060485787175,17840.854447674265,13912.518693438082
forecast_1508,2025-03-04 20:00:00,13402.09814268833,17850.220076685582,13781.379997945347
forecast_1509,2025-03-04 21:00:00,13503.150619867343,17658.712460162154,13232.07993581809
forecast_1510,2025-03-04 22:00:00,12456.406098701465,16474.210222770093,12948.455534387936
forecast_1511,2025-03-04 23:00:00,11342.438564371838,15348.334365616613,12704.942366836423
forecast_1512,2025-03-05 00:00:00,10289.712486849945,13559.34863476856,11510.091985929526
forecast_1513,2025-03-05 01:00:00,8633.517266365165,9918.721101452611,10430.340928281446
forecast_1514,2025-03-05 02:00:00,7576.830838737213,8539.66917314784,9316.331806388409
forecast_1515,2025-03-05 03:00:00,6895.921576185433,7887.5552262866595,7944.436140192978
forecast_1516,2025-03-05 04:00:00,5797.301583878256,6892.25389886052,7476.476093280282
forecast_1517,2025-03-05 05:00:00,5512.269034435334,7014.201909678236,6592.922909936064
forecast_1518,2025-03-05 06:00:00,5551.546204416367,6794.261264787899,6528.4939166470085
forecast_1519,2025-03-05 07:00:00,5251.122030646555,6962.157338420963,6485.776306743733
forecast_1520,2025-03-05 08:00:00,5296.887479704055,5991.533934899617,6420.046549806385
forecast_1521,2025-03-05 09:00:00,4800.860704928573,4757.965674482382,6016.099193120673
forecast_1522,2025-03-05 10:00:00,3222.13841212208,3265.2742243836165,4946.2186542296
forecast_1523,2025-03-05 11:00:00,2629.961955270667,2332.7450287210368,4020.466971994282
forecast_1524,2025-03-05 12:00:00,1742.217711381008,1823.602083626674,3557.744560501822
forecast_1525,2025-03-05 13:00:00,1920.4168199846458,1895.7941082789014,3573.6449019229112
forecast_1526,2025-03-05 14:00:00,1707.240630022619,1771.381114920539,3143.8117157424776
forecast_1527,2025-03-05 15:00:00,1648.066822836679,1358.5102509078583,2704.2021834841094
forecast_1528,2025-03-05 16:00:00,1619.140356376785,1278.8328931205797,2575.319872578264
forecast_1529,2025-03-05 17:00:00,1677.7246449373986,1282.0198604203606,2530.1513563841736
forecast_1530,2025-03-05 18:00:00,1621.0748848672029,1263.4932309484407,2320.5283945352226
forecast_1531,2025-03-05 19:00:00,1687.3356804280265,1254.2102540138533,2306.5709539934514
forecast_1532,2025-03-05 20:00:00,1873.5057352650551,1465.1699614853278,2326.740418391943
forecast_1533,2025-03-05 21:00:00,2291.7167653168763,1715.7489359155743,2321.8071801145875
forecast_1534,2025-03-05 22:00:00,2499.144815998681,1899.4967710320093,2279.290497632375
forecast_1535,2025-03-05 23:00:00,2286.569648583631,1703.105621971625,2234.353405875492
forecast_1536,2025-03-06 00:00:00,2168.5209334806163,1778.9525156620962,2228.882683891745
forecast_1537,2025-03-06 01:00:00,1954.6779563475109,1831.699579882334,2093.6495464130967
forecast_1538,2025-03-06 02:00:00,1832.520718247527,1804.706329846772,2060.477051606908
forecast_1539,2025-03-06 03:00:00,1763.7060010103905,1556.5760775274605,2044.4165356551082
forecast_1540,2025-03-06 04:00:00,1699.3907813737108,1530.8605797482287,2040.5256105118322
forecast_1541,2025-03-06 05:00:00,1691.9031351442322,1662.8163999556543,2027.1879963993454
forecast_1542,2025-03-06 06:00:00,1680.4187860592338,1552.953820626678,1957.4952753107
forecast_1543,2025-03-06 07:00:00,1450.171332146986,1397.9292800864891,1910.2220237635813
forecast_1544,2025-03-06 08:00:00,1278.6296207571372,1179.819739676976,1829.6334630111921
forecast_1545,2025-03-06 09:00:00,1127.81032089003,1024.7039296077028,1785.8266219020336
forecast_1546,2025-03-06 10:00:00,983.5369307579944,1044.7917196387127,1747.629722487971
forecast_1547,2025-03-06 11:00:00,714.247264519353,972.222432958254,1818.254478347346
forecast_1548,2025-03-06 12:00:00,641.8092444321584,913.8152852471758,1864.8786238551586
forecast_1549,2025-03-06 13:00:00,671.1906076292697,967.2899979451465,1897.923423659846
forecast_1550,2025-03-06 14:00:00,574.7189486553657,938.6663987858268,1935.4924249802536
forecast_1551,2025-03-06 15:00:00,687.9157035580405,973.3373441644787,1988.6626289335995
forecast_1552,2025-03-06 16:00:00,838.3900762019094,925.9797100085523,2054.0613585803003
forecast_1553,2025-03-06 17:00:00,951.6836793262705,935.1704064592578,2076.9253188442676
forecast_1554,2025-03-06 18:00:00,1022.5292169996527,956.2808254164404,2058.308942391982
forecast_1555,2025-03-06 19:00:00,998.1018009042181,970.2582859945821,2012.7519734797804
forecast_1556,2025-03-06 20:00:00,1224.7639172044287,1115.7455132844852,2035.1587222207702
forecast_1557,2025-03-06 21:00:00,1152.9341380024766,1028.6720596464427,2052.4444924118247
forecast_1558,2025-03-06 22:00:00,1527.0009232189207,1116.2092043773964,2039.7050242004807
forecast_1559,2025-03-06 23:00:00,1662.8642853069698,1283.8979328247865,2033.8410435761314
forecast_1560,2025-03-07 00:00:00,1334.5726565666905,1006.1174321420789,2039.2159384163747
forecast_1561,2025-03-07 01:00:00,1464.8192005221938,1173.8937350180734,2082.5030338047154
forecast_1562,2025-03-07 02:00:00,1553.185798669944,1129.0511594255672,2035.9594848199595
forecast_1563,2025-03-07 03:00:00,1325.389797374593,1056.8188369350812,1931.2407518785512
forecast_1564,2025-03-07 04:00:00,1196.189246287356,1056.0749672316497,1928.1000997898261
forecast_1565,2025-03-07 05:00:00,1142.1995307502943,965.502562104411,1914.740562331721
forecast_1566,2025-03-07 06:00:00,1326.1641964227717,1113.2478570800088,1910.852134597346
forecast_1567,2025-03-07 07:00:00,1277.2701730993394,1019.4630376638013,1893.1764754176586
forecast_1568,2025-03-07 08:00:00,1236.2525788745631,978.9539664100477,1829.3954695582836
forecast_1569,2025-03-07 09:00:00,1107.565470339474,895.1062616438478,1757.1068953395336
forecast_1570,2025-03-07 10:00:00,975.0870543203829,887.261674980724,1678.2018660426586
forecast_1571,2025-03-07 11:00:00,652.7581419544598,986.8292457361531,1639.660972487971
forecast_1572,2025-03-07 12:00:00,554.6006896629212,914.0684884849397,1680.1685174223044
forecast_1573,2025-03-07 13:00:00,550.9202811605836,935.5660908818811,1644.007838020599
forecast_1574,2025-03-07 14:00:00,567.090469941469,946.0584757982383,1649.7032957101537
forecast_1575,2025-03-07 15:00:00,664.5346596672517,825.5152388324498,1712.1344832301586
forecast_1576,2025-03-07 16:00:00,814.8778895914078,718.3419414330464,1759.792808425471
forecast_1577,2025-03-07 17:00:00,899.010343336416,784.4901909333878,1758.3051375270336
forecast_1578,2025-03-07 18:00:00,1070.8567878956644,928.8089683634045,1809.03784268058
forecast_1579,2025-03-07 19:00:00,1186.1523175474413,889.396745107454,1854.1555420120221
forecast_1580,2025-03-07 20:00:00,1599.0972193580137,1396.0242217444827,1938.0526179574515
forecast_1581,2025-03-07 21:00:00,1797.007552404109,1764.778463161325,2005.2400041382184
forecast_1582,2025-03-07 22:00:00,2173.799376835637,2075.5586679889284,2259.454038918384
forecast_1583,2025-03-07 23:00:00,2820.5514915163276,2795.9258135285572,2439.330832443941
forecast_1584,2025-03-08 00:00:00,3434.8469855906988,3720.681512400242,2974.0012907368755
forecast_1585,2025-03-08 01:00:00,4213.922283048409,4495.058507070771,3765.5866514089244
forecast_1586,2025-03-08 02:00:00,4705.479943433238,5656.10406620447,4432.196218745861
forecast_1587,2025-03-08 03:00:00,5464.549434017506,6561.480143497851,4955.38425382519
forecast_1588,2025-03-08 04:00:00,6149.774327836415,6627.131919324697,5180.666758913362
forecast_1589,2025-03-08 05:00:00,6440.000550262966,7738.9350962113385,5572.271145658088
forecast_1590,2025-03-08 06:00:00,6636.276275263939,8426.54286643567,5626.235803259131
forecast_1591,2025-03-08 07:00:00,6603.262028946708,8722.317217169048,5354.46129416714
forecast_1592,2025-03-08 08:00:00,6485.932245170105,8928.073630872896,4768.199976339591
forecast_1593,2025-03-08 09:00:00,5613.245146898356,7868.223798589774,4911.09536716316
forecast_1594,2025-03-08 10:00:00,4877.385713339314,6348.942710495616,5321.753237198192
forecast_1595,2025-03-08 11:00:00,5002.27000801726,6204.513885806526,6233.821120303079
forecast_1596,2025-03-08 12:00:00,4929.040916125436,6317.349431998936,6181.112702863071
forecast_1597,2025-03-08 13:00:00,5549.589780285974,6376.48744660375,6479.684511374562
forecast_1598,2025-03-08 14:00:00,6153.593595000951,7198.219072606573,6887.620468845117
forecast_1599,2025-03-08 15:00:00,6805.284782433922,8447.53730548719,7189.255416168032
forecast_1600,2025-03-08 16:00:00,8122.820709508173,8776.02326283842,7808.038290007106
forecast_1601,2025-03-08 17:00:00,8806.468858773029,8454.114865489368,7813.678538012064
forecast_1602,2025-03-08 18:00:00,9702.322167838069,8970.376361810571,7981.600373958833
forecast_1603,2025-03-08 19:00:00,10175.477840973563,10676.003099610101,9065.834885942058
forecast_1604,2025-03-08 20:00:00,10439.530137422586,11759.687979620214,9259.588881489377
forecast_1605,2025-03-08 21:00:00,10874.419284868556,11824.799349359493,9129.826662540449
forecast_1606,2025-03-08 22:00:00,10828.316754611657,12097.216320895757,8974.013284331544
forecast_1607,2025-03-08 23:00:00,10437.74074924275,12086.230952081838,9399.294816473008
forecast_1608,2025-03-09 00:00:00,10580.153510898936,11227.206269687813,8960.893007103794
forecast_1609,2025-03-09 01:00:00,9629.334070421224,10897.262229298347,8545.978209687244
forecast_1610,2025-03-09 02:00:00,8250.143485229499,9400.377129121653,8499.296266950212
forecast_1611,2025-03-09 03:00:00,7899.112560664402,8301.743831455353,7679.6979363004675
forecast_1612,2025-03-09 04:00:00,7230.179941358712,6612.621165680834,6664.575293035254
forecast_1613,2025-03-09 05:00:00,6076.655858217269,5361.541339509054,5327.343774010153
forecast_1614,2025-03-09 06:00:00,5004.884982014862,4013.30293378368,4389.690249489089
forecast_1615,2025-03-09 07:00:00,4766.359150676153,3099.163018328837,3837.835301160925
forecast_1616,2025-03-09 08:00:00,3119.071855999467,1920.9187967597068,2638.364661439814
forecast_1617,2025-03-09 09:00:00,1616.5674201444122,1220.3102087369782,2029.1753827918046
forecast_1618,2025-03-09 10:00:00,756.892420836326,1090.468849624841,1815.0671555294907
forecast_1619,2025-03-09 11:00:00,499.41005194287214,919.2518199324247,1686.873536257597
forecast_1620,2025-03-09 12:00:00,438.98712195784515,841.6467814003549,1612.1845785447872
forecast_1621,2025-03-09 13:00:00,459.6214267003387,827.0560806275255,1581.024253737971
forecast_1622,2025-03-09 14:00:00,493.0460177647918,730.4089248658067,1620.9025496364086
forecast_1623,2025-03-09 15:00:00,585.8427715073321,730.9640308090302,1604.770103347346
forecast_1624,2025-03-09 16:00:00,660.5709775330977,776.2592716589284,1612.8600457426169
forecast_1625,2025-03-09 17:00:00,788.8426875782998,794.2475356828371,1657.3385847926586
forecast_1626,2025-03-09 18:00:00,964.2791515031212,879.6403577335944,1728.429283034846
forecast_1627,2025-03-09 19:00:00,1076.9310631011379,881.1307526945227,1886.078351389389
forecast_1628,2025-03-09 20:00:00,1189.8906918259547,1013.404704091396,1994.6771677178858
forecast_1629,2025-03-09 21:00:00,1595.349975482952,1457.215154824488,2250.713858936529
forecast_1630,2025-03-09 22:00:00,2683.7056151877496,2470.5062263165482,3392.9521416290436
forecast_1631,2025-03-09 23:00:00,3704.2724213137253,3592.68108908104,4276.586206900664
forecast_1632,2025-03-10 00:00:00,4721.857123146481,4011.88979939797,5155.263131608279
forecast_1633,2025-03-10 01:00:00,6405.458504103843,5697.883817239809,6292.755165911972
forecast_1634,2025-03-10 02:00:00,7186.020657770653,6682.479083851898,7560.811993997383
forecast_1635,2025-03-10 03:00:00,7712.488322485893,8052.322174429418,7149.552411651653
forecast_1636,2025-03-10 04:00:00,8170.861567049826,8670.769805044452,6963.66746608868
forecast_1637,2025-03-10 05:00:00,7759.930358028637,7290.80867436237,6567.591449750449
forecast_1638,2025-03-10 06:00:00,7730.121448017825,6975.766786217241,6282.057174286916
forecast_1639,2025-03-10 07:00:00,7348.111278853408,6870.529381539414,6570.973450968377
forecast_1640,2025-03-10 08:00:00,7082.216671766922,6650.473528950587,5864.759936729339
forecast_1641,2025-03-10 09:00:00,6473.950024504753,7013.791570649274,4931.06228966836
forecast_1642,2025-03-10 10:00:00,3851.6397265777846,5358.130490441597,3803.3082957649713
forecast_1643,2025-03-10 11:00:00,2984.7521732727814,3561.220656093321,3119.285885290007
forecast_1644,2025-03-10 12:00:00,2750.4103345665753,3336.335881224787,2987.5148522253203
forecast_1645,2025-03-10 13:00:00,2888.4960723122526,3662.9497255704555,2921.2526006679436
forecast_1646,2025-03-10 14:00:00,3663.8378205942613,4301.218236650083,3111.202872759848
forecast_1647,2025-03-10 15:00:00,4276.740432804428,5396.262828017465,3499.940542986996
forecast_1648,2025-03-10 16:00:00,5316.771221201227,5812.869008927764,4175.761001290649
forecast_1649,2025-03-10 17:00:00,6033.274155333264,6647.426330426897,5409.3885913288095
forecast_1650,2025-03-10 18:00:00,6869.236654801269,8095.9936354672855,6139.224962086921
forecast_1651,2025-03-10 19:00:00,8398.678436440918,9868.605035090752,7352.320260027144
forecast_1652,2025-03-10 20:00:00,9313.265684968675,11441.025489193566,8816.76750525588
forecast_1653,2025-03-10 21:00:00,11351.295475677018,14120.913074223668,10684.84552415473
forecast_1654,2025-03-10 22:00:00,14388.300848699857,16869.042598206775,13179.586662243757
forecast_1655,2025-03-10 23:00:00,15902.477752867935,17726.643236831198,14952.943642219047
forecast_1656,2025-03-11 00:00:00,17657.12377286103,17830.179371862294,15778.290210006371
forecast_1657,2025-03-11 01:00:00,18741.190529882875,18061.831792574667,15613.78477782627
forecast_1658,2025-03-11 02:00:00,19151.98705654038,18468.569100514193,15740.002269954186
forecast_1659,2025-03-11 03:00:00,18916.88660617224,18984.278670392796,15778.970705023492
forecast_1660,2025-03-11 04:00:00,19049.98436185885,18930.825901062217,15164.040418358776
forecast_1661,2025-03-11 05:00:00,18461.962687115072,18272.00793291537,13954.033309220407
forecast_1662,2025-03-11 06:00:00,16683.167664174296,16389.9991296146,12112.076633228306
forecast_1663,2025-03-11 07:00:00,14579.989860377407,14899.572183479211,9808.432398403995
forecast_1664,2025-03-11 08:00:00,10337.602208424581,10771.272664460166,7554.420796647138
forecast_1665,2025-03-11 09:00:00,6510.368913087509,6499.327341776263,5118.603842264172
forecast_1666,2025-03-11 10:00:00,3780.978984220322,3564.4643964692377,3655.213031525048
forecast_1667,2025-03-11 11:00:00,2089.4446046933276,2020.79574537512,2603.6474762233156
forecast_1668,2025-03-11 12:00:00,1350.5007073333572,1447.2633416095637,2334.05503093952
forecast_1669,2025-03-11 13:00:00,1250.994639256418,1327.4076753029613,2226.1062327324416
forecast_1670,2025-03-11 14:00:00,1213.1090892091986,1233.499300716249,2135.1580550029744
forecast_1671,2025-03-11 15:00:00,1238.8306012213511,1352.2701098090884,2241.7415710642135
forecast_1672,2025-03-11 16:00:00,1484.011041347204,1405.0100268136566,2341.2656021338194
forecast_1673,2025-03-11 17:00:00,1831.8624820239356,1915.698488109933,2717.3385598266946
forecast_1674,2025-03-11 18:00:00,3458.416687675425,3630.47037379735,4290.590963442173
forecast_1675,2025-03-11 19:00:00,5351.824365600289,6313.6257570183225,6308.698406661939
forecast_1676,2025-03-11 20:00:00,7249.1116173138835,9293.240060304237,7986.025520584071
forecast_1677,2025-03-11 21:00:00,10437.526601399088,12106.83336151356,10151.155931578312
forecast_1678,2025-03-11 22:00:00,12478.285334812475,14539.454168004,10430.465474370321
forecast_1679,2025-03-11 23:00:00,14548.711056186063,14776.744559635485,11816.245399789776
forecast_1680,2025-03-12 00:00:00,16781.73658905079,16620.840434536432,13091.387746357717
forecast_1681,2025-03-12 01:00:00,17274.510294427542,17560.460369469605,14277.15620942496
forecast_1682,2025-03-12 02:00:00,16591.552309954266,17210.541835566753,13622.6550614127
forecast_1683,2025-03-12 03:00:00,15214.440908756374,16257.554074514064,13535.332830266738
forecast_1684,2025-03-12 04:00:00,15924.985518081867,17061.38399265235,13910.977350178937
forecast_1685,2025-03-12 05:00:00,17421.13676785744,17501.156385678365,14370.555977039992
forecast_1686,2025-03-12 06:00:00,17989.992299977574,18046.376912041225,15179.291377940768
forecast_1687,2025-03-12 07:00:00,18958.917401363407,19210.815667630006,16405.212190469858
forecast_1688,2025-03-12 08:00:00,19032.617712589163,19573.51317246828,17456.455403868862
forecast_1689,2025-03-12 09:00:00,18502.18908059173,19686.298211865847,18391.369582819898
forecast_1690,2025-03-12 10:00:00,18060.907334336647,19451.911207710546,18312.655332416238
forecast_1691,2025-03-12 11:00:00,17413.8623714949,18665.980099817767,17180.255795752495
forecast_1692,2025-03-12 12:00:00,17943.450358482012,18297.44455311502,16988.713262623394
forecast_1693,2025-03-12 13:00:00,18043.66814057726,18569.317050169884,17431.551452355423
forecast_1694,2025-03-12 14:00:00,18170.777596321397,18387.70892361548,17456.903033868275
forecast_1695,2025-03-12 15:00:00,18277.567749723516,19049.90428195557,18160.409928576715
forecast_1696,2025-03-12 16:00:00,17752.381046882423,18967.944879084,18321.283079271023
forecast_1697,2025-03-12 17:00:00,17642.751540569043,18877.512283893157,18166.084975815113
forecast_1698,2025-03-12 18:00:00,17473.906035808704,18906.05086573637,17883.77905453826
forecast_1699,2025-03-12 19:00:00,16970.742201713285,17872.113481865388,17235.562324857856
forecast_1700,2025-03-12 20:00:00,15644.00089093752,17454.33997671626,14922.648176073671
forecast_1701,2025-03-12 21:00:00,14909.436535911904,16378.24896746377,15066.4164792744
forecast_1702,2025-03-12 22:00:00,14228.570080672007,14739.170023090426,12962.71818585353
forecast_1703,2025-03-12 23:00:00,13469.596325631988,13709.202836587267,12396.005762191973
forecast_1704,2025-03-13 00:00:00,12555.090257728947,13319.023673246038,12800.92837579687
forecast_1705,2025-03-13 01:00:00,13119.009391209016,14311.934166393648,11117.818611658364
forecast_1706,2025-03-13 02:00:00,13210.47939367778,14225.87117188948,12093.471476981666
forecast_1707,2025-03-13 03:00:00,13191.519425159822,13837.738918690122,10856.808074698918
forecast_1708,2025-03-13 04:00:00,12345.364416048322,12791.383393881182,10093.38598785491
forecast_1709,2025-03-13 05:00:00,11615.813876034425,12188.339860157424,9296.719758606596
forecast_1710,2025-03-13 06:00:00,10483.008477861764,12807.41450529772,9787.154522301222
forecast_1711,2025-03-13 07:00:00,9878.549401292345,13425.914017413996,9544.951959943817
forecast_1712,2025-03-13 08:00:00,9099.134085270594,11533.105494099656,7262.623142981938
forecast_1713,2025-03-13 09:00:00,8403.626165873502,8660.159562635537,5955.702057935081
forecast_1714,2025-03-13 10:00:00,7064.469903530962,6888.826252344497,5107.222109942517
forecast_1715,2025-03-13 11:00:00,5801.970566305799,5047.722040572733,4250.036237158734
forecast_1716,2025-03-13 12:00:00,4797.81218644169,3522.3771234417804,3566.750219275101
forecast_1717,2025-03-13 13:00:00,3602.201057180883,2789.589210998313,3173.4370357031157
forecast_1718,2025-03-13 14:00:00,2531.561215237146,1773.202638791467,2653.825651691408
forecast_1719,2025-03-13 15:00:00,1836.9480792399695,1566.4773329490197,2200.1188341562242
forecast_1720,2025-03-13 16:00:00,1635.3124240644443,1294.7033281465187,2114.0674927422083
forecast_1721,2025-03-13 17:00:00,1304.516930343962,1250.6077426831187,2061.6360361996167
forecast_1722,2025-03-13 18:00:00,1549.4495160798929,1378.574361655719,2137.7101729862807
forecast_1723,2025-03-13 19:00:00,2210.601961567224,1997.9532745627125,2339.4523751660026
forecast_1724,2025-03-13 20:00:00,2796.6305790985425,3156.6238141129415,2557.1992642630635
forecast_1725,2025-03-13 21:00:00,3771.816159679193,3586.7050362788336,2905.0676290578426
forecast_1726,2025-03-13 22:00:00,4499.155515736476,3599.665449777586,3704.867732997982
forecast_1727,2025-03-13 23:00:00,4714.963015956986,3781.9771791583494,3787.0900340067665
forecast_1728,2025-03-14 00:00:00,4414.490966854847,3647.699873897467,3572.655054973453
forecast_1729,2025-03-14 01:00:00,3638.3272277687383,3535.921988893142,3275.0722414685133
forecast_1730,2025-03-14 02:00:00,3281.1767928577524,3485.591426067148,2843.004735142581
forecast_1731,2025-03-14 03:00:00,3043.5649013800526,3222.2179776837975,2385.0494967600584
forecast_1732,2025-03-14 04:00:00,2742.667082150551,3052.2763048635898,2142.719461625662
forecast_1733,2025-03-14 05:00:00,1989.5426459411592,2121.805753791466,1986.3413946525636
forecast_1734,2025-03-14 06:00:00,1785.397156484734,1939.7331267935149,1911.626485116245
forecast_1735,2025-03-14 07:00:00,1761.8900316594752,1867.8756720935276,1848.350557082952
forecast_1736,2025-03-14 08:00:00,1734.7290441656983,2039.3208223132553,1821.9712495955014
forecast_1737,2025-03-14 09:00:00,1508.211654065487,2248.8994417058266,1845.8668096420809
forecast_1738,2025-03-14 10:00:00,1212.5027920020439,1660.1161424716415,1842.1282974035003
forecast_1739,2025-03-14 11:00:00,1200.2362610829655,1638.744228087071,1963.2517339459778
forecast_1740,2025-03-14 12:00:00,1231.0234681758875,1654.9584800517869,2155.8456956734613
forecast_1741,2025-03-14 13:00:00,1519.3707998123177,1791.8025566980755,2193.2709403053373
forecast_1742,2025-03-14 14:00:00,1697.1950982071626,1995.3688495008896,2219.0103155113693
forecast_1743,2025-03-14 15:00:00,1722.7888034265297,1981.9439206177958,2183.4526063427734
forecast_1744,2025-03-14 16:00:00,1764.8212807096652,1668.6686638959923,2115.1948003836956
forecast_1745,2025-03-14 17:00:00,1643.8223072151095,1672.8558830869129,2078.0394584832848
forecast_1746,2025-03-14 18:00:00,1685.274067747307,1563.370325990363,2040.4358107649632
forecast_1747,2025-03-14 19:00:00,1948.2299471095894,2117.163779403356,2072.8361464619265
forecast_1748,2025-03-14 20:00:00,2275.4520256482215,2357.5926387556374,2099.4000683328727
forecast_1749,2025-03-14 21:00:00,2711.9863334564034,2419.065099334699,2155.707636129974
forecast_1750,2025-03-14 22:00:00,3297.1635531229495,2952.815745725084,2406.83079962097
forecast_1751,2025-03-14 23:00:00,3794.190780014248,3118.177968273524,2967.1127164081004
forecast_1752,2025-03-15 00:00:00,4358.262679549658,3837.489545804821,3019.63626459647
forecast_1753,2025-03-15 01:00:00,5265.27489897538,4364.876441177012,3484.9870226127264
forecast_1754,2025-03-15 02:00:00,6012.663850436593,4785.298896867467,3790.761449689853
forecast_1755,2025-03-15 03:00:00,6172.388838795993,5420.157042216175,4095.6078014717564
forecast_1756,2025-03-15 04:00:00,6365.372807407823,5899.403660675222,4201.353554410053
forecast_1757,2025-03-15 05:00:00,6651.432993669191,5991.19689344317,4470.446186018442
forecast_1758,2025-03-15 06:00:00,6735.376684755308,6634.467829518305,4990.2056044858855
forecast_1759,2025-03-15 07:00:00,6848.313681248781,7092.695022074729,5233.4341198223065
forecast_1760,2025-03-15 08:00:00,7039.515421200931,7991.5798511809135,5208.583356549963
forecast_1761,2025-03-15 09:00:00,6725.697699263326,8584.807981291704,5045.680077331651
forecast_1762,2025-03-15 10:00:00,6033.799942582574,5916.219681593307,4759.506000109317
forecast_1763,2025-03-15 11:00:00,5481.999946262319,5740.894615114052,4269.463033367734
forecast_1764,2025-03-15 12:00:00,4362.24994553258,5372.735464375161,3689.628229147492
forecast_1765,2025-03-15 13:00:00,3696.4827736618595,4804.042550786715,3417.1820013876095
forecast_1766,2025-03-15 14:00:00,3445.278967756013,4478.47300720679,3383.7883904416067
forecast_1767,2025-03-15 15:00:00,3019.1195072486744,4048.107928107961,3363.6416618880094
forecast_1768,2025-03-15 16:00:00,2938.541081547759,3237.744483935416,3395.813687064472
forecast_1769,2025-03-15 17:00:00,3025.648049291882,2764.944100606788,3521.4249348662565
forecast_1770,2025-03-15 18:00:00,3122.2856135234915,2941.180678429956,3601.1195673359143
forecast_1771,2025-03-15 19:00:00,3741.0682386598105,3557.041632296169,3920.53074370011
forecast_1772,2025-03-15 20:00:00,4263.20397764134,3709.388105688967,4144.235009249753
forecast_1773,2025-03-15 21:00:00,3701.651758715243,3162.4563547589855,3946.810755566965
forecast_1774,2025-03-15 22:00:00,3854.570475423985,3228.9743487026926,3729.8744674754244
forecast_1775,2025-03-15 23:00:00,3376.466508327658,2691.1205784989597,3342.2214284079473
forecast_1776,2025-03-16 00:00:00,2321.5657624753444,2105.4391096888116,2502.734630970403
forecast_1777,2025-03-16 01:00:00,1928.5654481631077,1746.7872999167043,2564.3134357521176
forecast_1778,2025-03-16 02:00:00,1447.458742377857,1385.591080167334,2217.6282910623954
forecast_1779,2025-03-16 03:00:00,1292.245573405436,839.8411939980958,2009.2343795943125
forecast_1780,2025-03-16 04:00:00,1102.255459601928,685.8250763858953,1908.4114210917376
forecast_1781,2025-03-16 05:00:00,1064.7766977125284,690.2984845871558,1854.5351134969542
forecast_1782,2025-03-16 06:00:00,1095.928956197198,698.4909822309788,1819.5654712032674
forecast_1783,2025-03-16 07:00:00,1065.326835239153,696.5906613234789,1782.2941997324115
forecast_1784,2025-03-16 08:00:00,1065.2540373041252,673.9505323884104,1787.17328978054
forecast_1785,2025-03-16 09:00:00,1102.3800406103467,688.9967789323264,1792.468833816096
forecast_1786,2025-03-16 10:00:00,1075.0470412841048,775.4644174237565,1821.0710066676586
forecast_1787,2025-03-16 11:00:00,1179.4909248446866,904.291026283729,1839.9897287933265
forecast_1788,2025-03-16 12:00:00,1159.2291634284531,1248.6311416683097,1927.1764336957046
forecast_1789,2025-03-16 13:00:00,1451.7277965234944,1931.3654715486923,2215.86790148942
forecast_1790,2025-03-16 14:00:00,3106.238357719698,3443.454669923241,2789.4175345856684
forecast_1791,2025-03-16 15:00:00,5591.510593070643,6088.706138411292,4878.243077977488
forecast_1792,2025-03-16 16:00:00,6993.559719546372,6760.421367191437,6291.392553411175
forecast_1793,2025-03-16 17:00:00,7254.213466789487,7190.911656301241,7668.975831564997
forecast_1794,2025-03-16 18:00:00,7833.338168146077,7917.837934287055,8525.78917226465
forecast_1795,2025-03-16 19:00:00,8836.1606239777,9154.29653489171,10680.272817106854
forecast_1796,2025-03-16 20:00:00,9441.578576578318,10007.929247881846,11324.990217883194
forecast_1797,2025-03-16 21:00:00,10307.51520283758,10600.921132839394,10142.499599404644
forecast_1798,2025-03-16 22:00:00,10491.448563868646,10870.216381426624,10208.58201453065
forecast_1799,2025-03-16 23:00:00,9485.618032188611,9825.06037752979,8436.253671596762
forecast_1800,2025-03-17 00:00:00,8605.398456631516,10241.470051499042,8393.917402868721
forecast_1801,2025-03-17 01:00:00,9719.870803978214,12030.033992820296,10194.82451131798
forecast_1802,2025-03-17 02:00:00,9211.105121548591,11371.022014407807,9691.000057167033
forecast_1803,2025-03-17 03:00:00,8777.780012040384,9169.64892238036,8220.258891793725
forecast_1804,2025-03-17 04:00:00,8048.723834004818,8818.118116934547,6875.856130910426
forecast_1805,2025-03-17 05:00:00,6648.3657762689345,6899.305043534559,6028.650330622468
forecast_1806,2025-03-17 06:00:00,5838.891494541182,7607.354360251587,5034.63037397568
forecast_1807,2025-03-17 07:00:00,4600.4395515266815,5654.0156519402,3614.9211760820635
forecast_1808,2025-03-17 08:00:00,3698.3663264557163,4399.654309821431,3077.6347366015616
forecast_1809,2025-03-17 09:00:00,3322.6145831683552,3829.970537309864,2723.038050641473
forecast_1810,2025-03-17 10:00:00,3317.425499192141,3841.0270917298494,2873.0141034137605
forecast_1811,2025-03-17 11:00:00,4059.91125362294,4720.964095094942,4104.4855780704565
forecast_1812,2025-03-17 12:00:00,6079.136590798141,6042.447333509597,5778.5553515388965
forecast_1813,2025-03-17 13:00:00,6007.0751293679705,7393.959726151067,6284.693328478084
forecast_1814,2025-03-17 14:00:00,8301.035711366007,8975.760696914946,6797.345583578635
forecast_1815,2025-03-17 15:00:00,9084.38590467643,8738.359232400158,7480.6455843792755
forecast_1816,2025-03-17 16:00:00,9754.242172894072,9140.652147890558,7377.75075271767
forecast_1817,2025-03-17 17:00:00,10348.776733298135,8483.54311266794,7859.268002341275
forecast_1818,2025-03-17 18:00:00,10537.369115600828,8494.903163718323,8634.658483894731
forecast_1819,2025-03-17 19:00:00,10466.405911542206,10166.406861138636,9613.47137311975
forecast_1820,2025-03-17 20:00:00,11002.246011482928,12766.507824697497,10086.295633914187
forecast_1821,2025-03-17 21:00:00,10617.38824288559,12818.339356258424,10267.175229685141
forecast_1822,2025-03-17 22:00:00,10982.211480973614,13283.974553192313,10241.579121054057
forecast_1823,2025-03-17 23:00:00,9906.916473293324,12640.444568285939,9793.305629023645
forecast_1824,2025-03-18 00:00:00,8253.70490125502,10693.849156582774,7258.093312493613
forecast_1825,2025-03-18 01:00:00,7708.250328745493,9210.51115602412,6357.159816842766
forecast_1826,2025-03-18 02:00:00,6840.551981582933,7919.096655462623,5198.766380369221
forecast_1827,2025-03-18 03:00:00,5625.82515507541,6736.505252058312,3638.7877511296997
forecast_1828,2025-03-18 04:00:00,4757.557639346609,5506.039886882168,3092.010185135015
forecast_1829,2025-03-18 05:00:00,3954.5123707794974,4644.894760092613,2773.2961679556693
forecast_1830,2025-03-18 06:00:00,2537.1260060510767,3356.9259982819553,2327.229362678789
forecast_1831,2025-03-18 07:00:00,1949.5785202900029,2576.7825938677565,2089.635881768032
forecast_1832,2025-03-18 08:00:00,2313.6756410202643,2911.166298660282,2207.6091873695445
forecast_1833,2025-03-18 09:00:00,2242.3754676539065,2683.0320355397967,2387.6286466078896
forecast_1834,2025-03-18 10:00:00,1804.3815921272717,2246.492578599144,2451.7069053887662
forecast_1835,2025-03-18 11:00:00,1814.0543726376213,1883.1094966554822,2393.063744756674
forecast_1836,2025-03-18 12:00:00,1825.5004303956875,2000.714432429735,2461.4547633892867
forecast_1837,2025-03-18 13:00:00,3911.4605824423484,3202.859128502483,3107.28445079764
forecast_1838,2025-03-18 14:00:00,5237.828766113234,4862.324476699581,4737.117356368619
forecast_1839,2025-03-18 15:00:00,5793.077655423689,7460.8238401771705,5647.5430162354205
forecast_1840,2025-03-18 16:00:00,7539.057314989613,9438.73737455831,7095.528846570338
forecast_1841,2025-03-18 17:00:00,9486.000741290576,12191.511254572526,8186.3924235122395
forecast_1842,2025-03-18 18:00:00,10643.066264254268,13393.69555055346,8611.740992938814
forecast_1843,2025-03-18 19:00:00,11170.682636350275,13195.1047947607,9025.499576173494
forecast_1844,2025-03-18 20:00:00,9542.673199393099,11931.664104850548,8898.244667383511
forecast_1845,2025-03-18 21:00:00,6783.488068281137,8771.478260375487,7164.573234666035
forecast_1846,2025-03-18 22:00:00,5016.323957593195,5758.896815251779,6374.7090893038985
forecast_1847,2025-03-18 23:00:00,3980.916715864703,4002.2097415394323,6181.241190469458
forecast_1848,2025-03-19 00:00:00,3939.9868114587775,3616.133110196945,5159.528689711133
forecast_1849,2025-03-19 01:00:00,3187.8625744209676,3379.2656543569324,3824.2124003162035
forecast_1850,2025-03-19 02:00:00,2992.223782140283,3220.974211813399,2893.4340019520996
forecast_1851,2025-03-19 03:00:00,2745.278146137721,3000.827382925844,2807.2590722342106
forecast_1852,2025-03-19 04:00:00,2894.0845196520713,3209.1771300239225,2762.4933542478543
forecast_1853,2025-03-19 05:00:00,2984.4198601185008,3794.5392356849193,2788.853171401282
forecast_1854,2025-03-19 06:00:00,3541.5314994501837,4100.140534355631,3294.682446843434
forecast_1855,2025-03-19 07:00:00,5516.225660643193,5734.781820862405,4747.398513362803
forecast_1856,2025-03-19 08:00:00,7046.3891205963955,7255.425857726382,6217.426461325488
forecast_1857,2025-03-19 09:00:00,8042.810518497685,7354.651258388932,6138.623046693936
forecast_1858,2025-03-19 10:00:00,6993.821726370612,6377.860121706693,6561.111918479148
forecast_1859,2025-03-19 11:00:00,7137.40306979199,6639.323607385357,7046.281590832983
forecast_1860,2025-03-19 12:00:00,7866.557649226664,8494.334946364303,7298.837224537788
forecast_1861,2025-03-19 13:00:00,8961.906696369013,9001.945094830342,8247.839093129931
forecast_1862,2025-03-19 14:00:00,9232.710552139382,8760.878942160885,8717.479969078504
forecast_1863,2025-03-19 15:00:00,10075.858736714345,9627.882836441844,9291.164479979856
forecast_1864,2025-03-19 16:00:00,11142.11625139241,9826.256194144187,10986.650551428153
forecast_1865,2025-03-19 17:00:00,11576.159763365209,10301.298117356999,12077.652480001196
forecast_1866,2025-03-19 18:00:00,12333.800676017268,10972.988368684573,12042.512143129818
forecast_1867,2025-03-19 19:00:00,12878.323431112603,10799.659963378564,13429.027361302153
forecast_1868,2025-03-19 20:00:00,13362.756596743006,12113.243914803068,14428.661800013051
forecast_1869,2025-03-19 21:00:00,14306.586511295129,14129.620771442089,15251.017663152432
forecast_1870,2025-03-19 22:00:00,15096.621839373845,16596.83193093944,15702.966093407082
forecast_1871,2025-03-19 23:00:00,15106.604425311913,17366.800925843087,16000.866494768565
forecast_1872,2025-03-20 00:00:00,15826.61239077724,17639.690701635027,16061.237211704265
forecast_1873,2025-03-20 01:00:00,16555.136722785217,17637.784567820607,15125.855139850355
forecast_1874,2025-03-20 02:00:00,16667.295941401215,17599.485319590087,14894.706033151879
forecast_1875,2025-03-20 03:00:00,16810.633776293827,17598.689754533098,15311.849632396623
forecast_1876,2025-03-20 04:00:00,16905.733181976848,17593.874042294035,16276.69628046559
forecast_1877,2025-03-20 05:00:00,17542.03439226015,18539.551137636197,17402.081953972684
forecast_1878,2025-03-20 06:00:00,18080.64781241069,19247.07919866332,18237.652880270172
forecast_1879,2025-03-20 07:00:00,18489.393187725665,19513.40097473318,18116.780243527326
forecast_1880,2025-03-20 08:00:00,17839.126309443833,19698.63712992562,18458.301072206305
forecast_1881,2025-03-20 09:00:00,16762.583498286927,19610.302495982265,18495.702629476655
forecast_1882,2025-03-20 10:00:00,17020.444033571177,19202.48229004226,18105.817171423456
forecast_1883,2025-03-20 11:00:00,16655.421526509363,18719.766776585384,17352.542048337506
forecast_1884,2025-03-20 12:00:00,16260.393366462895,18366.730302118987,17010.0838967055
forecast_1885,2025-03-20 13:00:00,16745.428977996165,18462.027691487317,16850.329902242647
forecast_1886,2025-03-20 14:00:00,16922.897037802963,19120.066857949758,17189.21910910695
forecast_1887,2025-03-20 15:00:00,17829.066556189595,18911.978140560816,16844.666486659626
forecast_1888,2025-03-20 16:00:00,18382.88305746515,18826.77591927881,16753.759041182602
forecast_1889,2025-03-20 17:00:00,18581.0631389492,19082.055101372218,17707.124865223675
forecast_1890,2025-03-20 18:00:00,18893.249663201765,19408.612527721485,18235.90599751588
forecast_1891,2025-03-20 19:00:00,18790.084741034814,19663.047103090663,18611.386896328688
forecast_1892,2025-03-20 20:00:00,19238.68296829564,19710.99025727275,18750.34794130484
forecast_1893,2025-03-20 21:00:00,19329.242909451066,19869.55922271045,19052.099010685157
forecast_1894,2025-03-20 22:00:00,18870.472627521805,19997.04890337935,19194.3726241012
forecast_1895,2025-03-20 23:00:00,18531.02032053279,19945.477853470446,19157.16782949603
forecast_1896,2025-03-21 00:00:00,17937.040526851037,19879.972500191405,18923.057336181933
forecast_1897,2025-03-21 01:00:00,18926.692123268396,19596.629312108373,18690.872039689224
forecast_1898,2025-03-21 02:00:00,18971.493068531952,19700.19196118316,19038.1999102255
forecast_1899,2025-03-21 03:00:00,18860.31571021849,19803.96233047469,19180.359151442703
forecast_1900,2025-03-21 04:00:00,19188.929332443706,19857.11712393419,19252.825985613406
forecast_1901,2025-03-21 05:00:00,19846.889820339977,19825.075092876526,19283.41874975249
forecast_1902,2025-03-21 06:00:00,20043.597706130542,19855.570595692974,19310.455198286654
forecast_1903,2025-03-21 07:00:00,19884.474945375194,19805.676060249338,19280.162509458627
forecast_1904,2025-03-21 08:00:00,19851.13395068828,19913.32238636937,19241.84552517393
forecast_1905,2025-03-21 09:00:00,19469.369141931038,20001.64611929804,19040.1429003683
forecast_1906,2025-03-21 10:00:00,19342.922454568867,19952.819371930036,18658.319381724134
forecast_1907,2025-03-21 11:00:00,18647.15214941259,19847.583322924027,18175.12957179857
forecast_1908,2025-03-21 12:00:00,17973.15500535197,19294.09111715987,17646.2284225884
forecast_1909,2025-03-21 13:00:00,17767.834972572018,18850.965538698394,17041.75043368601
forecast_1910,2025-03-21 14:00:00,17553.83628374699,18632.883426553177,16651.442419013834
forecast_1911,2025-03-21 15:00:00,17484.631605797473,18398.98256930597,16469.34516308014
forecast_1912,2025-03-21 16:00:00,17568.03522206591,18715.247181903556,16326.020702985925
forecast_1913,2025-03-21 17:00:00,17701.47984966702,18957.64756340219,17090.90091519984
forecast_1914,2025-03-21 18:00:00,17863.24345526463,19146.627399665245,17690.71915115106
forecast_1915,2025-03-21 19:00:00,18132.326947127516,19101.60122794727,18397.262517667114
forecast_1916,2025-03-21 20:00:00,18101.9534879739,19014.232268696076,18390.547824701916
forecast_1917,2025-03-21 21:00:00,17882.230617035435,18904.27423619711,18160.027794311267
forecast_1918,2025-03-21 22:00:00,17981.35152444007,19238.00315843425,18394.229241936475
forecast_1919,2025-03-21 23:00:00,18702.827428017892,19578.36544103988,18656.354064538897
forecast_1920,2025-03-22 00:00:00,18680.08117804714,19675.851895334254,18937.203567636745
forecast_1921,2025-03-22 01:00:00,19023.109102640086,19937.274340188163,19028.90935706666
forecast_1922,2025-03-22 02:00:00,18904.662074110434,19934.620605317723,18949.206198937558
forecast_1923,2025-03-22 03:00:00,18722.627676281114,19772.991087,18527.93167731553
forecast_1924,2025-03-22 04:00:00,18594.12445421917,19538.222080826527,18511.180701508507
forecast_1925,2025-03-22 05:00:00,18559.891837518866,19484.37387523803,18438.83386003828
forecast_1926,2025-03-22 06:00:00,18655.81077542786,19578.566521948742,18429.3875314826
forecast_1927,2025-03-22 07:00:00,18796.681517200348,19674.87027740083,18389.98788647785
forecast_1928,2025-03-22 08:00:00,18880.917453148475,19684.12846711672,18431.72570849886
forecast_1929,2025-03-22 09:00:00,18202.934404324264,19534.121057234253,18290.53311502534
forecast_1930,2025-03-22 10:00:00,17673.340333574495,19487.254478452553,18100.894372361603
forecast_1931,2025-03-22 11:00:00,17607.6490593661,19177.42386774263,17468.71600423941
forecast_1932,2025-03-22 12:00:00,17286.202705594987,19083.484191041185,16922.397701032594
forecast_1933,2025-03-22 13:00:00,17180.481062014165,19012.856038703147,16211.793776848739
forecast_1934,2025-03-22 14:00:00,16984.204342839505,18639.97173054444,16051.718641318048
forecast_1935,2025-03-22 15:00:00,16521.113311381774,18112.92511652893,15926.84964130516
forecast_1936,2025-03-22 16:00:00,16520.451834701482,17967.45202533762,15891.365751027664
forecast_1937,2025-03-22 17:00:00,16589.826680119935,17636.33134810604,16172.99869626778
forecast_1938,2025-03-22 18:00:00,16754.620415018908,18133.20039027179,16861.80548462079
forecast_1939,2025-03-22 19:00:00,16462.147678236375,18202.883276400295,17357.696885238838
forecast_1940,2025-03-22 20:00:00,16330.210453500082,18501.355383382426,17881.78037920531
forecast_1941,2025-03-22 21:00:00,17035.123077291377,18608.09043701426,17956.654582537405
forecast_1942,2025-03-22 22:00:00,17957.750257414846,18989.16271851374,18249.85837427587
forecast_1943,2025-03-22 23:00:00,18378.532888327376,19237.71127949845,18526.712605021174
forecast_1944,2025-03-23 00:00:00,18294.575821627557,19394.461093619924,18074.126717053572
forecast_1945,2025-03-23 01:00:00,17516.165126346823,18728.493202408004,17546.845837919733
forecast_1946,2025-03-23 02:00:00,17543.44364059027,19094.762071241967,17237.808042191984
forecast_1947,2025-03-23 03:00:00,17150.643876382506,18802.158682845722,17113.95429853286
forecast_1948,2025-03-23 04:00:00,15864.053598329288,17626.970270150992,15322.632267087281
forecast_1949,2025-03-23 05:00:00,13389.682981127471,15199.014448095259,13003.126423671893
forecast_1950,2025-03-23 06:00:00,10693.45902955406,12406.103508962016,10124.565574832695
forecast_1951,2025-03-23 07:00:00,8797.750405766821,9931.447883922752,8532.138233329097
forecast_1952,2025-03-23 08:00:00,6769.3480874949055,7537.479757509257,5426.735935166562
forecast_1953,2025-03-23 09:00:00,4628.677422288066,4547.133336092097,2820.373250321561
forecast_1954,2025-03-23 10:00:00,2381.903835052536,2142.624378173813,2196.2853396418664
forecast_1955,2025-03-23 11:00:00,1483.943134432537,1347.3997874085878,1679.2499682947023
forecast_1956,2025-03-23 12:00:00,1265.3843318236468,1109.3869786271805,1597.862795447485
forecast_1957,2025-03-23 13:00:00,1317.2295681231315,1189.7903713489868,1633.4510205141821
forecast_1958,2025-03-23 14:00:00,1507.0192406341585,1660.1284575609038,1765.111929212301
forecast_1959,2025-03-23 15:00:00,2198.280064599921,2593.824250657709,1965.4557755034261
forecast_1960,2025-03-23 16:00:00,2945.0452811251653,3046.6834693914616,2206.4528395628013
forecast_1961,2025-03-23 17:00:00,3527.374699441254,3275.6820747494803,2669.655303444942
forecast_1962,2025-03-23 18:00:00,3464.014697628803,3784.5422625791657,2587.885800229552
forecast_1963,2025-03-23 19:00:00,4657.789148694261,5333.2487209231695,3772.504241070168
forecast_1964,2025-03-23 20:00:00,5291.783038987216,6614.364122120819,5819.224177449799
forecast_1965,2025-03-23 21:00:00,7255.138137102662,9654.28045699119,7302.245619564569
forecast_1966,2025-03-23 22:00:00,10002.811451167934,13427.982118184289,9723.845464405604
forecast_1967,2025-03-23 23:00:00,11455.906265635289,14768.34733051061,11281.681637882593
forecast_1968,2025-03-24 00:00:00,12199.443340267826,15556.603575631649,12018.002084966589
forecast_1969,2025-03-24 01:00:00,12116.699087701585,16239.655157282376,12011.240883986451
forecast_1970,2025-03-24 02:00:00,12046.764728264576,16567.396108082336,12598.0912203004
forecast_1971,2025-03-24 03:00:00,13170.667784250709,16373.915952931402,13933.847245018187
forecast_1972,2025-03-24 04:00:00,13137.895014295298,16105.156890640534,13004.876610587513
forecast_1973,2025-03-24 05:00:00,12480.103140330259,15929.914082515443,11736.517540826613
forecast_1974,2025-03-24 06:00:00,12458.693301884621,15667.23545409025,13833.42412947964
forecast_1975,2025-03-24 07:00:00,11735.151958464538,15029.055405564848,13099.756862816761
forecast_1976,2025-03-24 08:00:00,12476.44642285842,16168.923918365095,13193.49720336548
forecast_1977,2025-03-24 09:00:00,12675.34118991384,16529.013693109566,12840.288866808063
forecast_1978,2025-03-24 10:00:00,12695.651483901505,15338.748580913523,12693.700897813169
forecast_1979,2025-03-24 11:00:00,12668.172377307044,15472.393690129764,12761.430694814968
forecast_1980,2025-03-24 12:00:00,13609.620879230371,15608.400959783454,14221.14443164798
forecast_1981,2025-03-24 13:00:00,14052.041156151994,15479.715016867,14250.907935038029
forecast_1982,2025-03-24 14:00:00,13991.080175591766,14992.864089158762,13526.673840172105
forecast_1983,2025-03-24 15:00:00,13325.492135659119,14413.773143493137,12534.018437400031
forecast_1984,2025-03-24 16:00:00,12349.63179230441,13613.699198647932,11829.289569588133
forecast_1985,2025-03-24 17:00:00,12401.460570566584,12787.264735480032,11165.02476090172
forecast_1986,2025-03-24 18:00:00,13099.257769658854,12693.164023094054,11453.842299714954
forecast_1987,2025-03-24 19:00:00,14178.641052703446,12648.84968205054,12203.208870227529
forecast_1988,2025-03-24 20:00:00,14559.019926233981,14589.398274770581,13456.701710401208
forecast_1989,2025-03-24 21:00:00,15551.181274404984,15856.153220456184,14523.938196352017
forecast_1990,2025-03-24 22:00:00,16753.661452053442,17485.35117452262,16660.515623694708
forecast_1991,2025-03-24 23:00:00,17786.009545561494,18785.544565265685,17126.359363752767
forecast_1992,2025-03-25 00:00:00,18224.54626695156,19051.688786482417,17609.003323787787
forecast_1993,2025-03-25 01:00:00,17972.81528447294,19044.382489118812,17647.84812170003
forecast_1994,2025-03-25 02:00:00,16791.58212828292,18299.17671567122,16291.68369876883
forecast_1995,2025-03-25 03:00:00,14107.723558030844,15707.43043075333,12300.458311517612
forecast_1996,2025-03-25 04:00:00,11343.553013705081,14158.841113395723,11222.373974618944
forecast_1997,2025-03-25 05:00:00,9403.811289790967,11411.132195045853,9533.127763521381
forecast_1998,2025-03-25 06:00:00,8253.298156243776,10485.141954179388,8030.8317548347995
forecast_1999,2025-03-25 07:00:00,7452.495802579972,11354.764087917549,7476.207780780944
forecast_2000,2025-03-25 08:00:00,7098.899086273499,10348.828386818965,7478.0766548846605
forecast_2001,2025-03-25 09:00:00,7055.777561608049,9203.598419760181,6944.213430410156
forecast_2002,2025-03-25 10:00:00,6891.151235239919,7612.680092046252,7474.923545842497
forecast_2003,2025-03-25 11:00:00,7175.9697561578005,8039.487788792002,8028.478345783269
forecast_2004,2025-03-25 12:00:00,8619.729250839975,11722.604169184111,9949.512270212901
forecast_2005,2025-03-25 13:00:00,11115.967026497703,14380.257949126,14266.864042345785
forecast_2006,2025-03-25 14:00:00,12132.5553081526,16458.140982178964,16338.595016628453
forecast_2007,2025-03-25 15:00:00,13300.110797716394,17393.831863678304,16953.088977801963
forecast_2008,2025-03-25 16:00:00,14608.299626289954,17734.34469129894,17652.311411198374
forecast_2009,2025-03-25 17:00:00,15328.494580903896,17853.515363266823,17581.670734629617
forecast_2010,2025-03-25 18:00:00,16037.86027710287,18172.590526307133,17361.664245813146
forecast_2011,2025-03-25 19:00:00,16747.734193127995,18229.262731101328,17696.440954687812
forecast_2012,2025-03-25 20:00:00,16874.26179193554,18265.82234034776,17455.0111002759
forecast_2013,2025-03-25 21:00:00,17321.263256142443,19020.02861009156,17835.941141235893
forecast_2014,2025-03-25 22:00:00,17914.638198150576,19264.0903379746,18631.33690303081
forecast_2015,2025-03-25 23:00:00,18436.27892492327,19430.90905569148,18862.711220328893
forecast_2016,2025-03-26 00:00:00,18488.02143653638,19356.963024967856,19088.842185686113
forecast_2017,2025-03-26 01:00:00,17943.694426046153,19088.509747137003,19168.254152632497
forecast_2018,2025-03-26 02:00:00,17258.69987781452,18874.74156610291,18525.05702885442
forecast_2019,2025-03-26 03:00:00,16997.41776979548,17745.34988349249,17111.31132581982
forecast_2020,2025-03-26 04:00:00,16430.36187582798,16463.587017979087,14388.514541126082
forecast_2021,2025-03-26 05:00:00,14785.715673471017,14777.487341587625,11361.657065269857
forecast_2022,2025-03-26 06:00:00,11076.900009552277,11766.954284513615,8173.336133200582
forecast_2023,2025-03-26 07:00:00,7429.67256779649,7520.370830624197,5157.27434615949
forecast_2024,2025-03-26 08:00:00,4547.62929615507,4190.948646392022,3332.669229186619
forecast_2025,2025-03-26 09:00:00,2740.33929736929,2135.894877794878,2380.647008042801
forecast_2026,2025-03-26 10:00:00,1607.4385734849343,1597.7087576986737,1878.1307282490352
forecast_2027,2025-03-26 11:00:00,1364.2462433953278,1368.0371385438366,1724.337048957811
forecast_2028,2025-03-26 12:00:00,1347.042980716021,1337.8810130279855,1706.4829289957356
forecast_2029,2025-03-26 13:00:00,1607.4460115604966,1555.1310908513485,1809.0339285917955
forecast_2030,2025-03-26 14:00:00,1867.7576208617934,1911.6290182065877,2010.3115769870888
forecast_2031,2025-03-26 15:00:00,2369.4369365780926,2575.5347971504852,2166.330544337881
forecast_2032,2025-03-26 16:00:00,2584.495034857753,2755.1578815659836,2264.1927626684364
forecast_2033,2025-03-26 17:00:00,3075.747528783044,2938.109092535941,2360.5595130402407
forecast_2034,2025-03-26 18:00:00,4443.881854135829,4571.195375726348,2772.1749589807378
forecast_2035,2025-03-26 19:00:00,6253.769133465565,6767.933518576605,4262.635407350457
forecast_2036,2025-03-26 20:00:00,7517.732330846112,9422.112128847933,5114.102005168608
forecast_2037,2025-03-26 21:00:00,9344.609292609886,14739.734203274897,6423.909140434803
forecast_2038,2025-03-26 22:00:00,11327.770913061662,16606.73792342776,8538.265181836723
forecast_2039,2025-03-26 23:00:00,12782.152066816296,17334.016264385024,11357.42273591943
forecast_2040,2025-03-27 00:00:00,13513.900678886528,17984.32916904592,14826.050353833707
forecast_2041,2025-03-27 01:00:00,14138.168963697,18295.296355799503,15344.265691626355
forecast_2042,2025-03-27 02:00:00,15868.129016561983,18385.17182256401,17077.9235154833
forecast_2043,2025-03-27 03:00:00,16177.390474455691,18395.342389175596,17282.947593338227
forecast_2044,2025-03-27 04:00:00,16473.85255269872,18619.539017858457,17381.096257679674
forecast_2045,2025-03-27 05:00:00,16187.804145180447,18177.005117680354,15943.839309218949
forecast_2046,2025-03-27 06:00:00,14770.12453185065,16837.49276212554,12812.984906678434
forecast_2047,2025-03-27 07:00:00,13119.277925695173,16147.730686584904,13072.23946390531
forecast_2048,2025-03-27 08:00:00,12927.104775807225,16476.082764595103,12786.891206938932
forecast_2049,2025-03-27 09:00:00,11978.524161533733,16853.39969757013,12450.329828311045
forecast_2050,2025-03-27 10:00:00,11171.468439259777,16158.195876587764,10703.981389164794
forecast_2051,2025-03-27 11:00:00,10753.870241230245,15509.973303076935,11560.355401005761
forecast_2052,2025-03-27 12:00:00,10165.038032164211,14566.218214300694,11327.731549762313
forecast_2053,2025-03-27 13:00:00,9622.290646465915,12112.851432484416,10456.08478036821
forecast_2054,2025-03-27 14:00:00,9910.177141195858,11628.285562095514,9449.908969778433
forecast_2055,2025-03-27 15:00:00,9669.147935962468,11248.86170619426,8315.055671659818
forecast_2056,2025-03-27 16:00:00,9132.474953288529,10656.66480448109,6589.631536194776
forecast_2057,2025-03-27 17:00:00,9172.769423400547,11314.629128238337,7016.168500135099
forecast_2058,2025-03-27 18:00:00,10197.421112981123,12108.093053612049,7490.731125629464
forecast_2059,2025-03-27 19:00:00,11002.59286067929,12616.558328541976,7813.515570959451
forecast_2060,2025-03-27 20:00:00,11469.69908216143,11854.875239489464,8166.696963015971
forecast_2061,2025-03-27 21:00:00,11134.994939129678,11836.285707583898,8374.004887051926
forecast_2062,2025-03-27 22:00:00,10210.798235042497,10635.374159625677,7873.2296169449855
forecast_2063,2025-03-27 23:00:00,9430.326108665045,10042.729663017122,7290.176645099108
forecast_2064,2025-03-28 00:00:00,7588.829440199657,7668.4600241190765,6891.669768907037
forecast_2065,2025-03-28 01:00:00,5626.848216871911,6419.1013051118825,3698.640144691356
forecast_2066,2025-03-28 02:00:00,4461.935297303101,4229.9380520136565,2757.093357652437
forecast_2067,2025-03-28 03:00:00,4034.4384107256847,3127.3946975572408,2403.476753086646
forecast_2068,2025-03-28 04:00:00,4237.5324085079865,3323.2655341561785,2559.7947689587086
forecast_2069,2025-03-28 05:00:00,2687.5277644209255,2524.170911265044,2285.298082165632
forecast_2070,2025-03-28 06:00:00,1704.919505640019,1785.0039812670761,1927.1391515680289
forecast_2071,2025-03-28 07:00:00,1515.829331145073,1470.5692073843225,1847.8957524796444
forecast_2072,2025-03-28 08:00:00,1358.6094380495458,1479.6272037176504,1823.1836028712255
forecast_2073,2025-03-28 09:00:00,1317.5479451357528,1453.9457534955163,1864.2180449721013
forecast_2074,2025-03-28 10:00:00,1548.0842250436117,1786.990136290601,2077.676160918776
forecast_2075,2025-03-28 11:00:00,1675.8224891460297,2268.850427933034,2436.9815032994434
forecast_2076,2025-03-28 12:00:00,1647.2491842445615,2619.5771498252125,2184.768388819535
forecast_2077,2025-03-28 13:00:00,1624.3575975085005,2151.307827337007,2151.8839858661363
forecast_2078,2025-03-28 14:00:00,1435.510324804291,2007.95128211602,2172.758814260351
forecast_2079,2025-03-28 15:00:00,1632.7366916630508,1853.2012944252858,2005.0481322189196
forecast_2080,2025-03-28 16:00:00,1902.5504676033906,2050.059049601067,1913.2257297784445
forecast_2081,2025-03-28 17:00:00,2347.266907923196,3052.0973798423315,2036.6194882101536
forecast_2082,2025-03-28 18:00:00,3377.956726582014,3343.753271907863,2336.2078297272733
forecast_2083,2025-03-28 19:00:00,5070.952968780984,4353.2154987636195,2971.8448427238363
forecast_2084,2025-03-28 20:00:00,5284.376210757151,4873.158372632224,3535.8412037852167
forecast_2085,2025-03-28 21:00:00,5299.1938463475235,5423.7989540283415,3976.6091589045127
forecast_2086,2025-03-28 22:00:00,5341.630470346354,5860.04461165165,3688.0305386913633
forecast_2087,2025-03-28 23:00:00,5013.761108673187,5478.300433643823,3365.841620405111
forecast_2088,2025-03-29 00:00:00,4853.86730834258,4912.206164465565,3333.2298070744637
forecast_2089,2025-03-29 01:00:00,3410.241861200099,3085.8176818015168,2174.8660749222636
forecast_2090,2025-03-29 02:00:00,1859.7633965784212,1596.9584097168017,1995.3483088369348
forecast_2091,2025-03-29 03:00:00,1927.1636702583319,1595.067965772881,2206.185287727583
forecast_2092,2025-03-29 04:00:00,3044.5233447970945,2858.9856104794135,2867.2299580855906
forecast_2093,2025-03-29 05:00:00,5862.123434304702,5883.704992241988,3738.3674571278248
forecast_2094,2025-03-29 06:00:00,7086.632258421309,8928.440203000853,4621.381607347272
forecast_2095,2025-03-29 07:00:00,7914.016058241962,9987.377806380951,5284.317405020334
forecast_2096,2025-03-29 08:00:00,7260.242979037035,9182.564597606852,6069.340551858164
forecast_2097,2025-03-29 09:00:00,7044.5465160146305,8357.292823932534,7184.860570939607
forecast_2098,2025-03-29 10:00:00,7394.85004602377,8690.580062258481,7884.64481912416
forecast_2099,2025-03-29 11:00:00,8636.2983602675,10251.072996211597,9343.619149547838
forecast_2100,2025-03-29 12:00:00,9858.363565100182,11973.503014693364,11159.935953907152
forecast_2101,2025-03-29 13:00:00,10435.699213507367,12102.37157007665,11004.6460199811
forecast_2102,2025-03-29 14:00:00,11482.233719099866,12233.421790978045,11125.65328772146
forecast_2103,2025-03-29 15:00:00,12688.873965569277,12625.08368738645,10807.091528455054
forecast_2104,2025-03-29 16:00:00,13464.851235523683,13659.376863176334,11246.515363394645
forecast_2105,2025-03-29 17:00:00,13705.174488798293,13466.809053873185,10525.787951338774
forecast_2106,2025-03-29 18:00:00,13764.173702616117,13152.419253194757,10056.997614125203
forecast_2107,2025-03-29 19:00:00,13276.738682427052,12432.942601873043,9628.686936461285
forecast_2108,2025-03-29 20:00:00,13019.483114916968,11905.87051568576,9258.600848878106
forecast_2109,2025-03-29 21:00:00,12831.809626268843,11543.569220028645,9203.8532241689
forecast_2110,2025-03-29 22:00:00,12710.8197260067,11349.346164680961,9179.548771075122
forecast_2111,2025-03-29 23:00:00,12078.949434283148,10922.637113829824,8778.60002522075
forecast_2112,2025-03-30 00:00:00,12018.013281125717,11153.55389993164,9153.416967897652
forecast_2113,2025-03-30 01:00:00,12518.4169539534,11834.658504651454,9151.945574198224
forecast_2114,2025-03-30 02:00:00,11897.33866096249,10865.624898824042,8075.945224072105
forecast_2115,2025-03-30 03:00:00,11140.942805686498,9981.504593825932,7917.999433777245
forecast_2116,2025-03-30 04:00:00,10538.614879595032,9006.963728747269,7346.063874799323
forecast_2117,2025-03-30 05:00:00,9889.902640392746,8020.335658185648,6942.321851168218
forecast_2118,2025-03-30 06:00:00,10007.78046601017,7305.419541224777,6433.816760468075
forecast_2119,2025-03-30 07:00:00,10096.285212911269,6427.861439017918,6656.985688737014
forecast_2120,2025-03-30 08:00:00,10206.934022948451,6778.821008918259,6076.986173155152
forecast_2121,2025-03-30 09:00:00,10677.945980912671,7563.739970579843,6422.605932870321
forecast_2122,2025-03-30 10:00:00,10398.14113256184,8049.595451726021,6729.067828464423
forecast_2123,2025-03-30 11:00:00,10239.908063200884,8100.035981343397,6888.837967091719
forecast_2124,2025-03-30 12:00:00,10230.20083921692,7894.843400015036,7070.703900821868
forecast_2125,2025-03-30 13:00:00,10070.926570072752,7463.450792585775,8153.295014580022
forecast_2126,2025-03-30 14:00:00,9753.657783586888,8558.655277243728,8087.516278238487
forecast_2127,2025-03-30 15:00:00,9526.03930577938,8381.010079261236,7059.464451196563
forecast_2128,2025-03-30 16:00:00,8402.642057361725,6701.244629168363,6117.082769521487
forecast_2129,2025-03-30 17:00:00,8052.142160067871,6103.592793758253,6047.537068369384
forecast_2130,2025-03-30 18:00:00,7624.693172039313,5544.26946986383,5900.974614324538
forecast_2131,2025-03-30 19:00:00,7725.808429209388,6027.18751942966,6158.164512534515
forecast_2132,2025-03-30 20:00:00,7627.890168117051,8014.139086627569,6629.53221611554
forecast_2133,2025-03-30 21:00:00,8289.268516090218,8686.449176831451,6864.814052269865
forecast_2134,2025-03-30 22:00:00,9409.769168031484,8795.576469596952,7829.727786877178
forecast_2135,2025-03-30 23:00:00,9864.561177697495,8931.776586193162,8388.815344783641
forecast_2136,2025-03-31 00:00:00,11597.500728825287,11045.375224201756,9708.67846777396
forecast_2137,2025-03-31 01:00:00,13997.515971343139,13903.120597796193,13736.900225756459
forecast_2138,2025-03-31 02:00:00,15066.74631654942,16067.93284532936,15067.288896767797
forecast_2139,2025-03-31 03:00:00,14866.539187075668,16170.203398742768,15468.509533692695
forecast_2140,2025-03-31 04:00:00,14933.400242893898,16492.235355377365,15582.328638562172
forecast_2141,2025-03-31 05:00:00,14556.63406360515,15370.474861608222,12974.266660435342
forecast_2142,2025-03-31 06:00:00,13918.57471290463,14133.59912170903,12330.118577162903
forecast_2143,2025-03-31 07:00:00,11555.932084692826,13301.569016537933,9872.982700699522
forecast_2144,2025-03-31 08:00:00,8766.723172509748,9537.429369268644,6984.756695775509
forecast_2145,2025-03-31 09:00:00,6727.123941885122,6625.373864193126,5431.916884357424
forecast_2146,2025-03-31 10:00:00,4239.567554268876,4158.799499757079,4241.371774656809
forecast_2147,2025-03-31 11:00:00,3300.2645554698497,3093.1817488232755,3644.1316310432103
forecast_2148,2025-03-31 12:00:00,3494.8566983034607,3248.930286666564,3681.235883252209
forecast_2149,2025-03-31 13:00:00,3951.4862679833395,3900.1402615945563,3861.6909528243095
forecast_2150,2025-03-31 14:00:00,4414.460334877046,4917.963367967939,3845.1497505345305
forecast_2151,2025-03-31 15:00:00,4523.266559185899,5285.66439782263,3811.147496986637
forecast_2152,2025-03-31 16:00:00,4584.261979755105,5496.36800319955,3950.8240842747946
forecast_2153,2025-03-31 17:00:00,4955.6013009793905,5731.027177842954,4944.7033978286745
forecast_2154,2025-03-31 18:00:00,6060.4408677646425,6320.522470813757,5529.226813026913
forecast_2155,2025-03-31 19:00:00,6764.027983257666,7939.453929496012,6823.074889225443
forecast_2156,2025-03-31 20:00:00,7589.213543346263,9333.78812971487,7730.670474385769
forecast_2157,2025-03-31 21:00:00,8458.167952615946,10709.04413846233,8548.4808598001
forecast_2158,2025-03-31 22:00:00,10498.690564130837,13115.227752372715,9987.296033448743
forecast_2159,2025-03-31 23:00:00,11577.181653034111,12842.455494917505,11709.535547339112
forecast_2160,2025-04-01 00:00:00,11488.99567446742,11657.657276482505,10661.640936223224
forecast_2161,2025-04-01 01:00:00,10012.095143899835,11039.673607900018,9556.873771915307
forecast_2162,2025-04-01 02:00:00,8449.701078822356,7620.394945521292,8468.834692680031
forecast_2163,2025-04-01 03:00:00,7400.458171080649,7504.528448014347,8064.557425752923
forecast_2164,2025-04-01 04:00:00,6569.7970679024875,6028.433272339797,7288.985957676554
forecast_2165,2025-04-01 05:00:00,5329.613524025337,5053.409903431655,6773.527176074996
forecast_2166,2025-04-01 06:00:00,4245.1301264513295,3858.8065701093365,5531.116205742916
forecast_2167,2025-04-01 07:00:00,3761.2997355253906,3335.1528906316767,4075.054519570618
forecast_2168,2025-04-01 08:00:00,2465.7295564300275,1985.4563989129633,2596.564416444959
forecast_2169,2025-04-01 09:00:00,1256.6934531298602,1249.782795013789,2021.3018958048444
forecast_2170,2025-04-01 10:00:00,758.9389616692266,963.1115556481009,1786.0454188834394
forecast_2171,2025-04-01 11:00:00,667.8518579290517,897.047174499121,1664.2479325680931
forecast_2172,2025-04-01 12:00:00,625.0157838875067,855.6377566110775,1621.2694680742156
forecast_2173,2025-04-01 13:00:00,596.7551126965794,839.1819307492298,1631.0025549215468
forecast_2174,2025-04-01 14:00:00,586.4161292875048,857.2990728200436,1669.9152727642008
forecast_2175,2025-04-01 15:00:00,672.6537605266847,920.0547727796215,1713.6589594439665
forecast_2176,2025-04-01 16:00:00,832.9428999299223,913.0964728673066,1787.8505714070875
forecast_2177,2025-04-01 17:00:00,964.6253377798852,972.5891242367835,1801.3599783912068
forecast_2178,2025-04-01 18:00:00,1257.7662670598552,1211.806398164626,1828.7935068055046
forecast_2179,2025-04-01 19:00:00,1462.5710543074827,1481.5855068436867,1888.7723846675408
forecast_2180,2025-04-01 20:00:00,1679.05799853208,1857.8832772466715,1902.2310767470954
forecast_2181,2025-04-01 21:00:00,2016.8586203533298,2230.6236111326216,1943.5084341307877
forecast_2182,2025-04-01 22:00:00,2307.3921288941365,2400.007201366773,1965.7933803903427
forecast_2183,2025-04-01 23:00:00,2449.3459831565033,2533.0112318337037,1962.618466444831
forecast_2184,2025-04-02 00:00:00,2324.733765494673,2382.4429350119763,1974.8192887509674
forecast_2185,2025-04-02 01:00:00,2182.138151173611,1845.4439084708852,1880.1934510247343
forecast_2186,2025-04-02 02:00:00,2009.9010502865976,1427.3757287316894,1862.473865358429
forecast_2187,2025-04-02 03:00:00,1619.1201906350727,1278.3044396218515,1819.0249356167776
forecast_2188,2025-04-02 04:00:00,1376.6974724316062,1153.5529713978426,1802.3498828547135
forecast_2189,2025-04-02 05:00:00,1304.4445357443917,1091.4708232389864,1780.25581725948
forecast_2190,2025-04-02 06:00:00,1262.4866682286156,966.1159054123725,1776.8192149685344
forecast_2191,2025-04-02 07:00:00,1214.0965121729969,1084.3710246980131,1779.2208934914527
forecast_2192,2025-04-02 08:00:00,1193.0815807889526,1080.9361373926242,1702.481148387546
forecast_2193,2025-04-02 09:00:00,968.3223367082212,993.2841658478443,1655.4725660165998
forecast_2194,2025-04-02 10:00:00,881.4510132763304,1046.9226488527493,1693.156389593885
forecast_2195,2025-04-02 11:00:00,909.6204354672666,1072.9853996729316,1867.8325200212614
forecast_2196,2025-04-02 12:00:00,880.2153161962246,1323.3652823846137,1863.6020122518244
forecast_2197,2025-04-02 13:00:00,981.238145862216,1533.0393541524882,1884.997799451014
forecast_2198,2025-04-02 14:00:00,1300.7803020666145,2058.414071123414,1987.2895205344644
forecast_2199,2025-04-02 15:00:00,1429.7339621236194,2322.7815198732173,2046.3325761296248
forecast_2200,2025-04-02 16:00:00,1623.8092645061856,2280.2515925502203,2136.4201368902623
forecast_2201,2025-04-02 17:00:00,1638.236172460522,2060.940013141972,2056.9311030129156
forecast_2202,2025-04-02 18:00:00,1603.4794468707032,1740.1451556142224,2063.3816022456467
forecast_2203,2025-04-02 19:00:00,1764.5056559069735,1719.829619872131,2038.223333322138
forecast_2204,2025-04-02 20:00:00,1694.919260784472,1471.0992144152203,2054.1665289240846
forecast_2205,2025-04-02 21:00:00,1464.5580812296146,1171.3654009322981,2138.1338154354025
forecast_2206,2025-04-02 22:00:00,1444.2387918070717,1182.2476502554737,2336.597524770181
forecast_2207,2025-04-02 23:00:00,1801.663791925158,1819.5396716214675,2433.4089180519454
forecast_2208,2025-04-03 00:00:00,2085.8764288042366,2392.524632486213,2817.079309071804
forecast_2209,2025-04-03 01:00:00,2264.8001494459822,2564.213891748892,2489.250973038015
forecast_2210,2025-04-03 02:00:00,2014.2941011750086,2494.2469137801227,2489.6958053897256
forecast_2211,2025-04-03 03:00:00,1952.671747923534,2402.822137703967,2547.368369686481
forecast_2212,2025-04-03 04:00:00,1877.0443344446098,2117.7884436952318,2569.9642372223648
forecast_2213,2025-04-03 05:00:00,2020.7418430000644,2086.237809791687,2538.5516784552547
forecast_2214,2025-04-03 06:00:00,2164.7848843629317,2280.678534039226,2573.668406418976
forecast_2215,2025-04-03 07:00:00,2210.456761667274,2512.7701108479746,2888.121584469326
forecast_2216,2025-04-03 08:00:00,1872.792651287241,2228.4080283167605,2828.985624521618
forecast_2217,2025-04-03 09:00:00,1451.3327081920957,1772.1563526023008,2333.226578987349
forecast_2218,2025-04-03 10:00:00,1160.0684231873233,1246.3888389492574,2078.571912431482
forecast_2219,2025-04-03 11:00:00,1055.0859937318849,1193.059740865635,1927.5234421469477
forecast_2220,2025-04-03 12:00:00,1030.0120094042363,1180.7891018068294,1803.56736389781
forecast_2221,2025-04-03 13:00:00,962.9859098225803,1085.5521418457697,1772.4771142941188
forecast_2222,2025-04-03 14:00:00,884.7983818656191,942.5000303651777,1794.4214638589513
forecast_2223,2025-04-03 15:00:00,894.4074759590367,975.9551420273997,1797.0319438681722
forecast_2224,2025-04-03 16:00:00,951.1397288717699,1009.3121185098863,1769.551144098853
forecast_2225,2025-04-03 17:00:00,1012.4854451504887,1031.3359109864389,1791.2878796272837
forecast_2226,2025-04-03 18:00:00,1088.7692895050427,1140.8030395316368,1849.4976645797465
forecast_2227,2025-04-03 19:00:00,1330.2574489796625,1354.3878581979443,1911.9153607979567
forecast_2228,2025-04-03 20:00:00,1681.4706693502749,2045.791961817064,2061.11437146525
forecast_2229,2025-04-03 21:00:00,2474.0876366433085,3243.2697043525636,2331.7528758482376
forecast_2230,2025-04-03 22:00:00,3583.497239444424,3999.9414155844834,2815.327292429501
forecast_2231,2025-04-03 23:00:00,4346.038435134124,4752.124338715175,3709.362453404474
forecast_2232,2025-04-04 00:00:00,4919.96660541273,5533.741200568846,4575.061301981395
forecast_2233,2025-04-04 01:00:00,6381.171489906909,6685.385849680928,5655.11526502886
forecast_2234,2025-04-04 02:00:00,7253.029668726332,7893.178602334799,6955.513493270153
forecast_2235,2025-04-04 03:00:00,8018.697605438254,9196.361739569842,8088.419905060906
forecast_2236,2025-04-04 04:00:00,9179.618544424744,10011.456833929748,8381.325762334862
forecast_2237,2025-04-04 05:00:00,9473.189603008774,10203.826899102314,8463.157769739923
forecast_2238,2025-04-04 06:00:00,9566.789794207221,10309.98763952744,8332.526792289533
forecast_2239,2025-04-04 07:00:00,9096.275293766894,9569.287039296803,7980.790239896409
forecast_2240,2025-04-04 08:00:00,8220.366698668975,8119.280426278934,6105.105519628227
forecast_2241,2025-04-04 09:00:00,5922.857759728001,6621.782302278056,4324.4669138990075
forecast_2242,2025-04-04 10:00:00,3308.025323690529,3619.1467356643043,2791.746123674445
forecast_2243,2025-04-04 11:00:00,1874.6653733883031,1701.2386300137741,2240.996059020908
forecast_2244,2025-04-04 12:00:00,1539.4140600603268,1485.2045570363084,2068.164757566884
forecast_2245,2025-04-04 13:00:00,1277.2719930170588,1336.2511917659929,1981.4889911158382
forecast_2246,2025-04-04 14:00:00,1258.4950971313751,1366.845219612759,1900.7511140424615
forecast_2247,2025-04-04 15:00:00,1371.321493069357,1545.9871154418072,2011.3517730627066
forecast_2248,2025-04-04 16:00:00,1789.1688546054297,1994.7368524930812,2236.8477129788157
forecast_2249,2025-04-04 17:00:00,2135.6016000452137,2638.982816866035,2441.006546509084
forecast_2250,2025-04-04 18:00:00,2418.7828149257543,2716.695805466903,2737.250823325154
forecast_2251,2025-04-04 19:00:00,3148.481838986769,2946.3443657337234,2573.074631595314
forecast_2252,2025-04-04 20:00:00,4404.811041615171,3867.2338003661466,3259.348132013678
forecast_2253,2025-04-04 21:00:00,4600.265297932137,4600.824038766716,3380.9653900993953
forecast_2254,2025-04-04 22:00:00,5084.801923558096,5605.300512244845,3322.5457871801173
forecast_2255,2025-04-04 23:00:00,5443.04867394089,6445.071800583468,4391.98580884536
forecast_2256,2025-04-05 00:00:00,6782.596493045263,7669.155335943232,5966.711763880621
forecast_2257,2025-04-05 01:00:00,7885.580861477588,9733.698851360119,6950.915775581033
forecast_2258,2025-04-05 02:00:00,8422.145328412542,10681.3547616512,7214.123654200596
forecast_2259,2025-04-05 03:00:00,8933.794647443452,11278.392293410408,7197.340074708478
forecast_2260,2025-04-05 04:00:00,9392.566813435787,12082.994527412877,7540.309810416484
forecast_2261,2025-04-05 05:00:00,9007.69998209575,10505.056275065353,6937.849972668904
forecast_2262,2025-04-05 06:00:00,8823.258022579495,9459.100436562821,7205.845294616899
forecast_2263,2025-04-05 07:00:00,7944.899276914317,8811.014079882105,6040.293835769501
forecast_2264,2025-04-05 08:00:00,7262.511682099686,7789.831089988124,5302.877043039448
forecast_2265,2025-04-05 09:00:00,6347.961375002222,6968.004260725169,5105.417848624082
forecast_2266,2025-04-05 10:00:00,4693.38060016493,6223.088261412259,4817.274105827978
forecast_2267,2025-04-05 11:00:00,4660.998325818398,6545.88575532258,5753.771699760337
forecast_2268,2025-04-05 12:00:00,6682.134068844936,10483.937335935772,8177.83752403641
forecast_2269,2025-04-05 13:00:00,9341.37559807768,13634.061763889029,12130.384808555755
forecast_2270,2025-04-05 14:00:00,12179.819261761657,14772.17682412064,13615.996722049378
forecast_2271,2025-04-05 15:00:00,13367.878719416925,16010.09519236441,13680.813173552395
forecast_2272,2025-04-05 16:00:00,14099.94724660654,16285.368978149301,13531.571310777901
forecast_2273,2025-04-05 17:00:00,13670.565350340394,16348.592305910053,13365.284037757892
forecast_2274,2025-04-05 18:00:00,13597.230477034302,16167.641643632502,13521.957731704098
forecast_2275,2025-04-05 19:00:00,13678.935137893764,15358.65658489144,12837.323859150965
forecast_2276,2025-04-05 20:00:00,14459.518832398431,14949.199900242742,13282.15255200647
forecast_2277,2025-04-05 21:00:00,14467.716433671927,14815.284203066007,13242.261615495367
forecast_2278,2025-04-05 22:00:00,14660.80681679968,14899.14981308825,13276.16021597388
forecast_2279,2025-04-05 23:00:00,15006.997427911765,15643.848128518992,13068.08544099487
forecast_2280,2025-04-06 00:00:00,14893.95097558931,15903.532359129165,13244.324450881142
forecast_2281,2025-04-06 01:00:00,14659.399722836497,15258.72433324033,14086.269260740924
forecast_2282,2025-04-06 02:00:00,14257.831671780203,14664.778542070791,14433.512721235144
forecast_2283,2025-04-06 03:00:00,15278.108295521108,15443.78137959552,15789.47943470457
forecast_2284,2025-04-06 04:00:00,15297.84226423819,16421.131196783434,15788.16467208525
forecast_2285,2025-04-06 05:00:00,15259.916183842623,16129.856719493971,15820.335810442177
forecast_2286,2025-04-06 06:00:00,15343.653533805822,16247.468081019359,15770.057534827636
forecast_2287,2025-04-06 07:00:00,15603.213646639693,16082.621896724324,15440.217262181406
forecast_2288,2025-04-06 08:00:00,15124.181947944619,15779.3168914668,14349.90309727159
forecast_2289,2025-04-06 09:00:00,14799.286671078306,14928.254987548,12475.70848728108
forecast_2290,2025-04-06 10:00:00,14155.14668501922,13129.561888450375,11111.485214331518
forecast_2291,2025-04-06 11:00:00,13802.02186552152,12959.053316199965,11044.842420693876
forecast_2292,2025-04-06 12:00:00,13606.220071597629,12721.072433813311,10881.258359418207
forecast_2293,2025-04-06 13:00:00,13425.564484925777,12372.387091481589,11048.10279592957
forecast_2294,2025-04-06 14:00:00,13377.860510968834,12685.675150002424,11672.225335222012
forecast_2295,2025-04-06 15:00:00,13316.66675958622,12897.847413949421,11642.285330601304
forecast_2296,2025-04-06 16:00:00,13091.749666241232,12469.61411220364,10489.415352040385
forecast_2297,2025-04-06 17:00:00,12973.140769988579,11796.925493556655,10087.49495445086
forecast_2298,2025-04-06 18:00:00,12791.343658486992,11666.015423402507,9714.874506211327
forecast_2299,2025-04-06 19:00:00,12782.198634918721,12604.053550822748,11863.153494341506
forecast_2300,2025-04-06 20:00:00,12976.38911738966,13086.801623990663,12291.67380915013
forecast_2301,2025-04-06 21:00:00,13211.349794416994,13252.700823105526,12802.084346611136
forecast_2302,2025-04-06 22:00:00,13817.037360833021,14180.245709675966,13459.886579613561
forecast_2303,2025-04-06 23:00:00,14064.912947643792,14750.451937312526,14589.955167225939
forecast_2304,2025-04-07 00:00:00,13787.969384780845,14934.725695124043,14874.343782393473
forecast_2305,2025-04-07 01:00:00,13607.594387778976,14402.823838575798,15024.922333704792
forecast_2306,2025-04-07 02:00:00,13550.20550696694,13869.657623028721,14685.356130339116
forecast_2307,2025-04-07 03:00:00,13316.397684939415,13704.96150418021,14442.550083433262
forecast_2308,2025-04-07 04:00:00,13745.075721022795,14932.412921913465,15312.128020413375
forecast_2309,2025-04-07 05:00:00,14120.552346656814,15582.999634690143,15766.466586472176
forecast_2310,2025-04-07 06:00:00,14806.9720168152,16047.221684986285,15916.409284893643
forecast_2311,2025-04-07 07:00:00,15017.09278506377,15985.677382080716,15464.781270032929
forecast_2312,2025-04-07 08:00:00,14249.283541600433,16588.999963870978,14458.591284345444
forecast_2313,2025-04-07 09:00:00,12587.367376427197,14977.183991364622,13431.334705555624
forecast_2314,2025-04-07 10:00:00,10532.269585380549,13197.153436853083,11711.037037311007
forecast_2315,2025-04-07 11:00:00,9780.299662578826,10800.394038937511,9838.990444172392
forecast_2316,2025-04-07 12:00:00,9587.533548226307,9637.370643379396,9274.663265357767
forecast_2317,2025-04-07 13:00:00,10172.219165348146,10686.18170579461,10609.187477268075
forecast_2318,2025-04-07 14:00:00,11071.646620834268,11627.069251976807,11800.742354713591
forecast_2319,2025-04-07 15:00:00,12358.27610682849,12535.99801830667,11998.27548341996
forecast_2320,2025-04-07 16:00:00,13217.694823498408,13626.969060406149,13338.478010715206
forecast_2321,2025-04-07 17:00:00,14072.812164185118,14773.945115680011,14212.992418394251
forecast_2322,2025-04-07 18:00:00,14549.493378754858,15247.736558369203,15223.369416723366
forecast_2323,2025-04-07 19:00:00,14980.78737357888,16455.852651118446,15731.106869003352
forecast_2324,2025-04-07 20:00:00,15805.71520190322,18700.81599009754,17703.86625031889
forecast_2325,2025-04-07 21:00:00,17076.27693283121,19310.041175857397,18488.16746789564
forecast_2326,2025-04-07 22:00:00,17550.148913510926,19551.975153062594,18732.213452509255
forecast_2327,2025-04-07 23:00:00,17876.108168627296,19623.703853170296,19327.288214698725
forecast_2328,2025-04-08 00:00:00,18412.323434485807,19612.970709142384,19373.996900582068
forecast_2329,2025-04-08 01:00:00,18371.60347375412,19619.655215697057,19092.286795058506
forecast_2330,2025-04-08 02:00:00,18444.184268107892,19696.610565033505,19054.98553003635
forecast_2331,2025-04-08 03:00:00,18820.396483115466,19565.31480370867,18942.73128306051
forecast_2332,2025-04-08 04:00:00,19124.87678270381,19610.093047732084,19003.239088458162
forecast_2333,2025-04-08 05:00:00,19293.55216288018,19612.535409371303,18852.69718325865
forecast_2334,2025-04-08 06:00:00,18779.32084897562,19296.139441324485,18621.655018840735
forecast_2335,2025-04-08 07:00:00,17872.137990642543,19305.449460161104,18225.811099662664
forecast_2336,2025-04-08 08:00:00,16970.09145610597,18489.692241023746,17248.605921500864
forecast_2337,2025-04-08 09:00:00,16355.66908431565,16867.772582057525,14668.72491334713
forecast_2338,2025-04-08 10:00:00,14646.499384694403,15321.58055866661,11726.848785862487
forecast_2339,2025-04-08 11:00:00,14157.199954913165,14695.291064238758,10952.202716655109
forecast_2340,2025-04-08 12:00:00,13774.721569245721,14029.311794632718,10453.360023885478
forecast_2341,2025-04-08 13:00:00,13040.29699128108,12858.239386469879,9497.486293043594
forecast_2342,2025-04-08 14:00:00,12235.45643620763,11058.539142529797,7770.075980273758
forecast_2343,2025-04-08 15:00:00,10022.596417828609,8032.006477658825,5940.131951173393
forecast_2344,2025-04-08 16:00:00,7430.448897671773,5912.244269277325,4118.885947266461
forecast_2345,2025-04-08 17:00:00,4826.417002976571,3695.2681577442536,2893.6785905444012
forecast_2346,2025-04-08 18:00:00,2998.505759476036,2169.9728732019075,2255.0660687765117
forecast_2347,2025-04-08 19:00:00,1898.4991876120284,1717.109336885077,1966.4013339780113
forecast_2348,2025-04-08 20:00:00,1496.2048844132335,1340.7674039127778,1854.8432381079715
forecast_2349,2025-04-08 21:00:00,1347.3995434494109,1230.4180931908318,1847.2821790635817
forecast_2350,2025-04-08 22:00:00,1401.026162733942,1331.8740514377805,1878.0440457567834
forecast_2351,2025-04-08 23:00:00,1571.3154434541007,1434.7345441950883,1905.806085255087
forecast_2352,2025-04-09 00:00:00,1613.1038421485055,1435.4134855282318,1966.3461854036836
forecast_2353,2025-04-09 01:00:00,1669.5035537208078,1622.4914004580946,1983.004305902126
forecast_2354,2025-04-09 02:00:00,1902.7026917402868,1743.531402365652,2009.6797018576985
forecast_2355,2025-04-09 03:00:00,1998.8886736058134,1821.1884302128233,2052.2268939010955
forecast_2356,2025-04-09 04:00:00,1977.431594012767,1966.0672382364437,2080.131588325014
forecast_2357,2025-04-09 05:00:00,2062.6600861073825,2150.5130920566603,2029.4642119443797
forecast_2358,2025-04-09 06:00:00,2242.969812434899,2327.4428926884534,2061.2038271209694
forecast_2359,2025-04-09 07:00:00,2332.944142999725,2440.5903053919938,2186.127404377062
forecast_2360,2025-04-09 08:00:00,2479.9468586693,2753.1375146484925,2180.640896521456
forecast_2361,2025-04-09 09:00:00,2029.5026262334834,2526.012163655054,2215.133510156605
forecast_2362,2025-04-09 10:00:00,1889.716904194942,2093.8768525067185,2252.2369157552835
forecast_2363,2025-04-09 11:00:00,2165.86731255014,2448.845646940988,2497.3770421997915
forecast_2364,2025-04-09 12:00:00,3182.122986759818,3521.0346001105604,3657.973486624348
forecast_2365,2025-04-09 13:00:00,3645.0681361854413,4567.735224228916,4084.5396707798755
forecast_2366,2025-04-09 14:00:00,3669.497859071951,5479.067458589732,5061.115724862862
forecast_2367,2025-04-09 15:00:00,4361.231795100301,6088.269483441182,6282.929709014228
forecast_2368,2025-04-09 16:00:00,5424.2314020937065,6195.358076638593,6478.865034087979
forecast_2369,2025-04-09 17:00:00,5616.961771670509,6021.888102871576,6392.0761643714495
forecast_2370,2025-04-09 18:00:00,5817.504606764016,5773.851335873461,5446.2880757627645
forecast_2371,2025-04-09 19:00:00,5779.5576278496355,6936.279650012782,5005.844069845622
forecast_2372,2025-04-09 20:00:00,6511.334935836635,7613.660617781501,5152.802942014974
forecast_2373,2025-04-09 21:00:00,6124.577718420981,7516.435155924683,5023.076412685677
forecast_2374,2025-04-09 22:00:00,6572.776714743386,7821.731150456765,5022.846614923141
forecast_2375,2025-04-09 23:00:00,6599.757869678672,7573.937870618492,5137.692420564887
forecast_2376,2025-04-10 00:00:00,7128.175220439157,8012.255273044924,5916.021643093261
forecast_2377,2025-04-10 01:00:00,7941.971919035068,9232.769514514759,6558.664241828271
forecast_2378,2025-04-10 02:00:00,8877.709745600177,9208.846909423724,6858.89233314426
forecast_2379,2025-04-10 03:00:00,9805.870059744824,8937.449491539523,7316.735816539188
forecast_2380,2025-04-10 04:00:00,8873.704113658643,8239.786075822132,7172.347245076296
forecast_2381,2025-04-10 05:00:00,7843.31602865391,7571.892446833063,6294.8489205882925
forecast_2382,2025-04-10 06:00:00,6951.518718260342,7009.5467421196345,5561.718939551665
forecast_2383,2025-04-10 07:00:00,5863.894542895186,6413.952621435619,4853.675472502766
forecast_2384,2025-04-10 08:00:00,5591.666657737813,6314.8920384111,4425.637444520746
forecast_2385,2025-04-10 09:00:00,4465.394143969502,5409.8281739705635,3792.3046092619584
forecast_2386,2025-04-10 10:00:00,4401.783220693149,4634.18872446752,4004.2171679497524
forecast_2387,2025-04-10 11:00:00,3761.7953970572853,4003.698050513344,3663.1937360754973
forecast_2388,2025-04-10 12:00:00,3094.544956403055,3403.139658115764,3341.565554167433
forecast_2389,2025-04-10 13:00:00,2677.095276539463,2875.40714306892,2778.9230514402843
forecast_2390,2025-04-10 14:00:00,2805.5577564242276,3288.5275620318444,2726.1700387041315
forecast_2391,2025-04-10 15:00:00,3038.4808996858915,3638.7362315530672,2933.631310928774
forecast_2392,2025-04-10 16:00:00,3325.39167228135,3615.0619419308227,2463.3195452677774
forecast_2393,2025-04-10 17:00:00,2841.3652469320887,3075.0153646536937,2310.226825902909
forecast_2394,2025-04-10 18:00:00,2525.3995830781114,2713.4411241240964,2209.34463961426
forecast_2395,2025-04-10 19:00:00,2467.441883095581,2451.333839018581,2211.793630699288
forecast_2396,2025-04-10 20:00:00,2474.7878464679156,2404.228103635737,2282.687970603306
forecast_2397,2025-04-10 21:00:00,2783.29832257503,2659.2019139686436,2377.0398570787784
forecast_2398,2025-04-10 22:00:00,3250.478181246605,3318.3847653168305,2660.851710219905
forecast_2399,2025-04-10 23:00:00,3417.120331002678,3506.4664905926006,2719.21205071488
forecast_2400,2025-04-11 00:00:00,3032.5719235610286,3346.3019893129995,2698.901987278999
forecast_2401,2025-04-11 01:00:00,2798.704309413832,3029.2556687385377,2595.234363741117
forecast_2402,2025-04-11 02:00:00,2809.474691967126,3168.151338631523,2620.1625463496657
forecast_2403,2025-04-11 03:00:00,2748.6299107842815,3310.6341566256624,2598.436937426195
forecast_2404,2025-04-11 04:00:00,2521.571555538697,3163.0334309422124,2451.399259484332
forecast_2405,2025-04-11 05:00:00,2097.8250955539233,2358.3128662867102,2390.806730607075
forecast_2406,2025-04-11 06:00:00,1609.3734410671616,2027.0059117603441,2283.7562069915057
forecast_2407,2025-04-11 07:00:00,1269.7689856868544,1542.2471474815718,2064.300948950871
forecast_2408,2025-04-11 08:00:00,1006.1035900728598,1169.01857247666,1815.9649528178225
forecast_2409,2025-04-11 09:00:00,882.7998261883787,951.1232292298419,1674.5001343419099
forecast_2410,2025-04-11 10:00:00,738.8252310927551,806.1946629494543,1598.4176551690887
forecast_2411,2025-04-11 11:00:00,654.3258930792075,743.5461792206886,1604.7554005255065
forecast_2412,2025-04-11 12:00:00,675.1503113735324,771.6692308537203,1610.9839551633736
forecast_2413,2025-04-11 13:00:00,703.2895907972163,770.9646400596716,1634.3425824863632
forecast_2414,2025-04-11 14:00:00,724.8959617448825,799.7525551228449,1644.6179802658362
forecast_2415,2025-04-11 15:00:00,808.5785558785035,824.5843731148061,1708.3961338937256
forecast_2416,2025-04-11 16:00:00,998.0648915086371,963.8128400213548,1812.8860432623364
forecast_2417,2025-04-11 17:00:00,1230.1393128109653,1154.5410933166986,1837.3036790393078
forecast_2418,2025-04-11 18:00:00,1923.026204440816,1283.2342886733268,1889.4826239444224
forecast_2419,2025-04-11 19:00:00,2486.6039254330894,2117.3452021584053,2100.751740352414
forecast_2420,2025-04-11 20:00:00,2792.7551575053385,3103.1157443405273,2411.76431523672
forecast_2421,2025-04-11 21:00:00,3775.0244211852646,3709.9750768388712,2602.6958664037516
forecast_2422,2025-04-11 22:00:00,4789.330517630773,4634.740174498455,3413.1557784752567
forecast_2423,2025-04-11 23:00:00,4546.901888692285,4861.038894891977,3549.7400891052534
forecast_2424,2025-04-12 00:00:00,4601.457629579285,4734.7459613371575,3507.4390814990784
forecast_2425,2025-04-12 01:00:00,4196.267879486564,4902.042712702345,3354.0639447660988
forecast_2426,2025-04-12 02:00:00,3876.688451663797,5374.7732247765525,3090.7238669262533
forecast_2427,2025-04-12 03:00:00,4044.3088786334383,5392.201309851727,3159.7463046998528
forecast_2428,2025-04-12 04:00:00,5088.139981013459,6142.028163699877,4060.631988198524
forecast_2429,2025-04-12 05:00:00,5912.891220655839,5919.98414123194,4147.9464683297465
forecast_2430,2025-04-12 06:00:00,5967.403511699696,6476.096165624819,4388.6597135566535
forecast_2431,2025-04-12 07:00:00,6083.5789244042535,7684.8843113653475,4957.830266553317
forecast_2432,2025-04-12 08:00:00,6372.53363994891,9551.136513399586,5916.205439910208
forecast_2433,2025-04-12 09:00:00,6347.125814139533,9973.131553220739,7542.074604668908
forecast_2434,2025-04-12 10:00:00,5865.588346728491,10041.02567893473,8038.111733985884
forecast_2435,2025-04-12 11:00:00,6562.038587910095,9911.747847167708,9244.807801809688
forecast_2436,2025-04-12 12:00:00,7630.450146388446,10949.256975329281,10503.129192317763
forecast_2437,2025-04-12 13:00:00,9317.39022707571,11979.927520590276,11516.748711322585
forecast_2438,2025-04-12 14:00:00,9736.311946246296,12656.534638416078,11225.361836268457
forecast_2439,2025-04-12 15:00:00,9536.202450359866,12087.419648234327,11394.712310388335
forecast_2440,2025-04-12 16:00:00,9939.158550708049,13501.166986097523,11418.928625482637
forecast_2441,2025-04-12 17:00:00,11040.993074608714,14550.346428246748,11878.877824999958
forecast_2442,2025-04-12 18:00:00,12983.64879222106,14519.750128185318,12961.562594828263
forecast_2443,2025-04-12 19:00:00,14672.956419995404,15035.697360794722,14127.503184809128
forecast_2444,2025-04-12 20:00:00,16045.493820149644,16249.819928923072,15235.642012186301
forecast_2445,2025-04-12 21:00:00,16967.31557144989,17053.588320057246,15624.184901450282
forecast_2446,2025-04-12 22:00:00,17833.002156828283,17347.998888402348,15495.474813946252
forecast_2447,2025-04-12 23:00:00,17954.733475925153,17391.422335702653,15073.855941912503
forecast_2448,2025-04-13 00:00:00,17746.663959787627,17666.748131850392,15790.271448509622
forecast_2449,2025-04-13 01:00:00,17587.87851577026,17752.083061970723,14891.36698941524
forecast_2450,2025-04-13 02:00:00,16899.84185399813,18589.672365895254,15348.426051970117
forecast_2451,2025-04-13 03:00:00,17941.237718651224,19452.299558813134,16185.182854373394
forecast_2452,2025-04-13 04:00:00,18290.529342996146,19691.626316939397,16755.54746114168
forecast_2453,2025-04-13 05:00:00,17912.97255395529,19207.345975367352,16569.649892770714
forecast_2454,2025-04-13 06:00:00,18051.71212844934,19213.651821866624,16259.156292211357
forecast_2455,2025-04-13 07:00:00,18397.17213445178,19189.777324206778,16377.089410081646
forecast_2456,2025-04-13 08:00:00,18249.20276461413,19326.330240230564,16864.10765196529
forecast_2457,2025-04-13 09:00:00,18531.19061959196,19242.378961060836,17190.014577199327
forecast_2458,2025-04-13 10:00:00,17550.437689089533,18944.469903851772,16755.794065088412
forecast_2459,2025-04-13 11:00:00,15582.626419180715,18819.006839977243,16613.17075201634
forecast_2460,2025-04-13 12:00:00,14954.738878077684,18715.51307843048,16457.489189480177
forecast_2461,2025-04-13 13:00:00,14186.152258390874,18661.792993839204,16568.557842100752
forecast_2462,2025-04-13 14:00:00,13441.606088729815,18204.77458357261,16513.689553239165
forecast_2463,2025-04-13 15:00:00,13840.59369266901,18428.40516575403,16379.414264187826
forecast_2464,2025-04-13 16:00:00,14426.382899667618,18502.551304036173,16421.930267841348
forecast_2465,2025-04-13 17:00:00,15171.892220428635,18977.23089701336,16944.39813412478
forecast_2466,2025-04-13 18:00:00,16756.71195342786,19294.624061048795,18061.739985213986
forecast_2467,2025-04-13 19:00:00,17908.286669437442,19331.5733261349,18690.72157560434
forecast_2468,2025-04-13 20:00:00,17839.90153146917,19513.73208149068,18608.98488670748
forecast_2469,2025-04-13 21:00:00,17555.39609954413,19274.324529986137,18118.355148856903
forecast_2470,2025-04-13 22:00:00,16369.563743786992,18575.989387919613,18056.893504073287
forecast_2471,2025-04-13 23:00:00,14804.239438757553,16975.48979895486,17032.84402280549
forecast_2472,2025-04-14 00:00:00,14036.879624856467,16456.3781935715,16143.950947409003
forecast_2473,2025-04-14 01:00:00,12954.025734951174,15983.374557081079,14244.299894123988
forecast_2474,2025-04-14 02:00:00,11655.342361360204,15808.904615761994,13062.940371629464
forecast_2475,2025-04-14 03:00:00,10942.027890992853,15117.205887319245,9591.648201693504
forecast_2476,2025-04-14 04:00:00,10024.595696248336,14251.671405789652,8163.167484937729
forecast_2477,2025-04-14 05:00:00,8399.965937979554,10130.9481784413,7561.291480632752
forecast_2478,2025-04-14 06:00:00,6827.979850772602,7980.659160968988,5525.910964908029
forecast_2479,2025-04-14 07:00:00,5509.891514894161,6632.164690274756,4674.83094097604
forecast_2480,2025-04-14 08:00:00,4417.817033788804,5070.0883874623905,4290.5113274296145
forecast_2481,2025-04-14 09:00:00,3558.777215965348,4437.444732310135,3443.57284154257
forecast_2482,2025-04-14 10:00:00,2668.704026092423,4077.6420216281595,2868.9860578313546
forecast_2483,2025-04-14 11:00:00,2828.722171142092,4092.669806193884,2900.545007219079
forecast_2484,2025-04-14 12:00:00,2723.5169584215528,3776.278855347683,2886.7635455332143
forecast_2485,2025-04-14 13:00:00,2504.2660717010885,3171.388322360687,2999.4708340227053
forecast_2486,2025-04-14 14:00:00,1811.5061807828738,3396.6247142496304,2437.7063947809647
forecast_2487,2025-04-14 15:00:00,1485.6915521991077,2266.75179325895,2081.8920307908165
forecast_2488,2025-04-14 16:00:00,1311.3735637810682,1848.3123606056795,2082.5283195626935
forecast_2489,2025-04-14 17:00:00,1199.0386428023169,1822.7263013625957,2186.176810258094
forecast_2490,2025-04-14 18:00:00,1439.4593703476955,2056.4302254261816,2417.657678904987
forecast_2491,2025-04-14 19:00:00,1881.8510810763034,2513.624390887126,2548.9577526936073
forecast_2492,2025-04-14 20:00:00,2287.7141748462045,3014.386758328461,3015.117512831489
forecast_2493,2025-04-14 21:00:00,2566.5700137817144,3275.4587212374395,3440.979511861722
forecast_2494,2025-04-14 22:00:00,3194.2155680654196,4163.796309654151,3641.358820165236
forecast_2495,2025-04-14 23:00:00,4475.134332190688,4194.898372069494,3561.8241616378605
forecast_2496,2025-04-15 00:00:00,4781.319413836266,4928.229514041664,3812.9025443488717
forecast_2497,2025-04-15 01:00:00,5617.752785729671,5368.049941216732,4459.446628940118
forecast_2498,2025-04-15 02:00:00,6295.351913879536,5971.5941652218,4607.780108949523
forecast_2499,2025-04-15 03:00:00,6393.948369324385,6708.009515243939,4416.529406817598
forecast_2500,2025-04-15 04:00:00,5861.687036437332,7276.550104647596,4746.69176287174
forecast_2501,2025-04-15 05:00:00,6599.696663382834,7525.5963310094785,5165.156081688243
forecast_2502,2025-04-15 06:00:00,7144.0995207905,8784.413853243437,6287.567431513737
forecast_2503,2025-04-15 07:00:00,7890.164780676993,9902.921115209381,7589.748391330334
forecast_2504,2025-04-15 08:00:00,7995.361156646613,11158.192225514493,7638.22753590098
forecast_2505,2025-04-15 09:00:00,8046.025994172956,10415.97555800753,7883.087348455937
forecast_2506,2025-04-15 10:00:00,8346.401770396948,10767.418733892422,8299.406688730069
forecast_2507,2025-04-15 11:00:00,8389.02964830086,10198.711843701345,7801.393276405242
forecast_2508,2025-04-15 12:00:00,8316.103412660541,8836.457745724942,7210.438954734437
forecast_2509,2025-04-15 13:00:00,9500.41660372408,9243.005639588744,7710.884539647004
forecast_2510,2025-04-15 14:00:00,10639.07855840194,10637.32755114897,8874.177377774455
forecast_2511,2025-04-15 15:00:00,11644.737189681662,11367.962652402466,9412.852663608637
forecast_2512,2025-04-15 16:00:00,12563.633199618862,11455.77915607668,9106.434654958435
forecast_2513,2025-04-15 17:00:00,12956.323639770342,11444.08490324503,9856.230000043646
forecast_2514,2025-04-15 18:00:00,13731.764668346277,12814.373366415675,11433.574268602699
forecast_2515,2025-04-15 19:00:00,14500.18642301673,14305.118119948585,12728.025808826225
forecast_2516,2025-04-15 20:00:00,14907.528071044237,15814.971944238094,15484.069779223055
forecast_2517,2025-04-15 21:00:00,14854.456028427077,16842.32942578879,15763.330716510778
forecast_2518,2025-04-15 22:00:00,15423.15881762695,17776.508966580142,16844.793129841848
forecast_2519,2025-04-15 23:00:00,15736.88198382686,18394.666325470753,17873.650132685154
forecast_2520,2025-04-16 00:00:00,15443.438723074061,18515.824850534664,17738.040381903396
forecast_2521,2025-04-16 01:00:00,15683.255543053981,18645.25109686121,17108.2331743705
forecast_2522,2025-04-16 02:00:00,16090.87937659006,18419.293461799807,16681.44757742154
forecast_2523,2025-04-16 03:00:00,15601.379463112355,18228.920794274607,15915.380441703635
forecast_2524,2025-04-16 04:00:00,14814.659345427464,17486.92087648139,16067.974622633736
forecast_2525,2025-04-16 05:00:00,14883.742482956237,17106.404689572453,16348.597892667205
forecast_2526,2025-04-16 06:00:00,14679.650172146461,16877.37771399046,16678.684041610486
forecast_2527,2025-04-16 07:00:00,13523.16953030349,16756.142648495646,14127.555359664895
forecast_2528,2025-04-16 08:00:00,13125.394872493463,16123.814603576537,13735.21802371001
forecast_2529,2025-04-16 09:00:00,11570.632781287823,13519.767837538486,12516.914415536228
forecast_2530,2025-04-16 10:00:00,10470.7986218931,11241.151435737936,11312.467720180703
forecast_2531,2025-04-16 11:00:00,10787.196971442188,9798.42315147234,10513.668790953925
forecast_2532,2025-04-16 12:00:00,11722.381599716315,11022.498187926909,10947.671384121826
forecast_2533,2025-04-16 13:00:00,12572.042688234167,13216.427838071797,12506.917986418483
forecast_2534,2025-04-16 14:00:00,13903.36035332032,15215.158722611895,13728.099290342188
forecast_2535,2025-04-16 15:00:00,14839.212063058649,16326.153237867218,14977.332616046342
forecast_2536,2025-04-16 16:00:00,15641.051168599244,16902.91489653734,15754.34264516444
forecast_2537,2025-04-16 17:00:00,16453.79233665204,17656.645597844014,17231.444188260968
forecast_2538,2025-04-16 18:00:00,17659.897410448066,18961.8345702224,17805.496230895526
forecast_2539,2025-04-16 19:00:00,17772.522527615074,19320.517686403473,18357.183535729408
forecast_2540,2025-04-16 20:00:00,18295.867099376585,19444.99193524442,18850.61603876674
forecast_2541,2025-04-16 21:00:00,18097.389069753037,19486.586937251417,18731.281501406425
forecast_2542,2025-04-16 22:00:00,18053.359260880407,19373.42448766472,18418.532530753007
forecast_2543,2025-04-16 23:00:00,18516.391309155628,19749.182990104942,18298.36206803206
forecast_2544,2025-04-17 00:00:00,18297.258386704132,19452.49602151954,18266.753813150935
forecast_2545,2025-04-17 01:00:00,17797.677547062067,18706.76139110104,17391.383996157027
forecast_2546,2025-04-17 02:00:00,17241.11735471434,18796.177577348142,17383.782924769897
forecast_2547,2025-04-17 03:00:00,17109.32486801441,18953.16488101054,17271.63371363138
forecast_2548,2025-04-17 04:00:00,16832.14772811887,18917.28309487401,16722.89657087864
forecast_2549,2025-04-17 05:00:00,16260.776669218674,18119.92127760891,16074.17441124283
forecast_2550,2025-04-17 06:00:00,15964.767497120632,17593.25169238224,14209.614458195128
forecast_2551,2025-04-17 07:00:00,15147.750803030787,16863.382820325933,14794.718768130384
forecast_2552,2025-04-17 08:00:00,14679.178413917043,15977.919263651262,14793.95802476715
forecast_2553,2025-04-17 09:00:00,12994.805345935518,14178.260680049103,12114.987390882661
forecast_2554,2025-04-17 10:00:00,10522.927500325855,12799.015803087277,10655.79826796288
forecast_2555,2025-04-17 11:00:00,9971.793683002337,11802.427174290417,10035.112381827857
forecast_2556,2025-04-17 12:00:00,9805.46950590157,11316.799230055596,9938.940227858297
forecast_2557,2025-04-17 13:00:00,9579.967296782006,11349.298002950844,10453.382578618428
forecast_2558,2025-04-17 14:00:00,10014.078777446393,12813.558754781681,11673.105463068923
forecast_2559,2025-04-17 15:00:00,10590.310357047008,12288.176836792565,12510.601811761768
forecast_2560,2025-04-17 16:00:00,11141.416293512439,12697.66026988527,12618.426646326849
forecast_2561,2025-04-17 17:00:00,11119.662813643372,12207.285271557965,12595.110701836338
forecast_2562,2025-04-17 18:00:00,11021.308830771915,12378.419337052803,12626.53831414092
forecast_2563,2025-04-17 19:00:00,12133.828841479108,13841.979167267626,12778.82235654376
forecast_2564,2025-04-17 20:00:00,12870.855099928924,15117.640763659616,12612.656394010077
forecast_2565,2025-04-17 21:00:00,13756.744270786938,16014.58690579688,13670.171159527808
forecast_2566,2025-04-17 22:00:00,14339.560079263765,17213.47513846201,15364.167066180535
forecast_2567,2025-04-17 23:00:00,15276.378060208908,18116.810015008654,16256.931161938344
forecast_2568,2025-04-18 00:00:00,17138.502252081627,18984.420039052944,17573.87164712707
forecast_2569,2025-04-18 01:00:00,17881.756769132742,19224.331387945327,16497.101351911955
forecast_2570,2025-04-18 02:00:00,17842.11955329639,19269.923065478135,17491.823267082742
forecast_2571,2025-04-18 03:00:00,18310.025261218576,19201.001729226213,17943.620776559183
forecast_2572,2025-04-18 04:00:00,18551.99852705562,19021.02783158297,17638.41567616027
forecast_2573,2025-04-18 05:00:00,18151.490784868176,18673.47916639933,17205.37624002668
forecast_2574,2025-04-18 06:00:00,17233.380361041964,17740.047166686265,15668.84095676814
forecast_2575,2025-04-18 07:00:00,16326.751922320069,16111.379003041378,14722.634213990801
forecast_2576,2025-04-18 08:00:00,14148.741867739163,14413.315042404642,12715.790174552774
forecast_2577,2025-04-18 09:00:00,12279.64347256619,12700.278650509214,9999.036035476252
forecast_2578,2025-04-18 10:00:00,10328.621403465466,10571.984064704095,9947.827255430115
forecast_2579,2025-04-18 11:00:00,10160.156191479975,11484.910525271738,10108.201930695377
forecast_2580,2025-04-18 12:00:00,10416.448758045935,11457.22145420379,9567.779435762304
forecast_2581,2025-04-18 13:00:00,9691.010371378945,10046.976644749979,8668.236194637204
forecast_2582,2025-04-18 14:00:00,9447.000934805776,8863.905146554276,8501.501829043436
forecast_2583,2025-04-18 15:00:00,8755.660618834685,8255.063454385046,7992.923109741081
forecast_2584,2025-04-18 16:00:00,8065.524337488571,7809.903830295946,7801.578781669484
forecast_2585,2025-04-18 17:00:00,8177.09961870829,8105.940465040812,7712.420592317856
forecast_2586,2025-04-18 18:00:00,8982.662151296292,8875.406126587372,8206.773386444704
forecast_2587,2025-04-18 19:00:00,10104.446460031771,11076.114877014865,8929.975161376089
forecast_2588,2025-04-18 20:00:00,10948.117917411302,12043.613101533236,8971.058975351314
forecast_2589,2025-04-18 21:00:00,11099.178842572563,11560.024658547956,9243.276586674045
forecast_2590,2025-04-18 22:00:00,11712.180652816178,13146.08547855394,10014.62997119091
forecast_2591,2025-04-18 23:00:00,11381.868890561622,13893.754475899732,10566.431868491927
forecast_2592,2025-04-19 00:00:00,11850.434004348284,14051.380127187726,11865.632756054867
forecast_2593,2025-04-19 01:00:00,12890.014304148304,15455.462225252766,11896.947671072388
forecast_2594,2025-04-19 02:00:00,13503.449216988778,16470.427121893415,12961.294136067998
forecast_2595,2025-04-19 03:00:00,13405.308275047164,16777.739684957916,14004.169796908427
forecast_2596,2025-04-19 04:00:00,13726.643298355784,17195.625904311783,13281.724588107096
forecast_2597,2025-04-19 05:00:00,13039.46697979905,16037.454962470594,12978.1177250844
forecast_2598,2025-04-19 06:00:00,12355.725560679286,15315.86480689785,12502.528236588481
forecast_2599,2025-04-19 07:00:00,11697.262448662828,14188.660056387776,12607.213373874161
forecast_2600,2025-04-19 08:00:00,11271.910595384816,14241.678291461014,12546.640426322847
forecast_2601,2025-04-19 09:00:00,11314.763281953208,14413.0377531189,12345.299462277106
forecast_2602,2025-04-19 10:00:00,12315.324911565973,14962.465311651033,12581.193197361315
forecast_2603,2025-04-19 11:00:00,12564.218010023842,15147.113550961567,13537.324233987
forecast_2604,2025-04-19 12:00:00,12598.64886969407,17323.889746369132,16296.12775963185
forecast_2605,2025-04-19 13:00:00,14034.000069102905,18264.98924220616,16834.570280170403
forecast_2606,2025-04-19 14:00:00,16132.355371545395,18663.845783042074,17140.90561825971
forecast_2607,2025-04-19 15:00:00,16495.405550891017,19073.274784692003,17651.74491936974
forecast_2608,2025-04-19 16:00:00,16578.63882836224,19053.010344579307,17935.279456891323
forecast_2609,2025-04-19 17:00:00,16816.475789234988,18959.877145296367,18446.177233987677
forecast_2610,2025-04-19 18:00:00,17382.86518195712,19203.320414973554,18032.71333370848
forecast_2611,2025-04-19 19:00:00,17949.834904906253,18615.997872657445,17977.215555548268
forecast_2612,2025-04-19 20:00:00,17020.820344054446,18379.384458743923,17356.85580297651
forecast_2613,2025-04-19 21:00:00,16242.157492703203,17469.361139354573,16364.227598879443
forecast_2614,2025-04-19 22:00:00,15101.83496097128,15174.69703292226,13127.094913623985
forecast_2615,2025-04-19 23:00:00,12879.04865353673,13948.022140183451,10665.140031930816
forecast_2616,2025-04-20 00:00:00,11487.506876277363,11585.38159132217,9836.048759607016
forecast_2617,2025-04-20 01:00:00,9253.153004398226,10359.719572495218,8484.855172939122
forecast_2618,2025-04-20 02:00:00,7970.34202130398,7854.3252090319165,7010.2817049009245
forecast_2619,2025-04-20 03:00:00,6206.3831899428405,6409.274060797575,5566.813975591368
forecast_2620,2025-04-20 04:00:00,4317.82253662518,4096.446611419833,3792.6582504073754
forecast_2621,2025-04-20 05:00:00,2948.4301692922345,2382.213597371867,2554.2970648761516
forecast_2622,2025-04-20 06:00:00,2132.4367944197734,1890.1188699746874,2039.1208031532083
forecast_2623,2025-04-20 07:00:00,1614.3022892316083,1605.155146395204,1819.7886657159368
forecast_2624,2025-04-20 08:00:00,1312.9230868792638,1226.7522813452129,1686.7210107455787
forecast_2625,2025-04-20 09:00:00,1201.0348426985718,1094.0656295511337,1675.5012152306067
forecast_2626,2025-04-20 10:00:00,1032.7200614557528,967.9626666055518,1663.193933525237
forecast_2627,2025-04-20 11:00:00,986.2843886051966,852.1452249781888,1693.259214607964
forecast_2628,2025-04-20 12:00:00,952.3272652721652,865.0456325666773,1669.5125315459463
forecast_2629,2025-04-20 13:00:00,903.2124915305129,897.5392396637837,1644.8594352612402
forecast_2630,2025-04-20 14:00:00,883.3283265531657,915.0928285917132,1668.3420694155188
forecast_2631,2025-04-20 15:00:00,904.33709285563,915.7874225866008,1703.263755513634
forecast_2632,2025-04-20 16:00:00,932.0665137382705,905.9777022557306,1674.4194708035532
forecast_2633,2025-04-20 17:00:00,997.8330901306847,915.7407829277648,1651.8760678106646
forecast_2634,2025-04-20 18:00:00,1072.010899762518,878.7800997156793,1674.5979733392496
forecast_2635,2025-04-20 19:00:00,1150.7287027570153,902.3561815526967,1705.026078395952
forecast_2636,2025-04-20 20:00:00,1237.8230296748998,932.1617335616344,1753.4109350063509
forecast_2637,2025-04-20 21:00:00,1259.5780709097858,1011.1714795942262,1798.7938874340637
forecast_2638,2025-04-20 22:00:00,1326.0391124701878,1047.6676835839667,1863.7032026566355
forecast_2639,2025-04-20 23:00:00,1264.0724878809517,1099.615828471315,1863.7934500062652
forecast_2640,2025-04-21 00:00:00,1182.0905107416045,1057.9841572421685,1878.2971147812548
forecast_2641,2025-04-21 01:00:00,1308.2761398405532,1209.723219054445,1862.8723691721566
forecast_2642,2025-04-21 02:00:00,1430.3785234449838,1211.3411338570684,1869.760673673719
forecast_2643,2025-04-21 03:00:00,1485.8687092992682,1344.173975512841,1901.1074915642073
forecast_2644,2025-04-21 04:00:00,1723.1658277233064,1450.4922974003748,1926.9592961064402
forecast_2645,2025-04-21 05:00:00,2065.5747336578697,1704.6223197381134,2041.8650165743925
forecast_2646,2025-04-21 06:00:00,2457.4341378248873,2005.896384730755,2092.217154147548
forecast_2647,2025-04-21 07:00:00,2642.288905603,2585.2896581810737,2142.7821914186015
forecast_2648,2025-04-21 08:00:00,2479.028976678388,2720.306933466888,2145.6954678550824
forecast_2649,2025-04-21 09:00:00,2242.548611789267,2476.3451237949976,2058.802745332008
forecast_2650,2025-04-21 10:00:00,1841.6976044482803,1894.4109158136002,2049.572024016061
forecast_2651,2025-04-21 11:00:00,1720.8923361906318,1726.0679150102042,2123.2457246336044
forecast_2652,2025-04-21 12:00:00,1695.7684643547655,1732.5160931094788,2212.258535932457
forecast_2653,2025-04-21 13:00:00,1778.0807553820023,1813.6493034207886,2536.187937016702
forecast_2654,2025-04-21 14:00:00,1950.6729220911088,1830.8385533108676,2551.492625677065
forecast_2655,2025-04-21 15:00:00,2087.380196584459,1725.4896678079974,2583.458445800282
forecast_2656,2025-04-21 16:00:00,2302.541069652476,1748.7931817746285,2369.5358086432516
forecast_2657,2025-04-21 17:00:00,2292.5741089978774,1837.6963859571756,2453.4704040504685
forecast_2658,2025-04-21 18:00:00,2938.122498752482,2667.8954791470983,2550.864590774635
forecast_2659,2025-04-21 19:00:00,4062.5793281939655,3939.5912443445245,3474.0864028991236
forecast_2660,2025-04-21 20:00:00,5767.949831919769,5729.003922497927,3974.1335778220273
forecast_2661,2025-04-21 21:00:00,5863.179887352295,7251.9471005232745,4368.885464068811
forecast_2662,2025-04-21 22:00:00,6903.477495146818,8754.566245795826,5089.615610314886
forecast_2663,2025-04-21 23:00:00,7273.802297725257,10136.10139288111,5392.30323252153
forecast_2664,2025-04-22 00:00:00,7158.965585400485,8416.390641588921,5525.478521196712
forecast_2665,2025-04-22 01:00:00,7677.058502143097,8031.548162272519,6163.742068879215
forecast_2666,2025-04-22 02:00:00,7868.347249865268,8785.617479063076,6637.992955140057
forecast_2667,2025-04-22 03:00:00,7394.303337621176,8063.787259048086,5996.771751454906
forecast_2668,2025-04-22 04:00:00,6858.2019515263,7761.3408501256,5427.637961041864
forecast_2669,2025-04-22 05:00:00,5821.770858554365,7797.065434630037,5313.298188201607
forecast_2670,2025-04-22 06:00:00,4890.31772617164,6361.871288855465,4669.445901878738
forecast_2671,2025-04-22 07:00:00,4479.553743046206,5665.626403929184,4493.210684339207
forecast_2672,2025-04-22 08:00:00,5055.028484095999,5817.10077804752,4991.149256116931
forecast_2673,2025-04-22 09:00:00,5681.435218567871,6898.617915160073,5433.942317851769
forecast_2674,2025-04-22 10:00:00,5900.884278096681,7937.608251434042,6628.368949722006
forecast_2675,2025-04-22 11:00:00,6708.852805189459,9089.958756781705,8050.49448240253
forecast_2676,2025-04-22 12:00:00,7517.850643107058,10371.492678781837,8214.02814887185
forecast_2677,2025-04-22 13:00:00,7756.061043200208,9233.433304086851,7613.214852648191
forecast_2678,2025-04-22 14:00:00,7318.522034498208,8176.964424030351,6239.081525936244
forecast_2679,2025-04-22 15:00:00,6648.307474575174,7877.032459011614,5370.416844770403
forecast_2680,2025-04-22 16:00:00,5055.45311654961,7403.1777339532255,4120.785457862035
forecast_2681,2025-04-22 17:00:00,3730.73347756958,5128.775833620267,3543.493580036528
forecast_2682,2025-04-22 18:00:00,2589.2585220301453,3495.250686349539,3106.4051827255007
forecast_2683,2025-04-22 19:00:00,2743.0323682999947,3276.291112428121,2499.447608756888
forecast_2684,2025-04-22 20:00:00,3609.411090137232,3299.5473001255446,2810.52725363444
forecast_2685,2025-04-22 21:00:00,3693.565254835364,3293.318044074213,3290.344166577644
forecast_2686,2025-04-22 22:00:00,3543.576382982561,3306.011195213969,3438.780469977104
forecast_2687,2025-04-22 23:00:00,3656.3222722049586,3532.133032428405,3571.990871624378
forecast_2688,2025-04-23 00:00:00,3771.2686363077746,3835.0780088419697,3933.18674733885
forecast_2689,2025-04-23 01:00:00,3530.2818698726464,3669.1242241508758,4072.3054389375757
forecast_2690,2025-04-23 02:00:00,3612.2671976176002,3908.953058046986,4249.480776841612
forecast_2691,2025-04-23 03:00:00,3977.8605325917197,4368.022467389928,4383.947563452769
forecast_2692,2025-04-23 04:00:00,4014.103518752439,4424.559932283399,4573.850074914852
forecast_2693,2025-04-23 05:00:00,4162.925831867107,4685.755136938438,4308.152190538418
forecast_2694,2025-04-23 06:00:00,4279.113668540256,4709.226973171813,4028.875399480078
forecast_2695,2025-04-23 07:00:00,4144.795390665285,4344.400427085644,3671.1710412974917
forecast_2696,2025-04-23 08:00:00,3098.927814085051,3676.5961721038047,2799.6276395472673
forecast_2697,2025-04-23 09:00:00,2444.4367594895057,2395.0309469344015,2411.6078243954985
forecast_2698,2025-04-23 10:00:00,1597.4814611166696,1745.885089184984,2044.9173239479667
forecast_2699,2025-04-23 11:00:00,1257.5983689120449,1424.4961304119197,1835.5205571702709
forecast_2700,2025-04-23 12:00:00,1032.9028398811067,1130.8633808267093,1712.1448807619615
forecast_2701,2025-04-23 13:00:00,987.0704818250938,945.4478747291262,1645.048813374229
forecast_2702,2025-04-23 14:00:00,1071.8126148914125,971.669969859323,1640.50456712238
forecast_2703,2025-04-23 15:00:00,1179.522695031514,1219.6475565122216,1638.351237851071
forecast_2704,2025-04-23 16:00:00,1382.6515474562343,1373.1052662863942,1681.5114013311559
forecast_2705,2025-04-23 17:00:00,1823.3079687369222,1697.4314509424207,1827.0947795492234
forecast_2706,2025-04-23 18:00:00,2581.007355125756,2198.034676303976,2117.7074309309355
forecast_2707,2025-04-23 19:00:00,3960.7156999308454,3637.4412065924193,3177.46427170422
forecast_2708,2025-04-23 20:00:00,6395.0507077348475,5812.186473369235,4676.497738485297
forecast_2709,2025-04-23 21:00:00,7705.556753174099,8775.55181408229,6948.893527418416
forecast_2710,2025-04-23 22:00:00,10422.603308904803,12096.963945333444,9907.986149386736
forecast_2711,2025-04-23 23:00:00,13157.142939972877,15514.248158140275,11656.660322943813
forecast_2712,2025-04-24 00:00:00,14508.94962218052,16295.934317718542,13369.984871796498
forecast_2713,2025-04-24 01:00:00,15422.685997111874,15173.369159874865,14246.051883047574
forecast_2714,2025-04-24 02:00:00,15800.878421261143,15352.817986529428,15665.168148422237
forecast_2715,2025-04-24 03:00:00,16339.102142530439,15908.88070801381,16254.50314813404
forecast_2716,2025-04-24 04:00:00,17224.757417717723,15602.226067596188,16615.37237327263
forecast_2717,2025-04-24 05:00:00,16648.23514466644,15493.578417930275,16428.17488190774
forecast_2718,2025-04-24 06:00:00,16987.11798938537,16403.355136007824,15639.224607395012
forecast_2719,2025-04-24 07:00:00,16586.00729711825,17193.163474237903,13702.422671309605
forecast_2720,2025-04-24 08:00:00,13976.612253415775,16276.811031671821,12333.385169498082
forecast_2721,2025-04-24 09:00:00,10988.678516325612,13733.901713809431,10093.601362760164
forecast_2722,2025-04-24 10:00:00,8990.762637850381,10946.813197801333,9102.985962468967
forecast_2723,2025-04-24 11:00:00,8857.409812542302,10579.163048564886,9624.026749345325
forecast_2724,2025-04-24 12:00:00,10507.464966539821,11836.21355335356,10476.28226322958
forecast_2725,2025-04-24 13:00:00,11668.81504765927,12354.055348911079,11373.077438300981
forecast_2726,2025-04-24 14:00:00,13194.08351283379,13685.779944736061,12638.45471335985
forecast_2727,2025-04-24 15:00:00,14366.613778736419,15233.46486805916,14199.952096963467
forecast_2728,2025-04-24 16:00:00,14896.89960649611,16052.278054724895,14728.219566815986
forecast_2729,2025-04-24 17:00:00,15010.093134976272,16471.660084393414,15160.775345983404
forecast_2730,2025-04-24 18:00:00,16143.574607782077,17303.068055794556,16519.14125717814
forecast_2731,2025-04-24 19:00:00,16479.15057939942,17739.197933231593,16821.309406197302
forecast_2732,2025-04-24 20:00:00,16279.401457626538,17761.650387005102,16731.111674654334
forecast_2733,2025-04-24 21:00:00,16114.203261115746,17574.773619841028,16218.421391493526
forecast_2734,2025-04-24 22:00:00,15497.827436274329,16130.123306415058,15188.889683549485
forecast_2735,2025-04-24 23:00:00,15182.600135982611,15572.013812331203,14656.141538287824
forecast_2736,2025-04-25 00:00:00,14863.757390882856,15586.885829073488,14248.907869260785
forecast_2737,2025-04-25 01:00:00,14549.143228909279,16181.082160571666,12293.35141299308
forecast_2738,2025-04-25 02:00:00,14016.15614590035,14900.424011317742,10422.46545864533
forecast_2739,2025-04-25 03:00:00,13723.18946411746,14442.946502301545,9804.11582093968
forecast_2740,2025-04-25 04:00:00,13837.31574871257,14194.814081326987,9645.764862187745
forecast_2741,2025-04-25 05:00:00,14148.784762949752,14558.055089836602,10107.908825166194
forecast_2742,2025-04-25 06:00:00,14025.590650469874,14601.399417536075,10277.462906490666
forecast_2743,2025-04-25 07:00:00,13483.75352133029,13834.762695292531,9658.687974894034
forecast_2744,2025-04-25 08:00:00,13246.634938237576,13012.555323384446,8687.593669475089
forecast_2745,2025-04-25 09:00:00,13230.201197922495,13045.104775281228,8825.871060483332
forecast_2746,2025-04-25 10:00:00,13047.718735442602,12131.9252526012,8493.783707898543
forecast_2747,2025-04-25 11:00:00,12950.260516138153,12286.498220904345,8339.740778141386
forecast_2748,2025-04-25 12:00:00,12867.300588571941,11836.609136774163,8193.267867155708
forecast_2749,2025-04-25 13:00:00,13005.279693870036,11345.755843234514,8210.571549040944
forecast_2750,2025-04-25 14:00:00,12530.16059767311,11059.010476747295,8497.06155082495
forecast_2751,2025-04-25 15:00:00,12336.126870326465,10896.167123467456,8777.225230521097
forecast_2752,2025-04-25 16:00:00,12385.55690009868,10225.27313028385,8183.569690320523
forecast_2753,2025-04-25 17:00:00,12278.044210690947,9798.638044120744,7796.64174565626
forecast_2754,2025-04-25 18:00:00,12431.230097733282,9076.242417418907,8098.74983712803
forecast_2755,2025-04-25 19:00:00,12380.711266959339,9870.261097830728,9029.146028861538
forecast_2756,2025-04-25 20:00:00,12072.144240000001,10880.187003693378,9545.073216001543
forecast_2757,2025-04-25 21:00:00,12561.12642786612,11085.013172805682,10576.155678829982
forecast_2758,2025-04-25 22:00:00,12870.30385276258,11268.486523988971,10620.368814900408
forecast_2759,2025-04-25 23:00:00,12241.258523432085,10932.233552854414,9783.48976464108
forecast_2760,2025-04-26 00:00:00,11548.183144576913,11358.513408413277,10235.437906495936
forecast_2761,2025-04-26 01:00:00,11427.45178814904,13044.199975046487,10235.664938745733
forecast_2762,2025-04-26 02:00:00,11704.867762729129,15262.272212444208,10252.924782656655
forecast_2763,2025-04-26 03:00:00,12089.689450619038,15469.767483829512,11512.850344271232
forecast_2764,2025-04-26 04:00:00,12876.482082516113,15502.355309006589,11700.270303179448
forecast_2765,2025-04-26 05:00:00,13627.556862495197,15900.623149644125,11691.83547673721
forecast_2766,2025-04-26 06:00:00,14258.864599884402,15969.426021977588,13586.520425682971
forecast_2767,2025-04-26 07:00:00,14829.629621620928,15498.026710824874,13877.2949876252
forecast_2768,2025-04-26 08:00:00,15372.087715508991,14406.577033704574,15531.105708807268
forecast_2769,2025-04-26 09:00:00,13608.276322895032,13297.892576557542,14748.473749988205
forecast_2770,2025-04-26 10:00:00,12801.212134313593,13374.363271077904,13771.491476585967
forecast_2771,2025-04-26 11:00:00,12997.37827506216,13635.411814268407,13273.711889365604
forecast_2772,2025-04-26 12:00:00,14130.606453943075,14374.66796566188,14143.432207398777
forecast_2773,2025-04-26 13:00:00,14412.091456903736,14810.79431146774,14242.104445524847
forecast_2774,2025-04-26 14:00:00,14663.46935700673,15030.273658594591,13773.549304675365
forecast_2775,2025-04-26 15:00:00,15442.796242306606,16073.830359120366,14796.283561346605
forecast_2776,2025-04-26 16:00:00,15478.6010582525,16934.59794829669,14959.129474677526
forecast_2777,2025-04-26 17:00:00,16197.62908222826,17563.57016979152,16623.972909732096
forecast_2778,2025-04-26 18:00:00,16673.32104875359,18476.153971569805,17549.297419118157
forecast_2779,2025-04-26 19:00:00,17396.578323662052,18783.032505242758,18159.370079921067
forecast_2780,2025-04-26 20:00:00,17671.01076401076,19099.240600523684,18906.619241872857
forecast_2781,2025-04-26 21:00:00,17759.845431923553,19011.89439958511,18986.80198332914
forecast_2782,2025-04-26 22:00:00,18436.042909862816,19178.28901308593,19051.611346878468
forecast_2783,2025-04-26 23:00:00,19098.80460909004,19513.92274024075,19011.58281979302
forecast_2784,2025-04-27 00:00:00,19533.076472135792,19730.484473999724,19042.256931601794
forecast_2785,2025-04-27 01:00:00,20005.502941264975,19715.136981522563,18983.224205720093
forecast_2786,2025-04-27 02:00:00,19715.657356070617,19762.654428317746,18983.210492715887
forecast_2787,2025-04-27 03:00:00,19569.079184828835,19795.717024498204,19213.044294902247
forecast_2788,2025-04-27 04:00:00,19091.116322191745,19548.074138585835,19110.821695411156
forecast_2789,2025-04-27 05:00:00,18566.70940882818,19231.059742595775,18905.848186404415
forecast_2790,2025-04-27 06:00:00,18607.83250849729,19199.42874146952,18766.29759514518
forecast_2791,2025-04-27 07:00:00,17956.675601125193,18688.39339391541,18211.59165197664
forecast_2792,2025-04-27 08:00:00,17394.891278689578,18391.59357193855,17270.26485937735
forecast_2793,2025-04-27 09:00:00,15997.983440173783,18158.441193084436,16781.886777241893
forecast_2794,2025-04-27 10:00:00,14358.059569581452,17243.588697439074,15154.74599216534
forecast_2795,2025-04-27 11:00:00,14034.227062741955,17244.96941641397,14115.920938231471
forecast_2796,2025-04-27 12:00:00,15020.157490904076,17949.716102622187,15401.316208027689
forecast_2797,2025-04-27 13:00:00,15740.020154353928,18476.846169421253,15491.094346994605
forecast_2798,2025-04-27 14:00:00,15151.750520780033,18365.238022035417,15494.781129459006
forecast_2799,2025-04-27 15:00:00,14708.222327545303,17196.932534844334,15094.426933028826
forecast_2800,2025-04-27 16:00:00,14709.956508435638,16121.3107345487,14145.274299661756
forecast_2801,2025-04-27 17:00:00,14740.94273155853,16196.374212409934,13551.0813596425
forecast_2802,2025-04-27 18:00:00,15016.645589633681,15957.842089315574,14328.719221233117
forecast_2803,2025-04-27 19:00:00,15275.348180021494,16334.606088720227,14612.441985098818
forecast_2804,2025-04-27 20:00:00,15505.363197820307,17363.745951199475,15013.413359674585
forecast_2805,2025-04-27 21:00:00,15405.863650208417,17618.37817865877,14944.621064772633
forecast_2806,2025-04-27 22:00:00,16325.154667443276,18101.89659032038,15317.26431534713
forecast_2807,2025-04-27 23:00:00,15897.472689609589,17494.133743189283,15378.116992145404
forecast_2808,2025-04-28 00:00:00,15791.163126816888,17467.348446294218,14732.179819608662
forecast_2809,2025-04-28 01:00:00,14937.025804979157,17326.119202299604,14464.131855284808
forecast_2810,2025-04-28 02:00:00,14295.447588026143,16898.346642908014,14520.855155009553
forecast_2811,2025-04-28 03:00:00,13699.01614728083,15357.254032412287,13044.613230139676
forecast_2812,2025-04-28 04:00:00,13689.223781189961,14066.707758008364,11801.132568249292
forecast_2813,2025-04-28 05:00:00,12149.32133998266,11498.238877428534,9693.130384210248
forecast_2814,2025-04-28 06:00:00,10167.56011438441,9979.960488913313,8604.485694180004
forecast_2815,2025-04-28 07:00:00,8986.964192994441,9357.266985475262,7819.526176766092
forecast_2816,2025-04-28 08:00:00,7818.506803377473,8163.576244448541,5820.1987052389795
forecast_2817,2025-04-28 09:00:00,7121.70916205355,7312.617789791988,4841.489646016953
forecast_2818,2025-04-28 10:00:00,7453.891951820221,7042.6396446481385,5240.906388037441
forecast_2819,2025-04-28 11:00:00,9046.900344542053,8080.078568271298,6806.9943652120955
forecast_2820,2025-04-28 12:00:00,11184.095103928234,10147.497205833362,8967.390196393837
forecast_2821,2025-04-28 13:00:00,12081.952936308644,11053.125236337111,8382.322632401203
forecast_2822,2025-04-28 14:00:00,12216.240961546317,10718.136374456026,7704.360933365861
forecast_2823,2025-04-28 15:00:00,11350.79259796904,9557.72985661457,6360.101752267192
forecast_2824,2025-04-28 16:00:00,9729.66127701028,7299.431226051866,5188.092945895943
forecast_2825,2025-04-28 17:00:00,7128.892594412901,5450.149266858028,4319.743382553239
forecast_2826,2025-04-28 18:00:00,5089.4889313447275,4260.400252548863,3513.6186844245567
forecast_2827,2025-04-28 19:00:00,4561.286557855027,4620.638775066128,3419.405072987255
forecast_2828,2025-04-28 20:00:00,5304.723696162522,4882.53026496553,3471.220380469887
forecast_2829,2025-04-28 21:00:00,5565.457469175373,4966.5068266060025,3372.3846269539335
forecast_2830,2025-04-28 22:00:00,6042.24911244858,5712.375285745189,3371.8636008063077
forecast_2831,2025-04-28 23:00:00,5845.372286971244,6351.191039737957,3390.6029768988437
forecast_2832,2025-04-29 00:00:00,4996.809933465161,5463.169283920408,3377.6759169337197
forecast_2833,2025-04-29 01:00:00,3959.472962775542,3746.0875235842823,2582.1983405391857
forecast_2834,2025-04-29 02:00:00,3438.2579312647085,3370.0739961312897,2423.6648764420534
forecast_2835,2025-04-29 03:00:00,3033.0663041508406,3383.1583351633453,2422.5117864858103
forecast_2836,2025-04-29 04:00:00,3052.2428106428065,3473.8531474293827,2493.610591090351
forecast_2837,2025-04-29 05:00:00,4001.7917290909995,4177.82965367646,2986.77616940979
forecast_2838,2025-04-29 06:00:00,5462.5024403551615,5939.136568614707,3725.883852528379
forecast_2839,2025-04-29 07:00:00,6732.453203763688,7127.30691058349,4958.394838820316
forecast_2840,2025-04-29 08:00:00,6719.59672277361,7587.97904953655,5143.490572614031
forecast_2841,2025-04-29 09:00:00,6551.756549736904,7116.9813765651315,5522.02015451783
forecast_2842,2025-04-29 10:00:00,6600.281353229902,6473.878036575359,5749.711075312864
forecast_2843,2025-04-29 11:00:00,6955.105313066785,6401.678024940183,6001.082612198574
forecast_2844,2025-04-29 12:00:00,7294.542251609417,6547.239758923767,6516.114047577097
forecast_2845,2025-04-29 13:00:00,7820.214576431352,6421.958578580516,6930.805495054097
forecast_2846,2025-04-29 14:00:00,7903.435017433808,6386.820252135666,6657.753222745192
forecast_2847,2025-04-29 15:00:00,8339.252277110425,6207.248137049352,6773.189228221193
forecast_2848,2025-04-29 16:00:00,9092.23600127256,6481.7508794036785,7180.874290809
forecast_2849,2025-04-29 17:00:00,9026.730202397612,6941.419534309932,7486.24132971747
forecast_2850,2025-04-29 18:00:00,9404.190387904622,7960.280438796926,8468.511072067467
forecast_2851,2025-04-29 19:00:00,11329.844074457518,11270.176129479973,10065.182748049334
forecast_2852,2025-04-29 20:00:00,13336.27673427325,13430.568438633465,13682.992974986571
forecast_2853,2025-04-29 21:00:00,14478.172906695076,15460.569577131742,15648.692840195505
forecast_2854,2025-04-29 22:00:00,16995.71100883311,17838.06485734034,17129.92717334626
forecast_2855,2025-04-29 23:00:00,18137.38985821837,19023.029343047292,17996.254172110977
forecast_2856,2025-04-30 00:00:00,17796.648286328014,18665.02402036495,18009.02614730308
forecast_2857,2025-04-30 01:00:00,19427.81646533088,19425.5481785791,18360.818581020034
forecast_2858,2025-04-30 02:00:00,19385.107006613627,19552.23169209327,18549.932667475834
forecast_2859,2025-04-30 03:00:00,19492.030694591595,19181.04055571853,18451.326520076607
forecast_2860,2025-04-30 04:00:00,19312.228823720718,19068.185997417764,18323.663227305224
forecast_2861,2025-04-30 05:00:00,19202.869193686092,19183.428321330608,17859.658820451856
forecast_2862,2025-04-30 06:00:00,19131.076032332316,19344.13836024146,18033.60733021648
forecast_2863,2025-04-30 07:00:00,18203.289507290618,19095.682560222085,17306.128800059545
forecast_2864,2025-04-30 08:00:00,17462.94375151857,18721.189999897422,16178.585276760798
forecast_2865,2025-04-30 09:00:00,15553.812863943116,17991.59767112312,15270.202152490114
forecast_2866,2025-04-30 10:00:00,13909.106883064142,15676.046982465628,13895.414374546906
forecast_2867,2025-04-30 11:00:00,12832.049126072408,14812.416918752762,13488.307285017407
forecast_2868,2025-04-30 12:00:00,11805.120231656203,14446.090566284,13003.868483408634
forecast_2869,2025-04-30 13:00:00,10546.830641976798,13046.806690153058,12269.534096119196
forecast_2870,2025-04-30 14:00:00,9358.607472448068,12299.567789337814,11438.27204907792
forecast_2871,2025-04-30 15:00:00,7978.314228779172,11719.329001796374,10492.524633113859
forecast_2872,2025-04-30 16:00:00,7261.137750704786,10930.137641097186,9205.697601003063
forecast_2873,2025-04-30 17:00:00,6643.047465626722,9877.900778305531,7623.9600363708205
forecast_2874,2025-04-30 18:00:00,6287.343563582102,7554.718162191954,6212.65185861901
forecast_2875,2025-04-30 19:00:00,7217.727287812834,7333.50476899159,6071.058877945991
forecast_2876,2025-04-30 20:00:00,7208.116905416491,7754.711156702804,6358.311266767805
forecast_2877,2025-04-30 21:00:00,7655.255517829211,8903.646112377928,7174.678457232046
forecast_2878,2025-04-30 22:00:00,10183.478293347356,11174.650437138433,8666.770291871871
forecast_2879,2025-04-30 23:00:00,11562.055751609503,13422.891748025973,10320.90261235433
forecast_2880,2025-05-01 00:00:00,13064.440378781477,14960.040781470781,11268.032490379035
forecast_2881,2025-05-01 01:00:00,13201.850430438195,14680.620817060784,11626.6532534273
forecast_2882,2025-05-01 02:00:00,13258.998158922419,14844.629751685054,13092.390631070999
forecast_2883,2025-05-01 03:00:00,13716.157487212635,15165.742198849342,14320.745146797766
forecast_2884,2025-05-01 04:00:00,15214.257693368545,16588.65046224257,15322.563840557412
forecast_2885,2025-05-01 05:00:00,16738.23174982145,17297.540473811445,15997.196111072559
forecast_2886,2025-05-01 06:00:00,17106.70490997901,17474.994484577965,16939.858286845934
forecast_2887,2025-05-01 07:00:00,16606.16411310099,17518.760337017877,16633.08679549388
forecast_2888,2025-05-01 08:00:00,15540.29376099354,17778.853693205467,17019.723778393636
forecast_2889,2025-05-01 09:00:00,15397.578781490472,18080.316524110116,15930.04979168836
forecast_2890,2025-05-01 10:00:00,15169.359880604838,17931.948730988584,16678.41289437112
forecast_2891,2025-05-01 11:00:00,14990.707739134554,17977.20940974945,17268.17880239783
forecast_2892,2025-05-01 12:00:00,14541.586179850028,17810.316319468595,17151.96543704931
forecast_2893,2025-05-01 13:00:00,15508.815946661462,17546.251732966124,17189.940900369955
forecast_2894,2025-05-01 14:00:00,15774.564263473603,17823.49311646934,16618.00435321268
forecast_2895,2025-05-01 15:00:00,14998.889358469582,16891.142487309786,16541.764207110416
forecast_2896,2025-05-01 16:00:00,14707.149054143729,16090.603745405715,16090.149954169117
forecast_2897,2025-05-01 17:00:00,14065.112796161939,17002.129869369794,14555.789233163792
forecast_2898,2025-05-01 18:00:00,12514.091974415494,15977.193341315666,12982.961895020031
forecast_2899,2025-05-01 19:00:00,12905.292655380623,15332.623074994652,12762.362090939785
forecast_2900,2025-05-01 20:00:00,12257.624328467386,15742.249010269576,12307.001183685834
forecast_2901,2025-05-01 21:00:00,12749.752935652288,15668.027395323577,12357.982998274072
forecast_2902,2025-05-01 22:00:00,14465.263607280234,15949.585068012335,12464.069803286891
forecast_2903,2025-05-01 23:00:00,16066.273504055744,16893.57148872248,13808.923285301473
forecast_2904,2025-05-02 00:00:00,16910.776887843116,17787.409821254983,15611.426644666395
forecast_2905,2025-05-02 01:00:00,16764.401964070203,17928.761134225366,16996.616712348175
forecast_2906,2025-05-02 02:00:00,16321.711981932152,17887.676949026187,16553.35990873601
forecast_2907,2025-05-02 03:00:00,15609.177719821513,17105.649875790077,16638.324269150966
forecast_2908,2025-05-02 04:00:00,16268.803681404937,16459.84331023138,16415.821159824973
forecast_2909,2025-05-02 05:00:00,15915.83215082074,15656.107439856496,15512.316649076402
forecast_2910,2025-05-02 06:00:00,15972.319459565233,15230.161639851969,15976.343066250745
forecast_2911,2025-05-02 07:00:00,15042.054120734481,15562.245297034253,15533.58916777537
forecast_2912,2025-05-02 08:00:00,14839.882104604281,15525.382591552565,13212.232985997087
forecast_2913,2025-05-02 09:00:00,13659.83334376721,14994.767869825011,11431.837497623656
forecast_2914,2025-05-02 10:00:00,12858.355190120985,13264.867954888066,10618.700394843625
forecast_2915,2025-05-02 11:00:00,12349.412971372047,11445.782470842325,8959.253094010739
forecast_2916,2025-05-02 12:00:00,11813.119427753478,9811.142930723467,7937.2652501562225
forecast_2917,2025-05-02 13:00:00,10524.785612382875,8019.345902349898,7263.54516564326
forecast_2918,2025-05-02 14:00:00,10017.022908063998,7812.982577340359,6705.169932249161
forecast_2919,2025-05-02 15:00:00,9139.430476032147,7406.640831710485,6211.451490215517
forecast_2920,2025-05-02 16:00:00,8311.373623922827,7022.869083249527,6074.1321270871495
forecast_2921,2025-05-02 17:00:00,8007.084332262443,7321.658666338719,5943.208823977522
forecast_2922,2025-05-02 18:00:00,8570.057015526236,7926.448649441426,6607.5596379566605
forecast_2923,2025-05-02 19:00:00,9742.7428967659,10229.108522770297,7891.10270347587
forecast_2924,2025-05-02 20:00:00,10315.447428217496,10579.184199663934,8896.455059398064
forecast_2925,2025-05-02 21:00:00,10602.01437381032,10287.349989246348,9118.721914183569
forecast_2926,2025-05-02 22:00:00,11179.820208449055,10961.715840815148,8942.928378883385
forecast_2927,2025-05-02 23:00:00,11763.305557020798,12374.996808156473,8501.77489705681
forecast_2928,2025-05-03 00:00:00,11865.08527574778,13183.73474957548,9057.613149281471
forecast_2929,2025-05-03 01:00:00,12493.929136215658,13014.225948068966,10795.258853226092
forecast_2930,2025-05-03 02:00:00,11761.727812070081,12528.393447543462,10516.129947457663
forecast_2931,2025-05-03 03:00:00,11436.109110693733,11250.693622922696,10067.765955001245
forecast_2932,2025-05-03 04:00:00,9256.747720796868,10060.301192428971,8418.776552978828
forecast_2933,2025-05-03 05:00:00,8343.6303237033,9334.12662049559,7335.7352386881985
forecast_2934,2025-05-03 06:00:00,7201.551594037519,8297.774071620192,5900.499553397494
forecast_2935,2025-05-03 07:00:00,6798.201834688918,9497.743442932446,5544.009302491127
forecast_2936,2025-05-03 08:00:00,7845.847932329056,11776.89426470758,6845.772988522133
forecast_2937,2025-05-03 09:00:00,7743.239369367461,10627.082016100478,7839.744851274
forecast_2938,2025-05-03 10:00:00,8186.158679223919,10390.609863975842,8571.762623337898
forecast_2939,2025-05-03 11:00:00,9240.459759815445,11138.771577605594,9381.876887615803
forecast_2940,2025-05-03 12:00:00,10146.457470659941,11452.698463873743,9319.991294885409
forecast_2941,2025-05-03 13:00:00,10137.420647726045,12644.313269844453,11342.104412605899
forecast_2942,2025-05-03 14:00:00,10457.211844572883,12336.405946933995,11475.165212336939
forecast_2943,2025-05-03 15:00:00,11258.439170290689,11366.022285162016,10812.118407057193
forecast_2944,2025-05-03 16:00:00,12162.758910236336,11086.998814904433,11049.26372429934
forecast_2945,2025-05-03 17:00:00,12616.61905860243,11890.904300646689,11064.791823812597
forecast_2946,2025-05-03 18:00:00,12399.966726348597,12679.497713318371,11788.380723690541
forecast_2947,2025-05-03 19:00:00,13540.01697521498,13909.627732927172,12548.557189444464
forecast_2948,2025-05-03 20:00:00,14790.53821550441,14286.273325844542,13326.254517403346
forecast_2949,2025-05-03 21:00:00,15760.971927706374,15937.981985159062,12754.408250939658
forecast_2950,2025-05-03 22:00:00,15806.558446506371,15941.530679480991,12768.490923822696
forecast_2951,2025-05-03 23:00:00,15897.268728104966,15957.52314192088,13702.41926834562
forecast_2952,2025-05-04 00:00:00,15752.938329660396,16186.325324716236,14322.58043862619
forecast_2953,2025-05-04 01:00:00,15491.789947509566,16052.378019860835,14121.247245163684
forecast_2954,2025-05-04 02:00:00,15313.983512570256,15225.76752161066,14583.645028958292
forecast_2955,2025-05-04 03:00:00,15285.885115957826,15009.656392705427,14249.245235214592
forecast_2956,2025-05-04 04:00:00,15406.95900720091,15434.489450384777,13822.680675406991
forecast_2957,2025-05-04 05:00:00,15597.736176204782,15510.197342212405,13545.626230295496
forecast_2958,2025-05-04 06:00:00,15671.523056095019,15899.818098351865,14159.245732137437
forecast_2959,2025-05-04 07:00:00,15447.801896390707,15430.625065572629,13628.860467385575
forecast_2960,2025-05-04 08:00:00,14459.735014152277,15030.532385009612,12336.796718849668
forecast_2961,2025-05-04 09:00:00,13786.262567041285,14496.372394238582,11784.29551232084
forecast_2962,2025-05-04 10:00:00,13518.675682398747,13834.155304670256,10506.485260837124
forecast_2963,2025-05-04 11:00:00,14083.835915944283,14130.439045466977,10850.909870120686
forecast_2964,2025-05-04 12:00:00,14482.784283485624,14720.172308133506,12214.696510551013
forecast_2965,2025-05-04 13:00:00,14837.841562822463,15718.932402842045,14450.854814524451
forecast_2966,2025-05-04 14:00:00,15614.750971065074,16574.649334848167,14840.219073908464
forecast_2967,2025-05-04 15:00:00,16037.26503736465,16681.158069562487,14983.903544191993
forecast_2968,2025-05-04 16:00:00,16338.588286870952,16713.642092793147,14905.51314133943
forecast_2969,2025-05-04 17:00:00,16023.87902975179,15941.707342600484,14591.862277604952
forecast_2970,2025-05-04 18:00:00,15506.23362370104,14963.57003357074,13378.324991470181
forecast_2971,2025-05-04 19:00:00,14490.473770723382,14182.196115517487,11246.790655375284
forecast_2972,2025-05-04 20:00:00,13517.693711591111,12154.651216441509,9909.818974668153
forecast_2973,2025-05-04 21:00:00,11416.225824794496,9496.683325475933,7523.120199127827
forecast_2974,2025-05-04 22:00:00,9323.950688842482,7950.838308968008,6066.726495122721
forecast_2975,2025-05-04 23:00:00,7699.154767253005,7417.837501739242,4875.183060540099
forecast_2976,2025-05-05 00:00:00,6308.933442013567,6731.901868529112,4932.743132903147
forecast_2977,2025-05-05 01:00:00,6489.181291923084,5016.749695416422,4665.679025547643
forecast_2978,2025-05-05 02:00:00,4287.609589805542,3738.8098373659377,4001.762651209967
forecast_2979,2025-05-05 03:00:00,4107.187575079681,3102.17000710496,3560.180126147186
forecast_2980,2025-05-05 04:00:00,4018.8341259871922,2996.3095535013026,3046.1542275514093
forecast_2981,2025-05-05 05:00:00,2826.9932043552253,2184.3076463832576,2493.7464571569926
forecast_2982,2025-05-05 06:00:00,1923.5124264834085,1701.5249284303927,2101.167069851621
forecast_2983,2025-05-05 07:00:00,1584.553561587628,1367.7931500785971,1810.5648629000552
forecast_2984,2025-05-05 08:00:00,1043.5888022746333,1096.4310603242343,1605.2859795380634
forecast_2985,2025-05-05 09:00:00,889.979353044772,835.0489264437463,1527.217475060659
forecast_2986,2025-05-05 10:00:00,673.8672326156308,759.684616230388,1477.7342659340707
forecast_2987,2025-05-05 11:00:00,689.9267735240251,830.1052391689467,1461.4813039501807
forecast_2988,2025-05-05 12:00:00,739.2035847228185,819.0337747828763,1434.7854496426198
forecast_2989,2025-05-05 13:00:00,768.2121469553064,760.9486179346428,1466.9302563516767
forecast_2990,2025-05-05 14:00:00,774.8152987786615,799.8193560714743,1529.65480729188
forecast_2991,2025-05-05 15:00:00,869.6354410480401,985.7759988491678,1643.3908982129915
forecast_2992,2025-05-05 16:00:00,1007.0494286789744,1213.9635471116094,1739.0057622657816
forecast_2993,2025-05-05 17:00:00,1415.8874457174143,1640.4762068240225,1850.7857517086413
forecast_2994,2025-05-05 18:00:00,1835.7902185057105,2017.820525645908,1946.464070979036
forecast_2995,2025-05-05 19:00:00,2430.5729908693147,2415.9563326820944,2317.960773863211
forecast_2996,2025-05-05 20:00:00,3098.753092755357,3397.093842665495,2683.7860459576896
forecast_2997,2025-05-05 21:00:00,3967.4722478034796,3924.9619136894553,2560.567921431907
forecast_2998,2025-05-05 22:00:00,4131.831267876061,4143.563897133025,2817.9382072120816
forecast_2999,2025-05-05 23:00:00,3753.0084620620987,3959.0502930773664,2517.921145179869
forecast_3000,2025-05-06 00:00:00,2995.8851803409198,2909.206011377839,2525.5831350087255
forecast_3001,2025-05-06 01:00:00,2572.7639737729587,2610.6894152042087,2078.1472214377745
forecast_3002,2025-05-06 02:00:00,1800.7806319710426,1525.7357186975305,1937.1828486393115
forecast_3003,2025-05-06 03:00:00,1700.7490717188361,1442.3370603971846,1946.11890879276
forecast_3004,2025-05-06 04:00:00,1557.4099738158734,1303.5929768187762,1858.317773142137
forecast_3005,2025-05-06 05:00:00,1768.1167745210898,1530.1980411680706,1887.2296866576291
forecast_3006,2025-05-06 06:00:00,1964.7809474030155,1773.0743078804962,1935.4711824121268
forecast_3007,2025-05-06 07:00:00,2050.055119757565,2119.0152985500827,1977.4109793561286
forecast_3008,2025-05-06 08:00:00,1883.9882039847016,2081.2674572641135,2041.8583706275083
forecast_3009,2025-05-06 09:00:00,1631.4878389516716,1924.2341546163118,2033.1076341506289
forecast_3010,2025-05-06 10:00:00,1416.5483986923766,1768.5920910913464,1932.9178289364986
forecast_3011,2025-05-06 11:00:00,1319.6950910699288,1621.6629028645273,1869.837358389382
forecast_3012,2025-05-06 12:00:00,1253.8651768281381,1517.7383726679197,1863.5770987055266
forecast_3013,2025-05-06 13:00:00,1295.430134431446,1354.384137029928,1876.8281487346364
forecast_3014,2025-05-06 14:00:00,1269.4454931451926,1340.978178890073,1891.4582263821605
forecast_3015,2025-05-06 15:00:00,1226.253133061801,1201.3406405334308,1905.8224550904845
forecast_3016,2025-05-06 16:00:00,1106.7755344045436,1002.3545981966819,1886.6045880952424
forecast_3017,2025-05-06 17:00:00,1059.1715753497483,948.7691985531214,1905.4682939186857
forecast_3018,2025-05-06 18:00:00,1069.347689174988,1011.2371748012959,1866.3543255878042
forecast_3019,2025-05-06 19:00:00,1131.6401674029235,1172.4939082176359,1857.3550148290922
forecast_3020,2025-05-06 20:00:00,1326.2919726194511,1229.058916193701,1918.8806515750166
forecast_3021,2025-05-06 21:00:00,1562.5381068614413,1442.9242388582386,2068.2269647711555
forecast_3022,2025-05-06 22:00:00,2069.976666995688,1820.3308520141886,2203.9519902384977
forecast_3023,2025-05-06 23:00:00,2305.2197550185474,2382.5765048718617,2328.027133350167
forecast_3024,2025-05-07 00:00:00,2572.8149322175896,2988.810398443136,2732.404334544992
forecast_3025,2025-05-07 01:00:00,2723.7292923780824,2999.2133503876657,2553.541853707849
forecast_3026,2025-05-07 02:00:00,2885.894570500615,3211.1507238582208,2508.677909723806
forecast_3027,2025-05-07 03:00:00,3152.5610159616285,3015.2497015636905,2542.0611265382113
forecast_3028,2025-05-07 04:00:00,3586.6900806635776,3208.6019732964155,2591.430964117746
forecast_3029,2025-05-07 05:00:00,4035.527093875938,3700.5679044122894,3057.1823283648814
forecast_3030,2025-05-07 06:00:00,4495.191797878266,3910.3546748380377,3935.39734389057
forecast_3031,2025-05-07 07:00:00,4414.055486089084,3900.3818356387883,3827.061331755667
forecast_3032,2025-05-07 08:00:00,3542.2483254264057,3154.2266861715525,2727.1995820876177
forecast_3033,2025-05-07 09:00:00,2544.166534068331,2679.450290713684,2629.5664772314044
forecast_3034,2025-05-07 10:00:00,2041.3923438836168,2366.9006849726507,2538.5182576938496
forecast_3035,2025-05-07 11:00:00,1909.3306179598949,1983.9978944032705,2219.581056352002
forecast_3036,2025-05-07 12:00:00,1985.9952271427762,2282.8395010089316,2173.9249846144785
forecast_3037,2025-05-07 13:00:00,2005.5450038355743,2625.224822609785,2048.2407969959672
forecast_3038,2025-05-07 14:00:00,1900.9729862262498,2258.519618935453,2013.8230777401568
forecast_3039,2025-05-07 15:00:00,1679.4216110248012,1983.939612811239,1860.627855300886
forecast_3040,2025-05-07 16:00:00,1349.4466918099804,1601.3316929637595,1849.0621084735772
forecast_3041,2025-05-07 17:00:00,1276.0745008966044,1402.6225555680446,1892.1171347343347
forecast_3042,2025-05-07 18:00:00,1525.9208188411953,1847.670107179521,1909.1910553946818
forecast_3043,2025-05-07 19:00:00,2265.5893776804865,2800.6411797700243,2209.5432835011843
forecast_3044,2025-05-07 20:00:00,3465.6941547852357,4192.480598901156,3298.9653253450233
forecast_3045,2025-05-07 21:00:00,5311.918480292772,5679.398169967089,4590.893349743417
forecast_3046,2025-05-07 22:00:00,6681.612792757094,7239.066227209246,5667.102570639168
forecast_3047,2025-05-07 23:00:00,7587.216549704207,8377.364962106323,6632.905198403191
forecast_3048,2025-05-08 00:00:00,8442.269337224549,9352.364730519472,6882.562851473848
forecast_3049,2025-05-08 01:00:00,8173.103926044182,8761.538652423344,6205.441443265816
forecast_3050,2025-05-08 02:00:00,8088.062569260357,9651.42043135486,7258.505826436154
forecast_3051,2025-05-08 03:00:00,9533.77697962572,11373.01998777814,8509.07804609021
forecast_3052,2025-05-08 04:00:00,10167.54536055674,11260.526299313164,8897.6393195006
forecast_3053,2025-05-08 05:00:00,10343.446083787245,10125.934829067459,8845.959116039308
forecast_3054,2025-05-08 06:00:00,8584.404461353919,8301.226027317007,7412.3545912935315
forecast_3055,2025-05-08 07:00:00,6649.973105541211,6408.386600479657,5040.569523258442
forecast_3056,2025-05-08 08:00:00,3680.306577158337,3732.395235196122,3133.897897200978
forecast_3057,2025-05-08 09:00:00,1849.4410627821985,1523.3979744562994,2341.948916019253
forecast_3058,2025-05-08 10:00:00,1222.6127862061085,1175.021391173179,1758.184365351979
forecast_3059,2025-05-08 11:00:00,1018.8209806050442,1246.2640075138013,1632.7619697239506
forecast_3060,2025-05-08 12:00:00,1084.1491318790336,1358.9006395662368,1725.9867865434114
forecast_3061,2025-05-08 13:00:00,1144.1421443471809,1589.2301542329992,2028.4208491593604
forecast_3062,2025-05-08 14:00:00,1724.7743685373641,1795.6505053326377,2871.7666529438948
forecast_3063,2025-05-08 15:00:00,2007.5100280469396,1893.1135795324262,2814.688770625894
forecast_3064,2025-05-08 16:00:00,2538.2388523680083,2593.1926855283136,3186.728455324755
forecast_3065,2025-05-08 17:00:00,2873.3706914774575,2815.26145104813,3289.2693411190394
forecast_3066,2025-05-08 18:00:00,3245.2841956132715,2739.4521938880953,3376.1235636659912
forecast_3067,2025-05-08 19:00:00,3711.2424850945035,3202.647387768873,3516.4647902390566
forecast_3068,2025-05-08 20:00:00,3615.5497417568713,3369.7419897768186,3197.9357069691087
forecast_3069,2025-05-08 21:00:00,3589.6044905623403,3595.629460659183,3158.044624049144
forecast_3070,2025-05-08 22:00:00,4010.6015086008424,4201.4818061946025,3654.0799605364764
forecast_3071,2025-05-08 23:00:00,3939.069027137717,4729.851365672108,3692.2356024072114
forecast_3072,2025-05-09 00:00:00,4690.259257097407,4656.0003394033765,3600.1345526747755
forecast_3073,2025-05-09 01:00:00,5565.240167630629,5712.501006859464,4188.788486703857
forecast_3074,2025-05-09 02:00:00,5960.800761500657,6660.954882380352,4394.753137529626
forecast_3075,2025-05-09 03:00:00,5932.009596447043,6678.312439608369,4023.3885139571184
forecast_3076,2025-05-09 04:00:00,5088.215040265831,6145.985784728824,3267.793003349992
forecast_3077,2025-05-09 05:00:00,4030.2768704221367,5030.801153904647,3015.4204913333924
forecast_3078,2025-05-09 06:00:00,3454.4318125324885,3446.798034439409,2491.16115963172
forecast_3079,2025-05-09 07:00:00,2723.722216234274,3427.5073688697917,2377.613823991505
forecast_3080,2025-05-09 08:00:00,2487.58997824575,3330.890473122484,2296.7020030315475
forecast_3081,2025-05-09 09:00:00,3378.1772428937984,3765.2292800197365,2650.4159029023454
forecast_3082,2025-05-09 10:00:00,5016.477173219999,5858.824292732677,3954.6904474650933
forecast_3083,2025-05-09 11:00:00,6610.084680102915,6781.6876672980125,5211.657290022491
forecast_3084,2025-05-09 12:00:00,7491.175544360344,8579.825707669439,7560.775942522575
forecast_3085,2025-05-09 13:00:00,9161.235294708906,10586.473524275698,8512.602948104071
forecast_3086,2025-05-09 14:00:00,10031.4227156657,12388.316366841711,9767.968423287293
forecast_3087,2025-05-09 15:00:00,10262.866337197738,11906.579239707387,9364.201365780904
forecast_3088,2025-05-09 16:00:00,10806.446948373403,12189.36955226016,8867.717892089695
forecast_3089,2025-05-09 17:00:00,10319.336700699232,10978.681906165748,7911.663007500291
forecast_3090,2025-05-09 18:00:00,9327.54896442012,8985.165915507361,6686.893612672198
forecast_3091,2025-05-09 19:00:00,7812.037198475804,7236.248246858105,4787.371162221772
forecast_3092,2025-05-09 20:00:00,6184.569212632863,5586.849780896394,3867.362256596348
forecast_3093,2025-05-09 21:00:00,5575.570883084987,5916.521860703097,3893.860967719327
forecast_3094,2025-05-09 22:00:00,5823.972723674093,7908.984105173293,4027.4978658807327
forecast_3095,2025-05-09 23:00:00,6439.91730396715,8633.708318674882,4694.177346682582
forecast_3096,2025-05-10 00:00:00,8130.0891748149015,11016.098911364788,6114.396666318715
forecast_3097,2025-05-10 01:00:00,10864.1635450812,14791.022731797206,9273.392670895164
forecast_3098,2025-05-10 02:00:00,13724.367108894869,16809.017066379085,12730.152514000782
forecast_3099,2025-05-10 03:00:00,14372.378751716038,18022.833176030756,14575.146249988444
forecast_3100,2025-05-10 04:00:00,14710.29264427708,17972.83053706638,16753.969883483544
forecast_3101,2025-05-10 05:00:00,16226.026277127756,18527.15380191339,17392.077439090313
forecast_3102,2025-05-10 06:00:00,18077.590859519063,18870.51372844902,17596.53874393811
forecast_3103,2025-05-10 07:00:00,18387.454201199216,19089.329211595403,18080.5750448298
forecast_3104,2025-05-10 08:00:00,17954.131572913593,18913.421095458718,18477.339139824173
forecast_3105,2025-05-10 09:00:00,18477.947125097628,18819.298843269626,18502.23331870521
forecast_3106,2025-05-10 10:00:00,18761.426822266338,18793.407436907408,18409.462880481755
forecast_3107,2025-05-10 11:00:00,18827.410763376756,18675.915363363645,18262.445978435833
forecast_3108,2025-05-10 12:00:00,18897.091809027646,18493.36476795408,18219.785435820024
forecast_3109,2025-05-10 13:00:00,18712.444186851564,18171.282093960883,18322.241659610016
forecast_3110,2025-05-10 14:00:00,18423.579314774295,17958.47676722062,17964.028495623934
forecast_3111,2025-05-10 15:00:00,17593.495962198205,17556.710262763692,17480.593668724778
forecast_3112,2025-05-10 16:00:00,16868.04692570994,16561.319238092772,16022.572915747987
forecast_3113,2025-05-10 17:00:00,15959.267222937851,16538.38435406568,15078.774926099073
forecast_3114,2025-05-10 18:00:00,14421.665278479872,15784.573552733718,13056.44706200248
forecast_3115,2025-05-10 19:00:00,13169.93757267779,14759.251311484895,12388.748111099765
forecast_3116,2025-05-10 20:00:00,12999.589934225924,12732.26191159977,12105.561038987167
forecast_3117,2025-05-10 21:00:00,12076.998065945769,12103.148568097717,10562.746074046929
forecast_3118,2025-05-10 22:00:00,11487.462463603351,11107.937247913822,11081.741089079977
forecast_3119,2025-05-10 23:00:00,10830.465664115847,10253.379476545888,9299.544042356258
forecast_3120,2025-05-11 00:00:00,10042.439505998493,9013.545380509928,9092.5762780859
forecast_3121,2025-05-11 01:00:00,9647.84627036119,8795.908689826854,8548.555794243728
forecast_3122,2025-05-11 02:00:00,9646.973791808443,8910.841805174392,8063.094645424781
forecast_3123,2025-05-11 03:00:00,8902.172756181837,8659.841354876742,7419.318103101863
forecast_3124,2025-05-11 04:00:00,8445.13444944928,8254.385504021096,7542.905059842769
forecast_3125,2025-05-11 05:00:00,8414.486138367782,7454.706747440625,7173.063778447127
forecast_3126,2025-05-11 06:00:00,6955.572199746046,6607.073293686873,5619.919746277221
forecast_3127,2025-05-11 07:00:00,5688.155547494184,5036.45504972068,4637.4873745108935
forecast_3128,2025-05-11 08:00:00,4060.4221339213445,3664.88472606689,3927.2054986552575
forecast_3129,2025-05-11 09:00:00,2445.1309408101006,2379.0615376050646,2415.0334411573485
forecast_3130,2025-05-11 10:00:00,1457.4391746339222,1624.2690240404413,1966.396249899965
forecast_3131,2025-05-11 11:00:00,1405.5696538772527,1421.9109395436324,1950.0396295583482
forecast_3132,2025-05-11 12:00:00,1319.8204285586248,1613.9877743822688,2151.5168366233024
forecast_3133,2025-05-11 13:00:00,1535.8182097620734,1982.3241054842706,2500.1300751062104
forecast_3134,2025-05-11 14:00:00,2254.4989961142287,2962.70353274651,3203.037715139979
forecast_3135,2025-05-11 15:00:00,3056.1203499276926,3199.0068664890205,3291.3361056769672
forecast_3136,2025-05-11 16:00:00,3501.0621598615694,3592.1919289337034,3698.55649236663
forecast_3137,2025-05-11 17:00:00,4365.554555870251,4230.976790210722,4546.061248143571
forecast_3138,2025-05-11 18:00:00,5974.916260708023,5393.735051628251,5360.999551911471
forecast_3139,2025-05-11 19:00:00,7096.223670399586,7199.177008446924,6516.187211458658
forecast_3140,2025-05-11 20:00:00,8460.009234230154,8599.062636309707,7992.724073040402
forecast_3141,2025-05-11 21:00:00,9243.30965584741,9660.110752206076,9160.553168984425
forecast_3142,2025-05-11 22:00:00,11321.71073343353,12566.70609867843,11691.213483389092
forecast_3143,2025-05-11 23:00:00,13280.79676797253,15100.475827609185,13402.533935199837
forecast_3144,2025-05-12 00:00:00,14235.018543635942,15556.658068653245,14655.701017668456
forecast_3145,2025-05-12 01:00:00,14777.841111036872,16213.141635450129,14743.29067640937
forecast_3146,2025-05-12 02:00:00,15002.411410177992,16514.57140587701,14683.533331935929
forecast_3147,2025-05-12 03:00:00,14783.37905012045,16374.368182977794,14943.537565102923
forecast_3148,2025-05-12 04:00:00,14655.339930110898,15695.450464432735,15642.069943298337
forecast_3149,2025-05-12 05:00:00,14473.715966914624,15684.050874136057,16136.844681664266
forecast_3150,2025-05-12 06:00:00,14629.224682180424,15564.815998919834,15418.556125852829
forecast_3151,2025-05-12 07:00:00,14334.0803022898,14620.682500188794,15082.142310056233
forecast_3152,2025-05-12 08:00:00,13392.58870013668,13198.729616700695,12961.77900815818
forecast_3153,2025-05-12 09:00:00,12577.345502058448,12120.040330062246,10821.499552907742
forecast_3154,2025-05-12 10:00:00,10795.540985755983,10948.477654079512,9359.396938808868
forecast_3155,2025-05-12 11:00:00,9681.944084728635,9749.81957779557,8020.118607354583
forecast_3156,2025-05-12 12:00:00,9522.362129915928,10126.97567364668,7733.425487007881
forecast_3157,2025-05-12 13:00:00,9510.004061646998,10078.137020671558,7939.11435307648
forecast_3158,2025-05-12 14:00:00,9302.902426400016,10054.337859993566,7669.923751045796
forecast_3159,2025-05-12 15:00:00,9361.895088187566,9246.959134162844,7785.219545006101
forecast_3160,2025-05-12 16:00:00,9595.80582434079,9653.484409760531,7473.874732894113
forecast_3161,2025-05-12 17:00:00,9675.275369980935,9259.094204494257,7750.7575091989
forecast_3162,2025-05-12 18:00:00,9979.092446924264,10491.873200476912,8306.352131199794
forecast_3163,2025-05-12 19:00:00,12677.386665246773,12812.561893079142,11886.722867812063
forecast_3164,2025-05-12 20:00:00,14443.179970327757,15173.46723905305,13772.351908576844
forecast_3165,2025-05-12 21:00:00,16066.427262871726,17278.07358818948,15478.305924146509
forecast_3166,2025-05-12 22:00:00,17885.372017297137,18118.74432049918,16966.13319618572
forecast_3167,2025-05-12 23:00:00,19026.37068298243,18411.887627872293,17530.500322465778
forecast_3168,2025-05-13 00:00:00,19036.676134476875,18670.481681829286,17475.906974164733
forecast_3169,2025-05-13 01:00:00,20014.961956431922,18741.52518827374,18213.401432641418
forecast_3170,2025-05-13 02:00:00,20047.18814979075,19040.664427581167,18064.042392889052
forecast_3171,2025-05-13 03:00:00,19961.58800242052,19053.164318830146,17668.20225841312
forecast_3172,2025-05-13 04:00:00,19810.779628851946,18935.858637004723,18139.13543451203
forecast_3173,2025-05-13 05:00:00,19578.21586652824,18861.818708911713,18193.495266692727
forecast_3174,2025-05-13 06:00:00,19064.543505043304,18881.586114786398,18062.47077808071
forecast_3175,2025-05-13 07:00:00,18096.021476726404,18663.387898205598,17797.947834082388
forecast_3176,2025-05-13 08:00:00,17488.68443669782,18718.672965322956,17280.854878397826
forecast_3177,2025-05-13 09:00:00,16434.139691982768,17884.842030374544,16588.688835814013
forecast_3178,2025-05-13 10:00:00,15208.75855279023,16832.334381788198,15699.201061443375
forecast_3179,2025-05-13 11:00:00,14572.811342532053,16383.839106886242,14707.23512095705
forecast_3180,2025-05-13 12:00:00,14421.101827167262,16423.026343230194,14789.551545410688
forecast_3181,2025-05-13 13:00:00,14222.361507974245,16560.429303873363,14390.609588330917
forecast_3182,2025-05-13 14:00:00,13996.395408942746,15977.477428965041,13808.662915263372
forecast_3183,2025-05-13 15:00:00,13789.076041855227,15079.271577246564,13166.459774361336
forecast_3184,2025-05-13 16:00:00,13670.766647670886,13933.061136603274,14085.338161704032
forecast_3185,2025-05-13 17:00:00,13988.217049577273,14390.230807550128,14150.771797814303
forecast_3186,2025-05-13 18:00:00,14675.913089869362,15225.784291743252,15441.726862957288
forecast_3187,2025-05-13 19:00:00,16012.368418704691,16744.12870508973,16722.223105741607
forecast_3188,2025-05-13 20:00:00,18013.284079564626,17743.812562891082,17433.420183913484
forecast_3189,2025-05-13 21:00:00,19496.12975351121,18588.310650654155,18081.206016549284
forecast_3190,2025-05-13 22:00:00,20133.988011062887,18712.99248057532,18334.90311448006
forecast_3191,2025-05-13 23:00:00,20372.946362346695,18715.519418456177,18539.709138026803
forecast_3192,2025-05-14 00:00:00,20435.84132936729,18813.604910636182,18470.79719334696
forecast_3193,2025-05-14 01:00:00,20340.063294168303,18967.354556326096,18390.1737915115
forecast_3194,2025-05-14 02:00:00,20405.74763970574,19016.914950102844,18338.622342162926
forecast_3195,2025-05-14 03:00:00,20349.703789363208,19010.177727757007,17802.604275339672
forecast_3196,2025-05-14 04:00:00,20529.21253010872,19028.95719867069,17473.563391835585
forecast_3197,2025-05-14 05:00:00,20708.006169080094,19055.40012956541,16115.297003973417
forecast_3198,2025-05-14 06:00:00,20479.07705807394,19061.922424249053,15227.8777636425
forecast_3199,2025-05-14 07:00:00,19386.44442020841,18653.826114360076,13629.087694733556
forecast_3200,2025-05-14 08:00:00,17123.145118119726,16923.09680452549,11712.723170595958
forecast_3201,2025-05-14 09:00:00,12431.951698043053,13477.650538615862,9049.62711943394
forecast_3202,2025-05-14 10:00:00,8746.589853698331,9780.640752481031,7118.148556390289
forecast_3203,2025-05-14 11:00:00,6979.498217613867,8058.890288493733,6637.844844472296
forecast_3204,2025-05-14 12:00:00,6092.067563248834,6513.417890750658,6373.112132547879
forecast_3205,2025-05-14 13:00:00,5674.310025044654,5961.65884588397,6312.871550322022
forecast_3206,2025-05-14 14:00:00,5624.6738114303735,5771.595674246011,6436.507229437107
forecast_3207,2025-05-14 15:00:00,5539.92874396998,5772.324948324208,6051.2070014776145
forecast_3208,2025-05-14 16:00:00,5152.5150050336915,5202.401854446649,5119.745321999533
forecast_3209,2025-05-14 17:00:00,4919.329798509152,4987.067133820909,5017.66085909352
forecast_3210,2025-05-14 18:00:00,5736.632778614997,5229.493579544334,5241.247349680734
forecast_3211,2025-05-14 19:00:00,6826.688304055509,6768.325817436691,6243.384210146237
forecast_3212,2025-05-14 20:00:00,7392.21264743218,8130.576688732207,7028.558669228809
forecast_3213,2025-05-14 21:00:00,8126.051151129138,8957.13476969079,6995.457669258496
forecast_3214,2025-05-14 22:00:00,9831.90436731878,11631.35693694357,8133.151520150965
forecast_3215,2025-05-14 23:00:00,11384.190295901755,13059.469089680468,8571.358024944586
forecast_3216,2025-05-15 00:00:00,12013.927352622259,14068.4911891888,9481.92179774456
forecast_3217,2025-05-15 01:00:00,11841.48872572349,14129.334477883762,9583.489191704883
forecast_3218,2025-05-15 02:00:00,11681.258606530491,14617.689739697416,10736.481462640542
forecast_3219,2025-05-15 03:00:00,11487.269898484026,15276.161828623404,11359.875465449546
forecast_3220,2025-05-15 04:00:00,12219.971649069672,15925.402188289481,12005.08155837797
forecast_3221,2025-05-15 05:00:00,12668.876825819836,16197.660697650475,12410.531324795937
forecast_3222,2025-05-15 06:00:00,13347.895672476172,16952.995671873876,13372.193092786829
forecast_3223,2025-05-15 07:00:00,15024.594833918796,17551.263293843935,16065.735830048436
forecast_3224,2025-05-15 08:00:00,16265.25552542638,17363.868903172573,16653.0391679122
forecast_3225,2025-05-15 09:00:00,15807.235597301686,17006.487221023337,16525.030146365098
forecast_3226,2025-05-15 10:00:00,15236.464508182033,16563.662769922492,15920.859227028139
forecast_3227,2025-05-15 11:00:00,15166.338665196865,16656.62966540192,14922.206600475844
forecast_3228,2025-05-15 12:00:00,14926.575738126512,16498.40935168705,14892.112860693072
forecast_3229,2025-05-15 13:00:00,14968.176613026602,16284.737677912253,15668.733226232665
forecast_3230,2025-05-15 14:00:00,16255.712783940515,17213.138501200745,16634.634299972116
forecast_3231,2025-05-15 15:00:00,16668.570669755245,17758.821972032718,16381.385868375583
forecast_3232,2025-05-15 16:00:00,16924.78269948605,17384.153866296132,17262.04255957486
forecast_3233,2025-05-15 17:00:00,16865.060326026265,17542.544972129566,17495.144607613503
forecast_3234,2025-05-15 18:00:00,17401.470062449822,17948.47152652188,17620.761379238415
forecast_3235,2025-05-15 19:00:00,17929.67519089784,17958.40281168327,17948.395822610182
forecast_3236,2025-05-15 20:00:00,17988.862968475754,17823.014591782812,18089.640728273098
forecast_3237,2025-05-15 21:00:00,18433.687249069553,18371.37589552984,18002.446650787453
forecast_3238,2025-05-15 22:00:00,18980.55858627351,18487.245204149076,18141.77300197716
forecast_3239,2025-05-15 23:00:00,18920.30501320614,18604.41108257166,18297.079768025367
forecast_3240,2025-05-16 00:00:00,18842.25095080198,18696.806946621517,18138.23549539825
forecast_3241,2025-05-16 01:00:00,18476.234530227084,18579.377166593717,18221.935800070827
forecast_3242,2025-05-16 02:00:00,18072.309551547707,18626.136352530073,18228.80178249417
forecast_3243,2025-05-16 03:00:00,17753.02657775398,18375.68162056234,18054.18188287173
forecast_3244,2025-05-16 04:00:00,17772.080207236653,18270.955587812667,18136.554919263588
forecast_3245,2025-05-16 05:00:00,17722.975785755065,18156.285448841318,17265.244096239636
forecast_3246,2025-05-16 06:00:00,17814.540223321303,17918.891309940744,17028.363259963524
forecast_3247,2025-05-16 07:00:00,17233.062331640504,17627.557357886508,17084.31983026822
forecast_3248,2025-05-16 08:00:00,16050.279644285978,16747.529224737653,15147.859375022923
forecast_3249,2025-05-16 09:00:00,14893.38537503866,15418.668325033375,14216.693155058938
forecast_3250,2025-05-16 10:00:00,12634.263008967999,13193.333355553643,12242.119280009532
forecast_3251,2025-05-16 11:00:00,10831.194665985044,12462.975651467803,11679.022737131501
forecast_3252,2025-05-16 12:00:00,9516.608876272781,10625.612179290056,10338.292356403561
forecast_3253,2025-05-16 13:00:00,8375.333242875075,9697.74708228187,9078.830174572427
forecast_3254,2025-05-16 14:00:00,7240.243247076544,8672.198348207039,8429.922291407449
forecast_3255,2025-05-16 15:00:00,6569.121864118052,8290.387297990164,7240.248993007949
forecast_3256,2025-05-16 16:00:00,6278.314363182723,7013.289270807635,6801.249809941654
forecast_3257,2025-05-16 17:00:00,6310.831361141908,6707.7429074113525,6702.459416835894
forecast_3258,2025-05-16 18:00:00,6223.66063477663,6613.479822689151,6472.518492178719
forecast_3259,2025-05-16 19:00:00,5956.211369889553,5929.904676360583,5926.849947940949
forecast_3260,2025-05-16 20:00:00,5860.395238067091,6112.305098983177,5349.926943481631
forecast_3261,2025-05-16 21:00:00,4627.244886615415,5623.473187152755,4736.321557774874
forecast_3262,2025-05-16 22:00:00,4273.604780263433,4743.435720326714,3856.631633895531
forecast_3263,2025-05-16 23:00:00,3864.4846376867004,4069.034616102311,3576.3286644606133
forecast_3264,2025-05-17 00:00:00,4278.590364232138,4717.575271178001,3594.7104200741405
forecast_3265,2025-05-17 01:00:00,4568.629487428188,5735.078391403178,4211.7011108601855
forecast_3266,2025-05-17 02:00:00,3873.161816454745,4206.216416636148,3727.1951785972396
forecast_3267,2025-05-17 03:00:00,4396.732762499499,4187.262763882938,3655.3629421004453
forecast_3268,2025-05-17 04:00:00,4306.953570024957,4730.264538516472,3816.2103385216965
forecast_3269,2025-05-17 05:00:00,3373.8393960821377,4479.533311431426,3279.932670961215
forecast_3270,2025-05-17 06:00:00,2142.27231994997,2757.7175733172653,2468.7086740864515
forecast_3271,2025-05-17 07:00:00,2159.9540493362942,2099.2651535159994,2171.199094726553
forecast_3272,2025-05-17 08:00:00,3076.661074214474,3131.7389023480046,2779.828921789651
forecast_3273,2025-05-17 09:00:00,4665.418811121228,4494.69481207401,3621.885215558899
forecast_3274,2025-05-17 10:00:00,4316.549401173908,4512.175925358812,4073.270764231963
forecast_3275,2025-05-17 11:00:00,4585.0500475203435,4651.457233249344,5078.104991999471
forecast_3276,2025-05-17 12:00:00,5845.47450691423,5590.187206313143,6420.2041560732705
forecast_3277,2025-05-17 13:00:00,7555.146648201543,8378.928143570829,8182.903045305529
forecast_3278,2025-05-17 14:00:00,9201.627256045678,11187.50979114627,9903.357693118782
forecast_3279,2025-05-17 15:00:00,11296.151835073066,12823.372727639551,11848.486997078888
forecast_3280,2025-05-17 16:00:00,13334.976540222637,14510.570857056864,14327.381152845323
forecast_3281,2025-05-17 17:00:00,16323.087334125992,17035.08475319825,16194.045314944891
forecast_3282,2025-05-17 18:00:00,17620.00382270547,18592.225710101728,17772.31390478539
forecast_3283,2025-05-17 19:00:00,18686.59003323471,18362.911176045447,18531.9077413798
forecast_3284,2025-05-17 20:00:00,18864.62603414468,18187.398275830383,18820.669155954114
forecast_3285,2025-05-17 21:00:00,19341.386977178307,18580.093959242407,18972.096655362533
forecast_3286,2025-05-17 22:00:00,19561.50788227671,18813.79225472535,18934.78805267057
forecast_3287,2025-05-17 23:00:00,19885.54388042396,19110.945287301078,18906.86581130571
forecast_3288,2025-05-18 00:00:00,19680.163620999614,19034.861762346325,18576.706955987218
forecast_3289,2025-05-18 01:00:00,18614.28978919965,18277.174773937026,17973.97595502334
forecast_3290,2025-05-18 02:00:00,17429.86960916633,17846.815288624344,15917.546819205
forecast_3291,2025-05-18 03:00:00,16073.193842957207,15991.427420626107,11785.551713881174
forecast_3292,2025-05-18 04:00:00,14479.295889572018,12974.97756276345,8779.071005807255
forecast_3293,2025-05-18 05:00:00,12089.927613042877,10441.608847419948,7254.128333909628
forecast_3294,2025-05-18 06:00:00,8316.253644178723,7460.585530730362,5221.52194482619
forecast_3295,2025-05-18 07:00:00,5295.721336534507,4848.071878773367,2866.7976482071995
forecast_3296,2025-05-18 08:00:00,3551.3945896644727,2600.6619472103293,2221.1686571645037
forecast_3297,2025-05-18 09:00:00,1658.1869523134633,1318.822551544817,1834.586471325188
forecast_3298,2025-05-18 10:00:00,1202.5614116929255,1031.0250613076503,1646.0662213169094
forecast_3299,2025-05-18 11:00:00,1354.8720305387144,1258.2674032568507,1761.2331663443033
forecast_3300,2025-05-18 12:00:00,2293.835529665658,2005.265040733449,2046.9738914332431
forecast_3301,2025-05-18 13:00:00,3107.437806802844,3094.8409273872876,2499.730019009428
forecast_3302,2025-05-18 14:00:00,3492.8083582441623,3262.8864587243484,2702.393455837305
forecast_3303,2025-05-18 15:00:00,4669.132051429617,3946.533605543671,3186.1020550161875
forecast_3304,2025-05-18 16:00:00,5380.452928208619,5202.917140220203,4471.289104651854
forecast_3305,2025-05-18 17:00:00,6446.858848347091,6280.623060344005,5401.052063682029
forecast_3306,2025-05-18 18:00:00,7321.560208542027,6662.248024583332,6223.957577275591
forecast_3307,2025-05-18 19:00:00,8574.403751359883,8823.609883862315,7896.300378817217
forecast_3308,2025-05-18 20:00:00,10395.747074803176,10705.654539330131,9651.50517126013
forecast_3309,2025-05-18 21:00:00,11680.453075546327,12650.255087373556,10895.189360378743
forecast_3310,2025-05-18 22:00:00,12401.23649389944,13291.295302022474,11331.583792676567
forecast_3311,2025-05-18 23:00:00,12539.530304950325,13218.360042998665,11422.994560526178
forecast_3312,2025-05-19 00:00:00,12685.374268926937,13973.12242494616,11347.308717557285
forecast_3313,2025-05-19 01:00:00,12985.11452527128,13976.847640375185,11408.707590388809
forecast_3314,2025-05-19 02:00:00,12131.833499291208,13861.407823159883,10345.467488436723
forecast_3315,2025-05-19 03:00:00,11465.91460646784,12953.366433148949,8859.886405993459
forecast_3316,2025-05-19 04:00:00,10889.425151919637,11861.225587467756,8006.073451408963
forecast_3317,2025-05-19 05:00:00,9849.807539553209,11453.870376860437,8329.778057908055
forecast_3318,2025-05-19 06:00:00,10357.853377329044,14043.4347777447,8832.46343999828
forecast_3319,2025-05-19 07:00:00,11389.763967943527,15919.681098688136,10367.059390253795
forecast_3320,2025-05-19 08:00:00,10913.472785731657,15255.600450965716,11661.20373125939
forecast_3321,2025-05-19 09:00:00,10625.409430176944,14751.503006817089,12071.511681241958
forecast_3322,2025-05-19 10:00:00,10774.83091782791,14838.861218209164,13257.492152892399
forecast_3323,2025-05-19 11:00:00,11840.051659786715,16001.529788324142,14578.260912875754
forecast_3324,2025-05-19 12:00:00,13999.290255579963,17030.63822266028,15364.569168115546
forecast_3325,2025-05-19 13:00:00,14850.748386749294,16801.312327769192,16333.769289219636
forecast_3326,2025-05-19 14:00:00,15745.09956905561,16975.511508100743,16916.043239421
forecast_3327,2025-05-19 15:00:00,16644.762469194015,17661.159940148027,17232.981405267354
forecast_3328,2025-05-19 16:00:00,16505.413174986345,17418.556631094034,18257.094871238045
forecast_3329,2025-05-19 17:00:00,17360.7770309294,17844.88245133736,18607.896233032592
forecast_3330,2025-05-19 18:00:00,17774.90658815771,18248.116806319165,18648.309489785875
forecast_3331,2025-05-19 19:00:00,18565.12522733386,18436.83693077133,18806.425238377124
forecast_3332,2025-05-19 20:00:00,18561.87417701204,18477.206060076474,18727.707958945386
forecast_3333,2025-05-19 21:00:00,18556.73199936629,18240.86298096038,18606.63439774422
forecast_3334,2025-05-19 22:00:00,18123.738696731,18168.47425955738,18127.577169709373
forecast_3335,2025-05-19 23:00:00,18000.456726050244,17660.913833268707,17256.2904851165
forecast_3336,2025-05-20 00:00:00,17982.499212389717,18242.019928819846,17258.129150870183
forecast_3337,2025-05-20 01:00:00,17473.384624980914,17842.021677248762,18100.18546919548
forecast_3338,2025-05-20 02:00:00,17657.531634640145,18231.91035975876,17977.94342317411
forecast_3339,2025-05-20 03:00:00,17599.647086582467,18045.88267194748,17629.206715092027
forecast_3340,2025-05-20 04:00:00,17450.5653317064,17879.916982122617,18292.293527109596
forecast_3341,2025-05-20 05:00:00,17114.534877297374,17776.96743443699,18246.98223897502
forecast_3342,2025-05-20 06:00:00,16721.32636134688,17161.022640504707,18008.730015029978
forecast_3343,2025-05-20 07:00:00,15953.194770690297,16704.68343285396,17685.81102000099
forecast_3344,2025-05-20 08:00:00,15475.787485450228,16333.081390524418,17172.508963788532
forecast_3345,2025-05-20 09:00:00,15357.077880188246,16392.165860517558,17029.099945779133
forecast_3346,2025-05-20 10:00:00,14596.480060237782,15848.867058012436,15506.688693560829
forecast_3347,2025-05-20 11:00:00,14346.54707268842,14458.300563489438,14793.904351227664
forecast_3348,2025-05-20 12:00:00,13753.157027024938,14496.209667716013,13793.015221203543
forecast_3349,2025-05-20 13:00:00,13589.289364504464,14043.821864035506,13583.407926669697
forecast_3350,2025-05-20 14:00:00,13591.943963054468,14184.623912639563,13855.77335348716
forecast_3351,2025-05-20 15:00:00,14029.067763021905,14672.741346594463,13864.757501282269
forecast_3352,2025-05-20 16:00:00,14214.631248017897,14547.123870622147,14189.104059434892
forecast_3353,2025-05-20 17:00:00,14509.77999874257,15004.25312242248,15072.333326274318
forecast_3354,2025-05-20 18:00:00,14601.95821717811,15745.283466852925,16064.785539450228
forecast_3355,2025-05-20 19:00:00,14830.229992904275,15761.28906328392,16877.935638324947
forecast_3356,2025-05-20 20:00:00,15205.574663684436,16202.114215901269,17250.314086337232
forecast_3357,2025-05-20 21:00:00,15940.934851351894,16573.97972010084,16633.756198520132
forecast_3358,2025-05-20 22:00:00,16695.58137205863,16823.062646972394,16371.011054909091
forecast_3359,2025-05-20 23:00:00,17851.72153664653,16942.125967623346,17181.797612967726
forecast_3360,2025-05-21 00:00:00,17445.366451369326,16881.744091741864,17095.171655470316
forecast_3361,2025-05-21 01:00:00,18456.01317284305,17784.100929667533,17029.19876244895
forecast_3362,2025-05-21 02:00:00,18262.377434446116,17263.025844527794,17065.418822532753
forecast_3363,2025-05-21 03:00:00,18337.33835902938,17458.080372024393,16080.31593858001
forecast_3364,2025-05-21 04:00:00,17275.924266148944,16141.540110329202,14615.081175115232
forecast_3365,2025-05-21 05:00:00,15123.03651992898,14889.183488858129,14186.315052701522
forecast_3366,2025-05-21 06:00:00,13398.654706759497,13545.598509218567,12092.455683947492
forecast_3367,2025-05-21 07:00:00,10182.05529409284,9802.158663392674,8205.749571307006
forecast_3368,2025-05-21 08:00:00,7231.4384075755015,6780.765339855685,5341.646026250118
forecast_3369,2025-05-21 09:00:00,4374.262835093545,3601.7635035945327,3947.0325087143174
forecast_3370,2025-05-21 10:00:00,2035.0380325410847,1980.932740226996,2462.20503074117
forecast_3371,2025-05-21 11:00:00,1619.4803965351898,1652.9005678679614,2140.08721124429
forecast_3372,2025-05-21 12:00:00,1365.4541552995506,1436.4451148902654,2104.871841520471
forecast_3373,2025-05-21 13:00:00,1289.674468394479,1334.8702715530478,2083.4620715860606
forecast_3374,2025-05-21 14:00:00,1234.973103907596,1237.9586697284399,2062.370927757713
forecast_3375,2025-05-21 15:00:00,1063.8853829683153,1337.531735621758,1982.6079374901137
forecast_3376,2025-05-21 16:00:00,976.9544826324518,1278.4800570741268,1929.9559902960668
forecast_3377,2025-05-21 17:00:00,939.7582756106021,1214.2469320213593,1863.9017363285543
forecast_3378,2025-05-21 18:00:00,1033.070308387374,1221.8800930366942,1798.2235952181027
forecast_3379,2025-05-21 19:00:00,1073.495768224068,1305.644252050856,1844.761961710297
forecast_3380,2025-05-21 20:00:00,1061.8191571947289,1324.4408060807114,1875.408775222346
forecast_3381,2025-05-21 21:00:00,1105.443934987556,1383.633148268666,1915.9537784349134
forecast_3382,2025-05-21 22:00:00,1256.287379498257,1502.9498818178872,1956.3149391933262
forecast_3383,2025-05-21 23:00:00,1191.4004176699084,1285.715658588691,1948.1150642119908
forecast_3384,2025-05-22 00:00:00,1258.5839895774573,1487.4365902282113,1985.378484263459
forecast_3385,2025-05-22 01:00:00,1563.334826439875,2135.3569845132242,2137.386268592781
forecast_3386,2025-05-22 02:00:00,2150.305896532851,2287.568666810037,2195.065164292014
forecast_3387,2025-05-22 03:00:00,2340.0299032999487,2744.4880629598547,2241.904335056951
forecast_3388,2025-05-22 04:00:00,2473.2736004635235,2948.3258574782476,2189.5714751901514
forecast_3389,2025-05-22 05:00:00,2237.096738524387,2456.985065120887,2170.342092801007
forecast_3390,2025-05-22 06:00:00,1844.6948919497236,1907.0672697453188,2149.332201016161
forecast_3391,2025-05-22 07:00:00,1579.5927259529838,1574.5812588863976,2242.585486278308
forecast_3392,2025-05-22 08:00:00,1593.3053660426267,1803.7714800978958,2418.750556614922
forecast_3393,2025-05-22 09:00:00,2272.6894249718853,2699.06890057202,2688.253582061112
forecast_3394,2025-05-22 10:00:00,2863.394819103635,3244.3270558874674,3114.584132918353
forecast_3395,2025-05-22 11:00:00,3151.557494419417,3491.588052247411,3135.57855489718
forecast_3396,2025-05-22 12:00:00,2922.954560721977,3446.660498271112,3202.5910812322654
forecast_3397,2025-05-22 13:00:00,2810.168748685888,3288.244523498539,2998.6459473298937
forecast_3398,2025-05-22 14:00:00,2312.9080846351194,3110.1621427051905,2635.487520142103
forecast_3399,2025-05-22 15:00:00,1847.4193080652867,2632.621239574304,2289.5710299108914
forecast_3400,2025-05-22 16:00:00,1503.5508713315944,1781.7105083626593,2007.0973793421126
forecast_3401,2025-05-22 17:00:00,1322.2640985129408,1293.3732867904446,1852.0048569760877
forecast_3402,2025-05-22 18:00:00,1249.6675733560353,1131.4617735811275,1803.381678546611
forecast_3403,2025-05-22 19:00:00,1391.4393621960699,1125.47725203193,1801.4256930084773
forecast_3404,2025-05-22 20:00:00,1589.8669805676875,1193.9274191090594,1804.2185848256227
forecast_3405,2025-05-22 21:00:00,1754.928872024967,1560.2671894584632,1804.4495080232944
forecast_3406,2025-05-22 22:00:00,2487.6709664234495,2107.3888468144746,1798.8161590309483
forecast_3407,2025-05-22 23:00:00,3069.304778988322,2438.997456799376,1890.9645902417637
forecast_3408,2025-05-23 00:00:00,3335.343602994805,2956.8251414186975,1995.219743389228
forecast_3409,2025-05-23 01:00:00,3387.5312408873015,2952.6261478784054,2003.6414465171342
forecast_3410,2025-05-23 02:00:00,3297.05119384582,2954.4589710263613,2016.7020535759802
forecast_3411,2025-05-23 03:00:00,3336.737250866749,3278.7470839653643,2037.8061136221506
forecast_3412,2025-05-23 04:00:00,3346.7650617664485,3473.13245188877,2075.769176497464
forecast_3413,2025-05-23 05:00:00,3415.6867800229616,3496.580515704193,2028.6152008597883
forecast_3414,2025-05-23 06:00:00,3767.88706772136,3683.93363804902,2048.1041431851872
forecast_3415,2025-05-23 07:00:00,3667.551762974707,3740.700494841447,2032.5024586148747
forecast_3416,2025-05-23 08:00:00,3335.2442685899887,3477.243186345824,2040.1884438759894
forecast_3417,2025-05-23 09:00:00,2978.2896801975476,3224.6095139549375,2032.6036921388654
forecast_3418,2025-05-23 10:00:00,2498.564887845506,2813.29999603281,2014.0291280667748
forecast_3419,2025-05-23 11:00:00,2185.6681081221977,2617.2190409450795,1988.2397639893054
forecast_3420,2025-05-23 12:00:00,2072.2229457309677,2503.8687629140786,1959.9102937786272
forecast_3421,2025-05-23 13:00:00,2097.1001961498932,2418.688211280106,1951.5502218669972
forecast_3422,2025-05-23 14:00:00,2084.19372813718,2419.078873109158,1974.2693234370613
forecast_3423,2025-05-23 15:00:00,2044.8669606438295,2478.3891070896834,1947.5519225448218
forecast_3424,2025-05-23 16:00:00,2498.483555394004,2654.548016688057,1967.1631693326954
forecast_3425,2025-05-23 17:00:00,2990.9973779851125,3039.135977584039,1995.5181175786443
forecast_3426,2025-05-23 18:00:00,3474.090614219649,3183.406110538709,2051.2717344321845
forecast_3427,2025-05-23 19:00:00,3565.4280272127867,3320.0103654023446,2073.0811867854673
forecast_3428,2025-05-23 20:00:00,4082.6591409911593,3926.1123060642844,2177.376323587944
forecast_3429,2025-05-23 21:00:00,3902.134080678909,4255.314939535208,2207.888741638204
forecast_3430,2025-05-23 22:00:00,4792.575753885951,4663.193293368164,2250.110710531859
forecast_3431,2025-05-23 23:00:00,4923.409419733434,5166.1582109111105,2202.4668456444297
forecast_3432,2025-05-24 00:00:00,5505.967608991432,5316.306548735181,2245.947626230786
forecast_3433,2025-05-24 01:00:00,5388.5477909738465,5556.482612996902,2557.2242830353184
forecast_3434,2025-05-24 02:00:00,5353.714845380262,5824.749735973154,2889.2744481130635
forecast_3435,2025-05-24 03:00:00,5386.628435622565,5790.669085323675,3006.296317726942
forecast_3436,2025-05-24 04:00:00,5418.499413077405,5963.875906266859,3107.645653136011
forecast_3437,2025-05-24 05:00:00,6010.47694104653,6230.171972166371,3826.2568722269298
forecast_3438,2025-05-24 06:00:00,5894.731137045721,6323.863671421879,4139.441082689211
forecast_3439,2025-05-24 07:00:00,5959.145277090296,6200.530239120197,4599.906704329791
forecast_3440,2025-05-24 08:00:00,5745.020189805228,6017.147121088295,4810.457867614367
forecast_3441,2025-05-24 09:00:00,5589.263305030967,5791.839768002696,4630.7006862663675
forecast_3442,2025-05-24 10:00:00,4773.114686576502,5276.887756801642,4293.558894307389
forecast_3443,2025-05-24 11:00:00,4892.111610509649,4725.958466239605,4245.19245465212
forecast_3444,2025-05-24 12:00:00,5038.358341318344,4482.876913218606,4288.847818256936
forecast_3445,2025-05-24 13:00:00,5123.885620673194,4767.344633322358,4532.713930629245
forecast_3446,2025-05-24 14:00:00,5139.21756540533,5192.028801172883,4992.470329302191
forecast_3447,2025-05-24 15:00:00,5433.164940336288,5859.828664804107,6079.311069402602
forecast_3448,2025-05-24 16:00:00,6093.736216078676,6712.258596902236,6571.216450162273
forecast_3449,2025-05-24 17:00:00,6634.746144926253,7335.036625913068,6704.36429087381
forecast_3450,2025-05-24 18:00:00,6936.742366129558,7606.566178591205,7499.967616878009
forecast_3451,2025-05-24 19:00:00,6827.131014086312,7949.6976146956,7493.270879517659
forecast_3452,2025-05-24 20:00:00,6734.347601103137,8172.925750421542,6965.046429447012
forecast_3453,2025-05-24 21:00:00,6699.595727461587,7950.575356691683,6822.224065400002
forecast_3454,2025-05-24 22:00:00,6549.160817902235,6877.570733644829,6389.513850709931
forecast_3455,2025-05-24 23:00:00,5701.4932486542875,6428.431289499246,5623.752053729078
forecast_3456,2025-05-25 00:00:00,4907.873568740111,5959.385752848956,5244.45944527235
forecast_3457,2025-05-25 01:00:00,4486.041675531867,4935.874229435196,4550.562346084462
forecast_3458,2025-05-25 02:00:00,3906.574674719784,4338.744359077361,3959.2842689590047
forecast_3459,2025-05-25 03:00:00,3575.162019223047,3416.812687514876,3397.382319602287
forecast_3460,2025-05-25 04:00:00,3512.9736161753976,3712.7697751444307,3121.1831120032803
forecast_3461,2025-05-25 05:00:00,3135.239985217918,3375.8472606368073,3370.638108148136
forecast_3462,2025-05-25 06:00:00,2816.1170431063642,3208.1273926387976,3324.23369601753
forecast_3463,2025-05-25 07:00:00,2549.511951516205,2777.386996336836,3100.532878516563
forecast_3464,2025-05-25 08:00:00,1865.3504484652863,1976.5465514254352,2329.033762807796
forecast_3465,2025-05-25 09:00:00,1405.630326743374,1423.2915716648745,1941.0121383588355
forecast_3466,2025-05-25 10:00:00,1334.330738151291,1199.0018413483263,1805.2065392198756
forecast_3467,2025-05-25 11:00:00,1378.6818759144446,1283.3788927760952,1800.2546410150776
forecast_3468,2025-05-25 12:00:00,2226.0791652549133,1894.2902098082059,1924.2845680010253
forecast_3469,2025-05-25 13:00:00,3031.824473823334,2348.4607860045553,2176.30674276688
forecast_3470,2025-05-25 14:00:00,2672.225268237329,1927.475171593459,2145.131061973915
forecast_3471,2025-05-25 15:00:00,2355.990599148858,1919.2782326193708,2238.4737554679978
forecast_3472,2025-05-25 16:00:00,2485.0412465164577,1920.7424904211289,2362.8208640854095
forecast_3473,2025-05-25 17:00:00,2852.050378506508,2573.937639694273,2691.789739650593
forecast_3474,2025-05-25 18:00:00,3565.215802784143,3738.7629215781926,3418.6476107781073
forecast_3475,2025-05-25 19:00:00,4676.11745212499,5322.359341012156,4946.848228458873
forecast_3476,2025-05-25 20:00:00,6263.1022995343255,7583.888455733936,7781.175734878941
forecast_3477,2025-05-25 21:00:00,7236.234943000952,8449.487231642353,7273.844655728209
forecast_3478,2025-05-25 22:00:00,8251.208002789133,9283.31330443396,8204.028852787505
forecast_3479,2025-05-25 23:00:00,9249.18757436598,11216.219373488413,8721.089018258921
forecast_3480,2025-05-26 00:00:00,9483.728801539712,11317.308353744867,8483.902714182794
forecast_3481,2025-05-26 01:00:00,10634.100558212667,10655.324657957333,8838.917621557157
forecast_3482,2025-05-26 02:00:00,10773.406807586904,9890.767245561807,8366.682397759207
forecast_3483,2025-05-26 03:00:00,9306.08339483769,9220.298418758153,7746.810454076385
forecast_3484,2025-05-26 04:00:00,7277.555703464096,7381.749017422218,6416.62631975972
forecast_3485,2025-05-26 05:00:00,5872.226081728917,5362.586794954159,5155.368746374853
forecast_3486,2025-05-26 06:00:00,4029.806053550817,3533.0539121768265,3835.8389852574396
forecast_3487,2025-05-26 07:00:00,2146.2657375985236,1892.6852033116156,2404.667230417809
forecast_3488,2025-05-26 08:00:00,1356.1021498967089,1232.8664213304817,1884.2591988072597
forecast_3489,2025-05-26 09:00:00,906.0752113759039,952.3244253136529,1723.8927805198305
forecast_3490,2025-05-26 10:00:00,729.686186556183,896.0855482075066,1606.6620711207836
forecast_3491,2025-05-26 11:00:00,714.7467825756974,926.8587113339704,1553.237632644221
forecast_3492,2025-05-26 12:00:00,753.1699939427174,978.8364335019392,1566.8903617839667
forecast_3493,2025-05-26 13:00:00,726.9108470466549,798.564068458418,1696.6549910426586
forecast_3494,2025-05-26 14:00:00,850.4705948515423,769.8299136633048,1683.2633487474134
forecast_3495,2025-05-26 15:00:00,879.2677654873725,951.8956761595035,1728.5658854712842
forecast_3496,2025-05-26 16:00:00,973.0626648701657,980.779067846948,1769.6540724468362
forecast_3497,2025-05-26 17:00:00,1102.4696864358061,1149.5021627693159,1816.879664917798
forecast_3498,2025-05-26 18:00:00,1218.4627260555044,1198.966627960033,1846.0594228750526
forecast_3499,2025-05-26 19:00:00,1664.9171260737057,1382.6344250060993,2002.7502734118145
forecast_3500,2025-05-26 20:00:00,2116.3338644398555,1807.3502005504897,2196.338981032792
forecast_3501,2025-05-26 21:00:00,2922.2357684858644,3068.553331210514,2523.8778173673923
forecast_3502,2025-05-26 22:00:00,4588.0672670472395,4834.640547842668,3367.9601087724063
forecast_3503,2025-05-26 23:00:00,5084.382183359659,5645.937561674824,4630.812158680637
forecast_3504,2025-05-27 00:00:00,6145.32117698597,6532.097415850917,5466.130003783378
forecast_3505,2025-05-27 01:00:00,6446.027095598057,7538.261316646461,6074.339472975881
forecast_3506,2025-05-27 02:00:00,6628.161018593791,7889.836112563833,6548.448039830128
forecast_3507,2025-05-27 03:00:00,7102.623660500507,8077.287791073323,6223.620500756603
forecast_3508,2025-05-27 04:00:00,6604.549116606755,7390.451545243654,6406.768426401917
forecast_3509,2025-05-27 05:00:00,4879.050306266001,6182.3766876046975,5219.195199234433
forecast_3510,2025-05-27 06:00:00,2937.0343963808064,3808.7724333976416,3413.7810664485132
forecast_3511,2025-05-27 07:00:00,1611.759000576693,1795.0752556426487,2568.4258302564317
forecast_3512,2025-05-27 08:00:00,1047.480626203356,1161.4041273438925,1913.7776473340605
forecast_3513,2025-05-27 09:00:00,759.991433198809,934.7250365869697,1719.3873253816348
forecast_3514,2025-05-27 10:00:00,655.5627330539,737.8146741840691,1706.0949017201015
forecast_3515,2025-05-27 11:00:00,650.0072060768166,847.3327713925642,1647.0294793363669
forecast_3516,2025-05-27 12:00:00,731.1941838125288,876.4913407285017,1634.3844832301586
forecast_3517,2025-05-27 13:00:00,714.4054799735343,831.8588944394392,1709.6964949489086
forecast_3518,2025-05-27 14:00:00,719.5399959159615,782.2399575348896,1746.7826765895336
forecast_3519,2025-05-27 15:00:00,715.0952920827168,799.0550229432638,1729.734458816096
forecast_3520,2025-05-27 16:00:00,695.4341256013558,786.8464047792013,1732.249595534846
forecast_3521,2025-05-27 17:00:00,731.7329610617879,833.0213700253767,1679.5817488551586
forecast_3522,2025-05-27 18:00:00,822.8853127474115,861.9876786191267,1716.5524519801586
forecast_3523,2025-05-27 19:00:00,997.0001579591155,932.0818790365452,1763.9428328395336
forecast_3524,2025-05-27 20:00:00,1011.4416066974019,952.0993750679645,1845.1587431219637
forecast_3525,2025-05-27 21:00:00,1355.192416890594,1273.395560579359,1946.3464022471076
forecast_3526,2025-05-27 22:00:00,2037.3913918490844,1865.6634417953492,2142.585580464341
forecast_3527,2025-05-27 23:00:00,2718.0066181540915,2546.7341666391935,2595.094196913003
forecast_3528,2025-05-28 00:00:00,3689.4031482009545,3569.5150054659875,3446.165313875714
forecast_3529,2025-05-28 01:00:00,4923.612519222059,5600.042193882509,4748.715252012702
forecast_3530,2025-05-28 02:00:00,6268.45520214103,6829.874767905142,5405.84132352983
forecast_3531,2025-05-28 03:00:00,6642.1197318745735,7224.28255052757,5415.5576830865175
forecast_3532,2025-05-28 04:00:00,6089.396616374513,6893.871459385082,4999.159182419977
forecast_3533,2025-05-28 05:00:00,4893.302995714317,4862.299885988496,3871.9133783956986
forecast_3534,2025-05-28 06:00:00,3264.6516059830587,2495.4595876574103,2640.496686694716
forecast_3535,2025-05-28 07:00:00,1737.5438875872997,1373.447514368497,2077.8399015125647
forecast_3536,2025-05-28 08:00:00,1146.0130535833591,1021.6298003726297,1756.2193335470577
forecast_3537,2025-05-28 09:00:00,787.3214144685702,907.7598954160017,1615.1821967981912
forecast_3538,2025-05-28 10:00:00,684.8657876338482,803.1713334042829,1588.533775222346
forecast_3539,2025-05-28 11:00:00,608.8363269002015,806.3180008847517,1578.7997664332836
forecast_3540,2025-05-28 12:00:00,712.1314340329593,763.4149211984717,1660.1207329350777
forecast_3541,2025-05-28 13:00:00,751.0351523260713,808.8006013665507,1644.0441676212013
forecast_3542,2025-05-28 14:00:00,808.9866535203624,806.470525895877,1826.30233704704
forecast_3543,2025-05-28 15:00:00,840.0339626137203,871.4090599916641,1955.3296364866
forecast_3544,2025-05-28 16:00:00,1028.8218416972045,1169.8062110628307,2055.262765795683
forecast_3545,2025-05-28 17:00:00,1015.0094451639596,1059.2759446928249,2011.8970182506632
forecast_3546,2025-05-28 18:00:00,1028.3634018037033,969.8608602512868,1946.0550357489324
forecast_3547,2025-05-28 19:00:00,1126.4917901940403,1035.9410160149619,1923.4560015893392
forecast_3548,2025-05-28 20:00:00,1132.3305674192566,1013.1053455662608,2018.7549881837392
forecast_3549,2025-05-28 21:00:00,1460.3643000125678,961.7810741447954,2207.8446154848525
forecast_3550,2025-05-28 22:00:00,1930.9716970196691,1423.3342143395307,2441.5363822489753
forecast_3551,2025-05-28 23:00:00,2422.18867810806,1754.1383249628186,2850.848622059013
forecast_3552,2025-05-29 00:00:00,2075.4705578356725,1552.7385950197709,2722.8852500967496
forecast_3553,2025-05-29 01:00:00,1633.1593666999586,1483.1848014489574,2328.872105625869
forecast_3554,2025-05-29 02:00:00,1573.2922937904386,1386.5306299814843,2300.949575926823
forecast_3555,2025-05-29 03:00:00,1652.5869065932166,1341.9980188616044,2295.954805376514
forecast_3556,2025-05-29 04:00:00,1715.2194393811035,1315.4771239280099,2177.475750956051
forecast_3557,2025-05-29 05:00:00,1431.3865530282326,1158.9931852916905,2017.3863474660538
forecast_3558,2025-05-29 06:00:00,1229.51745051055,1087.1664883413464,1922.4054319647357
forecast_3559,2025-05-29 07:00:00,1133.0842921707404,1049.7082976521008,1835.984084725334
forecast_3560,2025-05-29 08:00:00,991.421291129954,968.3479538475162,1768.04939361317
forecast_3561,2025-05-29 09:00:00,844.2309134092595,1012.4403923954917,1699.7979677795215
forecast_3562,2025-05-29 10:00:00,793.2260688275445,944.9487488580484,1665.7497246588089
forecast_3563,2025-05-29 11:00:00,776.8997337807323,955.7883519583006,1733.0973603343882
forecast_3564,2025-05-29 12:00:00,795.1207510529367,1169.8472615481085,1808.8588382653838
forecast_3565,2025-05-29 13:00:00,863.5708888816532,1452.949736137903,1914.7173177574994
forecast_3566,2025-05-29 14:00:00,1035.3648167214621,1600.9549750159858,1960.5232568824922
forecast_3567,2025-05-29 15:00:00,1083.3337338108586,1509.3922850041731,2000.2645948157983
forecast_3568,2025-05-29 16:00:00,1263.93649063231,1612.376446588981,1999.0807438991822
forecast_3569,2025-05-29 17:00:00,1347.6114879886445,1625.8081414470414,2074.8200252419483
forecast_3570,2025-05-29 18:00:00,1431.8429931784035,1717.6773601878567,2138.061891448968
forecast_3571,2025-05-29 19:00:00,1727.1606757740994,2004.1858994468173,2220.3301933648218
forecast_3572,2025-05-29 20:00:00,2035.3654237047535,2423.0939885621347,2328.405261892452
forecast_3573,2025-05-29 21:00:00,2256.911139557441,2511.344544092258,2365.461118187648
forecast_3574,2025-05-29 22:00:00,2629.153577607638,3041.4739901255525,2390.764561473277
forecast_3575,2025-05-29 23:00:00,2781.866852576786,3307.0001171102654,2372.28596247842
forecast_3576,2025-05-30 00:00:00,2614.0451458309244,3310.3465687897396,2307.617107442504
forecast_3577,2025-05-30 01:00:00,2693.411430558249,2435.511838266346,2215.3527485765458
forecast_3578,2025-05-30 02:00:00,2867.397435220778,2515.291285807405,2299.4708612363274
forecast_3579,2025-05-30 03:00:00,3130.6324496369525,3203.1820044967462,2509.4391717902104
forecast_3580,2025-05-30 04:00:00,2889.14362556963,3181.5261009106944,2594.0610525602638
forecast_3581,2025-05-30 05:00:00,3124.9819579264076,3509.0269319438744,2713.073738843252
forecast_3582,2025-05-30 06:00:00,3177.018583357428,3782.9854579170674,2667.6650266833067
forecast_3583,2025-05-30 07:00:00,2936.1956197358522,3908.740786357578,2658.167793549619
forecast_3584,2025-05-30 08:00:00,2417.8938278998776,3250.8322565460326,2448.1608385346162
forecast_3585,2025-05-30 09:00:00,1935.9706988908683,2707.4166643408603,2310.8148662382555
forecast_3586,2025-05-30 10:00:00,1651.0832828621287,2438.2357101047855,2305.3499543794405
forecast_3587,2025-05-30 11:00:00,1536.4604383750261,2095.773237633571,2291.6914533808376
forecast_3588,2025-05-30 12:00:00,1483.6137569847162,1960.3339299676936,2273.3687745153447
forecast_3589,2025-05-30 13:00:00,1251.8581487720814,1742.9864233072913,2165.734656388122
forecast_3590,2025-05-30 14:00:00,1040.0473711278064,1421.0543454426827,2035.6491111578957
forecast_3591,2025-05-30 15:00:00,933.0867495758569,1351.8589387474126,1885.116559218513
forecast_3592,2025-05-30 16:00:00,1015.5651273798437,1312.0078828465907,1843.6079437829699
forecast_3593,2025-05-30 17:00:00,1174.4209655306117,1440.0519807338774,1847.2274530414552
forecast_3594,2025-05-30 18:00:00,1290.2078043139718,1441.6004628752382,1912.2380414344043
forecast_3595,2025-05-30 19:00:00,1505.6347030335119,1766.0479557320004,2038.3745856655987
forecast_3596,2025-05-30 20:00:00,1555.355880792144,1970.4262948393657,2184.429996145485
forecast_3597,2025-05-30 21:00:00,1923.7990736371407,2303.566437246798,2320.6577675316853
forecast_3598,2025-05-30 22:00:00,2222.876407486524,2792.7567974679177,2317.3995672787296
forecast_3599,2025-05-30 23:00:00,2170.2183867579593,2404.663554216597,2276.7697474717534
forecast_3600,2025-05-31 00:00:00,1943.8517742344357,2256.9206890205287,2215.7572573368243
forecast_3601,2025-05-31 01:00:00,1624.1960609204382,2170.312922188242,2174.1041016080453
forecast_3602,2025-05-31 02:00:00,1644.5877350133667,2195.9705864549896,2260.094807040232
forecast_3603,2025-05-31 03:00:00,2145.1629465163223,2354.051853536662,2308.9678261046674
forecast_3604,2025-05-31 04:00:00,2176.5280386715813,2445.665403982417,2290.262136124421
forecast_3605,2025-05-31 05:00:00,1969.7076279589403,2270.536107942142,2226.9425512289395
forecast_3606,2025-05-31 06:00:00,1837.447750895635,2149.2478422611593,2217.9483480089884
forecast_3607,2025-05-31 07:00:00,1826.8268837200844,2038.7796575445384,2149.5207054389084
forecast_3608,2025-05-31 08:00:00,1483.6092947404518,1967.898936006775,2096.697564634204
forecast_3609,2025-05-31 09:00:00,1248.4554396876874,1792.2524032608535,2006.973191157243
forecast_3610,2025-05-31 10:00:00,1101.1845571579572,1729.174154076938,2094.6735063748274
forecast_3611,2025-05-31 11:00:00,1109.6692413926035,1976.2169467955541,2212.8622975422345
forecast_3612,2025-05-31 12:00:00,1181.9591654166843,1770.2553672598815,2369.7532144012307
forecast_3613,2025-05-31 13:00:00,1229.396018286649,1779.8342173980668,2367.4297194510555
forecast_3614,2025-05-31 14:00:00,1204.4862191669013,1644.7832005553973,2344.254158516107
forecast_3615,2025-05-31 15:00:00,1137.74662853313,1605.7369169669948,2244.963608940868
forecast_3616,2025-05-31 16:00:00,1136.7929625400297,1577.2015291632515,2191.140935743025
forecast_3617,2025-05-31 17:00:00,1186.0945736091912,1557.2248550332492,2053.424901452202
forecast_3618,2025-05-31 18:00:00,1329.5832612037534,1674.5571546552635,2070.1479742975307
forecast_3619,2025-05-31 19:00:00,1795.810259510934,2045.203932677466,2134.691390826689
forecast_3620,2025-05-31 20:00:00,1558.4257935045857,1961.2478357016007,2149.2652532489506
forecast_3621,2025-05-31 21:00:00,1550.8346626202542,1827.922693848996,2135.657403012289
forecast_3622,2025-05-31 22:00:00,1802.5492530470892,1956.648211078195,2149.9362460233124
forecast_3623,2025-05-31 23:00:00,1607.919322894858,1990.4849705936367,2157.317396888647
forecast_3624,2025-06-01 00:00:00,1443.0576613630255,1793.5051137218288,2068.738755211698
forecast_3625,2025-06-01 01:00:00,1261.5304242713714,1516.084488468166,1970.2755476517718
forecast_3626,2025-06-01 02:00:00,1366.9672879468344,1540.5387496320454,2078.0938185966993
forecast_3627,2025-06-01 03:00:00,1405.966711728725,1746.748710937541,2151.1265651461154
forecast_3628,2025-06-01 04:00:00,1641.2773465687671,1998.8157567602138,2152.238846275115
forecast_3629,2025-06-01 05:00:00,1367.085397080631,1660.5676452022544,2056.05092154231
forecast_3630,2025-06-01 06:00:00,1159.204359294017,1348.021279686621,1887.2916429656998
forecast_3631,2025-06-01 07:00:00,946.867241191886,1093.3652427842312,1774.634698691898
forecast_3632,2025-06-01 08:00:00,828.8793107716953,962.6080561694489,1706.1860964016603
forecast_3633,2025-06-01 09:00:00,755.6741540368233,877.7169266660017,1632.5208131985353
forecast_3634,2025-06-01 10:00:00,654.4371194337231,809.2796097714704,1616.0763551907228
forecast_3635,2025-06-01 11:00:00,645.0215310548168,742.4964066464704,1612.0145568837906
forecast_3636,2025-06-01 12:00:00,605.0616553447916,766.7238236386579,1631.937495521692
forecast_3637,2025-06-01 13:00:00,646.9084747206027,783.1771927792829,1629.7881594641747
forecast_3638,2025-06-01 14:00:00,636.8482381753263,752.3883133847517,1623.7539797766747
forecast_3639,2025-06-01 15:00:00,647.6832344752445,725.8160477597517,1562.9326269387334
forecast_3640,2025-06-01 16:00:00,739.086352597419,858.0968094785017,1603.1562597518594
forecast_3641,2025-06-01 17:00:00,853.5488486305604,980.4703847208026,1694.717209337598
forecast_3642,2025-06-01 18:00:00,1264.9713372985307,1239.772715640241,1921.2550747514974
forecast_3643,2025-06-01 19:00:00,2449.613806458348,2236.739955965155,2347.465530708937
forecast_3644,2025-06-01 20:00:00,3610.6431935361584,3494.2132983464126,3379.64128983408
forecast_3645,2025-06-01 21:00:00,4293.825304390577,4480.246781603152,4191.099623606201
forecast_3646,2025-06-01 22:00:00,5448.848342765195,5405.376197440717,4646.5046692378655
forecast_3647,2025-06-01 23:00:00,5497.13322109261,5503.669639224317,4509.576178516955
forecast_3648,2025-06-02 00:00:00,5808.124537897503,5661.946998670859,5032.522975138039
forecast_3649,2025-06-02 01:00:00,5519.758301399868,6557.915291401828,4804.6764469350655
forecast_3650,2025-06-02 02:00:00,4538.800026390849,5230.776998733589,4253.241203553468
forecast_3651,2025-06-02 03:00:00,5037.479617548772,4454.477730850724,3949.584959947323
forecast_3652,2025-06-02 04:00:00,3717.3504288197328,3278.049888586786,3328.581799916089
forecast_3653,2025-06-02 05:00:00,2948.542651282939,2012.7661360567083,2787.971582725415
forecast_3654,2025-06-02 06:00:00,1940.481217032267,1688.0178536616095,2251.9892904877875
forecast_3655,2025-06-02 07:00:00,1228.8076709544755,1128.8322079523823,1979.6505722623515
forecast_3656,2025-06-02 08:00:00,1073.008429217011,1017.2576457703868,1809.6742245638682
forecast_3657,2025-06-02 09:00:00,946.6825680354641,1010.5726053941529,1732.3103336696634
forecast_3658,2025-06-02 10:00:00,912.9550390304665,1005.5221834523138,1686.4897527176277
forecast_3659,2025-06-02 11:00:00,980.4217221827159,1068.630891634707,1710.6545590116273
forecast_3660,2025-06-02 12:00:00,1022.5720794738143,1197.8974450869448,1810.4598937757273
forecast_3661,2025-06-02 13:00:00,1047.1867996099486,1217.2012883247367,1843.7241521199062
forecast_3662,2025-06-02 14:00:00,1257.9157764490499,1723.0682608710458,1942.5781079828703
forecast_3663,2025-06-02 15:00:00,1651.9964399407156,2320.7537725916673,2261.776219944364
forecast_3664,2025-06-02 16:00:00,2344.0505187383214,2604.9851286612156,2443.5039575092255
forecast_3665,2025-06-02 17:00:00,2808.08765619244,2980.244559256179,2850.4998508594217
forecast_3666,2025-06-02 18:00:00,3309.542732242662,3237.9132851074155,3086.856508962637
forecast_3667,2025-06-02 19:00:00,3412.910827452293,3238.372505511256,2776.457424517326
forecast_3668,2025-06-02 20:00:00,2685.342306189851,3047.4786483034404,2365.5183504549655
forecast_3669,2025-06-02 21:00:00,2257.799734709133,2817.540873426362,2260.335433575428
forecast_3670,2025-06-02 22:00:00,2010.7433691653478,2623.401577759768,2127.263691934605
forecast_3671,2025-06-02 23:00:00,1556.7247984876954,2054.692991770629,2069.951846612816
forecast_3672,2025-06-03 00:00:00,1379.5223776321109,1888.3130248716063,2138.4413681951883
forecast_3673,2025-06-03 01:00:00,1782.5409099192266,1917.4292538388388,2072.403599733648
forecast_3674,2025-06-03 02:00:00,2086.450202614631,2669.5494753329754,2144.1383964713164
forecast_3675,2025-06-03 03:00:00,2202.0358113032,3318.761525362585,2526.875017731701
forecast_3676,2025-06-03 04:00:00,2142.4874702444313,3470.269022929885,2175.470507426069
forecast_3677,2025-06-03 05:00:00,2221.4501231897466,3167.5247920065476,2513.1444582566205
forecast_3678,2025-06-03 06:00:00,1986.2863164526034,2552.787007707897,2524.354758351326
forecast_3679,2025-06-03 07:00:00,1809.6416370916163,1916.0835801437677,2119.8957593249597
forecast_3680,2025-06-03 08:00:00,1659.0723030328238,1761.694148218277,2030.4280999559705
forecast_3681,2025-06-03 09:00:00,1806.4376906529092,2116.0468230186734,2142.9824129534036
forecast_3682,2025-06-03 10:00:00,2617.4380211695734,3207.0908158185784,2937.9937343518304
forecast_3683,2025-06-03 11:00:00,4259.307130156501,3719.7160707355893,3866.827706734577
forecast_3684,2025-06-03 12:00:00,5818.353879904624,4586.125215732224,5230.073307336875
forecast_3685,2025-06-03 13:00:00,7149.35329185236,6194.746224800071,6474.294610367955
forecast_3686,2025-06-03 14:00:00,9141.408632545748,8490.597663345616,7834.837927269017
forecast_3687,2025-06-03 15:00:00,9992.031254931939,9186.73008644611,8459.77702202367
forecast_3688,2025-06-03 16:00:00,10705.815773997245,10299.449829138404,9602.21627458651
forecast_3689,2025-06-03 17:00:00,11658.101619805397,10631.259346636194,9444.50646649579
forecast_3690,2025-06-03 18:00:00,12371.514149826271,11197.626350848648,10054.64188562176
forecast_3691,2025-06-03 19:00:00,13114.774919879052,12876.060709064093,11982.328102541516
forecast_3692,2025-06-03 20:00:00,14522.661871227143,14970.71587623712,13890.494764696814
forecast_3693,2025-06-03 21:00:00,16131.872866672875,16023.788493188014,16015.31643724385
forecast_3694,2025-06-03 22:00:00,15850.232759136727,15526.31834134846,15749.999848850593
forecast_3695,2025-06-03 23:00:00,14617.517333379968,14200.025644756757,14116.465028013252
forecast_3696,2025-06-04 00:00:00,14248.46446783561,13835.914109444995,14615.682384935526
forecast_3697,2025-06-04 01:00:00,14917.28024990228,14062.447362932513,14256.251641731977
forecast_3698,2025-06-04 02:00:00,14253.599482170219,15119.117542988364,14089.869834096777
forecast_3699,2025-06-04 03:00:00,15101.257607369456,16319.268520035583,14949.401183320802
forecast_3700,2025-06-04 04:00:00,16426.93457221044,16664.449027347113,16246.706126329871
forecast_3701,2025-06-04 05:00:00,17079.06776959257,17059.36105422309,16749.049639697045
forecast_3702,2025-06-04 06:00:00,17414.494475589287,17290.691988702492,17304.235959069363
forecast_3703,2025-06-04 07:00:00,17447.46716410754,17614.647115864038,17430.196149153682
forecast_3704,2025-06-04 08:00:00,17215.822356176242,17347.532511734797,17777.652630359284
forecast_3705,2025-06-04 09:00:00,17364.74331384087,17590.953277160537,17548.40097028694
forecast_3706,2025-06-04 10:00:00,17325.93350107083,17806.26503037221,17329.251328759805
forecast_3707,2025-06-04 11:00:00,17442.81041438473,17728.95317896158,16680.79407534031
forecast_3708,2025-06-04 12:00:00,16953.20338436247,17752.53934577234,15872.573422386784
forecast_3709,2025-06-04 13:00:00,16464.980502501698,17242.221860420366,15117.22343335233
forecast_3710,2025-06-04 14:00:00,15543.595906577953,15897.604987068784,13363.689003799855
forecast_3711,2025-06-04 15:00:00,14112.603072749605,15088.879673682026,11767.053113333886
forecast_3712,2025-06-04 16:00:00,13581.79268254026,13837.959247249337,9869.957703242773
forecast_3713,2025-06-04 17:00:00,13110.438058047237,12718.84206283451,9612.425300916035
forecast_3714,2025-06-04 18:00:00,12980.854234087627,11879.4854875704,9150.201291017385
forecast_3715,2025-06-04 19:00:00,12980.489598667567,10491.410965015759,8478.002676119671
forecast_3716,2025-06-04 20:00:00,12832.264020913337,11694.394466139769,9026.922728956866
forecast_3717,2025-06-04 21:00:00,12093.38958185621,12208.091505744898,10194.707258970167
forecast_3718,2025-06-04 22:00:00,12428.391947265185,12917.332583827758,11308.748197239656
forecast_3719,2025-06-04 23:00:00,12993.931039144809,12414.465962867454,12123.39876413228
forecast_3720,2025-06-05 00:00:00,12678.323564425513,14065.695902109244,12470.424112304643
forecast_3721,2025-06-05 01:00:00,12640.39771137599,14831.14126661723,12804.93895918041
forecast_3722,2025-06-05 02:00:00,13669.00145987797,15120.863304832561,12548.092126908994
forecast_3723,2025-06-05 03:00:00,14012.516073284463,15047.684018731488,12752.013666582803
forecast_3724,2025-06-05 04:00:00,13925.703371823467,15205.038947062943,12722.610050868001
forecast_3725,2025-06-05 05:00:00,14035.428265986957,15349.245645371868,13451.509343029362
forecast_3726,2025-06-05 06:00:00,14231.66380067024,16102.794725605763,13287.766774674868
forecast_3727,2025-06-05 07:00:00,13666.456952391121,16473.249294549503,12796.872385257993
forecast_3728,2025-06-05 08:00:00,11729.784053668656,14722.675192349989,11164.792367272885
forecast_3729,2025-06-05 09:00:00,10145.86557348336,11495.890109741951,8797.786076968929
forecast_3730,2025-06-05 10:00:00,8197.94115889725,8721.014848325143,7041.362677373971
forecast_3731,2025-06-05 11:00:00,7278.210304944286,7197.205291663382,6197.946686090078
forecast_3732,2025-06-05 12:00:00,6901.79904665979,6363.708491432994,5754.333410779937
forecast_3733,2025-06-05 13:00:00,6407.306768532638,6169.5953303306915,5451.358307330355
forecast_3734,2025-06-05 14:00:00,6468.655246376764,6368.8569629561825,5462.014791502084
forecast_3735,2025-06-05 15:00:00,6500.997500894598,6389.1540267421915,5793.043299930809
forecast_3736,2025-06-05 16:00:00,7147.36130838861,7278.998976078517,6749.260754275417
forecast_3737,2025-06-05 17:00:00,8627.467632139029,8543.529162600382,9034.558997272283
forecast_3738,2025-06-05 18:00:00,10569.44396058904,10842.936745631749,11277.680503251253
forecast_3739,2025-06-05 19:00:00,13277.903288562506,13853.65864869282,14371.140792289092
forecast_3740,2025-06-05 20:00:00,14587.775264385058,16350.417390571429,16695.01255003141
forecast_3741,2025-06-05 21:00:00,16059.187669782148,17759.430796628032,17618.30179623801
forecast_3742,2025-06-05 22:00:00,18304.97080254567,18520.102665353723,17929.60588794685
forecast_3743,2025-06-05 23:00:00,19385.172010201095,18676.26653682265,18151.9399025242
forecast_3744,2025-06-06 00:00:00,19491.850511388977,18636.3795744148,18193.843379979604
forecast_3745,2025-06-06 01:00:00,19595.034155765323,18986.28967169285,18378.59735416114
forecast_3746,2025-06-06 02:00:00,19620.59424652408,18859.438210662847,18454.39235181354
forecast_3747,2025-06-06 03:00:00,20040.868626943025,18906.933963294716,18542.609037146765
forecast_3748,2025-06-06 04:00:00,19990.66134503336,18814.371265884398,18501.810950964107
forecast_3749,2025-06-06 05:00:00,20177.183196202204,18726.71653240921,18476.40425652105
forecast_3750,2025-06-06 06:00:00,19917.093654309272,18876.258074477795,18309.989643078872
forecast_3751,2025-06-06 07:00:00,18912.6441981177,18764.76519063505,17961.80731093642
forecast_3752,2025-06-06 08:00:00,17536.031564788642,18140.137387310926,17463.961208872228
forecast_3753,2025-06-06 09:00:00,14624.075176170014,16341.828564629604,15521.391025023806
forecast_3754,2025-06-06 10:00:00,13543.654872665731,15070.478975335049,14437.159470588767
forecast_3755,2025-06-06 11:00:00,13276.164252315284,15340.772400872109,14302.12134683511
forecast_3756,2025-06-06 12:00:00,13136.705086028482,14782.269608602,13657.778435088789
forecast_3757,2025-06-06 13:00:00,13458.304336258345,14635.671673030081,13286.429198805205
forecast_3758,2025-06-06 14:00:00,13604.3860797902,14915.348612035084,13425.279058935206
forecast_3759,2025-06-06 15:00:00,13965.832428175328,14559.719992093496,13368.073946863402
forecast_3760,2025-06-06 16:00:00,14190.830136487131,14702.936065850388,13573.02727932414
forecast_3761,2025-06-06 17:00:00,14318.835215402361,15294.020766389156,14309.767887001874
forecast_3762,2025-06-06 18:00:00,14760.29233391687,15993.058618381257,14937.524419742742
forecast_3763,2025-06-06 19:00:00,16514.289296803945,16338.629264928124,16815.07803412155
forecast_3764,2025-06-06 20:00:00,17224.796225275815,17378.874191380914,17392.770585707774
forecast_3765,2025-06-06 21:00:00,17994.77935058323,18288.627164385776,17729.362546484866
forecast_3766,2025-06-06 22:00:00,18753.864073535042,18406.370839922445,17667.245526761544
forecast_3767,2025-06-06 23:00:00,19260.55095499654,18272.44339977498,17759.21398091076
forecast_3768,2025-06-07 00:00:00,19249.938781316298,18024.591182851225,17998.742696895006
forecast_3769,2025-06-07 01:00:00,19497.936974827182,17824.725826725,18144.607867972627
forecast_3770,2025-06-07 02:00:00,19382.480208354435,18064.13676532497,18294.19716088845
forecast_3771,2025-06-07 03:00:00,19195.027230805677,18335.006481903507,18338.41920927857
forecast_3772,2025-06-07 04:00:00,18841.753178045932,18587.715707590753,18273.6141636458
forecast_3773,2025-06-07 05:00:00,19229.52445478998,18713.052860585543,18280.666982405593
forecast_3774,2025-06-07 06:00:00,19367.888023214076,18921.69722102881,18274.461660686393
forecast_3775,2025-06-07 07:00:00,18673.133576657965,18669.142714102894,17576.133043955
forecast_3776,2025-06-07 08:00:00,16181.224230672973,17440.377006414084,15784.416161697882
forecast_3777,2025-06-07 09:00:00,13848.299806713583,14992.79344498169,12528.102819297348
forecast_3778,2025-06-07 10:00:00,10172.732640632785,11024.376592482502,9026.947189064887
forecast_3779,2025-06-07 11:00:00,8022.7046284201115,9069.63490331776,8083.243020756148
forecast_3780,2025-06-07 12:00:00,7108.363957332491,7672.888164269243,6717.586348322879
forecast_3781,2025-06-07 13:00:00,6566.931714006738,6898.5711822977855,5544.154045423975
forecast_3782,2025-06-07 14:00:00,6058.578999445962,6665.124091805445,5120.101601415677
forecast_3783,2025-06-07 15:00:00,5842.4633152360675,6250.339760937409,5186.4279192935755
forecast_3784,2025-06-07 16:00:00,5493.341910881544,6283.290219513714,5417.078336923554
forecast_3785,2025-06-07 17:00:00,5805.441289919199,6255.25503506498,5720.595780349551
forecast_3786,2025-06-07 18:00:00,6609.788408284087,7415.422090979688,6859.678079281198
forecast_3787,2025-06-07 19:00:00,8444.08552782094,9643.295739580228,8391.556308386824
forecast_3788,2025-06-07 20:00:00,11186.486210783014,12456.253117429575,10802.451669034206
forecast_3789,2025-06-07 21:00:00,12513.633262038102,14260.014414320702,11858.143101185595
forecast_3790,2025-06-07 22:00:00,13600.191510443787,14167.9684196405,11491.154581802459
forecast_3791,2025-06-07 23:00:00,13425.642637713261,13545.56456108222,11395.497663536942
forecast_3792,2025-06-08 00:00:00,13441.468567048363,14284.995052595923,11668.808298831324
forecast_3793,2025-06-08 01:00:00,13372.200822532377,14577.711503384073,11534.452326752433
forecast_3794,2025-06-08 02:00:00,12422.8657629963,13614.57039646516,10916.693698566809
forecast_3795,2025-06-08 03:00:00,11147.977543824301,11767.977704380382,9250.41661100767
forecast_3796,2025-06-08 04:00:00,9937.282855447864,9966.287832456175,8597.095576991862
forecast_3797,2025-06-08 05:00:00,9474.39519733733,8896.11214063761,7592.867214602317
forecast_3798,2025-06-08 06:00:00,8268.41926961903,7450.06338651801,6113.505699928619
forecast_3799,2025-06-08 07:00:00,5342.65172690448,4907.694163200424,3742.7374590429627
forecast_3800,2025-06-08 08:00:00,2669.4596437293094,2165.424828112853,2465.8459036999643
forecast_3801,2025-06-08 09:00:00,1462.2944027101205,1332.2304026508157,1897.1190513853455
forecast_3802,2025-06-08 10:00:00,941.3420598763141,1042.6487118709226,1630.9182920669098
forecast_3803,2025-06-08 11:00:00,802.4651574014506,890.5098615484285,1532.8932042102326
forecast_3804,2025-06-08 12:00:00,772.736916894468,780.5913163144392,1525.0338972926586
forecast_3805,2025-06-08 13:00:00,770.5916299733418,772.0476761777204,1525.4823836207836
forecast_3806,2025-06-08 14:00:00,797.9558877858418,825.4089432675642,1528.5714949489086
forecast_3807,2025-06-08 15:00:00,795.6276424003365,838.8955155331892,1584.1327742457836
forecast_3808,2025-06-08 16:00:00,793.4926819450748,790.2993851620954,1602.3371199489086
forecast_3809,2025-06-08 17:00:00,838.5495770137773,773.4655838925642,1613.77811007973
forecast_3810,2025-06-08 18:00:00,999.003444833491,1056.085433094738,1735.2763399657388
forecast_3811,2025-06-08 19:00:00,1671.0017344892926,1611.0330913664739,1985.630623937012
forecast_3812,2025-06-08 20:00:00,2613.085708674083,2225.8244579617235,2438.6381573634976
forecast_3813,2025-06-08 21:00:00,3905.9764833417275,3695.9236357096192,3401.9658574318146
forecast_3814,2025-06-08 22:00:00,5866.3465234369105,5605.049741154999,4885.720880153441
forecast_3815,2025-06-08 23:00:00,8000.512067729129,7355.697417935572,6347.082599669818
forecast_3816,2025-06-09 00:00:00,9756.529450400805,9381.771321376542,7985.933981569862
forecast_3817,2025-06-09 01:00:00,10198.89554379871,10566.628126349002,8696.784276004946
forecast_3818,2025-06-09 02:00:00,10557.913009903335,10693.419826243087,8609.378042759237
forecast_3819,2025-06-09 03:00:00,10825.002268156662,10118.524418022376,7906.665399666404
forecast_3820,2025-06-09 04:00:00,10416.915421487858,9439.594246644574,6993.748906374347
forecast_3821,2025-06-09 05:00:00,9004.337970136874,8209.54839856763,6516.913302878494
forecast_3822,2025-06-09 06:00:00,6591.184162490455,6487.133850995482,5351.191117046921
forecast_3823,2025-06-09 07:00:00,4237.942852937122,3573.7611438249883,3684.41806718082
forecast_3824,2025-06-09 08:00:00,2025.1068490518421,1542.6947914643972,2228.1611798038143
forecast_3825,2025-06-09 09:00:00,1380.2948858893328,1231.8963744751657,1848.2135981259355
forecast_3826,2025-06-09 10:00:00,975.3272476004262,1157.869782583845,1707.41835258149
forecast_3827,2025-06-09 11:00:00,980.6959157492734,1132.7615725871933,1747.0178918208335
forecast_3828,2025-06-09 12:00:00,1061.9688551856188,1250.8729515718655,1839.8200666405664
forecast_3829,2025-06-09 13:00:00,1203.652129861922,1410.2443579034816,1952.9602224554565
forecast_3830,2025-06-09 14:00:00,1443.3024109796547,1805.0529158596798,2085.3041371571467
forecast_3831,2025-06-09 15:00:00,1947.850022860233,2314.5884428824475,2577.496084362396
forecast_3832,2025-06-09 16:00:00,2437.250007730011,3004.213513218373,2825.4446401301825
forecast_3833,2025-06-09 17:00:00,2663.7773905075533,3016.872004396836,3142.8696779351794
forecast_3834,2025-06-09 18:00:00,3339.5007619554735,3324.9337452748764,3495.03207023141
forecast_3835,2025-06-09 19:00:00,4515.976595467195,4236.868886801262,4091.069308001885
forecast_3836,2025-06-09 20:00:00,4844.047730654429,5371.47729146525,4806.28939266483
forecast_3837,2025-06-09 21:00:00,6805.192169896009,7527.210070454493,6290.27526942399
forecast_3838,2025-06-09 22:00:00,10037.940649696266,11706.057439952834,9168.250327458414
forecast_3839,2025-06-09 23:00:00,11708.945658376833,14206.65353054909,10038.678851725395
forecast_3840,2025-06-10 00:00:00,13133.94493204942,15997.160286007278,11147.024345860851
forecast_3841,2025-06-10 01:00:00,15202.848800242595,16890.327271787835,14479.939084886297
forecast_3842,2025-06-10 02:00:00,16348.486525503964,17561.565219789056,15135.588167101316
forecast_3843,2025-06-10 03:00:00,16520.22514407624,17606.39096738871,16138.091047407072
forecast_3844,2025-06-10 04:00:00,16304.270937439826,17646.09680923733,15578.456811181342
forecast_3845,2025-06-10 05:00:00,17061.441075692164,16765.966332021213,16057.46355953194
forecast_3846,2025-06-10 06:00:00,16770.96298669211,15646.03938454134,14549.50222313473
forecast_3847,2025-06-10 07:00:00,14693.665340879941,15460.793871896865,12515.459031387876
forecast_3848,2025-06-10 08:00:00,11955.180509271067,13678.194016642186,9422.456190316963
forecast_3849,2025-06-10 09:00:00,8619.803165379952,8837.514623978848,6873.927447367778
forecast_3850,2025-06-10 10:00:00,6111.9213621346735,6639.490785293889,5662.019470416358
forecast_3851,2025-06-10 11:00:00,5387.506408841902,5980.236925423887,5388.31624738989
forecast_3852,2025-06-10 12:00:00,5229.78577177387,6110.820745666214,5341.240762976524
forecast_3853,2025-06-10 13:00:00,5467.849414813349,6225.553246285495,5727.192868507995
forecast_3854,2025-06-10 14:00:00,6235.204433804492,6851.860331872815,5968.255091837651
forecast_3855,2025-06-10 15:00:00,6878.267790388391,8120.595749939543,6387.131153203146
forecast_3856,2025-06-10 16:00:00,7572.864991238149,8794.987735272753,7675.464983176345
forecast_3857,2025-06-10 17:00:00,8448.42167128762,9382.155750297774,8110.720026608797
forecast_3858,2025-06-10 18:00:00,9203.3531223223,9560.930432358338,8078.702172547318
forecast_3859,2025-06-10 19:00:00,10007.398289290042,10101.789523512987,8614.213485034348
forecast_3860,2025-06-10 20:00:00,10771.205452860904,10633.172084051723,9566.54710973992
forecast_3861,2025-06-10 21:00:00,12030.092126201562,12599.272575976169,10993.00473738779
forecast_3862,2025-06-10 22:00:00,13492.882789730531,15624.298914540124,13889.454855545338
forecast_3863,2025-06-10 23:00:00,14354.58781651027,16489.00356840906,14783.96267566819
forecast_3864,2025-06-11 00:00:00,14196.369825224758,14668.939795907232,15348.20159497755
forecast_3865,2025-06-11 01:00:00,14715.998674554774,15831.362534634649,14966.08819851683
forecast_3866,2025-06-11 02:00:00,14074.403159909949,15511.665600826387,13077.320326058434
forecast_3867,2025-06-11 03:00:00,12875.79324502982,14934.746516523983,12058.658017717971
forecast_3868,2025-06-11 04:00:00,11831.21109581701,14558.13792076528,10961.131754064936
forecast_3869,2025-06-11 05:00:00,11747.782478717321,13845.336799598068,10894.099421872994
forecast_3870,2025-06-11 06:00:00,12197.857978492579,13454.891237594884,10278.346098430902
forecast_3871,2025-06-11 07:00:00,11755.470840765642,11004.813477172009,9100.537027493127
forecast_3872,2025-06-11 08:00:00,10066.585051227878,8698.885479993907,7742.172736173783
forecast_3873,2025-06-11 09:00:00,8587.025074396239,7330.892342678804,6301.07152857576
forecast_3874,2025-06-11 10:00:00,7883.302753084462,6449.402793988248,5746.788338597574
forecast_3875,2025-06-11 11:00:00,8010.663664077522,6003.974046453328,5499.26970434308
forecast_3876,2025-06-11 12:00:00,7858.807590753076,5854.08235546638,5398.324575478277
forecast_3877,2025-06-11 13:00:00,7775.602469037654,5867.642955869718,5833.787394602225
forecast_3878,2025-06-11 14:00:00,7594.742976440079,6214.702243240244,6051.44047229213
forecast_3879,2025-06-11 15:00:00,6602.00773108778,5821.17846819527,5161.998533599108
forecast_3880,2025-06-11 16:00:00,5594.35006398464,4602.452417682945,4339.448643425405
forecast_3881,2025-06-11 17:00:00,4973.982555240793,3437.274948858595,3607.0266157000024
forecast_3882,2025-06-11 18:00:00,4105.696396124869,3351.0368145556145,3090.2172044680856
forecast_3883,2025-06-11 19:00:00,4213.7930339861305,4312.272933656013,3628.1887174310705
forecast_3884,2025-06-11 20:00:00,5604.356060853059,5291.0629734996755,4156.215550885906
forecast_3885,2025-06-11 21:00:00,6353.131000467975,6328.806541571015,4931.699362754714
forecast_3886,2025-06-11 22:00:00,7507.032515457004,7517.646722112729,5518.897545928818
forecast_3887,2025-06-11 23:00:00,8147.7918058821215,8171.479710498548,6093.703033973461
forecast_3888,2025-06-12 00:00:00,7597.919317147799,6976.880029137745,5361.8242313640385
forecast_3889,2025-06-12 01:00:00,5175.536816315129,4926.394402369589,4443.301648914836
forecast_3890,2025-06-12 02:00:00,4342.448852029857,3391.687100880223,3658.197629418011
forecast_3891,2025-06-12 03:00:00,3216.007171702206,2199.915019823019,2610.9129397334555
forecast_3892,2025-06-12 04:00:00,2102.151212657963,1652.0177751245715,2265.824130119878
forecast_3893,2025-06-12 05:00:00,1402.610829722918,1398.8919232453923,1998.382014523462
forecast_3894,2025-06-12 06:00:00,1231.9461700608656,1249.0626399786097,1832.1275084179942
forecast_3895,2025-06-12 07:00:00,1136.334091953359,1147.807118488689,1718.3315034022075
forecast_3896,2025-06-12 08:00:00,945.9084005308297,965.6734620130565,1657.5092259787189
forecast_3897,2025-06-12 09:00:00,858.042100459443,843.3765291053825,1637.2104649524201
forecast_3898,2025-06-12 10:00:00,790.9129597722119,833.0241445912466,1591.2065047145336
forecast_3899,2025-06-12 11:00:00,749.1886148366231,770.0344315488142,1617.346519362971
forecast_3900,2025-06-12 12:00:00,719.3164834889668,761.0842972714704,1584.012290847346
forecast_3901,2025-06-12 13:00:00,702.8086709889668,731.961089837795,1594.818687331721
forecast_3902,2025-06-12 14:00:00,717.2543496999043,723.58682225967,1592.9384383082836
forecast_3903,2025-06-12 15:00:00,744.4512659425677,734.6860884249977,1597.9435652614086
forecast_3904,2025-06-12 16:00:00,817.2458623142636,792.3291160626053,1629.5917586207836
forecast_3905,2025-06-12 17:00:00,931.3095917114384,881.7867964727768,1655.1860636721335
forecast_3906,2025-06-12 18:00:00,1126.729402552574,966.8190459009902,1712.6807536353467
forecast_3907,2025-06-12 19:00:00,1359.3464851387182,1387.243062119081,1800.132088403732
forecast_3908,2025-06-12 20:00:00,1282.712864083729,1478.6260655209585,1918.5890647790748
forecast_3909,2025-06-12 21:00:00,1417.119706151963,1533.0867320226707,2064.1792555416723
forecast_3910,2025-06-12 22:00:00,2178.2763661234417,2152.11960679664,2392.0705540058907
forecast_3911,2025-06-12 23:00:00,2944.6733869891204,3137.4586933089063,2746.2701939291273
forecast_3912,2025-06-13 00:00:00,3638.347734808885,3984.779157102648,3549.340734627631
forecast_3913,2025-06-13 01:00:00,4490.433554208537,5558.162499945559,4024.6771472085243
forecast_3914,2025-06-13 02:00:00,5922.690080168344,6269.019232068023,4735.8134970858955
forecast_3915,2025-06-13 03:00:00,6211.003133440504,6517.857738172637,5114.834693314549
forecast_3916,2025-06-13 04:00:00,6355.040281157987,6183.490566178471,4835.03768939587
forecast_3917,2025-06-13 05:00:00,5338.1094582610785,4360.528873382209,3767.125677668684
forecast_3918,2025-06-13 06:00:00,3443.05872433611,2321.058447755751,2826.525990009241
forecast_3919,2025-06-13 07:00:00,1746.6312924454664,1426.4013474879257,2103.6435844601215
forecast_3920,2025-06-13 08:00:00,1275.3990062486673,934.6592340289417,1752.6207548131651
forecast_3921,2025-06-13 09:00:00,886.9227581554518,796.0794002745321,1676.1390165816265
forecast_3922,2025-06-13 10:00:00,715.0074958018168,613.3580967296347,1627.0026472926586
forecast_3923,2025-06-13 11:00:00,745.745731618937,669.6394701009099,1580.3964572362663
forecast_3924,2025-06-13 12:00:00,761.6514745379334,703.7128323911779,1637.8985950515496
forecast_3925,2025-06-13 13:00:00,843.8292820019037,835.6682660454464,1806.2938937629851
forecast_3926,2025-06-13 14:00:00,1028.646315036533,1037.8359476896435,1980.665399969352
forecast_3927,2025-06-13 15:00:00,1069.8027798580542,1193.7883909888,2092.6305425918563
forecast_3928,2025-06-13 16:00:00,1140.7925512303564,1453.7990922887823,2028.002716288605
forecast_3929,2025-06-13 17:00:00,1303.393868121809,1878.1514655281014,2209.3469907531617
forecast_3930,2025-06-13 18:00:00,1494.3306038684022,1883.8989866198604,2254.532161016529
forecast_3931,2025-06-13 19:00:00,1478.0916858984028,2208.6446175298815,2196.6358748914054
forecast_3932,2025-06-13 20:00:00,1380.0460252078897,2383.9925294590785,2335.944103906645
forecast_3933,2025-06-13 21:00:00,1845.1906899651103,2744.205951224955,2446.724175184402
forecast_3934,2025-06-13 22:00:00,2940.1170126484594,3633.5609195818147,3719.392914184901
forecast_3935,2025-06-13 23:00:00,3619.9487081410534,4240.476341321787,3702.9052088961653
forecast_3936,2025-06-14 00:00:00,4557.801056179356,5769.9829083015165,4822.187299533471
forecast_3937,2025-06-14 01:00:00,7673.707671874694,8771.605060211496,7873.094460431494
forecast_3938,2025-06-14 02:00:00,9528.19951553198,11355.128204022665,8513.546234371395
forecast_3939,2025-06-14 03:00:00,9250.062300157364,11939.448846992495,7810.59162255148
forecast_3940,2025-06-14 04:00:00,8341.946852110776,10236.717848184278,5939.53377603009
forecast_3941,2025-06-14 05:00:00,6568.648744635223,6497.23028251874,3919.329552344927
forecast_3942,2025-06-14 06:00:00,3539.9542742128588,3586.216674634504,3035.183911552046
forecast_3943,2025-06-14 07:00:00,1927.3981311908285,1738.6976008188285,2064.950288298112
forecast_3944,2025-06-14 08:00:00,1493.4406526914706,1400.3197088262941,1878.1537070091176
forecast_3945,2025-06-14 09:00:00,1166.700691813393,1367.9087276387336,1848.5070792737815
forecast_3946,2025-06-14 10:00:00,1023.401019370514,1352.9642791034755,1896.153510503036
forecast_3947,2025-06-14 11:00:00,1071.9837480089045,1388.6941850159997,1955.8607145938395
forecast_3948,2025-06-14 12:00:00,1099.2255229621398,1486.0405689930683,1960.8544760902553
forecast_3949,2025-06-14 13:00:00,1089.2644539951507,1490.1118607591525,2021.8180779430375
forecast_3950,2025-06-14 14:00:00,945.7399011662058,1237.0229635574965,2042.5552912774133
forecast_3951,2025-06-14 15:00:00,915.9629099439394,1072.896921311011,1983.4054315662206
forecast_3952,2025-06-14 16:00:00,944.6877019866333,1017.8125501666552,1888.9821146997433
forecast_3953,2025-06-14 17:00:00,1027.947166320644,1120.3995132772409,1874.0833235986372
forecast_3954,2025-06-14 18:00:00,1117.8388216982203,1309.1430001759272,1862.6144536504798
forecast_3955,2025-06-14 19:00:00,1218.7361269367925,1551.7504809973452,1873.089389876281
forecast_3956,2025-06-14 20:00:00,1207.4732050129282,1679.5467091644502,1937.077922585926
forecast_3957,2025-06-14 21:00:00,1241.082556499615,1620.1310174677126,2121.5210032290397
forecast_3958,2025-06-14 22:00:00,1927.4260737591535,1797.1847140674506,2310.060718924731
forecast_3959,2025-06-14 23:00:00,2088.984656662743,1825.8662182310277,2437.848662153441
forecast_3960,2025-06-15 00:00:00,2786.5656620184654,2645.9805300638623,2890.1060430104862
forecast_3961,2025-06-15 01:00:00,4704.171105314038,3957.669699848337,5144.230703370253
forecast_3962,2025-06-15 02:00:00,5708.1000994053475,5009.596242290536,5811.276994064168
forecast_3963,2025-06-15 03:00:00,5897.667246629378,5245.407064441753,5897.150937599885
forecast_3964,2025-06-15 04:00:00,6339.810276662945,5175.185373706877,5718.815752180188
forecast_3965,2025-06-15 05:00:00,5757.66053519612,4976.080196927257,5737.190985775662
forecast_3966,2025-06-15 06:00:00,5230.190905699083,4591.924429077002,5518.491834641002
forecast_3967,2025-06-15 07:00:00,3830.039029989179,3632.048352799572,4115.913993401221
forecast_3968,2025-06-15 08:00:00,2376.3412763009,2282.569366255451,2790.7123215315396
forecast_3969,2025-06-15 09:00:00,1640.440992313862,1422.2354424271066,2198.1992704094005
forecast_3970,2025-06-15 10:00:00,1133.7217523886063,1204.0154683502606,2015.8815723392086
forecast_3971,2025-06-15 11:00:00,1110.2801081134899,1196.430520839813,2031.1716783379507
forecast_3972,2025-06-15 12:00:00,1384.0704127328286,1514.8865229251878,2349.3186403086647
forecast_3973,2025-06-15 13:00:00,1720.8098901185476,2255.49687550131,3185.7994986631634
forecast_3974,2025-06-15 14:00:00,2112.032555161589,2838.375298672928,4097.127257635219
forecast_3975,2025-06-15 15:00:00,2846.0610694255747,3383.680194864432,4530.753737610087
forecast_3976,2025-06-15 16:00:00,3394.117052826386,3843.72315777094,4942.817805913151
forecast_3977,2025-06-15 17:00:00,3610.910319571836,4165.640009365235,4930.028602362898
forecast_3978,2025-06-15 18:00:00,4297.82165534088,5332.298674322459,6124.161380683816
forecast_3979,2025-06-15 19:00:00,6107.711685245323,8240.003188840923,6777.013439321819
forecast_3980,2025-06-15 20:00:00,6632.5967760428,10427.339195217257,6101.0133955914225
forecast_3981,2025-06-15 21:00:00,7429.522729305303,10712.922053003498,7458.969559592199
forecast_3982,2025-06-15 22:00:00,9064.681220085446,12020.123478942056,8514.046276925204
forecast_3983,2025-06-15 23:00:00,10247.233304083293,14849.958705429552,9892.399892796951
forecast_3984,2025-06-16 00:00:00,10334.101290480441,14971.026485177188,11060.320335351673
forecast_3985,2025-06-16 01:00:00,10076.38000018418,14259.42323808921,9076.758977820831
forecast_3986,2025-06-16 02:00:00,9881.428540170346,12962.37219138331,8831.10171608076
forecast_3987,2025-06-16 03:00:00,10089.295754894745,13481.287308750965,9549.984957037777
forecast_3988,2025-06-16 04:00:00,9808.997930189831,13545.23815323065,8779.448826443666
forecast_3989,2025-06-16 05:00:00,9042.192196855554,12453.371843918527,8581.737429877678
forecast_3990,2025-06-16 06:00:00,8984.934831993036,12592.947438925861,8661.187903543643
forecast_3991,2025-06-16 07:00:00,9029.322322229447,14567.432065530491,7669.831938343142
forecast_3992,2025-06-16 08:00:00,8941.734665540978,14255.758368783305,7229.1888954657425
forecast_3993,2025-06-16 09:00:00,9221.705877672382,12795.494760736834,7129.876671964452
forecast_3994,2025-06-16 10:00:00,8797.220721334808,11036.880877252199,7639.1818566078
forecast_3995,2025-06-16 11:00:00,9521.98312928187,11173.064879685713,8873.391860484
forecast_3996,2025-06-16 12:00:00,10055.323915986224,11625.51286130878,8278.151064400088
forecast_3997,2025-06-16 13:00:00,9069.053221232156,10029.934751295703,8605.537977796801
forecast_3998,2025-06-16 14:00:00,9246.222137771361,10829.773705041649,9289.897683733012
forecast_3999,2025-06-16 15:00:00,9811.978771622908,11966.891878045326,10554.881962441907
forecast_4000,2025-06-16 16:00:00,10000.231649439127,13134.078027024767,11569.794273061365
forecast_4001,2025-06-16 17:00:00,11575.967770882778,13527.819737194412,11681.838141611357
forecast_4002,2025-06-16 18:00:00,12333.447060514076,13436.360602135626,11505.640596704583
forecast_4003,2025-06-16 19:00:00,12421.766969767245,12909.639825413977,11652.417002351815
forecast_4004,2025-06-16 20:00:00,13046.480360876925,13493.52099733649,12807.226898538349
forecast_4005,2025-06-16 21:00:00,13122.164878528636,14905.557281919999,13137.447682692293
forecast_4006,2025-06-16 22:00:00,16222.825245792923,16808.571077591587,14829.06817624721
forecast_4007,2025-06-16 23:00:00,17033.516590403713,17747.01836397061,15749.214487735482
forecast_4008,2025-06-17 00:00:00,17294.2512328137,17810.434522094256,16806.530838875347
forecast_4009,2025-06-17 01:00:00,17066.415168844687,17730.411813598028,16617.647123923238
forecast_4010,2025-06-17 02:00:00,17450.511383654368,17910.95850542091,17045.664243656247
forecast_4011,2025-06-17 03:00:00,17344.92988349705,18593.29048779168,17006.839336453013
forecast_4012,2025-06-17 04:00:00,17134.151071505265,18786.831245532238,16425.615018303215
forecast_4013,2025-06-17 05:00:00,16976.018086584947,18451.605810856607,16387.542924866837
forecast_4014,2025-06-17 06:00:00,16095.80236160951,17995.305056615034,16053.024196623193
forecast_4015,2025-06-17 07:00:00,14254.432706820551,17027.54079956097,14022.007354537845
forecast_4016,2025-06-17 08:00:00,12863.527513736963,15197.174034860522,12502.543963958644
forecast_4017,2025-06-17 09:00:00,11840.534097781556,13744.802502806664,12718.955203269192
forecast_4018,2025-06-17 10:00:00,10523.398508764738,11303.521464130687,11029.683758593274
forecast_4019,2025-06-17 11:00:00,9757.254758282254,10708.690386243603,9907.009704403028
forecast_4020,2025-06-17 12:00:00,9418.539959489204,10805.615507273085,9821.812617708845
forecast_4021,2025-06-17 13:00:00,9170.295937284749,10831.259621972282,9420.718394586915
forecast_4022,2025-06-17 14:00:00,8784.501649265389,10319.524347145221,8809.160465746703
forecast_4023,2025-06-17 15:00:00,8244.305512350818,9309.79136219534,8481.287911450348
forecast_4024,2025-06-17 16:00:00,7997.709429181131,9258.606383262962,8420.180383747418
forecast_4025,2025-06-17 17:00:00,7351.014416891305,8180.27812684774,7312.249996699794
forecast_4026,2025-06-17 18:00:00,6639.551318045429,6922.010050089175,6604.140136557676
forecast_4027,2025-06-17 19:00:00,5500.747589972629,6691.8184479002575,6149.333803962015
forecast_4028,2025-06-17 20:00:00,5866.68347512594,7022.20242455063,5577.365575346848
forecast_4029,2025-06-17 21:00:00,6583.427535334664,7682.677239980094,5787.8125026499
forecast_4030,2025-06-17 22:00:00,8102.9331039170775,9953.628744737183,6229.355808479711
forecast_4031,2025-06-17 23:00:00,9087.238891199984,11133.52447761394,6822.86646584683
forecast_4032,2025-06-18 00:00:00,8991.855342509458,11207.728073108272,6902.444906788236
forecast_4033,2025-06-18 01:00:00,10504.756538594283,11715.190722924595,7121.43976806568
forecast_4034,2025-06-18 02:00:00,11220.726039393228,11968.710406239117,7276.460260684411
forecast_4035,2025-06-18 03:00:00,11411.147184706084,12275.313713408077,8049.895859973723
forecast_4036,2025-06-18 04:00:00,11731.454565070359,13497.642608824486,8366.463743942262
forecast_4037,2025-06-18 05:00:00,12058.581912470365,14309.260035329804,8614.470387518435
forecast_4038,2025-06-18 06:00:00,12327.298121191227,14247.878499257102,8598.541854602143
forecast_4039,2025-06-18 07:00:00,10393.920198183265,12774.404212265312,7876.888960585641
forecast_4040,2025-06-18 08:00:00,8195.865585362699,9338.107660924672,7245.588150462166
forecast_4041,2025-06-18 09:00:00,7503.386991079375,7835.2162071501625,5770.757141090202
forecast_4042,2025-06-18 10:00:00,6280.444150538538,6169.652007906197,4754.587720109607
forecast_4043,2025-06-18 11:00:00,5344.871515693765,4824.731045811031,3937.6364850261493
forecast_4044,2025-06-18 12:00:00,4755.878415737548,4345.356353161257,3513.608404585728
forecast_4045,2025-06-18 13:00:00,4590.722754481431,4023.7356362761025,3337.8482742927445
forecast_4046,2025-06-18 14:00:00,4333.336701317247,3848.814033690859,3397.8227732863943
forecast_4047,2025-06-18 15:00:00,4768.466386166743,3793.3270943534812,3601.595808794602
forecast_4048,2025-06-18 16:00:00,4952.976623016157,3863.061096268373,3673.98226143645
forecast_4049,2025-06-18 17:00:00,5422.659239750608,3976.3708288735806,4570.95561516083
forecast_4050,2025-06-18 18:00:00,5399.989434757012,4709.5573868451775,5136.7231853351
forecast_4051,2025-06-18 19:00:00,6402.2816362646145,6650.07561780745,6061.9888691937285
forecast_4052,2025-06-18 20:00:00,7739.678607618961,8238.847300352832,7680.125724677658
forecast_4053,2025-06-18 21:00:00,9215.696232203107,10188.221980470411,8702.941100346428
forecast_4054,2025-06-18 22:00:00,11821.335431100944,13004.443708767867,10711.562620655772
forecast_4055,2025-06-18 23:00:00,12909.844574499224,13900.515439669643,11761.579795746042
forecast_4056,2025-06-19 00:00:00,13454.21509114919,14640.8555823482,12198.760904350707
forecast_4057,2025-06-19 01:00:00,13728.8417769435,15309.099829324627,12509.953103967477
forecast_4058,2025-06-19 02:00:00,13514.168179763336,14592.089464445451,12300.645144724127
forecast_4059,2025-06-19 03:00:00,13647.782796236685,14178.31795338949,11878.749809803152
forecast_4060,2025-06-19 04:00:00,13962.580097976443,13467.078711722486,11127.669872414408
forecast_4061,2025-06-19 05:00:00,13278.891913599256,13025.54812296543,10129.491751399968
forecast_4062,2025-06-19 06:00:00,11225.63089907845,11266.470135067519,8464.127582726778
forecast_4063,2025-06-19 07:00:00,9117.786996955441,8719.616032416146,6411.299378347494
forecast_4064,2025-06-19 08:00:00,6305.859076456917,5268.30648348003,3875.9405192100694
forecast_4065,2025-06-19 09:00:00,3459.2328968030024,1922.2047372542752,2479.2058235658246
forecast_4066,2025-06-19 10:00:00,1297.3796064731587,895.4457103396999,1917.2261270864049
forecast_4067,2025-06-19 11:00:00,904.1946583508851,676.9426590072585,1628.9116890694024
forecast_4068,2025-06-19 12:00:00,609.2567910504431,630.9874169847541,1541.4323704137469
forecast_4069,2025-06-19 13:00:00,578.2883281075931,634.0990677792829,1521.0191042141603
forecast_4070,2025-06-19 14:00:00,582.6617883020925,698.9320023131269,1527.5024257256398
forecast_4071,2025-06-19 15:00:00,686.9720798200387,1006.4545959122569,1577.8790293917173
forecast_4072,2025-06-19 16:00:00,1079.5845942645392,1313.9964056931647,1822.8003662624162
forecast_4073,2025-06-19 17:00:00,1711.7876422264003,1928.3134362230703,2254.161445049418
forecast_4074,2025-06-19 18:00:00,2535.3898361707415,3077.4895151254286,2833.665378689392
forecast_4075,2025-06-19 19:00:00,3472.302923385131,3676.9207384518086,3538.784868974651
forecast_4076,2025-06-19 20:00:00,4294.234513242667,4938.987846924653,3978.685508329789
forecast_4077,2025-06-19 21:00:00,5421.551981451303,6273.709234031193,5063.684692534225
forecast_4078,2025-06-19 22:00:00,7424.1750565094,8424.727850222462,6830.30394570869
forecast_4079,2025-06-19 23:00:00,8982.77093300987,10110.407148067894,7552.585208172279
forecast_4080,2025-06-20 00:00:00,10481.454280576247,12058.672940304868,7785.3190442756795
forecast_4081,2025-06-20 01:00:00,10571.917749395954,13675.483460815147,8658.035371941602
forecast_4082,2025-06-20 02:00:00,11465.066085869941,14306.843417960741,9323.303608611333
forecast_4083,2025-06-20 03:00:00,11438.643146606544,14740.125086767526,10125.089304121197
forecast_4084,2025-06-20 04:00:00,12124.037830292109,14680.30647302273,11405.667461481982
forecast_4085,2025-06-20 05:00:00,12801.196300869897,14808.228567881662,11146.547261590213
forecast_4086,2025-06-20 06:00:00,11551.808766019058,14465.378024645384,10346.993008714295
forecast_4087,2025-06-20 07:00:00,11058.434170869961,14441.899265449038,9607.072358705635
forecast_4088,2025-06-20 08:00:00,10658.362238395093,14513.546458766525,10211.486091406634
forecast_4089,2025-06-20 09:00:00,10027.683230398641,14602.70840690115,10231.354736931555
forecast_4090,2025-06-20 10:00:00,9279.684777371593,13022.139619126618,10469.563663326622
forecast_4091,2025-06-20 11:00:00,9897.110025977307,14853.000258284554,11785.43435248136
forecast_4092,2025-06-20 12:00:00,11080.61480706652,15763.057429326647,13266.031389722768
forecast_4093,2025-06-20 13:00:00,13260.236288780226,16804.760489062537,14779.996580557743
forecast_4094,2025-06-20 14:00:00,13373.41420605816,17657.364582825125,15773.400437165914
forecast_4095,2025-06-20 15:00:00,14145.731491188042,17828.88705976944,16997.61945521872
forecast_4096,2025-06-20 16:00:00,15675.501744256248,18119.051579339557,17564.4530366541
forecast_4097,2025-06-20 17:00:00,17063.492250876814,18084.135636793704,18192.968675175394
forecast_4098,2025-06-20 18:00:00,17248.986137105167,18257.87623540643,18597.209443426153
forecast_4099,2025-06-20 19:00:00,17982.78412190177,18405.513150729617,19155.997001255426
forecast_4100,2025-06-20 20:00:00,18254.790479459713,18341.711119657844,19291.119392749228
forecast_4101,2025-06-20 21:00:00,18180.833420575706,18241.84317049823,19242.46368678864
forecast_4102,2025-06-20 22:00:00,18352.328533112894,18398.99235593269,19246.18581481214
forecast_4103,2025-06-20 23:00:00,18269.046914013423,18519.799298028986,19010.119131066764
forecast_4104,2025-06-21 00:00:00,17903.196687831976,18563.292272723458,18775.495011857893
forecast_4105,2025-06-21 01:00:00,17686.172717092522,18103.713823595783,18675.13842182595
forecast_4106,2025-06-21 02:00:00,17491.53115697199,17757.760292475665,18372.7807327873
forecast_4107,2025-06-21 03:00:00,16927.123591923162,17537.686842361323,17940.55408225773
forecast_4108,2025-06-21 04:00:00,15419.800445601612,17340.6692267943,15378.246103894966
forecast_4109,2025-06-21 05:00:00,15374.093274032488,17102.712288070543,15638.283601064806
forecast_4110,2025-06-21 06:00:00,14812.798389337415,15950.590549452294,14498.338470780069
forecast_4111,2025-06-21 07:00:00,14430.141178938271,15083.150485502416,14864.48059269869
forecast_4112,2025-06-21 08:00:00,13668.94858583146,14865.123185094017,14660.471585040372
forecast_4113,2025-06-21 09:00:00,12212.2221367846,12828.679277088397,13786.06421678086
forecast_4114,2025-06-21 10:00:00,9874.882700250886,8960.187813120141,9646.626394430077
forecast_4115,2025-06-21 11:00:00,9242.142415333807,8207.761047691361,9244.537495337312
forecast_4116,2025-06-21 12:00:00,8670.354970060525,8589.650477556534,9440.631599805483
forecast_4117,2025-06-21 13:00:00,8648.089544664208,8667.593260140296,8055.909181357574
forecast_4118,2025-06-21 14:00:00,8549.432176975411,8324.914725148199,8177.080332920021
forecast_4119,2025-06-21 15:00:00,8142.022658797188,7643.221899041797,8405.809644318746
forecast_4120,2025-06-21 16:00:00,8871.520825952854,10734.942232913514,8672.17058342622
forecast_4121,2025-06-21 17:00:00,9879.315840713667,12568.039051257543,10325.244173108975
forecast_4122,2025-06-21 18:00:00,9670.885704102813,12669.894408742975,9905.556681048303
forecast_4123,2025-06-21 19:00:00,9661.144740362288,12628.799625490064,9279.472478975818
forecast_4124,2025-06-21 20:00:00,11393.288195790024,13864.96814826818,11725.566404310832
forecast_4125,2025-06-21 21:00:00,12766.488059690526,15022.976747769228,11190.77074564424
forecast_4126,2025-06-21 22:00:00,12887.075457517356,14806.478608765738,11247.901475806611
forecast_4127,2025-06-21 23:00:00,13663.518957799264,14246.305453962836,11373.000847303312
forecast_4128,2025-06-22 00:00:00,14102.629830605323,14559.500045422184,12526.967678322644
forecast_4129,2025-06-22 01:00:00,13675.076046022483,14547.675618522064,11315.808985873417
forecast_4130,2025-06-22 02:00:00,14290.71133318066,14784.52259086837,11205.889922363607
forecast_4131,2025-06-22 03:00:00,12869.096531120053,14829.85245962559,10173.620432464264
forecast_4132,2025-06-22 04:00:00,11559.650445272462,13296.152389473404,8967.066933121372
forecast_4133,2025-06-22 05:00:00,10910.08080858782,11126.049298099486,8505.90086258695
forecast_4134,2025-06-22 06:00:00,10372.29419004752,10042.148687202403,8083.846412314832
forecast_4135,2025-06-22 07:00:00,10035.826177676761,10475.962147665225,7667.698695197969
forecast_4136,2025-06-22 08:00:00,9290.047157907553,9836.704630991419,6640.584939128189
forecast_4137,2025-06-22 09:00:00,7592.005290330796,7815.979482011833,5464.4528450649
forecast_4138,2025-06-22 10:00:00,5911.4493474104365,5682.064538051039,4475.259713263957
forecast_4139,2025-06-22 11:00:00,5776.672080788203,4284.662765656223,3843.8725015441805
forecast_4140,2025-06-22 12:00:00,5450.219978345689,4175.608962097538,3573.142461086186
forecast_4141,2025-06-22 13:00:00,4703.348220702328,3682.147003728055,3677.47733038237
forecast_4142,2025-06-22 14:00:00,4253.540174738446,3210.41949888106,3349.1322080179634
forecast_4143,2025-06-22 15:00:00,4195.678876343175,3234.811530282245,3254.245900559661
forecast_4144,2025-06-22 16:00:00,4289.979526603706,3363.204170332509,3295.046894025607
forecast_4145,2025-06-22 17:00:00,4544.684231655188,3728.7053118589165,3585.842424639265
forecast_4146,2025-06-22 18:00:00,5769.1430423087895,4538.995444030106,4187.587622129562
forecast_4147,2025-06-22 19:00:00,6504.310181326434,4770.997290665218,4383.961656345098
forecast_4148,2025-06-22 20:00:00,6493.061332782971,5053.030271850348,4470.36587962838
forecast_4149,2025-06-22 21:00:00,6763.489617078349,5320.77552901106,4682.041709805571
forecast_4150,2025-06-22 22:00:00,7113.5023580867755,6004.954517065589,5086.754562015518
forecast_4151,2025-06-22 23:00:00,7238.611888368737,5608.465184387543,4985.971221039265
forecast_4152,2025-06-23 00:00:00,5936.953959328269,4430.30082060883,4668.847780323991
forecast_4153,2025-06-23 01:00:00,4660.7169454103,3698.164307806372,4176.513673492381
forecast_4154,2025-06-23 02:00:00,3778.6844412422674,3140.4674064646533,3840.503999924979
forecast_4155,2025-06-23 03:00:00,3663.3495582509095,2408.5721736724527,3395.765378642941
forecast_4156,2025-06-23 04:00:00,3108.480049298634,2240.042597894272,2935.6539470484404
forecast_4157,2025-06-23 05:00:00,2468.85407624688,1778.044774217763,2490.1385553003197
forecast_4158,2025-06-23 06:00:00,1765.2969744668153,1567.3607712763924,2200.109985115973
forecast_4159,2025-06-23 07:00:00,1382.769085646689,1294.891438194041,1862.6654552679452
forecast_4160,2025-06-23 08:00:00,1029.8997085282767,1075.9297483080934,1654.9412253615048
forecast_4161,2025-06-23 09:00:00,875.4089096650538,947.5624644938567,1620.6897665969882
forecast_4162,2025-06-23 10:00:00,797.6268140361499,924.9017289282035,1626.8949928412972
forecast_4163,2025-06-23 11:00:00,795.9816457040713,919.2455598946008,1626.3384047644192
forecast_4164,2025-06-23 12:00:00,816.351463790573,957.8591402023076,1654.5719228828002
forecast_4165,2025-06-23 13:00:00,825.0952530508696,965.724189277881,1681.6994039637516
forecast_4166,2025-06-23 14:00:00,915.141376702311,991.6496816270393,1674.1821334972096
forecast_4167,2025-06-23 15:00:00,873.5588778333491,927.1900182732976,1635.8030564679088
forecast_4168,2025-06-23 16:00:00,909.7383713576959,885.3625160947624,1650.9271666350726
forecast_4169,2025-06-23 17:00:00,897.3524514258388,847.5159630172567,1654.4198936187063
forecast_4170,2025-06-23 18:00:00,923.6252042047797,876.423245214126,1660.142821085297
forecast_4171,2025-06-23 19:00:00,995.9742800038116,845.8383227394265,1656.927085769221
forecast_4172,2025-06-23 20:00:00,1019.1071446409865,910.2387743995828,1692.9687117457836
forecast_4173,2025-06-23 21:00:00,1004.0917192826597,984.6517698451839,1729.284019362971
forecast_4174,2025-06-23 22:00:00,1081.2078840845388,988.0643539809536,1731.2245711207836
forecast_4175,2025-06-23 23:00:00,1088.4304333757786,1053.7480854909547,1752.086509597346
forecast_4176,2025-06-24 00:00:00,980.0630864767996,1003.7920744282128,1769.3898543239086
forecast_4177,2025-06-24 01:00:00,930.1066097102789,995.3897444753305,1751.9362765140181
forecast_4178,2025-06-24 02:00:00,1095.700128393605,1107.0967376804574,1767.5169192297997
forecast_4179,2025-06-24 03:00:00,1204.0794149633869,1261.8938808552994,1771.5304665867163
forecast_4180,2025-06-24 04:00:00,1395.8059181029198,1570.3143698697982,1788.6687737756306
forecast_4181,2025-06-24 05:00:00,1553.8383307932913,1651.7494668158079,1832.8200987146663
forecast_4182,2025-06-24 06:00:00,1910.2056509953236,1981.1897400524108,1899.0591092268726
forecast_4183,2025-06-24 07:00:00,2441.7505387131596,2765.1523172843804,1962.4932422640293
forecast_4184,2025-06-24 08:00:00,2861.2409577445032,3245.303799489328,2008.1308199863315
forecast_4185,2025-06-24 09:00:00,2689.1134562978464,3124.017496924853,2082.1222965200745
forecast_4186,2025-06-24 10:00:00,2256.3409565336333,2854.9177701470658,2150.038689720186
forecast_4187,2025-06-24 11:00:00,1976.9300067637348,2679.6118567923268,2179.529940508336
forecast_4188,2025-06-24 12:00:00,2043.2405098190216,2793.598879092145,2469.690891125092
forecast_4189,2025-06-24 13:00:00,2041.8698332731424,2762.868928925427,2287.8300043703616
forecast_4190,2025-06-24 14:00:00,2072.710711535484,2769.169681065248,2455.4533417048488
forecast_4191,2025-06-24 15:00:00,2119.754901074106,2788.9171222960276,2245.4658961286623
forecast_4192,2025-06-24 16:00:00,2307.5909394594864,3065.4318485779977,2149.8706652800965
forecast_4193,2025-06-24 17:00:00,2566.5053144011545,3341.6166004327183,2112.2886447644305
forecast_4194,2025-06-24 18:00:00,3118.6013822931827,4352.338289414154,2187.8653334097135
forecast_4195,2025-06-24 19:00:00,3910.2832659818496,5159.297391337304,2264.9971217639422
forecast_4196,2025-06-24 20:00:00,4757.022525047445,6367.446645767029,2641.7376114119097
forecast_4197,2025-06-24 21:00:00,4512.298787940939,6240.088592545446,2770.3103228862897
forecast_4198,2025-06-24 22:00:00,5036.075059437875,6524.96315640375,2884.1860671353857
forecast_4199,2025-06-24 23:00:00,5099.442230663533,6443.064034935741,2620.5610149146105
forecast_4200,2025-06-25 00:00:00,4767.90689212005,5813.655718223346,2460.498846984343
forecast_4201,2025-06-25 01:00:00,4745.830924664613,4918.798524964241,2431.744572791632
forecast_4202,2025-06-25 02:00:00,3867.983642518815,3608.9012701061365,2727.760493038382
forecast_4203,2025-06-25 03:00:00,3389.1382805641,3312.981054342509,2707.6642394157366
forecast_4204,2025-06-25 04:00:00,4677.071462986101,3210.399459899879,2745.977974683638
forecast_4205,2025-06-25 05:00:00,3506.857017047069,3076.2961748657435,2372.2411095368016
forecast_4206,2025-06-25 06:00:00,3410.7587518646656,2884.3328313010425,2370.9230493530367
forecast_4207,2025-06-25 07:00:00,2878.9120734242956,2731.8547819556834,2298.41248870057
forecast_4208,2025-06-25 08:00:00,2441.271884657407,2691.482727073816,2248.064596675045
forecast_4209,2025-06-25 09:00:00,1956.4860631053825,2513.2854531177827,2242.854982225159
forecast_4210,2025-06-25 10:00:00,1688.1293053792963,2255.004781702367,2193.646219411199
forecast_4211,2025-06-25 11:00:00,1698.5142579502785,2291.1572215676224,2151.963522901837
forecast_4212,2025-06-25 12:00:00,1512.6998579730998,1787.8996481053612,2093.3853667551443
forecast_4213,2025-06-25 13:00:00,1312.2048266612403,1631.6432464404681,2018.0446203762474
forecast_4214,2025-06-25 14:00:00,1223.757033701872,1313.1557247094167,1959.3703163529651
forecast_4215,2025-06-25 15:00:00,1168.697627310884,1281.9004495090621,1936.3408458288734
forecast_4216,2025-06-25 16:00:00,1138.8001977566564,1113.0535796760705,1892.1961928677051
forecast_4217,2025-06-25 17:00:00,1107.439626868854,1025.1120107265863,1899.8551081730966
forecast_4218,2025-06-25 18:00:00,1251.0700011490121,1278.7259985154558,1886.3810498545563
forecast_4219,2025-06-25 19:00:00,1740.4569725139304,1809.753380635735,2077.7037441475063
forecast_4220,2025-06-25 20:00:00,2718.4577453391994,2716.6560598606884,2579.3761885977906
forecast_4221,2025-06-25 21:00:00,3661.998038007689,3769.1858862593112,3296.4748505621906
forecast_4222,2025-06-25 22:00:00,5858.182057826728,5334.539861143797,4838.023898953551
forecast_4223,2025-06-25 23:00:00,7094.043964383916,6730.557880053465,6490.459502263769
forecast_4224,2025-06-26 00:00:00,8255.935487599145,8823.680715818453,8004.313521899743
forecast_4225,2025-06-26 01:00:00,9128.817466580991,10345.048098348641,8512.436672823404
forecast_4226,2025-06-26 02:00:00,10192.377476757334,12337.479057960983,10192.797412757656
forecast_4227,2025-06-26 03:00:00,10667.478799357097,13237.426313773203,11859.066516019557
forecast_4228,2025-06-26 04:00:00,11339.635677938666,13778.387794194123,11801.308456456612
forecast_4229,2025-06-26 05:00:00,11674.239064489528,13718.518267412775,12308.430217153222
forecast_4230,2025-06-26 06:00:00,11776.517565441814,13351.860548377224,12375.920561665655
forecast_4231,2025-06-26 07:00:00,11298.805039278313,13260.571282238247,12019.765300204766
forecast_4232,2025-06-26 08:00:00,10921.412001651706,12993.32221617674,10919.029507287687
forecast_4233,2025-06-26 09:00:00,9972.821739083307,12197.090071945166,10040.213678854609
forecast_4234,2025-06-26 10:00:00,8152.995132320037,9166.961585454344,9485.886714915645
forecast_4235,2025-06-26 11:00:00,7198.755452820441,7883.732936710718,8266.722528382521
forecast_4236,2025-06-26 12:00:00,6701.6840282419125,7479.833222209781,7268.1686222191065
forecast_4237,2025-06-26 13:00:00,6350.486833209793,7034.441352503825,6975.728524431805
forecast_4238,2025-06-26 14:00:00,6356.208422041993,6147.34700783123,6579.510821384797
forecast_4239,2025-06-26 15:00:00,6380.5054097993625,6008.912697780147,7090.878058269638
forecast_4240,2025-06-26 16:00:00,6409.069008246694,5797.300828598887,6385.980169131786
forecast_4241,2025-06-26 17:00:00,6290.36077944609,4878.290868112448,5890.330959874229
forecast_4242,2025-06-26 18:00:00,6300.289148583933,4791.977759709625,5967.260628842796
forecast_4243,2025-06-26 19:00:00,6121.546648864698,5036.405001728208,5703.194273825935
forecast_4244,2025-06-26 20:00:00,6816.710720499186,6292.899348689478,5824.213914239715
forecast_4245,2025-06-26 21:00:00,7470.6606335514,7361.6225288696005,6605.390059337151
forecast_4246,2025-06-26 22:00:00,7588.715356279228,7672.94700785544,6776.026921680002
forecast_4247,2025-06-26 23:00:00,7248.666402950029,7182.629544830121,5930.946816039766
forecast_4248,2025-06-27 00:00:00,6595.310089824215,6180.883458782236,5283.3978681670305
forecast_4249,2025-06-27 01:00:00,4748.603236122686,5269.224220867879,4743.0482667622555
forecast_4250,2025-06-27 02:00:00,4324.6900431755785,4114.314485861696,4566.744833665864
forecast_4251,2025-06-27 03:00:00,4223.604671698189,3525.865108221489,4466.620059603
forecast_4252,2025-06-27 04:00:00,4405.356011843187,3251.6381055537017,4526.363655626432
forecast_4253,2025-06-27 05:00:00,4034.574051668331,2890.928901197138,3988.8453617386813
forecast_4254,2025-06-27 06:00:00,3459.829383628584,2663.8242748249254,3231.165551679653
forecast_4255,2025-06-27 07:00:00,2640.536939421757,1781.1974210279727,2474.428901626887
forecast_4256,2025-06-27 08:00:00,1605.969846946411,1165.6902272387251,2038.8351955354244
forecast_4257,2025-06-27 09:00:00,1070.801187141024,959.6801291722394,1746.523754596003
forecast_4258,2025-06-27 10:00:00,825.2498704193979,855.2652387936115,1615.593431546492
forecast_4259,2025-06-27 11:00:00,733.7678797995097,762.8959411568736,1551.4823823084575
forecast_4260,2025-06-27 12:00:00,719.9652440844894,757.1328843419503,1615.2307414065085
forecast_4261,2025-06-27 13:00:00,790.2153500113037,826.0741077029668,1728.453622439987
forecast_4262,2025-06-27 14:00:00,885.7984480095357,840.1879144382476,1755.4508467687945
forecast_4263,2025-06-27 15:00:00,1013.5461218710158,806.2270137510136,1782.65649334096
forecast_4264,2025-06-27 16:00:00,869.6755207978002,731.4501862469344,1707.22273875377
forecast_4265,2025-06-27 17:00:00,835.6809644955117,713.9373973828539,1659.5958409289826
forecast_4266,2025-06-27 18:00:00,911.2919125248562,813.1317938158783,1662.7569164261108
forecast_4267,2025-06-27 19:00:00,1306.0916721078015,1121.8315478121553,1770.9889747732907
forecast_4268,2025-06-27 20:00:00,1742.1245384991046,2023.156180563905,2222.5420574718532
forecast_4269,2025-06-27 21:00:00,3556.8396128590257,3898.730130394464,3418.9024053136172
forecast_4270,2025-06-27 22:00:00,5658.757076945414,6164.628942647387,4807.8904390916305
forecast_4271,2025-06-27 23:00:00,7020.787670502948,7274.4166825039,5675.976500917704
forecast_4272,2025-06-28 00:00:00,7368.956707417396,8243.222449504336,6275.185212166578
forecast_4273,2025-06-28 01:00:00,8897.857489591222,8669.390774650987,7384.1109079252665
forecast_4274,2025-06-28 02:00:00,9923.336611424389,9807.14863882806,8532.844713930954
forecast_4275,2025-06-28 03:00:00,10323.807945738745,10360.912185254892,8631.346145626832
forecast_4276,2025-06-28 04:00:00,10624.563149864844,11759.122716563852,8750.621610419399
forecast_4277,2025-06-28 05:00:00,10807.292718704746,11856.692973856148,8370.162012382918
forecast_4278,2025-06-28 06:00:00,10267.859434646707,11733.973473203225,7974.641932814934
forecast_4279,2025-06-28 07:00:00,9405.32755033211,11160.297096884035,8094.211415947362
forecast_4280,2025-06-28 08:00:00,8862.503744602109,11034.851037072738,6773.292798933086
forecast_4281,2025-06-28 09:00:00,7786.25832112497,8271.330857378249,4757.200601501076
forecast_4282,2025-06-28 10:00:00,5715.748756638342,5980.220884031086,3178.11191319324
forecast_4283,2025-06-28 11:00:00,3259.7586971932724,3193.8595787270447,2198.300326226896
forecast_4284,2025-06-28 12:00:00,1593.2655725425134,1275.0230126650663,1834.8716539483335
forecast_4285,2025-06-28 13:00:00,1385.4455219651923,1109.9556819835334,1807.337574748121
forecast_4286,2025-06-28 14:00:00,1467.380668385077,1359.3301184554932,2049.972848551558
forecast_4287,2025-06-28 15:00:00,1587.1485429974314,1642.102508882088,2474.4270134523777
forecast_4288,2025-06-28 16:00:00,1807.6448469733455,2306.4939663995683,2712.0958381343253
forecast_4289,2025-06-28 17:00:00,2733.161494032952,3102.4973494129604,3642.405083084084
forecast_4290,2025-06-28 18:00:00,3426.259417960161,3489.3472598365047,3913.0036207860658
forecast_4291,2025-06-28 19:00:00,4481.815344055818,4933.319542998008,4653.964866142181
forecast_4292,2025-06-28 20:00:00,5980.7678359711035,6436.043804767201,5979.862840814793
forecast_4293,2025-06-28 21:00:00,7242.684683792737,8026.58813565082,6812.485335745641
forecast_4294,2025-06-28 22:00:00,10512.336660356137,11151.359647272098,7188.460968622133
forecast_4295,2025-06-28 23:00:00,11285.447949336663,11933.355541290717,7875.010864387875
forecast_4296,2025-06-29 00:00:00,11728.667718469998,12529.574356572348,8095.328950903693
forecast_4297,2025-06-29 01:00:00,11474.413264600982,11630.220187783294,8734.908273869965
forecast_4298,2025-06-29 02:00:00,11654.12933339796,12755.465755492824,9157.74040429008
forecast_4299,2025-06-29 03:00:00,11987.699173369807,13479.310406285787,9412.256412381426
forecast_4300,2025-06-29 04:00:00,12233.779073306247,13154.694775554297,11088.578538442533
forecast_4301,2025-06-29 05:00:00,11986.288724960114,12540.239071285352,11231.632715549298
forecast_4302,2025-06-29 06:00:00,12401.079526563404,12288.191303654603,10999.331437606608
forecast_4303,2025-06-29 07:00:00,11460.789795458979,11638.782659438173,10047.197636923727
forecast_4304,2025-06-29 08:00:00,10185.145611607724,10350.659320517585,9225.756971318366
forecast_4305,2025-06-29 09:00:00,8172.660799670008,8410.722822323376,6969.884831294893
forecast_4306,2025-06-29 10:00:00,6246.810798944243,6569.943375268637,5769.959647740196
forecast_4307,2025-06-29 11:00:00,5447.18026712993,4655.157308837395,4865.276156644368
forecast_4308,2025-06-29 12:00:00,4658.74200468196,3746.455208752956,4080.884312208837
forecast_4309,2025-06-29 13:00:00,4210.380722862314,3297.9956256127125,3697.9828520632122
forecast_4310,2025-06-29 14:00:00,3817.390764963145,3270.787871443886,3594.967325803429
forecast_4311,2025-06-29 15:00:00,3610.8818519313363,3232.700428626301,3711.174384607049
forecast_4312,2025-06-29 16:00:00,3672.006552047488,3469.2109250098656,4107.078182797829
forecast_4313,2025-06-29 17:00:00,4265.623302722909,3924.5918773305675,4506.115723259399
forecast_4314,2025-06-29 18:00:00,4453.816929459054,4223.099407654334,5033.580478248623
forecast_4315,2025-06-29 19:00:00,5792.027822205007,5436.778368035275,5894.2130615987135
forecast_4316,2025-06-29 20:00:00,7683.961115972486,7687.71803692878,6567.423213227625
forecast_4317,2025-06-29 21:00:00,8941.814887630226,9584.437742628235,7027.640202767257
forecast_4318,2025-06-29 22:00:00,12047.929618874678,12599.764779304758,8544.247112434961
forecast_4319,2025-06-29 23:00:00,12863.63169267945,13036.564453065981,9554.306010452408
forecast_4320,2025-06-30 00:00:00,12167.522826924202,13124.826724082379,8791.43443558106
forecast_4321,2025-06-30 01:00:00,11901.999219607433,12970.21894299949,8585.024626607577
forecast_4322,2025-06-30 02:00:00,12030.161372915058,13704.335562151682,9232.731240948306
forecast_4323,2025-06-30 03:00:00,12078.745042804148,13869.071999886133,8784.648789260893
forecast_4324,2025-06-30 04:00:00,12242.064701608657,12746.882055249514,8366.665260995247
forecast_4325,2025-06-30 05:00:00,12366.726376067789,11615.127840332372,8360.33834812407
forecast_4326,2025-06-30 06:00:00,12068.33106144276,11303.429361971865,8309.11493505836
forecast_4327,2025-06-30 07:00:00,12062.308401610706,11250.471871876285,8098.1913557542775
forecast_4328,2025-06-30 08:00:00,10354.412150663991,9199.910424278474,6032.127858432987
forecast_4329,2025-06-30 09:00:00,7850.11256949462,6844.390755874177,5004.208321415141
forecast_4330,2025-06-30 10:00:00,5306.636968447054,5403.408991429598,3948.358368824219
forecast_4331,2025-06-30 11:00:00,3774.8063556766606,3952.50915362711,3382.9482521523078
forecast_4332,2025-06-30 12:00:00,3806.689382556407,3680.2703031563283,3501.7315608495865
forecast_4333,2025-06-30 13:00:00,3753.0858299154056,4099.124893028136,4336.460239114544
forecast_4334,2025-06-30 14:00:00,3989.7303452305837,5230.488655380259,5319.357249566825
forecast_4335,2025-06-30 15:00:00,4873.051786525072,6284.588690342572,6286.142232843778
forecast_4336,2025-06-30 16:00:00,5065.0181000946595,6673.932873236135,7122.638682765022
forecast_4337,2025-06-30 17:00:00,5952.730969010997,8098.848387653428,7384.983564361847
forecast_4338,2025-06-30 18:00:00,6874.908254101535,8588.319547587958,7110.677882796181
forecast_4339,2025-06-30 19:00:00,8993.41267261577,9221.91792743154,8077.7924078111355
forecast_4340,2025-06-30 20:00:00,10257.31645057684,10500.816492311911,8692.054149227679
forecast_4341,2025-06-30 21:00:00,11517.529745597298,12175.06661382329,9489.198076318626
forecast_4342,2025-06-30 22:00:00,13371.148672583842,13938.967502087826,10535.840149122665
forecast_4343,2025-06-30 23:00:00,13381.798209008944,14137.002709231403,10801.068399616865
forecast_4344,2025-07-01 00:00:00,12652.754375445205,14384.639470793336,10542.956994882876
forecast_4345,2025-07-01 01:00:00,13198.100233723902,15432.072755233345,10506.112533174259
forecast_4346,2025-07-01 02:00:00,12775.309275505284,15769.008597227932,11217.413408738044
forecast_4347,2025-07-01 03:00:00,12452.48581618035,14642.088633028809,10180.97265539027
forecast_4348,2025-07-01 04:00:00,12597.885954932675,14437.70338455079,10220.206280612714
forecast_4349,2025-07-01 05:00:00,12737.978059050798,14027.230635337959,10155.935718277544
forecast_4350,2025-07-01 06:00:00,13146.958128572944,15187.679222379113,10856.938833710945
forecast_4351,2025-07-01 07:00:00,12859.905095238531,15244.443149522212,11096.0189017918
forecast_4352,2025-07-01 08:00:00,10375.921332594655,12850.640164479526,9120.023594202725
forecast_4353,2025-07-01 09:00:00,8916.970507976084,10635.181680136091,7781.62516989507
forecast_4354,2025-07-01 10:00:00,7662.5149150105135,8561.35873239145,6721.705357637348
forecast_4355,2025-07-01 11:00:00,6815.279257703318,7264.1577360105775,6621.808651596268
forecast_4356,2025-07-01 12:00:00,6429.990255585593,6516.326200472173,7049.887191782174
forecast_4357,2025-07-01 13:00:00,6347.686134723916,6212.688508446484,7013.23799669571
forecast_4358,2025-07-01 14:00:00,6461.08062926373,6240.29533255087,6007.197826523749
forecast_4359,2025-07-01 15:00:00,6397.994955837231,6474.018466832217,5859.328129229402
forecast_4360,2025-07-01 16:00:00,6437.069067407589,6540.400859013884,6178.263756357877
forecast_4361,2025-07-01 17:00:00,6196.65407320358,6841.001152817034,6334.0697927519
forecast_4362,2025-07-01 18:00:00,5916.690683863898,6786.258698484675,6574.655813555758
forecast_4363,2025-07-01 19:00:00,7041.706555863372,7551.706988358667,7852.685556401884
forecast_4364,2025-07-01 20:00:00,8671.822007265928,9602.34801886463,8843.41151421527
forecast_4365,2025-07-01 21:00:00,11191.809016786137,11892.652283440193,9513.976875508346
forecast_4366,2025-07-01 22:00:00,12879.077515019251,14528.634977854865,11813.142623632024
forecast_4367,2025-07-01 23:00:00,14434.80658734424,15822.837865075193,13913.196046308412
forecast_4368,2025-07-02 00:00:00,14800.616303559207,15744.077476394945,13446.990323269127
forecast_4369,2025-07-02 01:00:00,15846.539952331377,16824.912914190896,14837.162173318242
forecast_4370,2025-07-02 02:00:00,16118.763879451508,17271.715974386007,16070.76283619783
forecast_4371,2025-07-02 03:00:00,16770.84687721131,17427.921168137822,15987.067588348573
forecast_4372,2025-07-02 04:00:00,16752.323977965443,17605.77543873187,16831.10516288798
forecast_4373,2025-07-02 05:00:00,16886.950642523672,17510.364531604966,17005.09929564903
forecast_4374,2025-07-02 06:00:00,16959.3822368989,17667.50786904309,16906.632024314276
forecast_4375,2025-07-02 07:00:00,16752.390033624542,17534.018948165838,15893.451019567585
forecast_4376,2025-07-02 08:00:00,16088.900357201937,16573.59460091639,14451.743043438495
forecast_4377,2025-07-02 09:00:00,14143.451078103466,14855.791839567208,11981.73882848949
forecast_4378,2025-07-02 10:00:00,11149.605689946327,12450.692317130799,9782.305060988552
forecast_4379,2025-07-02 11:00:00,8953.76702859838,11058.84704001754,8297.481207785
forecast_4380,2025-07-02 12:00:00,7760.464027765685,9778.305645632063,7757.369152228597
forecast_4381,2025-07-02 13:00:00,7034.540743472296,7281.958965774824,6783.200947798075
forecast_4382,2025-07-02 14:00:00,6304.628565487816,6505.020708727403,6281.816336366947
forecast_4383,2025-07-02 15:00:00,6063.035324148515,6311.094969517769,5863.647316977907
forecast_4384,2025-07-02 16:00:00,5191.315498015717,5894.2317632865015,5300.898604881369
forecast_4385,2025-07-02 17:00:00,4552.812992732976,5245.025226221851,4695.819399542181
forecast_4386,2025-07-02 18:00:00,4676.844487336826,4791.153811276763,4534.820294121775
forecast_4387,2025-07-02 19:00:00,6547.888010111674,6215.908195623779,5211.492420104749
forecast_4388,2025-07-02 20:00:00,7926.306222287917,7876.463193988525,6439.653891469125
forecast_4389,2025-07-02 21:00:00,9578.610015699425,10103.38093925093,7604.487800440824
forecast_4390,2025-07-02 22:00:00,11150.120719167944,12387.07945832238,8626.447094574207
forecast_4391,2025-07-02 23:00:00,11946.152464178096,13065.570836776538,9580.492814770736
forecast_4392,2025-07-03 00:00:00,11573.054960953468,14207.123421749724,9923.46772927171
forecast_4393,2025-07-03 01:00:00,12538.04168530965,14148.75335581899,10397.22121690221
forecast_4394,2025-07-03 02:00:00,13131.706878502508,14822.362532685793,10960.312334471553
forecast_4395,2025-07-03 03:00:00,13291.065943032607,15255.865461212597,11461.362358045028
forecast_4396,2025-07-03 04:00:00,14237.196761779505,15371.411733533361,11729.251259540848
forecast_4397,2025-07-03 05:00:00,14786.638158245984,15950.006187449395,11791.725757786311
forecast_4398,2025-07-03 06:00:00,14739.915274265617,16042.16925162274,12038.212629740654
forecast_4399,2025-07-03 07:00:00,14716.051786554564,15852.428262345948,11894.740829656734
forecast_4400,2025-07-03 08:00:00,13769.640532371322,16197.006805462195,11550.81890549047
forecast_4401,2025-07-03 09:00:00,11745.979350230442,15568.449105800475,11867.106846436775
forecast_4402,2025-07-03 10:00:00,10184.510400581601,13398.432729445085,10232.207337510372
forecast_4403,2025-07-03 11:00:00,9064.637953930345,11415.524059824304,10650.979143249126
forecast_4404,2025-07-03 12:00:00,9378.775946556972,10810.029456372333,10692.066998929335
forecast_4405,2025-07-03 13:00:00,9264.099663142133,9874.912020727756,10015.015144191835
forecast_4406,2025-07-03 14:00:00,8792.579043972997,8742.15678171645,8886.032586539037
forecast_4407,2025-07-03 15:00:00,8747.215908524193,8673.961735215202,8762.423498269438
forecast_4408,2025-07-03 16:00:00,8896.108301318312,8679.540009549935,8590.723752304562
forecast_4409,2025-07-03 17:00:00,8689.635737046516,8746.677072076716,8664.691570018425
forecast_4410,2025-07-03 18:00:00,9332.985393468829,9544.465368328365,9453.346002526454
forecast_4411,2025-07-03 19:00:00,10770.415115765618,11684.87448779365,11153.461011122432
forecast_4412,2025-07-03 20:00:00,11920.85702331648,12921.160596431157,11605.767837996842
forecast_4413,2025-07-03 21:00:00,13449.832961137976,13919.527179824236,12545.535802064664
forecast_4414,2025-07-03 22:00:00,14794.192151242183,14397.364879839397,13794.154371791437
forecast_4415,2025-07-03 23:00:00,14853.728967156478,15217.786564338205,14673.619354428845
forecast_4416,2025-07-04 00:00:00,15179.731791459277,15281.481291318281,13892.533315501541
forecast_4417,2025-07-04 01:00:00,15396.589594770145,15193.60371960984,14248.318355205107
forecast_4418,2025-07-04 02:00:00,15538.31697299365,16943.12431853821,15157.67955082064
forecast_4419,2025-07-04 03:00:00,16021.526973957818,17617.09689548304,16794.242807802373
forecast_4420,2025-07-04 04:00:00,16832.599398971142,17670.834842506345,17228.952080843854
forecast_4421,2025-07-04 05:00:00,17327.251353781077,17797.840983912087,17397.24566956709
forecast_4422,2025-07-04 06:00:00,17540.165390509967,18232.1571993935,18095.348315857835
forecast_4423,2025-07-04 07:00:00,17255.706671026077,18203.802550887685,18026.668742240225
forecast_4424,2025-07-04 08:00:00,17172.625473476957,18186.017777582878,18136.468658922444
forecast_4425,2025-07-04 09:00:00,16645.892806409647,18041.49762389797,17744.833752501432
forecast_4426,2025-07-04 10:00:00,16186.02226229846,17727.00689495954,16076.488821466433
forecast_4427,2025-07-04 11:00:00,15730.559882260359,17754.569954129747,16561.82543345877
forecast_4428,2025-07-04 12:00:00,16131.963216554277,16886.153720884122,15951.232954682802
forecast_4429,2025-07-04 13:00:00,14519.13178484304,15973.054017783603,15368.618660829032
forecast_4430,2025-07-04 14:00:00,14400.264846958442,15993.570453560196,16225.245005672683
forecast_4431,2025-07-04 15:00:00,15042.707081980636,16366.529356566383,16145.241952542936
forecast_4432,2025-07-04 16:00:00,15336.462560111413,17434.749214271273,15925.511688743532
forecast_4433,2025-07-04 17:00:00,15157.36694725307,16571.94065737753,16728.46029999788
forecast_4434,2025-07-04 18:00:00,15164.905284525761,16291.477012731653,17161.780278490794
forecast_4435,2025-07-04 19:00:00,15280.545136495555,16839.182758659306,17411.540676407687
forecast_4436,2025-07-04 20:00:00,15619.72210281409,17809.533000428077,18116.417301097325
forecast_4437,2025-07-04 21:00:00,16330.243271065694,18048.60928633845,18351.089606373633
forecast_4438,2025-07-04 22:00:00,16897.613582734128,18249.666858720862,18253.874042371535
forecast_4439,2025-07-04 23:00:00,17374.8776515691,18164.91926359121,18334.760019515044
forecast_4440,2025-07-05 00:00:00,16847.63497026779,17911.63531050755,18098.38576850974
forecast_4441,2025-07-05 01:00:00,15879.887359843895,17536.5737144265,17638.560510296094
forecast_4442,2025-07-05 02:00:00,14894.397890889819,17276.576560303896,17160.377959252088
forecast_4443,2025-07-05 03:00:00,14647.829402779153,17240.553085733558,17430.67112737905
forecast_4444,2025-07-05 04:00:00,14677.886202637192,17501.765177641864,17469.60468770489
forecast_4445,2025-07-05 05:00:00,14818.617022937857,17573.49714197056,17707.393803562554
forecast_4446,2025-07-05 06:00:00,14980.134433518748,17705.609777356072,17542.89337316492
forecast_4447,2025-07-05 07:00:00,15055.62557509391,17487.90777232836,17225.40928786423
forecast_4448,2025-07-05 08:00:00,14245.465687843573,17071.806296824,15704.885764287914
forecast_4449,2025-07-05 09:00:00,13156.682428173694,15719.17010997531,14275.98147081651
forecast_4450,2025-07-05 10:00:00,11739.686430606327,13982.862569914047,13988.798817739089
forecast_4451,2025-07-05 11:00:00,11021.137577523135,12011.035190056773,13085.286776513994
forecast_4452,2025-07-05 12:00:00,10989.044646865244,11953.64171140474,12248.81068509535
forecast_4453,2025-07-05 13:00:00,11481.530492871107,11236.264635793743,12226.694947596194
forecast_4454,2025-07-05 14:00:00,11561.383383769009,10684.762786993335,12119.614236553813
forecast_4455,2025-07-05 15:00:00,11712.46875451574,10906.334345062383,12192.348468970455
forecast_4456,2025-07-05 16:00:00,10726.929374488092,11326.695516960206,12001.921817194594
forecast_4457,2025-07-05 17:00:00,10709.558062151864,11024.130604312144,12299.502668858015
forecast_4458,2025-07-05 18:00:00,11961.475763047178,11565.358610616708,13566.19232889008
forecast_4459,2025-07-05 19:00:00,13215.940579698905,13858.303709082398,14857.754217027372
forecast_4460,2025-07-05 20:00:00,14638.690888042871,16047.427580152644,15489.812721731445
forecast_4461,2025-07-05 21:00:00,15780.255996905624,17273.892003436755,16626.498687128238
forecast_4462,2025-07-05 22:00:00,17129.57888499777,17573.140593221873,17243.60751363668
forecast_4463,2025-07-05 23:00:00,17735.204208340474,17573.583132350177,17413.242804858517
forecast_4464,2025-07-06 00:00:00,17303.382201076747,17545.176788041987,17031.75772116383
forecast_4465,2025-07-06 01:00:00,17841.350623680773,17496.7010044137,17266.302426254544
forecast_4466,2025-07-06 02:00:00,18390.693774587788,17914.972762336743,17308.869618798235
forecast_4467,2025-07-06 03:00:00,18491.400303774913,17895.427651223494,17335.144486103964
forecast_4468,2025-07-06 04:00:00,18226.21730762341,17924.017671833863,17407.533206544947
forecast_4469,2025-07-06 05:00:00,18242.854151130203,17972.1835726281,17509.149292852257
forecast_4470,2025-07-06 06:00:00,17906.580676930134,17847.643100233665,17491.164281242905
forecast_4471,2025-07-06 07:00:00,17296.925058501318,17473.263732802425,17085.610892894343
forecast_4472,2025-07-06 08:00:00,15650.419808032853,17081.559110958304,14898.53709093576
forecast_4473,2025-07-06 09:00:00,13932.556376272658,16517.579399664253,13619.3281285485
forecast_4474,2025-07-06 10:00:00,12042.730445479358,15224.845560479496,11200.94654329639
forecast_4475,2025-07-06 11:00:00,10210.750151260712,11845.579931010134,9011.214653915085
forecast_4476,2025-07-06 12:00:00,8563.393992392117,8749.127999844575,7549.303473826192
forecast_4477,2025-07-06 13:00:00,7276.416321029624,6215.177545226202,6065.813364702286
forecast_4478,2025-07-06 14:00:00,6318.549785491787,4616.213575472573,4823.9649434880685
forecast_4479,2025-07-06 15:00:00,5318.42440359841,4079.881328552194,3896.0650526005647
forecast_4480,2025-07-06 16:00:00,5055.880383498764,3680.4763024164063,3569.7599852969797
forecast_4481,2025-07-06 17:00:00,5758.808651627791,3704.2718473277478,4135.527362186211
forecast_4482,2025-07-06 18:00:00,5945.552756413686,4030.420391130851,4987.806826928333
forecast_4483,2025-07-06 19:00:00,7248.01612471281,5179.090278676573,5969.086519895205
forecast_4484,2025-07-06 20:00:00,8721.566478345367,7262.126927825448,7595.2843447213645
forecast_4485,2025-07-06 21:00:00,10666.90458942192,9819.510871020655,8648.349962769971
forecast_4486,2025-07-06 22:00:00,12470.429061940462,11779.36251845911,9178.801380688721
forecast_4487,2025-07-06 23:00:00,12543.729220111009,12820.01755966579,9670.170843756641
forecast_4488,2025-07-07 00:00:00,11993.156210948559,12334.933393964538,9616.481065622866
forecast_4489,2025-07-07 01:00:00,11982.301600679088,11890.930814822548,9127.033762062329
forecast_4490,2025-07-07 02:00:00,12112.757987484383,11468.867678679213,8566.899767760655
forecast_4491,2025-07-07 03:00:00,11917.081789915614,11328.322483224543,8054.863024669724
forecast_4492,2025-07-07 04:00:00,10741.783745387696,9728.126816549406,7134.0270231644545
forecast_4493,2025-07-07 05:00:00,8379.168052141003,7950.116742846849,5908.643421813405
forecast_4494,2025-07-07 06:00:00,5130.584817283183,4434.910765484328,3490.190522412155
forecast_4495,2025-07-07 07:00:00,2590.593610007644,2030.4845494801937,2423.032695443077
forecast_4496,2025-07-07 08:00:00,1330.1698472544472,1203.4301066401238,1875.787437430103
forecast_4497,2025-07-07 09:00:00,905.8527146841651,872.9594297962371,1661.5689281448608
forecast_4498,2025-07-07 10:00:00,734.5037438653944,725.2829309730649,1633.3446883082836
forecast_4499,2025-07-07 11:00:00,704.4002703184533,699.161652197204,1630.4526652346335
forecast_4500,2025-07-07 12:00:00,706.3271791018208,705.8507324055417,1652.1484050025342
forecast_4501,2025-07-07 13:00:00,735.7479147819281,758.7689313704598,1693.2655966638424
forecast_4502,2025-07-07 14:00:00,804.3207209141435,817.8847966607407,1733.5132705832434
forecast_4503,2025-07-07 15:00:00,948.7106677221971,926.665303038862,1787.4993024762107
forecast_4504,2025-07-07 16:00:00,943.7928763509881,1030.7853535239153,1822.62909273912
forecast_4505,2025-07-07 17:00:00,906.55016999453,872.4610836053058,1814.0895138320761
forecast_4506,2025-07-07 18:00:00,892.0030934051777,828.7520585606135,1868.7940831686542
forecast_4507,2025-07-07 19:00:00,937.4822223055082,847.9703095389185,1852.2538666834575
forecast_4508,2025-07-07 20:00:00,1005.8948802546622,1015.3223704338801,1865.3311391634152
forecast_4509,2025-07-07 21:00:00,1153.7773213905627,1092.7493403106644,1857.5255834005939
forecast_4510,2025-07-07 22:00:00,1178.1091681295393,1188.2261658815119,1847.887779128596
forecast_4511,2025-07-07 23:00:00,1190.7837277655412,1188.6836408816416,1839.0577549914826
forecast_4512,2025-07-08 00:00:00,1108.4363249982607,1090.0563693062759,1832.716148269221
forecast_4513,2025-07-08 01:00:00,1014.8080209871807,1024.3097533201264,1856.751060378596
forecast_4514,2025-07-08 02:00:00,976.7400121840759,949.4070923630377,1844.3656844020336
forecast_4515,2025-07-08 03:00:00,941.075198761049,981.7083773961493,1859.635826003596
forecast_4516,2025-07-08 04:00:00,962.6138932543381,892.9126484051687,1827.081626784846
forecast_4517,2025-07-08 05:00:00,971.3910523502998,910.110078953298,1834.0568465114086
forecast_4518,2025-07-08 06:00:00,966.4941542312865,870.7380095324742,1825.227867019221
forecast_4519,2025-07-08 07:00:00,977.8834510078965,889.9567739871259,1771.381919753596
forecast_4520,2025-07-08 08:00:00,941.7264668096808,865.3626262530717,1721.1623152614086
forecast_4521,2025-07-08 09:00:00,898.001720076262,809.5138160489362,1694.5672197816027
forecast_4522,2025-07-08 10:00:00,850.4840077457252,880.6013182513428,1667.9260539065085
forecast_4523,2025-07-08 11:00:00,826.2749799699806,962.765695579456,1707.1807977859048
forecast_4524,2025-07-08 12:00:00,847.2410554818391,962.2527059771356,1718.1582138049619
forecast_4525,2025-07-08 13:00:00,960.7720944492316,1107.1220757649394,1793.029017653556
forecast_4526,2025-07-08 14:00:00,1020.9524663530996,1290.883468533694,1834.5846627457358
forecast_4527,2025-07-08 15:00:00,1028.16122993718,1282.86863123712,1863.783238493643
forecast_4528,2025-07-08 16:00:00,1056.274742782987,1148.0878380024246,1876.9350459502093
forecast_4529,2025-07-08 17:00:00,999.398493102471,1060.4551452548021,1827.0072831036973
forecast_4530,2025-07-08 18:00:00,937.139088633955,907.8728123812801,1854.056927860585
forecast_4531,2025-07-08 19:00:00,1047.7392027619162,972.3147567521478,1857.27980066486
forecast_4532,2025-07-08 20:00:00,1290.9644487675646,1188.8231036962195,1871.2213219160958
forecast_4533,2025-07-08 21:00:00,1439.3167692707748,1510.7948036129405,1873.2511141414225
forecast_4534,2025-07-08 22:00:00,1900.158093951759,2244.9259839814827,1913.9847124694516
forecast_4535,2025-07-08 23:00:00,2068.605609907358,2469.934071765707,1904.652345113671
forecast_4536,2025-07-09 00:00:00,1953.8868901195,2332.8772601815826,1924.2917981533149
forecast_4537,2025-07-09 01:00:00,1797.9375261048242,2039.3102170611805,1881.7651115178946
forecast_4538,2025-07-09 02:00:00,1844.9627654367332,2004.7715370925912,1872.3484409598923
forecast_4539,2025-07-09 03:00:00,1859.7689799911468,2113.825992265744,1866.5120133653998
forecast_4540,2025-07-09 04:00:00,1745.581781465996,2273.4052032393975,1900.6266981510094
forecast_4541,2025-07-09 05:00:00,1977.8605773672973,2672.950133898541,1987.2694348297023
forecast_4542,2025-07-09 06:00:00,2204.929770328895,2845.9578068091087,2059.9784401667926
forecast_4543,2025-07-09 07:00:00,2113.600567974045,2995.0919589390523,2127.9234912967463
forecast_4544,2025-07-09 08:00:00,1895.1297429516617,2946.126672941624,2092.719213985792
forecast_4545,2025-07-09 09:00:00,1593.85300981196,2738.3517315411855,2090.3310056343153
forecast_4546,2025-07-09 10:00:00,1358.0319483344,2570.133748647461,2084.7534170648087
forecast_4547,2025-07-09 11:00:00,1328.1831830478804,2506.398366931435,2077.3738807999425
forecast_4548,2025-07-09 12:00:00,1385.65469315578,2487.7971518594995,2071.612080229169
forecast_4549,2025-07-09 13:00:00,1402.1672810486605,2448.523892224285,2056.9691358932314
forecast_4550,2025-07-09 14:00:00,1408.9929620898324,2378.680351484502,2050.5082201396303
forecast_4551,2025-07-09 15:00:00,1443.1670677065972,2296.9295618242104,2072.9986509154937
forecast_4552,2025-07-09 16:00:00,1592.1365252990427,2289.133092625564,2036.4558666264063
forecast_4553,2025-07-09 17:00:00,1696.1220654003187,2003.7356527319328,2056.5386177573573
forecast_4554,2025-07-09 18:00:00,1806.3884782920545,1862.0484464058184,2053.686104750702
forecast_4555,2025-07-09 19:00:00,2027.9965588482733,2029.9303584667223,2034.7960334914028
forecast_4556,2025-07-09 20:00:00,2313.82674632707,2923.6011926942847,2121.3365778114703
forecast_4557,2025-07-09 21:00:00,2825.309400506074,3388.85622528891,2165.745998838783
forecast_4558,2025-07-09 22:00:00,3921.708764030683,4166.11543369354,2253.841087107397
forecast_4559,2025-07-09 23:00:00,4059.6578144473146,4478.570567479714,2399.8163331564847
forecast_4560,2025-07-10 00:00:00,3963.009053220856,4447.350412836242,2591.9128078293425
forecast_4561,2025-07-10 01:00:00,3928.1780298240174,4288.010378410324,2314.3945951878563
forecast_4562,2025-07-10 02:00:00,4001.613732620812,4465.6291104313605,2281.8666389329383
forecast_4563,2025-07-10 03:00:00,4035.6462069562676,5179.271721108353,2362.162008093168
forecast_4564,2025-07-10 04:00:00,4576.506289272038,6401.2723786509305,2651.716527903534
forecast_4565,2025-07-10 05:00:00,5316.460686046099,7180.689433971109,3708.535254217295
forecast_4566,2025-07-10 06:00:00,5880.255734685662,7620.783482850148,4062.500585920787
forecast_4567,2025-07-10 07:00:00,5283.705339651335,7086.79348816729,4100.027864967664
forecast_4568,2025-07-10 08:00:00,5357.139161957452,6602.085562338733,3982.6617254199564
forecast_4569,2025-07-10 09:00:00,5226.538981697557,6715.715328334518,3669.1625484513856
forecast_4570,2025-07-10 10:00:00,4192.218738475998,6494.087921557702,3642.274684243224
forecast_4571,2025-07-10 11:00:00,4467.219735555834,6327.930153311724,4063.6767082625215
forecast_4572,2025-07-10 12:00:00,4458.886677930841,6483.47418145727,4311.47187948252
forecast_4573,2025-07-10 13:00:00,4402.647284372021,6112.696996666031,4132.078157691978
forecast_4574,2025-07-10 14:00:00,3905.9896320192615,5771.430937829099,3941.0401780880384
forecast_4575,2025-07-10 15:00:00,3678.5071406418165,5499.514988448656,3956.343342717967
forecast_4576,2025-07-10 16:00:00,3526.156342779465,5297.085424700667,3622.3961065926565
forecast_4577,2025-07-10 17:00:00,3629.4067920389834,5055.72651386738,3535.09381336739
forecast_4578,2025-07-10 18:00:00,3881.9332919330427,5518.491502033376,3479.224263600115
forecast_4579,2025-07-10 19:00:00,4695.3636041782775,6192.421026506028,3786.217469501766
forecast_4580,2025-07-10 20:00:00,5516.395621885627,7470.911814114743,4649.299282164596
forecast_4581,2025-07-10 21:00:00,5878.805700468785,8778.913703852748,5215.423388190166
forecast_4582,2025-07-10 22:00:00,6437.6047314185635,9674.584503773971,5994.421068891488
forecast_4583,2025-07-10 23:00:00,6572.206769739704,9641.500394766499,6091.080013513086
forecast_4584,2025-07-11 00:00:00,6708.900065319467,8728.31421861476,6371.032784436256
forecast_4585,2025-07-11 01:00:00,7456.052479304666,10185.307204562992,6484.620189917741
forecast_4586,2025-07-11 02:00:00,7401.941219760064,10026.851721256964,6550.534008903912
forecast_4587,2025-07-11 03:00:00,7441.068332931353,9213.063373932673,6601.401694901553
forecast_4588,2025-07-11 04:00:00,7663.334555968826,9115.471922200675,6670.745363530438
forecast_4589,2025-07-11 05:00:00,8318.953203101864,9239.873446918054,7022.540822748343
forecast_4590,2025-07-11 06:00:00,8937.11517826212,10095.092019451382,7040.004190777334
forecast_4591,2025-07-11 07:00:00,8795.580505827926,10172.420495932121,6681.326253201151
forecast_4592,2025-07-11 08:00:00,8023.672274680694,10034.125822369573,6969.370374609186
forecast_4593,2025-07-11 09:00:00,7227.249865478949,9315.134250813608,6852.312911062928
forecast_4594,2025-07-11 10:00:00,6227.721136452584,7996.919802421706,5791.590223558186
forecast_4595,2025-07-11 11:00:00,5577.222351165683,7271.671580032189,5387.1615123437705
forecast_4596,2025-07-11 12:00:00,5107.5525802025695,7481.040635332825,5421.632144844548
forecast_4597,2025-07-11 13:00:00,4701.478628732917,6882.216878985768,4772.865110875986
forecast_4598,2025-07-11 14:00:00,4684.564224214657,6595.210223347711,4430.835304285067
forecast_4599,2025-07-11 15:00:00,4530.116335734351,6304.320749927992,4372.196245006604
forecast_4600,2025-07-11 16:00:00,4121.958568885682,5981.4066506731115,3924.4086413630475
forecast_4601,2025-07-11 17:00:00,4038.2296768243523,5624.798217793792,3586.135952773373
forecast_4602,2025-07-11 18:00:00,4066.197712786847,5285.103077079915,3429.619222387324
forecast_4603,2025-07-11 19:00:00,4761.946383769462,5914.733629056019,3411.132058142516
forecast_4604,2025-07-11 20:00:00,5621.358509768464,6751.020417761829,3889.360811094261
forecast_4605,2025-07-11 21:00:00,6014.244205756262,7545.495136427587,4432.634566522592
forecast_4606,2025-07-11 22:00:00,6583.590739471088,8730.386174645895,4597.688785009674
forecast_4607,2025-07-11 23:00:00,6637.397668339234,8683.755389014776,4451.111937698705
forecast_4608,2025-07-12 00:00:00,6459.306244058272,7891.080134422321,4159.710978158479
forecast_4609,2025-07-12 01:00:00,6488.331920198917,7549.124464237805,3891.5358047689724
forecast_4610,2025-07-12 02:00:00,5796.249246640116,6996.924065211142,3604.326570151519
forecast_4611,2025-07-12 03:00:00,5664.194864674075,6841.349137183741,3350.9428210308465
forecast_4612,2025-07-12 04:00:00,5557.285180517154,6340.790602774499,3047.8078512339075
forecast_4613,2025-07-12 05:00:00,5457.3607436970615,6355.7925343282095,2997.6051312872137
forecast_4614,2025-07-12 06:00:00,5151.572319260639,6229.499414097486,2891.8551678290596
forecast_4615,2025-07-12 07:00:00,4207.139697861451,5255.372670430537,2414.2640371521193
forecast_4616,2025-07-12 08:00:00,3467.961490873275,3739.4095084868864,2231.917570386948
forecast_4617,2025-07-12 09:00:00,2564.1790247937506,3049.5365041656405,2103.8422929624307
forecast_4618,2025-07-12 10:00:00,1798.0745663252128,2196.672336359542,1949.4535409613006
forecast_4619,2025-07-12 11:00:00,1342.4826821975753,1807.6681121459783,1853.82811669574
forecast_4620,2025-07-12 12:00:00,1214.5577621783436,1563.9634584493522,1761.8234763070602
forecast_4621,2025-07-12 13:00:00,1122.886368710955,1414.1184091897362,1716.058462597933
forecast_4622,2025-07-12 14:00:00,1019.60849395487,1215.8137955063598,1661.6817143971364
forecast_4623,2025-07-12 15:00:00,883.8449413665404,997.9301160115906,1644.3999163145334
forecast_4624,2025-07-12 16:00:00,837.7184089005001,807.111640434299,1627.576963375603
forecast_4625,2025-07-12 17:00:00,845.6704302041377,740.9947304337757,1633.8732514490825
forecast_4626,2025-07-12 18:00:00,890.4022787999114,770.9594213140758,1696.0515322971066
forecast_4627,2025-07-12 19:00:00,956.8803875847151,826.6808305963336,1777.1923338613713
forecast_4628,2025-07-12 20:00:00,1008.378429904976,886.3661388482863,1906.1461213208286
forecast_4629,2025-07-12 21:00:00,1258.5927541503597,1310.9251348496186,2160.1288615542308
forecast_4630,2025-07-12 22:00:00,1902.2904037257285,1549.9065313865972,2468.4960086935457
forecast_4631,2025-07-12 23:00:00,2502.6389785765027,2035.5747470617284,2934.894158501148
forecast_4632,2025-07-13 00:00:00,3061.306153479927,2471.3952929017023,3341.9817807343316
forecast_4633,2025-07-13 01:00:00,2565.078075077793,2145.1325172814395,3299.203578030393
forecast_4634,2025-07-13 02:00:00,2599.0544963684815,2136.1761418664373,3351.5822584725674
forecast_4635,2025-07-13 03:00:00,2493.9115258617594,1797.3184464726594,3018.5777122599816
forecast_4636,2025-07-13 04:00:00,1979.3207003012521,1443.4938650739036,2342.9463222038426
forecast_4637,2025-07-13 05:00:00,1405.5699661859826,1164.5595434418424,2098.7926964131157
forecast_4638,2025-07-13 06:00:00,1080.1125697900825,878.9331453990679,1892.876327322334
forecast_4639,2025-07-13 07:00:00,857.7386192543737,784.235356338648,1746.3590912928325
forecast_4640,2025-07-13 08:00:00,821.5607998425548,726.2007231405906,1645.0860753039826
forecast_4641,2025-07-13 09:00:00,759.2155976513421,725.2054812364624,1581.4662703395336
forecast_4642,2025-07-13 10:00:00,673.5585736097718,697.5589968614624,1509.2245711207836
forecast_4643,2025-07-13 11:00:00,601.4044507221155,650.048033080131,1527.3530877348044
forecast_4644,2025-07-13 12:00:00,583.857697792428,586.775915806775,1551.8382903042263
forecast_4645,2025-07-13 13:00:00,590.7840561406053,586.4160233456892,1577.8021345129355
forecast_4646,2025-07-13 14:00:00,618.4102842120254,559.6493426309424,1593.396218371563
forecast_4647,2025-07-13 15:00:00,767.6531653142483,616.4822628892957,1659.9751198059344
forecast_4648,2025-07-13 16:00:00,963.7033787165411,789.4619350507844,1873.5909309645228
forecast_4649,2025-07-13 17:00:00,1353.6710315630157,1231.1073932634138,2046.2502675262629
forecast_4650,2025-07-13 18:00:00,2073.8086541618723,1880.1017447834365,2249.3829645898645
forecast_4651,2025-07-13 19:00:00,2441.493522533822,2520.807517124538,2444.1342322583237
forecast_4652,2025-07-13 20:00:00,2717.182314170772,2894.278142557241,2668.5651443756697
forecast_4653,2025-07-13 21:00:00,2673.490501606444,3297.8885709909728,3219.991081551087
forecast_4654,2025-07-13 22:00:00,3231.284309480872,4140.0677271607165,3712.7035091627395
forecast_4655,2025-07-13 23:00:00,3587.9124601033354,5103.793087055594,3753.2204456613017
forecast_4656,2025-07-14 00:00:00,3719.272394848671,5754.95289331252,4320.519957324659
forecast_4657,2025-07-14 01:00:00,4687.279731780164,5647.033221739449,4906.3027600641435
forecast_4658,2025-07-14 02:00:00,4741.951124188965,6321.0830256871195,5374.358386125716
forecast_4659,2025-07-14 03:00:00,5602.623251621054,7569.721314972953,5118.044840008895
forecast_4660,2025-07-14 04:00:00,4663.571325638362,6489.4410830298875,4056.342583217096
forecast_4661,2025-07-14 05:00:00,4441.390965004677,5591.607577670031,3950.059465064205
forecast_4662,2025-07-14 06:00:00,4297.173010264311,5587.826136012957,4439.722907397949
forecast_4663,2025-07-14 07:00:00,4510.776767976422,6142.809799196921,4720.663269741073
forecast_4664,2025-07-14 08:00:00,4990.627418736654,6053.619001698511,4490.724632959462
forecast_4665,2025-07-14 09:00:00,4871.1607081075645,5115.332877228206,4528.936418765164
forecast_4666,2025-07-14 10:00:00,4933.099676716416,5528.346707901164,4633.969650557773
forecast_4667,2025-07-14 11:00:00,4549.499463058167,5080.132233283854,4400.628585769293
forecast_4668,2025-07-14 12:00:00,4730.421635639103,5695.018610654961,3926.557766831859
forecast_4669,2025-07-14 13:00:00,5415.667156384345,6141.426545514415,4099.348892240703
forecast_4670,2025-07-14 14:00:00,4879.797992101641,5531.376209294299,4134.5877020109665
forecast_4671,2025-07-14 15:00:00,4718.24254086325,5136.150630448708,4068.8105380223706
forecast_4672,2025-07-14 16:00:00,5116.209426402998,4867.312088169783,4231.74381794986
forecast_4673,2025-07-14 17:00:00,5413.700731880475,4863.7872040135335,4223.508407759227
forecast_4674,2025-07-14 18:00:00,5784.57833384862,4653.920857180423,4034.9789844050338
forecast_4675,2025-07-14 19:00:00,6432.665080044718,5106.910442232109,4396.320780848132
forecast_4676,2025-07-14 20:00:00,6642.277648015552,5961.785929821753,4769.912357686246
forecast_4677,2025-07-14 21:00:00,6950.822679366593,7055.648192738181,5063.072238384969
forecast_4678,2025-07-14 22:00:00,7187.548480827122,7417.1991997632085,5581.962278891682
forecast_4679,2025-07-14 23:00:00,7566.701224021145,7816.776492821261,5901.337367296905
forecast_4680,2025-07-15 00:00:00,8337.19121462674,9157.566765299183,7168.660525628434
forecast_4681,2025-07-15 01:00:00,9904.74990305406,13035.131694558648,10285.951542185514
forecast_4682,2025-07-15 02:00:00,10954.41440769251,13865.930355876942,10831.167203390802
forecast_4683,2025-07-15 03:00:00,10731.89035415908,13761.488577438267,10941.45396243634
forecast_4684,2025-07-15 04:00:00,9868.984611104392,13735.831684748266,10364.562791075496
forecast_4685,2025-07-15 05:00:00,9286.493895564163,12618.034905867482,9174.580327574504
forecast_4686,2025-07-15 06:00:00,9418.221248172329,12698.136730638571,8170.259929033551
forecast_4687,2025-07-15 07:00:00,8354.628514164044,11754.14017202495,7940.247145189641
forecast_4688,2025-07-15 08:00:00,7310.561639105919,10605.695337539864,7813.3707221261975
forecast_4689,2025-07-15 09:00:00,6294.196437732232,8650.471231556186,6658.954438532447
forecast_4690,2025-07-15 10:00:00,4795.279697727612,6944.613595393317,6076.833657667569
forecast_4691,2025-07-15 11:00:00,4080.337465626901,5704.70709526585,5465.949648418939
forecast_4692,2025-07-15 12:00:00,3220.5463519734185,4628.094527157912,4897.328169969931
forecast_4693,2025-07-15 13:00:00,2888.8376241189026,4165.023160046887,4925.001043967701
forecast_4694,2025-07-15 14:00:00,2800.85597446045,4328.752808570148,4765.914009442242
forecast_4695,2025-07-15 15:00:00,2898.910020802428,4307.631904549937,4633.841431297678
forecast_4696,2025-07-15 16:00:00,2902.8212877113756,4586.8037210412085,4525.718300814129
forecast_4697,2025-07-15 17:00:00,2887.1300421203687,4708.105528847511,4212.905148812586
forecast_4698,2025-07-15 18:00:00,3287.3258300308617,4943.4253808187295,4553.287433930985
forecast_4699,2025-07-15 19:00:00,3569.390399192004,5199.612569728839,4366.274284194196
forecast_4700,2025-07-15 20:00:00,4004.3320193885365,5791.254978886202,4153.616733811692
forecast_4701,2025-07-15 21:00:00,5834.484600534843,7329.193034815062,4833.13241044839
forecast_4702,2025-07-15 22:00:00,7074.212568419619,7579.107314111977,5755.328974399179
forecast_4703,2025-07-15 23:00:00,8067.047852227115,8300.898973544925,6031.490992363543
forecast_4704,2025-07-16 00:00:00,9175.240812948683,9958.304344855727,6649.5162787377285
forecast_4705,2025-07-16 01:00:00,11612.861123959641,12179.563148529596,8690.355805774827
forecast_4706,2025-07-16 02:00:00,12615.801129606634,12772.513160048295,9298.803066874967
forecast_4707,2025-07-16 03:00:00,13608.597953328324,13361.743220548791,10180.687573559793
forecast_4708,2025-07-16 04:00:00,14079.99209596212,14867.278344215132,12121.972429066966
forecast_4709,2025-07-16 05:00:00,13161.058485945177,15091.253712487263,11959.656124651603
forecast_4710,2025-07-16 06:00:00,12966.925470927577,14672.225802008215,11506.407134524656
forecast_4711,2025-07-16 07:00:00,12169.573847964975,14516.884269306049,10303.039186099655
forecast_4712,2025-07-16 08:00:00,10543.768481935233,11607.534879693061,9088.298814488066
forecast_4713,2025-07-16 09:00:00,8246.90268809317,8612.708966466056,7539.026348065408
forecast_4714,2025-07-16 10:00:00,6056.398928779963,7106.497507125386,6578.876805675616
forecast_4715,2025-07-16 11:00:00,5582.406347435436,6591.522506579502,6986.550565939865
forecast_4716,2025-07-16 12:00:00,4563.512348911729,5921.593148119431,6423.572981941508
forecast_4717,2025-07-16 13:00:00,5346.599068333475,5877.374742587796,6185.863747138962
forecast_4718,2025-07-16 14:00:00,4496.084537819366,5540.683189327196,5468.539069960889
forecast_4719,2025-07-16 15:00:00,4237.565037202547,5308.110311183851,4277.469120992488
forecast_4720,2025-07-16 16:00:00,4904.092769435707,5858.010883189717,3684.8237523115195
forecast_4721,2025-07-16 17:00:00,4272.435059583856,5793.129925500734,3321.9636798291567
forecast_4722,2025-07-16 18:00:00,4355.998327532036,5299.129764056985,3718.486023589672
forecast_4723,2025-07-16 19:00:00,5659.321087144563,6408.174348918855,4029.241146756933
forecast_4724,2025-07-16 20:00:00,7490.235982915326,8103.741317979206,4703.156843828231
forecast_4725,2025-07-16 21:00:00,8750.12810789786,9515.197775792385,6170.072752601021
forecast_4726,2025-07-16 22:00:00,10571.56764363065,11854.582193978686,7941.225819751745
forecast_4727,2025-07-16 23:00:00,11143.787929603026,13027.188196263138,8434.954320874447
forecast_4728,2025-07-17 00:00:00,11214.876764438912,13487.163983968698,9480.539094690314
forecast_4729,2025-07-17 01:00:00,12050.792587210639,13578.380119133912,10936.477853317901
forecast_4730,2025-07-17 02:00:00,13499.302369450943,15162.431264613875,12594.71938147014
forecast_4731,2025-07-17 03:00:00,13850.436211845497,15311.76534303457,13521.55691788079
forecast_4732,2025-07-17 04:00:00,13985.593423254295,15282.472575460866,14354.191220178633
forecast_4733,2025-07-17 05:00:00,13891.875662300936,15085.65620487314,13800.978642731861
forecast_4734,2025-07-17 06:00:00,13536.111549940746,15403.687035217556,13840.430667813089
forecast_4735,2025-07-17 07:00:00,12973.475582126832,15175.781719013925,13699.547643124817
forecast_4736,2025-07-17 08:00:00,13282.19182232043,15512.510649697299,13466.622889974102
forecast_4737,2025-07-17 09:00:00,12097.554330428784,15401.338060857828,13046.979559592979
forecast_4738,2025-07-17 10:00:00,11512.653401140637,14150.845975594395,12450.354850979418
forecast_4739,2025-07-17 11:00:00,11182.996102832994,14035.492167566956,12327.809604232676
forecast_4740,2025-07-17 12:00:00,10458.765587456237,13399.232292345296,10330.3631405095
forecast_4741,2025-07-17 13:00:00,10002.64756343219,12735.260794332906,9522.168540295224
forecast_4742,2025-07-17 14:00:00,9250.466007583851,11797.996476599885,9161.003824094847
forecast_4743,2025-07-17 15:00:00,8233.697812653112,10865.951331298806,8510.57535329563
forecast_4744,2025-07-17 16:00:00,7893.753292466463,8903.536528297014,7576.364740985963
forecast_4745,2025-07-17 17:00:00,7405.341042043374,8771.664338966499,7485.980173192209
forecast_4746,2025-07-17 18:00:00,8082.624192846389,8967.125610285595,7800.681540083081
forecast_4747,2025-07-17 19:00:00,8416.15508270191,8695.961471009916,7436.6667914048785
forecast_4748,2025-07-17 20:00:00,9556.00960850994,9454.625911210069,7306.452358935622
forecast_4749,2025-07-17 21:00:00,9694.175030739925,10154.031948780419,8476.599475892817
forecast_4750,2025-07-17 22:00:00,10798.67633354315,11838.797305322105,8851.486473015586
forecast_4751,2025-07-17 23:00:00,12016.361195831809,13449.71300256789,9811.738528019423
forecast_4752,2025-07-18 00:00:00,11537.853981242024,13227.531600945951,10939.76641974105
forecast_4753,2025-07-18 01:00:00,10399.05225700926,13261.623090809187,11318.06577782753
forecast_4754,2025-07-18 02:00:00,10538.79900689172,13920.401729929821,10733.061743764436
forecast_4755,2025-07-18 03:00:00,10608.731904754215,13954.664442495216,12460.91418542305
forecast_4756,2025-07-18 04:00:00,11731.612966041379,13830.717160631999,10900.329134102027
forecast_4757,2025-07-18 05:00:00,10934.068586810952,13690.946803052373,9969.070980666758
forecast_4758,2025-07-18 06:00:00,10238.41229692163,13552.413788001804,9330.61351524307
forecast_4759,2025-07-18 07:00:00,9947.592157981457,13685.208777188082,8892.932127006987
forecast_4760,2025-07-18 08:00:00,9765.356050734825,13035.890320459588,8255.590525521497
forecast_4761,2025-07-18 09:00:00,8848.556895698694,11207.770694908264,7653.269187988852
forecast_4762,2025-07-18 10:00:00,7292.966301420735,9023.045864035612,7195.719395246558
forecast_4763,2025-07-18 11:00:00,5096.435525181228,6423.040785980164,5950.047835851659
forecast_4764,2025-07-18 12:00:00,3775.157943461453,4425.994304767487,4614.571799991767
forecast_4765,2025-07-18 13:00:00,2588.948024344114,2906.022718553206,3658.041469849947
forecast_4766,2025-07-18 14:00:00,2721.120866131506,2513.985485507655,3293.221296068871
forecast_4767,2025-07-18 15:00:00,3556.7313650706087,3756.780885909917,3987.7495469618984
forecast_4768,2025-07-18 16:00:00,3837.011307810601,4976.372457670868,4383.626862765471
forecast_4769,2025-07-18 17:00:00,5286.199759065463,5735.788045005867,4532.134344256747
forecast_4770,2025-07-18 18:00:00,6444.492722452746,6676.46814174122,5227.804583987871
forecast_4771,2025-07-18 19:00:00,7601.798933578823,7738.0144916228455,6309.472691099772
forecast_4772,2025-07-18 20:00:00,7718.825851238136,9117.992425480143,6980.613435419583
forecast_4773,2025-07-18 21:00:00,9118.314911856318,10440.23700895816,7760.670949273225
forecast_4774,2025-07-18 22:00:00,8370.816547873494,8431.547328443092,7846.7971576800055
forecast_4775,2025-07-18 23:00:00,8440.291662420757,8491.668153026407,7927.396218565184
forecast_4776,2025-07-19 00:00:00,8218.610048906503,8588.413218890322,7877.131235744675
forecast_4777,2025-07-19 01:00:00,7860.071843094555,8939.38640961937,8268.176473956715
forecast_4778,2025-07-19 02:00:00,6396.52769078982,7837.871232105251,6875.817067554702
forecast_4779,2025-07-19 03:00:00,5999.332744235511,7255.5327069637015,6430.131351782377
forecast_4780,2025-07-19 04:00:00,5310.08148021527,6390.753865906239,6499.891026989464
forecast_4781,2025-07-19 05:00:00,5990.224608221928,6807.74554110982,6312.424195980107
forecast_4782,2025-07-19 06:00:00,6105.48942320664,6657.293868576602,6508.537436869244
forecast_4783,2025-07-19 07:00:00,5791.334693718777,6125.5981235614745,6429.736412460528
forecast_4784,2025-07-19 08:00:00,5760.17679867519,6213.552138293862,6704.883861165982
forecast_4785,2025-07-19 09:00:00,6334.154517022361,7164.547325102554,7947.708742943359
forecast_4786,2025-07-19 10:00:00,7076.170080106618,7743.052345859561,7609.18500326057
forecast_4787,2025-07-19 11:00:00,7343.796651677903,8684.15359890564,8087.194541759407
forecast_4788,2025-07-19 12:00:00,8667.663743514073,10400.563154184514,9000.48623109917
forecast_4789,2025-07-19 13:00:00,8768.196928411286,10982.197644194322,8983.39520322232
forecast_4790,2025-07-19 14:00:00,8611.51103873875,11382.193717802787,9369.316734204025
forecast_4791,2025-07-19 15:00:00,9073.888008339585,12014.690077708361,9880.103707337797
forecast_4792,2025-07-19 16:00:00,9281.889122189017,11005.249080340182,9917.32129208132
forecast_4793,2025-07-19 17:00:00,8791.614928746927,11004.27558896196,9759.27469636616
forecast_4794,2025-07-19 18:00:00,8679.705506670321,11008.257604324015,11386.644950228321
forecast_4795,2025-07-19 19:00:00,10328.47141262727,11357.84405538747,11694.914816156364
forecast_4796,2025-07-19 20:00:00,11660.691409005436,10949.560736278472,11659.482918739359
forecast_4797,2025-07-19 21:00:00,12194.899045462065,11954.849387034255,12139.572460498555
forecast_4798,2025-07-19 22:00:00,13401.39248802026,12963.176567717739,12218.214089625682
forecast_4799,2025-07-19 23:00:00,14114.22256060953,14413.956814915484,12171.49831713861
forecast_4800,2025-07-20 00:00:00,12777.736514524653,14117.558082621454,12225.134047336916
forecast_4801,2025-07-20 01:00:00,12886.411808781866,12571.605139044626,12825.244941679763
forecast_4802,2025-07-20 02:00:00,12803.565302532003,12757.92850349396,12333.511787756082
forecast_4803,2025-07-20 03:00:00,13007.059476465012,12662.411878721021,12084.547106010677
forecast_4804,2025-07-20 04:00:00,12960.823347191024,12671.349228109602,12528.44676667508
forecast_4805,2025-07-20 05:00:00,13004.75075757156,13404.342022482802,12550.577033374391
forecast_4806,2025-07-20 06:00:00,12011.435652993398,12675.068943945997,12210.607435496784
forecast_4807,2025-07-20 07:00:00,11411.388476340548,12840.885807681392,12287.589477361576
forecast_4808,2025-07-20 08:00:00,10624.676882284632,12429.993949768239,10263.112800703962
forecast_4809,2025-07-20 09:00:00,8456.306100725498,11844.776031061187,9904.398983451936
forecast_4810,2025-07-20 10:00:00,6930.215300950749,8974.673575957495,8383.952607368683
forecast_4811,2025-07-20 11:00:00,5773.754055725115,6698.919715291009,7710.828139432335
forecast_4812,2025-07-20 12:00:00,5352.222519419944,6529.11654850496,6847.008159031715
forecast_4813,2025-07-20 13:00:00,4611.072698040351,6254.429385525288,6766.4496996027165
forecast_4814,2025-07-20 14:00:00,4726.685543004305,5978.608088496721,6283.834071417561
forecast_4815,2025-07-20 15:00:00,4023.6365736662046,5398.669483973815,6075.624763151467
forecast_4816,2025-07-20 16:00:00,3756.348611675611,5159.710601734733,6000.236820718937
forecast_4817,2025-07-20 17:00:00,4129.217390912792,5153.778443460361,6014.466012022962
forecast_4818,2025-07-20 18:00:00,5088.515910387832,5892.679367521993,5993.2944228521155
forecast_4819,2025-07-20 19:00:00,6513.05748607287,6943.47068016327,6360.251885658927
forecast_4820,2025-07-20 20:00:00,7940.906537809213,9172.691959833875,7994.088113556554
forecast_4821,2025-07-20 21:00:00,9767.009206374729,11569.972675761765,8742.49790189834
forecast_4822,2025-07-20 22:00:00,10626.392108925109,12954.030734680242,9164.386581944978
forecast_4823,2025-07-20 23:00:00,10951.425684229656,13177.391482792204,9402.49551208544
forecast_4824,2025-07-21 00:00:00,10721.412576521072,13191.173342712544,9728.08814125902
forecast_4825,2025-07-21 01:00:00,11955.943524010843,14178.495158930486,10268.355228722248
forecast_4826,2025-07-21 02:00:00,11822.091989626644,14417.977435666893,10324.922290921444
forecast_4827,2025-07-21 03:00:00,11827.862192185636,15219.621690299766,10648.945102912734
forecast_4828,2025-07-21 04:00:00,11506.427614805276,14602.061504598558,10326.948660322774
forecast_4829,2025-07-21 05:00:00,11529.467731200393,13077.466652412946,9870.331516908049
forecast_4830,2025-07-21 06:00:00,12005.616349006787,13815.65251068142,11086.496404522084
forecast_4831,2025-07-21 07:00:00,11900.098752015572,13277.938438775425,9627.403003843594
forecast_4832,2025-07-21 08:00:00,10912.484640560157,11565.300650928444,8571.87169540458
forecast_4833,2025-07-21 09:00:00,10175.770889007224,9931.304318655282,8282.139178251953
forecast_4834,2025-07-21 10:00:00,8638.556695968142,9767.79396077422,8259.333121587599
forecast_4835,2025-07-21 11:00:00,7928.038909832858,9661.74682687006,8145.880989875652
forecast_4836,2025-07-21 12:00:00,7110.920917387532,8648.525996585364,7441.917394145942
forecast_4837,2025-07-21 13:00:00,6253.683188010283,7270.581780617132,6636.511530755445
forecast_4838,2025-07-21 14:00:00,5415.67836414573,6577.390131783884,6460.96718916356
forecast_4839,2025-07-21 15:00:00,5583.4177019038025,6191.934259647256,6114.117933975333
forecast_4840,2025-07-21 16:00:00,5276.566885293193,6048.942560702313,6101.187879849369
forecast_4841,2025-07-21 17:00:00,5884.028109242522,6846.17742740472,6798.484334788895
forecast_4842,2025-07-21 18:00:00,6247.043535363646,6962.5300558032195,7094.799443169218
forecast_4843,2025-07-21 19:00:00,7481.3762186546355,8342.709064892118,8028.06041998973
forecast_4844,2025-07-21 20:00:00,9967.126012787572,11423.641061475377,9803.853076262345
forecast_4845,2025-07-21 21:00:00,11665.783177693274,13666.803361512213,11811.531982870343
forecast_4846,2025-07-21 22:00:00,14695.55089094154,15913.02830415327,12455.027691546638
forecast_4847,2025-07-21 23:00:00,15567.098516868926,16170.24046037061,13075.926225716743
forecast_4848,2025-07-22 00:00:00,15004.370551525877,16011.349390264124,13316.446473321057
forecast_4849,2025-07-22 01:00:00,15223.64144583338,16954.962629900027,14010.845911045468
forecast_4850,2025-07-22 02:00:00,15695.588462953934,17210.112211093627,14023.212629934731
forecast_4851,2025-07-22 03:00:00,16315.942406248125,16846.995648146032,13681.785398710705
forecast_4852,2025-07-22 04:00:00,16324.24834178528,16728.643603230958,14036.27005381275
forecast_4853,2025-07-22 05:00:00,16063.803374005127,16599.3755073542,13998.506010277571
forecast_4854,2025-07-22 06:00:00,15497.74120704587,16652.428418926764,12981.977625023817
forecast_4855,2025-07-22 07:00:00,14448.443964607917,15987.0516230906,12504.314937033168
forecast_4856,2025-07-22 08:00:00,12016.157450657314,14059.907682612797,10017.865151500486
forecast_4857,2025-07-22 09:00:00,9232.106745660136,10727.716911176987,7674.761301823108
forecast_4858,2025-07-22 10:00:00,7253.433357800514,8028.214706298959,5801.055777515282
forecast_4859,2025-07-22 11:00:00,5502.167401791203,5393.109036131165,4479.705673823567
forecast_4860,2025-07-22 12:00:00,4047.873548441903,3986.83705159219,3543.9977051665537
forecast_4861,2025-07-22 13:00:00,3581.293438863371,3491.1873587573014,2869.158242055164
forecast_4862,2025-07-22 14:00:00,3225.375718944277,3171.097768717953,2876.8002966330696
forecast_4863,2025-07-22 15:00:00,2789.52556529914,3008.650012726852,2844.497841000146
forecast_4864,2025-07-22 16:00:00,2669.7947332584135,2883.18965157783,2479.424044164788
forecast_4865,2025-07-22 17:00:00,2672.276379243575,2438.816814041226,2436.0087867751045
forecast_4866,2025-07-22 18:00:00,2753.794732427881,2697.908593954622,2773.8827291072666
forecast_4867,2025-07-22 19:00:00,3763.5966581849825,3480.6785112563052,2963.2732504995465
forecast_4868,2025-07-22 20:00:00,5495.415457857249,4984.143654078216,4149.2076720451605
forecast_4869,2025-07-22 21:00:00,6804.181984212865,6662.113531812584,5431.636398304054
forecast_4870,2025-07-22 22:00:00,8458.799479177478,7670.126774518109,5882.21365609273
forecast_4871,2025-07-22 23:00:00,9624.856702856403,8778.229744507513,6969.954971753169
forecast_4872,2025-07-23 00:00:00,10226.325891427989,10334.843534183441,8094.591734227561
forecast_4873,2025-07-23 01:00:00,11228.096682792253,10424.229352369865,8233.330539307648
forecast_4874,2025-07-23 02:00:00,10922.919245576912,10071.495542105256,7985.049084544628
forecast_4875,2025-07-23 03:00:00,11190.019687342634,10998.081965604662,8478.146698505776
forecast_4876,2025-07-23 04:00:00,11197.910937052831,11205.953757882122,8208.698873969715
forecast_4877,2025-07-23 05:00:00,11057.72942445471,10288.727912038234,7629.567397018143
forecast_4878,2025-07-23 06:00:00,10063.351011525305,8815.598005725158,7011.97104638656
forecast_4879,2025-07-23 07:00:00,8295.929414994647,6579.961702663118,5965.567179783709
forecast_4880,2025-07-23 08:00:00,5394.68423394693,4483.285631526072,4277.873902971764
forecast_4881,2025-07-23 09:00:00,3053.82171618109,2068.356779406692,2656.999451072378
forecast_4882,2025-07-23 10:00:00,1403.2808258425755,1049.2327467376504,1968.0812746866004
forecast_4883,2025-07-23 11:00:00,1003.0869406612981,792.570824203104,1746.3317773556591
forecast_4884,2025-07-23 12:00:00,761.8861879911015,737.8323186527558,1649.9046436879505
forecast_4885,2025-07-23 13:00:00,699.186553617286,647.198978565891,1645.6287506423162
forecast_4886,2025-07-23 14:00:00,675.8655405588721,671.7597799736342,1658.0759012660806
forecast_4887,2025-07-23 15:00:00,761.3672327420805,709.4111081788649,1706.4193441990326
forecast_4888,2025-07-23 16:00:00,849.8074157428507,888.1166460974762,1666.011534152562
forecast_4889,2025-07-23 17:00:00,994.8266344467847,1090.722894429919,1738.9728984014855
forecast_4890,2025-07-23 18:00:00,1323.171174198985,1756.9498204069641,1946.9658128805197
forecast_4891,2025-07-23 19:00:00,1836.7037693704087,2441.943024298128,2124.3970410545344
forecast_4892,2025-07-23 20:00:00,2264.503495345398,2484.5163472920353,2346.4077210040805
forecast_4893,2025-07-23 21:00:00,3416.485530457968,3228.5630826170495,3016.4634301488545
forecast_4894,2025-07-23 22:00:00,4598.846564093601,4391.458127548437,3949.6230430963687
forecast_4895,2025-07-23 23:00:00,5113.913655623569,5323.680921842197,5238.108838178312
forecast_4896,2025-07-24 00:00:00,6463.291441458964,5859.059223559307,5389.432171624084
forecast_4897,2025-07-24 01:00:00,7401.816159297223,7256.343682863572,5775.086389411086
forecast_4898,2025-07-24 02:00:00,8514.534049425572,8191.835682766293,6875.10758853159
forecast_4899,2025-07-24 03:00:00,8588.17305985234,9026.82369089176,7036.957553895461
forecast_4900,2025-07-24 04:00:00,8710.743431647043,9190.5853548281,7026.727385854275
forecast_4901,2025-07-24 05:00:00,8900.667774532865,8809.821007007598,6787.186054811717
forecast_4902,2025-07-24 06:00:00,7906.222326373482,7865.470105383878,6395.721766387058
forecast_4903,2025-07-24 07:00:00,6641.009160559311,5608.741746576128,4528.886065956827
forecast_4904,2025-07-24 08:00:00,2646.109685445964,2431.6329882353293,2491.6385287023977
forecast_4905,2025-07-24 09:00:00,1262.1581278245437,1074.9532488659556,1956.462090916425
forecast_4906,2025-07-24 10:00:00,947.0430268627567,893.9731805826801,1612.3507884964233
forecast_4907,2025-07-24 11:00:00,691.1461954030293,730.7993851620954,1513.9101179957836
forecast_4908,2025-07-24 12:00:00,676.4532632741231,738.0333939511579,1521.3688582301586
forecast_4909,2025-07-24 13:00:00,636.0506143483418,615.4560013730329,1523.060142409846
forecast_4910,2025-07-24 14:00:00,726.0873575124043,693.3411942441267,1505.6374129176586
forecast_4911,2025-07-24 15:00:00,716.3746516776803,790.0029984433454,1500.341880691096
forecast_4912,2025-07-24 16:00:00,751.820539543859,694.5932672191458,1602.295982253596
forecast_4913,2025-07-24 17:00:00,717.5072227826519,627.07412694717,1637.2484969020336
forecast_4914,2025-07-24 18:00:00,771.0453627937892,689.0746762635763,1656.813804519221
forecast_4915,2025-07-24 19:00:00,879.1094805277138,785.1392223411536,1771.0982527025508
forecast_4916,2025-07-24 20:00:00,936.7954439697567,884.8138507743771,1904.7555867009994
forecast_4917,2025-07-24 21:00:00,1204.7539126251863,1042.3414145267,2072.7303218910592
forecast_4918,2025-07-24 22:00:00,1842.9363698645998,1769.8794248678073,2342.4361279630757
forecast_4919,2025-07-24 23:00:00,2620.3350434029603,2746.7698606702284,2867.5603288404554
forecast_4920,2025-07-25 00:00:00,2994.1134208492435,3233.401333406575,3034.491922449155
forecast_4921,2025-07-25 01:00:00,3356.121190806514,3603.684438820721,3641.612274261515
forecast_4922,2025-07-25 02:00:00,4026.5047734288564,4193.3641473513035,4101.51768664721
forecast_4923,2025-07-25 03:00:00,4198.068847231775,4805.967037985765,4391.254337309605
forecast_4924,2025-07-25 04:00:00,3766.1789226263777,4098.58962536266,3834.501117515763
forecast_4925,2025-07-25 05:00:00,3142.2840766183435,3512.204841406179,3371.8107979028227
forecast_4926,2025-07-25 06:00:00,2784.4796105236373,2953.6605174781043,3233.297551512031
forecast_4927,2025-07-25 07:00:00,1858.695302044186,1842.666974487368,2504.071287720216
forecast_4928,2025-07-25 08:00:00,1183.3913012511453,1260.1648397294348,1991.8626219176354
forecast_4929,2025-07-25 09:00:00,880.9370511954592,950.9846730087789,1794.4552538899675
forecast_4930,2025-07-25 10:00:00,702.511268078938,811.433250904439,1629.5054683826377
forecast_4931,2025-07-25 11:00:00,640.6783898266647,768.5882769571143,1567.1037215114086
forecast_4932,2025-07-25 12:00:00,626.6048424633834,717.8009844766456,1549.4682234645336
forecast_4933,2025-07-25 13:00:00,617.5358117016647,719.4147566542111,1537.6986922145336
forecast_4934,2025-07-25 14:00:00,597.2874792641541,789.4915577537384,1569.1173626576015
forecast_4935,2025-07-25 15:00:00,606.8678876556016,713.4934245107135,1639.2810877645873
forecast_4936,2025-07-25 16:00:00,660.6398754556736,766.5897068949228,1687.5478910554657
forecast_4937,2025-07-25 17:00:00,739.9977042096485,737.9798116903712,1786.7086309989734
forecast_4938,2025-07-25 18:00:00,923.6706883031495,828.7545205411207,1944.478110215166
forecast_4939,2025-07-25 19:00:00,1467.4352181127406,1280.5884382822835,2270.790505997904
forecast_4940,2025-07-25 20:00:00,2433.5591351347057,2271.792878256647,2981.674091167905
forecast_4941,2025-07-25 21:00:00,3443.5167787181704,3149.274314915286,3919.508728371426
forecast_4942,2025-07-25 22:00:00,5002.6703118410705,4651.111029711347,5345.286066877031
forecast_4943,2025-07-25 23:00:00,6078.470668519604,5762.661777761239,6664.062694183492
forecast_4944,2025-07-26 00:00:00,6903.003649756417,6952.649734456356,7957.78214111352
forecast_4945,2025-07-26 01:00:00,6938.759681179112,7291.4199630435605,8160.862551915079
forecast_4946,2025-07-26 02:00:00,7104.482030761283,7244.0382584381905,8006.120647706784
forecast_4947,2025-07-26 03:00:00,7139.411432510461,6863.595771297917,7763.9272796737805
forecast_4948,2025-07-26 04:00:00,6616.784636328037,6904.869698793024,6760.855936617293
forecast_4949,2025-07-26 05:00:00,5266.288358805172,4982.714144058965,5232.976291634666
forecast_4950,2025-07-26 06:00:00,3875.9401238887517,3178.8364916496275,3905.5541966034143
forecast_4951,2025-07-26 07:00:00,2747.1790126375467,2209.1320420529582,3052.3552338460986
forecast_4952,2025-07-26 08:00:00,1727.1892755556328,1540.405990825383,2191.365409137467
forecast_4953,2025-07-26 09:00:00,969.2162284210505,1014.0422754764693,1830.0910476524991
forecast_4954,2025-07-26 10:00:00,719.8295817535688,906.1194375506852,1673.528641033602
forecast_4955,2025-07-26 11:00:00,620.8152111165608,815.2486043381177,1649.0945241010768
forecast_4956,2025-07-26 12:00:00,596.7038770211776,814.2968805003958,1583.1889265895336
forecast_4957,2025-07-26 13:00:00,595.8880453981014,762.8332574535208,1567.1855086207836
forecast_4958,2025-07-26 14:00:00,577.2966427602238,756.936345832427,1588.4355086207836
forecast_4959,2025-07-26 15:00:00,586.4724365533193,673.2275183904749,1630.7978133082836
forecast_4960,2025-07-26 16:00:00,612.2114178353778,736.0126424240552,1662.347984206721
forecast_4961,2025-07-26 17:00:00,661.9924454220013,747.2208917308645,1713.5329146730576
forecast_4962,2025-07-26 18:00:00,784.6739438428963,809.0490012285173,1821.6694538537133
forecast_4963,2025-07-26 19:00:00,957.7613232434777,1023.2554274793083,2059.9830189727227
forecast_4964,2025-07-26 20:00:00,1513.6906688921185,1475.2164740277917,2533.2724605888334
forecast_4965,2025-07-26 21:00:00,2296.563526806542,2488.273832269963,3602.374764290257
forecast_4966,2025-07-26 22:00:00,4217.049420203681,4168.839896277312,5313.187696088138
forecast_4967,2025-07-26 23:00:00,5768.031696903446,5812.494094921185,6948.8480357362705
forecast_4968,2025-07-27 00:00:00,7416.382628374166,7525.3439813319155,7936.247174218496
forecast_4969,2025-07-27 01:00:00,9584.73231535322,9768.90126592706,8217.08556762828
forecast_4970,2025-07-27 02:00:00,10349.789816967608,10278.452354015046,8770.68129931836
forecast_4971,2025-07-27 03:00:00,10964.774002244627,9643.163592446102,8485.081625409719
forecast_4972,2025-07-27 04:00:00,10596.412930245382,9385.336292617887,8403.226032373499
forecast_4973,2025-07-27 05:00:00,8759.85198289112,8009.242044092809,7641.091360201845
forecast_4974,2025-07-27 06:00:00,7854.165849977626,7089.701512802342,6284.1194229032335
forecast_4975,2025-07-27 07:00:00,6306.735944879631,5644.131612411273,5042.5104302304035
forecast_4976,2025-07-27 08:00:00,3615.768810482282,2826.541549439423,3516.861653840256
forecast_4977,2025-07-27 09:00:00,1874.6751179714697,1441.2864316132095,2363.7886584075604
forecast_4978,2025-07-27 10:00:00,1154.1007575614983,1032.965787079895,1915.6109619407284
forecast_4979,2025-07-27 11:00:00,836.7405243494741,832.9045006157464,1818.3172055047403
forecast_4980,2025-07-27 12:00:00,747.955547325514,768.260672819674,1795.1041890080573
forecast_4981,2025-07-27 13:00:00,722.8143387304092,774.832676850853,1831.8323881562212
forecast_4982,2025-07-27 14:00:00,798.8331317301534,935.4469401750739,1910.3972482208505
forecast_4983,2025-07-27 15:00:00,1052.4990691070047,1375.4198496780728,2108.4444389538567
forecast_4984,2025-07-27 16:00:00,1584.927974831123,2132.4152821373455,2672.8353394499836
forecast_4985,2025-07-27 17:00:00,1985.8261069204577,2610.3883718342167,2794.1581040404235
forecast_4986,2025-07-27 18:00:00,2981.270784555686,2890.947400955152,2738.8942645240377
forecast_4987,2025-07-27 19:00:00,4570.447267151323,4050.809072234149,3823.063064676323
forecast_4988,2025-07-27 20:00:00,5921.0939777797,5808.451602240055,4919.458681051541
forecast_4989,2025-07-27 21:00:00,7233.007653606104,7145.405726975786,6484.465992501998
forecast_4990,2025-07-27 22:00:00,8691.345064600879,8942.788965177426,7582.4418748570915
forecast_4991,2025-07-27 23:00:00,10222.353710910334,9774.144784034226,8449.091211026873
forecast_4992,2025-07-28 00:00:00,10499.035401740857,10568.20593906512,8656.05740888192
forecast_4993,2025-07-28 01:00:00,11165.615937361717,10668.642540181983,8804.523363484557
forecast_4994,2025-07-28 02:00:00,11176.605266523988,10801.124534251614,9358.06788934676
forecast_4995,2025-07-28 03:00:00,11321.494245329854,10473.672188623597,8754.03468677458
forecast_4996,2025-07-28 04:00:00,11421.275319063561,9680.412790832475,8380.646120105732
forecast_4997,2025-07-28 05:00:00,10591.309392003299,9032.093743783258,7970.98030705948
forecast_4998,2025-07-28 06:00:00,8884.949029611498,7789.5045420113,6640.992591087914
forecast_4999,2025-07-28 07:00:00,7265.486738545514,5849.759624052909,5387.236367272381
forecast_5000,2025-07-28 08:00:00,4113.985591502731,2786.1956830990894,3822.005990211422
forecast_5001,2025-07-28 09:00:00,1907.8699140236654,1244.4420991832674,2290.1999037694773
forecast_5002,2025-07-28 10:00:00,1146.9503376715443,906.0623340566822,1858.19156339021
forecast_5003,2025-07-28 11:00:00,784.8309665121046,752.3493443369001,1686.3793458964196
forecast_5004,2025-07-28 12:00:00,681.2061926271808,700.1662674863142,1599.9356860434802
forecast_5005,2025-07-28 13:00:00,622.6493160658154,620.7976129222708,1609.490235476347
forecast_5006,2025-07-28 14:00:00,680.9539982213834,661.7730405990195,1638.5959090114086
forecast_5007,2025-07-28 15:00:00,641.6712808522481,596.3097611386579,1632.5226668239086
forecast_5008,2025-07-28 16:00:00,764.5713145802295,758.2404684459084,1774.3117293239086
forecast_5009,2025-07-28 17:00:00,762.798055994326,807.177769342455,1816.6482275122933
forecast_5010,2025-07-28 18:00:00,780.9304880192241,763.6321601404253,1823.492103604923
forecast_5011,2025-07-28 19:00:00,805.4047820648588,801.6952479451943,1844.059328340098
forecast_5012,2025-07-28 20:00:00,811.6943312455693,828.4784249764634,1876.4644736180226
forecast_5013,2025-07-28 21:00:00,891.1132692923444,920.5644765187521,2005.5439922163155
forecast_5014,2025-07-28 22:00:00,1169.1518246795763,1093.191976056752,2052.7044159623265
forecast_5015,2025-07-28 23:00:00,1240.1226850177568,1192.903069030437,2074.154689628617
forecast_5016,2025-07-29 00:00:00,1553.361170216316,1400.7695809369354,2259.172875468472
forecast_5017,2025-07-29 01:00:00,2000.1377477670392,1610.032890229403,2862.256435210622
forecast_5018,2025-07-29 02:00:00,2371.133908753841,1670.330458985014,2886.8132588588046
forecast_5019,2025-07-29 03:00:00,2191.0024694851654,1650.9571541263526,2821.5174312323284
forecast_5020,2025-07-29 04:00:00,1993.889628966633,1415.591754822639,2402.464665746858
forecast_5021,2025-07-29 05:00:00,1341.1048747878028,1084.1144121155055,2152.1576331676238
forecast_5022,2025-07-29 06:00:00,989.4954075832987,959.9808584795436,1934.466647317798
forecast_5023,2025-07-29 07:00:00,906.0144709867194,884.8792638706194,1786.2552439479605
forecast_5024,2025-07-29 08:00:00,847.4392166844139,860.061072056775,1647.2492293239086
forecast_5025,2025-07-29 09:00:00,755.5685652984278,825.3767167050642,1569.7707136989086
forecast_5026,2025-07-29 10:00:00,697.6360635670918,798.0703812558454,1551.3310164332836
forecast_5027,2025-07-29 11:00:00,688.5636148366231,735.9680252988142,1555.3605574489086
forecast_5028,2025-07-29 12:00:00,692.9719400319356,712.2439042050642,1544.905601394221
forecast_5029,2025-07-29 13:00:00,729.7495279225606,809.1128617245954,1540.5983504176586
forecast_5030,2025-07-29 14:00:00,761.1820230397481,754.7342202302021,1624.3070906520336
forecast_5031,2025-07-29 15:00:00,796.2299966725606,747.4710366364521,1656.086997878596
forecast_5032,2025-07-29 16:00:00,830.8442601919796,776.1312539216084,1694.5297469020336
forecast_5033,2025-07-29 17:00:00,862.1653151627597,770.7888466950459,1730.788902175471
forecast_5034,2025-07-29 18:00:00,873.1310855788624,833.150130014514,1742.9223569543758
forecast_5035,2025-07-29 19:00:00,942.9968341902434,943.1603327347516,1781.5986491010158
forecast_5036,2025-07-29 20:00:00,990.7917060351612,952.4635392635519,1884.4245909696288
forecast_5037,2025-07-29 21:00:00,1009.474728379857,972.2630288238579,1903.2967249021585
forecast_5038,2025-07-29 22:00:00,1461.856770725075,1282.9219989467379,2058.1139149908854
forecast_5039,2025-07-29 23:00:00,1790.47969125991,1581.5132735622415,2234.465478634307
forecast_5040,2025-07-30 00:00:00,2006.2721306619453,1754.5847589328614,2606.4619946337534
forecast_5041,2025-07-30 01:00:00,1977.9014893583044,1610.3014922822754,2710.7004266630843
forecast_5042,2025-07-30 02:00:00,1961.0062153758272,1660.770757184636,2681.3694865657344
forecast_5043,2025-07-30 03:00:00,1789.3916860763563,1428.172248941714,2351.2265308847027
forecast_5044,2025-07-30 04:00:00,1279.3460359758706,1149.9833100962687,2051.2426252869427
forecast_5045,2025-07-30 05:00:00,1053.7873184398384,987.9183414137538,1879.6802649349002
forecast_5046,2025-07-30 06:00:00,974.1136498958269,1004.4837162419403,1835.3209385852326
forecast_5047,2025-07-30 07:00:00,834.8541271839526,951.2190053847145,1749.0468367457836
forecast_5048,2025-07-30 08:00:00,848.0249427418862,950.536206370927,1653.6501082301586
forecast_5049,2025-07-30 09:00:00,804.2732179102519,809.2455838035626,1613.6215977649201
forecast_5050,2025-07-30 10:00:00,747.2945982141653,858.5456936668438,1588.735679519221
forecast_5051,2025-07-30 11:00:00,741.9674579195482,920.2376823523676,1605.4490031252585
forecast_5052,2025-07-30 12:00:00,774.0471112927853,955.1348893853548,1607.9208659400342
forecast_5053,2025-07-30 13:00:00,794.9123603113954,1020.4219370128292,1591.689162673483
forecast_5054,2025-07-30 14:00:00,836.922505906925,953.3376247109762,1586.510695876608
forecast_5055,2025-07-30 15:00:00,822.6816176751803,954.1972739690136,1598.113607894395
forecast_5056,2025-07-30 16:00:00,850.5661316263235,901.2020523133418,1644.5326752772075
forecast_5057,2025-07-30 17:00:00,841.5827212456072,857.0937033323876,1645.013712538962
forecast_5058,2025-07-30 18:00:00,886.8083536527529,840.526503961547,1687.1988692564573
forecast_5059,2025-07-30 19:00:00,977.6354245791678,921.4417032704813,1755.6654364956894
forecast_5060,2025-07-30 20:00:00,1110.0815239281171,986.448720927072,1784.512658452326
forecast_5061,2025-07-30 21:00:00,1389.0940861739773,1238.5631090693387,1788.7143642673373
forecast_5062,2025-07-30 22:00:00,2053.4697734653696,1816.3481045958263,1940.6256453187673
forecast_5063,2025-07-30 23:00:00,2355.2056362099693,2445.5438777021263,2108.7434893160575
forecast_5064,2025-07-31 00:00:00,2347.2267134340746,2673.408044744153,2234.964493507774
forecast_5065,2025-07-31 01:00:00,2259.6192556059077,2900.006860834167,2526.644198796009
forecast_5066,2025-07-31 02:00:00,2383.199164667339,3266.0692992937957,2743.2327106652874
forecast_5067,2025-07-31 03:00:00,2659.413184011776,3357.742254671573,2763.7650622901338
forecast_5068,2025-07-31 04:00:00,2534.172550874192,3252.6548702250952,3018.4078620014207
forecast_5069,2025-07-31 05:00:00,2444.4631775761354,2825.037454158615,2677.1536515087537
forecast_5070,2025-07-31 06:00:00,1952.0543134160548,1998.1772931610992,2310.4935952252454
forecast_5071,2025-07-31 07:00:00,1512.219985208652,1514.205857680225,2125.2564870054553
forecast_5072,2025-07-31 08:00:00,1189.4226648403057,1285.96929048101,1832.6956513971568
forecast_5073,2025-07-31 09:00:00,1058.9862009909914,1104.1222595044073,1696.8634820735183
forecast_5074,2025-07-31 10:00:00,917.1316914306971,1070.7128857922596,1646.0687943210241
forecast_5075,2025-07-31 11:00:00,924.1707195924174,1066.1898179753262,1765.6638362065714
forecast_5076,2025-07-31 12:00:00,900.8510050896731,1154.4476065169335,1797.8242250813994
forecast_5077,2025-07-31 13:00:00,819.2898579052182,1215.8527025956716,1781.5903628896926
forecast_5078,2025-07-31 14:00:00,779.5490110298132,1126.7631829968302,1686.4361347216218
forecast_5079,2025-07-31 15:00:00,775.0591472934641,1088.1341943653247,1688.4870426106563
forecast_5080,2025-07-31 16:00:00,779.7416158729807,930.069848975682,1671.0133718118675
forecast_5081,2025-07-31 17:00:00,728.6155731421609,809.8839291016225,1667.2324767465916
forecast_5082,2025-07-31 18:00:00,801.8661125201887,825.7380999160915,1685.525962722346
forecast_5083,2025-07-31 19:00:00,867.2086033034761,864.171324095756,1705.455406081721
forecast_5084,2025-07-31 20:00:00,895.2919633148429,857.17310070585,1743.290855300471
forecast_5085,2025-07-31 21:00:00,908.1075306696554,880.0932003884195,1751.6955183864086
forecast_5086,2025-07-31 22:00:00,1033.3383016886517,921.9864742208175,1794.190824414321
forecast_5087,2025-07-31 23:00:00,1184.3933422900504,1138.028962127576,1798.2335126339237
forecast_5088,2025-08-01 00:00:00,1130.3379011301163,1173.903679836871,1801.7425978426506
forecast_5089,2025-08-01 01:00:00,1104.5408758231692,1130.2818856930362,1873.464159773407
forecast_5090,2025-08-01 02:00:00,1033.2146659693826,973.1129767003456,1878.4334542586614
forecast_5091,2025-08-01 03:00:00,863.1346995322975,915.3567065940795,1842.660722655138
forecast_5092,2025-08-01 04:00:00,822.9473744415365,879.3683751980283,1821.7375952726588
forecast_5093,2025-08-01 05:00:00,762.9925251388846,850.5680962370196,1805.7850917576475
forecast_5094,2025-08-01 06:00:00,721.9026520643498,848.6950987391028,1774.8465733508576
forecast_5095,2025-08-01 07:00:00,775.6023709047083,822.8567257634902,1695.8615340114086
forecast_5096,2025-08-01 08:00:00,772.0563516530293,763.3941997192942,1612.922691237971
forecast_5097,2025-08-01 09:00:00,706.7269449147481,748.3196488339704,1561.6696394801586
forecast_5098,2025-08-01 10:00:00,660.1519327077168,725.4760209042829,1547.6864851832836
forecast_5099,2025-08-01 11:00:00,659.9422769459981,657.4405594785017,1572.1054304957836
forecast_5100,2025-08-01 12:00:00,666.5154580983418,692.0439495187842,1606.876859570571
forecast_5101,2025-08-01 13:00:00,682.9105812270253,720.0658614043386,1624.7069987525342
forecast_5102,2025-08-01 14:00:00,722.1392373952168,764.0779293930716,1614.3273530115825
forecast_5103,2025-08-01 15:00:00,735.4708413991231,781.4502655819906,1658.79842234752
forecast_5104,2025-08-01 16:00:00,763.6340118961664,790.3075717585193,1680.8632167576475
forecast_5105,2025-08-01 17:00:00,820.6225372867914,762.2487465973896,1683.9025496364086
forecast_5106,2025-08-01 18:00:00,881.214748632619,836.1283026898742,1663.0480992931984
forecast_5107,2025-08-01 19:00:00,1021.2913506227169,981.4891954215663,1720.8966376675644
forecast_5108,2025-08-01 20:00:00,1100.6320630910488,1111.0892018855927,1779.032189702326
forecast_5109,2025-08-01 21:00:00,1185.1737770834573,1094.1542321741538,1815.222863530451
forecast_5110,2025-08-01 22:00:00,1649.1313558669094,1242.8563456376196,1874.7663111771144
forecast_5111,2025-08-01 23:00:00,1703.4040766730195,1308.6202844153152,1899.2365121751095
forecast_5112,2025-08-02 00:00:00,2276.293043957672,1893.838784886475,2122.0186968999083
forecast_5113,2025-08-02 01:00:00,4556.7607631755745,3403.846253194693,3303.235906135702
forecast_5114,2025-08-02 02:00:00,6144.075582504558,4503.938652949573,4442.679875263946
forecast_5115,2025-08-02 03:00:00,7314.4178149950785,6016.806545828913,5338.554098532071
forecast_5116,2025-08-02 04:00:00,8355.983513674095,7546.190245614551,6016.53250031711
forecast_5117,2025-08-02 05:00:00,9421.854163325237,9051.611517387908,6507.670243429534
forecast_5118,2025-08-02 06:00:00,9984.413598700783,9147.819630896145,7012.156641270601
forecast_5119,2025-08-02 07:00:00,9078.961766507342,8960.749797050285,6633.082671793017
forecast_5120,2025-08-02 08:00:00,7542.066526627482,7436.22468172441,5507.148609900676
forecast_5121,2025-08-02 09:00:00,5521.825014151868,5012.416377671399,3771.761830865289
forecast_5122,2025-08-02 10:00:00,3244.736960419521,2764.0314904954193,2966.3197832981605
forecast_5123,2025-08-02 11:00:00,2008.3164639170407,1570.9166074238533,2553.9690910346603
forecast_5124,2025-08-02 12:00:00,1667.720377661692,1219.9169558495748,2191.322531559275
forecast_5125,2025-08-02 13:00:00,1482.916452626092,1177.8223908704106,2062.1511828612515
forecast_5126,2025-08-02 14:00:00,1246.4454931371283,1045.594895069588,2051.715861425812
forecast_5127,2025-08-02 15:00:00,1159.123962990262,1024.932553641619,1794.4576211307885
forecast_5128,2025-08-02 16:00:00,1074.9188128218377,920.5759644616861,1719.8838095533308
forecast_5129,2025-08-02 17:00:00,812.6687226911658,735.0380141178467,1732.4455627009656
forecast_5130,2025-08-02 18:00:00,860.0689849696448,731.5481694035788,1748.8809732067114
forecast_5131,2025-08-02 19:00:00,913.9489375790714,774.688899216437,1811.2452150950564
forecast_5132,2025-08-02 20:00:00,1003.327808242215,795.9350445145876,1862.690370782041
forecast_5133,2025-08-02 21:00:00,1283.5699727971091,959.9026593496192,2004.5249290592074
forecast_5134,2025-08-02 22:00:00,1921.5612501025844,1512.833554640123,2189.605366161796
forecast_5135,2025-08-02 23:00:00,2557.209684335163,2076.562588913863,2438.8433190552796
forecast_5136,2025-08-03 00:00:00,3651.5970527190902,2691.7378124477355,2959.482681139145
forecast_5137,2025-08-03 01:00:00,5037.039674870826,3607.167309641949,3616.365430697955
forecast_5138,2025-08-03 02:00:00,5755.492728484106,4664.489455496807,4397.195398182879
forecast_5139,2025-08-03 03:00:00,5679.76581364155,4678.370747750247,4010.39072325225
forecast_5140,2025-08-03 04:00:00,4027.277045225368,3510.592382912091,3143.372033736698
forecast_5141,2025-08-03 05:00:00,2620.0679359258966,1821.4764198533771,2485.0257870644177
forecast_5142,2025-08-03 06:00:00,1710.8871994703468,1273.549512544786,2120.506912262276
forecast_5143,2025-08-03 07:00:00,1060.686380454806,985.2935411692719,1866.7935634871953
forecast_5144,2025-08-03 08:00:00,904.4762853970163,730.4022329125039,1705.669321257618
forecast_5145,2025-08-03 09:00:00,757.9522044084785,732.2803791945004,1582.8453380154094
forecast_5146,2025-08-03 10:00:00,630.3682719923794,676.1552826072054,1496.1569441676586
forecast_5147,2025-08-03 11:00:00,639.2437131589559,758.3120036814698,1484.6845320582836
forecast_5148,2025-08-03 12:00:00,660.274003678509,780.6424752488383,1592.1004809653552
forecast_5149,2025-08-03 13:00:00,696.0118499542696,956.4615161980618,1572.1273789315453
forecast_5150,2025-08-03 14:00:00,814.9563793717522,1099.530106608437,1696.3210054864994
forecast_5151,2025-08-03 15:00:00,1141.7193686427795,1828.665906983175,2061.973642961926
forecast_5152,2025-08-03 16:00:00,1558.0760885768182,2644.7840861506074,2151.0034112007665
forecast_5153,2025-08-03 17:00:00,2045.7912672193722,3309.1830548024595,2495.3885217445077
forecast_5154,2025-08-03 18:00:00,2789.4419183252157,3947.014603532384,2785.1914204325003
forecast_5155,2025-08-03 19:00:00,4206.0601412779615,4834.168567865134,3647.262944527971
forecast_5156,2025-08-03 20:00:00,5153.725303807707,5365.315229374159,4304.350603780852
forecast_5157,2025-08-03 21:00:00,4467.041673170065,5315.759790938981,4266.03423539854
forecast_5158,2025-08-03 22:00:00,5232.465471293819,5380.066573233753,4817.022359639064
forecast_5159,2025-08-03 23:00:00,4637.642712673825,6384.730874144854,4833.972703247803
forecast_5160,2025-08-04 00:00:00,4969.708905915215,6830.256214761109,4841.435800065015
forecast_5161,2025-08-04 01:00:00,4549.720309902035,7312.091142789936,4215.2483346493445
forecast_5162,2025-08-04 02:00:00,4071.0421310197,7043.760061323606,4113.751145352997
forecast_5163,2025-08-04 03:00:00,4016.1560248011215,6436.050020154763,4844.492078041778
forecast_5164,2025-08-04 04:00:00,5005.7179070341745,7012.568356278947,4747.729037626869
forecast_5165,2025-08-04 05:00:00,5695.165643120448,7619.660600582355,5785.0964044940565
forecast_5166,2025-08-04 06:00:00,6653.692289964696,7837.666050732416,8608.794819526584
forecast_5167,2025-08-04 07:00:00,7341.310148608914,10071.299472131575,9596.49556407133
forecast_5168,2025-08-04 08:00:00,7426.433472741373,11243.078584440858,8598.727521632285
forecast_5169,2025-08-04 09:00:00,7929.238863214839,11486.557557662452,7934.28516660328
forecast_5170,2025-08-04 10:00:00,6942.470258221267,9409.928194619883,6783.266316943663
forecast_5171,2025-08-04 11:00:00,6048.745011240705,8217.876301550814,6297.236611039903
forecast_5172,2025-08-04 12:00:00,5389.30072639328,6662.474546252937,6114.786635937764
forecast_5173,2025-08-04 13:00:00,4532.321396210261,5843.76986857824,5471.154804236541
forecast_5174,2025-08-04 14:00:00,3945.431791920919,5084.067696450338,5157.896791387433
forecast_5175,2025-08-04 15:00:00,3951.3425296514433,4229.808201734591,5012.52290893242
forecast_5176,2025-08-04 16:00:00,4073.2835596940577,3979.0888383204674,4757.865706625931
forecast_5177,2025-08-04 17:00:00,3905.6523186156487,4084.643974860843,4746.829780142854
forecast_5178,2025-08-04 18:00:00,4953.411653059136,4670.169991410054,4876.568896776102
forecast_5179,2025-08-04 19:00:00,5659.261513161428,5359.253699173882,4887.980298038168
forecast_5180,2025-08-04 20:00:00,6282.417877872815,6104.102643801396,5561.6240260828945
forecast_5181,2025-08-04 21:00:00,7141.748562180424,7295.226128055694,6241.430102484833
forecast_5182,2025-08-04 22:00:00,7382.386166063503,7740.027092014132,5644.5302714673635
forecast_5183,2025-08-04 23:00:00,7318.0375515334845,8428.091813669977,6110.094897708259
forecast_5184,2025-08-05 00:00:00,6886.509301909434,9791.194700312484,6002.408095439716
forecast_5185,2025-08-05 01:00:00,6335.559319196847,8178.932078753316,5550.400933985703
forecast_5186,2025-08-05 02:00:00,5414.4753589788,6630.206278291048,4896.929545778956
forecast_5187,2025-08-05 03:00:00,4771.470444087365,5573.035118862209,4532.8582006734705
forecast_5188,2025-08-05 04:00:00,4162.368197352427,3848.917204571613,4006.9769116202006
forecast_5189,2025-08-05 05:00:00,3265.1794306643246,2800.203269735805,3362.3164221788493
forecast_5190,2025-08-05 06:00:00,2244.6704104617875,1884.0851746963772,2870.023231237803
forecast_5191,2025-08-05 07:00:00,2137.5884665594995,1676.2205452659675,2602.0201030866656
forecast_5192,2025-08-05 08:00:00,2009.1277132099895,1768.539644301282,2390.2380936790105
forecast_5193,2025-08-05 09:00:00,1862.5178403499835,1838.1718728625256,2367.2993387348306
forecast_5194,2025-08-05 10:00:00,1869.8102407102515,1892.911550426074,2464.949708789243
forecast_5195,2025-08-05 11:00:00,2540.855076963033,2818.8027271179735,3002.876508795973
forecast_5196,2025-08-05 12:00:00,3204.300020127949,3551.1030495513546,4385.534446346553
forecast_5197,2025-08-05 13:00:00,4872.960397573793,4648.401720165672,5024.601427733793
forecast_5198,2025-08-05 14:00:00,5762.244686173985,5783.505552701135,5743.780248206336
forecast_5199,2025-08-05 15:00:00,6548.247731757727,6051.097773665688,6219.819363686394
forecast_5200,2025-08-05 16:00:00,7357.6940061451405,6206.30515032423,6399.943261223255
forecast_5201,2025-08-05 17:00:00,7097.605749324458,6815.172917913467,6979.395572554163
forecast_5202,2025-08-05 18:00:00,6920.010192377287,6656.879550014529,6871.212737733166
forecast_5203,2025-08-05 19:00:00,6922.41151998583,7473.871327717377,6960.964783425643
forecast_5204,2025-08-05 20:00:00,7515.001837685404,8548.97035673488,7575.258527346744
forecast_5205,2025-08-05 21:00:00,8173.3764475648595,9118.701771724032,7499.647754362877
forecast_5206,2025-08-05 22:00:00,9911.121291886404,10579.40983419287,8106.278688512864
forecast_5207,2025-08-05 23:00:00,11379.79527033881,12199.431535285075,8389.86021938589
forecast_5208,2025-08-06 00:00:00,11131.020522164617,11806.262936732955,8871.179316714884
forecast_5209,2025-08-06 01:00:00,11254.696088374896,11291.551895586257,9565.192650996958
forecast_5210,2025-08-06 02:00:00,11744.671404228147,12075.792683005016,9930.463228816305
forecast_5211,2025-08-06 03:00:00,12231.467440888646,13664.987951882498,12327.264900334638
forecast_5212,2025-08-06 04:00:00,12736.566214394534,15222.601844847452,13057.82300387812
forecast_5213,2025-08-06 05:00:00,13634.253249278838,15214.290087095329,12898.302634630834
forecast_5214,2025-08-06 06:00:00,14018.198962379838,14861.474034179797,14141.390459662547
forecast_5215,2025-08-06 07:00:00,13160.745476131333,15012.172348472282,14118.169225633557
forecast_5216,2025-08-06 08:00:00,13802.698921755205,14853.98862993022,13807.755792764974
forecast_5217,2025-08-06 09:00:00,14022.806588262036,15549.986720052984,13304.367043460788
forecast_5218,2025-08-06 10:00:00,13211.981909976439,15635.688770706396,13295.033476373852
forecast_5219,2025-08-06 11:00:00,12868.861913602073,15666.991261558209,14043.54417223987
forecast_5220,2025-08-06 12:00:00,12536.58428450755,15713.53006776644,13402.897628049595
forecast_5221,2025-08-06 13:00:00,13180.987591778588,16817.471079814597,14558.189254663173
forecast_5222,2025-08-06 14:00:00,14540.360058434762,17322.38373632468,15755.06080530013
forecast_5223,2025-08-06 15:00:00,13526.515364085042,16463.085952819874,15611.503209669954
forecast_5224,2025-08-06 16:00:00,14287.824085611124,16751.2689841693,14690.357269456941
forecast_5225,2025-08-06 17:00:00,14730.346940420626,16420.45638397691,15745.168360604162
forecast_5226,2025-08-06 18:00:00,15256.54367652449,16841.27620545083,16251.296045365578
forecast_5227,2025-08-06 19:00:00,16082.890286274429,17068.05414833261,15627.016574957574
forecast_5228,2025-08-06 20:00:00,15741.816971398695,16143.260321965714,15782.416189557678
forecast_5229,2025-08-06 21:00:00,15869.948518925947,17106.531595657056,16453.169925857914
forecast_5230,2025-08-06 22:00:00,15745.658815080951,17983.31209229557,14962.95604288633
forecast_5231,2025-08-06 23:00:00,15841.249186443121,17803.5358492858,16300.26673373428
forecast_5232,2025-08-07 00:00:00,15153.599721211896,17618.081140526498,16351.870581373809
forecast_5233,2025-08-07 01:00:00,14729.264983663494,16722.072948810106,15841.680825120804
forecast_5234,2025-08-07 02:00:00,15157.028975310586,16877.65794343107,16569.07204228925
forecast_5235,2025-08-07 03:00:00,15072.62100777951,16615.236213163633,16070.594343974077
forecast_5236,2025-08-07 04:00:00,14446.463469811542,16357.57445609832,15926.759751580268
forecast_5237,2025-08-07 05:00:00,14320.910062584087,16648.487409602938,14917.756864431894
forecast_5238,2025-08-07 06:00:00,14018.015518547842,15881.80853634647,14163.991113855187
forecast_5239,2025-08-07 07:00:00,13012.301911088422,14697.667936281681,11832.357377243907
forecast_5240,2025-08-07 08:00:00,11553.400913386175,12409.16501792733,9244.91928148366
forecast_5241,2025-08-07 09:00:00,9053.549605098244,9524.815028779223,7292.774503845436
forecast_5242,2025-08-07 10:00:00,6232.629968098524,6411.854384608067,4880.495227288707
forecast_5243,2025-08-07 11:00:00,4573.500145294127,3190.3934466974983,3234.0063632346564
forecast_5244,2025-08-07 12:00:00,2804.8563252566355,2021.234328589042,2607.490812867869
forecast_5245,2025-08-07 13:00:00,1682.151367645699,1546.99437467316,2013.0233690541768
forecast_5246,2025-08-07 14:00:00,1345.7048927658614,1169.737836217367,1842.8494071321961
forecast_5247,2025-08-07 15:00:00,1119.0233194981606,1074.1472731383874,1810.7028729845977
forecast_5248,2025-08-07 16:00:00,1037.0491877810493,1046.943344993224,1784.2663812745504
forecast_5249,2025-08-07 17:00:00,1049.821821187726,1115.6502468080623,1850.7984985960434
forecast_5250,2025-08-07 18:00:00,1245.282613999609,1146.3533015580588,1887.167099138751
forecast_5251,2025-08-07 19:00:00,1564.5305784708416,1658.6944428767188,2026.204815921095
forecast_5252,2025-08-07 20:00:00,2607.8774421783296,2965.417709069132,2458.7439343084798
forecast_5253,2025-08-07 21:00:00,3938.6384473011462,4390.847246498494,3565.51929453686
forecast_5254,2025-08-07 22:00:00,4814.408880379329,5199.523308423564,4524.0223481633875
forecast_5255,2025-08-07 23:00:00,6282.343507630187,6467.556231810605,5844.404111227335
forecast_5256,2025-08-08 00:00:00,6736.8117671897535,7520.430842166091,6252.689346072021
forecast_5257,2025-08-08 01:00:00,6955.750248504372,7635.881433110383,6116.747721135776
forecast_5258,2025-08-08 02:00:00,7174.588727354101,7246.805569405027,5942.767181973207
forecast_5259,2025-08-08 03:00:00,6616.174471839314,6390.050634459589,5706.688178544315
forecast_5260,2025-08-08 04:00:00,5420.173116797176,5004.379016802072,4878.886528685483
forecast_5261,2025-08-08 05:00:00,4702.749290695574,3634.0661856779693,3669.79440187373
forecast_5262,2025-08-08 06:00:00,3510.2537676236675,2515.7291580743963,2705.609620106985
forecast_5263,2025-08-08 07:00:00,1983.8514738547688,1939.1075713762248,2140.137327204192
forecast_5264,2025-08-08 08:00:00,1474.8967137892898,1486.0431378399182,1831.1392247716808
forecast_5265,2025-08-08 09:00:00,1035.5901929223576,1212.1440738206134,1693.7007022189816
forecast_5266,2025-08-08 10:00:00,864.743692656796,991.5434687776926,1656.6395946633277
forecast_5267,2025-08-08 11:00:00,792.4919289107678,963.6080238099116,1657.1646521711632
forecast_5268,2025-08-08 12:00:00,787.5109414967793,837.7977804805594,1634.207274210297
forecast_5269,2025-08-08 13:00:00,793.8952798756856,875.4946821149151,1709.2733992457836
forecast_5270,2025-08-08 14:00:00,861.0771646413106,995.8576765838225,1737.3195418239086
forecast_5271,2025-08-08 15:00:00,869.6430826100606,967.7292728356084,1677.144859206721
forecast_5272,2025-08-08 16:00:00,902.6333405094476,875.4919681481084,1704.3737410426586
forecast_5273,2025-08-08 17:00:00,861.9028997832645,743.398773493823,1719.2502058864086
forecast_5274,2025-08-08 18:00:00,929.6746002750726,836.2682975633342,1708.229087722346
forecast_5275,2025-08-08 19:00:00,918.0623371745199,797.8693147109366,1721.616050612971
forecast_5276,2025-08-08 20:00:00,947.4282491131348,855.3749863857736,1747.9633406520336
forecast_5277,2025-08-08 21:00:00,955.7725907166638,861.2456572384758,1772.123618972346
forecast_5278,2025-08-08 22:00:00,1074.5531658595294,1035.2767498083435,1788.078647751226
forecast_5279,2025-08-08 23:00:00,1601.4906537542956,1506.816471140694,2078.3553374895373
forecast_5280,2025-08-09 00:00:00,1768.3974999034015,1644.9680706802585,2266.5193728864497
forecast_5281,2025-08-09 01:00:00,1974.7871793657018,1801.0097473050605,2211.7974245403657
forecast_5282,2025-08-09 02:00:00,2142.2216081565402,2078.537053978163,2718.577837652129
forecast_5283,2025-08-09 03:00:00,2588.782110286197,2379.1003750751274,2505.744009593791
forecast_5284,2025-08-09 04:00:00,3347.431131687663,2777.889305068994,2875.112812802904
forecast_5285,2025-08-09 05:00:00,4760.0846000144675,4033.714465068263,3589.6488034441168
forecast_5286,2025-08-09 06:00:00,3898.1247835756776,4014.1584413215264,3524.67122075341
forecast_5287,2025-08-09 07:00:00,3062.123924511475,3269.2011172308985,2899.7010143284865
forecast_5288,2025-08-09 08:00:00,2432.697324339575,2350.82762915042,2370.63434887017
forecast_5289,2025-08-09 09:00:00,2150.145410721617,1947.5033065458247,2214.8156093213825
forecast_5290,2025-08-09 10:00:00,2119.793980687323,1985.80832867876,2260.9173254920265
forecast_5291,2025-08-09 11:00:00,2304.9415351831294,2415.7699753288143,2577.0472162184146
forecast_5292,2025-08-09 12:00:00,1663.776272938067,1983.6771638681214,2216.7485959233786
forecast_5293,2025-08-09 13:00:00,1140.6932585256336,1423.4860075562137,1982.9233355980473
forecast_5294,2025-08-09 14:00:00,944.174905875526,1121.5999289900092,1860.9535047415634
forecast_5295,2025-08-09 15:00:00,873.2330816292533,1095.2786680182783,1839.5212299312673
forecast_5296,2025-08-09 16:00:00,1017.7095987178425,1200.3747572329178,1835.717717852348
forecast_5297,2025-08-09 17:00:00,1157.765329124817,1527.9324706667896,1919.4182278359344
forecast_5298,2025-08-09 18:00:00,1275.474360562171,1637.1255213681839,2015.5918757418908
forecast_5299,2025-08-09 19:00:00,1154.340964779544,1658.49452291065,2072.542961891797
forecast_5300,2025-08-09 20:00:00,1208.7357363880935,1660.7223275270642,2081.981685070686
forecast_5301,2025-08-09 21:00:00,1302.4755893390357,1584.2261762630376,2097.92955100465
forecast_5302,2025-08-09 22:00:00,1396.5863736579759,1508.1016183736342,2069.2000704998572
forecast_5303,2025-08-09 23:00:00,1310.5721193168627,1398.04377835256,1923.4642687533837
forecast_5304,2025-08-10 00:00:00,1149.6679311435917,1177.4297952809027,1854.733194420482
forecast_5305,2025-08-10 01:00:00,1151.5162915666456,1168.5909799723672,1851.039610714334
forecast_5306,2025-08-10 02:00:00,1164.1337977664643,1220.1590675540506,1822.7322389797853
forecast_5307,2025-08-10 03:00:00,1288.0856223146268,1324.0826356679495,1805.4153763758775
forecast_5308,2025-08-10 04:00:00,1330.577220394704,1401.149940459133,1767.8659345945698
forecast_5309,2025-08-10 05:00:00,1565.390851026766,1537.3155666782159,1762.9447493646692
forecast_5310,2025-08-10 06:00:00,1871.1270059019141,1715.185663881493,1794.6440274117635
forecast_5311,2025-08-10 07:00:00,1715.9191370151939,1735.3910402941415,1767.2870682626026
forecast_5312,2025-08-10 08:00:00,1334.9821304634543,1482.2951811380171,1706.9961411930606
forecast_5313,2025-08-10 09:00:00,1253.5009684969875,1315.2184461686122,1665.2934983105542
forecast_5314,2025-08-10 10:00:00,1119.0586576790627,1236.394822857419,1641.1339338241066
forecast_5315,2025-08-10 11:00:00,1062.2705394111513,1216.7404862786684,1667.994108230215
forecast_5316,2025-08-10 12:00:00,1061.8961953783328,1226.3563832101938,1770.4450162953767
forecast_5317,2025-08-10 13:00:00,1043.3122296689917,1188.9472041200859,1864.597958212989
forecast_5318,2025-08-10 14:00:00,1050.4861189003198,1167.8507956576059,1879.832650995098
forecast_5319,2025-08-10 15:00:00,992.420512571108,1029.3290104447005,1800.838999797777
forecast_5320,2025-08-10 16:00:00,967.9047952963531,952.0800855589196,1804.0413318660474
forecast_5321,2025-08-10 17:00:00,954.0443428105469,892.833807096021,1770.4396966955017
forecast_5322,2025-08-10 18:00:00,963.6913239078851,869.7755553574269,1766.1453185434666
forecast_5323,2025-08-10 19:00:00,1003.7895905094476,908.2774413623767,1734.4650496364086
forecast_5324,2025-08-10 20:00:00,1027.7980743961664,929.1012620461188,1723.2826765895336
forecast_5325,2025-08-10 21:00:00,1034.5756643460236,919.4599046242438,1729.773277175471
forecast_5326,2025-08-10 22:00:00,1093.336334731691,946.3431421500443,1732.0636824489086
forecast_5327,2025-08-10 23:00:00,1052.5738726740728,1000.6931777549559,1736.0719832301586
forecast_5328,2025-08-11 00:00:00,930.795033643792,1013.0190454703568,1769.3879011989086
forecast_5329,2025-08-11 01:00:00,970.5434647465521,900.758596350531,1735.1110457301586
forecast_5330,2025-08-11 02:00:00,1060.1021430062672,925.9491581081122,1719.2018660426586
forecast_5331,2025-08-11 03:00:00,957.3117646763146,944.5853986405222,1725.1095808864086
forecast_5332,2025-08-11 04:00:00,973.4454590379087,1004.8031503920711,1726.687583816096
forecast_5333,2025-08-11 05:00:00,943.9736217315891,1017.623911556009,1729.4491804957836
forecast_5334,2025-08-11 06:00:00,909.392124370039,890.0834574503187,1727.9726179957836
forecast_5335,2025-08-11 07:00:00,897.3566570069277,889.2827260765664,1703.7526472926586
forecast_5336,2025-08-11 08:00:00,937.493673988611,866.12430447865,1672.353599441096
forecast_5337,2025-08-11 09:00:00,909.58407249443,856.257729373634,1660.715904128596
forecast_5338,2025-08-11 10:00:00,837.7998208913106,807.1682660992901,1624.7658308864086
forecast_5339,2025-08-11 11:00:00,833.9377603444356,800.4053421933454,1582.1803816676586
forecast_5340,2025-08-11 12:00:00,826.7665567311543,830.9109780427021,1601.2946394801586
forecast_5341,2025-08-11 13:00:00,838.8575601491231,834.0166298981709,1620.137779128596
forecast_5342,2025-08-11 14:00:00,870.9391031178731,849.4989907380146,1612.247886550471
forecast_5343,2025-08-11 15:00:00,877.9788980397481,803.4921548005146,1612.191734206721
forecast_5344,2025-08-11 16:00:00,912.9892381903487,735.7168252106709,1615.7589949489086
forecast_5345,2025-08-11 17:00:00,890.173869538005,727.3509419957456,1572.319908034846
forecast_5346,2025-08-11 18:00:00,888.2909332828851,768.7959908944322,1637.6217879176586
forecast_5347,2025-08-11 19:00:00,866.0843292789789,751.1916055517638,1644.3964461207836
forecast_5348,2025-08-11 20:00:00,847.379173195999,762.8751382666076,1634.6574324489086
forecast_5349,2025-08-11 21:00:00,841.8069166903906,805.0600115345956,1636.5336531520336
forecast_5350,2025-08-11 22:00:00,937.3250939687563,814.0165790282083,1660.915897144761
forecast_5351,2025-08-11 23:00:00,971.7166263816302,799.0925607186509,1677.381876601462
forecast_5352,2025-08-12 00:00:00,1022.0447064379445,842.6642378138187,1773.55147830922
forecast_5353,2025-08-12 01:00:00,1182.1950251558133,947.5364568141085,1898.5263109020746
forecast_5354,2025-08-12 02:00:00,1757.9460432670162,1597.557786320364,2114.2579690957723
forecast_5355,2025-08-12 03:00:00,2487.0554210166893,2556.241854932531,2591.891063699254
forecast_5356,2025-08-12 04:00:00,2476.8127012976333,2611.158036807403,2563.3945306579585
forecast_5357,2025-08-12 05:00:00,1978.9660798042719,2055.058601598878,2150.9107269284714
forecast_5358,2025-08-12 06:00:00,1522.4007362349873,1628.2274339908413,1922.3131480002194
forecast_5359,2025-08-12 07:00:00,1286.326915517564,1341.2820172328613,1779.549565658923
forecast_5360,2025-08-12 08:00:00,1044.3630650006485,1029.7108565374253,1689.0838194627026
forecast_5361,2025-08-12 09:00:00,921.3100809125879,895.8540015694609,1636.8349720834017
forecast_5362,2025-08-12 10:00:00,854.6208307182035,881.5040025914002,1615.3237389082833
forecast_5363,2025-08-12 11:00:00,838.5818773473947,810.0473758941284,1631.968741525535
forecast_5364,2025-08-12 12:00:00,816.4966911242111,872.1322791002914,1648.6548114750108
forecast_5365,2025-08-12 13:00:00,807.9449998570723,778.0642367985657,1650.080928531218
forecast_5366,2025-08-12 14:00:00,786.1046739583772,803.8547546608294,1668.0349616391115
forecast_5367,2025-08-12 15:00:00,825.1019169011788,776.167387889136,1697.9993413457923
forecast_5368,2025-08-12 16:00:00,897.6905240134072,839.9327851129739,1754.3431602175765
forecast_5369,2025-08-12 17:00:00,927.1385539285302,803.9030814586603,1755.1199482248592
forecast_5370,2025-08-12 18:00:00,1055.7566807254395,878.5508021968276,1821.4548656234433
forecast_5371,2025-08-12 19:00:00,1427.3232054750565,1113.0794057256837,1906.8229043564343
forecast_5372,2025-08-12 20:00:00,1608.2308389730701,1411.0866901042818,1982.4083594132169
forecast_5373,2025-08-12 21:00:00,1970.50006447715,1778.1539502390178,2069.997864237822
forecast_5374,2025-08-12 22:00:00,2382.734504505565,2652.0781401964055,2238.094313459211
forecast_5375,2025-08-12 23:00:00,2930.5257454090665,2966.000207121395,2320.6554289458877
forecast_5376,2025-08-13 00:00:00,3387.033254417416,3092.5401660035263,2689.177766818869
forecast_5377,2025-08-13 01:00:00,3189.7914610368234,2501.418362691079,2762.2443334574436
forecast_5378,2025-08-13 02:00:00,3343.339229139647,2587.418242637322,2784.153169123117
forecast_5379,2025-08-13 03:00:00,3888.907699761402,2974.5246645329676,2922.2520894745303
forecast_5380,2025-08-13 04:00:00,3557.0900178172133,3425.9006725666177,2825.2870307210324
forecast_5381,2025-08-13 05:00:00,3426.774244631183,3667.299146809743,2841.9945456574897
forecast_5382,2025-08-13 06:00:00,4176.2791333438345,4072.0074566129115,3326.1141943390467
forecast_5383,2025-08-13 07:00:00,5648.9149189396085,5547.3673387908275,4749.590865202525
forecast_5384,2025-08-13 08:00:00,6960.689700438871,6974.762514429805,5618.258644287207
forecast_5385,2025-08-13 09:00:00,8140.586563669239,8644.574949599537,6420.827588358279
forecast_5386,2025-08-13 10:00:00,8151.319565929897,9941.804119359069,7165.481926480669
forecast_5387,2025-08-13 11:00:00,8186.59258034088,11328.166763387348,7164.8889720483085
forecast_5388,2025-08-13 12:00:00,7300.825534180518,9604.42054940365,7465.5942927910955
forecast_5389,2025-08-13 13:00:00,6865.905931719455,10196.552165961304,7087.547312531744
forecast_5390,2025-08-13 14:00:00,6345.623494046858,8539.426474435288,6861.849731924003
forecast_5391,2025-08-13 15:00:00,6440.518782333022,8323.224822082595,7435.235943167835
forecast_5392,2025-08-13 16:00:00,6474.807734334279,8174.147057893243,7814.759868583929
forecast_5393,2025-08-13 17:00:00,7631.466902016875,9892.258158750565,8305.644016328746
forecast_5394,2025-08-13 18:00:00,9228.244181371701,13197.557316935829,11613.215677833949
forecast_5395,2025-08-13 19:00:00,11877.23402123682,13877.323758022005,13714.611418315144
forecast_5396,2025-08-13 20:00:00,13881.697092761015,15416.590792406103,14438.20121653668
forecast_5397,2025-08-13 21:00:00,15872.181468539495,17283.979626676013,15283.100877827725
forecast_5398,2025-08-13 22:00:00,17498.520077635316,18131.94908432816,17834.458714592973
forecast_5399,2025-08-13 23:00:00,17640.798535140922,18667.099985608573,18043.819316802634
forecast_5400,2025-08-14 00:00:00,17704.15070234653,18678.745688224888,18402.036004790563
forecast_5401,2025-08-14 01:00:00,17499.437013900493,18592.646376814242,18280.891369922945
forecast_5402,2025-08-14 02:00:00,17458.136053087313,18464.356293751713,18116.818564558227
forecast_5403,2025-08-14 03:00:00,16742.26763262083,18139.780760656606,17628.046267516147
forecast_5404,2025-08-14 04:00:00,15980.262305708953,17661.815335309773,16585.471904528218
forecast_5405,2025-08-14 05:00:00,15889.027879127274,17560.721626803832,15527.394848338277
forecast_5406,2025-08-14 06:00:00,14871.496262454137,17338.42163024116,15453.052841323586
forecast_5407,2025-08-14 07:00:00,14563.79290716179,16782.197787231395,14471.189426963389
forecast_5408,2025-08-14 08:00:00,14394.72495735468,16185.864875131869,14741.507675043304
forecast_5409,2025-08-14 09:00:00,14179.170964525661,14987.893802646484,13632.808836231201
forecast_5410,2025-08-14 10:00:00,13371.181960440488,12749.722161945469,11916.660808353117
forecast_5411,2025-08-14 11:00:00,12016.974531477255,11668.767563206038,10314.175214462313
forecast_5412,2025-08-14 12:00:00,10113.279809539341,10730.787429537664,9497.923839226998
forecast_5413,2025-08-14 13:00:00,8860.857479499964,10348.985970119229,9683.294579053603
forecast_5414,2025-08-14 14:00:00,9325.320065594948,10833.730002719883,10427.175338993413
forecast_5415,2025-08-14 15:00:00,10479.84992259559,10598.980219531735,11555.584246515153
forecast_5416,2025-08-14 16:00:00,12147.905672338618,11940.514106838553,12292.620777155244
forecast_5417,2025-08-14 17:00:00,13530.322539536546,12961.41323789697,12643.076144438883
forecast_5418,2025-08-14 18:00:00,14307.295228526375,13267.205489821434,12757.799512066389
forecast_5419,2025-08-14 19:00:00,14085.593347896669,13729.078872180551,13296.263997222231
forecast_5420,2025-08-14 20:00:00,14256.616382414464,13977.262069146205,14142.128513139842
forecast_5421,2025-08-14 21:00:00,13855.080634099511,14195.031714200408,14510.474475746469
forecast_5422,2025-08-14 22:00:00,14537.56174119533,15433.833531848539,14004.424620209262
forecast_5423,2025-08-14 23:00:00,14059.749543699561,15541.49169165194,13531.8767293925
forecast_5424,2025-08-15 00:00:00,13248.818146472187,15220.998206197322,12919.158256988176
forecast_5425,2025-08-15 01:00:00,13749.45738081989,14556.26379202871,10151.94755435265
forecast_5426,2025-08-15 02:00:00,13279.473129176824,14214.250872390985,9338.960781580601
forecast_5427,2025-08-15 03:00:00,12390.901814739687,14034.137741314,8869.94748892841
forecast_5428,2025-08-15 04:00:00,12108.226071640403,13541.814164494304,8631.279951125394
forecast_5429,2025-08-15 05:00:00,11348.289080883507,11914.825327418414,8182.53192135304
forecast_5430,2025-08-15 06:00:00,8882.87245863201,8395.022394794934,7157.363803915589
forecast_5431,2025-08-15 07:00:00,7588.0308673143845,6367.065057509983,5797.942907429891
forecast_5432,2025-08-15 08:00:00,5577.271382889211,4414.218111876939,4429.663428210273
forecast_5433,2025-08-15 09:00:00,3275.2710658857836,2359.9196747569777,2700.2577384234855
forecast_5434,2025-08-15 10:00:00,1831.1105069927428,1354.7825163420148,2168.3891151111375
forecast_5435,2025-08-15 11:00:00,1210.5430988354005,1028.5008972023236,1925.1610590389191
forecast_5436,2025-08-15 12:00:00,1235.6191211075939,920.7024664431508,1818.591189256392
forecast_5437,2025-08-15 13:00:00,1267.3094998086492,906.6879695694073,1916.0187338436822
forecast_5438,2025-08-15 14:00:00,1364.2682775877493,1001.5298720300717,1986.086274924859
forecast_5439,2025-08-15 15:00:00,1480.563465560468,1123.1671768967428,2013.478564909071
forecast_5440,2025-08-15 16:00:00,1496.0181596224998,1222.7020434169556,2021.653314218309
forecast_5441,2025-08-15 17:00:00,1469.5467881741629,1428.513491940249,1956.8941575693766
forecast_5442,2025-08-15 18:00:00,1434.9709153507465,1509.281874272704,2115.153340033957
forecast_5443,2025-08-15 19:00:00,1854.8458135691028,1959.8919105424438,2261.6582516118397
forecast_5444,2025-08-15 20:00:00,3028.4838937220725,3124.3931317442343,2871.5194746116167
forecast_5445,2025-08-15 21:00:00,4080.1464141198862,4184.4411810537695,4266.451019238815
forecast_5446,2025-08-15 22:00:00,6396.627476351246,5980.990661567327,6018.613900461332
forecast_5447,2025-08-15 23:00:00,8614.93516189164,7861.077016232314,7656.197929848363
forecast_5448,2025-08-16 00:00:00,9928.866848754264,9834.033161541183,8923.208963896202
forecast_5449,2025-08-16 01:00:00,10875.179148843228,11308.933275460982,9078.089180163824
forecast_5450,2025-08-16 02:00:00,11335.760006590184,10878.437028135402,9251.70059881109
forecast_5451,2025-08-16 03:00:00,11417.779748158611,11412.475471028867,9219.022722306421
forecast_5452,2025-08-16 04:00:00,11335.503260005522,11511.497398947553,9485.141786662742
forecast_5453,2025-08-16 05:00:00,11269.202423507095,11771.443037566296,9316.049075372472
forecast_5454,2025-08-16 06:00:00,11218.357558521935,12078.64294215177,8802.586273892768
forecast_5455,2025-08-16 07:00:00,11401.171982569485,11705.128517551257,8199.373758601421
forecast_5456,2025-08-16 08:00:00,10550.124777006573,10448.01667661666,7217.8051101846195
forecast_5457,2025-08-16 09:00:00,8988.462582227108,8105.3333522997555,6419.399018444928
forecast_5458,2025-08-16 10:00:00,6532.299870753779,5633.557299343783,5670.221457272215
forecast_5459,2025-08-16 11:00:00,5574.06178618616,4425.4408871978885,5326.804612383132
forecast_5460,2025-08-16 12:00:00,5548.191828646856,4792.234710432395,5456.51199853043
forecast_5461,2025-08-16 13:00:00,6382.475067518926,5657.0814087190765,5578.842128120681
forecast_5462,2025-08-16 14:00:00,6889.927045776105,6031.118198895975,6042.0740835389515
forecast_5463,2025-08-16 15:00:00,7476.592676849371,6719.676851871652,6863.070953142081
forecast_5464,2025-08-16 16:00:00,7584.54502820826,7929.58726797309,7370.7716215637165
forecast_5465,2025-08-16 17:00:00,8486.195643984993,8554.198921212768,8363.148098967013
forecast_5466,2025-08-16 18:00:00,10590.051255387043,10420.79340899194,11058.601815279515
forecast_5467,2025-08-16 19:00:00,12710.64788066887,13495.18872026297,12391.731989251477
forecast_5468,2025-08-16 20:00:00,14142.0514810145,15604.53641011588,14240.209905791442
forecast_5469,2025-08-16 21:00:00,14692.4890568807,16963.039819801743,15713.558293787128
forecast_5470,2025-08-16 22:00:00,16618.174367243708,17819.94489684089,15625.417976580655
forecast_5471,2025-08-16 23:00:00,17987.923173537092,18121.2963673196,15749.277325487099
forecast_5472,2025-08-17 00:00:00,17871.107849091895,18190.0405286646,16535.081356832616
forecast_5473,2025-08-17 01:00:00,18136.430450790784,18364.65179424271,16725.066614997566
forecast_5474,2025-08-17 02:00:00,18372.711236605326,18625.635446755172,16664.509962608132
forecast_5475,2025-08-17 03:00:00,18326.951843433708,18442.59207124922,16043.162619962663
forecast_5476,2025-08-17 04:00:00,18643.167022179394,18424.25792197819,16228.08496446091
forecast_5477,2025-08-17 05:00:00,19132.108334319426,18610.955950223582,16572.340231821865
forecast_5478,2025-08-17 06:00:00,19031.579280055143,18448.972051424134,16463.8953846484
forecast_5479,2025-08-17 07:00:00,17629.345327879077,18173.083959017516,13539.437137871013
forecast_5480,2025-08-17 08:00:00,14840.330244255294,17011.489438151133,12197.592732108125
forecast_5481,2025-08-17 09:00:00,12249.188518948562,14575.088954641742,10411.041412536933
forecast_5482,2025-08-17 10:00:00,9345.957521679242,10796.460647009859,7991.480253122098
forecast_5483,2025-08-17 11:00:00,6917.639781306884,7777.0908870233525,6098.48327578504
forecast_5484,2025-08-17 12:00:00,5698.20890793565,5669.633252200787,4632.3999677673555
forecast_5485,2025-08-17 13:00:00,4983.483989821432,4332.674394694003,3964.09363050018
forecast_5486,2025-08-17 14:00:00,4784.7371035066935,3796.9516693556166,3867.9930741184708
forecast_5487,2025-08-17 15:00:00,4882.52635777409,4242.116178811724,4004.395602256159
forecast_5488,2025-08-17 16:00:00,4964.6260645134225,4562.406674143741,4013.1510708622986
forecast_5489,2025-08-17 17:00:00,5196.623472354802,4492.446967580515,4260.00344225946
forecast_5490,2025-08-17 18:00:00,6030.7066535460945,4510.749608128952,5022.529670484684
forecast_5491,2025-08-17 19:00:00,7251.6915624139065,5912.576129641658,5844.448468084443
forecast_5492,2025-08-17 20:00:00,8030.196153837314,7516.450193692528,6439.103433315263
forecast_5493,2025-08-17 21:00:00,8872.453683631948,8549.62663685142,6655.285565088256
forecast_5494,2025-08-17 22:00:00,9327.642381583353,8646.879817037101,6727.98809791473
forecast_5495,2025-08-17 23:00:00,9011.210980214339,8792.781196227206,6469.032352562915
forecast_5496,2025-08-18 00:00:00,9576.198383398005,9584.715257810614,7251.767173984281
forecast_5497,2025-08-18 01:00:00,10239.107740624484,10140.815282360556,7998.675426288198
forecast_5498,2025-08-18 02:00:00,10236.645238593264,10430.946290483269,7966.476796412209
forecast_5499,2025-08-18 03:00:00,10829.169348482958,11106.755225675774,7895.183072786818
forecast_5500,2025-08-18 04:00:00,11503.027004116084,12244.785415573886,8263.529307714847
forecast_5501,2025-08-18 05:00:00,11218.392943277246,11761.139202108629,8512.346631071663
forecast_5502,2025-08-18 06:00:00,11171.546211962625,11694.242092523147,8378.141400206106
forecast_5503,2025-08-18 07:00:00,10999.042840765143,12363.537997864114,8920.182670429705
forecast_5504,2025-08-18 08:00:00,10269.511071303194,11634.449785877323,8131.581336838113
forecast_5505,2025-08-18 09:00:00,9574.94986788122,10074.23431748194,7200.984143838921
forecast_5506,2025-08-18 10:00:00,7816.906819969052,8497.644169783141,7077.617451020733
forecast_5507,2025-08-18 11:00:00,7029.130421196104,7190.014927197535,5689.862120242826
forecast_5508,2025-08-18 12:00:00,6363.87186112525,6200.637669013253,5381.454675866204
forecast_5509,2025-08-18 13:00:00,5605.863046569687,5763.1820701333345,5152.649299059074
forecast_5510,2025-08-18 14:00:00,5474.551376772278,5271.659932693194,5331.536172158693
forecast_5511,2025-08-18 15:00:00,5641.046635143584,5813.596130203838,5722.081572613048
forecast_5512,2025-08-18 16:00:00,6215.387524165181,5926.53576868085,5913.271548710302
forecast_5513,2025-08-18 17:00:00,6346.023502028243,6243.6028552681655,6724.219019617874
forecast_5514,2025-08-18 18:00:00,7348.4661926955605,7209.33056508937,7673.64911554288
forecast_5515,2025-08-18 19:00:00,9608.672499513985,9645.690968941512,8947.43871619086
forecast_5516,2025-08-18 20:00:00,11014.501049494444,12734.066871457911,10479.169218069854
forecast_5517,2025-08-18 21:00:00,13036.120503945309,14141.993940675715,11912.347582760409
forecast_5518,2025-08-18 22:00:00,13532.169676447207,14644.498656459496,13073.50250447115
forecast_5519,2025-08-18 23:00:00,14223.514487493989,15517.133999398971,13521.329628055159
forecast_5520,2025-08-19 00:00:00,15425.926165335399,15920.25821238781,14202.502665122829
forecast_5521,2025-08-19 01:00:00,15486.985126119376,17032.6101403316,15255.447536814456
forecast_5522,2025-08-19 02:00:00,15032.827985799959,17708.984893777695,15244.00410121883
forecast_5523,2025-08-19 03:00:00,15197.365525024019,17427.977597374913,15301.38823736887
forecast_5524,2025-08-19 04:00:00,14777.467496475985,17271.082894892323,15628.786437118082
forecast_5525,2025-08-19 05:00:00,14657.14896772771,17543.664660457747,15795.904606784843
forecast_5526,2025-08-19 06:00:00,14772.230928999745,17578.45813156551,15401.439932982441
forecast_5527,2025-08-19 07:00:00,15110.484419423345,17619.875409036707,15775.913861537505
forecast_5528,2025-08-19 08:00:00,15180.193960769475,17911.482990889315,15944.1705680204
forecast_5529,2025-08-19 09:00:00,14537.532158381091,17360.117685835397,15774.281821889977
forecast_5530,2025-08-19 10:00:00,13078.463729959416,15572.952567582082,13169.285614375114
forecast_5531,2025-08-19 11:00:00,12026.435517685926,14642.73281882654,12691.459433379481
forecast_5532,2025-08-19 12:00:00,11592.339300651693,13502.461904134456,12142.103693604697
forecast_5533,2025-08-19 13:00:00,11135.571537258393,11771.347516098282,11149.722242971879
forecast_5534,2025-08-19 14:00:00,10445.045779931203,11078.571980051634,10588.762371518162
forecast_5535,2025-08-19 15:00:00,10001.904687663107,10638.502842070899,9938.16361209797
forecast_5536,2025-08-19 16:00:00,10257.028655749162,10037.27263701255,10102.361605260907
forecast_5537,2025-08-19 17:00:00,10507.351274765597,10493.245299666625,10054.541882007004
forecast_5538,2025-08-19 18:00:00,11142.292324081223,11884.800304295188,10968.657441951123
forecast_5539,2025-08-19 19:00:00,12163.663860163128,14845.562312888667,12618.790455369191
forecast_5540,2025-08-19 20:00:00,13662.901358337325,16308.626222203475,14623.477100987584
forecast_5541,2025-08-19 21:00:00,14979.15634458056,16481.590724979418,14410.892250845054
forecast_5542,2025-08-19 22:00:00,16233.397055228808,17606.10450867292,14903.454279627951
forecast_5543,2025-08-19 23:00:00,17150.500528089382,18323.051409832875,16007.007197177243
forecast_5544,2025-08-20 00:00:00,16493.85830062713,18232.54806383398,17237.688633163212
forecast_5545,2025-08-20 01:00:00,16998.80454635167,18349.6176479955,17097.69986809131
forecast_5546,2025-08-20 02:00:00,16784.66788114879,18461.99119488871,17424.251010362124
forecast_5547,2025-08-20 03:00:00,16874.781983175097,18353.389852203298,17099.186205803868
forecast_5548,2025-08-20 04:00:00,16617.45684338457,18456.47301215845,17322.968793941945
forecast_5549,2025-08-20 05:00:00,16786.318918342928,18285.87370502836,16868.23956736736
forecast_5550,2025-08-20 06:00:00,17161.347376407677,18244.995448661837,15479.249996228378
forecast_5551,2025-08-20 07:00:00,16908.95597280132,17929.311005286192,15536.01882280973
forecast_5552,2025-08-20 08:00:00,15618.463040740724,17015.560876205716,13918.169025810615
forecast_5553,2025-08-20 09:00:00,12536.309286850515,15093.499597025057,11203.126033028186
forecast_5554,2025-08-20 10:00:00,9360.565992518863,11551.867272919782,8490.885636034447
forecast_5555,2025-08-20 11:00:00,7127.6922890081005,8873.529222586567,6931.063641415931
forecast_5556,2025-08-20 12:00:00,5827.738923750537,6978.300646491612,5978.2153598614605
forecast_5557,2025-08-20 13:00:00,5194.1775120430375,5484.656129355153,5516.296166091937
forecast_5558,2025-08-20 14:00:00,4823.2056954975615,4933.904595399457,5257.766697360493
forecast_5559,2025-08-20 15:00:00,4342.789490853085,4605.6119094780515,4804.999865344747
forecast_5560,2025-08-20 16:00:00,4265.128097123064,3956.471325988189,4974.209494964754
forecast_5561,2025-08-20 17:00:00,5199.8265554429945,4036.7688720883907,5421.238275455499
forecast_5562,2025-08-20 18:00:00,5443.204321979092,4811.047186939577,5878.907723331762
forecast_5563,2025-08-20 19:00:00,6500.8426654188515,6405.631515988501,6499.993619332405
forecast_5564,2025-08-20 20:00:00,7456.693647434712,8389.627748036157,6394.750978748993
forecast_5565,2025-08-20 21:00:00,9001.54793664767,10097.774468194133,6572.4189239928655
forecast_5566,2025-08-20 22:00:00,10438.540720303043,12468.47431444445,8912.62393554169
forecast_5567,2025-08-20 23:00:00,11596.389656827216,12983.726707190022,9640.744986212809
forecast_5568,2025-08-21 00:00:00,12524.853460856542,13675.927068081312,10124.734624465975
forecast_5569,2025-08-21 01:00:00,13175.362265458494,14633.647376098625,9986.681137388603
forecast_5570,2025-08-21 02:00:00,14194.012603600178,15686.059493457551,11921.664739751553
forecast_5571,2025-08-21 03:00:00,14928.196927877338,15849.697128953505,11523.356465305329
forecast_5572,2025-08-21 04:00:00,14889.803832021718,14688.764858171862,12020.83459755363
forecast_5573,2025-08-21 05:00:00,14578.466647243851,13690.535237119298,12159.03972808184
forecast_5574,2025-08-21 06:00:00,12888.50433540902,12351.62191566751,10119.519496426316
forecast_5575,2025-08-21 07:00:00,9128.922546566962,8183.379098054645,7350.184331338471
forecast_5576,2025-08-21 08:00:00,5992.757285309558,5381.049303626784,5233.928670497749
forecast_5577,2025-08-21 09:00:00,3984.838939358819,2649.1543905092612,3038.53229441012
forecast_5578,2025-08-21 10:00:00,1911.852328754076,1217.8165282299115,2278.7055271967233
forecast_5579,2025-08-21 11:00:00,1222.3607226484603,842.5813849884702,1933.8039950348616
forecast_5580,2025-08-21 12:00:00,970.5701046340181,715.8166799916519,1670.537764743347
forecast_5581,2025-08-21 13:00:00,756.1013718207502,613.3895228585652,1617.599029786219
forecast_5582,2025-08-21 14:00:00,719.7951212864792,573.138908360503,1637.2094330897075
forecast_5583,2025-08-21 15:00:00,704.2087797688241,596.7433548886579,1658.098143350922
forecast_5584,2025-08-21 16:00:00,723.2925399170132,623.3422296214895,1698.5846785426586
forecast_5585,2025-08-21 17:00:00,722.4554582254708,608.8220902402204,1732.7738875270336
forecast_5586,2025-08-21 18:00:00,843.1243836169898,635.6357724549825,1755.0314558864086
forecast_5587,2025-08-21 19:00:00,1030.4968043389579,815.820150155771,1805.221109815018
forecast_5588,2025-08-21 20:00:00,1051.1351572421092,912.0094398785257,1934.3053611386888
forecast_5589,2025-08-21 21:00:00,1451.7655478451375,1213.4949263570336,2095.5514211381465
forecast_5590,2025-08-21 22:00:00,2369.5491760581076,1699.3998491063733,2487.7257211600745
forecast_5591,2025-08-21 23:00:00,2982.4021855319697,2367.541473127377,2794.4150835969863
forecast_5592,2025-08-22 00:00:00,3294.7220087457054,2632.785104363159,3152.5359072868514
forecast_5593,2025-08-22 01:00:00,3773.6832330808693,2913.599804859975,3466.577542874616
forecast_5594,2025-08-22 02:00:00,4543.283699824713,4041.255213921938,4094.2585782187316
forecast_5595,2025-08-22 03:00:00,5514.505179820254,5317.833340004207,5127.796914518745
forecast_5596,2025-08-22 04:00:00,7806.018927726143,6991.324926316493,6091.535607649368
forecast_5597,2025-08-22 05:00:00,8506.106971338224,8811.7530885384,7078.777347476921
forecast_5598,2025-08-22 06:00:00,9841.753839019057,10444.237271278847,7942.475508332402
forecast_5599,2025-08-22 07:00:00,11183.019097726024,10762.355497740584,8056.635029178253
forecast_5600,2025-08-22 08:00:00,10124.575966837201,9580.884558891037,7027.595794802363
forecast_5601,2025-08-22 09:00:00,8409.334949402451,7392.690367484965,5924.05948976252
forecast_5602,2025-08-22 10:00:00,5819.503826297149,5039.902930890895,4538.826140600657
forecast_5603,2025-08-22 11:00:00,3462.29790314011,2817.7077580799623,3364.260498296399
forecast_5604,2025-08-22 12:00:00,2310.756198908186,2210.2417607125662,2666.918580359942
forecast_5605,2025-08-22 13:00:00,2469.541261981094,2096.2339517501014,2769.0945652315313
forecast_5606,2025-08-22 14:00:00,2825.6999035803024,2361.6069180399695,3265.5522225841937
forecast_5607,2025-08-22 15:00:00,3110.798660491571,2791.172797178934,4014.3142186785412
forecast_5608,2025-08-22 16:00:00,3834.56552211557,3159.1881254946907,4754.389453295018
forecast_5609,2025-08-22 17:00:00,4844.797267753023,4043.539738477371,5414.46163683504
forecast_5610,2025-08-22 18:00:00,6294.547809015907,5457.336475916746,5928.555919199558
forecast_5611,2025-08-22 19:00:00,8492.964026117967,8508.180040277679,7076.941468934351
forecast_5612,2025-08-22 20:00:00,10294.464437137798,10672.094150139565,8378.474403945675
forecast_5613,2025-08-22 21:00:00,12859.980752866042,12624.202118911222,9368.172262633929
forecast_5614,2025-08-22 22:00:00,15556.553437820248,15097.373931260348,11235.549390371154
forecast_5615,2025-08-22 23:00:00,16379.05167557502,15601.59721283208,12320.22180203303
forecast_5616,2025-08-23 00:00:00,16164.249380140847,15690.907091852301,12562.288721060393
forecast_5617,2025-08-23 01:00:00,15648.950315149688,15065.319335829407,12480.57125538871
forecast_5618,2025-08-23 02:00:00,15651.600301496448,14658.001674685573,12716.599948678173
forecast_5619,2025-08-23 03:00:00,15914.241293183994,13757.977850424535,12131.345727725915
forecast_5620,2025-08-23 04:00:00,15056.064250820964,12909.164681138636,11333.894623604476
forecast_5621,2025-08-23 05:00:00,14659.097885254887,12033.77629076996,9987.07256302449
forecast_5622,2025-08-23 06:00:00,12817.936894772969,11288.461769191144,8528.314992858468
forecast_5623,2025-08-23 07:00:00,9539.122775613589,7380.280234886139,7029.47411721134
forecast_5624,2025-08-23 08:00:00,6107.801482034713,3864.2351697957697,4294.591323996354
forecast_5625,2025-08-23 09:00:00,3374.389085273123,1595.3071482524745,2595.374842446957
forecast_5626,2025-08-23 10:00:00,1372.4995634973693,864.6111985742107,1831.253401072764
forecast_5627,2025-08-23 11:00:00,923.2651135111344,680.326013040949,1640.1308736811252
forecast_5628,2025-08-23 12:00:00,698.1742281976206,631.7162595874847,1566.7472761989086
forecast_5629,2025-08-23 13:00:00,653.0278109412471,613.1756669003767,1525.420738112971
forecast_5630,2025-08-23 14:00:00,699.9575594764034,610.2902909238142,1553.840415847346
forecast_5631,2025-08-23 15:00:00,706.4324502858418,664.6099320370954,1572.3432234645336
forecast_5632,2025-08-23 16:00:00,799.4089100741683,655.2560517396266,1636.5854109645336
forecast_5633,2025-08-23 17:00:00,867.5133623012433,747.6830952696934,1743.0182722926586
forecast_5634,2025-08-23 18:00:00,1192.6547299476933,997.2053366529732,1760.3372449107826
forecast_5635,2025-08-23 19:00:00,1325.5111613318134,1307.0646763415039,1919.4397920946294
forecast_5636,2025-08-23 20:00:00,1459.5260672067852,1457.0599560179805,2110.054674414233
forecast_5637,2025-08-23 21:00:00,2082.7740510937865,1844.2735511511032,2380.0317310944806
forecast_5638,2025-08-23 22:00:00,3125.2656758280477,2885.0213399377717,2971.4391024725946
forecast_5639,2025-08-23 23:00:00,3983.5417126503658,3279.634606437448,3441.928849399895
forecast_5640,2025-08-24 00:00:00,4126.124654516977,3099.9598870142604,3473.278758977367
forecast_5641,2025-08-24 01:00:00,3594.0813730192976,2418.523754653428,2683.9513699366503
forecast_5642,2025-08-24 02:00:00,3049.3823425867095,1951.1722966196278,2530.196393615207
forecast_5643,2025-08-24 03:00:00,2761.7950765659907,1760.7389898808176,2359.0505313020994
forecast_5644,2025-08-24 04:00:00,2212.11848487482,1470.4403944034616,2133.9974395726376
forecast_5645,2025-08-24 05:00:00,1601.6133356473977,1159.6217915043644,2011.5684545009494
forecast_5646,2025-08-24 06:00:00,1248.9760535133194,949.9757403557984,1939.275757119728
forecast_5647,2025-08-24 07:00:00,1066.2647104913615,842.4244115373366,1790.9155714138851
forecast_5648,2025-08-24 08:00:00,939.928164174277,746.3387650645684,1681.0262263928637
forecast_5649,2025-08-24 09:00:00,852.2238129054227,674.7338625841187,1585.3966902614086
forecast_5650,2025-08-24 10:00:00,717.4487895268672,606.4220047910017,1541.7072371364086
forecast_5651,2025-08-24 11:00:00,693.6744046180413,587.4875565488142,1537.3229597926586
forecast_5652,2025-08-24 12:00:00,731.6926056218206,577.3326677169401,1549.349693191096
forecast_5653,2025-08-24 13:00:00,702.006939326764,588.427273321574,1646.0429858481677
forecast_5654,2025-08-24 14:00:00,784.2060350463524,649.0222699904562,1620.9457816317984
forecast_5655,2025-08-24 15:00:00,935.3815535777826,991.3517715554333,1769.2140312038678
forecast_5656,2025-08-24 16:00:00,1175.5085408638645,1763.9293717197002,2091.0506058704923
forecast_5657,2025-08-24 17:00:00,1447.6202190143267,1490.2267379143664,2172.4796166137744
forecast_5658,2025-08-24 18:00:00,1890.426708870615,1494.3576449626007,2199.2276739555123
forecast_5659,2025-08-24 19:00:00,2282.779381174396,1632.664364077796,2293.516176161178
forecast_5660,2025-08-24 20:00:00,2326.031734381708,1605.0571948277284,2572.4471279748354
forecast_5661,2025-08-24 21:00:00,2521.4002991104508,1648.8141265807349,2334.074416653726
forecast_5662,2025-08-24 22:00:00,2734.6121716133875,1754.5426524514705,2443.8213109719045
forecast_5663,2025-08-24 23:00:00,2682.3626260130327,1877.3795240656964,2513.3992976257878
forecast_5664,2025-08-25 00:00:00,2663.201651494312,2213.9239278449695,2458.641667762481
forecast_5665,2025-08-25 01:00:00,2983.12732814952,2899.010994072285,2525.3915252226298
forecast_5666,2025-08-25 02:00:00,3477.51675468163,3145.6931758890187,2626.0751889422704
forecast_5667,2025-08-25 03:00:00,3915.467540013477,3224.9384644470406,3024.777685284266
forecast_5668,2025-08-25 04:00:00,3919.205351325471,3213.3092104956363,3251.447332784558
forecast_5669,2025-08-25 05:00:00,4221.796798083045,3314.4439999153524,3433.266161665022
forecast_5670,2025-08-25 06:00:00,5646.241161042691,3412.538523587234,3268.2845680560627
forecast_5671,2025-08-25 07:00:00,5057.614071305818,3063.984205325738,2958.4331430756547
forecast_5672,2025-08-25 08:00:00,3477.3964636191045,1709.8072397718538,2320.251699396415
forecast_5673,2025-08-25 09:00:00,1812.6062244720642,1073.7213928872407,1956.688164273263
forecast_5674,2025-08-25 10:00:00,1184.5864074045078,876.1871925938391,1797.5379585062149
forecast_5675,2025-08-25 11:00:00,1009.6523090591065,904.0897462526157,1824.8162011325953
forecast_5676,2025-08-25 12:00:00,979.1219440335069,1352.1810291727156,1973.135495171045
forecast_5677,2025-08-25 13:00:00,1140.5251175501749,1519.9843409305881,2104.9694065606295
forecast_5678,2025-08-25 14:00:00,1306.1462733382891,1739.5917322386008,2162.3868327651107
forecast_5679,2025-08-25 15:00:00,1888.6665751554474,2511.0431506363634,2989.9676229168736
forecast_5680,2025-08-25 16:00:00,2462.377308174757,2853.639725063507,3505.425286396916
forecast_5681,2025-08-25 17:00:00,3498.403951127114,4136.926979465805,4076.0849781357624
forecast_5682,2025-08-25 18:00:00,5252.157188768166,5600.10876684889,5090.340974659136
forecast_5683,2025-08-25 19:00:00,8090.655422443942,8945.117282267409,7535.021996509281
forecast_5684,2025-08-25 20:00:00,9955.62312006141,11691.171608371511,8401.429046817948
forecast_5685,2025-08-25 21:00:00,11969.906197378508,13634.423064264336,9978.261629920427
forecast_5686,2025-08-25 22:00:00,13006.356782366442,14503.643440882399,10665.19349694577
forecast_5687,2025-08-25 23:00:00,13419.50325156885,14644.69566923002,11870.390924104988
forecast_5688,2025-08-26 00:00:00,13591.765772049566,15282.115654617199,11360.569365340087
forecast_5689,2025-08-26 01:00:00,13815.41091628101,16155.651646995588,12732.30390580686
forecast_5690,2025-08-26 02:00:00,13886.174468316782,16203.654914400955,12688.449277198244
forecast_5691,2025-08-26 03:00:00,13848.193084264227,15867.508602045798,13028.75154475341
forecast_5692,2025-08-26 04:00:00,14416.904425771529,16126.038891709204,13369.568944956667
forecast_5693,2025-08-26 05:00:00,14846.089997514913,17083.826746400275,13628.618627011718
forecast_5694,2025-08-26 06:00:00,14676.040599532573,17266.805517314024,14129.347215371394
forecast_5695,2025-08-26 07:00:00,14278.634428247635,16655.575135040803,14113.079718151674
forecast_5696,2025-08-26 08:00:00,12514.422269117433,14993.991082245982,13937.682499544937
forecast_5697,2025-08-26 09:00:00,12295.143797381172,13560.206250675286,12927.66674618718
forecast_5698,2025-08-26 10:00:00,12041.902681988144,11414.339799155687,12632.988025944785
forecast_5699,2025-08-26 11:00:00,10859.21179063439,11665.917772971256,13150.028317262475
forecast_5700,2025-08-26 12:00:00,10182.261305939346,12326.3547168958,13700.843287703487
forecast_5701,2025-08-26 13:00:00,10257.856591893169,12348.827517316895,13338.900602792146
forecast_5702,2025-08-26 14:00:00,11213.133975090279,11869.262071129437,12711.746834016134
forecast_5703,2025-08-26 15:00:00,11136.459955730528,12409.258248679604,13421.717342874495
forecast_5704,2025-08-26 16:00:00,11460.260807954111,13430.61982801563,12872.889242096258
forecast_5705,2025-08-26 17:00:00,10668.230238074417,12048.535028447794,12449.156966928027
forecast_5706,2025-08-26 18:00:00,10851.612880688452,10786.666339756195,11704.312320696024
forecast_5707,2025-08-26 19:00:00,10550.369951916371,10672.602990047402,10174.645272719164
forecast_5708,2025-08-26 20:00:00,10055.269664662654,9883.988553418116,9308.311287082111
forecast_5709,2025-08-26 21:00:00,10979.294331521836,10237.731981708406,9459.08883229372
forecast_5710,2025-08-26 22:00:00,11897.017750276214,11438.817984393645,10009.97822517272
forecast_5711,2025-08-26 23:00:00,11958.285350992324,11754.822524237552,9157.359224331525
forecast_5712,2025-08-27 00:00:00,10930.460708314764,10703.053396383868,8469.797612999848
forecast_5713,2025-08-27 01:00:00,10592.804441332468,10214.030767814176,8044.09730062942
forecast_5714,2025-08-27 02:00:00,8701.34839603605,8080.039214763289,7282.635607788211
forecast_5715,2025-08-27 03:00:00,6811.180498496576,6016.045198249801,5627.66236790587
forecast_5716,2025-08-27 04:00:00,5090.367031020821,3706.2510531284875,3999.6323148327983
forecast_5717,2025-08-27 05:00:00,2799.164250400035,1875.508923299858,2616.176155529636
forecast_5718,2025-08-27 06:00:00,1565.2700763338496,1276.1548034817336,2086.98155215215
forecast_5719,2025-08-27 07:00:00,1071.1997718827608,955.0103863698852,1882.8152647231598
forecast_5720,2025-08-27 08:00:00,917.4307237503522,831.9029183731286,1752.139243972346
forecast_5721,2025-08-27 09:00:00,810.6173455509628,786.0555329693096,1647.2096785426586
forecast_5722,2025-08-27 10:00:00,716.6700685248,789.5666393276584,1628.272056472346
forecast_5723,2025-08-27 11:00:00,726.4339286051922,749.2036236482547,1628.3378942150734
forecast_5724,2025-08-27 12:00:00,747.2843170972591,728.0210233873728,1648.127591992446
forecast_5725,2025-08-27 13:00:00,784.2194193541238,771.0037504341054,1715.0097162318132
forecast_5726,2025-08-27 14:00:00,871.3490759514269,894.7673710000619,1737.5679355855048
forecast_5727,2025-08-27 15:00:00,1001.5663995257498,1060.7367507795232,1788.3669228136764
forecast_5728,2025-08-27 16:00:00,1051.1941485900045,1023.2769590469705,1818.7252135562992
forecast_5729,2025-08-27 17:00:00,1078.5107103758,1138.271631332072,1835.2325985590219
forecast_5730,2025-08-27 18:00:00,1113.8576076589698,1138.1737469471987,1809.3371571004184
forecast_5731,2025-08-27 19:00:00,1208.0071952880342,1314.153299817485,1853.751959160601
forecast_5732,2025-08-27 20:00:00,1366.5807895501907,1269.8798128691628,1800.4087606229637
forecast_5733,2025-08-27 21:00:00,1368.939664175884,1169.1955260085876,1785.2038985291804
forecast_5734,2025-08-27 22:00:00,1541.4818814433695,1198.2063634897993,1806.5482115877276
forecast_5735,2025-08-27 23:00:00,1799.309505035763,1432.30568193431,1830.1646075060742
forecast_5736,2025-08-28 00:00:00,1877.857877358476,1604.5566703950208,1920.9761681752896
forecast_5737,2025-08-28 01:00:00,2265.8584533445137,1790.292380234961,2050.96972695622
forecast_5738,2025-08-28 02:00:00,2547.2773268342826,2087.3671835467976,2257.571010817377
forecast_5739,2025-08-28 03:00:00,2762.6095278313155,2261.233599004382,2530.059970813146
forecast_5740,2025-08-28 04:00:00,3313.907404450396,3026.7258801099833,2721.413505614286
forecast_5741,2025-08-28 05:00:00,3911.803916430114,3353.8654547452625,3112.289044783378
forecast_5742,2025-08-28 06:00:00,4086.3561123142795,3523.7522043302693,3055.5245154833074
forecast_5743,2025-08-28 07:00:00,3398.757817746446,3317.1831637723985,2511.1095682909818
forecast_5744,2025-08-28 08:00:00,2855.984765564037,2817.671862232134,2176.9712029405664
forecast_5745,2025-08-28 09:00:00,2387.6630886416247,2557.0926556791333,2410.959539622863
forecast_5746,2025-08-28 10:00:00,1814.3778029340842,1942.396387956309,2092.9006160990666
forecast_5747,2025-08-28 11:00:00,1652.741017549587,1729.7736523912536,2059.983936790829
forecast_5748,2025-08-28 12:00:00,1836.5950317147003,2002.4786880280553,2199.8175560890622
forecast_5749,2025-08-28 13:00:00,2093.913137918392,2353.104270451378,2702.9981199814265
forecast_5750,2025-08-28 14:00:00,2832.8248703791746,3005.5035723167152,2985.259799025457
forecast_5751,2025-08-28 15:00:00,3711.619574788389,3427.4560221341226,3437.2163278307216
forecast_5752,2025-08-28 16:00:00,4047.9005542154505,3835.986945203714,3993.694000993216
forecast_5753,2025-08-28 17:00:00,4705.322264278388,4352.083942188685,4849.584089028835
forecast_5754,2025-08-28 18:00:00,5781.4161142779,5488.708082874797,5491.223000663689
forecast_5755,2025-08-28 19:00:00,7318.211435067261,7880.97577044337,6619.6382505370175
forecast_5756,2025-08-28 20:00:00,8185.873308512164,10939.980638602134,7378.072888186088
forecast_5757,2025-08-28 21:00:00,10285.336389295651,13856.298914090836,9199.819847213397
forecast_5758,2025-08-28 22:00:00,13160.614890642695,15508.921798608004,12092.792799626515
forecast_5759,2025-08-28 23:00:00,14607.122528254347,16462.882881811387,12915.403985591876
forecast_5760,2025-08-29 00:00:00,15226.296773862065,17759.213203931493,15093.519738504934
forecast_5761,2025-08-29 01:00:00,15229.258188959535,17714.23761506019,15128.934106821182
forecast_5762,2025-08-29 02:00:00,16380.137979776484,17729.07973512075,15684.402196948286
forecast_5763,2025-08-29 03:00:00,15874.158816444946,17735.946046403675,16714.795256837122
forecast_5764,2025-08-29 04:00:00,16197.645356340012,18242.92469418836,17394.44073083639
forecast_5765,2025-08-29 05:00:00,16323.733223390887,18297.78476927994,17935.44155589815
forecast_5766,2025-08-29 06:00:00,16690.270346836674,18506.81666329634,18009.38722591805
forecast_5767,2025-08-29 07:00:00,16707.318156239926,18266.66434602799,17893.63793969673
forecast_5768,2025-08-29 08:00:00,16152.765009242246,17955.20001045824,17591.59554618376
forecast_5769,2025-08-29 09:00:00,15712.441401323564,17798.622852913955,16848.182113906147
forecast_5770,2025-08-29 10:00:00,15733.920757873373,16634.962061150414,14640.724268062499
forecast_5771,2025-08-29 11:00:00,14102.348160473472,14702.985279396096,13820.200704260611
forecast_5772,2025-08-29 12:00:00,13230.250362203618,13404.444589415509,13161.302105457487
forecast_5773,2025-08-29 13:00:00,12906.815937759126,12485.039352673553,12679.356607412275
forecast_5774,2025-08-29 14:00:00,12405.2902659611,11806.740134123747,11328.264214017709
forecast_5775,2025-08-29 15:00:00,11292.892262687468,10711.229978378,10485.08166123705
forecast_5776,2025-08-29 16:00:00,10487.518055284741,10492.1993399486,10288.107259134453
forecast_5777,2025-08-29 17:00:00,9979.2361503971,10468.186257020847,10689.561960644078
forecast_5778,2025-08-29 18:00:00,10905.824280534758,12051.020961523613,10640.779844441218
forecast_5779,2025-08-29 19:00:00,13021.972520063788,13985.20842858646,11480.131536955789
forecast_5780,2025-08-29 20:00:00,14280.059850177067,15267.1626661093,13081.29762551557
forecast_5781,2025-08-29 21:00:00,14936.03266847726,15848.823061412495,13536.368564397722
forecast_5782,2025-08-29 22:00:00,15939.961332222236,16210.174883243733,14074.5059172066
forecast_5783,2025-08-29 23:00:00,16195.952750063863,16745.64967589239,13837.714800229238
forecast_5784,2025-08-30 00:00:00,15345.013762634393,16397.167111903967,12918.357329418352
forecast_5785,2025-08-30 01:00:00,15409.3280162994,15378.194715615662,12540.041726063888
forecast_5786,2025-08-30 02:00:00,15210.37332122889,14615.323177727274,11461.937403631386
forecast_5787,2025-08-30 03:00:00,14640.641272907476,14143.713333231992,9934.553750070598
forecast_5788,2025-08-30 04:00:00,14408.425486555252,14488.87475301402,9457.524968082947
forecast_5789,2025-08-30 05:00:00,13017.40407687819,13806.066731385094,8825.46796701004
forecast_5790,2025-08-30 06:00:00,12167.134220457081,12263.582912724003,8448.161726746843
forecast_5791,2025-08-30 07:00:00,11479.996531780267,11436.14433019764,7291.338092381584
forecast_5792,2025-08-30 08:00:00,9201.731999323689,8780.880451670533,6408.5310088299575
forecast_5793,2025-08-30 09:00:00,6678.499279863325,6500.297153452742,4956.895948239739
forecast_5794,2025-08-30 10:00:00,4199.1558644070465,3410.951230151549,3238.430309845041
forecast_5795,2025-08-30 11:00:00,2462.530293156617,2163.0368701754287,2536.573919484601
forecast_5796,2025-08-30 12:00:00,2037.3932263888603,1581.0270596685673,2281.7979341310124
forecast_5797,2025-08-30 13:00:00,1742.3748560158342,1253.8478532057388,2426.448744029386
forecast_5798,2025-08-30 14:00:00,1765.3467800987505,1409.1668819788129,2236.437018372787
forecast_5799,2025-08-30 15:00:00,2113.5023813277376,1892.9276789153398,2632.6755242332447
forecast_5800,2025-08-30 16:00:00,2307.188089481183,1871.608315107379,2708.4436928243476
forecast_5801,2025-08-30 17:00:00,2571.058908653744,1896.2232502166576,2478.3204272712355
forecast_5802,2025-08-30 18:00:00,3050.60212285528,2663.216646039775,3031.4949083330985
forecast_5803,2025-08-30 19:00:00,3781.5377034408652,3307.0857691402384,3418.9761317896973
forecast_5804,2025-08-30 20:00:00,4390.345538122827,4104.365453957429,3732.572004947401
forecast_5805,2025-08-30 21:00:00,5530.874648590785,4705.688672343185,4060.7387976538485
forecast_5806,2025-08-30 22:00:00,6004.028849653664,5860.652899826297,4482.6381516371885
forecast_5807,2025-08-30 23:00:00,6315.254398256789,7058.586052640062,4859.251948851948
forecast_5808,2025-08-31 00:00:00,7113.809078367974,7621.618492931463,4935.220236992311
forecast_5809,2025-08-31 01:00:00,7077.814909028808,7330.536770155952,4880.48610776615
forecast_5810,2025-08-31 02:00:00,7345.021552489307,7972.952750508541,5164.322716345111
forecast_5811,2025-08-31 03:00:00,7353.945840614271,8013.635825544341,4950.846155899566
forecast_5812,2025-08-31 04:00:00,6863.068626778643,7149.685458089087,4342.123177658448
forecast_5813,2025-08-31 05:00:00,5809.31848333452,5958.069130294428,3531.9632586152898
forecast_5814,2025-08-31 06:00:00,3903.589126871831,4481.227436325995,2933.751220996589
forecast_5815,2025-08-31 07:00:00,3407.3175930916896,3201.8150263007337,2195.9206085635687
forecast_5816,2025-08-31 08:00:00,2364.943363845441,2196.010424026824,1860.1634292156589
forecast_5817,2025-08-31 09:00:00,1336.0555595847177,1235.1014714793832,1689.8689882684735
forecast_5818,2025-08-31 10:00:00,982.5868731279816,944.4819769834426,1641.1848471776805
forecast_5819,2025-08-31 11:00:00,973.2852076860114,1068.1964495492664,1723.1452325872606
forecast_5820,2025-08-31 12:00:00,1161.0644994527504,1491.1667516405532,1926.1089117059473
forecast_5821,2025-08-31 13:00:00,1509.4957443274718,2077.5885054441815,2317.903342381628
forecast_5822,2025-08-31 14:00:00,2055.654696551837,2895.7467250724503,2992.1500628823846
forecast_5823,2025-08-31 15:00:00,2800.27048258105,3483.241579566641,3697.4851827486264
forecast_5824,2025-08-31 16:00:00,3824.818735216138,4103.229014256924,4861.43277235766
forecast_5825,2025-08-31 17:00:00,5294.568516631837,5013.122836009583,5466.420158137907
forecast_5826,2025-08-31 18:00:00,5991.228270881285,6090.3316349555325,5966.286132253204
forecast_5827,2025-08-31 19:00:00,6960.881797493542,6963.284284581194,6487.684785458872
forecast_5828,2025-08-31 20:00:00,8280.87552618603,9060.420404207856,6676.809922996295
forecast_5829,2025-08-31 21:00:00,8825.391166539675,10774.069709207874,7298.9334849676
forecast_5830,2025-08-31 22:00:00,10339.116480888653,12111.340512534953,8031.5875997804205
forecast_5831,2025-08-31 23:00:00,10853.438487982381,12772.120603297057,8420.121169360598
forecast_5832,2025-09-01 00:00:00,11032.814759947123,13591.150266291568,8721.957251790067
forecast_5833,2025-09-01 01:00:00,12118.032304651559,14760.41433894464,9277.542605741366
forecast_5834,2025-09-01 02:00:00,12675.505985269507,15574.556636302743,10553.483552250646
forecast_5835,2025-09-01 03:00:00,11994.821404335913,15211.252695975902,11511.412140939328
forecast_5836,2025-09-01 04:00:00,12420.967828528761,15088.4998727227,11829.346054399502
forecast_5837,2025-09-01 05:00:00,12690.41208887592,14967.821922701736,11787.624592898239
forecast_5838,2025-09-01 06:00:00,12575.958304720798,14791.648468370211,11583.695667860562
forecast_5839,2025-09-01 07:00:00,11191.579249950266,13169.955888755472,10118.475488917857
forecast_5840,2025-09-01 08:00:00,10072.300368430335,12096.26094541018,9465.136057965326
forecast_5841,2025-09-01 09:00:00,8792.742173432178,10587.058788079448,8528.704406943238
forecast_5842,2025-09-01 10:00:00,7512.577794868546,10137.535901143274,8145.27143492447
forecast_5843,2025-09-01 11:00:00,6696.8748343044235,8740.816721866737,7616.96048613947
forecast_5844,2025-09-01 12:00:00,6127.529391144045,7866.214750287697,7419.9560132247
forecast_5845,2025-09-01 13:00:00,6197.138531087324,7674.160390671387,7743.687002742399
forecast_5846,2025-09-01 14:00:00,6363.427502530426,8084.340410724319,6973.998582940546
forecast_5847,2025-09-01 15:00:00,6546.672621950714,8123.3114159518445,6932.83454332539
forecast_5848,2025-09-01 16:00:00,7572.4371500676025,8230.008445882817,7667.001292263483
forecast_5849,2025-09-01 17:00:00,7827.784582464016,7738.814092308787,7321.727145162341
forecast_5850,2025-09-01 18:00:00,7478.815793966422,7036.710918377069,6816.920632294107
forecast_5851,2025-09-01 19:00:00,7234.317925988175,7109.745156618784,6631.979579058724
forecast_5852,2025-09-01 20:00:00,7262.292861808029,7778.950668229001,6980.054283629326
forecast_5853,2025-09-01 21:00:00,7853.782799455126,8610.16035469766,7243.191712062067
forecast_5854,2025-09-01 22:00:00,8789.934980830982,9643.657845217618,7209.183499814466
forecast_5855,2025-09-01 23:00:00,10146.465921267723,11928.976770583824,7725.458361482307
forecast_5856,2025-09-02 00:00:00,10313.182777206373,10950.707759227147,8333.182735277029
forecast_5857,2025-09-02 01:00:00,9867.890250109851,11202.737737373802,9035.278985276884
forecast_5858,2025-09-02 02:00:00,9998.00422142227,11689.059736653748,9182.697641568313
forecast_5859,2025-09-02 03:00:00,9552.97631612356,10368.05572684562,8520.435901260516
forecast_5860,2025-09-02 04:00:00,9394.08075730918,10399.619761019509,8491.566217452844
forecast_5861,2025-09-02 05:00:00,9371.937720417198,10536.588972746029,8164.161439604823
forecast_5862,2025-09-02 06:00:00,8581.69868701984,10200.474338275744,7446.458574395046
forecast_5863,2025-09-02 07:00:00,7160.012756962596,8640.73457641025,6750.357235914383
forecast_5864,2025-09-02 08:00:00,5331.183372646638,7578.758512649397,4653.495068081638
forecast_5865,2025-09-02 09:00:00,4451.014772340728,4513.917877817003,3274.658077795548
forecast_5866,2025-09-02 10:00:00,3356.3051452699733,2593.0488343568986,2576.7753266617538
forecast_5867,2025-09-02 11:00:00,2437.360326514055,1913.927600123986,2787.329876465221
forecast_5868,2025-09-02 12:00:00,1849.531270606826,1493.0091045077422,2224.6039069201775
forecast_5869,2025-09-02 13:00:00,1389.0970292100462,1142.279274407209,1955.4385254610952
forecast_5870,2025-09-02 14:00:00,1031.9815781971831,830.4789085450863,1713.1824656121894
forecast_5871,2025-09-02 15:00:00,886.254050573811,736.9661771881498,1681.286949050471
forecast_5872,2025-09-02 16:00:00,895.1536478334943,739.4485387674883,1712.767906081721
forecast_5873,2025-09-02 17:00:00,901.6339608064171,739.2477666326482,1654.7563094020336
forecast_5874,2025-09-02 18:00:00,882.5115172457972,711.9121135487517,1644.041587722346
forecast_5875,2025-09-02 19:00:00,930.181231548873,677.2947030712569,1647.938072097346
forecast_5876,2025-09-02 20:00:00,949.5571443408815,789.0365625602005,1679.5358504176586
forecast_5877,2025-09-02 21:00:00,979.225791133639,831.5083250760838,1759.7755965114086
forecast_5878,2025-09-02 22:00:00,1077.0235457370381,897.6641386524427,1789.1957625270336
forecast_5879,2025-09-02 23:00:00,1072.7485227258783,907.118816210515,1794.560386550471
forecast_5880,2025-09-03 00:00:00,1018.9476114775983,909.1772970806218,1797.447105300471
forecast_5881,2025-09-03 01:00:00,950.9697023056417,839.4656526035706,1805.4972946181567
forecast_5882,2025-09-03 02:00:00,903.7288091579297,910.6950131912278,1806.3895805392438
forecast_5883,2025-09-03 03:00:00,883.3651432008386,893.329786856681,1804.1662967076536
forecast_5884,2025-09-03 04:00:00,872.1161695314967,912.2783514924488,1859.2892100909114
forecast_5885,2025-09-03 05:00:00,961.8677908644452,951.901716861312,1817.3901006618037
forecast_5886,2025-09-03 06:00:00,953.5748027399031,952.9536861360642,1804.071128737971
forecast_5887,2025-09-03 07:00:00,949.8878160012429,843.5151919807699,1749.6674422145336
forecast_5888,2025-09-03 08:00:00,921.7934846463063,777.8474467896067,1685.3363875270336
forecast_5889,2025-09-03 09:00:00,876.4382343952356,700.1266401227276,1660.7113875270336
forecast_5890,2025-09-03 10:00:00,786.6352738609268,703.1278762038853,1653.79809658683
forecast_5891,2025-09-03 11:00:00,825.2926135569269,765.9557575687774,1662.7980462916612
forecast_5892,2025-09-03 12:00:00,827.3951162622066,770.4108340321103,1696.311746380255
forecast_5893,2025-09-03 13:00:00,868.6735164762906,842.3973076278992,1689.6999012019849
forecast_5894,2025-09-03 14:00:00,873.4242236225062,927.6616763197651,1690.3187129423968
forecast_5895,2025-09-03 15:00:00,888.352102205371,915.0881143948527,1682.231623978211
forecast_5896,2025-09-03 16:00:00,943.4844552420112,808.4874975034943,1679.7021785481688
forecast_5897,2025-09-03 17:00:00,926.2862871562058,737.158920895464,1700.2687592615825
forecast_5898,2025-09-03 18:00:00,926.492939257872,716.9547664858342,1698.8476719836701
forecast_5899,2025-09-03 19:00:00,988.3355370539716,704.2206579176818,1692.935874831721
forecast_5900,2025-09-03 20:00:00,1017.8438888686724,804.1248759851037,1706.3283308864086
forecast_5901,2025-09-03 21:00:00,1045.8167144749962,861.6969355783937,1676.4250105739086
forecast_5902,2025-09-03 22:00:00,1093.8142389497057,771.767970860861,1680.675906910386
forecast_5903,2025-09-03 23:00:00,1144.5307183730527,792.8496902282687,1687.0342400785544
forecast_5904,2025-09-04 00:00:00,1215.6387088442334,817.2177054176344,1710.9763815073147
forecast_5905,2025-09-04 01:00:00,1415.2432616611773,946.0368670360665,1710.642545401735
forecast_5906,2025-09-04 02:00:00,1475.0342773660875,1117.902826893459,1707.3902945585412
forecast_5907,2025-09-04 03:00:00,1467.6429437724573,1034.4416876222338,1711.2919587872252
forecast_5908,2025-09-04 04:00:00,1428.7945118406237,1071.2087600029631,1714.8713044903502
forecast_5909,2025-09-04 05:00:00,1627.8567463679974,1143.6012366966042,1757.3091467905408
forecast_5910,2025-09-04 06:00:00,2043.3729663705612,1512.3446778137638,1768.1318344283889
forecast_5911,2025-09-04 07:00:00,2180.377821749361,2164.470629998188,1798.4376911004376
forecast_5912,2025-09-04 08:00:00,1948.4806570587884,2272.437190883419,1844.9817622675153
forecast_5913,2025-09-04 09:00:00,1685.579789128314,2257.8291866364507,1899.5899767887172
forecast_5914,2025-09-04 10:00:00,1264.893293890475,1811.0841785768403,1927.260457711161
forecast_5915,2025-09-04 11:00:00,1191.8465068838393,1736.6835820235874,2001.173967225251
forecast_5916,2025-09-04 12:00:00,1230.1223101745036,1862.0800398301399,2124.522680436701
forecast_5917,2025-09-04 13:00:00,1364.9221848603452,1974.0861891451493,2215.406352983018
forecast_5918,2025-09-04 14:00:00,1530.6489722892607,2030.4452043463639,2190.6343100783843
forecast_5919,2025-09-04 15:00:00,1701.095369727484,2465.5035957046007,2225.1731627232894
forecast_5920,2025-09-04 16:00:00,1890.8575917278722,2488.6730389976196,2334.972165159482
forecast_5921,2025-09-04 17:00:00,2050.900793519887,2415.630981157674,2321.4709573262917
forecast_5922,2025-09-04 18:00:00,2155.5683059259554,2486.716939877229,2266.8877874358373
forecast_5923,2025-09-04 19:00:00,2162.4084021217013,2524.7858606718773,2256.743893278497
forecast_5924,2025-09-04 20:00:00,2286.777777305737,2749.6824982026587,2310.7504906915174
forecast_5925,2025-09-04 21:00:00,2377.5366438101464,2816.546933686314,2334.2219357324275
forecast_5926,2025-09-04 22:00:00,2572.488590290787,3058.7611958041666,2329.7699019274346
forecast_5927,2025-09-04 23:00:00,2255.3394227951767,2818.804485902134,2270.387287825523
forecast_5928,2025-09-05 00:00:00,2144.2155481318896,2120.2882791980383,2209.4308275718745
forecast_5929,2025-09-05 01:00:00,2517.6474567188097,2056.688819519044,2065.5552966659793
forecast_5930,2025-09-05 02:00:00,2391.9924422444956,1976.369017305064,2106.0986851040916
forecast_5931,2025-09-05 03:00:00,2337.7160427699496,1964.6055807111618,2114.5490703699984
forecast_5932,2025-09-05 04:00:00,2487.9043866868656,2151.4234506350576,2121.3919270932292
forecast_5933,2025-09-05 05:00:00,2732.9556693593886,2595.545055662321,2222.263499929345
forecast_5934,2025-09-05 06:00:00,2772.4819785103186,2837.6727693004227,2206.642525380642
forecast_5935,2025-09-05 07:00:00,2574.379336105674,2723.7657266213255,2163.9788782229934
forecast_5936,2025-09-05 08:00:00,1961.1299595561154,2350.934867267116,2075.7732323350965
forecast_5937,2025-09-05 09:00:00,1361.527087328079,1449.0782826671925,1856.56992496055
forecast_5938,2025-09-05 10:00:00,892.0005837398618,854.9729902232912,1736.1044054329218
forecast_5939,2025-09-05 11:00:00,847.1054664561287,852.9348212630265,1668.9466184132634
forecast_5940,2025-09-05 12:00:00,773.949807686585,807.8831785911956,1616.0542820823578
forecast_5941,2025-09-05 13:00:00,741.3824862342159,730.7324260812842,1569.2101674837277
forecast_5942,2025-09-05 14:00:00,779.1330355506221,681.0557608309632,1599.047403945212
forecast_5943,2025-09-05 15:00:00,796.8855918734204,697.1392289120954,1633.541587722346
forecast_5944,2025-09-05 16:00:00,858.8597449118806,699.4691247851796,1659.447157565714
forecast_5945,2025-09-05 17:00:00,931.7362058723695,855.3125929584253,1717.9592570315085
forecast_5946,2025-09-05 18:00:00,1155.3883593453568,1114.9522342455866,1753.6099804404466
forecast_5947,2025-09-05 19:00:00,1472.503565262773,1340.6187144646506,1810.277596216232
forecast_5948,2025-09-05 20:00:00,1798.6589558305127,1764.6244193670946,1861.3870773623898
forecast_5949,2025-09-05 21:00:00,2412.580925126369,2820.132722809549,2018.6274182767359
forecast_5950,2025-09-05 22:00:00,4253.278710822563,4446.906557823115,2544.511196878977
forecast_5951,2025-09-05 23:00:00,5775.571289355607,7196.539372112573,3824.3470579784967
forecast_5952,2025-09-06 00:00:00,7585.5101000248105,11044.413690895766,5672.234223824924
forecast_5953,2025-09-06 01:00:00,10010.77551272582,12133.283231845358,7633.679984022625
forecast_5954,2025-09-06 02:00:00,11247.714741630449,13787.468464143461,8742.304521536993
forecast_5955,2025-09-06 03:00:00,12475.462720644844,15514.400859098336,10219.536012126646
forecast_5956,2025-09-06 04:00:00,14081.200453548046,16208.9945224291,11687.657020239154
forecast_5957,2025-09-06 05:00:00,13850.926285504878,16061.333849590674,11825.470507933944
forecast_5958,2025-09-06 06:00:00,14272.135614605786,17043.43328219312,13487.9891506326
forecast_5959,2025-09-06 07:00:00,14852.093736238689,17626.08707781141,14271.839471673065
forecast_5960,2025-09-06 08:00:00,13669.561990806887,17297.39124856427,13665.422893307954
forecast_5961,2025-09-06 09:00:00,12754.885772121756,16096.606401827858,13369.272549629031
forecast_5962,2025-09-06 10:00:00,12731.562766064282,14019.850302524903,13059.150664632229
forecast_5963,2025-09-06 11:00:00,13208.303088492177,13368.930189844994,12739.592384872376
forecast_5964,2025-09-06 12:00:00,12826.69651436172,14661.84570567007,13067.332315460864
forecast_5965,2025-09-06 13:00:00,11966.717577884441,15264.69364182124,13231.75349982423
forecast_5966,2025-09-06 14:00:00,11538.943955249053,15157.818624355297,13682.269631239487
forecast_5967,2025-09-06 15:00:00,12426.56100341138,15044.753180016343,13616.674715137822
forecast_5968,2025-09-06 16:00:00,12222.78385909043,14812.59034697181,13262.59231434284
forecast_5969,2025-09-06 17:00:00,12600.277115688461,14863.600102584604,13182.589515840364
forecast_5970,2025-09-06 18:00:00,13247.532734702083,14817.684577513139,14060.950092484276
forecast_5971,2025-09-06 19:00:00,13536.804362550383,15452.84891512437,14250.362973539834
forecast_5972,2025-09-06 20:00:00,14186.702556287151,15882.23156984233,14149.420513809157
forecast_5973,2025-09-06 21:00:00,14482.871408046525,16058.071864084468,14162.451103909878
forecast_5974,2025-09-06 22:00:00,15407.512633386305,17048.252412443682,15994.044978184984
forecast_5975,2025-09-06 23:00:00,16422.627244652947,17601.413458236202,16052.089647532637
forecast_5976,2025-09-07 00:00:00,15557.216875986112,17293.433727259875,16234.58481036413
forecast_5977,2025-09-07 01:00:00,15370.924660128958,17105.440810372613,16546.116112147243
forecast_5978,2025-09-07 02:00:00,15609.173959380756,16909.71042533382,16612.632255984274
forecast_5979,2025-09-07 03:00:00,15250.943896326244,16789.68775108274,15967.052010162268
forecast_5980,2025-09-07 04:00:00,15009.248127523748,16313.953052924493,14732.991157913577
forecast_5981,2025-09-07 05:00:00,14925.099138925938,15845.41219870879,13995.449742899802
forecast_5982,2025-09-07 06:00:00,14272.800171107869,14616.358611403242,12108.700999628949
forecast_5983,2025-09-07 07:00:00,13012.892217198008,12593.967403701283,10208.284540776529
forecast_5984,2025-09-07 08:00:00,12101.084371833136,11176.133697235535,9267.368459018562
forecast_5985,2025-09-07 09:00:00,10221.517408463442,9756.338026895439,8400.23627159105
forecast_5986,2025-09-07 10:00:00,9287.587932102419,8089.230830851826,7219.989860098445
forecast_5987,2025-09-07 11:00:00,7721.7472253993965,6823.014704793509,6264.379536308525
forecast_5988,2025-09-07 12:00:00,6389.382834979231,6041.517138377325,5428.019562668869
forecast_5989,2025-09-07 13:00:00,4446.340556155728,4931.6271042244025,4595.127936175914
forecast_5990,2025-09-07 14:00:00,4031.3208118989437,4498.256783148768,4301.768974507786
forecast_5991,2025-09-07 15:00:00,5064.955986001853,5643.880589791574,4566.308276973684
forecast_5992,2025-09-07 16:00:00,6143.766758453876,6386.72809004223,5168.815998266337
forecast_5993,2025-09-07 17:00:00,6852.269586131482,6626.895759151602,6016.313537214249
forecast_5994,2025-09-07 18:00:00,7754.7394748146,8109.435062956643,6696.013231730551
forecast_5995,2025-09-07 19:00:00,9592.181581683268,9483.995779726174,7354.977450816821
forecast_5996,2025-09-07 20:00:00,10292.061549529139,11299.595735388299,8374.344357872167
forecast_5997,2025-09-07 21:00:00,11163.454786650513,12422.626056009332,8602.106073529729
forecast_5998,2025-09-07 22:00:00,11947.071115437351,12868.05797615769,8956.658684888793
forecast_5999,2025-09-07 23:00:00,12141.072313976978,12114.460593422924,8944.307644857352
forecast_6000,2025-09-08 00:00:00,12075.404289730253,12006.916319401205,8575.462583209475
forecast_6001,2025-09-08 01:00:00,11891.786421868079,12031.748837897774,7934.1182779170285
forecast_6002,2025-09-08 02:00:00,10268.352287279842,10096.360518493471,7619.163670956591
forecast_6003,2025-09-08 03:00:00,8769.172526756582,7656.973021178729,6669.612681009032
forecast_6004,2025-09-08 04:00:00,6377.788452517921,5395.915743429898,5108.120890907887
forecast_6005,2025-09-08 05:00:00,4631.322439667015,3056.8230809374204,3892.101268193911
forecast_6006,2025-09-08 06:00:00,2896.617589039899,1497.9635615070974,2590.443026408673
forecast_6007,2025-09-08 07:00:00,1565.4114066364943,1077.547994076363,1967.003618516074
forecast_6008,2025-09-08 08:00:00,1062.3818767788339,829.8101295270391,1738.406717623483
forecast_6009,2025-09-08 09:00:00,835.044243360889,706.2716891409855,1524.9984288196076
forecast_6010,2025-09-08 10:00:00,721.4925922357402,680.0686871865876,1450.8083113551586
forecast_6011,2025-09-08 11:00:00,693.9441303216777,647.0147782285017,1428.9252547145336
forecast_6012,2025-09-08 12:00:00,696.6555865599739,677.3921585995954,1420.440269362971
forecast_6013,2025-09-08 13:00:00,682.0661115462967,624.3897171933454,1473.9612420316794
forecast_6014,2025-09-08 14:00:00,720.4447236694397,579.4465874951773,1508.146265754974
forecast_6015,2025-09-08 15:00:00,835.3000568296754,670.8614842916269,1559.6075184668528
forecast_6016,2025-09-08 16:00:00,1291.6512006988996,915.823387186789,1797.8132894974387
forecast_6017,2025-09-08 17:00:00,2027.880749711602,1732.298059532006,2116.90889308722
forecast_6018,2025-09-08 18:00:00,2481.3515054726713,2096.005502166934,2167.3230332445687
forecast_6019,2025-09-08 19:00:00,2534.4455226104337,1918.406249351126,2122.589859765844
forecast_6020,2025-09-08 20:00:00,2334.9962915378405,2316.42519151225,2210.1484585856647
forecast_6021,2025-09-08 21:00:00,2313.032346738748,2633.8498137752485,2224.528198067245
forecast_6022,2025-09-08 22:00:00,2302.964718048798,2957.636757762368,2192.597278526864
forecast_6023,2025-09-08 23:00:00,1973.4731862020974,2781.915749315114,2159.316474831742
forecast_6024,2025-09-09 00:00:00,1803.5798548265927,2310.752276212519,2183.4741899707997
forecast_6025,2025-09-09 01:00:00,1884.9387150371213,2660.3823757463233,2299.1721901899673
forecast_6026,2025-09-09 02:00:00,2106.239519102829,2820.0135677859407,2539.280282496552
forecast_6027,2025-09-09 03:00:00,2138.205876720146,2241.599501837273,2153.2041948706733
forecast_6028,2025-09-09 04:00:00,1989.798856809761,1897.3341059787504,2025.3598112683123
forecast_6029,2025-09-09 05:00:00,2159.338125654307,2085.0362198491425,1977.4327659231917
forecast_6030,2025-09-09 06:00:00,2246.0172457799463,2386.5555787990297,2045.5443298068951
forecast_6031,2025-09-09 07:00:00,1932.1646015374663,1798.3246294325927,2009.8267702034773
forecast_6032,2025-09-09 08:00:00,1641.5405437266663,1475.5159272840751,1872.8397258132522
forecast_6033,2025-09-09 09:00:00,1397.671562450601,1402.2853228203403,1852.0055926988748
forecast_6034,2025-09-09 10:00:00,1265.4151361999184,1248.8724379839816,1807.109944083673
forecast_6035,2025-09-09 11:00:00,1227.572462225074,1391.6070349292722,1749.1932284413929
forecast_6036,2025-09-09 12:00:00,1304.075995946307,1541.4836942538068,1763.6637866121414
forecast_6037,2025-09-09 13:00:00,1365.2323672978823,1487.6356460910542,1745.530244993216
forecast_6038,2025-09-09 14:00:00,1296.7632945710309,1361.5142586106833,1727.042843827605
forecast_6039,2025-09-09 15:00:00,1305.5683217340732,1271.437999047313,1729.4097962425144
forecast_6040,2025-09-09 16:00:00,1337.4210902796424,1298.779770637821,1693.0129312145239
forecast_6041,2025-09-09 17:00:00,1374.7829773816316,1164.997830198515,1700.766365747482
forecast_6042,2025-09-09 18:00:00,1365.470937531315,1201.8159311860234,1742.5556875336047
forecast_6043,2025-09-09 19:00:00,1364.1448619526795,1298.6473706967238,1791.7907656488885
forecast_6044,2025-09-09 20:00:00,1385.763847627943,1312.1855388249883,1782.913246351617
forecast_6045,2025-09-09 21:00:00,1635.311060974705,1593.6716227601912,1897.6539807181655
forecast_6046,2025-09-09 22:00:00,1958.1259291982615,1674.4720439214402,1930.0201609268584
forecast_6047,2025-09-09 23:00:00,1749.042952434936,1640.884912134754,1899.899336088807
forecast_6048,2025-09-10 00:00:00,1854.1591622270455,1575.2025612549833,1916.8936204528613
forecast_6049,2025-09-10 01:00:00,1946.3716088767449,1659.1166090997099,1878.1883146004702
forecast_6050,2025-09-10 02:00:00,2140.3525774997734,1788.0725771639507,1907.4411705409047
forecast_6051,2025-09-10 03:00:00,2280.23720045643,1960.3009182654664,1997.3342033351164
forecast_6052,2025-09-10 04:00:00,2588.78355966718,2128.454407500366,2047.073583217929
forecast_6053,2025-09-10 05:00:00,2531.605346328408,2674.396450203024,2008.8224469052814
forecast_6054,2025-09-10 06:00:00,2605.502484244231,2821.6239943347873,2039.2348966981558
forecast_6055,2025-09-10 07:00:00,2741.7143072748477,3101.6861084409115,2035.5384404258853
forecast_6056,2025-09-10 08:00:00,2281.676025889684,2743.0317321719485,2069.791598524972
forecast_6057,2025-09-10 09:00:00,1882.4607146768296,2271.7417062160785,2058.867418219608
forecast_6058,2025-09-10 10:00:00,1434.380617290041,2051.3320625461197,2035.7123227327295
forecast_6059,2025-09-10 11:00:00,1409.484278984077,1978.8724414015658,2059.608491726873
forecast_6060,2025-09-10 12:00:00,1358.511736062401,1973.0653420658286,2089.3872729301174
forecast_6061,2025-09-10 13:00:00,1242.0823116092797,1866.956922192066,2157.9965060773065
forecast_6062,2025-09-10 14:00:00,1192.0847893757482,1559.3200847040105,2093.518069656362
forecast_6063,2025-09-10 15:00:00,1139.9686805092028,1391.8260740050364,2012.7933103473533
forecast_6064,2025-09-10 16:00:00,1193.7260700901688,1325.2198134111643,1985.4479048648545
forecast_6065,2025-09-10 17:00:00,1257.7571871642072,1363.4423260817698,1975.9756119122312
forecast_6066,2025-09-10 18:00:00,1508.479122235643,1558.2483657211974,2112.299482084197
forecast_6067,2025-09-10 19:00:00,1572.4144178468498,1978.9763579567593,2183.714224770488
forecast_6068,2025-09-10 20:00:00,1748.8253732156427,2275.5974060819144,2213.869295669276
forecast_6069,2025-09-10 21:00:00,2050.168663292848,2490.4665220598754,2250.1441545555845
forecast_6070,2025-09-10 22:00:00,2426.080027407671,2713.129185024244,2314.3079675865056
forecast_6071,2025-09-10 23:00:00,2549.7678792008373,3198.2573338244483,2308.1992020644066
forecast_6072,2025-09-11 00:00:00,2484.8300549921037,3047.5822455376374,2351.682614242549
forecast_6073,2025-09-11 01:00:00,2615.7135235892806,2510.4768016893645,2185.8591682711162
forecast_6074,2025-09-11 02:00:00,2892.41766663445,2483.7010820155238,2201.041247818656
forecast_6075,2025-09-11 03:00:00,3438.770307497882,2892.386705754318,2228.872538332308
forecast_6076,2025-09-11 04:00:00,3934.190068368887,3329.874465646106,2286.128404419486
forecast_6077,2025-09-11 05:00:00,4259.628009121012,4103.922863503423,2721.5792812657846
forecast_6078,2025-09-11 06:00:00,4547.595941268548,4550.290686724045,2934.0091445193007
forecast_6079,2025-09-11 07:00:00,4845.934463174581,5134.36860640064,3411.095292475723
forecast_6080,2025-09-11 08:00:00,4295.522973341258,5030.972232598667,3536.2592634621515
forecast_6081,2025-09-11 09:00:00,3892.083824526978,4823.0374573425615,3305.7606233682545
forecast_6082,2025-09-11 10:00:00,3201.5886921777924,4172.02140308627,3085.838703403373
forecast_6083,2025-09-11 11:00:00,2920.0162326899317,3694.240687264628,3115.2000708528103
forecast_6084,2025-09-11 12:00:00,2667.212765312677,3633.0218999412514,3290.993777391686
forecast_6085,2025-09-11 13:00:00,2478.0347814111183,3539.6215668843724,3477.4330118842763
forecast_6086,2025-09-11 14:00:00,2623.324921228291,3543.735875031023,3374.3947119282784
forecast_6087,2025-09-11 15:00:00,2705.1054732204448,3383.857634547825,3020.933802639388
forecast_6088,2025-09-11 16:00:00,2892.030683368844,3264.3472075646587,2769.7336224867317
forecast_6089,2025-09-11 17:00:00,3280.6159883218816,3114.871211705774,2790.5047481206766
forecast_6090,2025-09-11 18:00:00,3498.0027636107634,3704.8975513181404,2859.5475455394662
forecast_6091,2025-09-11 19:00:00,4186.129961450981,5675.866637850859,2945.846482464145
forecast_6092,2025-09-11 20:00:00,4570.412323996832,7082.845525040892,3417.4867733134492
forecast_6093,2025-09-11 21:00:00,4786.725676672701,6811.460068036164,3426.052431641726
forecast_6094,2025-09-11 22:00:00,5341.812801822676,7439.149615182951,3707.9234331872867
forecast_6095,2025-09-11 23:00:00,5314.828707910916,7652.390290322499,3958.6990043225833
forecast_6096,2025-09-12 00:00:00,5239.068378161402,7298.433383030996,3859.558550159453
forecast_6097,2025-09-12 01:00:00,5122.049071651032,6954.935063959278,3606.645305530805
forecast_6098,2025-09-12 02:00:00,5111.271386426644,6720.3797801972505,3444.153747727372
forecast_6099,2025-09-12 03:00:00,4293.432390652908,5737.2886579565575,3314.386835809117
forecast_6100,2025-09-12 04:00:00,3973.6923339694627,5281.501028275345,3286.5296521018113
forecast_6101,2025-09-12 05:00:00,4009.0245796997965,5462.317348721397,3318.6399451802786
forecast_6102,2025-09-12 06:00:00,4317.845366765401,5444.409394318953,3346.0250581404853
forecast_6103,2025-09-12 07:00:00,4275.318497177312,5266.762808899805,3306.108265860903
forecast_6104,2025-09-12 08:00:00,3800.877657642625,4846.102775392015,3443.0902002575885
forecast_6105,2025-09-12 09:00:00,3866.8308163657857,4422.978005389436,3344.2478219859486
forecast_6106,2025-09-12 10:00:00,3088.526784987329,3350.2418546619574,2737.1573344437556
forecast_6107,2025-09-12 11:00:00,2777.8375357034215,3036.3383803138054,2628.616971945017
forecast_6108,2025-09-12 12:00:00,2667.116482598558,2991.307465459469,2623.865548477056
forecast_6109,2025-09-12 13:00:00,2507.073760639598,2907.515426085212,2595.209758547159
forecast_6110,2025-09-12 14:00:00,2505.0488061733577,2872.0372213140454,2362.63689616724
forecast_6111,2025-09-12 15:00:00,2755.7872284208324,2885.1827703743356,2633.163862247383
forecast_6112,2025-09-12 16:00:00,3379.2597034582896,3139.256316718128,2921.6495532298622
forecast_6113,2025-09-12 17:00:00,3591.819859366611,3686.2512297610397,2744.910278068144
forecast_6114,2025-09-12 18:00:00,3742.087632517601,3636.1778506157266,2991.2307116625007
forecast_6115,2025-09-12 19:00:00,3744.3435332447475,3814.223443805393,2774.255013979039
forecast_6116,2025-09-12 20:00:00,3905.487895891229,3810.294683197583,2760.862903924916
forecast_6117,2025-09-12 21:00:00,3421.8096168305087,3686.0819077509486,2998.9345611802337
forecast_6118,2025-09-12 22:00:00,4362.430476051752,4140.2355680821165,3279.452437945776
forecast_6119,2025-09-12 23:00:00,4973.077653692216,4836.8234789743865,3705.4827621783397
forecast_6120,2025-09-13 00:00:00,4983.969253909667,5075.914339140286,3400.900623668671
forecast_6121,2025-09-13 01:00:00,5255.5736851266065,5211.599254337963,3965.51569681451
forecast_6122,2025-09-13 02:00:00,5796.260274996395,7231.5013459119655,4881.919663965427
forecast_6123,2025-09-13 03:00:00,6318.215566511311,7645.705156591383,4933.813552292563
forecast_6124,2025-09-13 04:00:00,7856.937998254493,7993.251984816735,5692.6100084084555
forecast_6125,2025-09-13 05:00:00,8784.282078593016,8332.23034253181,7472.034093219181
forecast_6126,2025-09-13 06:00:00,12107.271581472818,11559.42264737866,8882.3659029009
forecast_6127,2025-09-13 07:00:00,13860.535887948907,14193.354615892342,11784.693132765773
forecast_6128,2025-09-13 08:00:00,14261.225291027498,14256.585323802266,14708.060930791837
forecast_6129,2025-09-13 09:00:00,13418.990810598243,15220.480218741643,14134.684352220316
forecast_6130,2025-09-13 10:00:00,10851.35946511821,13481.054982592987,10927.197343275777
forecast_6131,2025-09-13 11:00:00,8553.326845760905,10338.50776486634,8423.118363294047
forecast_6132,2025-09-13 12:00:00,8146.824777708699,9096.345281577454,6868.301260054901
forecast_6133,2025-09-13 13:00:00,5882.1473062810965,6094.3404790306295,4532.982375962756
forecast_6134,2025-09-13 14:00:00,2667.528011712053,2726.6891621433347,2732.837298836237
forecast_6135,2025-09-13 15:00:00,1514.9456591961484,1416.1724217622432,2377.9320085567165
forecast_6136,2025-09-13 16:00:00,1386.294503157102,1414.689278483434,2209.4409293665904
forecast_6137,2025-09-13 17:00:00,1652.5859904279723,1585.9322264214527,2425.4829768859663
forecast_6138,2025-09-13 18:00:00,1723.782948476504,2281.234114969614,2726.426312211298
forecast_6139,2025-09-13 19:00:00,1727.903380856759,2554.213790175976,2408.9243707754617
forecast_6140,2025-09-13 20:00:00,1486.3387529499532,1763.9692128861946,2169.123336308064
forecast_6141,2025-09-13 21:00:00,1095.3065133359314,1012.2464767964739,1978.8151740987842
forecast_6142,2025-09-13 22:00:00,1070.6502015946148,835.8459295986327,1880.5340392945652
forecast_6143,2025-09-13 23:00:00,1177.8094068617174,852.2484666543043,1882.1975237766515
forecast_6144,2025-09-14 00:00:00,1306.4367227376497,1256.0563330292275,1884.7871378908835
forecast_6145,2025-09-14 01:00:00,1844.3277300510842,1429.7423349524415,1788.1101169528124
forecast_6146,2025-09-14 02:00:00,1901.7993973356806,1521.6254970594673,1776.3507975806592
forecast_6147,2025-09-14 03:00:00,1544.8009253363598,1399.165016836847,1770.198694643799
forecast_6148,2025-09-14 04:00:00,1639.9305393892107,1557.5325138601188,1784.238313507475
forecast_6149,2025-09-14 05:00:00,1855.955388273662,1585.549492607804,1824.6325604409585
forecast_6150,2025-09-14 06:00:00,2021.0029471528935,1648.996101468727,1862.3495362368128
forecast_6151,2025-09-14 07:00:00,1975.3249778493127,1663.2762597983383,1898.222533437887
forecast_6152,2025-09-14 08:00:00,1974.4271144726874,1632.423028918288,1899.0957282846323
forecast_6153,2025-09-14 09:00:00,2016.6419252546966,1636.1828294981538,1990.1672952512085
forecast_6154,2025-09-14 10:00:00,1613.508656028482,1481.8020347495763,2030.0346067404116
forecast_6155,2025-09-14 11:00:00,1457.3069632130846,1375.2273337417384,2182.6261705839383
forecast_6156,2025-09-14 12:00:00,1529.461215859829,1362.6678752555795,2390.230882017079
forecast_6157,2025-09-14 13:00:00,1736.3026092874352,1625.8364111835344,2376.5175778644652
forecast_6158,2025-09-14 14:00:00,1939.699045544309,2376.0200799027443,2947.182485574701
forecast_6159,2025-09-14 15:00:00,2487.977585754901,2738.4259840679197,3506.1045255403787
forecast_6160,2025-09-14 16:00:00,3094.660210863055,3192.410911337205,4471.364829305788
forecast_6161,2025-09-14 17:00:00,4485.027634729115,4173.263115755819,5275.15427954308
forecast_6162,2025-09-14 18:00:00,6563.27838257571,6134.650728213183,6804.800015943906
forecast_6163,2025-09-14 19:00:00,8887.30867880395,9215.071277236833,9215.044175914854
forecast_6164,2025-09-14 20:00:00,11995.462890198572,12912.216556442285,11513.358590677628
forecast_6165,2025-09-14 21:00:00,14692.522844396915,14932.30688325677,13026.715509984422
forecast_6166,2025-09-14 22:00:00,15635.7666451292,15825.405417144342,13687.596180305212
forecast_6167,2025-09-14 23:00:00,15692.566350341383,15871.178661724007,15057.05941494291
forecast_6168,2025-09-15 00:00:00,16165.089383863648,16326.042385512148,14631.328132546618
forecast_6169,2025-09-15 01:00:00,16490.66755723828,15839.835973578329,13649.683673776028
forecast_6170,2025-09-15 02:00:00,15426.280187726681,14558.763530133898,11160.488232566415
forecast_6171,2025-09-15 03:00:00,14866.509699629927,13739.894937450586,9710.491451772763
forecast_6172,2025-09-15 04:00:00,14236.238125930093,12574.922581558854,9320.8012052168
forecast_6173,2025-09-15 05:00:00,13067.14695009079,10985.704913656831,8744.000291205844
forecast_6174,2025-09-15 06:00:00,10123.509600318052,8617.456487550891,6473.919352089328
forecast_6175,2025-09-15 07:00:00,7080.756660911934,5211.540480782001,5120.471752456333
forecast_6176,2025-09-15 08:00:00,4362.261202729431,2591.297915009058,2935.381710074347
forecast_6177,2025-09-15 09:00:00,1754.5403477120758,1249.4346535519614,2042.2928923432162
forecast_6178,2025-09-15 10:00:00,1046.541083183805,777.9687667551789,1668.071881009459
forecast_6179,2025-09-15 11:00:00,732.7396187277982,634.466129105387,1566.279136550471
forecast_6180,2025-09-15 12:00:00,706.0057499083534,611.1984011583374,1500.260093581721
forecast_6181,2025-09-15 13:00:00,722.3455936583534,627.3394534044312,1513.8827742457836
forecast_6182,2025-09-15 14:00:00,744.0228792760862,637.1537111804628,1552.7173629384924
forecast_6183,2025-09-15 15:00:00,994.8334663672623,746.3798405228702,1666.2452091015707
forecast_6184,2025-09-15 16:00:00,1250.1718836388704,821.5353170973774,1995.8450247688074
forecast_6185,2025-09-15 17:00:00,1820.5549860620367,1338.3498688840248,2471.5183676031793
forecast_6186,2025-09-15 18:00:00,3600.111218953834,2906.4947943211096,3670.1988373216827
forecast_6187,2025-09-15 19:00:00,4387.818813618164,3932.0755768909016,4758.233427540752
forecast_6188,2025-09-15 20:00:00,4860.806686595679,4854.174734323224,5223.193510594464
forecast_6189,2025-09-15 21:00:00,4795.770830203601,5145.237426997015,5337.646991833553
forecast_6190,2025-09-15 22:00:00,6025.337437086353,6111.000197428597,5774.845997155373
forecast_6191,2025-09-15 23:00:00,6133.31891367716,6339.551418735078,5852.027445151518
forecast_6192,2025-09-16 00:00:00,6371.507463646506,6479.054616819124,6353.195518019966
forecast_6193,2025-09-16 01:00:00,8829.738863374434,7693.89602042333,7033.2143241326075
forecast_6194,2025-09-16 02:00:00,11051.11855544418,9867.718074330678,8144.852361851151
forecast_6195,2025-09-16 03:00:00,11900.356908178253,10830.15476191468,8386.590362185241
forecast_6196,2025-09-16 04:00:00,12038.348788089888,12726.847926333732,8704.264897982703
forecast_6197,2025-09-16 05:00:00,12290.654640203988,13585.777291878501,9126.631473926209
forecast_6198,2025-09-16 06:00:00,12449.58460789985,14039.90882015244,9062.55558297468
forecast_6199,2025-09-16 07:00:00,12825.512266540778,13467.714725799324,8806.565599317268
forecast_6200,2025-09-16 08:00:00,11806.673681347182,12239.700802246658,7343.918865075751
forecast_6201,2025-09-16 09:00:00,9344.918481456234,9710.243097363247,6597.022882898985
forecast_6202,2025-09-16 10:00:00,7325.400800588031,7273.235033355715,6505.661810773728
forecast_6203,2025-09-16 11:00:00,6622.953105419662,6563.825922251307,6353.981126971373
forecast_6204,2025-09-16 12:00:00,6509.730651123249,6974.647467877359,6470.84732223585
forecast_6205,2025-09-16 13:00:00,6642.052419272864,7683.927688287226,6699.837235029019
forecast_6206,2025-09-16 14:00:00,6694.460860861797,8122.598235333723,6704.6113097013795
forecast_6207,2025-09-16 15:00:00,6795.54549848456,9063.72108787662,7212.4792538280535
forecast_6208,2025-09-16 16:00:00,6787.080123505757,7694.304526994003,7153.981751152834
forecast_6209,2025-09-16 17:00:00,6860.237274681032,7816.762829046564,7542.88706010311
forecast_6210,2025-09-16 18:00:00,6953.454118494103,8748.636518420586,7212.291780300974
forecast_6211,2025-09-16 19:00:00,7357.706017446415,8462.457552627337,8376.490662084427
forecast_6212,2025-09-16 20:00:00,8040.931714135671,8169.7498928366895,8151.03738935154
forecast_6213,2025-09-16 21:00:00,8555.609717171435,8566.700351573563,8642.868433070074
forecast_6214,2025-09-16 22:00:00,10591.658802129985,11605.399333395666,10294.34304961393
forecast_6215,2025-09-16 23:00:00,12193.182567261967,13320.850469374087,11569.60365640154
forecast_6216,2025-09-17 00:00:00,13516.853623471034,15811.035535017927,14082.657131422613
forecast_6217,2025-09-17 01:00:00,14551.828045503766,17048.692764355026,14809.373147399749
forecast_6218,2025-09-17 02:00:00,15417.8697428454,17213.049363561033,15326.703884782693
forecast_6219,2025-09-17 03:00:00,15353.994544387628,17506.50708452319,16608.621071737398
forecast_6220,2025-09-17 04:00:00,16460.825810255315,17927.044883439383,17746.45731330556
forecast_6221,2025-09-17 05:00:00,15971.631783338575,17421.62124505156,17255.263192583698
forecast_6222,2025-09-17 06:00:00,14788.001556381087,16177.629749174384,15764.19139153733
forecast_6223,2025-09-17 07:00:00,13651.75841572706,13783.521448964042,12591.930556308133
forecast_6224,2025-09-17 08:00:00,11477.265131373802,12516.080414225875,10920.500884777473
forecast_6225,2025-09-17 09:00:00,8294.142751357147,10904.833885296632,8376.28526863853
forecast_6226,2025-09-17 10:00:00,5577.999046850056,7251.938863168855,5281.650477390085
forecast_6227,2025-09-17 11:00:00,4794.888899197265,5686.035529209059,3691.339918132513
forecast_6228,2025-09-17 12:00:00,2449.5760513176265,3448.4846312684126,2853.293999445539
forecast_6229,2025-09-17 13:00:00,2598.803722646164,3665.8173916894134,2960.406270174224
forecast_6230,2025-09-17 14:00:00,4129.108254635732,5140.847552360054,4071.788625678547
forecast_6231,2025-09-17 15:00:00,4545.921773595441,4829.280909512401,4301.622717543809
forecast_6232,2025-09-17 16:00:00,4444.316351722284,4455.285706247218,3528.908532453234
forecast_6233,2025-09-17 17:00:00,3574.9017939346427,3256.123641645079,2465.741080891148
forecast_6234,2025-09-17 18:00:00,2817.6373333279294,2148.553136882033,2293.3460892326025
forecast_6235,2025-09-17 19:00:00,1900.9169590894048,1658.9539116997457,2102.3355553753227
forecast_6236,2025-09-17 20:00:00,1547.6215514346873,1362.5391296986827,2130.069485564087
forecast_6237,2025-09-17 21:00:00,1385.6688870174653,1413.4099678374312,2204.733145563813
forecast_6238,2025-09-17 22:00:00,1306.946772002233,1266.0410731379075,2111.690633308773
forecast_6239,2025-09-17 23:00:00,1129.5384231364756,1003.9466965979341,2015.8628816965893
forecast_6240,2025-09-18 00:00:00,1121.921848191419,898.4100584033116,2032.8875067994672
forecast_6241,2025-09-18 01:00:00,1253.3326687825688,984.6490558592604,1950.7150437850933
forecast_6242,2025-09-18 02:00:00,1302.079034510132,972.9269228218529,1970.6956595295578
forecast_6243,2025-09-18 03:00:00,1786.3070604269783,1168.8609688564266,2074.39258648322
forecast_6244,2025-09-18 04:00:00,2155.9991665363796,1653.9119037499408,2403.328889669557
forecast_6245,2025-09-18 05:00:00,2559.43020618692,2466.115127433227,2662.8004560608133
forecast_6246,2025-09-18 06:00:00,2916.541837743601,3358.5610803632094,3386.001706529808
forecast_6247,2025-09-18 07:00:00,3596.302042076023,3701.41937889417,4282.0561359249905
forecast_6248,2025-09-18 08:00:00,3933.67206610312,4135.722404116232,4533.288816612721
forecast_6249,2025-09-18 09:00:00,4452.215000726985,4480.03080026815,4712.116633515109
forecast_6250,2025-09-18 10:00:00,3905.8474798714155,4461.591194101989,4559.10597005106
forecast_6251,2025-09-18 11:00:00,3727.7693767501682,4618.570847174173,4476.311643705776
forecast_6252,2025-09-18 12:00:00,3402.39748928675,4639.908454021077,4272.768460906842
forecast_6253,2025-09-18 13:00:00,3189.7157537390067,4403.666512778124,3437.970756622852
forecast_6254,2025-09-18 14:00:00,2879.6300661933883,3674.775493710084,3053.352851119777
forecast_6255,2025-09-18 15:00:00,2314.1589880283054,3272.4789857470482,2990.673263891622
forecast_6256,2025-09-18 16:00:00,1692.461749663279,2718.1150560618316,2921.6554625222843
forecast_6257,2025-09-18 17:00:00,1516.6777302194614,2205.4249823618,2943.290754249229
forecast_6258,2025-09-18 18:00:00,1700.650217549707,2764.903993660866,2897.9849129730437
forecast_6259,2025-09-18 19:00:00,2144.7562742615232,3097.1227814351305,3136.3852959746982
forecast_6260,2025-09-18 20:00:00,2728.1097815906796,3812.9489964496456,3174.120101555132
forecast_6261,2025-09-18 21:00:00,2853.904642074637,4043.528505231125,3145.527468608855
forecast_6262,2025-09-18 22:00:00,2511.8381163948625,2927.019920921675,2563.4421884437834
forecast_6263,2025-09-18 23:00:00,2531.2485795966622,2678.2851914681214,2808.084439572654
forecast_6264,2025-09-19 00:00:00,2759.6138179648024,3341.5272218230057,2558.897767627989
forecast_6265,2025-09-19 01:00:00,2887.498221523065,3625.3304739260143,2447.737721863134
forecast_6266,2025-09-19 02:00:00,2942.1812654387422,3434.4000913732307,2287.3797475891743
forecast_6267,2025-09-19 03:00:00,2833.833232107547,3282.1886148103804,2243.287269303417
forecast_6268,2025-09-19 04:00:00,2919.169977594065,3349.6223127236963,2118.7111270610703
forecast_6269,2025-09-19 05:00:00,2728.82222523813,2917.3374308016428,2006.3156831059453
forecast_6270,2025-09-19 06:00:00,2593.6900663804304,2475.665664566658,1900.7167115728298
forecast_6271,2025-09-19 07:00:00,2308.29704575077,2188.74266046127,1797.4468162407043
forecast_6272,2025-09-19 08:00:00,2010.0543861222284,1859.293394587608,1741.605078282399
forecast_6273,2025-09-19 09:00:00,1508.276575721327,1613.7630074251426,1708.5985963901458
forecast_6274,2025-09-19 10:00:00,1114.761184459731,1191.7066298592395,1647.598883388618
forecast_6275,2025-09-19 11:00:00,909.9121835563328,1017.7421623319281,1649.1058527474988
forecast_6276,2025-09-19 12:00:00,847.0690877234796,991.4251147847518,1662.6222302031808
forecast_6277,2025-09-19 13:00:00,872.5095231693987,948.9335289758694,1680.3605348782228
forecast_6278,2025-09-19 14:00:00,872.4411364763045,886.3425976951996,1657.2043835234933
forecast_6279,2025-09-19 15:00:00,899.005588722807,912.4628083847036,1674.6303656212317
forecast_6280,2025-09-19 16:00:00,1024.0428636841984,947.9257208618233,1689.1893340046006
forecast_6281,2025-09-19 17:00:00,1278.4945380388172,1057.2149780770508,1720.4466871658162
forecast_6282,2025-09-19 18:00:00,1856.2558762541682,1402.7243375398075,1766.3302854390854
forecast_6283,2025-09-19 19:00:00,2481.1064817291654,1782.0966732222234,1889.9644342924107
forecast_6284,2025-09-19 20:00:00,2642.5295625667814,2387.557517941975,1996.600904274806
forecast_6285,2025-09-19 21:00:00,3260.3983540089157,3184.8903466135503,2171.898820108527
forecast_6286,2025-09-19 22:00:00,4134.862072526084,3986.1547391164495,2369.801326880157
forecast_6287,2025-09-19 23:00:00,5663.657863637679,5349.467626085101,2812.5448523057066
forecast_6288,2025-09-20 00:00:00,5990.335436610292,6990.050075248101,3071.33950805495
forecast_6289,2025-09-20 01:00:00,5676.777830825317,6503.683300021047,3128.6239486485356
forecast_6290,2025-09-20 02:00:00,5879.947018569678,6480.660308620888,3166.072478782605
forecast_6291,2025-09-20 03:00:00,6819.535173705445,7769.676620476869,4467.756543799478
forecast_6292,2025-09-20 04:00:00,6405.465249262985,7392.74171979845,4947.649636013741
forecast_6293,2025-09-20 05:00:00,6231.104309137556,7155.63302818706,5291.976176249592
forecast_6294,2025-09-20 06:00:00,5801.489856897276,5672.1124997092065,6076.613081023661
forecast_6295,2025-09-20 07:00:00,4907.955042545519,4109.170406189536,5430.495198168086
forecast_6296,2025-09-20 08:00:00,4186.716752653367,3491.1369734311083,3708.8523430985324
forecast_6297,2025-09-20 09:00:00,3721.2955427334355,3166.424268607488,3453.486651933412
forecast_6298,2025-09-20 10:00:00,2415.3680354733483,1878.0468796282655,2383.9459490349627
forecast_6299,2025-09-20 11:00:00,2065.8260351315957,1679.445253267303,2422.2183377246824
forecast_6300,2025-09-20 12:00:00,2001.3626170581006,1780.2519732765873,2460.889617290196
forecast_6301,2025-09-20 13:00:00,2088.652265198712,1800.624651053396,2753.7609313279117
forecast_6302,2025-09-20 14:00:00,2582.0145239220437,2188.975404179774,2794.0272679878362
forecast_6303,2025-09-20 15:00:00,2335.2986772455984,1752.7325464569924,2418.2175098665552
forecast_6304,2025-09-20 16:00:00,2007.8836023962333,1630.5864462105355,2321.070364465194
forecast_6305,2025-09-20 17:00:00,1620.9883824603987,1643.1049934657083,2127.7827554694786
forecast_6306,2025-09-20 18:00:00,1606.9326585377453,1298.0084978784312,2017.6850361228762
forecast_6307,2025-09-20 19:00:00,1547.8581616573272,1473.0817708946029,2223.1510233558583
forecast_6308,2025-09-20 20:00:00,1742.2939305056937,1873.5810837936226,2205.561045677243
forecast_6309,2025-09-20 21:00:00,2358.105421251663,2405.8705588703588,2548.9085599291984
forecast_6310,2025-09-20 22:00:00,3116.535758971286,3293.373121818566,3143.3730319054976
forecast_6311,2025-09-20 23:00:00,3400.4871743334397,3420.515776628373,3263.4601225606793
forecast_6312,2025-09-21 00:00:00,3711.412946138379,3900.2725531207884,3633.5001887520193
forecast_6313,2025-09-21 01:00:00,3916.122488410238,4323.13119257168,4400.461471384778
forecast_6314,2025-09-21 02:00:00,4080.749780638292,4696.8999206925255,4519.297186297842
forecast_6315,2025-09-21 03:00:00,4059.5465512290316,4787.889978093022,4401.889605943472
forecast_6316,2025-09-21 04:00:00,4076.2286975526176,4633.841319743466,4353.58616588573
forecast_6317,2025-09-21 05:00:00,4069.1332977331476,4927.004385977025,4322.670666308737
forecast_6318,2025-09-21 06:00:00,4118.506066522657,5551.45862137953,4325.031772499793
forecast_6319,2025-09-21 07:00:00,4516.9687571914965,5805.499942190635,4145.045725448099
forecast_6320,2025-09-21 08:00:00,3938.358108550859,4612.036585259977,4098.398827786279
forecast_6321,2025-09-21 09:00:00,3259.2351479344247,3762.67296670525,3584.9482861540664
forecast_6322,2025-09-21 10:00:00,2217.273128702176,2986.6531425335656,3154.0195364403808
forecast_6323,2025-09-21 11:00:00,1669.4757719390298,2254.922813086775,2818.997539928378
forecast_6324,2025-09-21 12:00:00,1328.9953632707632,1962.5763921207101,2706.2684080403155
forecast_6325,2025-09-21 13:00:00,1259.4865064911282,1897.7491873822978,2731.391802139395
forecast_6326,2025-09-21 14:00:00,1236.1013644847446,1909.2537434848464,2609.883929535381
forecast_6327,2025-09-21 15:00:00,1469.7550511613767,2225.406923702829,2845.6409846267115
forecast_6328,2025-09-21 16:00:00,1593.9860545867102,2454.3900738875045,2879.5012897262914
forecast_6329,2025-09-21 17:00:00,2036.0500178272152,2489.4068168324384,2819.3929457155054
forecast_6330,2025-09-21 18:00:00,2416.8684100968158,3253.101175426011,3252.446826793495
forecast_6331,2025-09-21 19:00:00,2974.7419129763816,3984.4654554485774,3066.6527399568463
forecast_6332,2025-09-21 20:00:00,3998.0501469896976,5027.117914968978,3121.086153615228
forecast_6333,2025-09-21 21:00:00,4363.645648400358,6182.242102621125,3371.8582992561123
forecast_6334,2025-09-21 22:00:00,4597.431766617046,6757.055625034078,3331.548921498298
forecast_6335,2025-09-21 23:00:00,4641.79258406878,6845.221308121587,3153.329958564447
forecast_6336,2025-09-22 00:00:00,4980.4589815172385,6919.213618598161,2912.7093657564847
forecast_6337,2025-09-22 01:00:00,4838.535640486232,6319.475905204193,2791.995021767042
forecast_6338,2025-09-22 02:00:00,5027.854822911372,5964.479655913152,2755.418910480586
forecast_6339,2025-09-22 03:00:00,4769.595797757777,5864.068854245532,2723.1874339183073
forecast_6340,2025-09-22 04:00:00,4678.010499014457,6058.54784083469,2679.5039680096693
forecast_6341,2025-09-22 05:00:00,4782.14326563069,6417.26109797651,3151.8841307593975
forecast_6342,2025-09-22 06:00:00,5243.932262662469,6494.301167007293,3256.8956769563138
forecast_6343,2025-09-22 07:00:00,5138.525256285571,6339.87449821956,3478.997920988274
forecast_6344,2025-09-22 08:00:00,4820.7910407836625,6276.892331274231,4006.223393803062
forecast_6345,2025-09-22 09:00:00,4651.941650641273,6158.645487932022,4234.703760449095
forecast_6346,2025-09-22 10:00:00,4304.8639668614505,5651.734888903386,3862.1742434744338
forecast_6347,2025-09-22 11:00:00,3695.5868182666463,4734.660855781214,3403.0741453321807
forecast_6348,2025-09-22 12:00:00,3544.115571306332,4158.843870734536,3117.0750745409123
forecast_6349,2025-09-22 13:00:00,3244.7113871052634,4315.301147356453,3171.543656463875
forecast_6350,2025-09-22 14:00:00,3012.000949026131,4420.249664470064,2980.0926680730045
forecast_6351,2025-09-22 15:00:00,3016.008892152824,3553.61207109142,2742.625150472769
forecast_6352,2025-09-22 16:00:00,3019.980540520656,3321.036199959387,2763.6055234569567
forecast_6353,2025-09-22 17:00:00,3032.608864564213,3356.778659254921,2727.290555489766
forecast_6354,2025-09-22 18:00:00,3367.2444633556015,3558.314502643507,2688.960501462819
forecast_6355,2025-09-22 19:00:00,3357.9003441317245,3862.5694146198484,2404.1250217039233
forecast_6356,2025-09-22 20:00:00,3563.757331761984,4462.560515584658,2405.6926390073168
forecast_6357,2025-09-22 21:00:00,3477.617832781885,4673.0289352647,2240.633100374479
forecast_6358,2025-09-22 22:00:00,3503.3621302277943,4083.6736953373297,2209.373369317156
forecast_6359,2025-09-22 23:00:00,3350.357900712115,3656.9282578198167,2173.052624263717
forecast_6360,2025-09-23 00:00:00,2826.651183067901,3093.914414774354,2095.2083190411313
forecast_6361,2025-09-23 01:00:00,2448.046239409099,2241.8216427199895,1870.3689111594651
forecast_6362,2025-09-23 02:00:00,2171.4021306557606,2094.3158575578127,1847.9555743608535
forecast_6363,2025-09-23 03:00:00,2145.1190400825926,2327.8147793649105,1835.3666425779115
forecast_6364,2025-09-23 04:00:00,2425.6095557847584,2635.441761000066,1893.3718150858026
forecast_6365,2025-09-23 05:00:00,2814.2678862341277,3261.253707247428,2113.591637488008
forecast_6366,2025-09-23 06:00:00,3240.593621152358,3742.1902914476955,2180.908369657858
forecast_6367,2025-09-23 07:00:00,3414.09061142247,3858.2171921456325,2195.0008830786533
forecast_6368,2025-09-23 08:00:00,3203.9569543603398,3768.873286052472,2213.1369263296338
forecast_6369,2025-09-23 09:00:00,2602.5407727667157,3502.062966166692,2203.395468940092
forecast_6370,2025-09-23 10:00:00,1949.1264561286869,2882.6249673307193,2069.531049714261
forecast_6371,2025-09-23 11:00:00,1536.8708088971346,2244.429900400395,2101.558355088105
forecast_6372,2025-09-23 12:00:00,1450.7769667741927,2006.8252457071574,2109.1464873281666
forecast_6373,2025-09-23 13:00:00,1507.0622716727462,1985.5808548328012,2125.0636321548163
forecast_6374,2025-09-23 14:00:00,1478.8441602007144,2158.2550444092476,2103.745522658306
forecast_6375,2025-09-23 15:00:00,1732.5634435129477,2250.967107313775,2047.2441375408553
forecast_6376,2025-09-23 16:00:00,1804.0121127471773,2295.684408635519,2087.287565253611
forecast_6377,2025-09-23 17:00:00,1984.8446591910213,2545.9419368113086,2038.833623685508
forecast_6378,2025-09-23 18:00:00,2402.462330390293,2989.532961289925,2055.5634713877034
forecast_6379,2025-09-23 19:00:00,2895.3069080898263,3255.653512103565,1977.216209244528
forecast_6380,2025-09-23 20:00:00,3467.7938888434337,3384.1868632392857,1951.3245580873609
forecast_6381,2025-09-23 21:00:00,3565.3082532286453,3059.7496001519785,1986.132846878979
forecast_6382,2025-09-23 22:00:00,3678.8267233946567,2913.1537077092744,1932.6113648264527
forecast_6383,2025-09-23 23:00:00,3548.0267989736994,2884.2507046269156,1891.7124536976175
forecast_6384,2025-09-24 00:00:00,3693.8317562260454,2776.853124784534,1927.2258867494668
forecast_6385,2025-09-24 01:00:00,3765.5998431271337,2955.0846118349777,2072.936475269474
forecast_6386,2025-09-24 02:00:00,4008.9025324925233,3528.471089488583,2200.7226109357584
forecast_6387,2025-09-24 03:00:00,4482.194451553365,3938.061988794717,2670.2239624754056
forecast_6388,2025-09-24 04:00:00,4974.305448336487,4788.861984651701,3017.134442510717
forecast_6389,2025-09-24 05:00:00,5683.428651637637,6132.44886857942,3650.884983242652
forecast_6390,2025-09-24 06:00:00,5863.798368197789,6916.913851799436,3993.0574566616315
forecast_6391,2025-09-24 07:00:00,5410.981240163943,6045.429717813816,4426.381025017165
forecast_6392,2025-09-24 08:00:00,5745.712824784908,6037.235280154261,4758.57896837715
forecast_6393,2025-09-24 09:00:00,5837.513297260775,7010.02650331536,5180.223884013477
forecast_6394,2025-09-24 10:00:00,4919.458586670087,6703.714927241166,5229.627103394305
forecast_6395,2025-09-24 11:00:00,5635.414889387215,7185.729210632653,5843.113548524829
forecast_6396,2025-09-24 12:00:00,6937.474924633712,9068.781266423379,7215.376384222229
forecast_6397,2025-09-24 13:00:00,7411.978716580288,10799.421587138953,8763.291067726412
forecast_6398,2025-09-24 14:00:00,8458.798131228948,12523.956242046526,10454.397565928448
forecast_6399,2025-09-24 15:00:00,8898.358347762483,12034.750841873394,9282.251399888179
forecast_6400,2025-09-24 16:00:00,9088.52514463501,11036.863524640572,8577.630870492387
forecast_6401,2025-09-24 17:00:00,9410.348768293165,10480.171594391624,8364.374093496532
forecast_6402,2025-09-24 18:00:00,9742.600630747194,11083.389513730504,7865.41874186498
forecast_6403,2025-09-24 19:00:00,10276.480368071268,11412.441288215381,9918.796944613547
forecast_6404,2025-09-24 20:00:00,11089.96944773143,11976.120618923713,11746.164821827771
forecast_6405,2025-09-24 21:00:00,13289.667370639534,15498.423840510422,12738.267102334466
forecast_6406,2025-09-24 22:00:00,15133.828060075835,17021.7780156281,14066.611240625069
forecast_6407,2025-09-24 23:00:00,15491.445794968071,17091.73099374991,15234.948255155103
forecast_6408,2025-09-25 00:00:00,15140.613056466309,17117.008577139055,14754.809129723939
forecast_6409,2025-09-25 01:00:00,16456.822367924975,17524.492059672528,16422.410302081014
forecast_6410,2025-09-25 02:00:00,16499.044129234888,17692.57154646663,16692.401326684485
forecast_6411,2025-09-25 03:00:00,16038.44082245874,17544.830001888644,16601.709489109937
forecast_6412,2025-09-25 04:00:00,14941.046581409446,17029.826759582083,16868.24271468383
forecast_6413,2025-09-25 05:00:00,14268.803752271337,16463.632678507165,14981.489076924508
forecast_6414,2025-09-25 06:00:00,13894.700831872024,16552.678827621283,15491.160157497437
forecast_6415,2025-09-25 07:00:00,14093.37790158322,16439.976803168727,14681.57634657826
forecast_6416,2025-09-25 08:00:00,14931.881571598682,16418.9124250564,14782.125569130965
forecast_6417,2025-09-25 09:00:00,14759.434368084705,15575.143248779179,15015.444037604322
forecast_6418,2025-09-25 10:00:00,12714.508983171398,14236.18111061939,13561.927099282904
forecast_6419,2025-09-25 11:00:00,12472.691551554813,13956.826764857611,12932.08156046539
forecast_6420,2025-09-25 12:00:00,12762.019962272498,15298.347557464136,13314.592173119729
forecast_6421,2025-09-25 13:00:00,13176.165654159018,15933.9441876034,13860.407315557763
forecast_6422,2025-09-25 14:00:00,13426.165958014912,15261.746676267683,14108.91422397339
forecast_6423,2025-09-25 15:00:00,13918.243794023161,15384.234143356472,14275.655702998722
forecast_6424,2025-09-25 16:00:00,13654.19161493313,15221.667110297132,14307.238542817327
forecast_6425,2025-09-25 17:00:00,14368.713681024328,15746.49792421067,13934.60522077926
forecast_6426,2025-09-25 18:00:00,15163.012677108301,16578.67988096955,14564.967492492591
forecast_6427,2025-09-25 19:00:00,15850.216349279814,16679.929410027566,14875.441243493608
forecast_6428,2025-09-25 20:00:00,16587.607797157078,16311.494320703338,14902.273959149086
forecast_6429,2025-09-25 21:00:00,17629.774142663246,16449.822063497417,14360.915869954732
forecast_6430,2025-09-25 22:00:00,18384.88776220852,17320.863775919344,14080.28130553064
forecast_6431,2025-09-25 23:00:00,18546.14778088587,17424.75006150878,13557.128387353168
forecast_6432,2025-09-26 00:00:00,17723.984009095806,16570.672334248324,12570.379900532518
forecast_6433,2025-09-26 01:00:00,15361.554197948279,14692.36738368376,10148.3459577545
forecast_6434,2025-09-26 02:00:00,13326.21547837806,11793.306585761558,8796.68985603843
forecast_6435,2025-09-26 03:00:00,10523.833769677602,9266.858884995043,8086.590009326828
forecast_6436,2025-09-26 04:00:00,8462.56636862614,7664.114503574509,6168.653856539777
forecast_6437,2025-09-26 05:00:00,6079.665871740003,5639.610602121494,4191.99062398636
forecast_6438,2025-09-26 06:00:00,3178.5034857249907,2904.047414170484,2732.738575103077
forecast_6439,2025-09-26 07:00:00,1908.981021882758,1670.0719061045083,2073.069105671022
forecast_6440,2025-09-26 08:00:00,1149.5600276051885,1315.8498662488153,1778.5769462351786
forecast_6441,2025-09-26 09:00:00,949.0756260576254,996.650534640662,1593.6502842883576
forecast_6442,2025-09-26 10:00:00,771.7548389473176,724.8294562326688,1498.375572097346
forecast_6443,2025-09-26 11:00:00,767.709441806527,690.5518714220375,1457.7841414332836
forecast_6444,2025-09-26 12:00:00,742.7094569244472,656.1879960019392,1425.2919539332836
forecast_6445,2025-09-26 13:00:00,747.285256738218,629.8006669003767,1446.6591414332836
forecast_6446,2025-09-26 14:00:00,792.496926660093,674.8189774472517,1449.5631941676586
forecast_6447,2025-09-26 15:00:00,822.0868924804055,668.9358597714704,1479.774253737971
forecast_6448,2025-09-26 16:00:00,892.0235473814789,648.8594052674825,1548.082603347346
forecast_6449,2025-09-26 17:00:00,957.282660525452,673.3912310538079,1605.5107039332836
forecast_6450,2025-09-26 18:00:00,961.5297455518315,695.3511852373333,1636.0605086207836
forecast_6451,2025-09-26 19:00:00,973.7973930693629,709.6205052971565,1680.6176375270336
forecast_6452,2025-09-26 20:00:00,966.9316809624268,757.165835021138,1683.1967390895336
forecast_6453,2025-09-26 21:00:00,963.6454700860871,761.4103939389394,1675.431968581721
forecast_6454,2025-09-26 22:00:00,1018.8568977643486,812.95312736733,1667.424156081721
forecast_6455,2025-09-26 23:00:00,1041.3685766883402,847.6152528619189,1670.586265456721
forecast_6456,2025-09-27 00:00:00,1036.3834556247382,832.8604871255924,1702.455161941096
forecast_6457,2025-09-27 01:00:00,1250.6912195325137,935.4633536501486,1708.7697851424844
forecast_6458,2025-09-27 02:00:00,1352.8174419358882,1036.8219821938164,1711.5549413924844
forecast_6459,2025-09-27 03:00:00,1446.5017694759204,1195.3495781117042,1715.3862138904735
forecast_6460,2025-09-27 04:00:00,1620.4926136628558,1421.4880928145158,1709.1766290428395
forecast_6461,2025-09-27 05:00:00,1941.1634949372585,1599.8868777712098,1734.2769976871946
forecast_6462,2025-09-27 06:00:00,2004.1430839032585,1742.8993290077076,1758.5385310220126
forecast_6463,2025-09-27 07:00:00,1942.3084927249809,1673.5323061709232,1780.4960264035205
forecast_6464,2025-09-27 08:00:00,1785.0757228700413,1446.0719007416706,1722.8897563355395
forecast_6465,2025-09-27 09:00:00,1254.8618639342023,1118.2463173689896,1672.099936019395
forecast_6466,2025-09-27 10:00:00,958.7119223961502,898.5282256762572,1600.5882361555382
forecast_6467,2025-09-27 11:00:00,868.0537452706051,822.4061956556723,1573.722537769761
forecast_6468,2025-09-27 12:00:00,787.9428076969301,809.5157909907759,1569.4842987194068
forecast_6469,2025-09-27 13:00:00,808.133100795971,718.6109584054402,1565.7578977101384
forecast_6470,2025-09-27 14:00:00,830.726934998005,742.791103953779,1565.8114551584708
forecast_6471,2025-09-27 15:00:00,838.0600849232393,746.14629241029,1619.7144399446652
forecast_6472,2025-09-27 16:00:00,866.7741166641899,738.9649910535986,1682.6893477720823
forecast_6473,2025-09-27 17:00:00,964.6508849217096,791.866465672788,1727.7369718981558
forecast_6474,2025-09-27 18:00:00,1158.2818952021028,985.2556714538355,1799.5475202328557
forecast_6475,2025-09-27 19:00:00,1442.8173687071856,1258.254359728907,1931.8127958835373
forecast_6476,2025-09-27 20:00:00,1669.7690258285443,1422.7084404255509,2006.2499072744492
forecast_6477,2025-09-27 21:00:00,1944.8213252983928,2044.4667913905012,2281.6095357302224
forecast_6478,2025-09-27 22:00:00,3130.5231272287465,3171.4452869853944,3053.3281794699974
forecast_6479,2025-09-27 23:00:00,3993.573248191506,3955.302612484038,3645.0142456416584
forecast_6480,2025-09-28 00:00:00,4592.242658245233,4827.618063357253,4123.020612858234
forecast_6481,2025-09-28 01:00:00,5407.327525353317,6319.101007230356,4794.665443165217
forecast_6482,2025-09-28 02:00:00,6809.881029865403,8019.573205738987,5553.029760763957
forecast_6483,2025-09-28 03:00:00,7739.792356468787,8474.313655434546,5783.605866518757
forecast_6484,2025-09-28 04:00:00,7706.231616729252,8443.269750815172,5741.717037156287
forecast_6485,2025-09-28 05:00:00,7282.22821412523,7986.98372089007,5580.959401312177
forecast_6486,2025-09-28 06:00:00,6065.607484061544,6697.148125247864,4687.725007032446
forecast_6487,2025-09-28 07:00:00,4712.497055881722,5141.133404259184,4143.928258135291
forecast_6488,2025-09-28 08:00:00,4074.7915491755984,4542.774312884399,3893.946235775207
forecast_6489,2025-09-28 09:00:00,3368.222882642446,3999.1860157428505,3146.6257122232523
forecast_6490,2025-09-28 10:00:00,3392.6094331962877,3910.922225424846,3957.2852129533694
forecast_6491,2025-09-28 11:00:00,4331.514034051358,5406.013093367243,4300.478077340699
forecast_6492,2025-09-28 12:00:00,3656.2786467588685,4676.814026323182,3883.250098532236
forecast_6493,2025-09-28 13:00:00,2904.272224338323,3252.6191482417717,2662.147832460084
forecast_6494,2025-09-28 14:00:00,3182.3314847462025,3707.1382163169988,2388.5221112299478
forecast_6495,2025-09-28 15:00:00,4607.125092153514,5285.578659774061,2572.517838186873
forecast_6496,2025-09-28 16:00:00,4870.124042668004,6518.633475300195,2876.368439543693
forecast_6497,2025-09-28 17:00:00,4796.598728502648,5201.182412409521,3292.5660035660667
forecast_6498,2025-09-28 18:00:00,4713.489961405276,4915.494105538158,3264.949436071677
forecast_6499,2025-09-28 19:00:00,5277.205267420907,5333.7915630007,3821.451735837872
forecast_6500,2025-09-28 20:00:00,5710.525661009448,6094.576884550917,4554.693644649009
forecast_6501,2025-09-28 21:00:00,4924.46649355267,5838.63526008331,4139.848631959526
forecast_6502,2025-09-28 22:00:00,4029.551296128568,4428.543622787575,3493.5131824788837
forecast_6503,2025-09-28 23:00:00,3861.4229278839216,3277.058427587773,3055.2249227297752
forecast_6504,2025-09-29 00:00:00,3305.319252413322,3202.8916337633705,2946.6718736194753
forecast_6505,2025-09-29 01:00:00,3236.337577229329,3381.790574817776,3057.786739777525
forecast_6506,2025-09-29 02:00:00,3006.0749824974505,2974.2746076725066,2716.536703651772
forecast_6507,2025-09-29 03:00:00,2610.253399439468,2097.0113984775617,2302.688004766764
forecast_6508,2025-09-29 04:00:00,2212.826124642494,1721.64550442712,2301.189399076748
forecast_6509,2025-09-29 05:00:00,1789.674376809368,1447.9459251154049,2039.6448728657238
forecast_6510,2025-09-29 06:00:00,1306.5446325356772,1075.5177174183295,1869.3696577347275
forecast_6511,2025-09-29 07:00:00,1119.5555791095449,983.9751011967196,1865.51336825855
forecast_6512,2025-09-29 08:00:00,948.3302209088763,879.0242556822267,1773.645347487971
forecast_6513,2025-09-29 09:00:00,934.8055902236583,880.5265756298506,1696.457359206721
forecast_6514,2025-09-29 10:00:00,871.5047623807789,862.9806222420884,1654.340171706721
forecast_6515,2025-09-29 11:00:00,928.4339151295918,888.2455727692646,1712.5370711207836
forecast_6516,2025-09-29 12:00:00,824.8849038991231,743.3612954255146,1727.2753523707836
forecast_6517,2025-09-29 13:00:00,814.485678632938,798.5790482480329,1743.002036941096
forecast_6518,2025-09-29 14:00:00,851.8758334021846,743.1582108456892,1777.1664356272208
forecast_6519,2025-09-29 15:00:00,865.3309165131515,783.678746670807,1775.8699268381583
forecast_6520,2025-09-29 16:00:00,893.2749941191347,821.2928750235302,1763.7423083899846
forecast_6521,2025-09-29 17:00:00,932.2213710494625,818.1957435897319,1752.516929519221
forecast_6522,2025-09-29 18:00:00,991.2193719797085,859.201124665087,1776.8852156520336
forecast_6523,2025-09-29 19:00:00,1033.3531142341346,884.7708751402718,1806.190757644221
forecast_6524,2025-09-29 20:00:00,1060.0063898101791,934.2797341272994,1820.392906081721
forecast_6525,2025-09-29 21:00:00,1127.5168111203177,1041.2869927387333,1819.47241299308
forecast_6526,2025-09-29 22:00:00,1458.9335072708905,1506.0736017956228,1898.9900667274183
forecast_6527,2025-09-29 23:00:00,1765.884713368615,1692.0865603736952,2007.776906448458
forecast_6528,2025-09-30 00:00:00,1876.6925703892084,1723.310153890263,2038.933339579126
forecast_6529,2025-09-30 01:00:00,2175.3374845137846,1959.027051391829,2354.0358667395126
forecast_6530,2025-09-30 02:00:00,2360.380347659361,1967.4449211353406,2488.080504466212
forecast_6531,2025-09-30 03:00:00,2496.3270673754323,2120.5000624100066,2374.9218789451706
forecast_6532,2025-09-30 04:00:00,2563.5944391095736,2031.547903233394,2764.8355393438014
forecast_6533,2025-09-30 05:00:00,2492.2061334482846,1918.6106892015791,2345.4667726023167
forecast_6534,2025-09-30 06:00:00,1973.4848948755946,1551.1826422613394,2201.6079993125677
forecast_6535,2025-09-30 07:00:00,1537.6399005353562,1396.2658003227557,2057.7537987080987
forecast_6536,2025-09-30 08:00:00,1181.5677559498283,998.4460709665528,1797.3501279158484
forecast_6537,2025-09-30 09:00:00,1009.9600039118995,854.1331193853581,1670.409067248904
forecast_6538,2025-09-30 10:00:00,852.137706703521,735.3137414221859,1616.5972652569387
forecast_6539,2025-09-30 11:00:00,809.8535423348262,818.048147224431,1597.2655244974317
forecast_6540,2025-09-30 12:00:00,948.0740438013619,855.9179158396087,1700.2817926423197
forecast_6541,2025-09-30 13:00:00,968.6594649907655,804.6261040876151,1680.9615680254492
forecast_6542,2025-09-30 14:00:00,981.936771283224,814.6762418427718,1802.077368681932
forecast_6543,2025-09-30 15:00:00,1182.952227318709,986.7832591610404,1991.5259505727265
forecast_6544,2025-09-30 16:00:00,1355.0965601870394,1297.9478514034274,2053.023622926726
forecast_6545,2025-09-30 17:00:00,1735.9541030930795,1255.6652834903157,2081.583964948509
forecast_6546,2025-09-30 18:00:00,2361.712353686842,1862.8387239469162,2354.64429536687
forecast_6547,2025-09-30 19:00:00,3660.5316864649194,2876.073164556762,3049.0257970522644
forecast_6548,2025-09-30 20:00:00,4635.026160852132,4023.0589679633317,3421.549698189303
forecast_6549,2025-09-30 21:00:00,5076.539927779761,5633.0993739750875,5039.235187175107
forecast_6550,2025-09-30 22:00:00,6032.965650452029,7024.349827260592,6086.005969156326
forecast_6551,2025-09-30 23:00:00,6064.622837612799,7776.313179370812,6579.686134856313
forecast_6552,2025-10-01 00:00:00,7398.014874955347,7909.56001060833,6973.315513445963
forecast_6553,2025-10-01 01:00:00,8345.134223520117,8398.94050966754,7692.922562057642
forecast_6554,2025-10-01 02:00:00,9327.049569026123,9270.557660891798,7954.1175509676905
forecast_6555,2025-10-01 03:00:00,10428.274260212795,9739.351411853586,7934.625861801988
forecast_6556,2025-10-01 04:00:00,9999.850818212308,9329.052387848897,7981.6621463194215
forecast_6557,2025-10-01 05:00:00,8965.89559814079,8520.06736302136,7124.349281364434
forecast_6558,2025-10-01 06:00:00,8669.17452887111,8056.913450978125,6485.980379947919
forecast_6559,2025-10-01 07:00:00,7310.947941597165,7438.802134205399,6011.613848967148
forecast_6560,2025-10-01 08:00:00,5102.210260211708,5612.465650937125,4135.908634812583
forecast_6561,2025-10-01 09:00:00,3285.9689936290597,3345.371580975978,2894.763006118954
forecast_6562,2025-10-01 10:00:00,1554.9016650942244,1902.638204381752,2096.936004842617
forecast_6563,2025-10-01 11:00:00,1264.16589209184,1216.6746706903373,1898.5606194383706
forecast_6564,2025-10-01 12:00:00,1270.3256462194404,1189.2935307896082,1899.2571065574866
forecast_6565,2025-10-01 13:00:00,1667.3638062468412,1352.0072227170785,2003.737221151794
forecast_6566,2025-10-01 14:00:00,1908.6010322909626,1674.830587392995,1989.793963932282
forecast_6567,2025-10-01 15:00:00,2008.537959804673,1760.8513418253265,2071.863092241405
forecast_6568,2025-10-01 16:00:00,2375.3170317208405,1808.7433621289115,2210.3452972806117
forecast_6569,2025-10-01 17:00:00,3301.5656366459966,2619.833351800941,2398.00544669578
forecast_6570,2025-10-01 18:00:00,4329.683625049063,3746.8543855119165,3531.8537799471105
forecast_6571,2025-10-01 19:00:00,6062.058639154681,5165.824118668397,4329.965880217951
forecast_6572,2025-10-01 20:00:00,6783.091779963261,6420.385817415362,5028.3423748598725
forecast_6573,2025-10-01 21:00:00,7219.973896419584,6523.562027513483,5408.98564357808
forecast_6574,2025-10-01 22:00:00,7121.637384896243,5969.784058835227,5579.703546060629
forecast_6575,2025-10-01 23:00:00,6522.651729229571,5007.530291618879,5044.428602913631
forecast_6576,2025-10-02 00:00:00,5865.871348948024,4979.259570336784,4912.103180722612
forecast_6577,2025-10-02 01:00:00,6546.481506250474,6284.317137884159,5654.913394507359
forecast_6578,2025-10-02 02:00:00,6549.7300550611435,7162.371169167376,5427.551501111814
forecast_6579,2025-10-02 03:00:00,5564.595425155179,6007.6323785923205,4914.869553076667
forecast_6580,2025-10-02 04:00:00,4238.21639570613,4283.623789481706,4103.2140504245635
forecast_6581,2025-10-02 05:00:00,3152.9268951229005,3105.878292023845,2964.2420232693366
forecast_6582,2025-10-02 06:00:00,2307.1480987220593,1873.3516912407147,2403.029723019874
forecast_6583,2025-10-02 07:00:00,1441.015422068182,1215.361237140819,2036.0503688959186
forecast_6584,2025-10-02 08:00:00,997.4049863138745,960.0942272550946,1818.7748825111842
forecast_6585,2025-10-02 09:00:00,907.0700502836319,826.4531187601076,1663.6846912024846
forecast_6586,2025-10-02 10:00:00,741.9971340902684,757.2759768419312,1600.7741316676586
forecast_6587,2025-10-02 11:00:00,691.2574624928731,697.5222245175642,1588.5395125270336
forecast_6588,2025-10-02 12:00:00,693.5711831959981,649.2326127011579,1597.6593855739086
forecast_6589,2025-10-02 13:00:00,695.0340127858418,611.5484085995954,1622.6637801051586
forecast_6590,2025-10-02 14:00:00,744.0772256764668,616.6190240550833,1668.0402449489086
forecast_6591,2025-10-02 15:00:00,759.8567056569356,683.9445267636579,1655.496665847346
forecast_6592,2025-10-02 16:00:00,803.3649009639927,668.5023248363333,1733.490806472346
forecast_6593,2025-10-02 17:00:00,839.0372852765347,674.3612039882997,1703.216392409846
forecast_6594,2025-10-02 18:00:00,880.7631774467349,714.5315734876864,1723.4518660426586
forecast_6595,2025-10-02 19:00:00,886.4359165851401,715.4392296403701,1741.6420515895336
forecast_6596,2025-10-02 20:00:00,914.0499079993202,754.2592081296293,1750.6249617457836
forecast_6597,2025-10-02 21:00:00,937.3376425787535,791.5964499323688,1726.9193953395336
forecast_6598,2025-10-02 22:00:00,1014.1467746520824,820.5895988652549,1733.3361433864086
forecast_6599,2025-10-02 23:00:00,1157.6221038448984,867.6876740956329,1738.8214949489086
forecast_6600,2025-10-03 00:00:00,1467.528731286493,1315.6677600490034,1778.3472417651828
forecast_6601,2025-10-03 01:00:00,2166.3724738911596,2411.369828636757,1966.8941293641392
forecast_6602,2025-10-03 02:00:00,2472.0084686642967,2704.3501290030235,2071.292632525444
forecast_6603,2025-10-03 03:00:00,2958.8274151767055,3027.587845186931,2077.0030053681053
forecast_6604,2025-10-03 04:00:00,2949.244487576022,3111.314982478586,2156.214564964271
forecast_6605,2025-10-03 05:00:00,3243.3105555762463,3351.716884688482,2210.448704850514
forecast_6606,2025-10-03 06:00:00,3498.421402402553,3612.789023749253,2342.6837090949816
forecast_6607,2025-10-03 07:00:00,3705.431192751687,4757.358968325052,2680.736485339662
forecast_6608,2025-10-03 08:00:00,3906.9863204053186,5263.534923334707,3308.7831933709513
forecast_6609,2025-10-03 09:00:00,3734.7018326244693,5400.617333475173,3291.3442508358985
forecast_6610,2025-10-03 10:00:00,3130.537029032406,4294.958949090071,3233.306907363351
forecast_6611,2025-10-03 11:00:00,2747.2087866921584,3482.719562375071,3120.4111130749857
forecast_6612,2025-10-03 12:00:00,2640.6279598201754,3623.6074398897713,3112.099643218268
forecast_6613,2025-10-03 13:00:00,2701.320695346996,3602.014190493171,2982.4983188152737
forecast_6614,2025-10-03 14:00:00,2595.5661262920257,3317.062991429941,2580.131097799134
forecast_6615,2025-10-03 15:00:00,3083.7983725196063,3839.171972561546,2558.340949536848
forecast_6616,2025-10-03 16:00:00,4631.264220642755,5619.477219036095,3281.176661562829
forecast_6617,2025-10-03 17:00:00,5134.122234142642,6124.40291941178,3431.4705484153355
forecast_6618,2025-10-03 18:00:00,5271.300520629954,6088.756055346068,3425.553449967395
forecast_6619,2025-10-03 19:00:00,5664.048741660238,6121.733896716461,3472.0419934105644
forecast_6620,2025-10-03 20:00:00,5754.990978601599,6210.110762532849,3494.621426933004
forecast_6621,2025-10-03 21:00:00,6003.81142121911,6371.829141483077,3609.6569321849465
forecast_6622,2025-10-03 22:00:00,5649.820723565829,5828.75996728433,3051.33398422984
forecast_6623,2025-10-03 23:00:00,5077.142269457168,5061.3970991095175,2665.0787933841775
forecast_6624,2025-10-04 00:00:00,4203.80282443053,4067.006292979007,2338.86246430765
forecast_6625,2025-10-04 01:00:00,3683.61337739776,3815.7803444244328,2266.481109763546
forecast_6626,2025-10-04 02:00:00,3565.9358551610167,3670.4149886589657,2259.495100793908
forecast_6627,2025-10-04 03:00:00,3463.3460913431486,3205.594691743745,2219.9016101457096
forecast_6628,2025-10-04 04:00:00,3307.1419393027013,2846.301131101697,2207.874009989305
forecast_6629,2025-10-04 05:00:00,3028.554895003379,2692.194408647953,2178.689539989048
forecast_6630,2025-10-04 06:00:00,2803.167743129209,2731.8287959789877,2131.7489100640764
forecast_6631,2025-10-04 07:00:00,2635.360162935548,2602.451049110319,2098.4218551318686
forecast_6632,2025-10-04 08:00:00,2307.7091207422422,2405.5682948303483,2121.971804095188
forecast_6633,2025-10-04 09:00:00,2139.866403502042,2248.39206133707,2049.7698502001494
forecast_6634,2025-10-04 10:00:00,1817.5407156825347,1744.2444672029521,2004.022261746902
forecast_6635,2025-10-04 11:00:00,1495.641097092236,1303.0401348791086,1993.135287578978
forecast_6636,2025-10-04 12:00:00,1286.3213655449674,1318.9912106684028,1976.9999856688205
forecast_6637,2025-10-04 13:00:00,1199.8923283229117,1108.2095932534407,1993.2831497781249
forecast_6638,2025-10-04 14:00:00,1162.5362502028602,1052.5442318776004,2020.9882274423326
forecast_6639,2025-10-04 15:00:00,1169.1991892431724,1098.2155796278835,2014.1939432671431
forecast_6640,2025-10-04 16:00:00,1201.346378194463,1109.045610941029,2078.229627540036
forecast_6641,2025-10-04 17:00:00,1308.5490663310447,1151.3418688298316,2085.16240045085
forecast_6642,2025-10-04 18:00:00,1284.4814483553987,1119.2202982703598,2058.1351743719597
forecast_6643,2025-10-04 19:00:00,1208.600855909894,1042.15437713395,2043.280161390706
forecast_6644,2025-10-04 20:00:00,1090.4971712449508,932.2442041927695,2021.6194755108706
forecast_6645,2025-10-04 21:00:00,966.4278229700137,854.4761870314278,1973.1209434399593
forecast_6646,2025-10-04 22:00:00,908.6566027596552,775.6482947598676,1911.9381338353323
forecast_6647,2025-10-04 23:00:00,873.8319762838544,800.2485290613829,1896.9858048754027
forecast_6648,2025-10-05 00:00:00,836.4567329070597,805.7005250444885,1846.5876082301586
forecast_6649,2025-10-05 01:00:00,875.3224573102531,902.3401655618703,1787.923667800471
forecast_6650,2025-10-05 02:00:00,887.1396596642617,823.984995695307,1806.280845534846
forecast_6651,2025-10-05 03:00:00,893.7147801480179,765.1319227355606,1764.199790847346
forecast_6652,2025-10-05 04:00:00,846.6571586303643,718.0069200892449,1764.8105086207836
forecast_6653,2025-10-05 05:00:00,875.551872985833,721.0991442103386,1717.6430281520336
forecast_6654,2025-10-05 06:00:00,879.0199515991143,711.3603746790886,1696.319175612971
forecast_6655,2025-10-05 07:00:00,840.6898881498541,750.7885973353386,1687.071372878596
forecast_6656,2025-10-05 08:00:00,848.0869843226766,709.4796984095574,1655.135581862971
forecast_6657,2025-10-05 09:00:00,821.1509213767887,733.9857431103194,1655.8788679957836
forecast_6658,2025-10-05 10:00:00,803.1172705892584,694.9383798290694,1666.4176863551586
forecast_6659,2025-10-05 11:00:00,837.3689650084143,741.6673837353194,1677.3236922145336
forecast_6660,2025-10-05 12:00:00,810.5520383784866,767.9762216259444,1658.8000105739086
forecast_6661,2025-10-05 13:00:00,828.897364792284,739.6090929408074,1675.7047957301586
forecast_6662,2025-10-05 14:00:00,875.2523059444321,750.2960436244011,1695.1513289332836
forecast_6663,2025-10-05 15:00:00,944.4826005000191,787.0042573517791,1743.727867019221
forecast_6664,2025-10-05 16:00:00,1060.0569668224068,863.4229331669245,1781.319175612971
forecast_6665,2025-10-05 17:00:00,1046.863613209728,813.8120725342599,1825.745731129136
forecast_6666,2025-10-05 18:00:00,1207.6269115547163,831.9596500928627,1866.5871867190085
forecast_6667,2025-10-05 19:00:00,1383.1341993456933,1267.0928480544183,1905.7707784913885
forecast_6668,2025-10-05 20:00:00,1583.641610721717,1857.1883196132096,1999.410455947955
forecast_6669,2025-10-05 21:00:00,1565.7207781579814,1666.5908988329302,1937.6882631640967
forecast_6670,2025-10-05 22:00:00,1490.6473896893158,1689.9127462286976,1883.3551352146576
forecast_6671,2025-10-05 23:00:00,1630.488913979594,1702.289488744666,1901.1746545123292
forecast_6672,2025-10-06 00:00:00,1973.1908394215618,1880.3657539976311,1914.9287527818112
forecast_6673,2025-10-06 01:00:00,2347.599842187662,2066.9251434139833,2017.5809833521935
forecast_6674,2025-10-06 02:00:00,2724.5027895802014,2606.2885351462846,2160.3572752183936
forecast_6675,2025-10-06 03:00:00,2966.3363877541415,3109.398722325249,2403.207236103678
forecast_6676,2025-10-06 04:00:00,3687.318733580867,4776.453511140615,3041.260289022344
forecast_6677,2025-10-06 05:00:00,4636.1921746548205,6253.862710416671,4431.500301247963
forecast_6678,2025-10-06 06:00:00,6202.433614408937,7684.439697257104,5471.653646921701
forecast_6679,2025-10-06 07:00:00,6848.665620192762,9577.913558444969,7143.634142357816
forecast_6680,2025-10-06 08:00:00,8482.080230337446,10603.551417038314,7395.267160535628
forecast_6681,2025-10-06 09:00:00,9077.666172230622,11572.365755106388,7868.419223701175
forecast_6682,2025-10-06 10:00:00,8906.922647282476,10913.575018971937,7155.37168103005
forecast_6683,2025-10-06 11:00:00,7408.041825430262,9718.329940517924,6639.887330363335
forecast_6684,2025-10-06 12:00:00,6367.453955546822,8626.293985725799,5517.198275373651
forecast_6685,2025-10-06 13:00:00,5744.849143870564,7019.58772509538,4805.799314364278
forecast_6686,2025-10-06 14:00:00,5943.1240305864485,6715.838144707401,4396.989953221091
forecast_6687,2025-10-06 15:00:00,6029.853143812603,7565.178276550905,4526.910659760665
forecast_6688,2025-10-06 16:00:00,6445.572683316666,8047.263479987224,5186.306386707445
forecast_6689,2025-10-06 17:00:00,7308.750307326937,8733.56616074099,5919.868772552201
forecast_6690,2025-10-06 18:00:00,7701.037513941217,9970.507716088621,6163.753306941099
forecast_6691,2025-10-06 19:00:00,8905.19423486777,11461.124535655525,7112.053426061673
forecast_6692,2025-10-06 20:00:00,10273.987748364805,12497.812061344997,8976.27586592016
forecast_6693,2025-10-06 21:00:00,12221.87187349551,14705.32853980304,10464.797740201851
forecast_6694,2025-10-06 22:00:00,13344.421220312197,15772.989044577069,10426.979802050373
forecast_6695,2025-10-06 23:00:00,13452.140873953334,15130.70255583048,10455.60364896139
forecast_6696,2025-10-07 00:00:00,12717.490848373307,15109.75238292514,10397.384520592423
forecast_6697,2025-10-07 01:00:00,11543.892398749302,15669.189978584309,9656.068260345222
forecast_6698,2025-10-07 02:00:00,10761.89380301189,14527.107604978153,9704.179946195989
forecast_6699,2025-10-07 03:00:00,10073.118424115255,12848.10115532339,9143.836805939743
forecast_6700,2025-10-07 04:00:00,8472.860705264331,11048.872833001198,7733.857065847612
forecast_6701,2025-10-07 05:00:00,8176.999771901779,10026.365508979263,6987.715115545419
forecast_6702,2025-10-07 06:00:00,7986.545932407176,8674.118892358052,6382.6345575077485
forecast_6703,2025-10-07 07:00:00,6930.516105723579,8597.8712970084,5642.791591942996
forecast_6704,2025-10-07 08:00:00,6935.053704855914,8697.832542999866,5153.959161020637
forecast_6705,2025-10-07 09:00:00,6119.013746688169,7270.266264255287,4048.598902542446
forecast_6706,2025-10-07 10:00:00,5180.084097101824,5694.673336816624,3361.309141255004
forecast_6707,2025-10-07 11:00:00,4693.094586705756,5388.063523301276,2961.5837949093016
forecast_6708,2025-10-07 12:00:00,3972.1853311868326,4869.690987071742,2935.0360039724997
forecast_6709,2025-10-07 13:00:00,3702.815935174257,4319.3814658967785,2470.3004170985614
forecast_6710,2025-10-07 14:00:00,3222.7580977564344,3675.1290302303455,2253.034625244532
forecast_6711,2025-10-07 15:00:00,2722.477237654558,3061.288168426203,2245.2166113391795
forecast_6712,2025-10-07 16:00:00,2352.411117038124,2487.248994078115,1995.0671161485548
forecast_6713,2025-10-07 17:00:00,2008.36528814376,1577.0483878689342,1982.289977870982
forecast_6714,2025-10-07 18:00:00,1773.0971404668703,1300.3726683168707,1951.7409305162016
forecast_6715,2025-10-07 19:00:00,1446.9061164550958,1171.9831084533953,1919.5048513581344
forecast_6716,2025-10-07 20:00:00,1120.0705101484268,1023.8477099778918,1912.3820418239086
forecast_6717,2025-10-07 21:00:00,863.5691637350347,800.7569125256871,1898.849204909846
forecast_6718,2025-10-07 22:00:00,769.8554381557622,770.5505405867166,1793.2646101832836
forecast_6719,2025-10-07 23:00:00,874.9553207977278,766.235446285317,1888.701011550471
forecast_6720,2025-10-08 00:00:00,965.9599755899981,760.44377298108,1819.359947097346
forecast_6721,2025-10-08 01:00:00,911.7984980109713,800.065525948693,1807.5685652614086
forecast_6722,2025-10-08 02:00:00,914.6165990820301,810.0332889068784,1791.8810652614086
forecast_6723,2025-10-08 03:00:00,910.4099470970908,792.8575692821944,1803.709312331721
forecast_6724,2025-10-08 04:00:00,948.384440345202,799.1708220305696,1788.479087722346
forecast_6725,2025-10-08 05:00:00,973.3769205592356,817.6211204040977,1812.3917648444328
forecast_6726,2025-10-08 06:00:00,965.2001368029474,827.407538159734,1801.3582246840945
forecast_6727,2025-10-08 07:00:00,1054.6978598611904,864.3821850828326,1846.090139718097
forecast_6728,2025-10-08 08:00:00,1135.1991824579059,848.0568319793371,1863.7168678407413
forecast_6729,2025-10-08 09:00:00,1161.6812855835656,950.8644072579482,1921.1190492242147
forecast_6730,2025-10-08 10:00:00,1175.6811713425893,936.7705281163378,1952.1030780574438
forecast_6731,2025-10-08 11:00:00,1078.9758323833285,930.8764632581775,1930.0893601922085
forecast_6732,2025-10-08 12:00:00,947.8568768707612,910.3794881636531,1922.4886347903207
forecast_6733,2025-10-08 13:00:00,926.9210953278136,914.0912475792327,1930.5968585472274
forecast_6734,2025-10-08 14:00:00,973.150166538472,982.099517471643,1969.9100039938228
forecast_6735,2025-10-08 15:00:00,1176.98548569824,1160.8836043831168,2006.003894104745
forecast_6736,2025-10-08 16:00:00,1338.9183170369747,1347.7674200703937,2193.628819323614
forecast_6737,2025-10-08 17:00:00,1825.6595200240026,1805.3425592435701,2297.4330369092604
forecast_6738,2025-10-08 18:00:00,2596.21121346367,2650.8708016542796,2594.067031414981
forecast_6739,2025-10-08 19:00:00,3482.6403524459006,3377.9201486077854,3405.670080328802
forecast_6740,2025-10-08 20:00:00,3634.256188963657,4510.579533906817,3994.097169864988
forecast_6741,2025-10-08 21:00:00,4332.8479737663165,5269.3517786674265,4473.807314540684
forecast_6742,2025-10-08 22:00:00,4514.543243553546,6109.416359697479,4894.167293153308
forecast_6743,2025-10-08 23:00:00,4926.492618071345,6270.528424777072,5378.747617665371
forecast_6744,2025-10-09 00:00:00,5592.994656100569,6625.970057515584,5543.159718866766
forecast_6745,2025-10-09 01:00:00,5715.887873531857,7896.839588094285,5552.387191203417
forecast_6746,2025-10-09 02:00:00,5685.4584280211775,8117.437013157952,5358.470649427258
forecast_6747,2025-10-09 03:00:00,5395.3690445798475,7820.319155813992,5328.099871243307
forecast_6748,2025-10-09 04:00:00,5079.770230409661,7480.344061211872,5354.316473702007
forecast_6749,2025-10-09 05:00:00,5324.540541717222,7549.321255211723,5363.668182746491
forecast_6750,2025-10-09 06:00:00,5321.151569106512,7228.48355902205,5367.628261495249
forecast_6751,2025-10-09 07:00:00,5376.349523860807,7054.909461817086,5348.0920186451995
forecast_6752,2025-10-09 08:00:00,5228.641352333776,6732.21757378906,5126.86400317868
forecast_6753,2025-10-09 09:00:00,5012.469597824036,6111.8060806237945,4901.8948787242625
forecast_6754,2025-10-09 10:00:00,4538.580223539599,5741.007642786385,4554.352408700353
forecast_6755,2025-10-09 11:00:00,3773.1781839482696,5067.561591861717,4199.735443363725
forecast_6756,2025-10-09 12:00:00,3519.122638682494,4739.141450779775,3898.4339620503015
forecast_6757,2025-10-09 13:00:00,3295.002344524472,4205.711109158041,3581.2130360142137
forecast_6758,2025-10-09 14:00:00,2931.371841888691,3810.3127932594116,3266.14368357035
forecast_6759,2025-10-09 15:00:00,2778.391605892099,3418.3492527150797,2916.5235067252847
forecast_6760,2025-10-09 16:00:00,2651.1609525751583,3157.9473609818137,2882.10697458814
forecast_6761,2025-10-09 17:00:00,2619.513336015446,3052.2745938742028,2622.3479850834137
forecast_6762,2025-10-09 18:00:00,2574.965542310941,2942.248069315012,2357.8634284981367
forecast_6763,2025-10-09 19:00:00,2397.4001647493396,2750.2691399817377,2147.913651999428
forecast_6764,2025-10-09 20:00:00,2368.205838525688,2660.5761542382434,2023.3981481164894
forecast_6765,2025-10-09 21:00:00,2177.59566246309,2311.9282383042487,1864.150469730658
forecast_6766,2025-10-09 22:00:00,2056.891663624252,2110.659831086228,1827.1824994603398
forecast_6767,2025-10-09 23:00:00,2131.0700918931716,1674.5545944564537,1795.7263379710485
forecast_6768,2025-10-10 00:00:00,2091.96228318689,1588.9853472353145,1814.722762577515
forecast_6769,2025-10-10 01:00:00,2147.627017139889,1706.4954696302866,1817.1123908334248
forecast_6770,2025-10-10 02:00:00,2234.2796070600903,1878.0168650255573,1829.1516447227596
forecast_6771,2025-10-10 03:00:00,2208.75983271318,2176.894353410541,1825.4779737826213
forecast_6772,2025-10-10 04:00:00,2344.736460390336,2420.966309821976,1858.9063641542596
forecast_6773,2025-10-10 05:00:00,2370.9126628855884,2515.417526628179,1881.2561816708933
forecast_6774,2025-10-10 06:00:00,2309.7720028688013,2606.892908919781,1889.1821697529813
forecast_6775,2025-10-10 07:00:00,2549.287277809437,2805.912349891933,1930.9956841684293
forecast_6776,2025-10-10 08:00:00,2706.4809397471035,2690.5621296765626,1974.2479424768057
forecast_6777,2025-10-10 09:00:00,2601.493645493585,2577.0495144595434,1973.6218767984644
forecast_6778,2025-10-10 10:00:00,2075.816220434728,2378.1670363623252,1927.9984120906104
forecast_6779,2025-10-10 11:00:00,1861.5608490579518,2021.3904331695762,1901.4502440196436
forecast_6780,2025-10-10 12:00:00,1991.0357340352339,2049.1346983225067,1984.4819235117411
forecast_6781,2025-10-10 13:00:00,2276.7951636340163,2590.9869881749464,2063.3717847374146
forecast_6782,2025-10-10 14:00:00,2440.408706424949,2842.0408795275166,2137.558769688779
forecast_6783,2025-10-10 15:00:00,2539.5994394491036,2460.7585350977224,2161.2556576140023
forecast_6784,2025-10-10 16:00:00,2625.008833446324,2216.94887775446,2082.458689830947
forecast_6785,2025-10-10 17:00:00,2676.1174412038968,2389.260026977967,2016.9934995454666
forecast_6786,2025-10-10 18:00:00,2623.551673968748,2677.284412001145,1942.8477704905595
forecast_6787,2025-10-10 19:00:00,2810.8708860546894,2741.217955277014,2080.208833551995
forecast_6788,2025-10-10 20:00:00,2897.5028548552696,3213.1389197331073,2266.0672375404656
forecast_6789,2025-10-10 21:00:00,3083.309682846402,3811.4578912440843,2441.424722408523
forecast_6790,2025-10-10 22:00:00,3584.210842474855,4114.840790307144,2618.4088473299585
forecast_6791,2025-10-10 23:00:00,4277.552485152997,5072.182091281126,3040.327211843224
forecast_6792,2025-10-11 00:00:00,4986.569869298004,5805.9316663146365,3539.650380322697
forecast_6793,2025-10-11 01:00:00,5027.590583782308,6094.934968112771,3846.805237672761
forecast_6794,2025-10-11 02:00:00,6130.540073014262,7268.848840875072,4532.55443460835
forecast_6795,2025-10-11 03:00:00,6669.171656118179,9813.835225866125,5035.30461984485
forecast_6796,2025-10-11 04:00:00,7780.309147476265,11403.650052684,5528.940404097874
forecast_6797,2025-10-11 05:00:00,8684.792827083791,12530.503698873212,6161.492110755027
forecast_6798,2025-10-11 06:00:00,9085.415458383446,12750.1908651988,7075.379735821663
forecast_6799,2025-10-11 07:00:00,9191.87121937533,12504.725328379893,7231.182431539989
forecast_6800,2025-10-11 08:00:00,8829.252232065,11575.591236500364,7438.81770408117
forecast_6801,2025-10-11 09:00:00,8978.72913101317,11523.688477557165,7258.558561176401
forecast_6802,2025-10-11 10:00:00,9408.762126135884,10359.632365922349,7522.618199635419
forecast_6803,2025-10-11 11:00:00,9428.399513974502,9809.817928341627,7819.804538886153
forecast_6804,2025-10-11 12:00:00,9182.480948935048,10457.030576146051,8057.072207916
forecast_6805,2025-10-11 13:00:00,9085.644847265583,11595.737979764905,8146.087443073021
forecast_6806,2025-10-11 14:00:00,8587.15546111238,11828.062594671188,8621.353416215388
forecast_6807,2025-10-11 15:00:00,8930.169730658732,11127.611422048347,9018.732309529587
forecast_6808,2025-10-11 16:00:00,10121.556894305106,11332.070962757418,10027.78078758553
forecast_6809,2025-10-11 17:00:00,11112.18324422471,11415.567574482393,9753.086059218225
forecast_6810,2025-10-11 18:00:00,11658.164819043202,12629.920356647737,11167.839415672035
forecast_6811,2025-10-11 19:00:00,11619.514921800475,12646.021470265017,12591.72852709375
forecast_6812,2025-10-11 20:00:00,11539.858345881425,12082.713278327637,11886.253566430158
forecast_6813,2025-10-11 21:00:00,11402.049967795652,11762.142249569995,11119.563588548477
forecast_6814,2025-10-11 22:00:00,11164.91163137123,12593.627240576094,11226.065800503284
forecast_6815,2025-10-11 23:00:00,10441.619809945443,12486.914097549052,11377.67671282876
forecast_6816,2025-10-12 00:00:00,10279.228909839469,11999.778022535256,9939.729145936715
forecast_6817,2025-10-12 01:00:00,10672.831470983776,12265.266326166047,10197.51140473274
forecast_6818,2025-10-12 02:00:00,9541.61552694118,11226.844976399818,9428.692889082075
forecast_6819,2025-10-12 03:00:00,8337.66596006272,8238.0737311949,7347.240004311181
forecast_6820,2025-10-12 04:00:00,6597.588729568054,6271.949481429243,5729.650553903616
forecast_6821,2025-10-12 05:00:00,4719.227379495392,4692.306857484678,4334.588253566531
forecast_6822,2025-10-12 06:00:00,3092.950944400599,3208.7079758707114,3322.9686214761705
forecast_6823,2025-10-12 07:00:00,2647.7517862174127,2938.8749679319517,3363.585722198173
forecast_6824,2025-10-12 08:00:00,3559.798875718019,3510.831863940528,3504.149798322819
forecast_6825,2025-10-12 09:00:00,3559.237321239663,3961.6701222600805,4015.6435766061923
forecast_6826,2025-10-12 10:00:00,3737.2595963294357,4432.597726400297,4567.124025438636
forecast_6827,2025-10-12 11:00:00,3936.2938597509187,5052.689365725133,5390.318187559192
forecast_6828,2025-10-12 12:00:00,4068.9312504354025,5747.011964636039,5516.923043061019
forecast_6829,2025-10-12 13:00:00,4219.918483113833,6076.852686697574,5559.117718191243
forecast_6830,2025-10-12 14:00:00,4936.551262505822,6397.60192291562,5855.264305152078
forecast_6831,2025-10-12 15:00:00,5071.951090993283,7104.217864076449,5625.314348275786
forecast_6832,2025-10-12 16:00:00,5950.845797709082,7944.58527558615,5721.917527978222
forecast_6833,2025-10-12 17:00:00,5678.315026698658,7353.156424097551,5539.246202154858
forecast_6834,2025-10-12 18:00:00,5599.420621437709,7358.492252073245,5350.739937894901
forecast_6835,2025-10-12 19:00:00,5418.323904265946,7590.8670855698465,5308.049351323936
forecast_6836,2025-10-12 20:00:00,5328.117553060287,8100.226416622244,5219.961447536025
forecast_6837,2025-10-12 21:00:00,5122.897341844821,7910.104135530236,4996.296628382084
forecast_6838,2025-10-12 22:00:00,4734.929006609536,7034.648358561885,4766.095887792782
forecast_6839,2025-10-12 23:00:00,4692.890665684612,5787.221075262451,4460.480162874376
forecast_6840,2025-10-13 00:00:00,3563.4570741786083,4203.820725655327,3497.1244892938485
forecast_6841,2025-10-13 01:00:00,3174.7106085688692,3354.5701318196643,2673.793010905713
forecast_6842,2025-10-13 02:00:00,2427.3500829584327,2951.200834947478,2488.769647254344
forecast_6843,2025-10-13 03:00:00,2358.5771177369334,2573.471612518661,2234.0989827505805
forecast_6844,2025-10-13 04:00:00,2352.5349149651042,2732.6931585542975,2220.5193295676445
forecast_6845,2025-10-13 05:00:00,2644.965925519973,3309.8431697493997,2798.740480955783
forecast_6846,2025-10-13 06:00:00,3334.449680529538,4239.987514328224,3492.4183901240676
forecast_6847,2025-10-13 07:00:00,5040.319944041759,5477.600968636768,4557.735017739787
forecast_6848,2025-10-13 08:00:00,5306.673566432521,5988.9321243089025,4295.025779222335
forecast_6849,2025-10-13 09:00:00,4526.043666985495,5312.333005637297,3957.168388036936
forecast_6850,2025-10-13 10:00:00,4463.784230359226,4799.721740164576,4161.828272017294
forecast_6851,2025-10-13 11:00:00,4933.68907803643,4310.110003686074,4262.284990623662
forecast_6852,2025-10-13 12:00:00,4500.059823274767,4315.343370649347,4183.755950249668
forecast_6853,2025-10-13 13:00:00,4889.118921569254,4969.586173877489,4040.7830627286244
forecast_6854,2025-10-13 14:00:00,5233.538898955415,5540.604122917886,3777.1705215909724
forecast_6855,2025-10-13 15:00:00,5527.107537857838,5649.808584607121,4040.762237562319
forecast_6856,2025-10-13 16:00:00,5376.9715371999155,5071.034498556026,4184.136619586455
forecast_6857,2025-10-13 17:00:00,4805.1811096686715,4599.604829148911,4401.716369336376
forecast_6858,2025-10-13 18:00:00,5489.103059799812,5705.785894907628,4580.165226087287
forecast_6859,2025-10-13 19:00:00,5407.945065027634,5894.100253373241,4679.723306655594
forecast_6860,2025-10-13 20:00:00,5639.29453298546,6494.168511783817,4551.146359482351
forecast_6861,2025-10-13 21:00:00,5542.000364420853,6159.914657444063,4536.144248285184
forecast_6862,2025-10-13 22:00:00,5821.408796827042,6248.813468767457,4327.252392652974
forecast_6863,2025-10-13 23:00:00,6014.8582066529125,6437.818008994249,4242.623099254831
forecast_6864,2025-10-14 00:00:00,6432.142097074612,6372.419467704805,4619.500297185998
forecast_6865,2025-10-14 01:00:00,7818.2087779259955,8024.801833638894,5228.716612156592
forecast_6866,2025-10-14 02:00:00,7442.196321443823,9496.487698111452,5194.751081882923
forecast_6867,2025-10-14 03:00:00,6541.56713892152,7604.996556320668,4639.634244207327
forecast_6868,2025-10-14 04:00:00,6080.826968496535,6661.747917818035,4499.098956391712
forecast_6869,2025-10-14 05:00:00,6951.746084557485,7965.469356843261,5604.385697436546
forecast_6870,2025-10-14 06:00:00,6490.510376169435,8342.34043994062,5315.2390216011645
forecast_6871,2025-10-14 07:00:00,5707.10088893326,6832.959347871742,5211.874764855991
forecast_6872,2025-10-14 08:00:00,5478.802765979851,5911.991134363243,5420.075711423918
forecast_6873,2025-10-14 09:00:00,5157.318057886932,5769.86820191983,5240.916449627384
forecast_6874,2025-10-14 10:00:00,5156.708726907324,6009.8767164606725,5274.500254662838
forecast_6875,2025-10-14 11:00:00,4702.293580237223,5820.343192752849,5062.285148555986
forecast_6876,2025-10-14 12:00:00,4625.50280248855,5453.297984482671,4786.961671466115
forecast_6877,2025-10-14 13:00:00,4637.789337982684,5628.244253220368,4819.174151317865
forecast_6878,2025-10-14 14:00:00,5144.100955174572,5763.63863376301,4945.036631709127
forecast_6879,2025-10-14 15:00:00,4603.421072558083,5544.000213250709,4957.815004938762
forecast_6880,2025-10-14 16:00:00,4317.753051270736,5659.926177992305,4960.399650683901
forecast_6881,2025-10-14 17:00:00,4427.709929087368,5235.365148835915,4743.705302220267
forecast_6882,2025-10-14 18:00:00,4017.160082389828,5285.679681170422,4818.789933473241
forecast_6883,2025-10-14 19:00:00,4093.50347846911,6091.157686245316,4971.6000507968965
forecast_6884,2025-10-14 20:00:00,4441.520017733289,6033.53208748261,4673.54946023418
forecast_6885,2025-10-14 21:00:00,3913.3894069053044,5504.09502659962,4347.276428433337
forecast_6886,2025-10-14 22:00:00,3374.4927896070535,5338.538202286772,3659.170579244861
forecast_6887,2025-10-14 23:00:00,3356.8774445633226,4954.327997791068,3313.2026289869195
forecast_6888,2025-10-15 00:00:00,3296.158068256951,4990.559900540153,3229.670546989476
forecast_6889,2025-10-15 01:00:00,4015.9317646891764,4799.992161901089,3309.730507921865
forecast_6890,2025-10-15 02:00:00,3866.0838077205867,5100.363257620667,3225.01842918236
forecast_6891,2025-10-15 03:00:00,3724.6825729269513,4531.130251341725,3282.4740634942773
forecast_6892,2025-10-15 04:00:00,3627.41968105133,4299.786039757972,3203.8224871105913
forecast_6893,2025-10-15 05:00:00,3670.406346717853,4378.063318324315,2977.873948747433
forecast_6894,2025-10-15 06:00:00,3611.2526866333915,4445.662667342799,3211.0339761944524
forecast_6895,2025-10-15 07:00:00,3441.22281661759,4543.88790310468,3091.731150207885
forecast_6896,2025-10-15 08:00:00,3335.409255953295,4111.772798359045,3203.618243578386
forecast_6897,2025-10-15 09:00:00,3063.8329969035403,3648.489814606858,3141.900126249394
forecast_6898,2025-10-15 10:00:00,2526.161383526679,3077.7793595420612,2673.532771827677
forecast_6899,2025-10-15 11:00:00,2059.92157891191,2526.9067341368122,2312.8107188698
forecast_6900,2025-10-15 12:00:00,1902.3644888889546,2364.3241629309396,2230.9222802769477
forecast_6901,2025-10-15 13:00:00,1700.728591582468,2188.9439577780595,2091.9226749252775
forecast_6902,2025-10-15 14:00:00,1592.0370649341517,2127.108822818467,1969.9655163840769
forecast_6903,2025-10-15 15:00:00,1521.7026288876118,1840.5975900720214,1945.6821713904674
forecast_6904,2025-10-15 16:00:00,1721.0509303232257,2059.4120805823313,1892.717858667306
forecast_6905,2025-10-15 17:00:00,2014.983450053555,2428.1435252913325,1819.8126320415201
forecast_6906,2025-10-15 18:00:00,2304.857221055477,2181.401150763259,1884.210189311889
forecast_6907,2025-10-15 19:00:00,2645.409571703389,2435.4871272814216,2006.2684621612432
forecast_6908,2025-10-15 20:00:00,2960.4981396362627,2676.5104219272166,2124.9962574439337
forecast_6909,2025-10-15 21:00:00,3578.467256728381,3106.092483082159,2215.309382945471
forecast_6910,2025-10-15 22:00:00,3785.146940457156,3903.716527542293,2367.3664108176135
forecast_6911,2025-10-15 23:00:00,3828.2884593919443,4399.031412435766,2792.134901428336
forecast_6912,2025-10-16 00:00:00,4660.9406828638275,4796.415420129677,3533.9644353459107
forecast_6913,2025-10-16 01:00:00,3680.7098607164867,3861.9871686391684,2501.4234366960927
forecast_6914,2025-10-16 02:00:00,3071.5091530258737,3154.646110510027,2597.8545785320016
forecast_6915,2025-10-16 03:00:00,4124.043547365122,4358.852752060318,3394.4719984105914
forecast_6916,2025-10-16 04:00:00,4644.851941684825,5036.459498908775,3440.9423557506157
forecast_6917,2025-10-16 05:00:00,4412.7220641178765,5702.610395701181,3842.8412964322474
forecast_6918,2025-10-16 06:00:00,5030.826636398699,6336.699531567915,4534.5889336059845
forecast_6919,2025-10-16 07:00:00,4594.306264746622,5330.309911504878,4947.762435156251
forecast_6920,2025-10-16 08:00:00,5020.663353996288,5179.708818907642,4788.9008431999155
forecast_6921,2025-10-16 09:00:00,5500.201583845406,5883.8510342690715,5005.766978397989
forecast_6922,2025-10-16 10:00:00,5528.371595316373,5542.3092329823685,5042.398580606281
forecast_6923,2025-10-16 11:00:00,5542.67554056204,5472.502289349237,5172.446564508079
forecast_6924,2025-10-16 12:00:00,5055.549102601653,5285.058014135735,5475.32744672395
forecast_6925,2025-10-16 13:00:00,4853.288388933475,4768.880642762342,5422.12973126352
forecast_6926,2025-10-16 14:00:00,5097.870257267496,5089.6948131045865,5381.810905177648
forecast_6927,2025-10-16 15:00:00,4643.295453963943,4995.771756644866,4938.771895552065
forecast_6928,2025-10-16 16:00:00,4418.272951221592,4584.880699558995,4898.7001861806575
forecast_6929,2025-10-16 17:00:00,4043.7777394987393,5034.342439140586,4736.638840924268
forecast_6930,2025-10-16 18:00:00,4005.1228175468104,4733.9933661026735,4685.889915848587
forecast_6931,2025-10-16 19:00:00,4061.8055296942453,5259.912350723782,4699.341687144983
forecast_6932,2025-10-16 20:00:00,4432.494387862043,5810.448231247314,4224.706087731383
forecast_6933,2025-10-16 21:00:00,3922.616935316697,6094.090054733589,4127.471202364008
forecast_6934,2025-10-16 22:00:00,3859.4727829030153,6037.647036790303,3683.594050985449
forecast_6935,2025-10-16 23:00:00,3625.119680961853,5328.577570019246,3314.9677531405014
forecast_6936,2025-10-17 00:00:00,3671.103309465536,5002.583430128972,3028.428328656719
forecast_6937,2025-10-17 01:00:00,3963.448710399116,5079.045522207778,3337.7091134265165
forecast_6938,2025-10-17 02:00:00,3582.6489020216545,4926.547849107788,3277.869321598807
forecast_6939,2025-10-17 03:00:00,3537.7258356901375,4358.813224675561,2949.0093736727563
forecast_6940,2025-10-17 04:00:00,3436.004646560874,4403.195725968403,2653.4706857736023
forecast_6941,2025-10-17 05:00:00,3234.4882231093247,4150.079462504673,2447.8120447478013
forecast_6942,2025-10-17 06:00:00,3457.2519646318406,3937.5357180704186,2260.456016921371
forecast_6943,2025-10-17 07:00:00,3673.387569549628,3561.9594261880225,2178.6772332399605
forecast_6944,2025-10-17 08:00:00,3149.9751468345644,3165.3251271498593,2001.109554547166
forecast_6945,2025-10-17 09:00:00,2617.406613344698,2621.2158088239134,1864.7455135085
forecast_6946,2025-10-17 10:00:00,1855.8478573658067,1673.9237894030205,1723.8336225072148
forecast_6947,2025-10-17 11:00:00,1406.9649276860036,1289.65804322775,1658.4799998781707
forecast_6948,2025-10-17 12:00:00,1231.0264274725125,1312.2582938167527,1613.7132483536973
forecast_6949,2025-10-17 13:00:00,1168.0431838506097,1164.0123079213972,1665.5892891197948
forecast_6950,2025-10-17 14:00:00,1221.9600630711482,1238.780292156635,1645.9379476072443
forecast_6951,2025-10-17 15:00:00,1226.3497242344295,1534.7166862403635,1707.150951882205
forecast_6952,2025-10-17 16:00:00,1631.608492904292,2033.9594286710565,1824.4457826839791
forecast_6953,2025-10-17 17:00:00,2204.266413928015,2294.8216981101477,1946.3825544967835
forecast_6954,2025-10-17 18:00:00,3331.1253560081523,3064.9231141575897,2127.8389571357875
forecast_6955,2025-10-17 19:00:00,4245.926491849386,3984.518908558886,2761.856429886697
forecast_6956,2025-10-17 20:00:00,4569.317755082875,4680.936556751668,2986.0003848628567
forecast_6957,2025-10-17 21:00:00,4587.987339619356,4492.851924401175,3481.514281531685
forecast_6958,2025-10-17 22:00:00,4605.421456246077,4537.241727298871,3673.7571502969768
forecast_6959,2025-10-17 23:00:00,4611.435061796983,4902.923192684509,3748.7605296671036
forecast_6960,2025-10-18 00:00:00,5169.921483757696,6389.097591682242,4067.551632537912
forecast_6961,2025-10-18 01:00:00,5021.662596636053,7055.492801041063,4771.337803841517
forecast_6962,2025-10-18 02:00:00,5091.624629092159,7872.137916379639,5224.595117544747
forecast_6963,2025-10-18 03:00:00,5016.325100127415,7840.22348605097,5130.442748663212
forecast_6964,2025-10-18 04:00:00,5401.432094629097,7071.360394607326,4978.020417039321
forecast_6965,2025-10-18 05:00:00,3439.170476058811,3898.4319300169873,4380.65807833961
forecast_6966,2025-10-18 06:00:00,2363.7643120174043,2169.8437005323576,2614.64739406444
forecast_6967,2025-10-18 07:00:00,1939.4627414089553,1918.0726100994127,2930.189875068916
forecast_6968,2025-10-18 08:00:00,1613.8103205593713,1634.3766020749313,2422.8843942925023
forecast_6969,2025-10-18 09:00:00,1580.383417662336,1589.3500610741594,2343.9781895888236
forecast_6970,2025-10-18 10:00:00,1825.5125458015968,1508.33501542339,2288.3658839415207
forecast_6971,2025-10-18 11:00:00,2082.983973093621,1604.0345500430249,2668.0195121539055
forecast_6972,2025-10-18 12:00:00,2197.4861349009316,1793.840037805719,2707.2556035479683
forecast_6973,2025-10-18 13:00:00,2250.2795969135277,2308.923343680449,3114.7577938865975
forecast_6974,2025-10-18 14:00:00,2386.237401051502,2846.6774510267987,3206.705829920369
forecast_6975,2025-10-18 15:00:00,2535.0902535214077,3096.42489891864,3597.08891687033
forecast_6976,2025-10-18 16:00:00,2714.868671086911,2956.6773931857856,3857.0684534676493
forecast_6977,2025-10-18 17:00:00,2941.8140525644576,3179.5298045678082,3687.6234828478846
forecast_6978,2025-10-18 18:00:00,2659.878159920322,3111.015998509946,3422.6630472884995
forecast_6979,2025-10-18 19:00:00,2435.035703915335,3129.8968321824545,3294.131795023161
forecast_6980,2025-10-18 20:00:00,2175.0244050222727,2881.444964997132,3187.228391353432
forecast_6981,2025-10-18 21:00:00,1922.4298955028082,2653.5405481755033,2883.7255155060448
forecast_6982,2025-10-18 22:00:00,1965.8554814864028,2546.357454993311,2483.2280524039397
forecast_6983,2025-10-18 23:00:00,1781.144835020254,1776.879564909616,2306.7418754902974
forecast_6984,2025-10-19 00:00:00,1718.5821242053842,1543.3105019558984,2090.6254938019893
forecast_6985,2025-10-19 01:00:00,1700.1746687212699,1334.084912481441,1930.247483781021
forecast_6986,2025-10-19 02:00:00,1474.1403738406598,1156.709041658908,1887.9257845739965
forecast_6987,2025-10-19 03:00:00,1348.3007298343425,1044.2170818859884,1840.141182535489
forecast_6988,2025-10-19 04:00:00,1304.5176818730577,969.6498599506767,1814.2139274269155
forecast_6989,2025-10-19 05:00:00,1257.6069504354805,970.9224582266688,1790.1967828473516
forecast_6990,2025-10-19 06:00:00,1316.9861796392972,1049.5205082407124,1774.7813107423417
forecast_6991,2025-10-19 07:00:00,1399.635649567732,1165.535308152273,1777.2153927735917
forecast_6992,2025-10-19 08:00:00,1438.5635578301376,1299.042373689615,1771.116770187393
forecast_6993,2025-10-19 09:00:00,1505.3579396710988,1514.9052125151857,1836.0460994430227
forecast_6994,2025-10-19 10:00:00,1432.578943204972,1719.259684038306,1930.3337327132494
forecast_6995,2025-10-19 11:00:00,1757.2308332083269,2030.3568682005002,2036.3136667808917
forecast_6996,2025-10-19 12:00:00,2161.814924098973,2591.9445895754807,2200.2061481576748
forecast_6997,2025-10-19 13:00:00,2580.9504094099384,3333.5076308301655,3013.2813119971333
forecast_6998,2025-10-19 14:00:00,3543.9877412642745,3618.167093818478,3561.233442729812
forecast_6999,2025-10-19 15:00:00,4408.25387810437,4195.810353940678,4157.08975729673
forecast_7000,2025-10-19 16:00:00,5120.147783188217,5089.566014285525,4541.48596149107
forecast_7001,2025-10-19 17:00:00,5892.359845604057,5736.262618067463,5142.118058353503
forecast_7002,2025-10-19 18:00:00,5989.780865425555,6405.182706879046,5421.446436720935
forecast_7003,2025-10-19 19:00:00,6436.356223235323,7346.170534469567,5688.855573728109
forecast_7004,2025-10-19 20:00:00,6413.885323366139,7184.251419383503,5679.636740665377
forecast_7005,2025-10-19 21:00:00,6306.388720329579,6694.953681855879,5007.577338343734
forecast_7006,2025-10-19 22:00:00,6340.98141681678,6641.826530262053,4696.1089557815885
forecast_7007,2025-10-19 23:00:00,5556.912987847836,5078.820638807996,3787.2460855933828
forecast_7008,2025-10-20 00:00:00,3910.8903300574934,3290.8680829291325,2919.8991992470483
forecast_7009,2025-10-20 01:00:00,2181.9834525402566,1917.7563343227512,2180.778025225521
forecast_7010,2025-10-20 02:00:00,1657.990254951459,1407.555722109706,2040.5812121173403
forecast_7011,2025-10-20 03:00:00,1431.5349594347078,1282.5442989689716,2083.420439800703
forecast_7012,2025-10-20 04:00:00,1646.114911375546,1506.582590942592,2305.9722568354746
forecast_7013,2025-10-20 05:00:00,1854.7326590475786,1914.7706394504062,2485.936286452769
forecast_7014,2025-10-20 06:00:00,2396.302970203935,2818.6368980512343,3118.228196441767
forecast_7015,2025-10-20 07:00:00,3072.2520858042026,3291.4234148176847,3205.5579911899117
forecast_7016,2025-10-20 08:00:00,2781.0300579070663,3090.086380520148,3451.914861752877
forecast_7017,2025-10-20 09:00:00,2640.9376864459578,3089.674156831261,3986.435814726933
forecast_7018,2025-10-20 10:00:00,2699.790152146893,3404.674978143352,4059.5009439346422
forecast_7019,2025-10-20 11:00:00,2451.9924699745575,3310.9165989577623,4039.978587982441
forecast_7020,2025-10-20 12:00:00,2379.235641817976,2992.3863134320873,3931.8235685771824
forecast_7021,2025-10-20 13:00:00,2232.3545484111396,2769.3797555142864,3648.160358901927
forecast_7022,2025-10-20 14:00:00,1750.7629074849172,2466.0249648250992,3273.173908496763
forecast_7023,2025-10-20 15:00:00,1589.3240326413943,2163.800604570193,2758.8165984505304
forecast_7024,2025-10-20 16:00:00,1660.599385066227,1728.2450265706152,2245.7418340126424
forecast_7025,2025-10-20 17:00:00,1555.730072554236,1302.4565902906734,2007.6765416583758
forecast_7026,2025-10-20 18:00:00,1275.9185937463385,1066.1544194377307,1885.509863752351
forecast_7027,2025-10-20 19:00:00,1113.4794999354776,947.9948052816652,1814.0033095287017
forecast_7028,2025-10-20 20:00:00,1228.9539830627582,870.1029761141692,1748.4386350691789
forecast_7029,2025-10-20 21:00:00,1139.017219531353,822.9518165431298,1727.2640505417949
forecast_7030,2025-10-20 22:00:00,1065.9754306284035,766.4209842434577,1722.5139432034687
forecast_7031,2025-10-20 23:00:00,1135.4842843017682,840.883068056236,1711.0083279690937
forecast_7032,2025-10-21 00:00:00,1289.7725647086058,1099.1963479917804,1756.0307938767883
forecast_7033,2025-10-21 01:00:00,1609.5050747354824,1872.4371888945966,1951.5685941237334
forecast_7034,2025-10-21 02:00:00,1831.9948675626674,1661.8254213722455,2103.2830312796023
forecast_7035,2025-10-21 03:00:00,1582.554808820861,1410.581368000609,2093.698719606367
forecast_7036,2025-10-21 04:00:00,1403.0751695475828,1355.2760603913732,2067.7415242885954
forecast_7037,2025-10-21 05:00:00,1191.9715133727877,1268.2045245024951,1989.608394879573
forecast_7038,2025-10-21 06:00:00,1138.8970495989583,1121.443286791894,1846.926944137647
forecast_7039,2025-10-21 07:00:00,1165.7484452815818,1002.4627628889896,1810.493666229065
forecast_7040,2025-10-21 08:00:00,1086.4978718476875,857.9997431297647,1770.742734859978
forecast_7041,2025-10-21 09:00:00,937.2737807758588,762.0546800627002,1722.7961583117951
forecast_7042,2025-10-21 10:00:00,868.3368230536562,737.796474441302,1651.790770304047
forecast_7043,2025-10-21 11:00:00,848.8290017771061,720.3864482544504,1593.4137801051586
forecast_7044,2025-10-21 12:00:00,807.5441098044653,718.8776300121145,1583.7359002348044
forecast_7045,2025-10-21 13:00:00,837.0705556360055,782.4974754348465,1562.834009895599
forecast_7046,2025-10-21 14:00:00,849.6156301681636,699.5064879398731,1637.2772344635705
forecast_7047,2025-10-21 15:00:00,822.5754534671146,644.6919600534623,1704.2553116923334
forecast_7048,2025-10-21 16:00:00,826.2919950042697,688.2464592645034,1744.6786841748121
forecast_7049,2025-10-21 17:00:00,844.4331429500821,735.6947136259495,1749.8516854004092
forecast_7050,2025-10-21 18:00:00,946.7356025405794,875.9275496265313,1753.0805867231406
forecast_7051,2025-10-21 19:00:00,955.3202546077554,875.5085614391699,1776.8984086790033
forecast_7052,2025-10-21 20:00:00,959.1393904366612,894.8719009688566,1815.326994298137
forecast_7053,2025-10-21 21:00:00,1031.1593222672993,988.0778958858834,1892.8120584857816
forecast_7054,2025-10-21 22:00:00,1137.4651212607632,1178.3031419141898,1949.9971441756006
forecast_7055,2025-10-21 23:00:00,1151.4942063028898,1240.9730964624914,1955.952244220005
forecast_7056,2025-10-22 00:00:00,1144.6649222395574,1020.5876623859215,1960.2793068359197
forecast_7057,2025-10-22 01:00:00,918.397454319942,977.4204414491995,1853.2490345383767
forecast_7058,2025-10-22 02:00:00,892.2386927878015,971.5949175815535,1888.2347609450767
forecast_7059,2025-10-22 03:00:00,901.2985608012759,991.2347247259437,1898.7555880299492
forecast_7060,2025-10-22 04:00:00,974.8220483503524,1030.85598872507,1888.68075358319
forecast_7061,2025-10-22 05:00:00,1128.4282083691974,1159.7008016861637,1959.415406614339
forecast_7062,2025-10-22 06:00:00,1365.1324005114454,1130.0844489793815,2107.5227742432876
forecast_7063,2025-10-22 07:00:00,1740.4556690103525,1466.0345202308124,2252.991439393624
forecast_7064,2025-10-22 08:00:00,2193.3400186468434,2037.3600577880673,2555.765480505275
forecast_7065,2025-10-22 09:00:00,2073.8078577140564,2194.472348710565,3012.454826418622
forecast_7066,2025-10-22 10:00:00,1933.5760991763505,2201.5359233902573,2438.8073185991875
forecast_7067,2025-10-22 11:00:00,1892.8778002525003,2268.666260262527,2594.069456368938
forecast_7068,2025-10-22 12:00:00,1792.8273126691333,2233.844790029745,2606.6390526400733
forecast_7069,2025-10-22 13:00:00,1732.358303563452,1820.7677058110098,2466.430057554396
forecast_7070,2025-10-22 14:00:00,1727.855974400712,1741.2885369508795,2618.8056518445414
forecast_7071,2025-10-22 15:00:00,1689.381667676901,1777.9791506191768,2535.2795660072916
forecast_7072,2025-10-22 16:00:00,1738.6166587645982,2221.988808795034,2183.4117580767156
forecast_7073,2025-10-22 17:00:00,2025.1852478882436,2080.4196046816933,2010.5805777745231
forecast_7074,2025-10-22 18:00:00,1972.4208898614775,1669.1784735671179,1902.8925544909937
forecast_7075,2025-10-22 19:00:00,2056.638594246502,1580.9278144197358,1836.8992702858363
forecast_7076,2025-10-22 20:00:00,2391.7120807050314,1652.065415230054,1781.7831901024415
forecast_7077,2025-10-22 21:00:00,2469.7452526476345,1678.7266579333555,1757.6960373661555
forecast_7078,2025-10-22 22:00:00,2458.5785215164815,1453.7519256228543,1796.4364011435919
forecast_7079,2025-10-22 23:00:00,2163.816857696062,1364.1746472569757,1792.253320603156
forecast_7080,2025-10-23 00:00:00,1793.5626928721736,1221.3331976939896,1781.400375676346
forecast_7081,2025-10-23 01:00:00,1768.2980519440885,1242.0641021680578,1763.8930787551112
forecast_7082,2025-10-23 02:00:00,1538.5984277262442,1064.325291628449,1744.764595371657
forecast_7083,2025-10-23 03:00:00,1335.080180686005,975.913556070577,1715.5496325539775
forecast_7084,2025-10-23 04:00:00,1091.5322684562366,845.7207369956307,1696.7189558864086
forecast_7085,2025-10-23 05:00:00,991.4488647123718,822.1498762634051,1694.6650008082836
forecast_7086,2025-10-23 06:00:00,954.9506805812429,829.67619661855,1686.6991804957836
forecast_7087,2025-10-23 07:00:00,953.5007823418861,824.6877932982375,1676.0734480739086
forecast_7088,2025-10-23 08:00:00,965.4090653547145,861.3351224474632,1668.1603621364086
forecast_7089,2025-10-23 09:00:00,940.4204675929567,777.2641780421327,1654.0629500270336
forecast_7090,2025-10-23 10:00:00,846.2326547843261,737.8616536018624,1604.5085066676586
forecast_7091,2025-10-23 11:00:00,804.0940452518084,733.3131618728685,1601.1383894801586
forecast_7092,2025-10-23 12:00:00,807.0966325508589,729.0429426367058,1593.927085769221
forecast_7093,2025-10-23 13:00:00,810.1708847514886,689.4360992573493,1600.9662703395336
forecast_7094,2025-10-23 14:00:00,855.7873330115772,838.2927217553652,1657.6615521107265
forecast_7095,2025-10-23 15:00:00,920.2605703187764,984.0215031251571,1665.964896837289
forecast_7096,2025-10-23 16:00:00,913.9906873666047,836.5393944757084,1716.9030379176586
forecast_7097,2025-10-23 17:00:00,860.0049609743003,776.1671501599453,1760.7127673743596
forecast_7098,2025-10-23 18:00:00,874.2429070251059,761.1692709270792,1763.668052566096
forecast_7099,2025-10-23 19:00:00,916.3126992673269,801.5003925004291,1800.3921065611448
forecast_7100,2025-10-23 20:00:00,1080.8041717048943,855.8385123353444,1812.529424036154
forecast_7101,2025-10-23 21:00:00,1042.8252369231668,822.7415050283847,1823.36287547252
forecast_7102,2025-10-23 22:00:00,988.5609833230476,910.6077311732812,1831.411947738145
forecast_7103,2025-10-23 23:00:00,1051.4156847061238,1064.3730481587243,1840.9808631112203
forecast_7104,2025-10-24 00:00:00,1172.1397806464545,1069.3649956344766,1971.0818933276817
forecast_7105,2025-10-24 01:00:00,1557.4793487023635,1340.9499058020183,2087.0207073452743
forecast_7106,2025-10-24 02:00:00,1873.8570006976393,1917.0753882346478,2230.4233981571406
forecast_7107,2025-10-24 03:00:00,2043.886818423913,1835.3218595467533,2405.601720898102
forecast_7108,2025-10-24 04:00:00,2337.98910988686,2236.790146415438,2541.1323726154856
forecast_7109,2025-10-24 05:00:00,2837.5129739077483,3489.7851777901,2928.892161242672
forecast_7110,2025-10-24 06:00:00,3122.668927314176,3504.2645919598162,3570.7051937622155
forecast_7111,2025-10-24 07:00:00,3475.7408971848713,3529.492242440477,3879.126861652243
forecast_7112,2025-10-24 08:00:00,3623.0542106205085,3668.4945499305945,4111.964554621773
forecast_7113,2025-10-24 09:00:00,3424.8857483631764,3273.375798570844,3507.2963551025805
forecast_7114,2025-10-24 10:00:00,2639.8273097687616,2846.2140002935503,3449.3992258386443
forecast_7115,2025-10-24 11:00:00,2471.7912202496136,2269.99512465881,3170.9371696834814
forecast_7116,2025-10-24 12:00:00,2328.183943415498,2812.7209345284837,2862.6937253910055
forecast_7117,2025-10-24 13:00:00,2363.4447404204693,2440.0466987965983,2822.0067320851263
forecast_7118,2025-10-24 14:00:00,2272.6461023299794,2671.494952023621,2780.7930715549323
forecast_7119,2025-10-24 15:00:00,2471.190230375737,2709.8716966602915,2408.8987054826284
forecast_7120,2025-10-24 16:00:00,2890.769966653979,2929.9247657281585,2401.983750346919
forecast_7121,2025-10-24 17:00:00,3475.655186758754,3214.9663097627854,2269.5927136876385
forecast_7122,2025-10-24 18:00:00,3738.2312561586778,3064.24828268919,2212.6885438580885
forecast_7123,2025-10-24 19:00:00,3866.135142526033,3254.8958017426785,2202.705051257262
forecast_7124,2025-10-24 20:00:00,3669.440066652052,2985.8794776531886,2173.039150355441
forecast_7125,2025-10-24 21:00:00,3553.743164325427,2805.855812106182,2171.9624304526887
forecast_7126,2025-10-24 22:00:00,3561.4957157263602,2576.8730792907572,2149.961175960275
forecast_7127,2025-10-24 23:00:00,3376.828759916349,2857.5201966994546,2114.3986990694293
forecast_7128,2025-10-25 00:00:00,3077.957649737887,3109.7518781617414,2164.053272812411
forecast_7129,2025-10-25 01:00:00,2805.5214610617786,3169.611513359815,2329.277592360257
forecast_7130,2025-10-25 02:00:00,2748.1536013848895,3393.6646525865854,2375.5990935612945
forecast_7131,2025-10-25 03:00:00,2696.114885155796,3574.3102704394096,2488.103963077638
forecast_7132,2025-10-25 04:00:00,2502.6185373811777,3586.674480945433,2964.067691612907
forecast_7133,2025-10-25 05:00:00,2535.461023759554,3379.6415709601183,2682.0940354333334
forecast_7134,2025-10-25 06:00:00,2705.699888956816,3030.734806726249,2492.680091614947
forecast_7135,2025-10-25 07:00:00,2538.724126161046,3185.6304129238424,2464.025812498628
forecast_7136,2025-10-25 08:00:00,2455.9031068656022,2974.746444695721,2414.9726154371983
forecast_7137,2025-10-25 09:00:00,2029.3694632666225,1971.929075218654,2178.4312798641395
forecast_7138,2025-10-25 10:00:00,1461.6299317273863,1529.951694264311,1952.8399479828854
forecast_7139,2025-10-25 11:00:00,1196.8206562500532,1168.9840552644466,1822.394440787712
forecast_7140,2025-10-25 12:00:00,1001.1611946206339,920.4874971898591,1745.5324416721146
forecast_7141,2025-10-25 13:00:00,1100.1717985232638,863.2800245137375,1756.8332517149747
forecast_7142,2025-10-25 14:00:00,1074.1449872275005,853.6784340650107,1777.386002381832
forecast_7143,2025-10-25 15:00:00,1061.8934569163557,786.4908915896556,1786.4434032135941
forecast_7144,2025-10-25 16:00:00,1167.9568932321881,863.2533704740694,1849.1226574634754
forecast_7145,2025-10-25 17:00:00,1310.758067257884,851.5845402085918,1917.9112976206488
forecast_7146,2025-10-25 18:00:00,1489.6235936407325,955.0686344188586,1961.3366550263927
forecast_7147,2025-10-25 19:00:00,1517.8167473633177,980.0969891300238,1942.3816410230838
forecast_7148,2025-10-25 20:00:00,1372.4182771498376,973.426867860252,1927.5362219344624
forecast_7149,2025-10-25 21:00:00,1404.2355787786225,957.3167586161396,1894.7530416267168
forecast_7150,2025-10-25 22:00:00,1388.8166910388836,1002.852170011754,1899.7602131711528
forecast_7151,2025-10-25 23:00:00,1532.1746289290386,1204.8098067826527,1975.2981712076173
forecast_7152,2025-10-26 00:00:00,1552.3256921302652,1199.279731927995,2014.6773843873377
forecast_7153,2025-10-26 01:00:00,1373.5973386224177,1052.02639136619,1839.0033269212413
forecast_7154,2025-10-26 02:00:00,1402.7083010262395,983.1878727255371,1847.4693217533454
forecast_7155,2025-10-26 03:00:00,1602.869279148656,1057.2104495771146,1870.010359918675
forecast_7156,2025-10-26 04:00:00,1998.9041173626072,1272.9903074952117,1932.7655964748694
forecast_7157,2025-10-26 05:00:00,2418.525110571296,1614.2335275378616,2178.486602285451
forecast_7158,2025-10-26 06:00:00,3176.742712302908,2044.2062034133749,2253.9275193632247
forecast_7159,2025-10-26 07:00:00,3757.374538864981,2769.685909265816,2552.0423924432557
forecast_7160,2025-10-26 08:00:00,3684.3144750629817,3548.7125855673826,3222.6122940693795
forecast_7161,2025-10-26 09:00:00,4447.41827037419,3458.195314091225,3104.966945668868
forecast_7162,2025-10-26 10:00:00,3304.63780013147,2519.7734079464226,2335.29677082103
forecast_7163,2025-10-26 11:00:00,3285.5579606282927,2467.2438687617873,2338.352635483371
forecast_7164,2025-10-26 12:00:00,3165.2699736704744,2906.181662609566,2668.789872653748
forecast_7165,2025-10-26 13:00:00,3364.1737165890318,3046.633998710542,2727.4332897642435
forecast_7166,2025-10-26 14:00:00,3803.4783197836077,3423.9729419986124,2844.6894221927414
forecast_7167,2025-10-26 15:00:00,4853.101860562387,3971.903009387975,3240.630486391633
forecast_7168,2025-10-26 16:00:00,5700.850259511313,4934.390160332243,3955.9226734917415
forecast_7169,2025-10-26 17:00:00,6299.457888121598,5972.698338159682,5033.938681415368
forecast_7170,2025-10-26 18:00:00,7214.462048356771,7650.49497574749,6263.68616253588
forecast_7171,2025-10-26 19:00:00,8037.611329650116,9378.848226441845,8072.553917379198
forecast_7172,2025-10-26 20:00:00,9831.83893745695,11465.239041394514,9052.118899602317
forecast_7173,2025-10-26 21:00:00,11140.732035189858,13110.404307952454,10653.863941660615
forecast_7174,2025-10-26 22:00:00,12916.702562060182,13845.202689223426,11454.240049852306
forecast_7175,2025-10-26 23:00:00,14116.424812658654,14064.085624982294,12344.587674896668
forecast_7176,2025-10-27 00:00:00,15116.482375326234,15492.22509533587,13952.09595206953
forecast_7177,2025-10-27 01:00:00,15842.340808936031,16267.462334045451,13048.985596238248
forecast_7178,2025-10-27 02:00:00,17254.565208084598,17175.295024086277,15083.3557834472
forecast_7179,2025-10-27 03:00:00,17411.413914273333,18505.575907035047,16000.39782890036
forecast_7180,2025-10-27 04:00:00,17139.842857990807,18646.27124900237,16195.582975387077
forecast_7181,2025-10-27 05:00:00,16428.89496159442,17831.8134599402,14392.244700074069
forecast_7182,2025-10-27 06:00:00,14871.560054689027,16427.62059128884,13519.021823425384
forecast_7183,2025-10-27 07:00:00,14041.71762105821,16140.854851401637,13049.951616347316
forecast_7184,2025-10-27 08:00:00,13230.746290336492,16103.671980895717,12810.84618577916
forecast_7185,2025-10-27 09:00:00,12646.921122675483,14804.376949568808,11372.350810496311
forecast_7186,2025-10-27 10:00:00,11664.510460536478,12679.826987231023,10207.698827583594
forecast_7187,2025-10-27 11:00:00,11158.570113859194,12176.140004109995,9652.385625445295
forecast_7188,2025-10-27 12:00:00,11764.62081530842,11714.583458279845,9461.042982149549
forecast_7189,2025-10-27 13:00:00,12303.695368109125,12557.060083901459,9197.670383222785
forecast_7190,2025-10-27 14:00:00,12659.0516485739,12675.61217193715,8918.43295715723
forecast_7191,2025-10-27 15:00:00,13306.779142225656,13405.60134975682,9534.739238743783
forecast_7192,2025-10-27 16:00:00,14079.44273252557,13593.530623082474,9853.368505875787
forecast_7193,2025-10-27 17:00:00,14800.030312833118,14257.64101797839,11262.547663141988
forecast_7194,2025-10-27 18:00:00,15004.632010743218,14729.185815306422,10552.306979989946
forecast_7195,2025-10-27 19:00:00,14919.675103971878,14453.154402010827,10058.460482265527
forecast_7196,2025-10-27 20:00:00,14666.680920333887,13690.565283833856,9434.723811812994
forecast_7197,2025-10-27 21:00:00,14164.435324998149,13305.246159252125,9601.578070752646
forecast_7198,2025-10-27 22:00:00,12905.498902383753,11951.010854576061,9498.217476650912
forecast_7199,2025-10-27 23:00:00,11654.298660789409,11577.617530462961,10214.251522841401
forecast_7200,2025-10-28 00:00:00,11673.157555790429,12432.185551525172,9380.531381520363
forecast_7201,2025-10-28 01:00:00,12545.661206477167,13252.670972664388,11938.011532993476
forecast_7202,2025-10-28 02:00:00,12806.348622992577,13833.427243898188,11268.584825056332
forecast_7203,2025-10-28 03:00:00,12131.594700348829,14475.451531500474,10788.303270039632
forecast_7204,2025-10-28 04:00:00,11686.830746151576,13996.381584394043,10416.777768404874
forecast_7205,2025-10-28 05:00:00,11289.316752528244,13324.6547910361,8950.51263456477
forecast_7206,2025-10-28 06:00:00,10628.415030285707,12239.853466645038,8146.666079529931
forecast_7207,2025-10-28 07:00:00,10129.123898563217,11638.400370804775,7298.450639063874
forecast_7208,2025-10-28 08:00:00,9705.020412280992,11033.762058462771,6781.693509310815
forecast_7209,2025-10-28 09:00:00,7628.856386998341,6989.215868628298,5432.431545539139
forecast_7210,2025-10-28 10:00:00,5969.083012259645,5109.495233845576,4422.835793092279
forecast_7211,2025-10-28 11:00:00,4602.288058239307,3868.8155905980598,3515.108694625999
forecast_7212,2025-10-28 12:00:00,4269.819697170806,3459.084024524342,3262.3642889509224
forecast_7213,2025-10-28 13:00:00,4406.6307068498345,3138.480892139642,3299.3312088153234
forecast_7214,2025-10-28 14:00:00,4580.010680549044,3073.2854421870206,3233.244141815264
forecast_7215,2025-10-28 15:00:00,4921.379862642072,3124.984833572288,3276.294582214956
forecast_7216,2025-10-28 16:00:00,4673.804389944224,3576.6974341433142,3379.4791282272054
forecast_7217,2025-10-28 17:00:00,5793.87037338358,4893.252124935243,4104.801578126325
forecast_7218,2025-10-28 18:00:00,6552.804758469741,6433.290013919213,5179.919202001258
forecast_7219,2025-10-28 19:00:00,7214.105251588403,7839.770370043758,6252.825988650793
forecast_7220,2025-10-28 20:00:00,7988.522698372035,9990.042016248995,7140.418212449934
forecast_7221,2025-10-28 21:00:00,8638.436223807115,10823.140210886293,7487.05057910834
forecast_7222,2025-10-28 22:00:00,8878.300519979875,11352.937075686186,7144.895467507814
forecast_7223,2025-10-28 23:00:00,9217.087986860872,10375.252854095808,7139.175785598077
forecast_7224,2025-10-29 00:00:00,9118.981666013595,9488.154446844488,6825.9424449297685
forecast_7225,2025-10-29 01:00:00,7430.160243137599,8567.568560019248,5654.433227188672
forecast_7226,2025-10-29 02:00:00,6521.488574410719,7501.412070568523,4574.043126284127
forecast_7227,2025-10-29 03:00:00,5643.4427603533,6470.668038064517,3982.4516614883078
forecast_7228,2025-10-29 04:00:00,5060.008002485029,5600.535250739285,3817.927276988644
forecast_7229,2025-10-29 05:00:00,4114.7736043334135,4246.857261248335,3595.3505367856374
forecast_7230,2025-10-29 06:00:00,2978.4634933477923,2729.177815397062,3138.114230735194
forecast_7231,2025-10-29 07:00:00,2079.3798913514765,1787.1987024409596,2435.6209041382253
forecast_7232,2025-10-29 08:00:00,1437.0395413052065,1377.6466641708885,2144.38320569514
forecast_7233,2025-10-29 09:00:00,960.982995495805,1039.5659517615682,1847.0958128636337
forecast_7234,2025-10-29 10:00:00,775.7926253301491,874.5173638744521,1686.0639265895336
forecast_7235,2025-10-29 11:00:00,696.893411035093,835.4870974474,1618.7311629176586
forecast_7236,2025-10-29 12:00:00,708.8773587889992,859.8143998105329,1546.979087722346
forecast_7237,2025-10-29 13:00:00,728.305276269468,809.4652787167829,1545.4984969020336
forecast_7238,2025-10-29 14:00:00,746.6759494793453,729.5070267636579,1578.807945144221
forecast_7239,2025-10-29 15:00:00,776.6836776949378,709.1734696347517,1591.415122878596
forecast_7240,2025-10-29 16:00:00,852.9328141180554,701.5376676570991,1619.2614363551586
forecast_7241,2025-10-29 17:00:00,991.7683503427572,807.3752156775159,1673.7540748984275
forecast_7242,2025-10-29 18:00:00,1085.7252310098818,988.8273569415676,1839.4065497865977
forecast_7243,2025-10-29 19:00:00,1475.0493805397002,1409.1374588754584,2272.49502217845
forecast_7244,2025-10-29 20:00:00,1825.663768890297,2042.260942215744,2719.138612750042
forecast_7245,2025-10-29 21:00:00,2320.7641225823872,3076.4617463837494,4014.0721147559525
forecast_7246,2025-10-29 22:00:00,3095.3126013094197,3913.015747449283,5225.163890414387
forecast_7247,2025-10-29 23:00:00,3840.0112742788538,4094.8012640493635,5677.989859677886
forecast_7248,2025-10-30 00:00:00,4746.314864767572,4889.379729075912,6439.847749490155
forecast_7249,2025-10-30 01:00:00,5318.436072599048,5896.334232363033,7170.250907816458
forecast_7250,2025-10-30 02:00:00,6409.815049815825,8403.96266823796,8624.599723918716
forecast_7251,2025-10-30 03:00:00,9441.396792258023,12644.255248773163,10484.710044404537
forecast_7252,2025-10-30 04:00:00,11531.936796354768,13897.511221647497,11122.087916583816
forecast_7253,2025-10-30 05:00:00,12118.907610804003,12910.195720671112,11490.694176698451
forecast_7254,2025-10-30 06:00:00,11480.01025182798,11701.30209334804,11479.240739985149
forecast_7255,2025-10-30 07:00:00,9405.2021908454,10201.499315138934,9323.997179954782
forecast_7256,2025-10-30 08:00:00,8216.247932151373,8000.151409941296,7309.232931453668
forecast_7257,2025-10-30 09:00:00,7132.70063578676,6750.713723660368,5916.000617208054
forecast_7258,2025-10-30 10:00:00,5105.049516701277,4148.964648761401,4054.054717629797
forecast_7259,2025-10-30 11:00:00,3194.7600129745865,2469.2462863725655,2549.459512173571
forecast_7260,2025-10-30 12:00:00,2231.682700796194,1799.927963124901,2244.919327430126
forecast_7261,2025-10-30 13:00:00,1828.3595102667641,1427.9904953862008,2118.2393810580666
forecast_7262,2025-10-30 14:00:00,1617.1199802027877,1221.6198915756336,2020.849669721243
forecast_7263,2025-10-30 15:00:00,1496.0331358900448,1097.5471581400252,1979.911437542934
forecast_7264,2025-10-30 16:00:00,1670.5555544737713,1038.4498729593677,2073.695743178254
forecast_7265,2025-10-30 17:00:00,2337.386237503662,1471.9218035535064,2238.716143767722
forecast_7266,2025-10-30 18:00:00,2665.3560629753415,1939.9965520311182,2673.5554029039968
forecast_7267,2025-10-30 19:00:00,2502.3926813572625,1570.9881304323023,2402.1634226263045
forecast_7268,2025-10-30 20:00:00,2489.3319007187256,1435.3601826773838,2849.123114113157
forecast_7269,2025-10-30 21:00:00,2455.306900199178,1385.8854054850785,2751.0436504147087
forecast_7270,2025-10-30 22:00:00,1844.4755670320344,1229.0282161659331,2207.628764406457
forecast_7271,2025-10-30 23:00:00,1391.0464402628497,1131.168828725748,2055.1273529450264
forecast_7272,2025-10-31 00:00:00,1249.4024604311765,977.4330712695678,1986.7028227384753
forecast_7273,2025-10-31 01:00:00,1018.5210728914349,979.2972095567707,1810.7315042481855
forecast_7274,2025-10-31 02:00:00,869.850304365917,925.7468846255897,1778.1723357777323
forecast_7275,2025-10-31 03:00:00,877.5533582291417,920.7199773179763,1769.254528183795
forecast_7276,2025-10-31 04:00:00,858.184353254935,930.7345953383735,1744.4243913005068
forecast_7277,2025-10-31 05:00:00,979.7406345508089,1003.8750538853916,1716.2111392349707
forecast_7278,2025-10-31 06:00:00,1037.079851326707,918.5028499819749,1714.0611382459501
forecast_7279,2025-10-31 07:00:00,1063.2107617129138,988.8179126142205,1732.1653704661544
forecast_7280,2025-10-31 08:00:00,1112.842122706986,975.3830536359812,1693.2187316119926
forecast_7281,2025-10-31 09:00:00,1035.1553401739206,897.3385522206423,1655.3357305639192
forecast_7282,2025-10-31 10:00:00,923.9057978797877,806.0542487521395,1629.295477292355
forecast_7283,2025-10-31 11:00:00,924.9971234544212,797.2276430825978,1617.9367421537295
forecast_7284,2025-10-31 12:00:00,879.2187360098025,833.5552396758738,1587.2913074266376
forecast_7285,2025-10-31 13:00:00,820.4631619817435,799.0399589935258,1581.0895613551586
forecast_7286,2025-10-31 14:00:00,877.6920145313285,924.6859510395378,1612.3210066676586
forecast_7287,2025-10-31 15:00:00,921.8142518903362,849.3229139301628,1654.543296706721
forecast_7288,2025-10-31 16:00:00,1012.1968984235243,1080.5900450315626,1693.215378609365
forecast_7289,2025-10-31 17:00:00,1261.2719448812722,1331.0470745565722,1760.3729574722247
forecast_7290,2025-10-31 18:00:00,1853.0601689945227,1871.2275553472114,2265.7631500526923
forecast_7291,2025-10-31 19:00:00,3212.430141156916,3460.866668411114,2908.466828701822
forecast_7292,2025-10-31 20:00:00,4136.959909283512,4745.47870561294,4264.685528359918
forecast_7293,2025-10-31 21:00:00,6443.6949885615895,6616.9500889287765,6007.147642457237
forecast_7294,2025-10-31 22:00:00,8141.287245345597,8501.73575703879,7461.4952012231
forecast_7295,2025-10-31 23:00:00,9501.164033376797,10245.624644832606,8009.503697351026
forecast_7296,2025-11-01 00:00:00,9973.314028616649,12319.39784991078,8491.569561810305
forecast_7297,2025-11-01 01:00:00,10474.933633250635,12835.291918059236,8498.42525554639
forecast_7298,2025-11-01 02:00:00,10651.970002219987,13792.684523861091,9100.47775552663
forecast_7299,2025-11-01 03:00:00,10482.151340618591,12067.328458985596,9895.018783183128
forecast_7300,2025-11-01 04:00:00,10758.591469023548,11026.081177919777,11052.240676565609
forecast_7301,2025-11-01 05:00:00,11083.79223109553,11472.168134147163,11335.257877050028
forecast_7302,2025-11-01 06:00:00,11801.588886969961,12410.971749255601,11749.286034200673
forecast_7303,2025-11-01 07:00:00,12641.95472212655,13437.082735377197,12127.137659157703
forecast_7304,2025-11-01 08:00:00,13754.9029167247,14217.747065101707,12701.63184015642
forecast_7305,2025-11-01 09:00:00,14240.408210237132,15256.309078699,12554.208671593478
forecast_7306,2025-11-01 10:00:00,14694.939193927192,15429.581080838247,12194.100527406845
forecast_7307,2025-11-01 11:00:00,14966.75930062734,15377.785523624823,11298.857362816529
forecast_7308,2025-11-01 12:00:00,14439.342411628693,15123.617586970882,10009.904587180037
forecast_7309,2025-11-01 13:00:00,14393.229137271504,14033.53306411942,9619.075285500307
forecast_7310,2025-11-01 14:00:00,14053.63475305907,13315.077270826732,8998.280235254586
forecast_7311,2025-11-01 15:00:00,13676.641770266817,12687.184231168041,9055.241315963634
forecast_7312,2025-11-01 16:00:00,13692.885819972274,12407.794897346696,9677.078796966303
forecast_7313,2025-11-01 17:00:00,14080.51121547654,12968.495666455285,10103.206874045016
forecast_7314,2025-11-01 18:00:00,14672.457228918267,13544.878262830547,10801.021118254783
forecast_7315,2025-11-01 19:00:00,15504.121411793118,14362.44760100731,11855.422960231495
forecast_7316,2025-11-01 20:00:00,16032.785900455001,16007.012630713776,13475.658633520461
forecast_7317,2025-11-01 21:00:00,16379.867731199038,16906.34244856001,13412.707791842298
forecast_7318,2025-11-01 22:00:00,15921.857367211587,17111.558764194437,12774.175874554894
forecast_7319,2025-11-01 23:00:00,16277.296881498898,17200.58037618819,13619.352078804932
forecast_7320,2025-11-02 00:00:00,16286.752605820882,16844.480249561668,13959.419099446806
forecast_7321,2025-11-02 01:00:00,16187.021854156741,16582.27382457276,13735.158243242062
forecast_7322,2025-11-02 02:00:00,16074.133314030067,16598.813901317604,13710.320844810753
forecast_7323,2025-11-02 03:00:00,16418.20563565624,15941.848710957043,13610.74894190152
forecast_7324,2025-11-02 04:00:00,16421.74064932893,15353.667162321884,13941.147158247124
forecast_7325,2025-11-02 05:00:00,16764.986114727857,16128.916384767872,13929.312692518766
forecast_7326,2025-11-02 06:00:00,17022.752878685398,17073.07901591568,13996.03816204096
forecast_7327,2025-11-02 07:00:00,17153.00400174712,17735.650338876585,15067.906073129965
forecast_7328,2025-11-02 08:00:00,17592.362867333064,18383.444575659996,15701.1762706199
forecast_7329,2025-11-02 09:00:00,17477.659920126644,18375.35894111442,15697.347245175648
forecast_7330,2025-11-02 10:00:00,17465.979880208746,18553.798822494486,15744.94264368172
forecast_7331,2025-11-02 11:00:00,17195.262598611385,18096.98675693405,15344.862040283855
forecast_7332,2025-11-02 12:00:00,16665.60045665159,17840.828048531246,13987.087695178197
forecast_7333,2025-11-02 13:00:00,15914.131525733867,16154.199182623952,12639.5426867546
forecast_7334,2025-11-02 14:00:00,15199.989372954771,15861.309896419338,11228.41172397041
forecast_7335,2025-11-02 15:00:00,15169.362954482222,15177.516120075159,10844.100391171465
forecast_7336,2025-11-02 16:00:00,14572.725362191497,14267.29527220559,10132.097211718563
forecast_7337,2025-11-02 17:00:00,14199.585806856678,14011.241977526,9470.928493465743
forecast_7338,2025-11-02 18:00:00,13743.557866666592,12944.100410572404,9205.845058401414
forecast_7339,2025-11-02 19:00:00,13711.010050037146,12174.67561574813,9658.62793110947
forecast_7340,2025-11-02 20:00:00,12260.071651004206,10770.193667663842,8852.827112961051
forecast_7341,2025-11-02 21:00:00,10221.950225128785,9769.80464499601,7330.080270337222
forecast_7342,2025-11-02 22:00:00,8929.378256318576,9163.473399211302,7241.051220159905
forecast_7343,2025-11-02 23:00:00,7986.831402879354,7496.672530602869,7149.919045129074
forecast_7344,2025-11-03 00:00:00,7268.633894517229,6663.138418283686,6853.075431309427
forecast_7345,2025-11-03 01:00:00,6408.303138468672,4663.509852080872,6579.084545963861
forecast_7346,2025-11-03 02:00:00,4727.717874045012,3575.2086272659835,5797.642191048978
forecast_7347,2025-11-03 03:00:00,3549.966497711374,2483.0653056420406,4769.560338246878
forecast_7348,2025-11-03 04:00:00,2480.9670115585395,1739.4183180165917,4061.788278717485
forecast_7349,2025-11-03 05:00:00,2282.6771248952955,1599.6982234001348,3635.7987475707096
forecast_7350,2025-11-03 06:00:00,2736.8540033089785,2893.445502739407,3841.0087118879997
forecast_7351,2025-11-03 07:00:00,3555.8747269692713,3351.5713200719188,4236.067501004425
forecast_7352,2025-11-03 08:00:00,2819.600824443428,3539.3901590224477,4368.193162587637
forecast_7353,2025-11-03 09:00:00,1879.5193792941923,2731.16655009234,3920.674205514768
forecast_7354,2025-11-03 10:00:00,1417.2847622010963,1849.657243804315,2749.296733593571
forecast_7355,2025-11-03 11:00:00,1057.6784279761678,1107.5871213453033,2132.3958192448517
forecast_7356,2025-11-03 12:00:00,861.8157156206742,868.5318706643952,1886.5435965578354
forecast_7357,2025-11-03 13:00:00,774.4573990258202,859.0511671532474,1760.874621196391
forecast_7358,2025-11-03 14:00:00,775.1468957793481,806.2489979866098,1719.8778088354957
forecast_7359,2025-11-03 15:00:00,807.3982149243562,832.4839347537954,1689.1967390895336
forecast_7360,2025-11-03 16:00:00,905.8174666206127,921.4258966062519,1725.0255965114086
forecast_7361,2025-11-03 17:00:00,1048.0583082510407,1072.541258528058,1762.329008008071
forecast_7362,2025-11-03 18:00:00,1546.3963179965413,1393.7373247816586,1852.2809382074106
forecast_7363,2025-11-03 19:00:00,2172.9530850097017,2080.1921146868985,2073.147539397861
forecast_7364,2025-11-03 20:00:00,2957.704832582259,3292.724992018392,2547.162642347803
forecast_7365,2025-11-03 21:00:00,4422.261185337874,4897.424462523242,3578.647157990955
forecast_7366,2025-11-03 22:00:00,6217.737497592358,6394.542719441826,4721.220351008846
forecast_7367,2025-11-03 23:00:00,7890.643987152017,7253.6719344284575,5789.283036683348
forecast_7368,2025-11-04 00:00:00,8509.036824445593,8346.910961869802,7503.995870446065
forecast_7369,2025-11-04 01:00:00,10308.389800578714,10584.887292099178,7135.605072475323
forecast_7370,2025-11-04 02:00:00,10712.62512309241,11350.205221327542,7727.36788896595
forecast_7371,2025-11-04 03:00:00,11225.779900387924,13104.508422405599,7940.414298341183
forecast_7372,2025-11-04 04:00:00,11974.579586073323,13994.47373394124,8209.359326078891
forecast_7373,2025-11-04 05:00:00,12787.629468572724,14228.708426679948,8640.383872928447
forecast_7374,2025-11-04 06:00:00,13268.74727086727,15771.209012987209,9786.994557909644
forecast_7375,2025-11-04 07:00:00,13812.513003717568,16587.468503165648,10194.476295783656
forecast_7376,2025-11-04 08:00:00,14136.457182149705,16585.402982261185,12339.737481617944
forecast_7377,2025-11-04 09:00:00,12917.24037173131,16222.688208773761,12599.340766441117
forecast_7378,2025-11-04 10:00:00,11972.671784765402,14262.034348894831,11103.777037450905
forecast_7379,2025-11-04 11:00:00,11321.168086700369,13378.132820241532,10783.179469388138
forecast_7380,2025-11-04 12:00:00,10563.293408985872,11469.832009853177,9668.219991286725
forecast_7381,2025-11-04 13:00:00,10240.693494432766,10317.72744669257,8510.482264745378
forecast_7382,2025-11-04 14:00:00,9629.84045964728,9198.292547977548,8056.807795001939
forecast_7383,2025-11-04 15:00:00,9547.874552394951,10105.374872980427,7626.593294369081
forecast_7384,2025-11-04 16:00:00,10238.585183097683,9216.437937975836,7784.283116915224
forecast_7385,2025-11-04 17:00:00,10494.31492747042,10412.760784396212,8301.378915994328
forecast_7386,2025-11-04 18:00:00,10514.046921946787,11575.033435648787,7962.7300564084635
forecast_7387,2025-11-04 19:00:00,11341.082492005404,13017.06809959782,8396.811168657256
forecast_7388,2025-11-04 20:00:00,11542.164196247944,12816.054586723441,8475.058542468974
forecast_7389,2025-11-04 21:00:00,10502.21123033816,11597.682299007229,7905.898617673232
forecast_7390,2025-11-04 22:00:00,9991.269380075864,10436.21001061986,7741.4426237915695
forecast_7391,2025-11-04 23:00:00,8195.731030602888,8859.18258796214,6736.269372068716
forecast_7392,2025-11-05 00:00:00,6894.239578286908,7409.484195500266,5987.572168909248
forecast_7393,2025-11-05 01:00:00,6619.594537968842,7322.65573183421,5653.012110480373
forecast_7394,2025-11-05 02:00:00,5606.169954207484,5487.832942401765,4535.518170169997
forecast_7395,2025-11-05 03:00:00,4048.289378424397,2937.327976112514,3172.6818487503215
forecast_7396,2025-11-05 04:00:00,2261.126481872395,2020.2950100105193,2325.6033399036423
forecast_7397,2025-11-05 05:00:00,1653.3737757779222,1557.5489407540233,2027.0301864083845
forecast_7398,2025-11-05 06:00:00,1255.5422272854169,1334.5976888139119,1882.6024819077863
forecast_7399,2025-11-05 07:00:00,1068.3064042625106,1107.7102084381038,1799.3531482337346
forecast_7400,2025-11-05 08:00:00,989.5922540540095,896.2467357139241,1749.2917097926586
forecast_7401,2025-11-05 09:00:00,986.6652290179762,833.0948387125932,1683.341148269221
forecast_7402,2025-11-05 10:00:00,909.0855079394935,757.9067390997367,1623.5839461207836
forecast_7403,2025-11-05 11:00:00,854.7520732394739,757.8162041612975,1572.4796980739086
forecast_7404,2025-11-05 12:00:00,833.8650817039291,772.9928321302489,1561.545982253596
forecast_7405,2025-11-05 13:00:00,853.0581092599081,790.1948416092652,1565.8866804957836
forecast_7406,2025-11-05 14:00:00,860.7578378892198,736.8964113646639,1588.837730300471
forecast_7407,2025-11-05 15:00:00,886.5586816206359,758.7788814946314,1611.027671706721
forecast_7408,2025-11-05 16:00:00,933.7905681861503,730.4059350174264,1670.3156355739086
forecast_7409,2025-11-05 17:00:00,1007.1121158232521,798.8179270363308,1713.9731062770336
forecast_7410,2025-11-05 18:00:00,1058.4009085047005,837.9470681354929,1739.047691237971
forecast_7411,2025-11-05 19:00:00,1066.2400991565073,876.9870815322942,1766.4593516872844
forecast_7412,2025-11-05 20:00:00,1134.1588460252724,968.6353521779173,1803.7298839190364
forecast_7413,2025-11-05 21:00:00,1159.102427300555,1048.1990766416354,1834.3181900192378
forecast_7414,2025-11-05 22:00:00,1189.8585611356077,1107.3586840260514,1918.612683966956
forecast_7415,2025-11-05 23:00:00,1350.540935371537,1265.9894761260202,2008.9459516985503
forecast_7416,2025-11-06 00:00:00,1796.6226265444498,1535.8041389811128,2340.7602193919893
forecast_7417,2025-11-06 01:00:00,2510.7809301979973,2403.8563113335313,2854.2764057907693
forecast_7418,2025-11-06 02:00:00,3227.9484571337125,3209.0383052692873,3723.1924392620313
forecast_7419,2025-11-06 03:00:00,4312.118043938026,4004.1066425115246,4265.116122222982
forecast_7420,2025-11-06 04:00:00,4830.953490252966,4616.547565164996,4866.472675420294
forecast_7421,2025-11-06 05:00:00,5053.051405572149,5013.6240258526595,5131.572279813885
forecast_7422,2025-11-06 06:00:00,5498.965415831442,5380.594601001454,5301.757505729644
forecast_7423,2025-11-06 07:00:00,5044.960423562823,4972.807501770323,5041.745696348303
forecast_7424,2025-11-06 08:00:00,4113.894395302948,3589.202716446754,3201.051281313956
forecast_7425,2025-11-06 09:00:00,2138.1564518399105,1995.4646911943992,2120.041459972526
forecast_7426,2025-11-06 10:00:00,1280.841635059779,1254.1746776962746,1828.3152104346661
forecast_7427,2025-11-06 11:00:00,857.7897643102275,942.7069187173956,1672.201011550471
forecast_7428,2025-11-06 12:00:00,798.819385352137,808.8030008570951,1580.6674422145336
forecast_7429,2025-11-06 13:00:00,790.7435336648208,728.2266458766263,1591.7409285426586
forecast_7430,2025-11-06 14:00:00,796.7225375710708,711.2664407985013,1632.1818230863669
forecast_7431,2025-11-06 15:00:00,852.2275853613063,735.0360928247022,1649.166101493987
forecast_7432,2025-11-06 16:00:00,915.3638347715564,743.0704031678885,1698.2151472251514
forecast_7433,2025-11-06 17:00:00,1014.0605345530923,845.176371562897,1759.8002722672845
forecast_7434,2025-11-06 18:00:00,1045.3785771963112,909.587451696053,1812.653532801276
forecast_7435,2025-11-06 19:00:00,1014.2953709742825,974.4468282252279,1842.3930398276157
forecast_7436,2025-11-06 20:00:00,1025.563126544437,985.3077838303927,1830.590679491999
forecast_7437,2025-11-06 21:00:00,1007.9704913719428,1004.6442539448242,1784.790527315572
forecast_7438,2025-11-06 22:00:00,980.6117319560549,939.3595406703491,1799.905940226929
forecast_7439,2025-11-06 23:00:00,1013.5476850308112,979.7131233221339,1805.2893561763042
forecast_7440,2025-11-07 00:00:00,1037.6803017547618,1081.8032951992948,1817.6640304211253
forecast_7441,2025-11-07 01:00:00,1216.4560833956355,1433.4303787329604,1888.3238508357397
forecast_7442,2025-11-07 02:00:00,1625.9646573242433,1573.798839298265,2177.236760375551
forecast_7443,2025-11-07 03:00:00,2139.3705843330326,1772.6177832451358,2396.8728385009663
forecast_7444,2025-11-07 04:00:00,2465.476456321008,2599.6710270738367,2576.1573491748654
forecast_7445,2025-11-07 05:00:00,2329.5071957536693,2823.899139636706,3260.8433033683273
forecast_7446,2025-11-07 06:00:00,1872.8170289761683,1934.2538441274974,2849.3194597667753
forecast_7447,2025-11-07 07:00:00,1404.1076509483407,1324.518345046571,2277.50491007224
forecast_7448,2025-11-07 08:00:00,1121.3546464938204,1105.0976699950888,1944.8425834462132
forecast_7449,2025-11-07 09:00:00,903.8152582947131,920.4489169768615,1729.9790923310572
forecast_7450,2025-11-07 10:00:00,856.678564754065,866.552445265524,1575.3554844836701
forecast_7451,2025-11-07 11:00:00,798.225410564581,785.7606866527395,1533.7487410426586
forecast_7452,2025-11-07 12:00:00,792.1230688465222,736.1942026858642,1525.0598963583373
forecast_7453,2025-11-07 13:00:00,810.4583701966355,766.4515891519197,1572.9713546908881
forecast_7454,2025-11-07 14:00:00,892.7686473693949,882.5997419785626,1675.510125923558
forecast_7455,2025-11-07 15:00:00,1084.1214826835526,1139.8735509700684,1829.472515685966
forecast_7456,2025-11-07 16:00:00,1633.221467641688,1692.8122536188862,2012.9211222751046
forecast_7457,2025-11-07 17:00:00,2191.6778937481013,2697.7498481072053,2182.146450538357
forecast_7458,2025-11-07 18:00:00,2992.6081260025417,3046.144547412423,2295.6202192783167
forecast_7459,2025-11-07 19:00:00,3505.9309095180656,3478.238957473835,2716.647171162708
forecast_7460,2025-11-07 20:00:00,3658.7597418911932,3448.7618834397563,2827.0039020409104
forecast_7461,2025-11-07 21:00:00,3384.051247400035,3317.8685649697522,3011.0469360247525
forecast_7462,2025-11-07 22:00:00,3040.4302446461525,3210.8092690675066,2821.1401394862805
forecast_7463,2025-11-07 23:00:00,2807.0707930966723,2835.2131252127597,2685.5835357035826
forecast_7464,2025-11-08 00:00:00,2749.8167160533585,2822.274481827976,2634.355049365047
forecast_7465,2025-11-08 01:00:00,3449.873457697606,3017.636628523141,2432.0210803596574
forecast_7466,2025-11-08 02:00:00,3608.2750950275677,3065.7723401492985,2307.7653016537815
forecast_7467,2025-11-08 03:00:00,3318.2023427476124,2658.6573478121554,2272.337357413589
forecast_7468,2025-11-08 04:00:00,3027.1011531167096,2733.8584952512665,2267.922985855483
forecast_7469,2025-11-08 05:00:00,3146.0043365099414,2816.294420621909,2366.631637698636
forecast_7470,2025-11-08 06:00:00,3220.196307648645,2928.369145346158,2369.6389809416696
forecast_7471,2025-11-08 07:00:00,2590.7742186417836,2559.833667256956,2251.02980764142
forecast_7472,2025-11-08 08:00:00,2184.4711671435152,1786.9911104180132,2089.960670999834
forecast_7473,2025-11-08 09:00:00,2052.531763164022,1445.0312251017963,1957.5172332772138
forecast_7474,2025-11-08 10:00:00,1797.0942797143782,1262.028001386141,1867.734348140517
forecast_7475,2025-11-08 11:00:00,1504.6250431375142,1317.8151083101552,1887.644742101656
forecast_7476,2025-11-08 12:00:00,1536.9392559995808,1702.2753372682748,1938.6172952140491
forecast_7477,2025-11-08 13:00:00,1663.6345609661503,1842.6041387966616,2116.022923590281
forecast_7478,2025-11-08 14:00:00,1808.965994394032,1682.8804376571672,2133.3527203960703
forecast_7479,2025-11-08 15:00:00,2376.363679603852,2085.8913924312455,2288.624516758461
forecast_7480,2025-11-08 16:00:00,2937.2035832493048,3143.7927925973345,2685.1480292487377
forecast_7481,2025-11-08 17:00:00,3644.2780989339144,4307.817223030825,2687.633058353391
forecast_7482,2025-11-08 18:00:00,4394.783151160398,5533.5504826336455,3223.5775367200818
forecast_7483,2025-11-08 19:00:00,4984.993847566285,6701.8668903271855,3670.895934794032
forecast_7484,2025-11-08 20:00:00,5628.783670887857,7414.183793577201,5024.942666054127
forecast_7485,2025-11-08 21:00:00,6774.481668725107,7727.272216397266,5053.67807504584
forecast_7486,2025-11-08 22:00:00,7292.568863054916,8028.479240459506,5686.651621520699
forecast_7487,2025-11-08 23:00:00,8307.007381462608,8167.058220584164,6591.667286415807
forecast_7488,2025-11-09 00:00:00,7803.587180632921,8727.136895674328,7257.405782317102
forecast_7489,2025-11-09 01:00:00,7857.838718430763,8601.327953542808,6801.829377883628
forecast_7490,2025-11-09 02:00:00,8767.56501804612,9660.655597707359,7253.391815011871
forecast_7491,2025-11-09 03:00:00,10079.168274845824,11264.336240616418,7749.587229429672
forecast_7492,2025-11-09 04:00:00,10854.751154772708,12047.521717123673,8206.039010143975
forecast_7493,2025-11-09 05:00:00,11959.356786679717,13691.985152412091,8592.414119000925
forecast_7494,2025-11-09 06:00:00,13587.100180170442,14291.049232514055,9917.835915512562
forecast_7495,2025-11-09 07:00:00,14158.260974073975,15178.41428508704,10804.038045517562
forecast_7496,2025-11-09 08:00:00,13838.805719688784,15024.890626693248,11177.31415874587
forecast_7497,2025-11-09 09:00:00,13647.069791639538,14151.222159614821,9737.115315076746
forecast_7498,2025-11-09 10:00:00,13177.607954175715,12826.663745949532,9904.647108295238
forecast_7499,2025-11-09 11:00:00,12180.789954628855,11405.864401761206,8400.461026585494
forecast_7500,2025-11-09 12:00:00,11098.553279653783,10181.806962182198,7675.198245110598
forecast_7501,2025-11-09 13:00:00,10997.225165423308,9380.487316520836,8806.825412714072
forecast_7502,2025-11-09 14:00:00,11481.652682880484,10075.266081450474,8108.234372694194
forecast_7503,2025-11-09 15:00:00,12464.469752301153,10580.012267950427,8270.706735320546
forecast_7504,2025-11-09 16:00:00,13210.13319418297,12051.114567629496,9185.492829450757
forecast_7505,2025-11-09 17:00:00,14088.194133106615,13504.1616853524,9967.391159525687
forecast_7506,2025-11-09 18:00:00,14486.37955966013,14664.80516707291,11641.847469627604
forecast_7507,2025-11-09 19:00:00,15825.211076772797,16069.529695540008,13384.802200034992
forecast_7508,2025-11-09 20:00:00,16622.586435549223,16825.13832918422,14413.354390552475
forecast_7509,2025-11-09 21:00:00,16486.041678946414,17038.872001159227,14331.903585412758
forecast_7510,2025-11-09 22:00:00,16027.56058649427,15979.420364080426,13832.956235995835
forecast_7511,2025-11-09 23:00:00,14841.958568289903,15201.957220429753,11703.432010624585
forecast_7512,2025-11-10 00:00:00,14552.492379812575,14609.069730607853,10389.108250777892
forecast_7513,2025-11-10 01:00:00,14214.886596588653,13509.720649114903,10708.097420339305
forecast_7514,2025-11-10 02:00:00,13924.469803520575,13318.820258780508,9553.26018656799
forecast_7515,2025-11-10 03:00:00,13958.590477821213,12878.424640553416,8872.918729703008
forecast_7516,2025-11-10 04:00:00,14188.343489724932,13326.352739604825,9522.932221328374
forecast_7517,2025-11-10 05:00:00,15121.103454762575,14558.814414470513,10722.400389133763
forecast_7518,2025-11-10 06:00:00,15699.873689415204,15029.97343742933,12526.468692397293
forecast_7519,2025-11-10 07:00:00,16001.85432061819,15064.436046134724,13423.680679788291
forecast_7520,2025-11-10 08:00:00,15124.051011918651,14751.831404137307,13459.214341857472
forecast_7521,2025-11-10 09:00:00,14399.885209425049,14822.438750777135,13520.009380241805
forecast_7522,2025-11-10 10:00:00,13003.696658215707,14528.69642182827,13078.106651528287
forecast_7523,2025-11-10 11:00:00,11822.966443986756,12569.700726020132,9877.153439461366
forecast_7524,2025-11-10 12:00:00,10358.319551131994,9370.810516622181,7821.948095136392
forecast_7525,2025-11-10 13:00:00,8498.874888136232,7823.820172592211,6403.051562361355
forecast_7526,2025-11-10 14:00:00,7426.734917757248,7069.36608298737,5617.901859424426
forecast_7527,2025-11-10 15:00:00,7103.772167544811,7117.0386318742685,5844.096024121278
forecast_7528,2025-11-10 16:00:00,7504.134149306348,7989.817275931392,7191.67667549638
forecast_7529,2025-11-10 17:00:00,9745.970297082375,9842.907937803215,7919.207384195733
forecast_7530,2025-11-10 18:00:00,12148.479188690682,11892.149572875156,9531.455929978274
forecast_7531,2025-11-10 19:00:00,14111.910199369544,14685.080780364082,11693.841636519095
forecast_7532,2025-11-10 20:00:00,16585.008346830495,16714.44886452723,12622.683937414904
forecast_7533,2025-11-10 21:00:00,18201.71351970328,18352.239739497672,13622.128896464033
forecast_7534,2025-11-10 22:00:00,18876.908539735938,19196.289080809278,14783.156094151882
forecast_7535,2025-11-10 23:00:00,19037.259117390087,19458.38347526285,15437.52450930745
forecast_7536,2025-11-11 00:00:00,19230.836853133595,19429.403386590435,15626.45697570186
forecast_7537,2025-11-11 01:00:00,19189.544158671284,19233.4437464244,15663.579029022058
forecast_7538,2025-11-11 02:00:00,18805.419537290378,18482.710366824445,13579.896813692325
forecast_7539,2025-11-11 03:00:00,17285.434391063718,16983.15408171702,11459.17649859497
forecast_7540,2025-11-11 04:00:00,15485.22318700045,16221.760136467512,10200.343766704726
forecast_7541,2025-11-11 05:00:00,11994.193224848694,12728.424178082338,7832.480156576125
forecast_7542,2025-11-11 06:00:00,9407.463152237782,8972.35205146634,5910.487891438652
forecast_7543,2025-11-11 07:00:00,6921.16781300062,5712.303189445676,4874.148246014115
forecast_7544,2025-11-11 08:00:00,6021.417032229802,4221.378181960229,3692.1693195824528
forecast_7545,2025-11-11 09:00:00,4498.208297430155,3143.091182458494,2815.4047044934805
forecast_7546,2025-11-11 10:00:00,2928.500078267014,1865.25920172804,2298.384302045616
forecast_7547,2025-11-11 11:00:00,2226.3135255166394,1577.0615089596304,2154.3631593804184
forecast_7548,2025-11-11 12:00:00,1935.9333575544576,1362.9753071260902,2096.3590848605877
forecast_7549,2025-11-11 13:00:00,1671.1743802666738,1087.270746826333,2036.4182363707923
forecast_7550,2025-11-11 14:00:00,1648.3445075049372,999.4830858841993,1965.3557465370645
forecast_7551,2025-11-11 15:00:00,1473.0845799827798,905.1877158872188,1914.117571685486
forecast_7552,2025-11-11 16:00:00,1308.9843678142056,856.9860695147369,1809.4550680249872
forecast_7553,2025-11-11 17:00:00,1362.587444532976,1004.9307943972459,1807.2438883559078
forecast_7554,2025-11-11 18:00:00,1354.9846878173364,1110.6287586473175,1835.1213211740142
forecast_7555,2025-11-11 19:00:00,1246.5449903367444,1169.4848051673648,1773.903962310347
forecast_7556,2025-11-11 20:00:00,1253.3007843207083,1145.7810960142751,1778.3562136277324
forecast_7557,2025-11-11 21:00:00,1374.7487115614224,1236.0166973845312,1800.030245325131
forecast_7558,2025-11-11 22:00:00,1415.65093733488,1400.582055777232,1813.941057059502
forecast_7559,2025-11-11 23:00:00,1558.4841736886137,1450.4983201878524,1834.3730772951537
forecast_7560,2025-11-12 00:00:00,1708.4299847888067,1448.141007406976,1911.69323135716
forecast_7561,2025-11-12 01:00:00,1741.169704837665,1494.441122372268,1961.6387423547371
forecast_7562,2025-11-12 02:00:00,1760.5138650200277,1618.7290094815232,2046.119229953846
forecast_7563,2025-11-12 03:00:00,1963.7484331195965,2094.7261708678134,2163.156698097149
forecast_7564,2025-11-12 04:00:00,2066.201654067835,2451.566650352855,2329.309887381747
forecast_7565,2025-11-12 05:00:00,2362.691373037336,3362.6182118020993,2509.737127939122
forecast_7566,2025-11-12 06:00:00,3100.3065646269624,4665.8505361449625,2814.6179427442116
forecast_7567,2025-11-12 07:00:00,3833.5800596978142,5811.64704559245,3800.9490550460782
forecast_7568,2025-11-12 08:00:00,4441.331509274747,6487.780446207506,4082.809247809486
forecast_7569,2025-11-12 09:00:00,5184.852200415761,6312.2767898895145,3936.2340556227446
forecast_7570,2025-11-12 10:00:00,4072.1102371311777,4657.027781012199,3315.1837312750476
forecast_7571,2025-11-12 11:00:00,3813.154861729541,3464.439177238802,3589.504848803187
forecast_7572,2025-11-12 12:00:00,4039.498630027954,3619.867058003359,4312.665380669443
forecast_7573,2025-11-12 13:00:00,4678.30932446175,4177.476052321988,4702.079796789098
forecast_7574,2025-11-12 14:00:00,5120.012954018022,5107.3066454433565,5318.798308477029
forecast_7575,2025-11-12 15:00:00,5631.37343698238,6152.646533738576,5605.2034180089395
forecast_7576,2025-11-12 16:00:00,6599.698926406466,7542.780500803539,6483.499401953784
forecast_7577,2025-11-12 17:00:00,8938.57916960922,11090.387011509876,8444.349778745573
forecast_7578,2025-11-12 18:00:00,11684.699132978789,13747.738210628871,10515.064049425211
forecast_7579,2025-11-12 19:00:00,14524.646579745424,15525.282538995385,12064.09340249912
forecast_7580,2025-11-12 20:00:00,16096.927934861154,17134.41766976196,13726.83344439019
forecast_7581,2025-11-12 21:00:00,17563.992267888498,17981.43891224444,15203.943396677247
forecast_7582,2025-11-12 22:00:00,18350.309402153027,18724.095745683397,16026.824563552267
forecast_7583,2025-11-12 23:00:00,18984.912727908344,19106.61785803409,17210.6190068344
forecast_7584,2025-11-13 00:00:00,19907.432846613374,19594.544314632643,17657.539063653065
forecast_7585,2025-11-13 01:00:00,19912.31238596789,19372.323631595842,17475.344061036907
forecast_7586,2025-11-13 02:00:00,19729.988526619585,19622.086322472347,18001.776643265483
forecast_7587,2025-11-13 03:00:00,19750.058586066698,19769.030032115843,18194.79871425155
forecast_7588,2025-11-13 04:00:00,19235.222576674278,19971.085000871535,17879.401473561156
forecast_7589,2025-11-13 05:00:00,18890.303851287164,19317.35899295188,16946.803384358092
forecast_7590,2025-11-13 06:00:00,18740.456810877135,18414.448757940037,16455.50265809181
forecast_7591,2025-11-13 07:00:00,18102.993859987633,17507.39286555491,15625.027822211821
forecast_7592,2025-11-13 08:00:00,16591.74178925617,15883.468121423399,14004.380957776351
forecast_7593,2025-11-13 09:00:00,14489.451449303968,14108.197771741705,11358.771662092482
forecast_7594,2025-11-13 10:00:00,10433.481814598086,10845.556292939473,9160.570655421407
forecast_7595,2025-11-13 11:00:00,8133.943908749371,8395.317387327535,7432.442861609235
forecast_7596,2025-11-13 12:00:00,6733.7783307060245,7082.577082773079,5810.425933832073
forecast_7597,2025-11-13 13:00:00,5841.917299993557,5760.667686331455,4276.948876667843
forecast_7598,2025-11-13 14:00:00,5192.667927699501,4672.045242695929,3331.8447253493878
forecast_7599,2025-11-13 15:00:00,4571.756724929834,4216.056562235786,2746.5821787211025
forecast_7600,2025-11-13 16:00:00,4761.389088556458,4223.810431932652,2544.99036964023
forecast_7601,2025-11-13 17:00:00,5650.169648402285,5110.747693797031,3041.2579217417065
forecast_7602,2025-11-13 18:00:00,6775.795573973248,6980.74858357899,4267.184873299315
forecast_7603,2025-11-13 19:00:00,7040.896819161083,7648.022898696471,4702.636753062373
forecast_7604,2025-11-13 20:00:00,7109.5806171466975,7347.014094368677,4990.33294700016
forecast_7605,2025-11-13 21:00:00,7387.930165137752,7460.109324512106,5734.7409437719925
forecast_7606,2025-11-13 22:00:00,7486.365757323375,7166.18661575819,6242.218215326344
forecast_7607,2025-11-13 23:00:00,7476.071778709362,8046.239108588322,6831.282153124587
forecast_7608,2025-11-14 00:00:00,6880.195954308997,7630.317048424097,6216.292493452662
forecast_7609,2025-11-14 01:00:00,4383.117756052368,4989.003546620925,4546.69949320094
forecast_7610,2025-11-14 02:00:00,3053.594039322503,3754.058079693049,3757.292135262712
forecast_7611,2025-11-14 03:00:00,3036.580253218931,3543.305984094353,3584.4899262102563
forecast_7612,2025-11-14 04:00:00,2831.557586528724,3623.5908348914645,3544.019691130583
forecast_7613,2025-11-14 05:00:00,2908.624660063754,3694.259054589937,3614.032885808935
forecast_7614,2025-11-14 06:00:00,2986.352748487241,3478.128054580833,3722.6919329426382
forecast_7615,2025-11-14 07:00:00,3377.7373500449303,3114.87593846838,3756.4970692390116
forecast_7616,2025-11-14 08:00:00,3635.498385690342,3577.479361783966,3760.7146355317714
forecast_7617,2025-11-14 09:00:00,3797.5231729738553,3828.3859621117035,3614.6460292842003
forecast_7618,2025-11-14 10:00:00,3842.0535085608535,3399.066082253095,3436.920825667594
forecast_7619,2025-11-14 11:00:00,3785.6529968790187,3135.790234942977,3057.7331512365718
forecast_7620,2025-11-14 12:00:00,4003.7185782029237,3385.3674710290225,3362.3888595461035
forecast_7621,2025-11-14 13:00:00,4267.518624375034,3671.8904176470405,3490.572099248853
forecast_7622,2025-11-14 14:00:00,4840.068273367235,3658.1046355879344,3604.2119090507613
forecast_7623,2025-11-14 15:00:00,5126.88824474829,4181.202233501153,3901.0017695701163
forecast_7624,2025-11-14 16:00:00,5921.352687501984,5359.293576612488,4719.747578138653
forecast_7625,2025-11-14 17:00:00,7047.651383041313,7033.168642574346,5599.0118560151295
forecast_7626,2025-11-14 18:00:00,8008.211387537139,8240.540597689633,6740.54264546541
forecast_7627,2025-11-14 19:00:00,8907.034708088482,9493.603108069648,7508.386543434297
forecast_7628,2025-11-14 20:00:00,9808.813018563938,9782.375579814747,7347.3058282239435
forecast_7629,2025-11-14 21:00:00,9555.383628222695,9685.840649939013,7073.839054873851
forecast_7630,2025-11-14 22:00:00,9920.255927901348,10174.254806003955,7198.696321022933
forecast_7631,2025-11-14 23:00:00,9358.593072463762,9756.224301445649,7013.520606952367
forecast_7632,2025-11-15 00:00:00,8115.704627910964,8289.168010737474,5818.840500788463
forecast_7633,2025-11-15 01:00:00,7297.959126567757,6362.331994539913,4974.381745977616
forecast_7634,2025-11-15 02:00:00,6114.990339363294,5276.486985232497,4021.8387214391905
forecast_7635,2025-11-15 03:00:00,6266.068134628775,4954.889592149302,3740.606704254049
forecast_7636,2025-11-15 04:00:00,6170.069372962024,5174.129366308784,3682.2614220385603
forecast_7637,2025-11-15 05:00:00,6248.94471379916,5807.721574742059,3574.9129319430135
forecast_7638,2025-11-15 06:00:00,5058.057139177237,4963.419743107019,3140.6255377345515
forecast_7639,2025-11-15 07:00:00,4376.967158361997,3290.2154267436495,2858.0054999314034
forecast_7640,2025-11-15 08:00:00,3957.6825238603947,2841.11067754368,2398.0499248897368
forecast_7641,2025-11-15 09:00:00,2765.6160662436523,1798.9660561555766,2003.5278758778659
forecast_7642,2025-11-15 10:00:00,1566.4184665152766,1143.259300474908,1836.1877173205576
forecast_7643,2025-11-15 11:00:00,1077.6325631657733,899.725688383598,1751.8543014580257
forecast_7644,2025-11-15 12:00:00,1006.3033440316146,819.8202545438025,1702.9978706613663
forecast_7645,2025-11-15 13:00:00,948.2849234495678,749.911963282871,1660.8499794218783
forecast_7646,2025-11-15 14:00:00,982.6854795167192,795.5209511931175,1691.1124467795614
forecast_7647,2025-11-15 15:00:00,1186.0747801142068,968.0075428997582,1826.1175504740177
forecast_7648,2025-11-15 16:00:00,1837.948395528089,1604.1923997321446,2158.1046761277903
forecast_7649,2025-11-15 17:00:00,3228.381844520457,3014.298601252346,2873.7216666032045
forecast_7650,2025-11-15 18:00:00,5180.186548531783,5070.411576448834,4244.7556393694185
forecast_7651,2025-11-15 19:00:00,6085.413358397475,6533.114946600383,5119.478397881668
forecast_7652,2025-11-15 20:00:00,6372.607537243529,7312.87581890507,5647.804686491982
forecast_7653,2025-11-15 21:00:00,6872.484638601449,8401.11765668956,6629.573350688071
forecast_7654,2025-11-15 22:00:00,7378.8796159993335,9160.773124769683,7170.2527289039335
forecast_7655,2025-11-15 23:00:00,7758.157695879968,9951.921110481078,6719.199853373583
forecast_7656,2025-11-16 00:00:00,8526.24501100561,10585.308326352028,6739.34784758472
forecast_7657,2025-11-16 01:00:00,9543.170843113503,8200.05010340472,6681.758953870531
forecast_7658,2025-11-16 02:00:00,9555.3651762848,7714.790947950708,6352.954304131798
forecast_7659,2025-11-16 03:00:00,9842.664301190624,8642.485998605058,6905.919481462606
forecast_7660,2025-11-16 04:00:00,10998.96702565791,10262.312858498739,7197.721782889749
forecast_7661,2025-11-16 05:00:00,11947.195246573563,11953.20659702615,7264.385902515783
forecast_7662,2025-11-16 06:00:00,11624.879533998697,13433.798702168075,7452.41219262475
forecast_7663,2025-11-16 07:00:00,11979.83678076786,13333.025143956842,7861.606792803605
forecast_7664,2025-11-16 08:00:00,11583.556343413704,13135.380847717704,8514.986753226996
forecast_7665,2025-11-16 09:00:00,10806.079911155488,13835.231089761237,9032.321200952047
forecast_7666,2025-11-16 10:00:00,10556.781337419921,12793.115330086232,10516.588097510525
forecast_7667,2025-11-16 11:00:00,9742.79873555082,12337.717516655332,10962.494259305311
forecast_7668,2025-11-16 12:00:00,9959.830934789536,11691.67261470236,11376.71190043384
forecast_7669,2025-11-16 13:00:00,10643.605982881065,11720.569550633587,11696.490055961218
forecast_7670,2025-11-16 14:00:00,11392.862660089419,11932.645111190077,11681.47473107366
forecast_7671,2025-11-16 15:00:00,12778.61493188005,12981.339997123012,12551.593921020833
forecast_7672,2025-11-16 16:00:00,15111.483922462774,16265.268340857318,15083.18593882574
forecast_7673,2025-11-16 17:00:00,17394.393630700903,18415.3021655896,17025.810794204146
forecast_7674,2025-11-16 18:00:00,18579.59818463976,19334.29559531482,17975.367587726985
forecast_7675,2025-11-16 19:00:00,18735.899797313214,19804.257207227325,18590.06805284472
forecast_7676,2025-11-16 20:00:00,19075.02018340033,19958.119078311942,19011.615895568022
forecast_7677,2025-11-16 21:00:00,19394.360848472068,20008.26069762369,19050.655487806027
forecast_7678,2025-11-16 22:00:00,19332.533300089024,19975.101247756276,18923.81895635327
forecast_7679,2025-11-16 23:00:00,19100.395499252267,19723.11216346654,18763.341335718105
forecast_7680,2025-11-17 00:00:00,19073.539754023328,19629.936078204755,18651.26879823444
forecast_7681,2025-11-17 01:00:00,18962.08380435982,19655.624835664115,18713.46550395064
forecast_7682,2025-11-17 02:00:00,19547.94716008568,19711.260272951324,18638.5084513419
forecast_7683,2025-11-17 03:00:00,19389.918260474013,19787.657274651232,18282.478219263794
forecast_7684,2025-11-17 04:00:00,19504.98157831261,19906.98451480506,18614.979172177158
forecast_7685,2025-11-17 05:00:00,19536.337227213517,19969.130215981197,18646.64229897933
forecast_7686,2025-11-17 06:00:00,19509.835095784343,19966.74532793385,18717.98068697101
forecast_7687,2025-11-17 07:00:00,19838.24102818258,20020.521508619153,18615.681422082416
forecast_7688,2025-11-17 08:00:00,19858.28114795533,19791.012107370934,18527.017918745307
forecast_7689,2025-11-17 09:00:00,18603.704729141085,18738.302403884532,17731.989432837447
forecast_7690,2025-11-17 10:00:00,16331.968739641155,17734.45169782771,16060.675937768883
forecast_7691,2025-11-17 11:00:00,15058.127635194009,16473.246662302365,14392.397127666582
forecast_7692,2025-11-17 12:00:00,14056.4983427801,14780.35240464709,12067.900627788575
forecast_7693,2025-11-17 13:00:00,13184.30575882588,12843.637687485721,10872.96543038738
forecast_7694,2025-11-17 14:00:00,12573.786200355742,11481.687857798765,10257.590196438288
forecast_7695,2025-11-17 15:00:00,12719.83790724896,11340.276827551628,9803.436209319421
forecast_7696,2025-11-17 16:00:00,12937.312279036694,11689.702087020045,10919.148428000295
forecast_7697,2025-11-17 17:00:00,13221.39924973111,12461.138335525793,12143.738576018539
forecast_7698,2025-11-17 18:00:00,13406.15812120648,13740.295168500326,12381.006607326297
forecast_7699,2025-11-17 19:00:00,12992.212181855784,14511.174680550817,12551.603625296792
forecast_7700,2025-11-17 20:00:00,13288.445921328042,14950.467728200087,12924.136048883713
forecast_7701,2025-11-17 21:00:00,13474.515202304015,15506.257284959005,13888.418796566557
forecast_7702,2025-11-17 22:00:00,14731.527841593195,16834.398503635413,15126.973246375239
forecast_7703,2025-11-17 23:00:00,14928.849899032948,17340.937605386276,15354.540731236617
forecast_7704,2025-11-18 00:00:00,14877.064387232265,16577.326663807296,14847.932425595385
forecast_7705,2025-11-18 01:00:00,14458.936371338428,16984.313015147447,14393.938959840449
forecast_7706,2025-11-18 02:00:00,14344.94957022037,18163.62369273608,15463.093889626729
forecast_7707,2025-11-18 03:00:00,14396.416203929108,18545.046760958518,15616.880826868997
forecast_7708,2025-11-18 04:00:00,14796.790407302122,18154.74028974431,16051.11862916399
forecast_7709,2025-11-18 05:00:00,15049.443308447722,18651.887260682837,16302.140666469828
forecast_7710,2025-11-18 06:00:00,16190.032641103306,19597.156266364225,17086.558307462998
forecast_7711,2025-11-18 07:00:00,16598.917691786624,19812.625797522363,17322.4024964687
forecast_7712,2025-11-18 08:00:00,16220.852518369451,19052.259359085347,16979.50145048903
forecast_7713,2025-11-18 09:00:00,15326.558953915175,17568.827548233865,15456.718943013311
forecast_7714,2025-11-18 10:00:00,14491.634922958925,16196.57766682732,13326.55970626159
forecast_7715,2025-11-18 11:00:00,13543.525526011386,14489.646872593561,11387.106428664705
forecast_7716,2025-11-18 12:00:00,13376.354452874455,13488.340998570382,9726.79832854139
forecast_7717,2025-11-18 13:00:00,12805.218489126108,12456.412030813517,8605.110589131713
forecast_7718,2025-11-18 14:00:00,12107.883396751737,10815.883636036015,7867.801089113026
forecast_7719,2025-11-18 15:00:00,11033.123316979483,9008.63837915801,7017.08566015767
forecast_7720,2025-11-18 16:00:00,9957.572890844178,8237.710084997849,6725.579721826865
forecast_7721,2025-11-18 17:00:00,9409.474626699623,7933.926270070761,6210.032787638943
forecast_7722,2025-11-18 18:00:00,8963.25930218929,8788.380643814962,6188.208684904046
forecast_7723,2025-11-18 19:00:00,8612.884272416251,9604.33232064265,6289.524626227502
forecast_7724,2025-11-18 20:00:00,8685.316390323787,10362.930416416217,6732.289437429283
forecast_7725,2025-11-18 21:00:00,9149.576901224984,11497.813427197529,6396.188777730855
forecast_7726,2025-11-18 22:00:00,9523.7731318998,11841.853231997251,6707.846080194604
forecast_7727,2025-11-18 23:00:00,9855.373192704334,12363.558910436832,6559.196515975771
forecast_7728,2025-11-19 00:00:00,10151.9524537765,11211.825552908871,6985.365404161533
forecast_7729,2025-11-19 01:00:00,10723.299977505576,11656.254301417626,8206.424984279898
forecast_7730,2025-11-19 02:00:00,10987.789646054776,11982.667560504311,7913.575357494085
forecast_7731,2025-11-19 03:00:00,10350.19755844227,11506.30955678215,7527.8776526725605
forecast_7732,2025-11-19 04:00:00,8682.510927759993,7805.31354252923,6503.699154076587
forecast_7733,2025-11-19 05:00:00,6333.442341149342,5480.414009417696,5933.034581407335
forecast_7734,2025-11-19 06:00:00,4767.663744538431,3703.926381939149,4699.609219032434
forecast_7735,2025-11-19 07:00:00,3652.6269756032457,2754.9324208740286,3669.8019190173927
forecast_7736,2025-11-19 08:00:00,2679.4441909621655,2034.765195977961,2752.864035821679
forecast_7737,2025-11-19 09:00:00,1727.8625558577291,1269.5673351490732,2346.520690026462
forecast_7738,2025-11-19 10:00:00,1033.3272970616433,929.4170293617003,2017.254818969864
forecast_7739,2025-11-19 11:00:00,862.059648894887,967.8835772157408,1902.1450943832565
forecast_7740,2025-11-19 12:00:00,860.2896549016182,950.9467419206827,1868.7837215829218
forecast_7741,2025-11-19 13:00:00,921.5791253185068,1019.58692386272,1915.5279024222539
forecast_7742,2025-11-19 14:00:00,1248.1699114876712,1277.7824179455872,2169.1003534699166
forecast_7743,2025-11-19 15:00:00,2021.1067296711642,1903.9375118214919,3075.7783410932298
forecast_7744,2025-11-19 16:00:00,3540.1639056066247,3399.059149068504,4276.782392736315
forecast_7745,2025-11-19 17:00:00,6624.121889681506,4900.292826567719,6250.682038739858
forecast_7746,2025-11-19 18:00:00,8350.181830722033,6796.103535572404,7948.686342330225
forecast_7747,2025-11-19 19:00:00,11028.630463018268,10432.991975983432,10740.022619860516
forecast_7748,2025-11-19 20:00:00,14506.73778456722,13382.029997882932,11968.809515991832
forecast_7749,2025-11-19 21:00:00,17405.939400333766,16056.151055158743,12921.397481649503
forecast_7750,2025-11-19 22:00:00,19173.644603747292,17839.36439485998,14895.01255799093
forecast_7751,2025-11-19 23:00:00,19990.39373498636,18954.688418156707,15730.773976896544
forecast_7752,2025-11-20 00:00:00,20402.744180000704,19674.38735322244,16582.526665236866
forecast_7753,2025-11-20 01:00:00,20232.403630690562,19633.221130821206,17724.53352386172
forecast_7754,2025-11-20 02:00:00,20312.137573199227,20004.95272609246,18130.307174100475
forecast_7755,2025-11-20 03:00:00,20513.875120223114,20380.31446256936,18289.790798357506
forecast_7756,2025-11-20 04:00:00,20350.23023395266,20243.198737595718,18315.477073345963
forecast_7757,2025-11-20 05:00:00,20009.643372441213,20104.052564007812,18160.89255427372
forecast_7758,2025-11-20 06:00:00,19753.429697743104,20122.73585108541,18007.322357109508
forecast_7759,2025-11-20 07:00:00,19256.928015729387,19934.932980773734,18154.139181278697
forecast_7760,2025-11-20 08:00:00,18723.35046200162,19656.615710799873,18118.12149629753
forecast_7761,2025-11-20 09:00:00,18425.42222146369,19553.98827563847,18093.653460767004
forecast_7762,2025-11-20 10:00:00,18155.43573900358,19059.081488698266,18178.645157939798
forecast_7763,2025-11-20 11:00:00,18425.04603708263,19434.77516296124,18133.233185627665
forecast_7764,2025-11-20 12:00:00,18812.008893022674,19518.584668106778,18227.20406776753
forecast_7765,2025-11-20 13:00:00,19037.542155254807,19371.797638257805,18310.583913297618
forecast_7766,2025-11-20 14:00:00,19239.5338845644,19362.575700765083,18264.765425275786
forecast_7767,2025-11-20 15:00:00,19129.35040730914,19439.988246446184,18410.722581250215
forecast_7768,2025-11-20 16:00:00,19238.965719539097,19418.13387378282,18693.481943546467
forecast_7769,2025-11-20 17:00:00,19409.716461062613,19342.065725531727,18793.82842097312
forecast_7770,2025-11-20 18:00:00,19700.426824107024,19381.37687380489,18878.77900167391
forecast_7771,2025-11-20 19:00:00,19982.642237536384,19480.88865970131,18964.75669819607
forecast_7772,2025-11-20 20:00:00,19794.085148357313,19687.985180796233,18934.552989712636
forecast_7773,2025-11-20 21:00:00,19408.30856863105,19797.144059820515,18895.726863981334
forecast_7774,2025-11-20 22:00:00,18582.919615349376,19563.653023660023,18494.77642440531
forecast_7775,2025-11-20 23:00:00,17809.840126958527,19332.80204834685,18416.704196164814
forecast_7776,2025-11-21 00:00:00,17386.982010252403,18850.59574865867,18350.98613206153
forecast_7777,2025-11-21 01:00:00,17293.019141215012,19371.837548943655,18144.995265590733
forecast_7778,2025-11-21 02:00:00,17582.352049437577,19232.467951653118,17228.024757473337
forecast_7779,2025-11-21 03:00:00,17615.263318755635,19074.39785278774,17014.288210511775
forecast_7780,2025-11-21 04:00:00,16661.331795808444,19059.65602051282,16805.693743687858
forecast_7781,2025-11-21 05:00:00,17066.316263149303,19270.635170559097,16537.237531636427
forecast_7782,2025-11-21 06:00:00,17604.726878644622,19240.64549952444,16713.291131877573
forecast_7783,2025-11-21 07:00:00,18064.64154787564,19431.638652965525,16516.932447528357
forecast_7784,2025-11-21 08:00:00,17866.74745966177,19502.553473944827,16936.218173555215
forecast_7785,2025-11-21 09:00:00,15876.650276171249,18869.635537322,16460.786513176423
forecast_7786,2025-11-21 10:00:00,15063.027541904412,17889.82895882627,16219.220635647433
forecast_7787,2025-11-21 11:00:00,14579.594071236992,17660.016319137103,14997.97862139492
forecast_7788,2025-11-21 12:00:00,15182.416782165303,17180.587499351357,13699.228336395185
forecast_7789,2025-11-21 13:00:00,15968.59714792681,17071.49492267838,13417.290741314213
forecast_7790,2025-11-21 14:00:00,16066.292077995848,17407.668147148313,13169.746281731948
forecast_7791,2025-11-21 15:00:00,16684.573237750927,17870.278324143055,15937.620407828272
forecast_7792,2025-11-21 16:00:00,17201.147459903405,17933.30572665226,16717.931902194032
forecast_7793,2025-11-21 17:00:00,17688.740782307534,18031.82489911158,17127.47284662781
forecast_7794,2025-11-21 18:00:00,17905.7491762427,18479.87784311264,17555.61937432336
forecast_7795,2025-11-21 19:00:00,17785.332066155177,18596.014986143764,17439.496507168973
forecast_7796,2025-11-21 20:00:00,17452.699264083596,18477.99467770939,17161.69820551084
forecast_7797,2025-11-21 21:00:00,17185.069257539144,18364.082501503603,16956.850988577033
forecast_7798,2025-11-21 22:00:00,17717.348411508137,18636.125912732674,17120.282670907436
forecast_7799,2025-11-21 23:00:00,17497.208899910693,18996.396950301027,17515.61998352869
forecast_7800,2025-11-22 00:00:00,18369.739435857206,19104.821434909012,17421.855092883015
forecast_7801,2025-11-22 01:00:00,18392.097128670954,18433.792328805997,16820.848979600516
forecast_7802,2025-11-22 02:00:00,18421.080648299096,18316.11308378806,16671.810921430028
forecast_7803,2025-11-22 03:00:00,18460.94429515708,18384.047499327025,16452.13223753024
forecast_7804,2025-11-22 04:00:00,18496.401466476404,18211.663971801987,16588.4634012656
forecast_7805,2025-11-22 05:00:00,18283.188443598272,18381.491334984217,17031.718143681464
forecast_7806,2025-11-22 06:00:00,18415.40626225007,18986.873469483584,16312.772067611646
forecast_7807,2025-11-22 07:00:00,18460.74040001791,18852.35208118734,15730.961758502288
forecast_7808,2025-11-22 08:00:00,18335.65232681637,18564.223584906482,14787.874130807622
forecast_7809,2025-11-22 09:00:00,17640.91216458115,18517.572510711125,14172.785067433611
forecast_7810,2025-11-22 10:00:00,15017.882567903045,17509.18343243852,13140.988443647379
forecast_7811,2025-11-22 11:00:00,12777.528166501916,16300.496774441432,11554.210975196827
forecast_7812,2025-11-22 12:00:00,11519.545935291702,15180.362546537799,12212.29043669571
forecast_7813,2025-11-22 13:00:00,11533.200625073634,14202.388657187197,11445.793603741637
forecast_7814,2025-11-22 14:00:00,12429.174591092291,13931.781399295282,11746.453544471184
forecast_7815,2025-11-22 15:00:00,13195.061233403529,13994.356940133981,12738.670262754393
forecast_7816,2025-11-22 16:00:00,14756.97918675483,15236.92058282807,14188.38391443894
forecast_7817,2025-11-22 17:00:00,15950.330186634359,17275.246815050217,15462.113614645978
forecast_7818,2025-11-22 18:00:00,17722.740859261467,18391.50641960615,16420.02723691763
forecast_7819,2025-11-22 19:00:00,19243.14105291078,18855.839815413892,17222.286283262176
forecast_7820,2025-11-22 20:00:00,20094.310272414885,19172.334450666345,17357.276537665843
forecast_7821,2025-11-22 21:00:00,20366.746563344488,19798.617248954724,17532.191128158003
forecast_7822,2025-11-22 22:00:00,20589.295670116917,19922.897615031972,17767.81809221854
forecast_7823,2025-11-22 23:00:00,20442.89118965686,19972.491540443625,17985.04744093735
forecast_7824,2025-11-23 00:00:00,20513.477354934257,20136.09065712456,18063.249208725254
forecast_7825,2025-11-23 01:00:00,20495.52420735896,20155.896507093894,18326.051360919068
forecast_7826,2025-11-23 02:00:00,20488.884923127735,20030.668379906405,18372.065349269564
forecast_7827,2025-11-23 03:00:00,20462.939782477548,20265.055597352577,18470.66977597923
forecast_7828,2025-11-23 04:00:00,20416.342469285344,20221.45951412773,18527.986944225915
forecast_7829,2025-11-23 05:00:00,20340.358566737195,20240.821180183084,18236.249507876943
forecast_7830,2025-11-23 06:00:00,20308.088389294222,20082.279189384746,17805.596607116848
forecast_7831,2025-11-23 07:00:00,20263.504550866037,20025.998093572758,18040.228439325023
forecast_7832,2025-11-23 08:00:00,20318.424288119288,19956.66985239371,17789.51131821327
forecast_7833,2025-11-23 09:00:00,20223.334395305214,19542.55520938358,17593.947411007444
forecast_7834,2025-11-23 10:00:00,19733.64234727068,19380.711359906178,16952.78813332927
forecast_7835,2025-11-23 11:00:00,18323.732355783002,19003.74464855336,15519.299632768494
forecast_7836,2025-11-23 12:00:00,17796.82539187684,18551.035425750284,16375.354637887802
forecast_7837,2025-11-23 13:00:00,17042.566920742294,17457.333387533163,15132.930540714206
forecast_7838,2025-11-23 14:00:00,16272.720499515397,16900.207109137664,14538.376820867205
forecast_7839,2025-11-23 15:00:00,16001.14953557758,17013.559193212706,14531.560137096627
forecast_7840,2025-11-23 16:00:00,16388.893653799594,17158.64757099344,14690.872341581131
forecast_7841,2025-11-23 17:00:00,17822.44581208627,17727.290508644783,15766.50733052918
forecast_7842,2025-11-23 18:00:00,18555.83043013483,18684.07965168397,17121.355586879734
forecast_7843,2025-11-23 19:00:00,18994.9380819251,18892.78092204901,17585.253751647564
forecast_7844,2025-11-23 20:00:00,18843.006350603107,18613.19093200349,17233.031271399996
forecast_7845,2025-11-23 21:00:00,18438.13010587177,18337.525697117242,17671.35418736125
forecast_7846,2025-11-23 22:00:00,17998.860711621455,18316.388302950912,17059.483469439707
forecast_7847,2025-11-23 23:00:00,17468.820183046722,17747.663645237917,16583.438594097686
forecast_7848,2025-11-24 00:00:00,15946.881875592837,16914.609623872326,15125.48441775692
forecast_7849,2025-11-24 01:00:00,15830.875155638303,16281.850977622962,13845.158962902444
forecast_7850,2025-11-24 02:00:00,15410.555073999558,15547.455367911252,13185.134225477466
forecast_7851,2025-11-24 03:00:00,14829.579367549852,14841.146439236145,12142.152289845028
forecast_7852,2025-11-24 04:00:00,14154.9110930825,14520.59557998939,11930.503657875326
forecast_7853,2025-11-24 05:00:00,13501.642856728971,14850.893831615145,12327.03157533453
forecast_7854,2025-11-24 06:00:00,13952.217529473002,15235.00413475323,12531.442455363132
forecast_7855,2025-11-24 07:00:00,14366.349438216703,15565.277875578251,13060.967636035424
forecast_7856,2025-11-24 08:00:00,14436.34503478361,14898.866492109832,12463.10205710942
forecast_7857,2025-11-24 09:00:00,12297.928446349633,13626.873823983235,11990.615687626943
forecast_7858,2025-11-24 10:00:00,10865.394510315318,11704.787470422238,9273.641709334974
forecast_7859,2025-11-24 11:00:00,10609.426121104494,11010.463139751864,9175.431806699495
forecast_7860,2025-11-24 12:00:00,11079.947714259832,10709.784605320645,9810.248637509889
forecast_7861,2025-11-24 13:00:00,11521.025314658287,11475.195940922062,10987.203525071161
forecast_7862,2025-11-24 14:00:00,12739.122372187067,13664.375667077693,12039.940596264232
forecast_7863,2025-11-24 15:00:00,12796.875460968173,14367.92370716593,12335.398716517526
forecast_7864,2025-11-24 16:00:00,13207.239445645366,12682.789067124366,11625.525170031011
forecast_7865,2025-11-24 17:00:00,13227.364419293268,12123.12214556408,12108.555616924155
forecast_7866,2025-11-24 18:00:00,13455.955563936754,12383.636841392474,12330.93693496942
forecast_7867,2025-11-24 19:00:00,12901.043141685563,12901.693149556084,11438.139636440588
forecast_7868,2025-11-24 20:00:00,12299.478363631846,13148.050012640742,11289.992828763061
forecast_7869,2025-11-24 21:00:00,12912.182884284617,13189.98724314772,11302.473344524653
forecast_7870,2025-11-24 22:00:00,13645.453687505345,13182.258927919553,11685.977333439052
forecast_7871,2025-11-24 23:00:00,14547.191202982409,13884.121009992594,12233.697448995395
forecast_7872,2025-11-25 00:00:00,15011.550212158687,14480.550502877395,13205.280986553165
forecast_7873,2025-11-25 01:00:00,15429.555677611164,15348.726362861964,13069.480215173027
forecast_7874,2025-11-25 02:00:00,14120.766729091754,13837.08303699866,12540.87466223131
forecast_7875,2025-11-25 03:00:00,14072.974729847854,13849.029258926992,12317.301217445118
forecast_7876,2025-11-25 04:00:00,14100.39629509343,14761.983940133938,11894.918534419474
forecast_7877,2025-11-25 05:00:00,14254.064742732819,15241.258352166828,12256.891267786008
forecast_7878,2025-11-25 06:00:00,14107.340775499608,14932.097587468419,11028.569118068073
forecast_7879,2025-11-25 07:00:00,13683.073783922522,15073.74157572654,10217.985093857536
forecast_7880,2025-11-25 08:00:00,12975.439199880464,14284.64482823024,10558.733813600675
forecast_7881,2025-11-25 09:00:00,11063.359814897352,12996.043317865713,8907.12790650169
forecast_7882,2025-11-25 10:00:00,10209.104592425745,11598.87354170549,7872.317361988982
forecast_7883,2025-11-25 11:00:00,10334.493089570591,9592.598071668259,7558.84616902354
forecast_7884,2025-11-25 12:00:00,9850.560902474677,10231.727692643206,7596.207003259266
forecast_7885,2025-11-25 13:00:00,9966.162678412999,8456.919923881884,8119.674370162041
forecast_7886,2025-11-25 14:00:00,10647.291988475274,8576.156846849364,8607.216065173265
forecast_7887,2025-11-25 15:00:00,10818.29099342999,9309.380543440191,9063.296757927303
forecast_7888,2025-11-25 16:00:00,11371.972593502229,10877.298860329427,11678.650911801988
forecast_7889,2025-11-25 17:00:00,11795.533889859036,11691.56955913365,12337.598687968819
forecast_7890,2025-11-25 18:00:00,11609.463906151817,10737.54321296381,11197.172265146566
forecast_7891,2025-11-25 19:00:00,11224.740847558907,9727.583056433812,9443.047554892411
forecast_7892,2025-11-25 20:00:00,9565.0392682759,8070.23979308505,7714.502161689913
forecast_7893,2025-11-25 21:00:00,7663.709513612292,6076.857238278695,6688.123911127082
forecast_7894,2025-11-25 22:00:00,6582.010501039405,4689.034901379728,5967.310657798741
forecast_7895,2025-11-25 23:00:00,5083.629853405981,4450.757278131759,5412.294562482886
forecast_7896,2025-11-26 00:00:00,4125.216047570191,3749.12994592715,4678.000895569322
forecast_7897,2025-11-26 01:00:00,3648.2332338723113,3530.1724876535195,3997.4041315080767
forecast_7898,2025-11-26 02:00:00,2981.0906249657123,3250.147022657354,3367.8509388565126
forecast_7899,2025-11-26 03:00:00,2417.164365995063,2697.288022355384,3195.548946164089
forecast_7900,2025-11-26 04:00:00,2314.286088042001,2351.788915968961,2836.582675966197
forecast_7901,2025-11-26 05:00:00,2181.3905298343466,2529.6857843068346,2730.2519985635026
forecast_7902,2025-11-26 06:00:00,2705.4671195480196,2954.5930672218005,3252.4179406491967
forecast_7903,2025-11-26 07:00:00,3629.8833135023438,3816.3392317119155,4033.5050553757737
forecast_7904,2025-11-26 08:00:00,3711.4363542587257,3626.0349179394516,3951.498916767221
forecast_7905,2025-11-26 09:00:00,3638.648302479387,3721.2352942198822,3630.2820725226197
forecast_7906,2025-11-26 10:00:00,3559.234274036197,3348.796798689434,3422.086076516147
forecast_7907,2025-11-26 11:00:00,3476.731369211378,3260.588206663445,3143.193806184857
forecast_7908,2025-11-26 12:00:00,3527.606656414194,3330.6905628627637,3295.8433351082667
forecast_7909,2025-11-26 13:00:00,3632.5254412286004,3510.346399843787,3604.6859260474207
forecast_7910,2025-11-26 14:00:00,4474.45533065519,4416.708356735986,4537.958403912789
forecast_7911,2025-11-26 15:00:00,5052.617722373625,5556.0136549848685,5493.6789246807275
forecast_7912,2025-11-26 16:00:00,6853.735549446908,7162.620206977682,6738.770196652005
forecast_7913,2025-11-26 17:00:00,8808.886253680303,9338.357402644571,7425.002525127213
forecast_7914,2025-11-26 18:00:00,11420.40927619662,11055.896061129228,9019.516376776055
forecast_7915,2025-11-26 19:00:00,12850.472186683886,12627.112362002816,9748.738978036174
forecast_7916,2025-11-26 20:00:00,14384.81259355391,14200.454748775372,10640.780257088667
forecast_7917,2025-11-26 21:00:00,15652.365338530402,16034.970268292433,11321.505202176711
forecast_7918,2025-11-26 22:00:00,16060.348764385668,16584.821416294268,12505.631948296184
forecast_7919,2025-11-26 23:00:00,16153.913831274027,16144.679954067962,11748.113090044146
forecast_7920,2025-11-27 00:00:00,16821.581053144106,15982.782273474617,13507.78361118039
forecast_7921,2025-11-27 01:00:00,17211.714798498608,17643.822434306432,13791.514846159122
forecast_7922,2025-11-27 02:00:00,16811.931776102872,17716.23320409687,13867.140042200936
forecast_7923,2025-11-27 03:00:00,17116.5189154878,17673.704720718906,13437.790329204407
forecast_7924,2025-11-27 04:00:00,17250.796394837154,17258.737045779264,14517.752097288258
forecast_7925,2025-11-27 05:00:00,16886.168658481947,17852.39002439221,14481.67547798452
forecast_7926,2025-11-27 06:00:00,16799.263918372453,17937.697537512642,14091.447079752232
forecast_7927,2025-11-27 07:00:00,14670.490464951858,17859.42330517213,14233.953584639406
forecast_7928,2025-11-27 08:00:00,14048.32482625236,17740.81150405957,13597.597533659595
forecast_7929,2025-11-27 09:00:00,13769.948190718304,17654.43255414732,14513.990893487835
forecast_7930,2025-11-27 10:00:00,13057.748030647168,17545.777824119534,13991.235898640516
forecast_7931,2025-11-27 11:00:00,13920.27231687729,18167.061984045133,16297.178236155942
forecast_7932,2025-11-27 12:00:00,14147.276935436952,18351.27212474592,16201.845335817432
forecast_7933,2025-11-27 13:00:00,14947.487937786704,18935.581986201723,17002.51869026391
forecast_7934,2025-11-27 14:00:00,16501.358605399742,19321.13684523045,17261.608705433173
forecast_7935,2025-11-27 15:00:00,17541.571783361505,19126.185908683285,16773.44044389253
forecast_7936,2025-11-27 16:00:00,17871.10114108942,18738.785721882727,17275.202869869914
forecast_7937,2025-11-27 17:00:00,18231.728292920125,18969.261686022644,16832.456672989567
forecast_7938,2025-11-27 18:00:00,18582.662876511313,19038.428654030722,17320.872935052234
forecast_7939,2025-11-27 19:00:00,18715.571282430054,18931.681619276867,17002.831132678188
forecast_7940,2025-11-27 20:00:00,18837.42399397245,18646.621123931145,16635.163117230724
forecast_7941,2025-11-27 21:00:00,18784.66011917863,18422.20680787357,16712.679245858017
forecast_7942,2025-11-27 22:00:00,17962.684889090975,18075.62670470385,16516.987879839522
forecast_7943,2025-11-27 23:00:00,17751.73370757339,17908.514397514162,16957.603950234683
forecast_7944,2025-11-28 00:00:00,17919.216219914477,18211.469701798465,17346.457883408475
forecast_7945,2025-11-28 01:00:00,18054.34936970913,18201.020240329206,17592.265571888125
forecast_7946,2025-11-28 02:00:00,17650.37170628358,18406.00354759428,17772.053081794482
forecast_7947,2025-11-28 03:00:00,17376.602418153892,18909.069745195826,17737.102744802407
forecast_7948,2025-11-28 04:00:00,17324.31432736783,18560.832235170034,17279.0803536582
forecast_7949,2025-11-28 05:00:00,17185.686668978924,18012.773344300316,16872.015407623097
forecast_7950,2025-11-28 06:00:00,17169.956856938763,18290.935543502164,15503.021094526388
forecast_7951,2025-11-28 07:00:00,17131.352719478065,18517.89252396884,12731.666550349883
forecast_7952,2025-11-28 08:00:00,17111.374488350135,18122.510014658306,11549.148115184078
forecast_7953,2025-11-28 09:00:00,15401.927670337167,16588.694970365512,9662.62008390967
forecast_7954,2025-11-28 10:00:00,11384.627220679238,12783.903492200494,8362.706110035042
forecast_7955,2025-11-28 11:00:00,9732.978268813327,10051.623703498193,7524.43593785277
forecast_7956,2025-11-28 12:00:00,8542.081127143909,8085.520770041955,6993.526750020152
forecast_7957,2025-11-28 13:00:00,7811.447684927449,6560.122414947962,6143.857651425087
forecast_7958,2025-11-28 14:00:00,7589.994938326834,7019.929752598204,5742.554464786261
forecast_7959,2025-11-28 15:00:00,7120.863751671053,6172.017471403,5364.516279703221
forecast_7960,2025-11-28 16:00:00,6895.041343135686,6177.917421309393,5334.059697155847
forecast_7961,2025-11-28 17:00:00,7033.753645154298,6694.252420334247,5323.427730984968
forecast_7962,2025-11-28 18:00:00,7489.569386877977,7996.096465428599,5595.510723280059
forecast_7963,2025-11-28 19:00:00,7610.55861858144,7165.20905819614,5710.63336463925
forecast_7964,2025-11-28 20:00:00,6997.6203218140945,6594.737338931704,5656.648840215259
forecast_7965,2025-11-28 21:00:00,6848.065735727945,5130.391537582019,5520.40936090107
forecast_7966,2025-11-28 22:00:00,5890.339957397302,3745.1083766701195,4952.593145263236
forecast_7967,2025-11-28 23:00:00,5343.691042052338,4327.391241341873,4949.423838791647
forecast_7968,2025-11-29 00:00:00,5992.143083196395,5158.574974318703,5408.876630380927
forecast_7969,2025-11-29 01:00:00,7068.630716945754,5432.178840393187,5673.127957438879
forecast_7970,2025-11-29 02:00:00,7577.698873104001,5271.121916814574,5900.707996621865
forecast_7971,2025-11-29 03:00:00,9016.451133377512,6767.549825927358,6633.466729418652
forecast_7972,2025-11-29 04:00:00,10630.337381763813,10897.684157057545,7901.874009446464
forecast_7973,2025-11-29 05:00:00,11640.100702549707,12749.79014134256,9057.00052902533
forecast_7974,2025-11-29 06:00:00,12514.413053865135,14169.978186691704,10486.828646103277
forecast_7975,2025-11-29 07:00:00,13156.197273200434,14432.328006541704,9686.65441958866
forecast_7976,2025-11-29 08:00:00,12702.968159959451,14349.874065092938,9335.049415049662
forecast_7977,2025-11-29 09:00:00,11882.616572759085,14385.743570804538,9004.86176687958
forecast_7978,2025-11-29 10:00:00,10683.318158211128,13343.97064120514,7902.650224232682
forecast_7979,2025-11-29 11:00:00,9710.816135828885,12175.70555808528,7801.864653318129
forecast_7980,2025-11-29 12:00:00,10390.066612389935,11540.499759071638,9240.555918823047
forecast_7981,2025-11-29 13:00:00,11625.934821287356,11946.73659210864,10036.348095698122
forecast_7982,2025-11-29 14:00:00,12811.599335670482,13503.573385549375,12234.142423351994
forecast_7983,2025-11-29 15:00:00,14775.704361213531,14655.23910669832,12893.1122164914
forecast_7984,2025-11-29 16:00:00,16970.30115657756,17408.43292167008,15710.367392358841
forecast_7985,2025-11-29 17:00:00,18454.62490479998,19075.52616622547,17689.54323455266
forecast_7986,2025-11-29 18:00:00,18979.71186845429,19397.18927517142,18506.662048470644
forecast_7987,2025-11-29 19:00:00,19332.030477111453,19609.191184389332,19039.143556895004
forecast_7988,2025-11-29 20:00:00,19663.232473292548,19576.402317397362,19257.200684776075
forecast_7989,2025-11-29 21:00:00,19944.916697280845,19574.441087471296,19293.822587816205
forecast_7990,2025-11-29 22:00:00,20026.484990914847,19520.740383466935,19211.608658802306
forecast_7991,2025-11-29 23:00:00,20023.337128483116,19574.54198159312,19187.451435521798
forecast_7992,2025-11-30 00:00:00,20083.189736413042,19480.71999620567,19158.37837139868
forecast_7993,2025-11-30 01:00:00,19925.193556597806,19502.52621588015,19002.76852091107
forecast_7994,2025-11-30 02:00:00,19746.86421544999,19441.297779926186,18865.467287602893
forecast_7995,2025-11-30 03:00:00,19492.80529270174,19029.094659787355,18433.6012778433
forecast_7996,2025-11-30 04:00:00,18745.714457386406,18211.84596243139,17579.2024701416
forecast_7997,2025-11-30 05:00:00,18125.536378615063,17893.188529998453,17166.20259004809
forecast_7998,2025-11-30 06:00:00,17635.600472886137,17711.314847694717,16252.034613245532
forecast_7999,2025-11-30 07:00:00,17120.138925247855,17393.853274532237,15945.032437750737
forecast_8000,2025-11-30 08:00:00,16853.701988997127,17283.9180245939,16058.036598433873
forecast_8001,2025-11-30 09:00:00,16514.61825437932,16762.363051989447,15075.149270572103
forecast_8002,2025-11-30 10:00:00,16308.283090316845,15669.471271728236,14315.307067212263
forecast_8003,2025-11-30 11:00:00,16113.882741503725,14451.152295168953,12670.283974721095
forecast_8004,2025-11-30 12:00:00,15490.88249466163,13902.296061639632,11140.298215790412
forecast_8005,2025-11-30 13:00:00,14253.549585998904,12868.433473199555,11171.763430914321
forecast_8006,2025-11-30 14:00:00,12767.691479035084,11969.738514365452,11119.739900049199
forecast_8007,2025-11-30 15:00:00,12569.98162036588,12145.644930512668,11198.13351754289
forecast_8008,2025-11-30 16:00:00,12956.125831737696,13137.116590513768,11590.982699715256
forecast_8009,2025-11-30 17:00:00,13804.406791402773,14800.379745989947,11979.151104882538
forecast_8010,2025-11-30 18:00:00,16252.503517661702,17802.502016384657,14875.874449345161
forecast_8011,2025-11-30 19:00:00,18189.826592856436,19368.09450905543,17357.892044326858
forecast_8012,2025-11-30 20:00:00,18623.67360036127,19814.939008275476,18208.5868568132
forecast_8013,2025-11-30 21:00:00,19068.30764697143,20152.52620003933,18644.967346204416
forecast_8014,2025-11-30 22:00:00,19339.30509594367,20197.97724883396,18773.11575717356
forecast_8015,2025-11-30 23:00:00,19379.613919876654,20124.278902769653,18906.271267728865
forecast_8016,2025-12-01 00:00:00,19446.150982288294,20135.00499970845,18951.459784949027
forecast_8017,2025-12-01 01:00:00,19126.37867101009,19925.11659867967,18526.09065706127
forecast_8018,2025-12-01 02:00:00,18910.267115633258,19901.765083236438,18250.60169897515
forecast_8019,2025-12-01 03:00:00,18633.317570614185,19859.05622391063,17889.03341450664
forecast_8020,2025-12-01 04:00:00,18637.678601688753,19906.822437282142,18100.9800567764
forecast_8021,2025-12-01 05:00:00,18669.00320286443,19969.488983371135,18331.056425160532
forecast_8022,2025-12-01 06:00:00,19189.84102006777,19989.13321297014,18794.8897530963
forecast_8023,2025-12-01 07:00:00,19619.50778783647,19899.502714191596,18671.077629075466
forecast_8024,2025-12-01 08:00:00,19478.290321273285,19452.342295416885,18106.9448196316
forecast_8025,2025-12-01 09:00:00,17558.28501027616,18192.802622541145,15553.826282774295
forecast_8026,2025-12-01 10:00:00,14638.926432586426,15698.644404212806,11270.838779321588
forecast_8027,2025-12-01 11:00:00,10713.780056069932,10884.24654157839,8065.8907308996895
forecast_8028,2025-12-01 12:00:00,8221.460920567497,7515.8504491492495,5655.393109679877
forecast_8029,2025-12-01 13:00:00,7303.0316544349225,5936.970105063829,4699.82789007041
forecast_8030,2025-12-01 14:00:00,5955.747081572929,4790.667319480254,4238.268380071046
forecast_8031,2025-12-01 15:00:00,5242.279058995975,3831.9599254949626,3597.742233511132
forecast_8032,2025-12-01 16:00:00,5668.545223369856,4293.795775929625,3388.6077400127724
forecast_8033,2025-12-01 17:00:00,5899.744982935244,5430.806386465151,3797.7384421448596
forecast_8034,2025-12-01 18:00:00,6441.482319903742,5786.116287933071,4288.919722804738
forecast_8035,2025-12-01 19:00:00,7094.311946426989,6771.041355307121,4926.658153593549
forecast_8036,2025-12-01 20:00:00,8005.023481937944,7802.326015962013,5781.510584977879
forecast_8037,2025-12-01 21:00:00,9849.194036403052,9070.669711392715,7006.4728676076575
forecast_8038,2025-12-01 22:00:00,12082.279489616532,11107.541809170765,7618.137441936177
forecast_8039,2025-12-01 23:00:00,14367.761899949615,13510.44175926807,8400.110490348075
forecast_8040,2025-12-02 00:00:00,15889.996811133246,14711.495307587258,9324.120451508876
forecast_8041,2025-12-02 01:00:00,16579.675802378544,16082.059641806378,10660.131955830115
forecast_8042,2025-12-02 02:00:00,18282.832484149047,16884.383365635553,11393.782842641933
forecast_8043,2025-12-02 03:00:00,18692.559527837326,18300.57523587807,14830.984872542218
forecast_8044,2025-12-02 04:00:00,18886.09832631194,18279.660909236052,15025.816426286612
forecast_8045,2025-12-02 05:00:00,18301.248822811995,17639.924802531918,13117.642664403416
forecast_8046,2025-12-02 06:00:00,17426.195237698914,16403.445857770756,11330.29403938977
forecast_8047,2025-12-02 07:00:00,15729.9289909936,15201.048992907246,9775.073334068766
forecast_8048,2025-12-02 08:00:00,13445.811645025886,14139.675145041085,7845.600736082336
forecast_8049,2025-12-02 09:00:00,11742.698735901362,12170.938581313494,6394.207255991048
forecast_8050,2025-12-02 10:00:00,9739.44781092729,9402.027770838082,5341.334153677732
forecast_8051,2025-12-02 11:00:00,8870.042315773513,7288.096906774309,4891.585586899397
forecast_8052,2025-12-02 12:00:00,8648.737441387835,5997.115756164747,5096.757989943188
forecast_8053,2025-12-02 13:00:00,8676.169263766104,5863.347221260759,6181.342448736794
forecast_8054,2025-12-02 14:00:00,9625.534708011422,7268.241778745975,7305.656092512628
forecast_8055,2025-12-02 15:00:00,11490.658495907246,9105.360343549968,8184.073303009518
forecast_8056,2025-12-02 16:00:00,13107.470765593058,11096.742427427567,10307.188947028808
forecast_8057,2025-12-02 17:00:00,14394.738675903865,13910.809396692437,12259.114203106847
forecast_8058,2025-12-02 18:00:00,14883.558087070136,14602.901771496116,13298.698122974567
forecast_8059,2025-12-02 19:00:00,15054.151790649272,15142.321081669777,14389.946386559794
forecast_8060,2025-12-02 20:00:00,15827.931392567252,16277.202380061695,14772.310757197076
forecast_8061,2025-12-02 21:00:00,16275.472154388259,17641.32130682274,16030.187141513827
forecast_8062,2025-12-02 22:00:00,15699.090808716663,17593.31438959368,16142.974427030895
forecast_8063,2025-12-02 23:00:00,15278.586362853861,17671.084818347437,16011.95658991816
forecast_8064,2025-12-03 00:00:00,15459.193042992762,18244.40079866196,16620.940870331695
forecast_8065,2025-12-03 01:00:00,15796.348284129132,18645.1523359168,17081.30206853933
forecast_8066,2025-12-03 02:00:00,16034.758239428256,18696.41807296754,17007.392082833998
forecast_8067,2025-12-03 03:00:00,15727.588432094677,18627.064204500006,17148.860462259618
forecast_8068,2025-12-03 04:00:00,16058.32905265747,18325.85109053751,16755.05754926797
forecast_8069,2025-12-03 05:00:00,15155.487619580292,17803.76224757648,15145.965911372206
forecast_8070,2025-12-03 06:00:00,15050.057540411515,17349.058972025894,14847.606900701641
forecast_8071,2025-12-03 07:00:00,15184.909115482998,17382.744212387428,13860.589974113043
forecast_8072,2025-12-03 08:00:00,15364.97669899222,17473.672444196585,14607.921850249157
forecast_8073,2025-12-03 09:00:00,15939.531703477032,17718.239885367293,15150.10687028348
forecast_8074,2025-12-03 10:00:00,16393.180085451284,18449.814104767378,15207.148342311268
forecast_8075,2025-12-03 11:00:00,16745.960458313486,18937.80730666201,14994.318965622226
forecast_8076,2025-12-03 12:00:00,17255.173382112298,19277.317006309404,14964.830084173145
forecast_8077,2025-12-03 13:00:00,17353.537856377094,19326.990355357128,14925.562272404915
forecast_8078,2025-12-03 14:00:00,17579.13222873825,19258.986273179456,15238.635752215807
forecast_8079,2025-12-03 15:00:00,17651.09591161347,19224.43172761328,15236.92177386206
forecast_8080,2025-12-03 16:00:00,17514.20467337574,19210.663277277225,16118.827979011536
forecast_8081,2025-12-03 17:00:00,17435.00722054011,18709.53431691793,16395.266824769842
forecast_8082,2025-12-03 18:00:00,17121.609289620887,18329.35115794511,16310.881902916228
forecast_8083,2025-12-03 19:00:00,16715.990754382958,18228.636696757338,16433.381800241776
forecast_8084,2025-12-03 20:00:00,16605.38928594011,18777.478968946685,16825.57641392784
forecast_8085,2025-12-03 21:00:00,16310.678885454308,19074.29312508992,16942.49113613571
forecast_8086,2025-12-03 22:00:00,15989.621479903088,19186.04512012023,16453.185952857697
forecast_8087,2025-12-03 23:00:00,16095.750295525835,18735.540578142572,15781.043209952808
forecast_8088,2025-12-04 00:00:00,16628.42124521499,18557.388521942165,16087.849331978565
forecast_8089,2025-12-04 01:00:00,16807.470459440527,19177.905882683677,16277.445804090348
forecast_8090,2025-12-04 02:00:00,17711.634652428962,19625.62963404153,16757.043777008257
forecast_8091,2025-12-04 03:00:00,18565.57231025937,19742.321158415532,16987.679496737317
forecast_8092,2025-12-04 04:00:00,19099.263391152068,19927.66573831458,17192.64523445964
forecast_8093,2025-12-04 05:00:00,19576.769463357014,20052.500663377872,17766.19097090383
forecast_8094,2025-12-04 06:00:00,19733.206146471155,20032.82227184397,18399.455823383265
forecast_8095,2025-12-04 07:00:00,19853.89276821525,20090.78782647962,18333.174458557707
forecast_8096,2025-12-04 08:00:00,19663.442489290694,20161.90774933869,18418.17178206292
forecast_8097,2025-12-04 09:00:00,18170.637450410606,20210.808839850273,18135.945694906593
forecast_8098,2025-12-04 10:00:00,16835.93770091355,19307.30586650336,16744.884618116128
forecast_8099,2025-12-04 11:00:00,15529.755170939317,17006.057774753666,14870.383837063218
forecast_8100,2025-12-04 12:00:00,14313.620536514574,14152.20831616039,11609.987060048723
forecast_8101,2025-12-04 13:00:00,13425.071126629691,12969.386630496923,9719.991527850787
forecast_8102,2025-12-04 14:00:00,12946.307856236803,12819.59042105126,9194.816356471198
forecast_8103,2025-12-04 15:00:00,13068.78288093597,13047.578859731544,9420.4022928938
forecast_8104,2025-12-04 16:00:00,13506.630817484182,12858.545711428958,11502.933950562012
forecast_8105,2025-12-04 17:00:00,14224.674659363725,14183.69944798769,13680.49752451315
forecast_8106,2025-12-04 18:00:00,14635.094566431068,15698.11733841358,14679.364907388763
forecast_8107,2025-12-04 19:00:00,14328.318705078107,16041.48352592742,15252.664013309668
forecast_8108,2025-12-04 20:00:00,15326.979914537967,15926.098734772435,15850.152293686764
forecast_8109,2025-12-04 21:00:00,16381.443543628355,16945.707888027624,16146.81003719589
forecast_8110,2025-12-04 22:00:00,15957.259937312878,17743.539334852016,16095.86347248994
forecast_8111,2025-12-04 23:00:00,15987.989655847512,17444.59851186566,15619.521720810986
forecast_8112,2025-12-05 00:00:00,16212.127744811209,17991.81517086515,15590.820229520456
forecast_8113,2025-12-05 01:00:00,16234.984993159931,17528.263880305076,15367.398914995661
forecast_8114,2025-12-05 02:00:00,16341.136993019483,17950.637573986336,16552.246562119904
forecast_8115,2025-12-05 03:00:00,16141.87365581295,17520.007447254793,16669.249512616087
forecast_8116,2025-12-05 04:00:00,16424.21534396272,17894.137737111814,16546.17372837082
forecast_8117,2025-12-05 05:00:00,15701.000006866456,18300.066828554693,16381.829210335101
forecast_8118,2025-12-05 06:00:00,15579.209103409023,18328.986028931125,16836.565733894982
forecast_8119,2025-12-05 07:00:00,16582.574736626066,18603.9436217513,17106.925924474097
forecast_8120,2025-12-05 08:00:00,17161.89436450673,18867.29024114333,17092.47396357997
forecast_8121,2025-12-05 09:00:00,17475.986744085993,19017.248740525047,16561.93420326375
forecast_8122,2025-12-05 10:00:00,16490.60071326609,18477.527398767,15125.512319427988
forecast_8123,2025-12-05 11:00:00,15129.890288531242,17891.53690881413,14115.899223045288
forecast_8124,2025-12-05 12:00:00,14085.39442737614,17242.093485571437,13445.535887573074
forecast_8125,2025-12-05 13:00:00,13497.999389261337,16527.672607299348,13204.83419291273
forecast_8126,2025-12-05 14:00:00,13829.781547882996,16236.94351084368,13348.583297690962
forecast_8127,2025-12-05 15:00:00,14751.903555477773,16375.57383957771,14278.17148402269
forecast_8128,2025-12-05 16:00:00,15602.034145707195,16195.877007734798,14058.505775216448
forecast_8129,2025-12-05 17:00:00,16924.486532423754,16573.342086275727,14930.376153874677
forecast_8130,2025-12-05 18:00:00,17781.713550617114,17604.25634489068,15301.91085234324
forecast_8131,2025-12-05 19:00:00,18309.575476872265,18230.75997781175,15562.628044720252
forecast_8132,2025-12-05 20:00:00,18644.99078084436,18477.8331655804,15680.294218692521
forecast_8133,2025-12-05 21:00:00,19237.220065397032,19456.467214270957,15845.314020143225
forecast_8134,2025-12-05 22:00:00,19934.743897609478,19714.753541607606,16531.648682865052
forecast_8135,2025-12-05 23:00:00,20216.14386986335,19883.065713154305,17538.43512871598
forecast_8136,2025-12-06 00:00:00,20356.36420665027,19745.95958489522,17606.134721503804
forecast_8137,2025-12-06 01:00:00,20362.893620311253,19878.127472419845,17503.079193812664
forecast_8138,2025-12-06 02:00:00,20582.11707509304,20041.310794172437,17222.851418002636
forecast_8139,2025-12-06 03:00:00,20555.037054238426,20374.532115037844,18049.65695398384
forecast_8140,2025-12-06 04:00:00,20510.783264603746,20258.58926194551,17898.144689163666
forecast_8141,2025-12-06 05:00:00,20453.40972891337,20220.078334511632,17559.477963276142
forecast_8142,2025-12-06 06:00:00,20353.487926239504,20216.431780747465,17552.152500903336
forecast_8143,2025-12-06 07:00:00,20267.546408746835,20173.804011238142,16866.984398942728
forecast_8144,2025-12-06 08:00:00,19849.545058180673,20043.802282585508,16258.596001592632
forecast_8145,2025-12-06 09:00:00,19485.472078738258,19572.628532336606,16299.945577542461
forecast_8146,2025-12-06 10:00:00,17677.869016217155,18670.156564932775,16086.907142818212
forecast_8147,2025-12-06 11:00:00,16493.62298732764,17644.897044467823,16085.87585734367
forecast_8148,2025-12-06 12:00:00,15836.345404597494,16539.574795961562,14711.421812973927
forecast_8149,2025-12-06 13:00:00,16202.479498525527,17164.42153775849,14746.755831997949
forecast_8150,2025-12-06 14:00:00,17569.72967266071,18148.004548301506,16597.777351559722
forecast_8151,2025-12-06 15:00:00,18334.31586482877,18384.543833678203,17433.875477560967
forecast_8152,2025-12-06 16:00:00,18031.618329415338,18612.243283384007,16859.330061427074
forecast_8153,2025-12-06 17:00:00,17327.175118166073,18245.9936202573,16603.545940959528
forecast_8154,2025-12-06 18:00:00,17086.205339458444,17504.942989534007,16476.057890130098
forecast_8155,2025-12-06 19:00:00,17418.525576096392,17793.9983702428,17717.37599622592
forecast_8156,2025-12-06 20:00:00,17724.687193778314,17911.37192875301,17914.05721750787
forecast_8157,2025-12-06 21:00:00,17958.74716699773,18609.10991987963,18330.897663250646
forecast_8158,2025-12-06 22:00:00,18524.361843973595,19069.80069314685,18757.5436333277
forecast_8159,2025-12-06 23:00:00,19002.697919367565,19512.938013030664,19036.0801908916
forecast_8160,2025-12-07 00:00:00,19148.966898989685,19572.454392127664,19038.345573017337
forecast_8161,2025-12-07 01:00:00,18680.32115822593,19085.872427712202,18864.355764129163
forecast_8162,2025-12-07 02:00:00,18414.460133754583,18920.263249002513,18128.150070646378
forecast_8163,2025-12-07 03:00:00,18670.17727723699,18812.338727745264,18762.96393126899
forecast_8164,2025-12-07 04:00:00,19065.708011817238,18991.632336696104,18913.11063614609
forecast_8165,2025-12-07 05:00:00,19145.380610521664,19141.39978276859,18860.70761923002
forecast_8166,2025-12-07 06:00:00,19543.090179156665,19441.969627522587,19003.49511913651
forecast_8167,2025-12-07 07:00:00,19577.204450580073,19786.01089972451,18885.11464543877
forecast_8168,2025-12-07 08:00:00,19620.439760304216,19933.260196843756,18671.442468666708
forecast_8169,2025-12-07 09:00:00,19341.497222934304,19581.3046832569,18561.15229752586
forecast_8170,2025-12-07 10:00:00,18735.169887080985,19157.27734011613,18420.198271446323
forecast_8171,2025-12-07 11:00:00,18285.636468520886,18999.418337339834,18052.320905834327
forecast_8172,2025-12-07 12:00:00,18477.774816934114,19200.578687106674,17929.387452986615
forecast_8173,2025-12-07 13:00:00,17852.635752100075,19186.401002175196,17560.851378614887
forecast_8174,2025-12-07 14:00:00,17864.648380697843,19147.32498738048,17514.04881631954
forecast_8175,2025-12-07 15:00:00,18309.77827727199,19087.00609630456,17760.78490245219
forecast_8176,2025-12-07 16:00:00,18623.99623894839,19303.612774679867,18116.879592509522
forecast_8177,2025-12-07 17:00:00,18746.28871359741,19490.590142464345,18153.448807342284
forecast_8178,2025-12-07 18:00:00,18508.11857894197,19595.93499557676,18086.732675101186
forecast_8179,2025-12-07 19:00:00,18257.491472513295,19496.74097699956,18084.664085847595
forecast_8180,2025-12-07 20:00:00,18190.842957282952,19566.616458471348,17976.22152457456
forecast_8181,2025-12-07 21:00:00,18156.639657945118,19654.0927801739,17892.967373402324
forecast_8182,2025-12-07 22:00:00,18266.956381596767,19747.036721154032,18167.907652027556
forecast_8183,2025-12-07 23:00:00,18410.168662750562,19691.51887127495,17816.753768766997
forecast_8184,2025-12-08 00:00:00,18386.557610930344,19608.559814349494,17601.469444217284
forecast_8185,2025-12-08 01:00:00,18519.791340898126,19643.047859475355,17886.875422341524
forecast_8186,2025-12-08 02:00:00,18013.952641263033,19414.25755251303,17545.494059113433
forecast_8187,2025-12-08 03:00:00,18413.09204251843,19162.174168616933,16744.607015228576
forecast_8188,2025-12-08 04:00:00,18104.518845555773,17336.081428968035,15584.138399953234
forecast_8189,2025-12-08 05:00:00,16282.141346076298,15782.279610481179,13602.8218523983
forecast_8190,2025-12-08 06:00:00,15674.658634096402,15077.36436943153,11845.785963464192
forecast_8191,2025-12-08 07:00:00,14248.072404576875,15165.066465616328,11588.875917256359
forecast_8192,2025-12-08 08:00:00,12676.427435481623,12870.046264264776,9002.46153733613
forecast_8193,2025-12-08 09:00:00,11807.083350590177,10602.758141850114,7611.665648255626
forecast_8194,2025-12-08 10:00:00,9997.166954220227,8855.202480091324,6345.747279224976
forecast_8195,2025-12-08 11:00:00,8526.869371700843,6261.523977593177,5457.345552761424
forecast_8196,2025-12-08 12:00:00,6949.346537731624,5507.137597651836,4773.29288884716
forecast_8197,2025-12-08 13:00:00,6464.747245436515,4783.578300857911,4043.6521409048596
forecast_8198,2025-12-08 14:00:00,6416.108116946086,4272.536621127493,4159.364695180506
forecast_8199,2025-12-08 15:00:00,6476.059080266538,5282.310850748008,4992.744968429879
forecast_8200,2025-12-08 16:00:00,6973.5186296668035,5998.123133346058,5429.759739427003
forecast_8201,2025-12-08 17:00:00,8195.53367804913,7996.98150089995,6773.296363678003
forecast_8202,2025-12-08 18:00:00,10501.81977823499,11418.796965158905,8810.321654658357
forecast_8203,2025-12-08 19:00:00,12583.059546252167,13824.833555725703,10976.148954325543
forecast_8204,2025-12-08 20:00:00,12808.410657776538,14967.723512102448,11565.78638853219
forecast_8205,2025-12-08 21:00:00,13578.450446753946,15859.22911822626,11829.332337990427
forecast_8206,2025-12-08 22:00:00,14278.951538898576,15825.186945539983,11897.957803128327
forecast_8207,2025-12-08 23:00:00,14784.86821037213,16123.762220698896,12226.480211788228
forecast_8208,2025-12-09 00:00:00,15271.174698354265,16766.840751246,12464.492228629226
forecast_8209,2025-12-09 01:00:00,15884.852896553804,17225.695811846344,12397.088220841746
forecast_8210,2025-12-09 02:00:00,15858.627003336775,17361.66300597925,12627.038359839811
forecast_8211,2025-12-09 03:00:00,15695.619735356539,17321.545874062373,13076.63709017545
forecast_8212,2025-12-09 04:00:00,16613.17566443816,17636.10725054054,13009.269370953323
forecast_8213,2025-12-09 05:00:00,17132.169995875873,18167.938442310216,13841.06152102823
forecast_8214,2025-12-09 06:00:00,17527.19049205345,18651.784805458854,14584.539020693266
forecast_8215,2025-12-09 07:00:00,18105.610902837703,19104.900867466957,14918.40904253942
forecast_8216,2025-12-09 08:00:00,18831.949860166766,19434.656150737937,15563.507511102312
forecast_8217,2025-12-09 09:00:00,18423.150782372293,19423.997110330416,15602.967697450491
forecast_8218,2025-12-09 10:00:00,16664.688945175018,18533.691348209148,15132.791536990864
forecast_8219,2025-12-09 11:00:00,15870.181376780376,18047.529023573632,15004.941373994747
forecast_8220,2025-12-09 12:00:00,14710.486448570804,16995.63443131392,14199.143245735835
forecast_8221,2025-12-09 13:00:00,14058.205365318763,15370.357542172957,13288.721863996405
forecast_8222,2025-12-09 14:00:00,14086.75130612818,14776.324008110478,11359.744489948876
forecast_8223,2025-12-09 15:00:00,14085.763214970062,14207.608514805364,10936.9524670865
forecast_8224,2025-12-09 16:00:00,13321.216816899554,13328.759099760315,11293.366086990203
forecast_8225,2025-12-09 17:00:00,13521.082577145808,12744.136751942206,10662.15370969176
forecast_8226,2025-12-09 18:00:00,14802.032112706536,13254.264029041904,11953.408630105932
forecast_8227,2025-12-09 19:00:00,15029.883556081339,14385.889325978711,12185.774507498121
forecast_8228,2025-12-09 20:00:00,14281.12632499996,15667.36411387241,11351.066194921104
forecast_8229,2025-12-09 21:00:00,13328.53272830797,14865.053849590882,11062.046667539395
forecast_8230,2025-12-09 22:00:00,13300.039160292443,14520.294484287058,10990.177375114465
forecast_8231,2025-12-09 23:00:00,12618.300212548387,14184.51515443052,10742.08127567401
forecast_8232,2025-12-10 00:00:00,12895.764839951256,14371.256622734225,10672.694970977238
forecast_8233,2025-12-10 01:00:00,13169.177405483824,15053.390589998804,11165.916213640452
forecast_8234,2025-12-10 02:00:00,13675.395032585062,15533.025029705937,11784.308839983813
forecast_8235,2025-12-10 03:00:00,13886.56160007735,15322.975830583206,13028.500027194288
forecast_8236,2025-12-10 04:00:00,14401.250624081482,15866.637445670869,13227.149370930229
forecast_8237,2025-12-10 05:00:00,14230.548005421611,16434.319451598836,13230.923725720033
forecast_8238,2025-12-10 06:00:00,14526.938626090094,16635.5146921852,12708.723080570831
forecast_8239,2025-12-10 07:00:00,15341.92336814039,16558.27454841527,12970.970733767772
forecast_8240,2025-12-10 08:00:00,15653.744911449792,16733.167602116755,12014.622649851663
forecast_8241,2025-12-10 09:00:00,14893.997787749146,16482.26193659569,11531.624827301222
forecast_8242,2025-12-10 10:00:00,13270.577515545307,15266.31073554893,11031.981336160987
forecast_8243,2025-12-10 11:00:00,12509.491604790512,14688.435446687512,10210.51143216449
forecast_8244,2025-12-10 12:00:00,11214.301454922108,13222.45202224424,9022.549462605504
forecast_8245,2025-12-10 13:00:00,10486.048819164029,12377.058534123968,8227.85252962336
forecast_8246,2025-12-10 14:00:00,9328.551162733802,11695.58839285533,7377.371557741
forecast_8247,2025-12-10 15:00:00,8886.847326196359,9625.042185722308,6520.214242394068
forecast_8248,2025-12-10 16:00:00,8694.523206393187,9063.34323797782,6502.205300512862
forecast_8249,2025-12-10 17:00:00,8716.559330550219,10854.172803604013,6158.631451651085
forecast_8250,2025-12-10 18:00:00,9661.664417570211,11199.170949430754,6085.781629354402
forecast_8251,2025-12-10 19:00:00,10171.859121675438,11649.92828700924,7170.269356630624
forecast_8252,2025-12-10 20:00:00,11066.253254542362,13806.27539240482,7620.247287960503
forecast_8253,2025-12-10 21:00:00,12413.26256737279,14025.821884506739,8862.92116572036
forecast_8254,2025-12-10 22:00:00,13875.270124748557,15218.826228197584,11535.339051157825
forecast_8255,2025-12-10 23:00:00,14318.850867792058,15755.789625904736,11747.99229525216
forecast_8256,2025-12-11 00:00:00,16572.87119480894,17626.21566731522,13835.972315458059
forecast_8257,2025-12-11 01:00:00,18212.125273777616,19139.949755183647,15318.36154044164
forecast_8258,2025-12-11 02:00:00,18665.845343055844,19732.353676050618,16569.541891289264
forecast_8259,2025-12-11 03:00:00,18912.081258737002,19510.28427585843,18279.09345184735
forecast_8260,2025-12-11 04:00:00,19215.415402577586,19675.23009320774,18880.23532838765
forecast_8261,2025-12-11 05:00:00,19304.237519537644,19856.382312272995,18930.893919035734
forecast_8262,2025-12-11 06:00:00,19253.420223847905,19737.517502842333,18916.212280397674
forecast_8263,2025-12-11 07:00:00,19360.087599792932,19621.688531284715,18667.188275731693
forecast_8264,2025-12-11 08:00:00,19024.68133892656,19109.423853794764,18302.40028132625
forecast_8265,2025-12-11 09:00:00,18398.587835668615,18018.960700916803,17563.12470818086
forecast_8266,2025-12-11 10:00:00,17963.45550374203,18281.40625492071,17758.580295898013
forecast_8267,2025-12-11 11:00:00,16947.78735848412,17406.493128007787,17132.65456138039
forecast_8268,2025-12-11 12:00:00,16712.118809885444,16401.780699491166,14234.44616675123
forecast_8269,2025-12-11 13:00:00,15155.636306668797,15869.316478940465,13041.119369132351
forecast_8270,2025-12-11 14:00:00,14613.153633634207,14914.63584156893,11312.926242551595
forecast_8271,2025-12-11 15:00:00,14020.134354510741,14224.21060557878,11145.715704264232
forecast_8272,2025-12-11 16:00:00,13883.820977730338,13157.935110412243,10594.321433172541
forecast_8273,2025-12-11 17:00:00,13921.747988432517,12408.974965532138,10805.202524862074
forecast_8274,2025-12-11 18:00:00,12671.919162277261,11890.12431441957,9767.476880098315
forecast_8275,2025-12-11 19:00:00,11253.580278981308,11358.232651854825,8302.358289296066
forecast_8276,2025-12-11 20:00:00,9501.613570874142,8716.721832015295,6349.718851947148
forecast_8277,2025-12-11 21:00:00,7079.9183397426095,6844.222796561052,5072.953202104893
forecast_8278,2025-12-11 22:00:00,5658.503795052938,4859.01495975547,4506.826616416329
forecast_8279,2025-12-11 23:00:00,4697.019797077687,3699.484173378663,4582.157697162565
forecast_8280,2025-12-12 00:00:00,4213.92836469031,3945.9870661088676,4700.705468258848
forecast_8281,2025-12-12 01:00:00,3089.5285385270245,2943.749227368316,4158.315714831884
forecast_8282,2025-12-12 02:00:00,3214.8121747978603,3431.4669485271447,3838.7437260235874
forecast_8283,2025-12-12 03:00:00,2924.6945037150804,3272.9846206834627,3716.8580683715954
forecast_8284,2025-12-12 04:00:00,2805.302799666568,3122.986813023913,3575.6649240987326
forecast_8285,2025-12-12 05:00:00,2948.2508369968427,3134.0826553086918,3260.463513615414
forecast_8286,2025-12-12 06:00:00,3445.927218981671,3243.736332808396,3369.662110034632
forecast_8287,2025-12-12 07:00:00,3293.8438813091193,3449.3554281440574,3237.537518654083
forecast_8288,2025-12-12 08:00:00,2263.9728398975476,2525.2606824310024,2684.189840938191
forecast_8289,2025-12-12 09:00:00,1872.7104536170518,2314.9557174019446,2283.710293418174
forecast_8290,2025-12-12 10:00:00,1811.4444651396943,2257.125545130548,2124.316315480752
forecast_8291,2025-12-12 11:00:00,1422.611617874632,1283.7711201715729,1987.4279257783405
forecast_8292,2025-12-12 12:00:00,1178.460304665109,1350.586549282887,1800.936289578467
forecast_8293,2025-12-12 13:00:00,1148.6653541210922,1281.8278890960876,1718.568888887631
forecast_8294,2025-12-12 14:00:00,1175.153886975123,1119.7382217931565,1719.160411654314
forecast_8295,2025-12-12 15:00:00,1240.8793815073898,1081.7925741289732,1721.7840848050312
forecast_8296,2025-12-12 16:00:00,1497.0124021361567,1167.746682515124,1743.142589388689
forecast_8297,2025-12-12 17:00:00,1984.5262616453238,1225.7736817486839,1767.8234661426095
forecast_8298,2025-12-12 18:00:00,1944.4837082994936,1583.3925392147082,1746.9371713130888
forecast_8299,2025-12-12 19:00:00,2240.082780963672,1790.1476544536831,1823.5815499767614
forecast_8300,2025-12-12 20:00:00,2198.138237525547,1899.1600389804885,1976.1068906212877
forecast_8301,2025-12-12 21:00:00,2425.1749388835538,2156.7236132411417,2081.761400798777
forecast_8302,2025-12-12 22:00:00,2503.5486262631466,2390.9410831599207,2225.481625364877
forecast_8303,2025-12-12 23:00:00,2870.7194863603763,2361.4271186017704,2388.700996438137
forecast_8304,2025-12-13 00:00:00,3076.6166005743044,2963.990449929873,2688.865138471208
forecast_8305,2025-12-13 01:00:00,3965.1020416633482,3668.2329136527105,3035.547118670529
forecast_8306,2025-12-13 02:00:00,4505.539166812032,4614.7828479302425,3485.297628988466
forecast_8307,2025-12-13 03:00:00,4728.210579051103,5659.873467876292,4423.687328323975
forecast_8308,2025-12-13 04:00:00,5260.375133770855,6394.761918270019,5103.155421293042
forecast_8309,2025-12-13 05:00:00,5431.6981216929125,6712.306179171964,5281.538498693507
forecast_8310,2025-12-13 06:00:00,6021.931142383868,6795.589350748427,5299.7458299880855
forecast_8311,2025-12-13 07:00:00,6213.620998603488,6833.124189903649,5490.106630947404
forecast_8312,2025-12-13 08:00:00,6149.71259534627,6790.75978165867,5680.891024695004
forecast_8313,2025-12-13 09:00:00,5683.920683375152,7103.83396901926,4928.941767205673
forecast_8314,2025-12-13 10:00:00,3801.110276586341,4545.566896732689,3520.0216477298623
forecast_8315,2025-12-13 11:00:00,2426.435028603659,3155.7124161692955,2574.7349296784473
forecast_8316,2025-12-13 12:00:00,1930.0185777488955,1983.080701309053,2206.1857515843794
forecast_8317,2025-12-13 13:00:00,1387.0021445985394,1557.7005775069351,1927.7030368989235
forecast_8318,2025-12-13 14:00:00,1363.5111926243278,1612.3961614763052,1930.5289749320916
forecast_8319,2025-12-13 15:00:00,1493.9655148763914,1968.3295230620133,1910.7540928201993
forecast_8320,2025-12-13 16:00:00,1763.018597318748,1959.4015836162293,1954.8891817865838
forecast_8321,2025-12-13 17:00:00,2279.0638992207696,2132.9698063291903,2159.5582587824165
forecast_8322,2025-12-13 18:00:00,3500.90050396572,3176.396148050803,2726.8306576112172
forecast_8323,2025-12-13 19:00:00,4270.97048428255,4131.365047581259,3558.3265853459634
forecast_8324,2025-12-13 20:00:00,5133.179714394621,4934.422364713805,4641.428336559243
forecast_8325,2025-12-13 21:00:00,6005.672191828804,5836.160219192455,6070.806765981077
forecast_8326,2025-12-13 22:00:00,7545.170678678235,6850.190257048138,7692.360079323897
forecast_8327,2025-12-13 23:00:00,9405.851799446398,8335.639248662948,9787.319782348382
forecast_8328,2025-12-14 00:00:00,11304.808287951579,9713.092450073254,10364.143081346283
forecast_8329,2025-12-14 01:00:00,13669.348732684331,12410.233883454282,10836.215476350531
forecast_8330,2025-12-14 02:00:00,14524.748153279295,14080.809780168074,10693.25650291665
forecast_8331,2025-12-14 03:00:00,15688.523779683132,15245.094697956249,11885.801117622923
forecast_8332,2025-12-14 04:00:00,16301.646064996825,16360.833037594553,14649.5415289036
forecast_8333,2025-12-14 05:00:00,16246.192753122115,16639.29598142717,15233.526393092914
forecast_8334,2025-12-14 06:00:00,16563.186798296705,16907.779051190133,15058.677423305757
forecast_8335,2025-12-14 07:00:00,17089.854301040294,17107.42678660253,15517.028450914167
forecast_8336,2025-12-14 08:00:00,17672.246993124907,17545.549943132,15680.001901538519
forecast_8337,2025-12-14 09:00:00,17399.01499667282,17298.68407220191,15215.050462062427
forecast_8338,2025-12-14 10:00:00,16424.757088359307,16459.55277726402,14648.490620245893
forecast_8339,2025-12-14 11:00:00,15892.369758060431,15627.25888792252,14745.90655854655
forecast_8340,2025-12-14 12:00:00,15095.02225995285,15149.695035679151,14068.175609183083
forecast_8341,2025-12-14 13:00:00,14159.98961284722,14377.096055448268,13284.622078163102
forecast_8342,2025-12-14 14:00:00,13512.964540625251,13231.429626988853,12188.472306949136
forecast_8343,2025-12-14 15:00:00,13561.064298645057,12628.83671485481,12088.17035030618
forecast_8344,2025-12-14 16:00:00,13978.30915808258,13860.424078687118,12012.212054728232
forecast_8345,2025-12-14 17:00:00,14526.180849415197,13959.035739771747,12748.910137160387
forecast_8346,2025-12-14 18:00:00,14901.651427060402,15182.8320931541,13588.524861830863
forecast_8347,2025-12-14 19:00:00,15113.006950991286,16599.3112809623,14848.103777615968
forecast_8348,2025-12-14 20:00:00,16404.36496291188,16685.7436753038,16102.89135798601
forecast_8349,2025-12-14 21:00:00,16846.242780033324,17095.075080312494,16262.319584409423
forecast_8350,2025-12-14 22:00:00,16098.400725920716,17462.57545544567,16856.604906113073
forecast_8351,2025-12-14 23:00:00,16509.19533279895,17892.43475184517,16491.161261487356
forecast_8352,2025-12-15 00:00:00,16725.409652655107,18148.46131332916,16246.008750523988
forecast_8353,2025-12-15 01:00:00,16657.04518815551,18816.40639540412,16651.251757731803
forecast_8354,2025-12-15 02:00:00,18254.72727734466,19127.917154859915,17307.262607409175
forecast_8355,2025-12-15 03:00:00,18632.938916599443,19507.56132574632,17230.80039321829
forecast_8356,2025-12-15 04:00:00,18597.24158068231,19199.232487717385,17275.848193615584
forecast_8357,2025-12-15 05:00:00,18730.586491219226,18378.336076008512,15929.965437460549
forecast_8358,2025-12-15 06:00:00,18593.422853225795,18212.277731227743,15882.629788624916
forecast_8359,2025-12-15 07:00:00,18827.368026271608,18327.86836989609,15563.479516710486
forecast_8360,2025-12-15 08:00:00,18511.86276616087,18804.36688798778,14769.356705620381
forecast_8361,2025-12-15 09:00:00,18010.718001045985,18576.712911392497,14393.892927867457
forecast_8362,2025-12-15 10:00:00,16152.59825431906,17154.81810364993,13764.442643865123
forecast_8363,2025-12-15 11:00:00,15459.84747204056,16544.312530776224,13029.531512866717
forecast_8364,2025-12-15 12:00:00,14115.466997484047,16131.23185809931,11333.397969479302
forecast_8365,2025-12-15 13:00:00,12782.374414086256,15593.506333141137,10565.340798125788
forecast_8366,2025-12-15 14:00:00,13189.107501298477,15559.574581063274,11946.32471610302
forecast_8367,2025-12-15 15:00:00,14816.942298467915,16469.39235005631,12332.32220854222
forecast_8368,2025-12-15 16:00:00,16824.387824299316,17546.451225052006,12940.809648427437
forecast_8369,2025-12-15 17:00:00,18578.512574968696,18952.270293804093,16239.651334284295
forecast_8370,2025-12-15 18:00:00,19228.452371728326,19584.04315184701,17206.205731362614
forecast_8371,2025-12-15 19:00:00,19558.92998887357,19817.536628192487,17845.704962103096
forecast_8372,2025-12-15 20:00:00,19514.4733750492,19579.923831980734,17666.557625527024
forecast_8373,2025-12-15 21:00:00,19176.056520881735,19511.14804866589,17566.362591787838
forecast_8374,2025-12-15 22:00:00,19117.805721877055,19682.06537164616,17061.33444289155
forecast_8375,2025-12-15 23:00:00,18784.466887593386,19466.05947161583,15562.196185298124
forecast_8376,2025-12-16 00:00:00,18275.884439391135,18724.08929614623,14767.102304687307
forecast_8377,2025-12-16 01:00:00,17520.780543470042,17715.600404567966,13802.94494891326
forecast_8378,2025-12-16 02:00:00,16415.368079068063,16327.10165357112,14062.03818531222
forecast_8379,2025-12-16 03:00:00,16155.782206869515,16383.179543347434,13740.613983888225
forecast_8380,2025-12-16 04:00:00,15122.876281096193,16437.575164885362,13555.061027853977
forecast_8381,2025-12-16 05:00:00,14174.182808823576,14911.980793301442,12728.942439249011
forecast_8382,2025-12-16 06:00:00,13493.290859520292,14034.892262895082,12729.512026873927
forecast_8383,2025-12-16 07:00:00,13713.724254450499,13611.53421724194,12423.396992310274
forecast_8384,2025-12-16 08:00:00,13918.232383611119,14268.700816690281,13442.088374184068
forecast_8385,2025-12-16 09:00:00,13458.848412817068,13332.889970714388,11302.923202055123
forecast_8386,2025-12-16 10:00:00,13054.23155372607,12228.7642228182,10544.696298189887
forecast_8387,2025-12-16 11:00:00,12783.057165633889,11322.083539412039,10845.886357370659
forecast_8388,2025-12-16 12:00:00,12621.766309684672,10989.287556862397,10645.48897112276
forecast_8389,2025-12-16 13:00:00,12378.711910592958,10557.72242444212,11361.549078073898
forecast_8390,2025-12-16 14:00:00,11946.487115859398,10111.867632365336,10864.989892445607
forecast_8391,2025-12-16 15:00:00,11722.620163751018,9917.656796219246,9669.203260865734
forecast_8392,2025-12-16 16:00:00,11213.25144449253,10295.039054384917,9457.850855509458
forecast_8393,2025-12-16 17:00:00,11242.853669823398,10403.331020129692,10073.744375009403
forecast_8394,2025-12-16 18:00:00,10652.574963499275,10607.359285731945,11599.801331116565
forecast_8395,2025-12-16 19:00:00,10822.594104955668,11193.685409655514,11979.058084739116
forecast_8396,2025-12-16 20:00:00,11176.048046159134,11786.479615683336,9777.454093812637
forecast_8397,2025-12-16 21:00:00,10299.119560587638,11618.792886463092,9476.420088853907
forecast_8398,2025-12-16 22:00:00,9538.594242870431,11753.539683543715,8535.051764846123
forecast_8399,2025-12-16 23:00:00,8623.288356835728,11520.142395969746,7640.832785675745
forecast_8400,2025-12-17 00:00:00,9119.70141469529,11078.852463863985,8876.463553348029
forecast_8401,2025-12-17 01:00:00,9671.276316032114,10433.56683679472,10395.991319437762
forecast_8402,2025-12-17 02:00:00,10372.99322786089,10303.130772478367,10184.038500383831
forecast_8403,2025-12-17 03:00:00,10840.908941954247,10173.002979150948,9191.71631140136
forecast_8404,2025-12-17 04:00:00,10434.8804016211,10182.791983473186,7897.741556941357
forecast_8405,2025-12-17 05:00:00,9994.696937431128,10585.48212030723,7894.347677230423
forecast_8406,2025-12-17 06:00:00,9617.844170949305,10824.18719780826,7860.187903464355
forecast_8407,2025-12-17 07:00:00,9472.982144841571,10045.510217531744,7732.2644503261245
forecast_8408,2025-12-17 08:00:00,9580.58044765909,10368.619671943665,6826.942131278259
forecast_8409,2025-12-17 09:00:00,8421.687234191435,9108.07949497857,6114.53135688148
forecast_8410,2025-12-17 10:00:00,7107.505280630246,6563.722107998409,5606.209031608126
forecast_8411,2025-12-17 11:00:00,6502.297357620748,6158.804548021396,5053.252765731228
forecast_8412,2025-12-17 12:00:00,6157.8972176808065,5631.585213725661,4424.621189711051
forecast_8413,2025-12-17 13:00:00,5775.1353953615435,4663.978503861603,3693.643352256252
forecast_8414,2025-12-17 14:00:00,5205.422391227907,3551.4049427901873,3341.8225866286766
forecast_8415,2025-12-17 15:00:00,4225.268853034046,3284.475504049684,2866.8242776727184
forecast_8416,2025-12-17 16:00:00,4224.25099100692,3619.4162021504508,2992.7774125778833
forecast_8417,2025-12-17 17:00:00,4567.186241933648,3551.0368429062387,3390.4485925729214
forecast_8418,2025-12-17 18:00:00,5071.347134364884,4539.657333559203,4140.024861309232
forecast_8419,2025-12-17 19:00:00,6407.735316325229,5655.721764460702,4864.768202827503
forecast_8420,2025-12-17 20:00:00,7045.577090439976,6620.6164667492085,5902.419323251961
forecast_8421,2025-12-17 21:00:00,7786.861534329626,7931.65443438803,7227.8528546589705
forecast_8422,2025-12-17 22:00:00,8750.445431977247,9693.366507603274,8542.951937836922
forecast_8423,2025-12-17 23:00:00,10695.257460214958,12532.056844262388,8810.811192548648
forecast_8424,2025-12-18 00:00:00,11914.499645573289,12656.148933967417,9170.866153424286
forecast_8425,2025-12-18 01:00:00,12766.88313352088,12813.671615474781,10567.987508962155
forecast_8426,2025-12-18 02:00:00,13215.571166075562,13906.918864746316,12063.487505020552
forecast_8427,2025-12-18 03:00:00,13495.18928437243,14679.305875842147,11649.226822773098
forecast_8428,2025-12-18 04:00:00,13783.958667983581,14856.483784500282,11361.666403103856
forecast_8429,2025-12-18 05:00:00,13805.134270556218,14485.737811372637,11176.192605230084
forecast_8430,2025-12-18 06:00:00,13403.156306262987,13569.363592201282,10255.167735319988
forecast_8431,2025-12-18 07:00:00,12973.688383585724,12547.769588495501,9203.919819233373
forecast_8432,2025-12-18 08:00:00,11759.014121395909,11330.01504899558,8626.997953218692
forecast_8433,2025-12-18 09:00:00,10993.68703605591,11627.217315835369,6754.727415700477
forecast_8434,2025-12-18 10:00:00,8353.134896170435,8685.189972254599,5721.365297551864
forecast_8435,2025-12-18 11:00:00,6478.563874422963,5876.992967997295,4884.84802280747
forecast_8436,2025-12-18 12:00:00,5054.122894471861,4964.126485757183,4010.1156063626468
forecast_8437,2025-12-18 13:00:00,4551.669099856072,4322.396782020229,3599.707754415351
forecast_8438,2025-12-18 14:00:00,4299.8628822271,4174.476416290221,3173.3749624326356
forecast_8439,2025-12-18 15:00:00,4763.155128490085,4368.7713502523075,3123.226223000281
forecast_8440,2025-12-18 16:00:00,5451.874875294583,4966.662734299109,3410.471372173716
forecast_8441,2025-12-18 17:00:00,6376.314770032277,5768.356754302816,4217.736174057848
forecast_8442,2025-12-18 18:00:00,7183.382307606157,7302.26181472393,5068.97003832005
forecast_8443,2025-12-18 19:00:00,8220.133276479259,9377.783349771245,5474.261812314782
forecast_8444,2025-12-18 20:00:00,8768.837473971867,10557.694527479052,5924.933832636083
forecast_8445,2025-12-18 21:00:00,10003.995276277506,12056.756922242765,6479.285771572495
forecast_8446,2025-12-18 22:00:00,11400.767707363779,13337.43871483774,7417.344561055459
forecast_8447,2025-12-18 23:00:00,13393.985415476047,14638.023862236832,8988.139969877588
forecast_8448,2025-12-19 00:00:00,14764.328306638514,14951.874521431248,10360.098154745432
forecast_8449,2025-12-19 01:00:00,15464.63302884215,15118.524874996358,11763.49991267889
forecast_8450,2025-12-19 02:00:00,16725.314287969657,16556.928533868737,13218.797549300338
forecast_8451,2025-12-19 03:00:00,17600.9179743656,17499.901486835308,13001.942938854332
forecast_8452,2025-12-19 04:00:00,18516.94851768914,18439.307680926187,13968.40715648886
forecast_8453,2025-12-19 05:00:00,18854.26126707808,18439.152266801182,13765.670792990484
forecast_8454,2025-12-19 06:00:00,18674.83833039658,18248.008333329977,13651.39995416876
forecast_8455,2025-12-19 07:00:00,18989.396749656808,18130.06383899005,14694.567631763486
forecast_8456,2025-12-19 08:00:00,18813.665062756805,18548.554642393854,15552.716423980472
forecast_8457,2025-12-19 09:00:00,19157.486902670345,19010.51365710137,15495.189387982366
forecast_8458,2025-12-19 10:00:00,18588.300433613585,18800.923701551903,15908.78826097192
forecast_8459,2025-12-19 11:00:00,19156.335651730908,19426.699558304794,16700.062438446002
forecast_8460,2025-12-19 12:00:00,19294.139227923595,19460.546030840644,16812.240142059767
forecast_8461,2025-12-19 13:00:00,19082.79184533997,19024.245310161023,16702.05315764896
forecast_8462,2025-12-19 14:00:00,19249.769588597428,18880.278860976767,17236.418235747078
forecast_8463,2025-12-19 15:00:00,18780.97249843955,18168.14496604971,17249.508039469572
forecast_8464,2025-12-19 16:00:00,18724.757514938545,18145.51150824436,16994.543643330275
forecast_8465,2025-12-19 17:00:00,19024.368151439678,18328.0391286541,17131.889022414405
forecast_8466,2025-12-19 18:00:00,18991.609913437132,18461.693103508387,17427.902769092696
forecast_8467,2025-12-19 19:00:00,18458.27893848633,18158.55991003724,17314.942547624185
forecast_8468,2025-12-19 20:00:00,17728.888148159313,17991.45380024387,15604.95899370656
forecast_8469,2025-12-19 21:00:00,17890.987839180078,17979.145240512404,16982.794855294327
forecast_8470,2025-12-19 22:00:00,17547.675277179587,17972.25685328035,15632.737349007437
forecast_8471,2025-12-19 23:00:00,16756.81683314314,17247.58449695518,14670.825108073439
forecast_8472,2025-12-20 00:00:00,16430.635131698393,17193.704477757317,13448.99803569827
forecast_8473,2025-12-20 01:00:00,17015.12051442399,16888.829164739604,14737.668178027687
forecast_8474,2025-12-20 02:00:00,16650.89766861745,17212.59419436491,13687.80085128979
forecast_8475,2025-12-20 03:00:00,16111.159840197575,16913.12476431572,12851.32958863265
forecast_8476,2025-12-20 04:00:00,15531.439101785829,17323.26317809922,13017.165920270527
forecast_8477,2025-12-20 05:00:00,14998.649947443138,16645.87837550615,12084.291920399899
forecast_8478,2025-12-20 06:00:00,15558.388162893545,16553.387969182888,11822.939166714481
forecast_8479,2025-12-20 07:00:00,15576.773756312841,17503.97654251073,12322.567551570715
forecast_8480,2025-12-20 08:00:00,15896.573550467117,17966.267585205336,12622.370297950234
forecast_8481,2025-12-20 09:00:00,15638.245008914566,17536.080473631875,12476.778713312418
forecast_8482,2025-12-20 10:00:00,15412.734738252553,16849.950153616723,13079.803271877849
forecast_8483,2025-12-20 11:00:00,14834.464792712955,17136.389940507535,12680.073264450051
forecast_8484,2025-12-20 12:00:00,14723.765238879992,17150.30725335155,12890.592071996845
forecast_8485,2025-12-20 13:00:00,15106.122602123087,16550.338659272686,12582.825833373894
forecast_8486,2025-12-20 14:00:00,14733.303445126929,15855.693826463523,12618.883959493342
forecast_8487,2025-12-20 15:00:00,15285.795388691558,15831.321711768045,12622.297337560347
forecast_8488,2025-12-20 16:00:00,15509.078907463621,16624.840298829098,12674.51825319894
forecast_8489,2025-12-20 17:00:00,15516.1511940629,16860.21030266266,12539.751194864906
forecast_8490,2025-12-20 18:00:00,14882.084803117205,16323.775599406055,11066.240006492064
forecast_8491,2025-12-20 19:00:00,14106.034244374692,15496.567634302552,10536.610266486514
forecast_8492,2025-12-20 20:00:00,13189.490780047203,15486.71308411148,10577.256429588182
forecast_8493,2025-12-20 21:00:00,13445.753739124368,15027.72978055366,11716.490238132064
forecast_8494,2025-12-20 22:00:00,14367.701265343365,14354.235689110177,13273.1131356854
forecast_8495,2025-12-20 23:00:00,15842.92459713929,14804.51270560599,13007.42831473246
forecast_8496,2025-12-21 00:00:00,17721.07902495541,17093.864525187288,13287.364123147825
forecast_8497,2025-12-21 01:00:00,19317.305439497482,19667.719954931206,17532.635921120247
forecast_8498,2025-12-21 02:00:00,19733.630708047927,20103.54321021217,18398.761830444826
forecast_8499,2025-12-21 03:00:00,20011.488723472597,19976.632920171985,18517.32193586104
forecast_8500,2025-12-21 04:00:00,19903.23336403955,19886.163927870184,18787.375399730437
forecast_8501,2025-12-21 05:00:00,19898.451489172752,19724.925146765247,18652.44013165518
forecast_8502,2025-12-21 06:00:00,19690.34260311475,19731.2841601971,18040.511190388705
forecast_8503,2025-12-21 07:00:00,19190.027903121714,19205.188806152786,17208.737651659812
forecast_8504,2025-12-21 08:00:00,18019.371540868968,19001.84290896412,16047.535580520947
forecast_8505,2025-12-21 09:00:00,16569.047625958257,18458.519234677755,14011.016039386564
forecast_8506,2025-12-21 10:00:00,15100.025474626034,16481.224340500405,12225.613639189345
forecast_8507,2025-12-21 11:00:00,13572.930146952747,14170.018248625138,9692.833651960538
forecast_8508,2025-12-21 12:00:00,12420.078808548029,10821.59973483851,7287.457111469443
forecast_8509,2025-12-21 13:00:00,10225.705450612897,7836.218312907374,5989.388598180022
forecast_8510,2025-12-21 14:00:00,8632.384001073726,5393.751703247599,4474.775207183844
forecast_8511,2025-12-21 15:00:00,7558.1983392380935,4783.403517929059,3868.0149531094175
forecast_8512,2025-12-21 16:00:00,6325.057873929347,4541.913821066761,3441.0911700663064
forecast_8513,2025-12-21 17:00:00,5735.157694079531,3833.969061561584,3522.049390046249
forecast_8514,2025-12-21 18:00:00,5189.805727713292,3298.081686412371,3389.0940054501543
forecast_8515,2025-12-21 19:00:00,4009.3159759213954,2635.664334341505,2850.549332476136
forecast_8516,2025-12-21 20:00:00,3424.1707744378587,1873.9462479715244,2561.62431835892
forecast_8517,2025-12-21 21:00:00,2903.0545118551763,1457.2124862174348,2402.767514334554
forecast_8518,2025-12-21 22:00:00,2254.863453480726,1092.3988262479804,2192.0756336031463
forecast_8519,2025-12-21 23:00:00,1649.3214390183207,915.3754441743151,2018.7147261890145
forecast_8520,2025-12-22 00:00:00,1562.8686447356351,901.3126002971283,1932.8565034760961
forecast_8521,2025-12-22 01:00:00,1620.5172667394645,1010.5829160968306,1948.8296935927392
forecast_8522,2025-12-22 02:00:00,1523.5794094240287,970.4198260416997,1910.6312514614551
forecast_8523,2025-12-22 03:00:00,1296.7943392493014,934.328305309951,1849.7751447277144
forecast_8524,2025-12-22 04:00:00,1156.0398090779213,880.9109257940928,1828.3835804969747
forecast_8525,2025-12-22 05:00:00,1158.5569614236438,873.4864404018632,1800.0594193446275
forecast_8526,2025-12-22 06:00:00,1270.2830708722033,832.8342785972243,1791.7196388676239
forecast_8527,2025-12-22 07:00:00,1293.8730672953084,889.7092683457645,1782.3274529691794
forecast_8528,2025-12-22 08:00:00,1266.5010431068104,931.5889581384811,1773.2182234645336
forecast_8529,2025-12-22 09:00:00,1299.754152268915,936.4578150985404,1734.3463972926586
forecast_8530,2025-12-22 10:00:00,1166.3778327581258,888.7036063331627,1671.505210769221
forecast_8531,2025-12-22 11:00:00,1070.221878152025,844.7072417921422,1614.481284987971
forecast_8532,2025-12-22 12:00:00,979.387452887116,862.8013120706313,1578.448814284846
forecast_8533,2025-12-22 13:00:00,938.7224883366621,989.1056350575757,1554.1610945582836
forecast_8534,2025-12-22 14:00:00,924.2871204039764,919.2139115498101,1555.133872878596
forecast_8535,2025-12-22 15:00:00,931.6060361004224,921.8467874100761,1584.1901472926586
forecast_8536,2025-12-22 16:00:00,1094.1246939097612,836.6077829032154,1644.0031355739086
forecast_8537,2025-12-22 17:00:00,1496.8475732217348,1231.8339902409916,1734.0058878908835
forecast_8538,2025-12-22 18:00:00,1677.2444330485293,1536.2625725105947,1874.4003902496563
forecast_8539,2025-12-22 19:00:00,1789.462161462589,1793.9362933900147,2024.061486975656
forecast_8540,2025-12-22 20:00:00,1826.89299021149,2090.708068393008,2172.1708730148785
forecast_8541,2025-12-22 21:00:00,2290.7432743903055,2077.647511300357,2219.9078962498975
forecast_8542,2025-12-22 22:00:00,2793.966816742144,2894.2217746526558,2614.451975057344
forecast_8543,2025-12-22 23:00:00,3669.6387208954598,3647.47091978477,3217.4625583031993
forecast_8544,2025-12-23 00:00:00,4076.3563849352586,5209.753577012039,3271.1247716174366
forecast_8545,2025-12-23 01:00:00,4388.900139618328,5687.999537397547,3806.112015649759
forecast_8546,2025-12-23 02:00:00,5294.597183324117,6465.398278746672,3943.344008228316
forecast_8547,2025-12-23 03:00:00,5436.390081792093,6587.152540349602,3972.795870908596
forecast_8548,2025-12-23 04:00:00,5671.024418755371,6249.917153445052,3836.929366218119
forecast_8549,2025-12-23 05:00:00,6170.668408282463,6345.390779987692,4076.1210756706782
forecast_8550,2025-12-23 06:00:00,6214.243670139007,6722.391814940552,4384.537037095042
forecast_8551,2025-12-23 07:00:00,5605.578568977157,6822.6663746440845,4234.735016163734
forecast_8552,2025-12-23 08:00:00,5179.347827385185,5946.390142709083,3848.5365126478905
forecast_8553,2025-12-23 09:00:00,5120.835635287933,5760.509490715188,4090.788621863306
forecast_8554,2025-12-23 10:00:00,5119.363836222652,5321.1563854395645,4555.489602029333
forecast_8555,2025-12-23 11:00:00,6150.540492298515,6171.874430534009,4559.603694983615
forecast_8556,2025-12-23 12:00:00,6172.1257961261135,6663.497638873675,4564.376343018792
forecast_8557,2025-12-23 13:00:00,5092.27414492774,5385.6754056657555,4554.157144367354
forecast_8558,2025-12-23 14:00:00,5141.1128419374145,4788.987543581851,4354.814995079653
forecast_8559,2025-12-23 15:00:00,5181.097160659416,4897.343909332925,4224.516014355437
forecast_8560,2025-12-23 16:00:00,5700.251572230851,5821.169083105454,4508.522381486649
forecast_8561,2025-12-23 17:00:00,6810.055857658943,7589.612150410785,4546.944312572456
forecast_8562,2025-12-23 18:00:00,8023.82158987655,10482.088274089412,5153.928322468209
forecast_8563,2025-12-23 19:00:00,9700.673883363765,11524.322374024447,6744.282606948419
forecast_8564,2025-12-23 20:00:00,8878.544469334163,11563.349762565453,7335.0243815217045
forecast_8565,2025-12-23 21:00:00,7970.280537606443,12056.793477355694,6868.298284503395
forecast_8566,2025-12-23 22:00:00,7717.622404062213,11349.405052957965,7232.880889008028
forecast_8567,2025-12-23 23:00:00,7607.4844055452995,11307.293724060382,7602.442239778125
forecast_8568,2025-12-24 00:00:00,8021.2636754160185,10009.879827908655,7544.776589007985
forecast_8569,2025-12-24 01:00:00,8839.690799485823,11335.667553587438,8512.00696728181
forecast_8570,2025-12-24 02:00:00,8675.65489043244,11486.246285549145,7976.625387054475
forecast_8571,2025-12-24 03:00:00,7692.647895335673,7854.592758439229,6043.516636249815
forecast_8572,2025-12-24 04:00:00,6778.766429765654,6826.8921001960325,4994.744645903571
forecast_8573,2025-12-24 05:00:00,5334.584970276079,5195.683992504348,3926.1095211906654
forecast_8574,2025-12-24 06:00:00,3999.107165942996,3469.8356139324037,3200.676266518577
forecast_8575,2025-12-24 07:00:00,2564.3678272228894,2105.232283632168,2358.3554285538485
forecast_8576,2025-12-24 08:00:00,1876.8487769717972,1523.1645451524246,2017.6171928426575
forecast_8577,2025-12-24 09:00:00,1438.0458400204648,1191.0074516297536,1883.4377965658698
forecast_8578,2025-12-24 10:00:00,1127.7142133964837,1080.8856233205452,1819.4665778247017
forecast_8579,2025-12-24 11:00:00,1111.095457083065,1074.000396024775,1794.2719118313478
forecast_8580,2025-12-24 12:00:00,1109.5507102942438,1158.164938546785,1798.1885811529683
forecast_8581,2025-12-24 13:00:00,1103.4226409422618,1089.7260670852072,1806.711029125738
forecast_8582,2025-12-24 14:00:00,1065.6848071997542,1147.6516625286185,1826.5820328875868
forecast_8583,2025-12-24 15:00:00,1076.8046179452874,985.8795163843464,1837.6253391360378
forecast_8584,2025-12-24 16:00:00,1019.393442783902,919.7373911500237,1884.779011839793
forecast_8585,2025-12-24 17:00:00,1014.598752056114,900.8386677371965,1856.2393298669642
forecast_8586,2025-12-24 18:00:00,1002.5162290627517,885.0412675839813,1829.4669618883556
forecast_8587,2025-12-24 19:00:00,1055.8069487876173,780.4272745541803,1789.5165951188928
forecast_8588,2025-12-24 20:00:00,1089.9692812482322,853.1592055891515,1789.817165264387
forecast_8589,2025-12-24 21:00:00,1256.4011134470452,1015.4568020205513,1822.234520347853
forecast_8590,2025-12-24 22:00:00,1512.528370531113,1111.9557774872192,1946.5498713434718
forecast_8591,2025-12-24 23:00:00,1871.3573949301895,1504.3931004935087,2108.4264882869074
forecast_8592,2025-12-25 00:00:00,2522.371283066136,2117.034591378738,2494.4029282144065
forecast_8593,2025-12-25 01:00:00,3642.520770025901,2636.4618843328108,2574.7725835919373
forecast_8594,2025-12-25 02:00:00,4598.5034127926965,3324.497880366853,3568.735917334342
forecast_8595,2025-12-25 03:00:00,6666.384501862953,5355.501317732891,4846.474278812573
forecast_8596,2025-12-25 04:00:00,8277.92459900858,7892.1792312013895,5923.926696184322
forecast_8597,2025-12-25 05:00:00,10018.25829649063,9441.276924459517,6823.0644749805015
forecast_8598,2025-12-25 06:00:00,11447.17444062561,11113.967905449153,7648.433443247344
forecast_8599,2025-12-25 07:00:00,12122.006813988548,12108.329126840099,8427.097346063363
forecast_8600,2025-12-25 08:00:00,12668.04082672345,13427.150495006832,8794.239565757256
forecast_8601,2025-12-25 09:00:00,13220.461946888581,14858.939813165882,9169.746146063313
forecast_8602,2025-12-25 10:00:00,13953.574818170517,16030.143965203843,11816.605131875844
forecast_8603,2025-12-25 11:00:00,14325.193157336342,16113.211613020023,11773.181797668105
forecast_8604,2025-12-25 12:00:00,14551.90849011063,16271.602030214519,11474.302759674018
forecast_8605,2025-12-25 13:00:00,14934.121884936889,16893.291155661664,12004.861109044738
forecast_8606,2025-12-25 14:00:00,15118.584857832735,16628.736658573842,11646.300953885268
forecast_8607,2025-12-25 15:00:00,15527.191595924596,16734.650162319394,11548.226304143736
forecast_8608,2025-12-25 16:00:00,15771.106983259522,16788.508381900436,11796.717680116459
forecast_8609,2025-12-25 17:00:00,15701.50492305751,16785.365813713615,12267.43982041541
forecast_8610,2025-12-25 18:00:00,15687.429916627692,17337.79458500001,13054.346466063555
forecast_8611,2025-12-25 19:00:00,15742.033315468829,17708.862919596842,15386.131533379406
forecast_8612,2025-12-25 20:00:00,16083.527462167023,17855.537357647183,15661.498732551889
forecast_8613,2025-12-25 21:00:00,16486.22618881029,18250.19054849081,16614.710376712705
forecast_8614,2025-12-25 22:00:00,16878.86080077236,18276.71667363657,16894.94073175527
forecast_8615,2025-12-25 23:00:00,16717.28543136162,18497.12397261023,16885.18532879286
forecast_8616,2025-12-26 00:00:00,16999.48004605286,18874.067337027955,17222.253162561436
forecast_8617,2025-12-26 01:00:00,16773.158995278187,18686.00033942485,16939.67194924294
forecast_8618,2025-12-26 02:00:00,16285.127677260207,18660.28049439197,16649.516248285832
forecast_8619,2025-12-26 03:00:00,16039.678372063596,18622.794672409,16369.386326363596
forecast_8620,2025-12-26 04:00:00,15926.514182201363,18710.547839652365,15605.96374414793
forecast_8621,2025-12-26 05:00:00,15976.53616196661,18314.92135505501,14646.038082124816
forecast_8622,2025-12-26 06:00:00,16060.964215691889,18392.254778120245,13880.526169034598
forecast_8623,2025-12-26 07:00:00,16789.022989733632,18917.51417819263,14123.929129923548
forecast_8624,2025-12-26 08:00:00,17288.779628697477,19060.557531134713,14114.547204552273
forecast_8625,2025-12-26 09:00:00,16911.072858185784,18600.401513780977,13871.432952551917
forecast_8626,2025-12-26 10:00:00,14780.751021965385,17245.867426505363,12606.951055542024
forecast_8627,2025-12-26 11:00:00,13448.081504915059,16582.15346283352,10901.202049387015
forecast_8628,2025-12-26 12:00:00,12475.390734466026,15356.30499386158,11316.40593184535
forecast_8629,2025-12-26 13:00:00,11790.401503505054,15124.239339689679,10627.155090616618
forecast_8630,2025-12-26 14:00:00,11753.138175382439,13951.585729967808,9974.323097714985
forecast_8631,2025-12-26 15:00:00,11944.959549402956,13178.04179686319,9556.217799108086
forecast_8632,2025-12-26 16:00:00,12719.549008115886,13665.147174321057,9998.356422010755
forecast_8633,2025-12-26 17:00:00,13347.582822218987,15682.402060330283,12169.78040241089
forecast_8634,2025-12-26 18:00:00,14000.625592185988,14829.66958547878,13357.546579308157
forecast_8635,2025-12-26 19:00:00,14903.140589614228,15687.415146268248,12881.267562003202
forecast_8636,2025-12-26 20:00:00,15712.280634242317,17226.71872660011,13690.882148716464
forecast_8637,2025-12-26 21:00:00,15704.566536133332,18397.097887704607,14331.647047295954
forecast_8638,2025-12-26 22:00:00,16862.343137587442,19268.51432696377,15467.399621628107
forecast_8639,2025-12-26 23:00:00,17413.348633508656,19488.91096223566,15419.43500980635
forecast_8640,2025-12-27 00:00:00,17490.182164307014,19698.639785722873,15397.201083977112
forecast_8641,2025-12-27 01:00:00,18002.227963396195,19946.62589025493,15646.830330337081
forecast_8642,2025-12-27 02:00:00,17999.85690323723,19893.26476565553,15430.545251144813
forecast_8643,2025-12-27 03:00:00,17670.651246951533,19783.85731102099,14992.01381632461
forecast_8644,2025-12-27 04:00:00,17153.002296935592,19704.81118198326,14732.814003224421
forecast_8645,2025-12-27 05:00:00,16878.58575993676,19720.641944037892,14423.740412627614
forecast_8646,2025-12-27 06:00:00,16771.01381223955,19640.745922920683,14032.093944465665
forecast_8647,2025-12-27 07:00:00,16604.32057564624,19600.806218110374,14172.618234880016
forecast_8648,2025-12-27 08:00:00,16891.142433174824,19422.555744163845,14002.187960771796
forecast_8649,2025-12-27 09:00:00,16545.355175588018,18496.247044366526,13505.89897500854
forecast_8650,2025-12-27 10:00:00,15294.70375470267,16756.21675411201,12479.414351778787
forecast_8651,2025-12-27 11:00:00,14771.502929307859,15113.704962884449,12845.869160613525
forecast_8652,2025-12-27 12:00:00,14674.19223548345,14663.797063316939,12945.614894042867
forecast_8653,2025-12-27 13:00:00,15478.08055989474,15638.07274696575,12775.83930200118
forecast_8654,2025-12-27 14:00:00,15401.947739497245,16160.695982058229,13061.410336122062
forecast_8655,2025-12-27 15:00:00,16178.866841596417,16537.501899672083,14550.959070554687
forecast_8656,2025-12-27 16:00:00,16532.334019017646,16806.324952962947,14243.961094947099
forecast_8657,2025-12-27 17:00:00,16876.785927469347,18198.16726526488,15494.92351972214
forecast_8658,2025-12-27 18:00:00,17471.35344580195,18993.234017926952,17123.66276259368
forecast_8659,2025-12-27 19:00:00,17710.73242102804,19354.695754001175,17216.655321092927
forecast_8660,2025-12-27 20:00:00,17878.50547689211,19328.90032066231,16557.686052696707
forecast_8661,2025-12-27 21:00:00,18232.984341944102,19007.51134058975,17445.836680104767
forecast_8662,2025-12-27 22:00:00,18591.16997794,18961.523739114273,17620.9648887474
forecast_8663,2025-12-27 23:00:00,18924.052011105196,19091.92296725436,17932.65807173046
forecast_8664,2025-12-28 00:00:00,19134.420934723945,19188.78442371607,17978.054206431887
forecast_8665,2025-12-28 01:00:00,19666.421308240264,19173.266260266777,18290.553295537506
forecast_8666,2025-12-28 02:00:00,19493.652175152245,19854.68435832351,18370.97765112486
forecast_8667,2025-12-28 03:00:00,20245.714793589694,20212.401662190015,18522.80090310293
forecast_8668,2025-12-28 04:00:00,20499.535902615156,20525.837709354255,18503.27801974953
forecast_8669,2025-12-28 05:00:00,20600.981083423358,20453.746620706188,18747.228657992993
forecast_8670,2025-12-28 06:00:00,20791.175517415282,20391.470418857603,18751.2583219452
forecast_8671,2025-12-28 07:00:00,20757.888330543545,20364.271122233797,18603.04783031639
forecast_8672,2025-12-28 08:00:00,20659.685871349873,20165.663177462724,18494.411292739853
forecast_8673,2025-12-28 09:00:00,20129.711036574274,20053.109216314202,17974.514594232965
forecast_8674,2025-12-28 10:00:00,19188.91687063074,19467.517153736087,17373.05123756992
forecast_8675,2025-12-28 11:00:00,18723.0744453858,19126.154068952324,16428.45864297483
forecast_8676,2025-12-28 12:00:00,17670.28110184148,18567.692901908107,15835.128504215976
forecast_8677,2025-12-28 13:00:00,16551.711580172974,17205.15573169031,14317.027782860952
forecast_8678,2025-12-28 14:00:00,15443.477655897123,16030.326605035241,13833.036338698548
forecast_8679,2025-12-28 15:00:00,15587.566480235138,14437.637639255736,13992.48276187518
forecast_8680,2025-12-28 16:00:00,15626.080924020383,14145.139858262195,13419.086195700333
forecast_8681,2025-12-28 17:00:00,15330.16212655529,14403.984468845343,13259.188465458457
forecast_8682,2025-12-28 18:00:00,16538.76732957161,14995.079567867248,13587.7595723505
forecast_8683,2025-12-28 19:00:00,16653.142166879312,16655.22591480956,13564.015654765153
forecast_8684,2025-12-28 20:00:00,16842.831801753986,16814.77563386893,14630.004666579869
forecast_8685,2025-12-28 21:00:00,16327.269329956445,16907.43874105417,14533.057763655353
forecast_8686,2025-12-28 22:00:00,16177.748560487966,17122.60702487926,14402.029966504462
forecast_8687,2025-12-28 23:00:00,16922.04307738114,17509.284121508506,14489.584834382418
forecast_8688,2025-12-29 00:00:00,17706.518012464738,18517.537003994785,15500.342187580163
forecast_8689,2025-12-29 01:00:00,17839.899798387356,18956.727564087407,16306.73034077861
forecast_8690,2025-12-29 02:00:00,17867.196886372312,18788.666626284532,15891.592131412237
forecast_8691,2025-12-29 03:00:00,17714.08699674238,19111.26173741196,17728.324460364725
forecast_8692,2025-12-29 04:00:00,17836.523684240667,19101.269958740246,18041.751703602575
forecast_8693,2025-12-29 05:00:00,18038.021788206726,19159.88639447985,18020.044253122065
forecast_8694,2025-12-29 06:00:00,18268.29783265134,19084.352784908144,18312.4979194458
forecast_8695,2025-12-29 07:00:00,18288.431294578953,18840.809824131655,18432.712913659612
forecast_8696,2025-12-29 08:00:00,18228.87899253346,18955.119068284883,18446.90184093298
forecast_8697,2025-12-29 09:00:00,18442.03765478325,18821.729442066186,18308.811748486485
forecast_8698,2025-12-29 10:00:00,18161.99239053684,18669.7352954557,17855.210845435082
forecast_8699,2025-12-29 11:00:00,17363.45658880929,18751.054614083907,17479.459224579048
forecast_8700,2025-12-29 12:00:00,16833.02139901765,18270.32990287918,17181.229817232583
forecast_8701,2025-12-29 13:00:00,16548.269150269436,17892.21300644143,15426.460771586098
forecast_8702,2025-12-29 14:00:00,16028.621958407939,17692.472191970795,14443.48235588687
forecast_8703,2025-12-29 15:00:00,16073.191444781638,17816.289493412158,14608.417814655199
forecast_8704,2025-12-29 16:00:00,16697.631413623676,17392.680371116316,15761.938060436883
forecast_8705,2025-12-29 17:00:00,16926.664372422885,17469.86901048782,16465.767444408375
forecast_8706,2025-12-29 18:00:00,17004.964007609447,17305.8532613918,17030.702698781606
forecast_8707,2025-12-29 19:00:00,16507.974399418512,17558.972373598684,16648.9656548452
forecast_8708,2025-12-29 20:00:00,16299.800742500394,17489.497544901504,17054.166293289803
forecast_8709,2025-12-29 21:00:00,16188.4130016911,17429.856537247204,17078.074096888246
forecast_8710,2025-12-29 22:00:00,15602.256697431776,16439.643902671945,17064.224940261876
forecast_8711,2025-12-29 23:00:00,15316.698355356812,15557.93552686037,16519.589882385495
forecast_8712,2025-12-30 00:00:00,15320.84036541546,15298.970720550877,15649.680831050933
forecast_8713,2025-12-30 01:00:00,14340.570182583078,14564.7044102587,14511.643123169068
forecast_8714,2025-12-30 02:00:00,13776.517176685742,13972.135438198628,14450.526471327985
forecast_8715,2025-12-30 03:00:00,13425.339310973908,13273.259290857364,14235.086425597317
forecast_8716,2025-12-30 04:00:00,12884.307788836864,12702.234786451107,14125.547779973096
forecast_8717,2025-12-30 05:00:00,12883.849895096317,12133.142931796574,12291.055345675297
forecast_8718,2025-12-30 06:00:00,12811.602941001045,12159.001652289257,10724.53597021875
forecast_8719,2025-12-30 07:00:00,12763.689732024008,11962.289731869967,9709.57214350707
forecast_8720,2025-12-30 08:00:00,12729.205531386478,11409.003703659011,8965.112884552778
forecast_8721,2025-12-30 09:00:00,12332.739511359867,10175.517291277412,7904.889777565545
forecast_8722,2025-12-30 10:00:00,10989.298501806921,8694.722658179497,6743.452627532678
forecast_8723,2025-12-30 11:00:00,10202.049332826173,7882.321748150552,5740.763938093229
forecast_8724,2025-12-30 12:00:00,9940.262924099981,7609.0335083849595,5997.80434755735
forecast_8725,2025-12-30 13:00:00,9992.117217954346,8363.711054382386,6917.023500285797
forecast_8726,2025-12-30 14:00:00,10663.228749972539,9412.167420601378,7274.825461831863
forecast_8727,2025-12-30 15:00:00,11289.953027216172,9462.186844900265,7488.667440577848
forecast_8728,2025-12-30 16:00:00,12055.093683831898,9935.179042303975,7587.53153883008
forecast_8729,2025-12-30 17:00:00,12477.638479508654,9960.656096773002,8271.960911526807
forecast_8730,2025-12-30 18:00:00,12626.063390364128,9882.075767959479,9628.282341976228
forecast_8731,2025-12-30 19:00:00,12641.579617224957,10857.801564684687,9862.591607956238
forecast_8732,2025-12-30 20:00:00,12815.708276913863,12146.118098658744,10204.683072220632
forecast_8733,2025-12-30 21:00:00,13390.92298306224,13178.490310877605,11826.745892891415
forecast_8734,2025-12-30 22:00:00,13790.166765364162,14470.65792633055,12369.120316324928
forecast_8735,2025-12-30 23:00:00,13806.878102107012,15053.171029862337,13072.538186401842
forecast_8736,2025-12-31 00:00:00,14426.946076161325,15469.210867925878,13573.986965953638
forecast_8737,2025-12-31 01:00:00,15165.003513188032,16318.227658861799,14067.893950170053
forecast_8738,2025-12-31 02:00:00,15612.140101246017,17665.11234175382,15015.181063279999
forecast_8739,2025-12-31 03:00:00,15226.37642915281,17906.344554535222,14324.260818882714
forecast_8740,2025-12-31 04:00:00,15022.503455960736,17067.298335599546,14450.807632297057
forecast_8741,2025-12-31 05:00:00,14948.654342869977,17209.894165618127,14056.726153834463
forecast_8742,2025-12-31 06:00:00,14583.69748489665,16873.587843171532,13867.43013395637
forecast_8743,2025-12-31 07:00:00,14302.29496471329,16692.100297377132,14377.725912560567
forecast_8744,2025-12-31 08:00:00,14276.399286968082,16498.637014683693,13700.186806394406
forecast_8745,2025-12-31 09:00:00,13566.481676102008,15628.215440828286,12363.268192934469
forecast_8746,2025-12-31 10:00:00,13077.871830040203,14056.818185192971,10512.174090909775
forecast_8747,2025-12-31 11:00:00,12200.199965950562,12571.864128154257,8527.642920294871
forecast_8748,2025-12-31 12:00:00,10938.384110993286,11256.165214452592,7476.0857439403735
forecast_8749,2025-12-31 13:00:00,10186.409283528992,10724.726582510928,7349.863182838466
forecast_8750,2025-12-31 14:00:00,9644.733164675737,10560.468484769437,6733.646185713687
forecast_8751,2025-12-31 15:00:00,9436.42966014833,9715.176726254154,6658.245330450649
forecast_8752,2025-12-31 16:00:00,9688.815257530769,8677.385147566969,6924.76132178459
forecast_8753,2025-12-31 17:00:00,9328.565322153892,10094.046838644908,7217.630716176706
forecast_8754,2025-12-31 18:00:00,10048.53845812926,11358.315387006296,8741.3051023648
forecast_8755,2025-12-31 19:00:00,10827.930942718576,10947.617900826832,10956.462439695535
forecast_8756,2025-12-31 20:00:00,11067.157111745295,12641.727671626548,11395.079354084122
forecast_8757,2025-12-31 21:00:00,11352.638682162165,14814.887354199096,11608.822129077724
forecast_8758,2025-12-31 22:00:00,12356.088935835043,15856.88559659814,12414.75348963966
forecast_8759,2025-12-31 23:00:00,13048.365459117338,14880.684655137602,12935.788127229882
forecast_8760,2026-01-01 00:00:00,12943.308831321308,15416.352663498787,14062.77819940053
