forecast_id,forecast_kst_dtm,kpx_group_1,kpx_group_2,kpx_group_3
forecast_0001,2025-01-01 01:00:00,19313.69692158501,19456.1932502938,18923.72141233692
forecast_0002,2025-01-01 02:00:00,18586.921207519394,19054.804065532997,18878.874717105802
forecast_0003,2025-01-01 03:00:00,18276.708578176516,18881.001880699707,18799.242206104016
forecast_0004,2025-01-01 04:00:00,17129.71964470525,18596.481489599202,18549.315358621403
forecast_0005,2025-01-01 05:00:00,16617.13372326688,18443.190171638482,17797.9751507346
forecast_0006,2025-01-01 06:00:00,16387.612426079573,18129.705513487716,16684.555256956355
forecast_0007,2025-01-01 07:00:00,15967.656762013303,16955.77808745767,16590.709336058928
forecast_0008,2025-01-01 08:00:00,15832.117794070744,16673.18734390976,16391.20509677503
forecast_0009,2025-01-01 09:00:00,15445.95494302285,15642.16523919797,16690.885011692495
forecast_0010,2025-01-01 10:00:00,15696.366224612575,15274.900467788011,14514.668037043024
forecast_0011,2025-01-01 11:00:00,15771.008307879125,15437.398674200518,13947.90495926508
forecast_0012,2025-01-01 12:00:00,16197.191527050676,15544.230492389355,14376.530209345583
forecast_0013,2025-01-01 13:00:00,16531.528278353442,15926.629834318548,14536.00723576324
forecast_0014,2025-01-01 14:00:00,16311.780271438609,15472.975801723456,12962.976325851632
forecast_0015,2025-01-01 15:00:00,14901.9791021282,15317.710916392618,12473.932152871703
forecast_0016,2025-01-01 16:00:00,15032.094274917654,15128.923550507554,12476.123364411136
forecast_0017,2025-01-01 17:00:00,14950.306610468006,14814.524286041771,13151.655437293372
forecast_0018,2025-01-01 18:00:00,14782.086693482086,14952.799949276428,13834.955111869738
forecast_0019,2025-01-01 19:00:00,15259.667670686908,15491.31488391814,14523.370250723081
forecast_0020,2025-01-01 20:00:00,15259.5272616971,15943.948697349575,15175.064184746918
forecast_0021,2025-01-01 21:00:00,15706.727255398957,16427.635517872073,15159.20113744474
forecast_0022,2025-01-01 22:00:00,16547.48070074638,16799.706486701252,15096.645688753455
forecast_0023,2025-01-01 23:00:00,16486.610512924162,16841.734112874947,14488.356739358082
forecast_0024,2025-01-02 00:00:00,15733.375998293064,16378.044087322653,13442.995781961308
forecast_0025,2025-01-02 01:00:00,15584.709890806993,16665.760492335496,12806.390422336124
forecast_0026,2025-01-02 02:00:00,13795.612482481522,15941.145366773353,11335.147057255446
forecast_0027,2025-01-02 03:00:00,12967.550585171959,15087.459124963549,9266.882681909676
forecast_0028,2025-01-02 04:00:00,11605.852834544943,13335.25196390002,8816.152494216358
forecast_0029,2025-01-02 05:00:00,10845.567030901539,12707.501569104197,7895.050601062325
forecast_0030,2025-01-02 06:00:00,10796.10478678281,11455.964889678107,7468.259868758755
forecast_0031,2025-01-02 07:00:00,10779.368913322487,10363.48328324276,6860.343442430517
forecast_0032,2025-01-02 08:00:00,10328.402140599643,9802.55882106986,6609.963623189153
forecast_0033,2025-01-02 09:00:00,9398.123791511905,9082.811374554023,6177.916776490865
forecast_0034,2025-01-02 10:00:00,8293.534148010149,7717.13514648159,4344.029436667775
forecast_0035,2025-01-02 11:00:00,6725.617227970556,6534.641501806131,3564.7752680214594
forecast_0036,2025-01-02 12:00:00,6545.892809621021,6380.058163001047,3557.316007506809
forecast_0037,2025-01-02 13:00:00,7274.110007294363,6366.996421810862,3767.5927923532945
forecast_0038,2025-01-02 14:00:00,7768.639842478201,6857.491984301527,4281.808493641225
forecast_0039,2025-01-02 15:00:00,8685.935927508295,7487.651849310511,4726.703063096747
forecast_0040,2025-01-02 16:00:00,9317.732458770637,7804.47206042951,5622.372345210365
forecast_0041,2025-01-02 17:00:00,10382.510306302333,9273.888562431603,7094.603072932892
forecast_0042,2025-01-02 18:00:00,11199.662001331408,11355.598391484,7699.515631430853
forecast_0043,2025-01-02 19:00:00,11801.585246079234,11733.024528679629,8255.234730986527
forecast_0044,2025-01-02 20:00:00,12091.214881151527,11564.146570761688,8679.158177660018
forecast_0045,2025-01-02 21:00:00,11986.551480102931,12433.251573792642,9243.77547680072
forecast_0046,2025-01-02 22:00:00,12177.058559271944,13244.512019515852,10906.825040039848
forecast_0047,2025-01-02 23:00:00,12849.590158377117,13835.307985595127,11054.607716452545
forecast_0048,2025-01-03 00:00:00,13118.658729521627,14845.17514994155,11760.123146339076
forecast_0049,2025-01-03 01:00:00,12865.081538443083,14071.484761722075,12110.190401013133
forecast_0050,2025-01-03 02:00:00,12444.563713042673,13438.685154246235,13203.369795986788
forecast_0051,2025-01-03 03:00:00,12375.645920077672,13861.820949825698,12560.288467422211
forecast_0052,2025-01-03 04:00:00,12866.46696779275,13637.7900736901,13288.487974012249
forecast_0053,2025-01-03 05:00:00,13412.700511709845,14524.162666079057,12289.429619679355
forecast_0054,2025-01-03 06:00:00,13332.933614366964,13620.663752713626,11101.970481077686
forecast_0055,2025-01-03 07:00:00,13275.213765547604,13740.455456149582,10507.591095320835
forecast_0056,2025-01-03 08:00:00,13048.568364702665,14500.704359018711,9866.777920875975
forecast_0057,2025-01-03 09:00:00,13020.340360649718,12911.968052807368,9310.668461487225
forecast_0058,2025-01-03 10:00:00,12879.51890796063,10995.49199988912,8439.2097272555
forecast_0059,2025-01-03 11:00:00,12583.535714781452,10395.868826492262,8344.035418357033
forecast_0060,2025-01-03 12:00:00,12411.569191458575,10514.455934917933,8308.515971860215
forecast_0061,2025-01-03 13:00:00,12486.158413711322,11411.535853071291,8558.629688709076
forecast_0062,2025-01-03 14:00:00,12781.309719282726,12039.924196115837,8750.01720126201
forecast_0063,2025-01-03 15:00:00,12905.075752416895,11827.33465944018,8999.950994023739
forecast_0064,2025-01-03 16:00:00,12852.666809797938,11773.717641975903,9148.02673005674
forecast_0065,2025-01-03 17:00:00,12744.426503567694,12062.3917613374,9507.640329843962
forecast_0066,2025-01-03 18:00:00,13011.496782585647,13075.538430283894,10851.852045754185
forecast_0067,2025-01-03 19:00:00,13235.956090534402,14018.484711085257,11839.39762673765
forecast_0068,2025-01-03 20:00:00,13407.243550219442,14395.658526162353,12339.261382016517
forecast_0069,2025-01-03 21:00:00,13701.316813791855,14968.877229813897,12893.165054461351
forecast_0070,2025-01-03 22:00:00,13969.943228614266,15541.318217455631,13698.348561203471
forecast_0071,2025-01-03 23:00:00,13970.598078002611,15659.362286560998,13849.18362478775
forecast_0072,2025-01-04 00:00:00,14104.459090997454,16179.037442678607,14677.60531281461
forecast_0073,2025-01-04 01:00:00,14239.704443139039,16090.890588388624,14194.975077851228
forecast_0074,2025-01-04 02:00:00,14992.713582493645,16349.624670072317,13643.401510955147
forecast_0075,2025-01-04 03:00:00,15463.061354835067,16802.347277792935,14023.659802225531
forecast_0076,2025-01-04 04:00:00,15474.189232644112,16562.325874157694,12560.92323456216
forecast_0077,2025-01-04 05:00:00,15412.684641752649,15970.13284074502,12360.06705225764
forecast_0078,2025-01-04 06:00:00,15337.483244983825,15845.119098544732,12564.043640912736
forecast_0079,2025-01-04 07:00:00,15126.366060943674,16359.697958530298,13057.937940973428
forecast_0080,2025-01-04 08:00:00,15456.435422454117,16521.793988187343,12924.188124192837
forecast_0081,2025-01-04 09:00:00,15088.971547007905,16458.033484616215,12751.40277729573
forecast_0082,2025-01-04 10:00:00,13354.82492158777,14957.16137454722,9926.963338454718
forecast_0083,2025-01-04 11:00:00,11820.382344735586,12604.299455983222,8698.478728501543
forecast_0084,2025-01-04 12:00:00,11041.729146933667,11907.033142887787,8467.306847207929
forecast_0085,2025-01-04 13:00:00,11550.801068465093,11772.40908542457,9216.790159139171
forecast_0086,2025-01-04 14:00:00,12133.676011840398,11403.981620308703,9537.339992255462
forecast_0087,2025-01-04 15:00:00,12426.729391485373,11667.560086560385,10180.830196804194
forecast_0088,2025-01-04 16:00:00,12682.743633005946,11974.244138659946,9818.590466379597
forecast_0089,2025-01-04 17:00:00,13127.223992275727,12755.986813820306,10416.629472335935
forecast_0090,2025-01-04 18:00:00,14099.37177289851,14896.284890089943,13400.138049691963
forecast_0091,2025-01-04 19:00:00,14562.565455955973,15605.76229980637,14438.417858905708
forecast_0092,2025-01-04 20:00:00,15302.554130967068,16523.33614400278,15059.990285791837
forecast_0093,2025-01-04 21:00:00,15474.956339337255,17028.265588877184,15323.188220870194
forecast_0094,2025-01-04 22:00:00,15861.704643891957,17348.56151776747,16347.778977151287
forecast_0095,2025-01-04 23:00:00,16070.051525404411,17470.190004658136,16473.553802303326
forecast_0096,2025-01-05 00:00:00,16423.35314953205,17389.78654691916,15925.113447742624
forecast_0097,2025-01-05 01:00:00,16395.232944293082,16990.02945386974,13956.751262821403
forecast_0098,2025-01-05 02:00:00,15993.842880767192,16474.62035239117,13416.523598867094
forecast_0099,2025-01-05 03:00:00,15433.800157082496,16508.42754270687,12315.325823861105
forecast_0100,2025-01-05 04:00:00,15140.601314891665,16698.318593471347,13127.117518356583
forecast_0101,2025-01-05 05:00:00,14191.699493427535,16595.00555364237,12273.243818956715
forecast_0102,2025-01-05 06:00:00,13640.983271687,16600.249664317438,12242.96702946067
forecast_0103,2025-01-05 07:00:00,13411.515941916396,16520.770422785845,12774.847219850326
forecast_0104,2025-01-05 08:00:00,13761.466005344368,17101.052319253467,12603.37678650411
forecast_0105,2025-01-05 09:00:00,14470.765236401832,16731.116774949136,13792.633902062109
forecast_0106,2025-01-05 10:00:00,13991.861878112646,15922.436831730716,14930.967517255993
forecast_0107,2025-01-05 11:00:00,14438.500145061313,15678.097304356957,14612.818062496215
forecast_0108,2025-01-05 12:00:00,14761.815987368896,16305.268332322727,14475.626424029024
forecast_0109,2025-01-05 13:00:00,14700.90344484997,16019.239126897977,14880.46698997929
forecast_0110,2025-01-05 14:00:00,13679.566108803918,15509.010646020173,13914.100709738004
forecast_0111,2025-01-05 15:00:00,12933.661887962091,14611.046734209202,12955.555898020863
forecast_0112,2025-01-05 16:00:00,12441.200645798977,14410.177215145637,12328.15361253235
forecast_0113,2025-01-05 17:00:00,12345.012086426937,14821.610940233782,11691.220979920436
forecast_0114,2025-01-05 18:00:00,12725.852024523621,15723.149063502831,14870.063832470332
forecast_0115,2025-01-05 19:00:00,14038.062572793766,15593.49085648511,13485.635700317267
forecast_0116,2025-01-05 20:00:00,14640.872422660512,15477.472227036804,12176.793404008738
forecast_0117,2025-01-05 21:00:00,15284.268788643636,15113.312131872659,13379.774484042733
forecast_0118,2025-01-05 22:00:00,14987.953518209975,15460.544469076533,13423.826088672753
forecast_0119,2025-01-05 23:00:00,13991.502175171896,15367.616454298932,12836.87737336359
forecast_0120,2025-01-06 00:00:00,13495.385716079656,14778.843596925617,12300.306197824111
forecast_0121,2025-01-06 01:00:00,13016.929310120617,14292.891269821183,10975.727654242988
forecast_0122,2025-01-06 02:00:00,12467.964362964325,13526.587649311743,10539.616253651102
forecast_0123,2025-01-06 03:00:00,11360.80119765875,12411.200330018,9721.077124115705
forecast_0124,2025-01-06 04:00:00,10225.328093929242,12985.733974090235,8880.298754692034
forecast_0125,2025-01-06 05:00:00,8653.405866951225,10193.478213818127,6289.524415133265
forecast_0126,2025-01-06 06:00:00,8536.6126131336,9358.495169153457,6621.286282378722
forecast_0127,2025-01-06 07:00:00,7468.4989696648845,8708.57214150277,6203.375459304517
forecast_0128,2025-01-06 08:00:00,7266.368133985765,8314.567039018479,5972.852487985185
forecast_0129,2025-01-06 09:00:00,7266.314954431007,8986.928438265688,6363.337834556835
forecast_0130,2025-01-06 10:00:00,7240.421831867743,8391.561133380292,6045.364526133465
forecast_0131,2025-01-06 11:00:00,7282.8781011918345,7761.80888325997,6334.593108494608
forecast_0132,2025-01-06 12:00:00,7599.311654020303,7724.943161711946,6707.333724407736
forecast_0133,2025-01-06 13:00:00,8249.033270249127,7792.2114885939645,7276.467490543314
forecast_0134,2025-01-06 14:00:00,8972.808590917788,8558.557844418243,7445.439771434487
forecast_0135,2025-01-06 15:00:00,10057.847656329848,8685.78684995091,8582.939598074812
forecast_0136,2025-01-06 16:00:00,10831.580088382609,10034.12596121418,9399.960653289607
forecast_0137,2025-01-06 17:00:00,12172.66607800861,12134.55284769813,11619.155688829529
forecast_0138,2025-01-06 18:00:00,12868.079063635218,13675.44437881788,13431.143187179514
forecast_0139,2025-01-06 19:00:00,13501.690763516472,14312.046626377483,13586.562672205235
forecast_0140,2025-01-06 20:00:00,14749.106492692092,15282.43326524948,13962.804339070983
forecast_0141,2025-01-06 21:00:00,15016.5997020012,15900.25239123866,15457.76395149842
forecast_0142,2025-01-06 22:00:00,15839.24608990759,16193.610866698244,15904.572432701396
forecast_0143,2025-01-06 23:00:00,16270.22941054482,16660.110898875973,16359.53411775842
forecast_0144,2025-01-07 00:00:00,17079.867604863764,17922.788690015564,17743.489468366315
forecast_0145,2025-01-07 01:00:00,16497.350092296474,18277.607473383563,16481.04732324013
forecast_0146,2025-01-07 02:00:00,16520.1654793466,18807.589542043177,16133.537416469362
forecast_0147,2025-01-07 03:00:00,16862.058832570754,18944.161177654678,16002.506319926004
forecast_0148,2025-01-07 04:00:00,16353.733701496829,18686.115158004486,15276.835290112347
forecast_0149,2025-01-07 05:00:00,15860.643588230498,17874.37850581521,14791.386601538525
forecast_0150,2025-01-07 06:00:00,15697.890367063008,17969.236879804183,14674.703856762235
forecast_0151,2025-01-07 07:00:00,15665.568046465844,17944.705420444327,14676.903756382215
forecast_0152,2025-01-07 08:00:00,15412.737266616892,18247.283180410897,14680.592013472888
forecast_0153,2025-01-07 09:00:00,15191.399774737953,18408.157335561937,14837.600774778533
forecast_0154,2025-01-07 10:00:00,15408.668759617118,17966.777554851906,14855.84261583072
forecast_0155,2025-01-07 11:00:00,15629.411340818431,18166.9556030339,14914.77842535081
forecast_0156,2025-01-07 12:00:00,15461.432538772726,18047.834173412037,14882.732088383184
forecast_0157,2025-01-07 13:00:00,15709.87238315877,17591.282156613433,14995.105239514101
forecast_0158,2025-01-07 14:00:00,15206.011073893409,16676.35021507435,14734.74747784761
forecast_0159,2025-01-07 15:00:00,15216.252180982548,16155.44576191864,14710.96414083306
forecast_0160,2025-01-07 16:00:00,15298.816768535646,16173.599523208191,14072.956016671444
forecast_0161,2025-01-07 17:00:00,15538.168779465723,16752.1181065991,14198.037428069452
forecast_0162,2025-01-07 18:00:00,15833.89269685953,17361.6536930374,14996.768071062728
forecast_0163,2025-01-07 19:00:00,15906.227806877523,18411.116694975957,15361.01126315086
forecast_0164,2025-01-07 20:00:00,16108.39000054535,18892.92887438479,15451.687726372806
forecast_0165,2025-01-07 21:00:00,15905.694872106942,18837.827995423177,15656.992978908074
forecast_0166,2025-01-07 22:00:00,15933.022545351898,18835.14040834497,15567.680543197519
forecast_0167,2025-01-07 23:00:00,15655.103980596761,18788.563342209512,15620.499906397079
forecast_0168,2025-01-08 00:00:00,15461.749065685191,18854.477210547302,15557.005039907308
forecast_0169,2025-01-08 01:00:00,15603.057705246292,18488.094610623353,15472.286232604465
forecast_0170,2025-01-08 02:00:00,15154.370480833477,18198.44364985625,15294.304061019026
forecast_0171,2025-01-08 03:00:00,14571.774196226175,17535.211390110097,14530.897305251234
forecast_0172,2025-01-08 04:00:00,14428.89390370275,16326.022042635093,13984.36626983807
forecast_0173,2025-01-08 05:00:00,14163.5120737866,15693.138735545504,13848.412713046147
forecast_0174,2025-01-08 06:00:00,14385.543769378644,16012.930489052107,13794.989640918222
forecast_0175,2025-01-08 07:00:00,14310.314045692292,15870.888996363949,13262.649016299449
forecast_0176,2025-01-08 08:00:00,14513.579031299938,16218.998364827288,13612.239385746436
forecast_0177,2025-01-08 09:00:00,14508.788258517548,16802.743445845583,14149.861929368719
forecast_0178,2025-01-08 10:00:00,14711.382453720835,17036.460108182706,13785.192045785756
forecast_0179,2025-01-08 11:00:00,15331.495911556502,17163.4329695173,14997.991666253107
forecast_0180,2025-01-08 12:00:00,15751.869498104923,17448.74024788841,15143.261564337046
forecast_0181,2025-01-08 13:00:00,15777.36805736546,17595.006048809522,16212.307206154883
forecast_0182,2025-01-08 14:00:00,15723.844642513679,17263.458902722377,16195.819055882981
forecast_0183,2025-01-08 15:00:00,15135.927019148185,17189.638280071955,15617.815588562386
forecast_0184,2025-01-08 16:00:00,15257.001996434203,16983.97913477326,14505.207747405928
forecast_0185,2025-01-08 17:00:00,15322.277456990136,16779.715749150517,14281.346535450584
forecast_0186,2025-01-08 18:00:00,14984.560284387571,17114.15681012099,14719.273027506892
forecast_0187,2025-01-08 19:00:00,15200.365082263423,17272.518857874344,14833.22358919907
forecast_0188,2025-01-08 20:00:00,15184.277695364926,17574.703771549026,15077.515897026282
forecast_0189,2025-01-08 21:00:00,15301.619551122067,17519.71490326183,15266.110665338063
forecast_0190,2025-01-08 22:00:00,15379.122669565098,18005.89517231599,15575.684153024853
forecast_0191,2025-01-08 23:00:00,15443.397801444922,18336.989229820196,15113.523212052925
forecast_0192,2025-01-09 00:00:00,15395.517400365366,18392.736790212526,14962.595251083523
forecast_0193,2025-01-09 01:00:00,15450.502168652965,18424.675989921125,14018.588567433091
forecast_0194,2025-01-09 02:00:00,15511.862491100084,18459.577055205973,13845.34251100447
forecast_0195,2025-01-09 03:00:00,15291.0251466494,18257.787381967144,14044.164245579523
forecast_0196,2025-01-09 04:00:00,14862.28867023682,18199.922759435984,14048.133597628957
forecast_0197,2025-01-09 05:00:00,15115.118393687066,18249.445353069856,13845.510237762112
forecast_0198,2025-01-09 06:00:00,14729.422028789402,17901.825980216552,13857.35054779735
forecast_0199,2025-01-09 07:00:00,14798.773877030595,17847.943048442314,13701.255335773016
forecast_0200,2025-01-09 08:00:00,14794.647728112433,17775.808406845917,13835.393716269002
forecast_0201,2025-01-09 09:00:00,14884.94037000698,17526.993797659467,13850.34958705317
forecast_0202,2025-01-09 10:00:00,14860.72152586212,17164.287828650533,13487.81504660906
forecast_0203,2025-01-09 11:00:00,14752.412532354665,17176.972853964693,14124.34089532898
forecast_0204,2025-01-09 12:00:00,14887.681104109157,17402.316441332387,14045.556472427344
forecast_0205,2025-01-09 13:00:00,15172.138325339332,17209.44467914453,13856.20587506162
forecast_0206,2025-01-09 14:00:00,15368.197387639197,16682.496327914916,13679.736088392921
forecast_0207,2025-01-09 15:00:00,15671.303473943743,16219.831082491546,13610.679991982593
forecast_0208,2025-01-09 16:00:00,15822.24012578732,16175.266048374324,13897.420509647556
forecast_0209,2025-01-09 17:00:00,15664.458154568241,15614.350931438497,13841.482510732181
forecast_0210,2025-01-09 18:00:00,15597.046682146723,16550.35700969053,13989.420003406241
forecast_0211,2025-01-09 19:00:00,16774.275142291575,17996.956623174683,13632.5976748129
forecast_0212,2025-01-09 20:00:00,17419.241749552868,19095.945150324,15058.457588075771
forecast_0213,2025-01-09 21:00:00,17860.81813807226,19454.638927825737,15390.07221131837
forecast_0214,2025-01-09 22:00:00,18649.890632419232,19554.299595833563,15637.759410604878
forecast_0215,2025-01-09 23:00:00,19242.524740135574,19289.53049080137,15225.894211056888
forecast_0216,2025-01-10 00:00:00,18941.021546087948,19152.929099976718,14908.05745339128
forecast_0217,2025-01-10 01:00:00,18916.808302084737,19207.88416163081,14276.805278316911
forecast_0218,2025-01-10 02:00:00,18696.561275986434,19220.773879169778,14650.173958524327
forecast_0219,2025-01-10 03:00:00,18436.299285878486,19128.638225549767,15055.021607067187
forecast_0220,2025-01-10 04:00:00,18945.3045764097,18997.698921437932,14725.638210579755
forecast_0221,2025-01-10 05:00:00,18910.90957949659,18738.315778373733,15182.02092081168
forecast_0222,2025-01-10 06:00:00,17648.10306384907,18052.421758344284,14386.84981985416
forecast_0223,2025-01-10 07:00:00,15975.637173383999,15287.617892593156,13273.250575008893
forecast_0224,2025-01-10 08:00:00,14897.523985122985,12804.077505858935,11303.893897404661
forecast_0225,2025-01-10 09:00:00,12307.425585793302,10743.42890773607,8435.807729911383
forecast_0226,2025-01-10 10:00:00,9783.577085578585,8062.030321037459,5943.401699431547
forecast_0227,2025-01-10 11:00:00,6565.800340893836,5449.146483886755,4164.921842065387
forecast_0228,2025-01-10 12:00:00,4906.665746133523,3436.9541838784744,2799.7553652311526
forecast_0229,2025-01-10 13:00:00,3927.6054122329947,3493.45568852535,2576.1049135353837
forecast_0230,2025-01-10 14:00:00,3780.3311006988815,3406.7483441774,3643.028534566244
forecast_0231,2025-01-10 15:00:00,5449.5130326724375,3812.7486020538477,4105.964270713408
forecast_0232,2025-01-10 16:00:00,6627.88793656025,4532.860143130217,4259.04089815003
forecast_0233,2025-01-10 17:00:00,7701.7281633936145,5974.264818299118,5048.712720263495
forecast_0234,2025-01-10 18:00:00,8825.12940899163,7635.059128610243,6426.685621822768
forecast_0235,2025-01-10 19:00:00,9704.574874510268,8778.6131475583,8173.852254892703
forecast_0236,2025-01-10 20:00:00,11066.262084393222,10529.683664569759,8587.795548980977
forecast_0237,2025-01-10 21:00:00,11211.419681448928,10536.094712381106,8641.1500730048
forecast_0238,2025-01-10 22:00:00,11320.108270609175,10062.179731747978,8183.791135033478
forecast_0239,2025-01-10 23:00:00,11676.62354353082,9721.567689072603,8477.078301679088
forecast_0240,2025-01-11 00:00:00,11946.369518759548,10217.376892077138,9015.417387634527
forecast_0241,2025-01-11 01:00:00,13182.488748272608,11171.848586260236,9385.001749220324
forecast_0242,2025-01-11 02:00:00,13117.866743301573,10853.12068358419,9570.035356717624
forecast_0243,2025-01-11 03:00:00,12612.241613383958,11132.451320047874,9546.33273533981
forecast_0244,2025-01-11 04:00:00,12157.596115532366,11331.84540022044,9206.382098183461
forecast_0245,2025-01-11 05:00:00,12103.623180276923,10558.214182003243,8985.067978817746
forecast_0246,2025-01-11 06:00:00,10377.106217879114,9641.841748375573,8519.609247836568
forecast_0247,2025-01-11 07:00:00,9395.726016800769,8781.079302546177,7704.873270202597
forecast_0248,2025-01-11 08:00:00,8191.151155325644,7202.709192485274,6752.2892924915495
forecast_0249,2025-01-11 09:00:00,6555.046091010092,5927.521160871697,5175.875263701311
forecast_0250,2025-01-11 10:00:00,3998.895754324038,3941.096414812053,2953.418086516591
forecast_0251,2025-01-11 11:00:00,2956.182972892348,3230.228153784585,2034.706811060682
forecast_0252,2025-01-11 12:00:00,2543.5545167801797,2285.537912518125,1317.7742979361944
forecast_0253,2025-01-11 13:00:00,2148.242681840479,2258.425468338069,1571.5518504506422
forecast_0254,2025-01-11 14:00:00,2052.611156848274,2847.48150597332,1736.4599028501314
forecast_0255,2025-01-11 15:00:00,2642.7694807942485,2892.9093029046276,1956.2651154268453
forecast_0256,2025-01-11 16:00:00,3787.209068157031,3305.610850795481,2036.211555072025
forecast_0257,2025-01-11 17:00:00,4872.402732731073,4717.625430438573,3564.6283069794763
forecast_0258,2025-01-11 18:00:00,7233.186570792399,6856.828977356344,6533.343056935503
forecast_0259,2025-01-11 19:00:00,9514.522049583715,8620.764487418393,8195.816045614192
forecast_0260,2025-01-11 20:00:00,10593.099522074823,9601.210861189784,9162.785390011451
forecast_0261,2025-01-11 21:00:00,11491.934407619161,9987.979252200981,9306.163867946638
forecast_0262,2025-01-11 22:00:00,12208.485334318491,11752.224359216785,9229.629798191694
forecast_0263,2025-01-11 23:00:00,13549.610832590166,11965.154315574651,9363.290884365095
forecast_0264,2025-01-12 00:00:00,13092.827116700322,11763.674300646051,9659.363336267434
forecast_0265,2025-01-12 01:00:00,11828.751138905198,12449.546224730842,9417.444140807707
forecast_0266,2025-01-12 02:00:00,11971.243787450745,11997.600276858455,9436.927354391219
forecast_0267,2025-01-12 03:00:00,13189.152855880395,13173.298315987126,10180.755119330344
forecast_0268,2025-01-12 04:00:00,14237.442148199061,14651.451996462578,11913.073275874893
forecast_0269,2025-01-12 05:00:00,15683.850440320959,14952.801827960977,13172.462849815576
forecast_0270,2025-01-12 06:00:00,16888.852348431144,16345.576771707889,13539.487060051886
forecast_0271,2025-01-12 07:00:00,16922.80650725538,16558.998439872958,14241.066980766675
forecast_0272,2025-01-12 08:00:00,17310.014115070047,17039.467400962443,14704.237544260683
forecast_0273,2025-01-12 09:00:00,17374.28931570263,17037.79283929829,14132.329245420453
forecast_0274,2025-01-12 10:00:00,15466.382239165547,15824.591482949034,12251.198703504344
forecast_0275,2025-01-12 11:00:00,13629.480284080993,13753.929804671316,9756.319459426668
forecast_0276,2025-01-12 12:00:00,11812.451846776106,12824.191651191408,9291.26091930103
forecast_0277,2025-01-12 13:00:00,11505.7109257701,12082.658128030496,8801.988952021627
forecast_0278,2025-01-12 14:00:00,11254.000115362525,12498.10297957102,8683.428354370504
forecast_0279,2025-01-12 15:00:00,11605.506538896665,13060.880521698251,8502.81865933338
forecast_0280,2025-01-12 16:00:00,12085.379316777095,12199.240562568082,8749.48772534988
forecast_0281,2025-01-12 17:00:00,12529.802513647524,12765.61801061168,9655.372876594762
forecast_0282,2025-01-12 18:00:00,13115.428263621487,14613.532633929357,12386.248626487532
forecast_0283,2025-01-12 19:00:00,14511.532252225044,15098.402643951984,13230.629450367254
forecast_0284,2025-01-12 20:00:00,14843.301668740425,15328.866234286525,13711.331181092415
forecast_0285,2025-01-12 21:00:00,14839.242894502657,16234.922247741632,13814.029358720803
forecast_0286,2025-01-12 22:00:00,15340.03119233306,16832.333716939404,14564.277348477786
forecast_0287,2025-01-12 23:00:00,16037.009791655066,17042.8074352072,16003.502207852353
forecast_0288,2025-01-13 00:00:00,17285.083016145174,16712.515897264184,16614.795030146386
forecast_0289,2025-01-13 01:00:00,18779.21807187192,18159.734098998837,17695.969724635957
forecast_0290,2025-01-13 02:00:00,19323.3942009847,19433.60983321063,18108.68591851258
forecast_0291,2025-01-13 03:00:00,19778.801729696006,19755.1752985353,18981.06571563891
forecast_0292,2025-01-13 04:00:00,20053.96319168118,19866.218912360688,18977.222444397637
forecast_0293,2025-01-13 05:00:00,20041.207218744486,20020.69256706422,19042.41269130043
forecast_0294,2025-01-13 06:00:00,20016.645349513165,20133.08780561269,19111.695070366015
forecast_0295,2025-01-13 07:00:00,20074.65276301375,20193.792795576206,19026.56082676255
forecast_0296,2025-01-13 08:00:00,19915.52776954488,20074.793405982444,18602.070869571155
forecast_0297,2025-01-13 09:00:00,19580.85297791323,20188.90581318031,18951.949265263123
forecast_0298,2025-01-13 10:00:00,17873.431378548485,19302.07838903897,18676.58672942851
forecast_0299,2025-01-13 11:00:00,17423.35309589748,19462.42481207805,18559.81727586025
forecast_0300,2025-01-13 12:00:00,15889.484615744263,18577.80545221924,17913.075570478002
forecast_0301,2025-01-13 13:00:00,15319.111256584929,16539.410761155475,15205.14039811119
forecast_0302,2025-01-13 14:00:00,14769.600022808425,14507.705000898024,12678.913702190552
forecast_0303,2025-01-13 15:00:00,14894.587254511422,14528.774063274042,13045.609481213385
forecast_0304,2025-01-13 16:00:00,14834.315723577398,14783.373325066035,13285.790667909856
forecast_0305,2025-01-13 17:00:00,14453.649387449552,15036.283967157116,13243.040249144813
forecast_0306,2025-01-13 18:00:00,14517.805945236581,15142.557791955882,14509.341373978401
forecast_0307,2025-01-13 19:00:00,15155.791248321155,15706.49858677142,15316.011795619383
forecast_0308,2025-01-13 20:00:00,15352.600306211272,16645.50987967227,15030.261557291291
forecast_0309,2025-01-13 21:00:00,15995.961262806475,17440.322520823316,16231.552612784351
forecast_0310,2025-01-13 22:00:00,17192.503809556103,18083.344748821026,18052.96026723337
forecast_0311,2025-01-13 23:00:00,17577.15593871353,18342.92814019822,17873.635579635633
forecast_0312,2025-01-14 00:00:00,17769.57279050022,18466.091640764233,18500.915309462012
forecast_0313,2025-01-14 01:00:00,17927.936064475936,18547.907189929134,18822.66103420343
forecast_0314,2025-01-14 02:00:00,18037.843191044936,18572.651369125757,19018.694428127335
forecast_0315,2025-01-14 03:00:00,18007.470771746288,18412.76615970941,19135.964924022956
forecast_0316,2025-01-14 04:00:00,18034.441848746927,18508.124563614325,18974.076073679505
forecast_0317,2025-01-14 05:00:00,17996.91264482345,18712.418131557228,19025.129840407215
forecast_0318,2025-01-14 06:00:00,18042.91878470085,18777.84049123487,19090.122607157064
forecast_0319,2025-01-14 07:00:00,18207.825579075892,18965.967144789694,19104.847919504457
forecast_0320,2025-01-14 08:00:00,18062.166163332644,18250.86189241901,18548.77075675922
forecast_0321,2025-01-14 09:00:00,17852.93073495848,17778.24810361134,18429.728535700036
forecast_0322,2025-01-14 10:00:00,17349.92933376389,17411.624560010012,18656.063991918316
forecast_0323,2025-01-14 11:00:00,16290.525453409318,16662.544875067862,18117.278860035363
forecast_0324,2025-01-14 12:00:00,16383.063453260494,16295.95092656523,14939.93102527272
forecast_0325,2025-01-14 13:00:00,14752.197810908889,15632.842257788077,13393.844901118195
forecast_0326,2025-01-14 14:00:00,14278.012261181892,14051.467052577467,12847.765206704064
forecast_0327,2025-01-14 15:00:00,14194.532870345833,13751.438592293176,12221.904155533259
forecast_0328,2025-01-14 16:00:00,13853.546736244509,13216.406597095027,11703.97498172929
forecast_0329,2025-01-14 17:00:00,13252.772926083766,12918.377802018287,11068.611423149647
forecast_0330,2025-01-14 18:00:00,13256.715526072736,13634.347542983603,11651.13218633179
forecast_0331,2025-01-14 19:00:00,12904.467536330545,13682.063618038941,11787.558852520437
forecast_0332,2025-01-14 20:00:00,13168.515777960634,13374.702281860113,11249.17188491598
forecast_0333,2025-01-14 21:00:00,14063.944568135068,13516.361383662828,11803.311604049733
forecast_0334,2025-01-14 22:00:00,14263.174283521555,13730.794211942983,13797.376768173272
forecast_0335,2025-01-14 23:00:00,14371.58718501966,13651.333419155279,11941.314601261845
forecast_0336,2025-01-15 00:00:00,14325.685684370244,13550.503840325215,11256.91183666505
forecast_0337,2025-01-15 01:00:00,14238.947974177896,13698.903877734487,10968.403195870327
forecast_0338,2025-01-15 02:00:00,14167.782768267305,13428.043357075116,9851.025082514028
forecast_0339,2025-01-15 03:00:00,13883.176591997471,13413.12025350147,9976.332792428877
forecast_0340,2025-01-15 04:00:00,13634.023047960192,13048.185446281219,8901.680814168478
forecast_0341,2025-01-15 05:00:00,13758.321254725764,13620.128697904325,9050.79008307754
forecast_0342,2025-01-15 06:00:00,14348.759684344324,13641.228513401471,9567.533159136752
forecast_0343,2025-01-15 07:00:00,14512.31980049601,14172.932577342599,11310.977541035913
forecast_0344,2025-01-15 08:00:00,14636.902584803613,14793.715039742818,11433.753089296226
forecast_0345,2025-01-15 09:00:00,14344.710158874996,14947.062228955765,13317.813682017992
forecast_0346,2025-01-15 10:00:00,13922.567997235497,15268.769539570789,12847.566626419568
forecast_0347,2025-01-15 11:00:00,13822.203091711752,14860.234623862856,12127.503224781685
forecast_0348,2025-01-15 12:00:00,13329.056345005143,13292.918686865898,12008.88516640007
forecast_0349,2025-01-15 13:00:00,12865.41868770729,12589.586364371115,11949.355870115447
forecast_0350,2025-01-15 14:00:00,12215.423325001339,12252.951383035168,11280.85024211853
forecast_0351,2025-01-15 15:00:00,12442.93493749619,11879.909262991947,11081.846903209685
forecast_0352,2025-01-15 16:00:00,12534.3999159037,12114.041312370786,11362.511865834538
forecast_0353,2025-01-15 17:00:00,13051.739992141092,13159.458349646025,12827.1660900901
forecast_0354,2025-01-15 18:00:00,14009.70770989122,14518.720177364496,14369.587091906793
forecast_0355,2025-01-15 19:00:00,15917.668415024966,15984.547484491319,15596.583746225213
forecast_0356,2025-01-15 20:00:00,16857.475394919187,17532.537439531567,15934.865391962692
forecast_0357,2025-01-15 21:00:00,17807.207594262545,19123.96259185236,16238.187483784335
forecast_0358,2025-01-15 22:00:00,18163.792242937845,19493.525231532345,16545.624252540547
forecast_0359,2025-01-15 23:00:00,18451.99725515851,19317.04105654781,17345.637158611873
forecast_0360,2025-01-16 00:00:00,18256.991490427845,19418.082126529724,17928.76325711822
forecast_0361,2025-01-16 01:00:00,18908.066197717548,19687.232326869074,17950.978491341288
forecast_0362,2025-01-16 02:00:00,18998.29148297535,19631.748829913216,18209.148215652196
forecast_0363,2025-01-16 03:00:00,18685.3670489808,19924.7390977787,18227.644185407647
forecast_0364,2025-01-16 04:00:00,19148.475836093814,20370.56690418009,18571.20676257423
forecast_0365,2025-01-16 05:00:00,19276.96041699982,20722.555798439138,19257.343481419583
forecast_0366,2025-01-16 06:00:00,19290.151934683126,20579.13360459884,19198.14921264576
forecast_0367,2025-01-16 07:00:00,19396.716007859828,20533.88036516938,19384.889190409413
forecast_0368,2025-01-16 08:00:00,19664.24148593475,20493.11719325739,19404.504506544392
forecast_0369,2025-01-16 09:00:00,19649.627576759227,20597.08299342898,19294.648215255387
forecast_0370,2025-01-16 10:00:00,19213.164440949462,20543.352558071092,19219.114744874776
forecast_0371,2025-01-16 11:00:00,18818.089681193407,20301.777456839114,18922.893238422694
forecast_0372,2025-01-16 12:00:00,18503.126314215577,20017.575025663216,18707.690161333252
forecast_0373,2025-01-16 13:00:00,17545.144325370435,19577.52971900079,18521.05498000244
forecast_0374,2025-01-16 14:00:00,17381.93934598923,19003.077153594488,17597.51088033543
forecast_0375,2025-01-16 15:00:00,17375.807709847788,18923.534027862926,17643.88601377151
forecast_0376,2025-01-16 16:00:00,17463.881325271177,18803.698415603874,17089.528265532583
forecast_0377,2025-01-16 17:00:00,17976.83503201305,19189.34236980894,17777.717541071223
forecast_0378,2025-01-16 18:00:00,17961.261057273587,18803.532524491002,17589.619935066752
forecast_0379,2025-01-16 19:00:00,17493.28946395897,17636.00691792441,15981.332492171477
forecast_0380,2025-01-16 20:00:00,14998.619943745154,15873.65391550084,11869.990233764656
forecast_0381,2025-01-16 21:00:00,13464.874903484822,13191.851635604731,10072.387457754083
forecast_0382,2025-01-16 22:00:00,12315.81239248532,12245.636707999158,8429.55747288295
forecast_0383,2025-01-16 23:00:00,11124.533375106177,10268.218746751798,7704.805683219953
forecast_0384,2025-01-17 00:00:00,9284.928057117224,8902.40083548456,5060.340455660069
forecast_0385,2025-01-17 01:00:00,5809.457237971647,5582.939316288615,1542.7077578907147
forecast_0386,2025-01-17 02:00:00,3629.939532245235,2327.773592932298,991.9915593307717
forecast_0387,2025-01-17 03:00:00,1823.556155360759,1718.2553476659668,675.3063378134308
forecast_0388,2025-01-17 04:00:00,1082.997136304562,858.8191359949127,650.2603510158075
forecast_0389,2025-01-17 05:00:00,998.0153974154816,770.470054726094,613.5932541701457
forecast_0390,2025-01-17 06:00:00,975.0205138925696,751.0772149023926,587.8009737723678
forecast_0391,2025-01-17 07:00:00,930.3959955968801,895.4195747976983,581.1123130642266
forecast_0392,2025-01-17 08:00:00,951.6496464038283,1219.4562783761648,572.664068677922
forecast_0393,2025-01-17 09:00:00,853.0693880868475,1145.6843872226136,546.2873118327589
forecast_0394,2025-01-17 10:00:00,621.0296011877357,740.5168615056486,539.7305846777361
forecast_0395,2025-01-17 11:00:00,541.9955801858184,497.8248412114211,646.3715088866577
forecast_0396,2025-01-17 12:00:00,649.6950418487149,628.966391460661,723.0949859130541
forecast_0397,2025-01-17 13:00:00,823.6115701111636,730.9210717609138,841.32482219432
forecast_0398,2025-01-17 14:00:00,1765.431753262746,1255.9682923103342,1100.2897023573953
forecast_0399,2025-01-17 15:00:00,2979.8677747192955,2256.1660483127043,1865.6406019455073
forecast_0400,2025-01-17 16:00:00,4373.659584649715,3833.386043294272,2412.4334133275775
forecast_0401,2025-01-17 17:00:00,6881.46352217007,6640.746033995568,3850.807537690829
forecast_0402,2025-01-17 18:00:00,8798.352559369745,8585.741982362431,6917.273356094385
forecast_0403,2025-01-17 19:00:00,11240.975790650788,11129.971903038047,8534.654459099407
forecast_0404,2025-01-17 20:00:00,12986.731292232535,12586.492572035573,9398.156083603204
forecast_0405,2025-01-17 21:00:00,14055.08958886357,13793.85630443477,11093.70819238112
forecast_0406,2025-01-17 22:00:00,14924.423756199969,14127.015101343253,11343.422444341917
forecast_0407,2025-01-17 23:00:00,15537.007537706855,14327.108721652456,12152.608267949741
forecast_0408,2025-01-18 00:00:00,16634.77539827951,15763.332508873096,12163.112643083505
forecast_0409,2025-01-18 01:00:00,15539.354288905826,15530.572507959581,11481.143062815127
forecast_0410,2025-01-18 02:00:00,15888.615352770841,15649.96103586462,11631.39833771328
forecast_0411,2025-01-18 03:00:00,16838.23585891158,16016.887628817332,13011.843188791716
forecast_0412,2025-01-18 04:00:00,17867.551635678534,16428.772839890607,12656.239675687255
forecast_0413,2025-01-18 05:00:00,17997.888582394742,15968.662426587685,12197.776730401169
forecast_0414,2025-01-18 06:00:00,17052.8114335975,15534.454892626036,10646.046690539104
forecast_0415,2025-01-18 07:00:00,15094.578035242357,13741.24370834164,8601.149521775802
forecast_0416,2025-01-18 08:00:00,12894.11494724122,11262.288448841044,7003.641541785753
forecast_0417,2025-01-18 09:00:00,10385.454677866972,9268.965965678948,4492.099788500277
forecast_0418,2025-01-18 10:00:00,8225.901394556035,6620.317414121802,2516.520142837474
forecast_0419,2025-01-18 11:00:00,5579.707065457345,4549.140654005487,2251.441439387212
forecast_0420,2025-01-18 12:00:00,4663.836061723858,4114.5801763614545,2698.589885593142
forecast_0421,2025-01-18 13:00:00,4096.21981508146,4224.1742974781,2831.1963828119788
forecast_0422,2025-01-18 14:00:00,4407.34278101584,4483.570131025663,2737.7607158235232
forecast_0423,2025-01-18 15:00:00,5411.550838711391,5098.783993628792,3058.0760509268603
forecast_0424,2025-01-18 16:00:00,6333.893148078615,6883.610223867854,3967.6295221276996
forecast_0425,2025-01-18 17:00:00,10633.0794307035,9718.630064437206,7592.246768578145
forecast_0426,2025-01-18 18:00:00,14312.863097567262,13390.06181074995,9890.820073102024
forecast_0427,2025-01-18 19:00:00,16745.570951407557,15664.00452666195,12491.461339258625
forecast_0428,2025-01-18 20:00:00,18918.560186428946,17489.47216118508,13517.49656795046
forecast_0429,2025-01-18 21:00:00,19853.823717479274,18729.11358562849,16061.522598035095
forecast_0430,2025-01-18 22:00:00,19921.09019208911,18957.739351227556,16041.337175157209
forecast_0431,2025-01-18 23:00:00,19452.398827280154,19091.671549956616,15450.846695335691
forecast_0432,2025-01-19 00:00:00,19160.661819666217,18786.662519682937,14873.093657838966
forecast_0433,2025-01-19 01:00:00,18785.28051059467,18522.909326116314,15240.511892295865
forecast_0434,2025-01-19 02:00:00,18782.76279166846,18692.32510714176,14766.125038788017
forecast_0435,2025-01-19 03:00:00,19194.368555809306,19106.57789264878,15229.077090640643
forecast_0436,2025-01-19 04:00:00,19632.20164168581,19303.26239302301,16446.7760318604
forecast_0437,2025-01-19 05:00:00,20087.760311543723,19558.035271992434,16716.24984377126
forecast_0438,2025-01-19 06:00:00,20246.592496691235,19539.847987486486,17461.27604990421
forecast_0439,2025-01-19 07:00:00,20340.52137255783,19534.44410245052,16771.175209389534
forecast_0440,2025-01-19 08:00:00,20074.229716994127,19326.107493051753,15432.856763963562
forecast_0441,2025-01-19 09:00:00,19120.12624189818,18471.39743906193,14098.546176934427
forecast_0442,2025-01-19 10:00:00,17079.613200220247,17710.88443754577,13000.710808511825
forecast_0443,2025-01-19 11:00:00,13919.239175922237,16730.880045149228,10487.170553035103
forecast_0444,2025-01-19 12:00:00,11624.811812618065,15237.84776614211,9389.271520480474
forecast_0445,2025-01-19 13:00:00,10633.295049956963,12688.377933488791,7697.4807372859495
forecast_0446,2025-01-19 14:00:00,10328.986724229813,11569.366917662963,6640.738112485978
forecast_0447,2025-01-19 15:00:00,8917.220207459872,10024.032893283296,6261.690190677702
forecast_0448,2025-01-19 16:00:00,8393.722849912936,9696.640557150591,5689.773090140005
forecast_0449,2025-01-19 17:00:00,9432.390616330978,11474.25649061913,6562.610380940861
forecast_0450,2025-01-19 18:00:00,11377.563196223864,12580.590428472882,8231.590380394999
forecast_0451,2025-01-19 19:00:00,12619.777603038023,13712.563555664623,9348.2737018968
forecast_0452,2025-01-19 20:00:00,12763.579912236455,14570.836460004506,9706.349479500128
forecast_0453,2025-01-19 21:00:00,13621.40473865514,15041.897431499883,9527.7766819412
forecast_0454,2025-01-19 22:00:00,13660.416958866197,14805.274486580827,9799.1320870848
forecast_0455,2025-01-19 23:00:00,14040.177486767954,13859.004951587256,9655.892133874922
forecast_0456,2025-01-20 00:00:00,14166.081265961335,13478.488078168286,9271.831011780772
forecast_0457,2025-01-20 01:00:00,12266.472820156998,10827.775937978198,8261.177672138867
forecast_0458,2025-01-20 02:00:00,10495.064865472528,9609.526364594727,7559.9005713632505
forecast_0459,2025-01-20 03:00:00,9163.914944529495,8710.356460381117,7179.940366858366
forecast_0460,2025-01-20 04:00:00,8169.670550567233,7006.011109432808,5427.7653629388615
forecast_0461,2025-01-20 05:00:00,6872.052445695084,5206.320029272483,4154.310154888075
forecast_0462,2025-01-20 06:00:00,4484.0765300824805,4825.970444742183,2334.507955626433
forecast_0463,2025-01-20 07:00:00,2956.3799705099286,2590.6911423292777,1423.9383636305174
forecast_0464,2025-01-20 08:00:00,1431.3545591392167,1197.3571794696118,789.8654585810616
forecast_0465,2025-01-20 09:00:00,437.04839616564584,619.748479565103,552.7250912973882
forecast_0466,2025-01-20 10:00:00,251.68444014884506,355.4179068175621,535.0469569221093
forecast_0467,2025-01-20 11:00:00,220.53094094842507,263.84235296149694,535.0469569221093
forecast_0468,2025-01-20 12:00:00,221.54274234107336,244.28482573091674,535.0469569221093
forecast_0469,2025-01-20 13:00:00,225.56074454817892,256.46410270346524,535.0469569221093
forecast_0470,2025-01-20 14:00:00,225.56074454817892,247.60156186191952,535.0469569221093
forecast_0471,2025-01-20 15:00:00,225.11976984277268,246.1817700017669,535.0469569221093
forecast_0472,2025-01-20 16:00:00,222.60394223417381,247.81569710196842,535.0469569221093
forecast_0473,2025-01-20 17:00:00,222.55816234877676,245.8823882092544,535.0469569221093
forecast_0474,2025-01-20 18:00:00,229.92149621243107,251.53191593143902,535.0469569221093
forecast_0475,2025-01-20 19:00:00,243.16481192745925,250.1258420781043,535.6029341789128
forecast_0476,2025-01-20 20:00:00,274.35811885259625,345.0212867251478,537.4918372657299
forecast_0477,2025-01-20 21:00:00,281.28908630686374,465.998841242322,593.0786585662867
forecast_0478,2025-01-20 22:00:00,344.2086200553488,574.9218084151444,690.5761523555911
forecast_0479,2025-01-20 23:00:00,408.2249647105537,825.0743561581677,813.4329912326298
forecast_0480,2025-01-21 00:00:00,762.1985786487262,1122.7363722387786,932.7958455934931
forecast_0481,2025-01-21 01:00:00,1930.3187627790116,1840.7881859615609,1378.2643867921954
forecast_0482,2025-01-21 02:00:00,3367.351533266873,2303.154931479843,1838.365740603696
forecast_0483,2025-01-21 03:00:00,4223.658518994976,3419.0389489655668,2723.187589975043
forecast_0484,2025-01-21 04:00:00,4854.460431127573,3751.0101629358924,3108.8968726380276
forecast_0485,2025-01-21 05:00:00,5949.88684496953,3904.175849659471,2927.2030629235906
forecast_0486,2025-01-21 06:00:00,5200.89128715987,3755.229633992203,2796.199258453291
forecast_0487,2025-01-21 07:00:00,4546.762367645434,3249.2649005467283,2364.9530990461285
forecast_0488,2025-01-21 08:00:00,3986.8207995241864,2672.089606701421,1782.1987337287467
forecast_0489,2025-01-21 09:00:00,2940.0810139040486,2012.1137826555864,1426.850196212085
forecast_0490,2025-01-21 10:00:00,1388.1341693184986,1166.2683528756893,933.6084138180828
forecast_0491,2025-01-21 11:00:00,1432.7788533871944,984.7130997532688,1053.6938770876998
forecast_0492,2025-01-21 12:00:00,1939.8278096237023,1445.0681629705086,1184.2474071677875
forecast_0493,2025-01-21 13:00:00,2432.508474859164,1988.7880895559658,1821.2920072524369
forecast_0494,2025-01-21 14:00:00,3058.4513537235616,3378.799832583737,2423.7076020272752
forecast_0495,2025-01-21 15:00:00,4615.926734689482,3932.4468997908025,3159.044558237083
forecast_0496,2025-01-21 16:00:00,5889.316097870468,5107.906456291266,3793.6236170808056
forecast_0497,2025-01-21 17:00:00,7348.743047947906,7764.2461286638445,6001.663000423085
forecast_0498,2025-01-21 18:00:00,8865.22171190113,9666.67675092839,8058.009898299036
forecast_0499,2025-01-21 19:00:00,10579.532648212142,11568.134038711036,10065.852702187833
forecast_0500,2025-01-21 20:00:00,11851.777273809532,13901.334062846918,10344.06567442643
forecast_0501,2025-01-21 21:00:00,12617.017418183445,14372.14267533136,11073.215142705656
forecast_0502,2025-01-21 22:00:00,12391.307801789157,14929.714948705214,11484.13540009194
forecast_0503,2025-01-21 23:00:00,12971.39330408967,14913.395443997662,10937.29061727412
forecast_0504,2025-01-22 00:00:00,11819.65683127531,14655.09436700577,9930.21571941457
forecast_0505,2025-01-22 01:00:00,12931.537605092435,15282.702632102275,9916.335392696077
forecast_0506,2025-01-22 02:00:00,13167.366391410995,14920.89275319916,10388.874886292775
forecast_0507,2025-01-22 03:00:00,13222.649871220117,14588.034042061132,10120.43857669675
forecast_0508,2025-01-22 04:00:00,13339.120834631714,14350.342796971294,11001.106031155092
forecast_0509,2025-01-22 05:00:00,13596.703451283327,15147.600612742344,11646.675216802625
forecast_0510,2025-01-22 06:00:00,14321.505022719251,15289.001969700394,12217.651518546118
forecast_0511,2025-01-22 07:00:00,15847.467010613895,16342.818633221956,14600.251733967569
forecast_0512,2025-01-22 08:00:00,15758.421614265473,16595.765093416405,14478.235809116164
forecast_0513,2025-01-22 09:00:00,15268.549351672573,15832.374843533054,14099.527186642707
forecast_0514,2025-01-22 10:00:00,13537.426031740382,13564.66844587473,12734.841852390444
forecast_0515,2025-01-22 11:00:00,11779.304557681393,11726.651331327872,9828.429097046668
forecast_0516,2025-01-22 12:00:00,9672.357017474375,9772.53400361291,7148.616141275268
forecast_0517,2025-01-22 13:00:00,8271.696543230777,8350.796378512818,5950.716822353716
forecast_0518,2025-01-22 14:00:00,7143.231475875375,6798.729169643675,5439.669319908648
forecast_0519,2025-01-22 15:00:00,6254.094769977843,5120.385972798457,4602.622308710189
forecast_0520,2025-01-22 16:00:00,6099.244641587832,5145.8373500192565,4321.734397197352
forecast_0521,2025-01-22 17:00:00,7419.463585972455,6102.502274291754,4661.562854704577
forecast_0522,2025-01-22 18:00:00,8538.626834836827,8521.346430780508,5744.198405366238
forecast_0523,2025-01-22 19:00:00,9970.203821557614,9954.53174536267,7096.2198355018845
forecast_0524,2025-01-22 20:00:00,10793.162081691022,10308.172090206761,6602.80297909816
forecast_0525,2025-01-22 21:00:00,11014.239384668064,11381.503247093493,6734.78324763474
forecast_0526,2025-01-22 22:00:00,11897.003286825844,11917.877499291699,7566.513911798975
forecast_0527,2025-01-22 23:00:00,11846.351947553667,12108.74714428058,8128.771543963007
forecast_0528,2025-01-23 00:00:00,12379.857115247924,13372.604066322667,8653.130247268258
forecast_0529,2025-01-23 01:00:00,12631.066157830712,13317.453011780222,9433.022147869393
forecast_0530,2025-01-23 02:00:00,12847.518045629558,13886.03601886776,9599.329406673762
forecast_0531,2025-01-23 03:00:00,13524.479649757788,14945.56769555695,9898.524276188335
forecast_0532,2025-01-23 04:00:00,12992.697559222477,15163.388420416532,9756.378555051784
forecast_0533,2025-01-23 05:00:00,11915.059174798691,14662.937626851704,9084.19143880989
forecast_0534,2025-01-23 06:00:00,11535.515336419523,13895.67147072608,7948.92555108998
forecast_0535,2025-01-23 07:00:00,10783.3892110003,13597.122699808984,7762.8624297777105
forecast_0536,2025-01-23 08:00:00,10350.864286549066,12987.162449610272,6344.027928607517
forecast_0537,2025-01-23 09:00:00,8393.352529446012,9957.533170758797,5043.673719828233
forecast_0538,2025-01-23 10:00:00,5836.532865112622,8259.136744163954,2713.0660701407596
forecast_0539,2025-01-23 11:00:00,4550.870383422567,5795.174771258013,2149.7694813743137
forecast_0540,2025-01-23 12:00:00,4034.997247466081,3623.1263840976135,2246.8267643862537
forecast_0541,2025-01-23 13:00:00,3111.2573506250146,2970.1308366022977,1883.5920314741277
forecast_0542,2025-01-23 14:00:00,2504.94562609882,1998.4964928559912,1733.545823001783
forecast_0543,2025-01-23 15:00:00,1818.1348815540937,1448.0388086873763,1144.792027520365
forecast_0544,2025-01-23 16:00:00,1655.188021497627,1307.7636553647935,898.3019324913906
forecast_0545,2025-01-23 17:00:00,1662.5584384047936,1478.6258631523986,742.6280968514195
forecast_0546,2025-01-23 18:00:00,2176.011790482776,1817.9177220091765,857.0985467163014
forecast_0547,2025-01-23 19:00:00,2518.391054369225,2025.4668121410816,991.3882238033086
forecast_0548,2025-01-23 20:00:00,2506.9768113682467,2397.234540936547,1095.4822516757329
forecast_0549,2025-01-23 21:00:00,2663.664443760412,2428.980741640782,1139.2475458492288
forecast_0550,2025-01-23 22:00:00,3100.6715972397656,3335.643648569144,1227.1614166950908
forecast_0551,2025-01-23 23:00:00,3250.1140115913995,3903.352723525536,1306.1027732051439
forecast_0552,2025-01-24 00:00:00,2971.396317615863,3280.8590942316564,1068.627181849744
forecast_0553,2025-01-24 01:00:00,2198.9650330786462,2100.2746950752917,779.1134417671303
forecast_0554,2025-01-24 02:00:00,1839.3273911746758,1557.2996355066477,629.1946696277778
forecast_0555,2025-01-24 03:00:00,1872.8558615732024,1097.3692567493695,596.7822250012878
forecast_0556,2025-01-24 04:00:00,1697.7206695670056,960.7280809897934,586.0782209804368
forecast_0557,2025-01-24 05:00:00,1162.2954981004636,647.5387859289383,552.444518219457
forecast_0558,2025-01-24 06:00:00,561.8223078431781,464.1794230578756,540.4769840854565
forecast_0559,2025-01-24 07:00:00,378.44916627618454,397.037910057878,536.0368301902654
forecast_0560,2025-01-24 08:00:00,349.7944156613566,384.6952922652482,535.8279709373071
forecast_0561,2025-01-24 09:00:00,267.965473554517,364.00851686954104,535.4808529334618
forecast_0562,2025-01-24 10:00:00,237.1121948827381,257.94562815315356,535.4808529334618
forecast_0563,2025-01-24 11:00:00,222.3174821097214,220.23963698052194,535.4808529334618
forecast_0564,2025-01-24 12:00:00,232.1481786028661,226.70789246108993,535.8279709373071
forecast_0565,2025-01-24 13:00:00,237.55954898012044,225.6351753313945,542.920080184526
forecast_0566,2025-01-24 14:00:00,229.52095183842377,249.824630658506,540.1385750976656
forecast_0567,2025-01-24 15:00:00,234.98212484561373,292.8253420598838,554.1888534571599
forecast_0568,2025-01-24 16:00:00,291.50620060723827,354.0425242584523,572.5010383762935
forecast_0569,2025-01-24 17:00:00,309.58907038528446,441.2294065830887,584.8740855963019
forecast_0570,2025-01-24 18:00:00,586.4535329123855,692.2272668081309,663.6980733834972
forecast_0571,2025-01-24 19:00:00,1282.704535991035,2083.9636155143876,893.792875811349
forecast_0572,2025-01-24 20:00:00,2177.311689246979,3013.695485912576,1339.8806747742135
forecast_0573,2025-01-24 21:00:00,2672.3408443917438,3538.5462776880736,1909.7208047169215
forecast_0574,2025-01-24 22:00:00,3387.090344650439,3419.1874806898086,2238.8620058707047
forecast_0575,2025-01-24 23:00:00,3888.5035199431645,4307.882742395951,2902.3305067723204
forecast_0576,2025-01-25 00:00:00,4981.617021133705,5473.261982555366,3466.4183718172544
forecast_0577,2025-01-25 01:00:00,4007.3749780500148,5955.3848374926,3639.0103787205626
forecast_0578,2025-01-25 02:00:00,4112.603719537558,6501.82885315888,4650.552210750141
forecast_0579,2025-01-25 03:00:00,4870.056830591785,6429.940534855893,5347.726783234777
forecast_0580,2025-01-25 04:00:00,5592.904534620193,6476.365248425808,6248.23188574175
forecast_0581,2025-01-25 05:00:00,5785.070625207969,6346.824502736115,6365.593414064725
forecast_0582,2025-01-25 06:00:00,5800.715517400484,6318.0367354626505,6367.934473226996
forecast_0583,2025-01-25 07:00:00,5854.270274227886,6533.954709669083,6487.9939950276585
forecast_0584,2025-01-25 08:00:00,5723.211561388346,6602.612877181998,6178.858116169578
forecast_0585,2025-01-25 09:00:00,5497.530615318642,6546.231058886648,6471.466156052388
forecast_0586,2025-01-25 10:00:00,4300.40161967564,6321.842521934518,6383.338249187152
forecast_0587,2025-01-25 11:00:00,3655.8708147128464,5570.227863623055,5246.686352056886
forecast_0588,2025-01-25 12:00:00,3207.678587071847,4170.211522124773,4810.907193932246
forecast_0589,2025-01-25 13:00:00,3049.3681177795297,3690.7949354950943,4150.880300684146
forecast_0590,2025-01-25 14:00:00,3071.722381102129,3995.9804076199125,4452.6721654054045
forecast_0591,2025-01-25 15:00:00,3650.4913496594804,4088.214782401793,4048.7062670347723
forecast_0592,2025-01-25 16:00:00,3886.2398355094656,4895.168568106261,4228.931269475079
forecast_0593,2025-01-25 17:00:00,4667.507312503606,5867.5281045553975,4787.502192298589
forecast_0594,2025-01-25 18:00:00,5264.398867066803,6067.575573145794,5483.1325716415495
forecast_0595,2025-01-25 19:00:00,5585.574141684955,6657.148632714416,6619.89020125969
forecast_0596,2025-01-25 20:00:00,5694.312445000394,6904.491750974793,6932.4988656301875
forecast_0597,2025-01-25 21:00:00,5689.114328699492,6870.82859204012,7022.0252310043015
forecast_0598,2025-01-25 22:00:00,5836.826096380219,7163.140802199497,7393.367302239597
forecast_0599,2025-01-25 23:00:00,6052.829356405522,7411.008392199594,7409.283950422524
forecast_0600,2025-01-26 00:00:00,5656.3870668869,7714.2549047818275,7112.718359896513
forecast_0601,2025-01-26 01:00:00,5971.75964226029,7244.419060832808,7681.275625298475
forecast_0602,2025-01-26 02:00:00,5593.452327752228,6934.823091151848,7412.581821314454
forecast_0603,2025-01-26 03:00:00,5177.326947080492,7137.445336267308,7001.26415558378
forecast_0604,2025-01-26 04:00:00,5262.7239047270605,7209.801381131661,6550.609169185173
forecast_0605,2025-01-26 05:00:00,5183.630949195107,7067.62875904154,5472.7067871545005
forecast_0606,2025-01-26 06:00:00,4849.133668622567,6720.245333673074,4991.691683594342
forecast_0607,2025-01-26 07:00:00,4567.163545194229,6693.044676063566,4408.619936457384
forecast_0608,2025-01-26 08:00:00,4247.72654892781,6424.261860742031,4554.5486770485995
forecast_0609,2025-01-26 09:00:00,4109.827408438747,5147.5802185571165,3544.0085192348197
forecast_0610,2025-01-26 10:00:00,3023.8986777371374,4534.462505937157,3127.6982475672876
forecast_0611,2025-01-26 11:00:00,2543.5873084824048,3530.039339944743,2678.173573756531
forecast_0612,2025-01-26 12:00:00,1872.1174654629472,2809.520144186453,2153.32896377704
forecast_0613,2025-01-26 13:00:00,1002.4425117866434,1453.0810722682318,881.1310583248251
forecast_0614,2025-01-26 14:00:00,634.1852891495872,955.5992526547004,666.5895418476538
forecast_0615,2025-01-26 15:00:00,464.41381730280114,540.3586796609495,574.9524351109209
forecast_0616,2025-01-26 16:00:00,402.3659735503873,559.8363929919904,598.2913358702071
forecast_0617,2025-01-26 17:00:00,529.3592509163998,464.95659331572654,591.694705696349
forecast_0618,2025-01-26 18:00:00,514.5337497832996,446.2314794601999,609.454549223538
forecast_0619,2025-01-26 19:00:00,549.2576479441896,545.7029231299351,587.7846176165133
forecast_0620,2025-01-26 20:00:00,892.6378700832474,947.9421255476038,586.1135334408672
forecast_0621,2025-01-26 21:00:00,1389.1773920522994,1150.7358637374364,603.155730534332
forecast_0622,2025-01-26 22:00:00,1800.3486606624379,1253.234812027148,592.7690396562544
forecast_0623,2025-01-26 23:00:00,1449.766205097323,1508.072460483945,688.7582946561274
forecast_0624,2025-01-27 00:00:00,1851.5701377160508,1758.9916964493277,684.811919438712
forecast_0625,2025-01-27 01:00:00,1827.5621566549435,2092.452327140842,659.5201350141378
forecast_0626,2025-01-27 02:00:00,1866.6768972273705,2250.4707341430376,601.4256425472724
forecast_0627,2025-01-27 03:00:00,1954.6686474446685,2046.3593640438698,687.0919518819685
forecast_0628,2025-01-27 04:00:00,2103.1803050893413,2784.558230480828,796.9609114920036
forecast_0629,2025-01-27 05:00:00,2013.937908753018,3278.3900831725286,1077.5949455288549
forecast_0630,2025-01-27 06:00:00,2082.54618854229,3421.30961334541,1169.707112751301
forecast_0631,2025-01-27 07:00:00,2397.0069170597517,3652.7919436149114,1208.3328791998686
forecast_0632,2025-01-27 08:00:00,3621.6141724693543,4292.68331101652,1686.0305294211385
forecast_0633,2025-01-27 09:00:00,5169.207259093912,5413.669295483399,2815.0964460697573
forecast_0634,2025-01-27 10:00:00,5806.928226490898,6954.159150756372,4691.671184575249
forecast_0635,2025-01-27 11:00:00,9457.211598494512,10685.778271458614,7094.996570474164
forecast_0636,2025-01-27 12:00:00,12619.51113479555,15634.027959778416,12525.503877643725
forecast_0637,2025-01-27 13:00:00,13076.644449619494,17161.873739861312,14988.409542471843
forecast_0638,2025-01-27 14:00:00,14884.312452564609,17920.09775645882,16211.635758040193
forecast_0639,2025-01-27 15:00:00,15921.397260970829,18885.781575231886,16718.42341649552
forecast_0640,2025-01-27 16:00:00,16701.72918085478,18705.13564590466,16908.211468877525
forecast_0641,2025-01-27 17:00:00,16464.86820495797,18511.733105570886,16685.58251427093
forecast_0642,2025-01-27 18:00:00,16851.915643383858,18415.874236144467,16455.02486142182
forecast_0643,2025-01-27 19:00:00,17001.623083559643,18161.451091515944,16101.121345901476
forecast_0644,2025-01-27 20:00:00,16900.31987380187,18117.21388420864,16014.024449282555
forecast_0645,2025-01-27 21:00:00,17002.29594227361,18181.56328392835,16187.065039524714
forecast_0646,2025-01-27 22:00:00,16773.827990058588,18043.13242425085,15876.194235620715
forecast_0647,2025-01-27 23:00:00,17044.55591575475,18186.654766546242,16110.20166435268
forecast_0648,2025-01-28 00:00:00,17121.955718316338,18070.870689626096,15990.108261183164
forecast_0649,2025-01-28 01:00:00,17661.061490782235,18211.094932526365,15404.748350194674
forecast_0650,2025-01-28 02:00:00,17811.91769391956,18141.922728321493,15482.761643851234
forecast_0651,2025-01-28 03:00:00,17423.062208064173,17827.180013654037,15309.4778697383
forecast_0652,2025-01-28 04:00:00,17043.369698770144,18077.247276095266,14858.669975857138
forecast_0653,2025-01-28 05:00:00,16630.55131860878,17885.9000592221,15163.824737342533
forecast_0654,2025-01-28 06:00:00,16023.999812763017,17752.422423733045,15339.673785274606
forecast_0655,2025-01-28 07:00:00,16301.477386963688,17734.391610689927,15489.221255684402
forecast_0656,2025-01-28 08:00:00,16740.947237468456,17675.042009489323,15686.442182337523
forecast_0657,2025-01-28 09:00:00,17422.21154115429,17848.242498343126,15997.925478944655
forecast_0658,2025-01-28 10:00:00,17044.63146762252,17575.083499771077,15763.30612990686
forecast_0659,2025-01-28 11:00:00,17137.164166606904,17631.702801341704,15990.173595185917
forecast_0660,2025-01-28 12:00:00,16402.091549145804,17430.694322530024,16132.696746504702
forecast_0661,2025-01-28 13:00:00,16540.45841260124,17525.028283780848,16664.393076971843
forecast_0662,2025-01-28 14:00:00,16360.74290338258,17571.942579781433,16684.637195339656
forecast_0663,2025-01-28 15:00:00,16456.388555196172,17582.810654736306,16573.090841577396
forecast_0664,2025-01-28 16:00:00,15556.751517625982,17659.04310170558,15620.126802125169
forecast_0665,2025-01-28 17:00:00,16289.060919531443,17708.33167026995,15435.352041083832
forecast_0666,2025-01-28 18:00:00,16218.308582879607,17666.94575882758,15629.187816172791
forecast_0667,2025-01-28 19:00:00,16106.049457290905,17948.929427785737,15357.242632557281
forecast_0668,2025-01-28 20:00:00,16759.680070735536,18130.273768437022,15552.240349500575
forecast_0669,2025-01-28 21:00:00,16835.08964676997,18209.46683239145,15861.76158137724
forecast_0670,2025-01-28 22:00:00,16913.32880240089,18220.861332897824,15744.123426703023
forecast_0671,2025-01-28 23:00:00,16995.669123264546,18306.11397511909,15508.285780630038
forecast_0672,2025-01-29 00:00:00,16836.873621032155,18263.436043809925,15406.74225643136
forecast_0673,2025-01-29 01:00:00,16532.977382257835,18479.08408792391,15242.49207308096
forecast_0674,2025-01-29 02:00:00,16904.088310018455,18325.089763484597,15186.612804075903
forecast_0675,2025-01-29 03:00:00,17182.06079144591,18281.530825002985,15789.089449825802
forecast_0676,2025-01-29 04:00:00,17597.293996089662,18268.738931061904,15727.716002010739
forecast_0677,2025-01-29 05:00:00,17457.45091162368,18463.410287913768,15692.945681569814
forecast_0678,2025-01-29 06:00:00,17660.059363631808,18560.048194275747,16033.221132987606
forecast_0679,2025-01-29 07:00:00,17722.641687357376,18593.266852800265,16198.31120456195
forecast_0680,2025-01-29 08:00:00,17401.62785387945,18642.960842900062,16185.519881630831
forecast_0681,2025-01-29 09:00:00,17048.16492183785,18614.861137636737,15203.82861850454
forecast_0682,2025-01-29 10:00:00,17270.1993570901,18769.425602701187,15212.608041242995
forecast_0683,2025-01-29 11:00:00,17330.867787968164,18896.25531024896,15516.515586757656
forecast_0684,2025-01-29 12:00:00,16653.24358463367,18657.086504389998,15577.0276481332
forecast_0685,2025-01-29 13:00:00,16431.42427395203,18195.035363847986,15306.632355730671
forecast_0686,2025-01-29 14:00:00,16483.73711183085,18446.550371838523,15154.898010674318
forecast_0687,2025-01-29 15:00:00,16214.783954750666,17925.228992949935,15410.015623048417
forecast_0688,2025-01-29 16:00:00,16575.655402841145,17667.136522480203,15476.393031678532
forecast_0689,2025-01-29 17:00:00,16135.993815966882,17331.033892516625,15258.990327533556
forecast_0690,2025-01-29 18:00:00,15738.905967786279,17669.70651671022,15296.631325529921
forecast_0691,2025-01-29 19:00:00,15529.440060351797,17809.025773745958,15377.18796479757
forecast_0692,2025-01-29 20:00:00,15135.918115487173,17943.071466977086,15422.911683506187
forecast_0693,2025-01-29 21:00:00,14782.797295257991,18030.99289162177,15509.99029149451
forecast_0694,2025-01-29 22:00:00,15047.699255417225,18184.452695722088,15182.512495864117
forecast_0695,2025-01-29 23:00:00,14836.305375144399,18084.593429655793,15012.95352428467
forecast_0696,2025-01-30 00:00:00,14825.799325496195,18323.499804541854,14757.750229411678
forecast_0697,2025-01-30 01:00:00,15140.377781408286,18755.389327748548,14584.419384864896
forecast_0698,2025-01-30 02:00:00,15303.042012595943,18776.927203815732,14383.45089833811
forecast_0699,2025-01-30 03:00:00,15362.39519332306,18698.55525205335,14341.676184946373
forecast_0700,2025-01-30 04:00:00,15204.124128942334,18504.024640505457,14290.121611873838
forecast_0701,2025-01-30 05:00:00,15285.93416247981,18551.97365704435,14197.307428966855
forecast_0702,2025-01-30 06:00:00,15291.669880406324,18607.829248123828,14269.879467864692
forecast_0703,2025-01-30 07:00:00,15349.630646635444,18298.041311064495,14382.677084890367
forecast_0704,2025-01-30 08:00:00,15588.11176557218,18112.6620179517,15061.765933689387
forecast_0705,2025-01-30 09:00:00,15706.963144235146,17969.604531073655,15803.712205265483
forecast_0706,2025-01-30 10:00:00,15654.28084766541,17366.795743679744,15758.088441363336
forecast_0707,2025-01-30 11:00:00,15302.83006753226,16927.071615813882,15240.977801782727
forecast_0708,2025-01-30 12:00:00,14872.545760871446,16233.83684691854,14701.37900385727
forecast_0709,2025-01-30 13:00:00,14641.358429758173,15706.984146923143,13143.450373274256
forecast_0710,2025-01-30 14:00:00,14869.30735714882,14799.084672359448,11665.807283219874
forecast_0711,2025-01-30 15:00:00,14697.7891000502,15228.96431971266,11911.733762182157
forecast_0712,2025-01-30 16:00:00,14709.814632897727,15029.463589814552,10933.683120528192
forecast_0713,2025-01-30 17:00:00,14688.57453333592,15357.856026895464,12707.512090951557
forecast_0714,2025-01-30 18:00:00,15744.681379500122,15545.390551442506,15609.116743023238
forecast_0715,2025-01-30 19:00:00,16421.42116895912,16247.315660273944,16358.982499781872
forecast_0716,2025-01-30 20:00:00,16489.14636930165,16538.135693249224,16612.70809841618
forecast_0717,2025-01-30 21:00:00,16881.756475146147,16751.491680879582,16263.844837360168
forecast_0718,2025-01-30 22:00:00,17096.450358489816,17271.04958907567,16499.14346681365
forecast_0719,2025-01-30 23:00:00,17644.16570764935,17428.399601935944,15812.837656818614
forecast_0720,2025-01-31 00:00:00,17532.322528182558,16980.951139849505,15398.188091104585
forecast_0721,2025-01-31 01:00:00,17171.88517583689,16851.536576731825,14754.365220982954
forecast_0722,2025-01-31 02:00:00,17502.727688306175,16817.43392389111,14787.819448625294
forecast_0723,2025-01-31 03:00:00,16281.036925758872,16815.199925882633,13821.494520637201
forecast_0724,2025-01-31 04:00:00,15402.175513162652,16721.485797639514,13534.419417507288
forecast_0725,2025-01-31 05:00:00,15186.308921154136,16498.97471758886,13248.302951300666
forecast_0726,2025-01-31 06:00:00,15298.614943658617,16968.016556078088,14228.436008792314
forecast_0727,2025-01-31 07:00:00,16047.839382933213,17264.381815752382,14930.42029752972
forecast_0728,2025-01-31 08:00:00,16970.93797018355,16797.171071624613,14785.620796815472
forecast_0729,2025-01-31 09:00:00,15336.293619412178,16182.127882271145,14499.306369583555
forecast_0730,2025-01-31 10:00:00,13948.173592436657,14737.56334832669,12686.091314468273
forecast_0731,2025-01-31 11:00:00,12635.82380754961,13034.615692592033,11435.070538558783
forecast_0732,2025-01-31 12:00:00,10607.961398111718,11771.982545354984,8541.260804480089
forecast_0733,2025-01-31 13:00:00,9424.847531991223,10083.320221070024,7226.309727861135
forecast_0734,2025-01-31 14:00:00,8493.409874853089,8534.536412332873,5747.2829140868425
forecast_0735,2025-01-31 15:00:00,7792.157023030846,8161.521715570952,5222.090055469763
forecast_0736,2025-01-31 16:00:00,6506.1851121356685,7531.060783720006,4113.582620679161
forecast_0737,2025-01-31 17:00:00,5653.892917684901,7513.353422361659,3568.9949527681883
forecast_0738,2025-01-31 18:00:00,6033.651838247772,7725.842305723008,3124.710449942736
forecast_0739,2025-01-31 19:00:00,6691.52033029203,8188.666930695708,3883.2256068450993
forecast_0740,2025-01-31 20:00:00,7620.968891916318,9132.205351279446,4250.0389169635355
forecast_0741,2025-01-31 21:00:00,7612.8005176776205,10095.948999634238,4584.195940936015
forecast_0742,2025-01-31 22:00:00,7471.007517435662,10000.128351497875,4805.046365647046
forecast_0743,2025-01-31 23:00:00,7949.817105267031,9752.964482963787,5888.156001048857
forecast_0744,2025-02-01 00:00:00,7611.071148613623,10396.978425003254,5311.149849343851
forecast_0745,2025-02-01 01:00:00,6610.4484180837935,8700.403416958941,4338.176324066657
forecast_0746,2025-02-01 02:00:00,5660.61694005593,8337.187879990448,3391.957409718755
forecast_0747,2025-02-01 03:00:00,5116.986231395326,7410.264725011297,2447.7351262782026
forecast_0748,2025-02-01 04:00:00,4240.182453655097,5858.107561928506,1166.3057435952228
forecast_0749,2025-02-01 05:00:00,3406.64582792628,4143.6980332174735,854.6995925298894
forecast_0750,2025-02-01 06:00:00,2024.8199235545183,2526.0062804943555,682.0006577269822
forecast_0751,2025-02-01 07:00:00,775.9224477010629,1120.8531361603382,646.8853291172766
forecast_0752,2025-02-01 08:00:00,626.2324244087304,675.9394526608586,599.5381699442719
forecast_0753,2025-02-01 09:00:00,567.2986303690225,441.03924059504027,537.9652799127234
forecast_0754,2025-02-01 10:00:00,342.6825829293423,323.56095498410536,535.0469569221093
forecast_0755,2025-02-01 11:00:00,264.644804068894,269.31194723622906,535.0469569221093
forecast_0756,2025-02-01 12:00:00,256.3389790928667,257.14841925901203,535.0469569221093
forecast_0757,2025-02-01 13:00:00,232.81185759169153,281.5695839958905,535.6029341789128
forecast_0758,2025-02-01 14:00:00,232.87147593238566,281.2141707906804,535.6029341789128
forecast_0759,2025-02-01 15:00:00,234.6985307006463,265.8887075633731,536.0368301902654
forecast_0760,2025-02-01 16:00:00,257.9452052807548,320.4795426640076,536.0368301902654
forecast_0761,2025-02-01 17:00:00,266.8728880183581,269.01828410652047,536.0368301902654
forecast_0762,2025-02-01 18:00:00,324.0282990030928,262.55584352064216,536.0368301902654
forecast_0763,2025-02-01 19:00:00,271.4110132414136,186.48257179240125,535.8279709373071
forecast_0764,2025-02-01 20:00:00,242.15781956645904,206.71938826276,535.8279709373071
forecast_0765,2025-02-01 21:00:00,214.27924605457616,239.92045916497875,536.0368301902654
forecast_0766,2025-02-01 22:00:00,221.53736409217072,304.80419947514713,537.9257332770825
forecast_0767,2025-02-01 23:00:00,259.4798501668213,363.6480396896657,564.1017022881931
forecast_0768,2025-02-02 00:00:00,311.0057225497334,408.34168538049244,572.6420587021819
forecast_0769,2025-02-02 01:00:00,620.1862560284437,386.22696053349955,577.4284269097118
forecast_0770,2025-02-02 02:00:00,554.6251704382158,439.6247509738946,546.2225294526122
forecast_0771,2025-02-02 03:00:00,369.1173658634901,331.6610487027524,537.9257332770825
forecast_0772,2025-02-02 04:00:00,251.8256233860527,283.5342381507587,535.8279709373071
forecast_0773,2025-02-02 05:00:00,243.4345751520526,220.34296385060026,535.4808529334618
forecast_0774,2025-02-02 06:00:00,290.9271246733567,275.74439195933655,535.4808529334618
forecast_0775,2025-02-02 07:00:00,370.5476697553981,281.67546462933444,536.0368301902654
forecast_0776,2025-02-02 08:00:00,326.905412555641,218.27094991482574,535.6029341789128
forecast_0777,2025-02-02 09:00:00,289.99144507332335,257.86311097053135,535.3940749259546
forecast_0778,2025-02-02 10:00:00,266.2113694543003,278.0917422761799,535.2558161750676
forecast_0779,2025-02-02 11:00:00,268.87949340067905,279.78218331212236,535.0469569221093
forecast_0780,2025-02-02 12:00:00,246.4634520083889,239.98111978147696,535.2558161750676
forecast_0781,2025-02-02 13:00:00,222.68304328415073,241.01471480489195,535.3940749259546
forecast_0782,2025-02-02 14:00:00,275.7542011747013,288.82239398133754,556.1980535448768
forecast_0783,2025-02-02 15:00:00,699.5071825295911,467.2880489060518,595.9134939684446
forecast_0784,2025-02-02 16:00:00,1177.6322753985198,1003.078733863489,828.0750974859748
forecast_0785,2025-02-02 17:00:00,3561.9577306721785,3413.620768906908,1482.6830352555876
forecast_0786,2025-02-02 18:00:00,5676.342076595656,6316.36564688517,3784.4071632505247
forecast_0787,2025-02-02 19:00:00,7798.759626248533,8799.01564897301,6522.920125431567
forecast_0788,2025-02-02 20:00:00,8671.280372399095,9996.511362105593,7844.898698026971
forecast_0789,2025-02-02 21:00:00,9294.743435099395,10803.707229144056,8245.833764273357
forecast_0790,2025-02-02 22:00:00,11773.145667894729,13953.440772368163,10779.038230775926
forecast_0791,2025-02-02 23:00:00,13340.477718593065,15228.683047104441,14731.247147542479
forecast_0792,2025-02-03 00:00:00,14395.433108051624,17067.03108240215,14863.768413473776
forecast_0793,2025-02-03 01:00:00,15759.181761573876,18021.54228259731,15595.352270332034
forecast_0794,2025-02-03 02:00:00,16362.5843783075,18003.158578242255,17842.379002020927
forecast_0795,2025-02-03 03:00:00,15829.347261772156,17544.1294833772,18286.176544693062
forecast_0796,2025-02-03 04:00:00,15716.068931242693,17102.04046642943,18307.053628495698
forecast_0797,2025-02-03 05:00:00,14646.196988184263,17189.486518674203,18095.218226247936
forecast_0798,2025-02-03 06:00:00,14778.202400672606,16231.712670910587,17008.643685273208
forecast_0799,2025-02-03 07:00:00,15180.306557227294,16111.12978871664,16573.861694344705
forecast_0800,2025-02-03 08:00:00,15105.023754791846,15885.554256979565,15192.52771243151
forecast_0801,2025-02-03 09:00:00,15198.155922309554,15773.324296654724,15160.36654925386
forecast_0802,2025-02-03 10:00:00,14789.115497611641,15836.264855107067,14095.997760840612
forecast_0803,2025-02-03 11:00:00,14952.355350245296,15723.349323764902,14067.356180734758
forecast_0804,2025-02-03 12:00:00,15101.149730491397,15531.597097539336,14229.397989734414
forecast_0805,2025-02-03 13:00:00,15018.442802637404,15316.887078827307,14199.462678141743
forecast_0806,2025-02-03 14:00:00,14878.111890714925,14750.992914712784,13291.308467669796
forecast_0807,2025-02-03 15:00:00,14997.49922225199,15016.039966668817,12895.663086048859
forecast_0808,2025-02-03 16:00:00,14980.877323979352,15103.59952674425,13752.6592933665
forecast_0809,2025-02-03 17:00:00,15074.416719282755,15164.075600280376,14706.259591487942
forecast_0810,2025-02-03 18:00:00,15304.591874632983,15457.1946636338,15079.059220278286
forecast_0811,2025-02-03 19:00:00,15567.137922974209,15931.368980900595,15420.608714693044
forecast_0812,2025-02-03 20:00:00,15331.621219265759,16164.903794251724,15521.713495822325
forecast_0813,2025-02-03 21:00:00,15515.448239341029,16537.209018570185,15210.909310974002
forecast_0814,2025-02-03 22:00:00,15637.388971341617,16625.832891428872,15302.784385665782
forecast_0815,2025-02-03 23:00:00,15657.127698945586,17306.071014185232,15269.342861608566
forecast_0816,2025-02-04 00:00:00,16070.726748160068,17414.79296935229,15150.948997361022
forecast_0817,2025-02-04 01:00:00,16414.816921848247,17466.43543398969,15864.369088949983
forecast_0818,2025-02-04 02:00:00,16186.240707809027,17134.679593249948,15649.19627696765
forecast_0819,2025-02-04 03:00:00,16379.396207598496,16637.356350614467,15123.681553805482
forecast_0820,2025-02-04 04:00:00,16129.169607486918,16600.206314447085,14864.551558460575
forecast_0821,2025-02-04 05:00:00,16445.41006101509,16692.3279782801,14844.662540563017
forecast_0822,2025-02-04 06:00:00,16644.287615044203,16816.067578235856,14951.470697613582
forecast_0823,2025-02-04 07:00:00,16665.10403523573,17207.89114035472,14340.283613048454
forecast_0824,2025-02-04 08:00:00,16333.283145619218,17320.61391359096,14318.220832650291
forecast_0825,2025-02-04 09:00:00,16000.035491631159,17281.20070701996,14442.629497006663
forecast_0826,2025-02-04 10:00:00,15769.607751977754,17300.42250149094,14575.310249820239
forecast_0827,2025-02-04 11:00:00,14987.328386104677,17070.41080327655,14580.439100245683
forecast_0828,2025-02-04 12:00:00,14924.17419676402,16761.393437570667,14766.548601630573
forecast_0829,2025-02-04 13:00:00,14535.362582908034,16269.438709081092,14636.759157112332
forecast_0830,2025-02-04 14:00:00,14504.158288903978,15674.837210267324,14671.27680228585
forecast_0831,2025-02-04 15:00:00,14598.396743635323,15705.151151298642,14560.093746486898
forecast_0832,2025-02-04 16:00:00,15226.216483884655,15846.088604917131,14536.658053417988
forecast_0833,2025-02-04 17:00:00,15341.70899465842,15968.648924407293,14424.92435898529
forecast_0834,2025-02-04 18:00:00,15199.713898249687,16162.592869612145,14418.511185495609
forecast_0835,2025-02-04 19:00:00,15140.362048899664,16305.203880660405,15937.374494601092
forecast_0836,2025-02-04 20:00:00,15654.774812413143,16297.763311967818,16436.030070547655
forecast_0837,2025-02-04 21:00:00,15591.946813491782,16360.608875460272,16720.41851969272
forecast_0838,2025-02-04 22:00:00,15573.088349583973,16630.796587520177,16311.513705208665
forecast_0839,2025-02-04 23:00:00,16050.962713866611,16858.59801875896,16268.65759827025
forecast_0840,2025-02-05 00:00:00,15673.56348520498,16730.029959894156,16046.934220824713
forecast_0841,2025-02-05 01:00:00,15586.70702430082,16611.387742941217,15760.038761393349
forecast_0842,2025-02-05 02:00:00,15286.81596869626,16489.818050392365,14861.799760699045
forecast_0843,2025-02-05 03:00:00,15455.13571458548,16515.817465749053,14529.73121825413
forecast_0844,2025-02-05 04:00:00,15233.168635428296,16718.85283002047,13933.45339353263
forecast_0845,2025-02-05 05:00:00,14894.057487717848,16665.8702513321,13679.182992668546
forecast_0846,2025-02-05 06:00:00,14498.843419606912,16332.649499260715,13838.107710122227
forecast_0847,2025-02-05 07:00:00,14396.722221224087,15741.747647165414,13995.723833977008
forecast_0848,2025-02-05 08:00:00,14362.829682197083,15657.82645717503,13691.873955062862
forecast_0849,2025-02-05 09:00:00,14124.160898348491,15539.754277278178,13930.591250124584
forecast_0850,2025-02-05 10:00:00,14262.252630326326,15934.338913255262,13765.743638874748
forecast_0851,2025-02-05 11:00:00,14645.669797239643,15813.561088942006,13877.939547236954
forecast_0852,2025-02-05 12:00:00,14741.43737303734,16027.999376898959,14313.545553541859
forecast_0853,2025-02-05 13:00:00,14988.951730139837,16166.3815500208,14693.67483090976
forecast_0854,2025-02-05 14:00:00,14801.099220948065,15600.841103675266,14289.032531899338
forecast_0855,2025-02-05 15:00:00,14458.43347111783,15400.089339805247,14058.771330727606
forecast_0856,2025-02-05 16:00:00,14401.386115367146,15344.521961394876,13983.9199913322
forecast_0857,2025-02-05 17:00:00,14512.189582313904,15235.895259008412,13874.300048197241
forecast_0858,2025-02-05 18:00:00,14596.42736756718,15005.749554705779,13915.97966411822
forecast_0859,2025-02-05 19:00:00,14801.08986054685,14826.19498689783,14291.12869479146
forecast_0860,2025-02-05 20:00:00,14994.018799779782,15029.834729349155,14222.537031741751
forecast_0861,2025-02-05 21:00:00,15141.900399212751,15195.92732481354,14179.861257879802
forecast_0862,2025-02-05 22:00:00,15333.682367505506,15428.749251278401,14375.80116439069
forecast_0863,2025-02-05 23:00:00,15435.208734428656,15889.794905822993,14399.695502870069
forecast_0864,2025-02-06 00:00:00,15487.335302800173,16272.52773778381,14395.679518823934
forecast_0865,2025-02-06 01:00:00,16182.685223745964,16874.61164857177,15047.054908366892
forecast_0866,2025-02-06 02:00:00,15927.099186009262,16879.674437775575,14764.24304677454
forecast_0867,2025-02-06 03:00:00,15956.453579148365,17363.00286423272,14885.272935007493
forecast_0868,2025-02-06 04:00:00,16607.755967274672,17492.60274824192,15644.138988265626
forecast_0869,2025-02-06 05:00:00,16584.443209113655,17457.568589832477,14832.264291050422
forecast_0870,2025-02-06 06:00:00,16443.852515051476,17405.365250719173,14451.86650506625
forecast_0871,2025-02-06 07:00:00,16275.252901035332,16739.838479571295,14131.407790786354
forecast_0872,2025-02-06 08:00:00,15803.708141130744,16171.861685505304,14143.260532969474
forecast_0873,2025-02-06 09:00:00,15206.728590884772,15887.115891263322,14318.21952335491
forecast_0874,2025-02-06 10:00:00,14368.058618511448,14768.732415107228,14049.542133329334
forecast_0875,2025-02-06 11:00:00,13803.787800302656,14246.12178864703,12864.213705829836
forecast_0876,2025-02-06 12:00:00,14073.295272139661,14208.081695777382,11892.484248024784
forecast_0877,2025-02-06 13:00:00,14275.628819026828,14065.674088132753,13227.911062064013
forecast_0878,2025-02-06 14:00:00,14021.725753725965,13587.596802650332,13408.440818484994
forecast_0879,2025-02-06 15:00:00,13561.011381046517,13573.908344756353,13594.530528631854
forecast_0880,2025-02-06 16:00:00,13727.618275519384,13737.73676484785,13289.091862175726
forecast_0881,2025-02-06 17:00:00,13640.512985585028,14323.345640528554,13361.817115861017
forecast_0882,2025-02-06 18:00:00,13356.990797038092,14418.508644240665,14010.756834782693
forecast_0883,2025-02-06 19:00:00,13480.524009131146,13994.238427708282,13622.096717218461
forecast_0884,2025-02-06 20:00:00,13860.547325907804,14161.492197741693,14134.898125866224
forecast_0885,2025-02-06 21:00:00,13859.360655662691,13836.368507280231,14093.55865885482
forecast_0886,2025-02-06 22:00:00,13499.898258026866,13736.656085188326,11497.751444301764
forecast_0887,2025-02-06 23:00:00,13567.037294504094,13470.209074380244,9903.716998986438
forecast_0888,2025-02-07 00:00:00,12740.17323310029,12942.918674455474,8502.648046695715
forecast_0889,2025-02-07 01:00:00,11765.723573938902,13577.17200574264,7969.169666714223
forecast_0890,2025-02-07 02:00:00,11114.279450248596,13767.816589782844,9278.558298816644
forecast_0891,2025-02-07 03:00:00,10711.575005492548,12835.672084390546,8737.081523725168
forecast_0892,2025-02-07 04:00:00,10220.391937572309,11741.821021575315,8283.35307521129
forecast_0893,2025-02-07 05:00:00,11026.449491761108,11647.736276965255,8279.066587665257
forecast_0894,2025-02-07 06:00:00,10010.013902953353,12044.317489640554,7456.074494938852
forecast_0895,2025-02-07 07:00:00,9801.065162552226,12169.2352645182,6439.958880163647
forecast_0896,2025-02-07 08:00:00,9247.167747615651,11847.97661487563,6757.561412115677
forecast_0897,2025-02-07 09:00:00,8654.625360575217,11994.90477661721,7918.394709278979
forecast_0898,2025-02-07 10:00:00,10263.878335373298,11247.367752002425,9436.137771865928
forecast_0899,2025-02-07 11:00:00,11799.183340152746,13302.647429100138,11823.778091152175
forecast_0900,2025-02-07 12:00:00,13631.583248013067,13759.375209783439,13533.35402050183
forecast_0901,2025-02-07 13:00:00,14115.76281215173,14789.471505216054,13783.381612008498
forecast_0902,2025-02-07 14:00:00,14438.46692254412,14849.696480008093,13778.7548029153
forecast_0903,2025-02-07 15:00:00,14394.89503222462,15144.286228312205,13824.592882126584
forecast_0904,2025-02-07 16:00:00,14553.897343475852,14576.104780168582,13694.936484365957
forecast_0905,2025-02-07 17:00:00,14250.925781350277,14364.340816379789,13785.051723926808
forecast_0906,2025-02-07 18:00:00,14315.036226667904,14441.089353237938,14007.86352207435
forecast_0907,2025-02-07 19:00:00,15000.565603365818,15151.802799031182,14334.449194921088
forecast_0908,2025-02-07 20:00:00,14823.131888545151,17117.911395673742,14338.720828289403
forecast_0909,2025-02-07 21:00:00,15897.104743019829,17212.99769255642,14751.50107680833
forecast_0910,2025-02-07 22:00:00,16900.783188886853,17629.14267522625,14791.255207951464
forecast_0911,2025-02-07 23:00:00,17514.6904389451,18103.386176490647,15452.968242082778
forecast_0912,2025-02-08 00:00:00,17980.84362567277,18376.307571391026,15426.219707270622
forecast_0913,2025-02-08 01:00:00,18126.556476043825,18131.168017347285,15326.846740229781
forecast_0914,2025-02-08 02:00:00,18357.739072786713,18317.693808479504,15451.47467374941
forecast_0915,2025-02-08 03:00:00,18085.413589735792,18502.418936310478,15496.24643217527
forecast_0916,2025-02-08 04:00:00,18258.420595221178,18551.748279046144,15181.799850892621
forecast_0917,2025-02-08 05:00:00,18632.598693809094,18526.393220059457,15003.231943717501
forecast_0918,2025-02-08 06:00:00,18949.39598122142,18381.41661512017,14789.91108579896
forecast_0919,2025-02-08 07:00:00,18824.47589293956,18036.01906099718,14669.370359237451
forecast_0920,2025-02-08 08:00:00,18571.202405441443,17842.37206980015,14962.284541478257
forecast_0921,2025-02-08 09:00:00,17600.779053335777,18138.254989465153,14226.807961875307
forecast_0922,2025-02-08 10:00:00,15604.777321399235,15494.718188410916,12862.471388853999
forecast_0923,2025-02-08 11:00:00,11945.205115640952,14295.719798123999,10879.409320905499
forecast_0924,2025-02-08 12:00:00,10082.008271360202,11765.138237142015,10428.033776540182
forecast_0925,2025-02-08 13:00:00,8594.503828265697,9232.53193154966,8893.839315517136
forecast_0926,2025-02-08 14:00:00,7560.187109604193,7739.380462396986,6765.042222581174
forecast_0927,2025-02-08 15:00:00,7260.637574203158,7461.089984418446,5946.498847708469
forecast_0928,2025-02-08 16:00:00,7523.3576187265135,7265.475448288169,5959.608294993195
forecast_0929,2025-02-08 17:00:00,8386.970864074467,8125.249378162383,7021.3148996395885
forecast_0930,2025-02-08 18:00:00,9879.522205863035,10713.096604021568,9305.706743993054
forecast_0931,2025-02-08 19:00:00,12003.137030931646,13230.610515219501,12125.069175924415
forecast_0932,2025-02-08 20:00:00,13875.35803254165,15210.617854121145,13906.324350482777
forecast_0933,2025-02-08 21:00:00,16154.736624028821,16355.010105136793,16231.856114698992
forecast_0934,2025-02-08 22:00:00,17382.705457622367,17469.2025270381,16345.64412838707
forecast_0935,2025-02-08 23:00:00,18193.19988207363,18156.7795440813,16573.906147946494
forecast_0936,2025-02-09 00:00:00,18033.65993102327,18639.698882136472,16880.71214304947
forecast_0937,2025-02-09 01:00:00,18282.873452477696,18342.55624511726,17371.99515800426
forecast_0938,2025-02-09 02:00:00,18419.842278213124,18573.82558357593,18349.96606104356
forecast_0939,2025-02-09 03:00:00,18310.92642229315,18598.235117877044,18626.771774707984
forecast_0940,2025-02-09 04:00:00,18416.851690422984,18576.718474630976,18933.566772256356
forecast_0941,2025-02-09 05:00:00,18886.438351982237,18674.04142950601,18560.45051784003
forecast_0942,2025-02-09 06:00:00,18870.759497049814,18595.31832246148,18722.297524082285
forecast_0943,2025-02-09 07:00:00,18783.999205484914,18833.788516600023,17961.110441328612
forecast_0944,2025-02-09 08:00:00,18497.527845259243,19124.789722727986,16996.149898877928
forecast_0945,2025-02-09 09:00:00,17749.063232453293,18546.58592028875,15945.15786592395
forecast_0946,2025-02-09 10:00:00,15715.89195137221,16382.867448150944,13164.561167456184
forecast_0947,2025-02-09 11:00:00,13215.436601063277,14628.387142759893,12716.406896453627
forecast_0948,2025-02-09 12:00:00,11769.162198860091,13023.122880381441,9859.580612398247
forecast_0949,2025-02-09 13:00:00,10916.762477996683,12189.515894729917,8916.258630656705
forecast_0950,2025-02-09 14:00:00,10526.45352998037,11825.669189245946,9192.175999235034
forecast_0951,2025-02-09 15:00:00,10759.883542634601,11643.655584761334,9929.241015546271
forecast_0952,2025-02-09 16:00:00,11059.218919111197,11569.112892156958,10712.547494291488
forecast_0953,2025-02-09 17:00:00,12531.029342850286,13628.724588421213,12386.924668494856
forecast_0954,2025-02-09 18:00:00,13873.518133630007,14543.336646578235,13646.761809394126
forecast_0955,2025-02-09 19:00:00,14377.714101084686,15682.779076412526,14184.7115055166
forecast_0956,2025-02-09 20:00:00,15369.06381774978,16100.109296403403,15382.42157376129
forecast_0957,2025-02-09 21:00:00,15464.438688804366,16547.16606978576,16005.428920849175
forecast_0958,2025-02-09 22:00:00,16588.928767804144,17697.424238835094,16108.22683740448
forecast_0959,2025-02-09 23:00:00,16726.9510576393,18277.623090849913,16634.191702025306
forecast_0960,2025-02-10 00:00:00,16752.420173449285,19188.960858244798,16784.818940623136
forecast_0961,2025-02-10 01:00:00,17091.4593616809,19173.30956523661,16436.34875396241
forecast_0962,2025-02-10 02:00:00,17371.086842241424,19330.62919180452,16771.295257674028
forecast_0963,2025-02-10 03:00:00,17645.267171994066,19348.726338373974,17273.98492637452
forecast_0964,2025-02-10 04:00:00,17876.46400677276,19664.781411839347,16893.68705841195
forecast_0965,2025-02-10 05:00:00,17682.731149588777,19618.230712538003,17557.757752684272
forecast_0966,2025-02-10 06:00:00,17503.161520064743,19658.15323180564,17592.381732254886
forecast_0967,2025-02-10 07:00:00,17671.975553589087,19636.213664529376,17630.60480464404
forecast_0968,2025-02-10 08:00:00,17450.267838629385,19453.109226688513,17138.315864937584
forecast_0969,2025-02-10 09:00:00,16673.78749412751,19286.088750631596,17867.794462647806
forecast_0970,2025-02-10 10:00:00,15418.739470826366,19047.146886361803,16892.499065432512
forecast_0971,2025-02-10 11:00:00,15252.873995540154,17502.391955582538,15744.376858976972
forecast_0972,2025-02-10 12:00:00,14379.741570756902,16208.047718755133,14262.35318687842
forecast_0973,2025-02-10 13:00:00,13379.644545073037,15094.260038847442,13260.101618646426
forecast_0974,2025-02-10 14:00:00,12936.961613860476,13931.763220034794,11535.119087609477
forecast_0975,2025-02-10 15:00:00,12696.751566652274,13604.574603966656,11506.859871932666
forecast_0976,2025-02-10 16:00:00,12840.539770343428,14244.386054228218,11546.807095941673
forecast_0977,2025-02-10 17:00:00,12739.882245301063,13903.654578269343,10275.88570221543
forecast_0978,2025-02-10 18:00:00,12549.761856760815,13882.307716349465,10401.19109986086
forecast_0979,2025-02-10 19:00:00,12871.7265884771,14354.454009996338,10479.284260844392
forecast_0980,2025-02-10 20:00:00,12374.822842832227,14286.567945928451,10296.68937336276
forecast_0981,2025-02-10 21:00:00,12058.911076095384,13950.478784545676,10384.903996918696
forecast_0982,2025-02-10 22:00:00,11520.608480865392,14294.076492930195,10601.887379838423
forecast_0983,2025-02-10 23:00:00,11469.577926807666,13950.065587378853,10719.684799878582
forecast_0984,2025-02-11 00:00:00,11697.234131084293,13853.671657280207,10694.13270224293
forecast_0985,2025-02-11 01:00:00,12081.472188703106,13619.697800929483,10968.020534385527
forecast_0986,2025-02-11 02:00:00,12161.535972666483,13634.129171255028,10528.984405942141
forecast_0987,2025-02-11 03:00:00,12258.222900937759,14005.555127921603,9964.81432357054
forecast_0988,2025-02-11 04:00:00,12211.467886594772,13886.85129673123,10239.9780115421
forecast_0989,2025-02-11 05:00:00,12128.144030420073,13433.745598579611,9238.808618961939
forecast_0990,2025-02-11 06:00:00,12005.8484544542,12511.727207183954,8700.733821218224
forecast_0991,2025-02-11 07:00:00,12133.731545950624,11577.20746748205,8109.723094141803
forecast_0992,2025-02-11 08:00:00,11169.91846095228,9514.763736101744,7158.789898283097
forecast_0993,2025-02-11 09:00:00,10680.825705948784,8012.808366056868,5131.951971905003
forecast_0994,2025-02-11 10:00:00,8027.376010016689,5814.577571903418,3477.3028617299387
forecast_0995,2025-02-11 11:00:00,5879.7026343455345,4101.972251130551,2535.8061012626536
forecast_0996,2025-02-11 12:00:00,4385.328073651335,3959.8813779912616,2289.6257637779017
forecast_0997,2025-02-11 13:00:00,3083.6696628105565,2183.1386322897033,2125.3613469154966
forecast_0998,2025-02-11 14:00:00,2498.1775482648145,1630.1652876056032,1755.66457339208
forecast_0999,2025-02-11 15:00:00,2382.107728427858,1723.0128181956886,1192.2027275769842
forecast_1000,2025-02-11 16:00:00,2996.0715377756787,2500.6688349700044,1514.0853905748015
forecast_1001,2025-02-11 17:00:00,4512.955986805562,4558.48151655536,1509.6618551658264
forecast_1002,2025-02-11 18:00:00,6736.874414457518,6174.639056704139,3775.1335134142514
forecast_1003,2025-02-11 19:00:00,9148.62921717812,8468.844014665037,5675.126145725051
forecast_1004,2025-02-11 20:00:00,11454.501473257762,12396.021297634312,8058.229531093877
forecast_1005,2025-02-11 21:00:00,13805.499929502985,13251.703905029128,9064.649050974062
forecast_1006,2025-02-11 22:00:00,14693.589602738757,15351.597202318502,9640.104719089899
forecast_1007,2025-02-11 23:00:00,16498.92656699742,17009.14788185174,11812.424351061554
forecast_1008,2025-02-12 00:00:00,17163.3680552632,17301.516717107705,14108.80881250902
forecast_1009,2025-02-12 01:00:00,17445.40911443551,17677.729695822516,12955.848935063737
forecast_1010,2025-02-12 02:00:00,17708.25077028671,17307.9624933615,14059.950105017422
forecast_1011,2025-02-12 03:00:00,17806.814504103026,17380.046018862042,13051.217249952468
forecast_1012,2025-02-12 04:00:00,18050.02357083195,17488.460185460168,15087.24118663822
forecast_1013,2025-02-12 05:00:00,16832.725295038683,16277.949557501743,12453.02969000898
forecast_1014,2025-02-12 06:00:00,14065.64710621523,15016.854834804126,8783.931078576978
forecast_1015,2025-02-12 07:00:00,11151.636607468672,12205.193391742425,7230.115384480413
forecast_1016,2025-02-12 08:00:00,10077.223739365814,13022.786166635166,6353.040040957176
forecast_1017,2025-02-12 09:00:00,9470.297766228407,13496.71609130864,7028.026170080588
forecast_1018,2025-02-12 10:00:00,8981.385307928076,12800.455817489037,10566.08708503134
forecast_1019,2025-02-12 11:00:00,10476.243380453507,14344.19804410591,12994.135647849096
forecast_1020,2025-02-12 12:00:00,10885.879657566966,14842.827723167338,14300.035109759752
forecast_1021,2025-02-12 13:00:00,12294.445237945572,15390.90058434043,15375.160744366884
forecast_1022,2025-02-12 14:00:00,13386.581375921229,17196.26580687585,17919.463617091715
forecast_1023,2025-02-12 15:00:00,14938.161440100032,18674.30463579655,18516.130242427953
forecast_1024,2025-02-12 16:00:00,15787.387199984256,18600.686408994938,18780.634061073
forecast_1025,2025-02-12 17:00:00,16858.169636296574,18665.742765186154,18716.112133944494
forecast_1026,2025-02-12 18:00:00,17579.55175977395,18696.012939633172,17954.110419118122
forecast_1027,2025-02-12 19:00:00,17704.384238061597,18961.945724691104,16504.557360975614
forecast_1028,2025-02-12 20:00:00,17670.24993350054,18159.309276994325,16099.494573082018
forecast_1029,2025-02-12 21:00:00,17323.060663063112,17175.67600933066,15538.39564193286
forecast_1030,2025-02-12 22:00:00,16434.614678382866,16741.493248828334,15255.354553126193
forecast_1031,2025-02-12 23:00:00,16169.041020238317,15863.563646108585,14305.946915225939
forecast_1032,2025-02-13 00:00:00,15155.073259188084,15384.604226767224,13687.414649515977
forecast_1033,2025-02-13 01:00:00,13484.840418891557,14640.241467760134,10649.129154685026
forecast_1034,2025-02-13 02:00:00,13761.653530275482,14807.2319138195,11716.734561523299
forecast_1035,2025-02-13 03:00:00,13619.646558572387,15348.100128116206,11228.773603985297
forecast_1036,2025-02-13 04:00:00,13515.648220874566,14749.099469337485,11543.91693588582
forecast_1037,2025-02-13 05:00:00,13768.077626142767,15792.219625235937,13152.573907746693
forecast_1038,2025-02-13 06:00:00,14410.001056420364,16866.977134276854,14403.05800258473
forecast_1039,2025-02-13 07:00:00,15325.762240121512,17744.6091381098,15738.721452702463
forecast_1040,2025-02-13 08:00:00,15538.588786447408,18230.90924182265,16219.827613215859
forecast_1041,2025-02-13 09:00:00,15259.903029137298,19082.524900075812,16506.252254107894
forecast_1042,2025-02-13 10:00:00,14769.956260379295,17920.406924184368,16334.898497029972
forecast_1043,2025-02-13 11:00:00,14190.773736948066,16816.550146140526,15852.693490566213
forecast_1044,2025-02-13 12:00:00,14276.719906974653,15506.537614532866,14752.685223235938
forecast_1045,2025-02-13 13:00:00,14584.402407464371,16177.819628460275,15536.971118452413
forecast_1046,2025-02-13 14:00:00,15368.661862321062,17435.76190617492,15837.866038251974
forecast_1047,2025-02-13 15:00:00,16166.174752642146,17822.104951466354,16957.347461540572
forecast_1048,2025-02-13 16:00:00,16264.074495786619,18661.729799727804,17696.792045991744
forecast_1049,2025-02-13 17:00:00,16488.91966260648,18736.086823575955,18138.765794611987
forecast_1050,2025-02-13 18:00:00,17009.201678815418,19305.901050484747,19180.622257102983
forecast_1051,2025-02-13 19:00:00,17005.19904751647,19699.34803655532,19161.36969172349
forecast_1052,2025-02-13 20:00:00,17329.797075781986,19756.345892237634,19278.850428744503
forecast_1053,2025-02-13 21:00:00,17615.410879974323,20138.568999414696,19313.748699285337
forecast_1054,2025-02-13 22:00:00,17827.11546564874,20093.70487882669,19340.510623636565
forecast_1055,2025-02-13 23:00:00,17791.452643878518,20022.01732039661,19273.1789732648
forecast_1056,2025-02-14 00:00:00,18077.245058659984,20159.06886259095,19057.207621097412
forecast_1057,2025-02-14 01:00:00,18824.805467053273,20239.523454097667,18979.801323633157
forecast_1058,2025-02-14 02:00:00,19104.865525254754,20257.462026743116,18908.765581241605
forecast_1059,2025-02-14 03:00:00,18959.852438692542,20219.231059479476,18767.81796532861
forecast_1060,2025-02-14 04:00:00,18638.08980325318,20342.138646199783,18500.11961299345
forecast_1061,2025-02-14 05:00:00,19506.384462441903,20492.45826833825,18778.375558420026
forecast_1062,2025-02-14 06:00:00,19836.35386241632,20535.319657688626,18863.12589787747
forecast_1063,2025-02-14 07:00:00,19859.629940219726,20385.467219911723,18836.90310025418
forecast_1064,2025-02-14 08:00:00,19444.042368926817,19820.691377671425,18018.5583244277
forecast_1065,2025-02-14 09:00:00,18511.329035776493,19171.62778570177,16006.417689865979
forecast_1066,2025-02-14 10:00:00,15413.130450037785,17769.07254403309,14496.442093949276
forecast_1067,2025-02-14 11:00:00,13275.390939285342,15219.241006453773,12264.304431602943
forecast_1068,2025-02-14 12:00:00,11337.021315585207,13385.497757008146,10166.159241429266
forecast_1069,2025-02-14 13:00:00,10369.791085818726,11790.988389860353,9055.975233076164
forecast_1070,2025-02-14 14:00:00,9727.912229279984,11838.01951289179,9012.477250570952
forecast_1071,2025-02-14 15:00:00,10524.540479598332,12662.844910218637,10808.003807461311
forecast_1072,2025-02-14 16:00:00,11123.938376517468,12908.146750081118,12712.649599849943
forecast_1073,2025-02-14 17:00:00,11989.853576764177,14941.696247406922,13497.978015899149
forecast_1074,2025-02-14 18:00:00,13955.750147586681,16145.157944109638,14714.263014691156
forecast_1075,2025-02-14 19:00:00,15844.795964596422,16998.464938660556,15250.5277301823
forecast_1076,2025-02-14 20:00:00,16836.958359691496,17599.09069219932,15027.721341512726
forecast_1077,2025-02-14 21:00:00,17268.98685741948,17591.36003000303,14932.911002502366
forecast_1078,2025-02-14 22:00:00,17977.93808801125,18042.272046940292,15315.804989161665
forecast_1079,2025-02-14 23:00:00,18126.13949044939,17573.674161232037,14876.621650713332
forecast_1080,2025-02-15 00:00:00,18843.505921774562,18003.821044721724,15827.00313908051
forecast_1081,2025-02-15 01:00:00,18920.319815182622,17909.13622332597,15933.530730918628
forecast_1082,2025-02-15 02:00:00,19089.483074695425,17017.34120348947,16058.60824423392
forecast_1083,2025-02-15 03:00:00,19514.26018210427,17795.068547362287,16299.376228544028
forecast_1084,2025-02-15 04:00:00,19684.879137116062,17442.545630989196,15339.511157806744
forecast_1085,2025-02-15 05:00:00,19549.48338414953,17744.210231981717,15712.47258838153
forecast_1086,2025-02-15 06:00:00,18775.159086442593,17540.157003415814,14565.772464628437
forecast_1087,2025-02-15 07:00:00,18021.63879504283,17018.695328793037,12667.830001474846
forecast_1088,2025-02-15 08:00:00,16680.67172139357,17492.059530187897,12184.058180729793
forecast_1089,2025-02-15 09:00:00,15405.0565860115,16745.75771759314,10462.529062947186
forecast_1090,2025-02-15 10:00:00,12412.189613176888,14156.74902880944,9440.742282830133
forecast_1091,2025-02-15 11:00:00,11482.018759460085,13039.43677091702,7902.27279185147
forecast_1092,2025-02-15 12:00:00,10809.467716273704,12702.865760299264,6915.617415500847
forecast_1093,2025-02-15 13:00:00,10840.8267703161,14053.22295032672,10072.608121283056
forecast_1094,2025-02-15 14:00:00,11932.400179577495,13879.384243029439,12310.019225881004
forecast_1095,2025-02-15 15:00:00,13400.212275078326,15520.988813607953,13786.989559460602
forecast_1096,2025-02-15 16:00:00,14993.605337778301,15913.353163044838,14237.72623181641
forecast_1097,2025-02-15 17:00:00,15665.689440455504,15542.975090103064,16733.359156966788
forecast_1098,2025-02-15 18:00:00,16424.951584008177,16201.971146861088,17656.67948400524
forecast_1099,2025-02-15 19:00:00,18366.356830432786,17584.158614883592,18036.969599764663
forecast_1100,2025-02-15 20:00:00,19094.59087192842,18616.34241821115,18015.22125322087
forecast_1101,2025-02-15 21:00:00,19157.49293809198,19099.094341185268,17965.640107313135
forecast_1102,2025-02-15 22:00:00,19127.595660149593,19354.867159080637,18026.999889764127
forecast_1103,2025-02-15 23:00:00,19243.140623171374,19344.762167647372,17430.502122801525
forecast_1104,2025-02-16 00:00:00,19131.12122524903,19425.84528139575,18443.60447585071
forecast_1105,2025-02-16 01:00:00,19478.999236842752,19710.009730553473,18059.476572834184
forecast_1106,2025-02-16 02:00:00,19434.9649019366,19671.08704700391,17974.57433618605
forecast_1107,2025-02-16 03:00:00,18690.293015384374,19603.3431233464,16734.18218610387
forecast_1108,2025-02-16 04:00:00,17950.553366033237,19395.075064778317,16456.101793712427
forecast_1109,2025-02-16 05:00:00,16895.942195185606,18686.77117056797,15753.811058970958
forecast_1110,2025-02-16 06:00:00,16139.681780314513,18513.624711294684,14261.584906983431
forecast_1111,2025-02-16 07:00:00,15935.534140373209,18053.52799356113,13207.843829584708
forecast_1112,2025-02-16 08:00:00,14439.124385063209,16904.86328414888,11256.428168689557
forecast_1113,2025-02-16 09:00:00,13147.237050679683,15667.058036822658,11283.696695405268
forecast_1114,2025-02-16 10:00:00,10291.364155517,13592.615873944334,9834.368142596873
forecast_1115,2025-02-16 11:00:00,9467.804982157091,12703.763913401199,9521.167669278042
forecast_1116,2025-02-16 12:00:00,9212.145202695441,11727.094001053454,11099.32277399721
forecast_1117,2025-02-16 13:00:00,10251.059803288019,11961.39162586693,11434.902094184232
forecast_1118,2025-02-16 14:00:00,11518.142374797913,13005.593367610825,12668.462091858764
forecast_1119,2025-02-16 15:00:00,13041.85156477267,14922.043392809679,13498.68372829408
forecast_1120,2025-02-16 16:00:00,15080.171826816866,15763.052129085365,14156.728290044393
forecast_1121,2025-02-16 17:00:00,16020.407173507472,16630.42198965371,15466.87529064146
forecast_1122,2025-02-16 18:00:00,16925.861631623648,17644.389688404808,16858.719304844984
forecast_1123,2025-02-16 19:00:00,16695.793767229483,17695.22325543889,16390.65781104375
forecast_1124,2025-02-16 20:00:00,16459.391636446475,17674.96594766781,16415.390788955356
forecast_1125,2025-02-16 21:00:00,17035.790476561466,17929.58065046424,17746.448692959453
forecast_1126,2025-02-16 22:00:00,17020.560626932056,17533.132739566023,15146.70717876347
forecast_1127,2025-02-16 23:00:00,16734.22317668796,17252.283582701948,14845.027845293065
forecast_1128,2025-02-17 00:00:00,16199.011448141096,16234.33547575025,12974.441301034345
forecast_1129,2025-02-17 01:00:00,15027.041227353899,15778.461331112903,11536.325134779967
forecast_1130,2025-02-17 02:00:00,14398.554752781813,14577.629056747981,10538.9503812153
forecast_1131,2025-02-17 03:00:00,14073.261473317172,14092.546016156992,11135.34090364528
forecast_1132,2025-02-17 04:00:00,13615.945463017975,13665.770450018277,11989.991441227776
forecast_1133,2025-02-17 05:00:00,13095.03724018056,12525.723990214034,11674.994758822473
forecast_1134,2025-02-17 06:00:00,12755.163567095486,13262.399928059684,11273.271488889168
forecast_1135,2025-02-17 07:00:00,13047.07774898569,13172.64636572272,10788.582985073721
forecast_1136,2025-02-17 08:00:00,13187.184294505249,13599.55976190001,10746.778201316607
forecast_1137,2025-02-17 09:00:00,13390.055188380908,13851.553854489825,11617.74895899251
forecast_1138,2025-02-17 10:00:00,13207.79769868093,13621.996874102135,11423.390368053539
forecast_1139,2025-02-17 11:00:00,13239.72409837408,13356.437203266512,10784.5493136165
forecast_1140,2025-02-17 12:00:00,13303.39678291466,12783.051697996088,10710.224422398274
forecast_1141,2025-02-17 13:00:00,13275.330144733129,12718.192779658926,9850.540735639068
forecast_1142,2025-02-17 14:00:00,13017.533229289504,12375.15863422218,8642.400415989152
forecast_1143,2025-02-17 15:00:00,12426.958710152148,11610.984270867155,7843.010343672829
forecast_1144,2025-02-17 16:00:00,11023.120992659684,10883.363884360559,7180.68136081236
forecast_1145,2025-02-17 17:00:00,10126.249271103581,9158.739800706253,6763.2594408909545
forecast_1146,2025-02-17 18:00:00,9809.729453436408,9362.684745201841,5294.203113920599
forecast_1147,2025-02-17 19:00:00,9753.959558882994,8422.517173429478,4688.668882339897
forecast_1148,2025-02-17 20:00:00,9504.53306067162,8381.842752009276,4396.201128011015
forecast_1149,2025-02-17 21:00:00,9300.978585669554,8445.210570694862,4546.798013163772
forecast_1150,2025-02-17 22:00:00,9300.16331840871,8938.69426597876,4948.657866259067
forecast_1151,2025-02-17 23:00:00,9656.205089835596,9932.305706194238,6623.828492278144
forecast_1152,2025-02-18 00:00:00,10184.294711512532,11153.879137600137,7464.347517468956
forecast_1153,2025-02-18 01:00:00,10417.220746919498,11336.060465576931,8301.837227881133
forecast_1154,2025-02-18 02:00:00,11441.949138316542,11774.526181357307,9729.9501359067
forecast_1155,2025-02-18 03:00:00,11948.938942450943,12790.732547014999,10708.522429928453
forecast_1156,2025-02-18 04:00:00,12298.880615397862,13657.597149064466,11992.891845279455
forecast_1157,2025-02-18 05:00:00,12340.1399218312,13930.549943183316,12665.738642921293
forecast_1158,2025-02-18 06:00:00,12604.155149058583,14566.164549586927,13446.44234800102
forecast_1159,2025-02-18 07:00:00,12741.268156050455,15149.3717978655,13579.039638590519
forecast_1160,2025-02-18 08:00:00,12109.974433006828,14954.65875147156,13414.880707343968
forecast_1161,2025-02-18 09:00:00,12080.077221830357,13890.360771330083,12469.532180368471
forecast_1162,2025-02-18 10:00:00,11478.709854684543,12809.066809476939,10654.065809585309
forecast_1163,2025-02-18 11:00:00,12164.058745611328,13195.338253496408,10788.683862321075
forecast_1164,2025-02-18 12:00:00,12676.05420101502,12712.194934301231,10769.835745156995
forecast_1165,2025-02-18 13:00:00,12906.564076445582,13015.657884555649,10584.514295021349
forecast_1166,2025-02-18 14:00:00,13109.180701590865,13131.22292417903,10823.954194329803
forecast_1167,2025-02-18 15:00:00,13188.081825336509,12992.41580314703,9924.917336504957
forecast_1168,2025-02-18 16:00:00,13020.498855120431,11923.596380400466,9037.803221897895
forecast_1169,2025-02-18 17:00:00,12932.61761541796,11319.355920385264,9042.972220402939
forecast_1170,2025-02-18 18:00:00,12363.113244789769,11371.881157208907,9189.75082949858
forecast_1171,2025-02-18 19:00:00,11719.288279687653,11769.249505296917,10546.550601920386
forecast_1172,2025-02-18 20:00:00,11341.206839033748,12156.69601839032,10186.986041960976
forecast_1173,2025-02-18 21:00:00,11026.000913965734,13055.604325062439,9132.874714114954
forecast_1174,2025-02-18 22:00:00,10848.49092869306,13999.12806705178,8514.533084614337
forecast_1175,2025-02-18 23:00:00,11306.578152365608,14579.370340566169,9694.77985552537
forecast_1176,2025-02-19 00:00:00,11603.28973598986,14068.164350122528,11251.55465119957
forecast_1177,2025-02-19 01:00:00,11960.026740511066,13889.373871337544,10080.680884510783
forecast_1178,2025-02-19 02:00:00,12510.710797248503,14790.282386365583,11150.234172734821
forecast_1179,2025-02-19 03:00:00,12469.429642089555,15266.6794527991,13413.16211046788
forecast_1180,2025-02-19 04:00:00,12557.137848919625,15424.160868611876,13603.277265244273
forecast_1181,2025-02-19 05:00:00,12498.387136383397,15808.994835789794,13335.409509870111
forecast_1182,2025-02-19 06:00:00,12727.14915652986,16000.506544304908,13194.956769597362
forecast_1183,2025-02-19 07:00:00,12782.037791436878,16650.5277908568,13551.290871178371
forecast_1184,2025-02-19 08:00:00,12633.964999577387,16515.26189866958,13629.080023407892
forecast_1185,2025-02-19 09:00:00,11342.693074272125,14499.241441269936,10920.04773915226
forecast_1186,2025-02-19 10:00:00,9930.662039396475,11450.379145524948,9414.23332348894
forecast_1187,2025-02-19 11:00:00,8464.122097323994,8845.678707519057,8746.237018463013
forecast_1188,2025-02-19 12:00:00,7665.015106219344,7713.68675804381,7715.35508004712
forecast_1189,2025-02-19 13:00:00,7285.875354570913,7468.820758610909,6130.194766431878
forecast_1190,2025-02-19 14:00:00,7230.725214185615,7072.220369735314,5647.551759847181
forecast_1191,2025-02-19 15:00:00,7056.382664590419,6983.090983470804,5701.429476248375
forecast_1192,2025-02-19 16:00:00,7114.219080226481,7066.746500404621,5740.869765775276
forecast_1193,2025-02-19 17:00:00,7236.61425664801,7231.884745192056,5887.4372053562665
forecast_1194,2025-02-19 18:00:00,7513.697060129437,7550.975033871442,6205.046725512959
forecast_1195,2025-02-19 19:00:00,7651.197937423233,8495.68399885411,6851.4228806452065
forecast_1196,2025-02-19 20:00:00,7972.058350779213,8466.462368725332,7926.83484972382
forecast_1197,2025-02-19 21:00:00,8616.267508863348,10119.821599479863,8330.246629485318
forecast_1198,2025-02-19 22:00:00,9529.40612739502,12592.044218508381,8467.20979119193
forecast_1199,2025-02-19 23:00:00,10495.83277718513,13435.857547562164,8654.250410844637
forecast_1200,2025-02-20 00:00:00,11204.352845879159,13406.667216941363,8882.872048954318
forecast_1201,2025-02-20 01:00:00,11294.41339514232,13194.551411221286,8019.808814488351
forecast_1202,2025-02-20 02:00:00,10292.866921881954,13058.80515198296,8311.934070257501
forecast_1203,2025-02-20 03:00:00,10533.884010730066,13228.675462150108,8625.40229151781
forecast_1204,2025-02-20 04:00:00,10864.027225539961,13308.881594541306,9478.085155241248
forecast_1205,2025-02-20 05:00:00,11211.595210423804,13705.96423256036,10933.539833386116
forecast_1206,2025-02-20 06:00:00,11709.02261999104,14420.159318784416,12782.996108355712
forecast_1207,2025-02-20 07:00:00,13033.399873630842,15147.21186922392,13705.020133756963
forecast_1208,2025-02-20 08:00:00,13210.701188754483,16178.312505878846,13068.65887985588
forecast_1209,2025-02-20 09:00:00,12419.664233621173,15979.54585104699,10527.892124684942
forecast_1210,2025-02-20 10:00:00,11297.548461448983,14236.151089522116,9791.132661197738
forecast_1211,2025-02-20 11:00:00,10554.439843270244,11816.028650525484,9961.20026109451
forecast_1212,2025-02-20 12:00:00,9978.459388909641,11057.830034766399,10601.204892900276
forecast_1213,2025-02-20 13:00:00,9965.337855824519,10809.45506923092,9716.376669388128
forecast_1214,2025-02-20 14:00:00,10674.15452632695,10593.719082735091,9650.254990008667
forecast_1215,2025-02-20 15:00:00,10432.295128864213,10419.006493617639,9236.801706006783
forecast_1216,2025-02-20 16:00:00,10123.727813562717,9574.40705859108,7968.374093671648
forecast_1217,2025-02-20 17:00:00,10031.81712138904,9966.847551381878,7461.465165377322
forecast_1218,2025-02-20 18:00:00,10285.523254586366,10753.784084414789,8969.951999865145
forecast_1219,2025-02-20 19:00:00,10498.498341772674,11125.371627237779,9717.923230515687
forecast_1220,2025-02-20 20:00:00,10660.40641124054,11609.486832629891,11208.258205646353
forecast_1221,2025-02-20 21:00:00,9863.496224592482,11986.749673034828,9631.876911680101
forecast_1222,2025-02-20 22:00:00,9996.997818141557,13052.021726442716,8985.532495370682
forecast_1223,2025-02-20 23:00:00,9934.563038049624,13573.93599190706,8234.727041436287
forecast_1224,2025-02-21 00:00:00,10366.063129796183,13936.462450090738,8123.110468441331
forecast_1225,2025-02-21 01:00:00,10762.680728487037,13469.673229319325,8058.8251542368
forecast_1226,2025-02-21 02:00:00,11230.743953452682,13318.410583294712,8913.496574201981
forecast_1227,2025-02-21 03:00:00,11031.60860733591,13075.710035962034,9593.724385415328
forecast_1228,2025-02-21 04:00:00,11153.40784811755,13090.922079257902,9300.704313377737
forecast_1229,2025-02-21 05:00:00,10849.777246542151,13185.523755648272,9202.227212576454
forecast_1230,2025-02-21 06:00:00,11166.121889419614,13509.777150363603,9302.708059573428
forecast_1231,2025-02-21 07:00:00,11247.829349439267,13716.256832261915,9537.472857735958
forecast_1232,2025-02-21 08:00:00,10998.04620621254,13767.270565986206,9547.600053701117
forecast_1233,2025-02-21 09:00:00,9981.51585558676,12303.875612331241,8212.747235463125
forecast_1234,2025-02-21 10:00:00,8053.572475838138,9650.880829557069,6746.001947696364
forecast_1235,2025-02-21 11:00:00,7222.215876676946,7869.255978004295,6111.258921860854
forecast_1236,2025-02-21 12:00:00,6916.216492772279,7317.557501908516,5725.528085718348
forecast_1237,2025-02-21 13:00:00,6879.042883691383,7058.526722333778,5713.807921595352
forecast_1238,2025-02-21 14:00:00,7482.784827431895,7016.27273499882,5674.191129540206
forecast_1239,2025-02-21 15:00:00,8175.015300737055,7314.156972076119,5876.922517135981
forecast_1240,2025-02-21 16:00:00,8947.361166230578,7829.41238534669,6231.660325140776
forecast_1241,2025-02-21 17:00:00,9362.457690492056,8480.320591369113,7274.448372915295
forecast_1242,2025-02-21 18:00:00,9807.021143849459,9795.207857452,8433.92243573226
forecast_1243,2025-02-21 19:00:00,10985.488308300737,10680.598279142658,9410.43805212776
forecast_1244,2025-02-21 20:00:00,11404.075094683312,10916.567556935332,10350.45374343351
forecast_1245,2025-02-21 21:00:00,11689.747011390482,11484.008098594255,10301.749661741229
forecast_1246,2025-02-21 22:00:00,11670.62428444738,12044.072102199196,11983.245371887248
forecast_1247,2025-02-21 23:00:00,12349.245138658267,12520.325672516185,12187.187275217788
forecast_1248,2025-02-22 00:00:00,12829.907515817122,13016.761082341165,11914.352357992622
forecast_1249,2025-02-22 01:00:00,14303.926698840058,13567.452192089631,13176.15365807297
forecast_1250,2025-02-22 02:00:00,14566.722617770843,13669.910476982172,13398.956140807248
forecast_1251,2025-02-22 03:00:00,14569.81258602453,13814.071827055246,14086.669445558433
forecast_1252,2025-02-22 04:00:00,14034.389818389289,14072.537386455948,14390.707742315992
forecast_1253,2025-02-22 05:00:00,13439.363102917076,14547.137297567097,12037.019940224473
forecast_1254,2025-02-22 06:00:00,11800.807387354496,14127.041777983432,10233.356602186204
forecast_1255,2025-02-22 07:00:00,11885.489458064896,13420.027963205048,10184.143272191228
forecast_1256,2025-02-22 08:00:00,11613.31552883325,11748.03802107984,9311.807006943563
forecast_1257,2025-02-22 09:00:00,10460.892135183472,11078.195729938378,6368.466010564709
forecast_1258,2025-02-22 10:00:00,7981.876643466016,7857.2546932311725,4330.126012408176
forecast_1259,2025-02-22 11:00:00,6362.521930334225,5507.915676779186,3723.078022861568
forecast_1260,2025-02-22 12:00:00,5867.885580143537,5110.98937506053,4269.8620538755895
forecast_1261,2025-02-22 13:00:00,6501.232963331521,6346.144624878184,5463.612243982908
forecast_1262,2025-02-22 14:00:00,6850.723279111927,6943.612825277969,6316.341497123892
forecast_1263,2025-02-22 15:00:00,7746.250842946547,7746.978627192353,7781.332650113497
forecast_1264,2025-02-22 16:00:00,8865.822170964057,8213.779845416022,8099.9628317201605
forecast_1265,2025-02-22 17:00:00,9552.730364007402,8936.227575384011,8503.331817766199
forecast_1266,2025-02-22 18:00:00,10598.059395183775,10699.508786032406,10350.618915555731
forecast_1267,2025-02-22 19:00:00,11867.258095055216,13644.885889783009,13648.650321049101
forecast_1268,2025-02-22 20:00:00,12886.400623703443,14318.055200785351,15005.679567268982
forecast_1269,2025-02-22 21:00:00,13818.285013231885,15378.403030688136,16267.504798715878
forecast_1270,2025-02-22 22:00:00,14559.467365947748,16466.2004438206,17082.321319513816
forecast_1271,2025-02-22 23:00:00,15166.285026706624,17634.23186190403,17260.86248014959
forecast_1272,2025-02-23 00:00:00,15275.640949756167,17801.858901479864,17425.601719579725
forecast_1273,2025-02-23 01:00:00,15265.588399998054,18151.60154949351,17523.54252558437
forecast_1274,2025-02-23 02:00:00,14702.472703721265,17898.027326012634,17638.963995275273
forecast_1275,2025-02-23 03:00:00,15216.489587424514,17747.00022852731,17808.740829709815
forecast_1276,2025-02-23 04:00:00,15329.771750526414,16865.436693811243,17594.29028848736
forecast_1277,2025-02-23 05:00:00,16850.076963965716,16871.57163972341,17466.402652483706
forecast_1278,2025-02-23 06:00:00,16985.492257749243,17514.91623649247,17781.573236797678
forecast_1279,2025-02-23 07:00:00,16875.987503357137,17381.44814341298,17362.151732453778
forecast_1280,2025-02-23 08:00:00,16680.88138209607,17382.517449500112,17181.315149942573
forecast_1281,2025-02-23 09:00:00,15728.263662823168,16558.742061307574,17020.437657280854
forecast_1282,2025-02-23 10:00:00,14655.017521399455,15391.4303922562,15045.224147600102
forecast_1283,2025-02-23 11:00:00,14049.64202335099,14509.420219259715,14913.823919516464
forecast_1284,2025-02-23 12:00:00,14196.165630804131,14462.114713811523,14473.061569064836
forecast_1285,2025-02-23 13:00:00,13774.949222203795,14311.381857236984,13135.272127374017
forecast_1286,2025-02-23 14:00:00,13549.779105351328,14171.63989459275,12109.916024700547
forecast_1287,2025-02-23 15:00:00,13259.659294138357,13363.566359055752,11342.241530929716
forecast_1288,2025-02-23 16:00:00,12889.758856125218,11533.132316813728,10324.796687549664
forecast_1289,2025-02-23 17:00:00,12373.763142852591,10940.193099311266,9318.564251395806
forecast_1290,2025-02-23 18:00:00,12342.651704855654,10990.883384959681,10201.73177375613
forecast_1291,2025-02-23 19:00:00,12267.50256325908,11345.142726475995,11577.067944129012
forecast_1292,2025-02-23 20:00:00,11888.469351489974,12563.430299981013,11910.42691740839
forecast_1293,2025-02-23 21:00:00,11433.545978050957,13222.508763857193,10453.651504175341
forecast_1294,2025-02-23 22:00:00,13057.344265067148,14739.211804007373,10322.897555940202
forecast_1295,2025-02-23 23:00:00,14326.570148325121,15948.63179004499,10843.696810967944
forecast_1296,2025-02-24 00:00:00,15431.463414277743,16416.988517082824,12170.1941365717
forecast_1297,2025-02-24 01:00:00,15893.585478926334,17092.934019712135,13415.459418471473
forecast_1298,2025-02-24 02:00:00,16900.09654550941,18106.43216442962,15144.381606980083
forecast_1299,2025-02-24 03:00:00,16540.647031560926,17571.83605679562,15730.06168182119
forecast_1300,2025-02-24 04:00:00,17161.259620993886,17668.244695478643,15882.724981558555
forecast_1301,2025-02-24 05:00:00,17368.147354343986,18042.37122359254,15861.633466472224
forecast_1302,2025-02-24 06:00:00,17336.98656513571,18119.86666305366,16212.30735525181
forecast_1303,2025-02-24 07:00:00,16709.967045189824,17191.313953580735,16015.092160785563
forecast_1304,2025-02-24 08:00:00,16192.459683602578,16981.456849537135,16085.737954776243
forecast_1305,2025-02-24 09:00:00,15501.490157359582,15630.920732254264,14820.904954825162
forecast_1306,2025-02-24 10:00:00,11480.240782571771,13652.980649808236,11234.066922871632
forecast_1307,2025-02-24 11:00:00,9436.081780663377,11815.37249334723,10694.297014619347
forecast_1308,2025-02-24 12:00:00,9410.986898290674,10537.170681315909,10493.300334999765
forecast_1309,2025-02-24 13:00:00,8638.782934567153,10947.008274076536,9558.060994454238
forecast_1310,2025-02-24 14:00:00,9121.501168834613,10280.67136423916,9848.999532518616
forecast_1311,2025-02-24 15:00:00,9409.421875567006,10063.160644676223,9419.380828785443
forecast_1312,2025-02-24 16:00:00,10326.426033482234,10730.011951019222,9665.693535281816
forecast_1313,2025-02-24 17:00:00,11009.625327340129,11860.855496498549,10553.226992772798
forecast_1314,2025-02-24 18:00:00,13091.370667081355,13443.12759824143,13873.717719541666
forecast_1315,2025-02-24 19:00:00,14495.760224968702,15157.86104403608,15201.195869928211
forecast_1316,2025-02-24 20:00:00,16188.09644867078,16449.35768865189,16445.856637030018
forecast_1317,2025-02-24 21:00:00,16941.957751292535,17712.90247000205,17126.27114693309
forecast_1318,2025-02-24 22:00:00,19420.52899895577,19389.068452542866,18182.095116271204
forecast_1319,2025-02-24 23:00:00,20143.296769217686,19826.69196674002,18670.32737731104
forecast_1320,2025-02-25 00:00:00,20527.97034906164,20272.635565934383,19161.765068381763
forecast_1321,2025-02-25 01:00:00,20512.937291615504,20494.015504580777,19463.379306103965
forecast_1322,2025-02-25 02:00:00,20333.15678968626,20596.986427726762,19573.356854504273
forecast_1323,2025-02-25 03:00:00,20461.00298674094,20749.803307767404,20009.236611659813
forecast_1324,2025-02-25 04:00:00,20376.328266408076,20635.206209462725,19800.68737637205
forecast_1325,2025-02-25 05:00:00,20083.677652565642,20756.61103995065,19836.94208348052
forecast_1326,2025-02-25 06:00:00,19849.317482957984,20746.786199996415,19702.932224295906
forecast_1327,2025-02-25 07:00:00,19869.916505745627,20778.834070393572,19928.75701665331
forecast_1328,2025-02-25 08:00:00,19985.991104126726,20692.746964392503,19871.94546059302
forecast_1329,2025-02-25 09:00:00,19824.885580179725,20665.226456411576,19562.844740702574
forecast_1330,2025-02-25 10:00:00,17642.099435648328,19895.673583109754,18004.307019049174
forecast_1331,2025-02-25 11:00:00,16970.15168179971,20003.780790334727,17770.05985222727
forecast_1332,2025-02-25 12:00:00,15811.882828913647,19512.163514882894,18029.43068920148
forecast_1333,2025-02-25 13:00:00,15509.190271697116,18821.057867740477,16351.734017852094
forecast_1334,2025-02-25 14:00:00,15827.53866708386,18387.319956146832,17816.394422337835
forecast_1335,2025-02-25 15:00:00,16516.90858890924,18223.98137217588,17256.89268487459
forecast_1336,2025-02-25 16:00:00,17553.903126849887,18883.870927765252,18536.491625226423
forecast_1337,2025-02-25 17:00:00,18426.024044163853,19312.062250996598,19297.560011015412
forecast_1338,2025-02-25 18:00:00,19837.934316748644,19822.911406091975,19710.541923103818
forecast_1339,2025-02-25 19:00:00,20274.775635830367,19999.057940535084,19519.600284759043
forecast_1340,2025-02-25 20:00:00,20450.765141429438,20014.98110193768,19534.4505854031
forecast_1341,2025-02-25 21:00:00,20483.247598917078,19903.190351941965,19372.621225494684
forecast_1342,2025-02-25 22:00:00,20509.291218915532,19608.898146666124,19357.531062568247
forecast_1343,2025-02-25 23:00:00,20403.881235116223,19616.812899739303,19271.674035597916
forecast_1344,2025-02-26 00:00:00,20353.790691733153,19262.07054266711,19337.486686401244
forecast_1345,2025-02-26 01:00:00,19909.603642875674,19162.759586360145,19055.372298940005
forecast_1346,2025-02-26 02:00:00,18596.332899717076,19252.562341118894,18904.072154403904
forecast_1347,2025-02-26 03:00:00,18115.384884669496,19134.585394810798,19027.09303908711
forecast_1348,2025-02-26 04:00:00,17975.78575284592,19203.244907381748,18736.321475207234
forecast_1349,2025-02-26 05:00:00,17697.42147895728,19099.978886840483,18644.357181027994
forecast_1350,2025-02-26 06:00:00,17451.24923429191,19210.188904628885,17469.646666863355
forecast_1351,2025-02-26 07:00:00,16888.477178867084,19264.085084803086,17802.896850508398
forecast_1352,2025-02-26 08:00:00,16352.134749963829,18664.68012244137,17285.624836628685
forecast_1353,2025-02-26 09:00:00,15211.075687422986,17426.10991790008,16590.754205533696
forecast_1354,2025-02-26 10:00:00,13437.36781449255,15733.249379108045,14370.169123863689
forecast_1355,2025-02-26 11:00:00,12660.028340836936,14913.63721881028,12642.250020340522
forecast_1356,2025-02-26 12:00:00,12447.307338018094,13789.804605091062,11442.369335830092
forecast_1357,2025-02-26 13:00:00,12772.433706511987,13928.265968906053,11614.915988057972
forecast_1358,2025-02-26 14:00:00,12831.681406841377,14045.050693911282,10869.501119255969
forecast_1359,2025-02-26 15:00:00,13076.783014210874,14429.492290543854,10846.354324478729
forecast_1360,2025-02-26 16:00:00,13308.882679318654,14546.43832259993,11918.383312104954
forecast_1361,2025-02-26 17:00:00,13877.344508753726,14637.056957862227,12332.656509669327
forecast_1362,2025-02-26 18:00:00,14915.877261701391,15248.172176787086,15751.191926293963
forecast_1363,2025-02-26 19:00:00,15718.968254216918,17066.697839280558,17438.786100340145
forecast_1364,2025-02-26 20:00:00,16519.811456018288,19251.770310674656,17925.55031791771
forecast_1365,2025-02-26 21:00:00,17858.782467577403,19632.63459226202,18212.82017666584
forecast_1366,2025-02-26 22:00:00,17444.60299132833,19469.92657976718,18935.40681919123
forecast_1367,2025-02-26 23:00:00,17186.939290497205,19478.93616460005,18983.048803584818
forecast_1368,2025-02-27 00:00:00,18412.56983839115,20088.18999483491,19327.505644649475
forecast_1369,2025-02-27 01:00:00,19440.069762326104,20363.78036854068,19177.1846341473
forecast_1370,2025-02-27 02:00:00,19527.538464398312,20458.717980319278,19406.86008336511
forecast_1371,2025-02-27 03:00:00,19540.224563175372,20609.112005104245,19667.894057693862
forecast_1372,2025-02-27 04:00:00,19136.22004303228,20498.64381896977,19416.63952270272
forecast_1373,2025-02-27 05:00:00,19187.79823234673,20432.6294779784,19007.374922044102
forecast_1374,2025-02-27 06:00:00,19618.619156881454,20117.160862490662,18647.68738472126
forecast_1375,2025-02-27 07:00:00,19614.716666041997,19918.116888378256,19292.7432534074
forecast_1376,2025-02-27 08:00:00,19440.054020869215,19599.690632891907,18492.523028684678
forecast_1377,2025-02-27 09:00:00,18402.578614100643,18830.893878271712,16411.623515671738
forecast_1378,2025-02-27 10:00:00,15177.720620185477,17378.631369314742,15949.89970218691
forecast_1379,2025-02-27 11:00:00,13401.344028798081,15894.313007172146,15248.432252395414
forecast_1380,2025-02-27 12:00:00,12412.751958120649,14643.29240019893,13558.394697627687
forecast_1381,2025-02-27 13:00:00,11060.683794908902,13053.009895591515,11960.773319172857
forecast_1382,2025-02-27 14:00:00,9912.558548066014,10767.230320156135,8708.530908316505
forecast_1383,2025-02-27 15:00:00,9068.236805023416,9955.558185546986,8404.864557917525
forecast_1384,2025-02-27 16:00:00,9623.212750636729,9445.29098793491,8307.67068263957
forecast_1385,2025-02-27 17:00:00,9904.13086406823,9193.276157029417,6578.068559886366
forecast_1386,2025-02-27 18:00:00,11166.00541338107,10352.792647370023,7918.3669897261225
forecast_1387,2025-02-27 19:00:00,12514.72386462393,12711.682324382735,8974.607371334421
forecast_1388,2025-02-27 20:00:00,12680.123217369068,13953.16779324851,9378.989275663444
forecast_1389,2025-02-27 21:00:00,13140.205809019611,14487.016352219243,10062.80007760288
forecast_1390,2025-02-27 22:00:00,14457.479867444299,15678.923348153672,10863.395617093549
forecast_1391,2025-02-27 23:00:00,15104.624674600047,16371.100485453668,12833.552317080972
forecast_1392,2025-02-28 00:00:00,14926.298101162112,17213.599803530455,14086.253289594484
forecast_1393,2025-02-28 01:00:00,15149.262598112127,17569.211857352446,14324.372684936538
forecast_1394,2025-02-28 02:00:00,16203.631173097456,17211.609577415195,13916.102710208657
forecast_1395,2025-02-28 03:00:00,16440.243151017774,17253.914844368417,13036.936244438024
forecast_1396,2025-02-28 04:00:00,17497.85230323379,17599.617927862964,15396.866697196256
forecast_1397,2025-02-28 05:00:00,18299.442049681424,18408.673477085023,16860.88765249409
forecast_1398,2025-02-28 06:00:00,18770.764817120424,18874.37525496395,18012.675219385626
forecast_1399,2025-02-28 07:00:00,18953.458846157293,19157.65153194933,18664.611272255337
forecast_1400,2025-02-28 08:00:00,18857.652571897466,19389.740497986946,18659.615324788443
forecast_1401,2025-02-28 09:00:00,17790.155546102065,19046.564081204597,18186.265035416196
forecast_1402,2025-02-28 10:00:00,15670.962705710532,18551.989937515267,16833.480744478886
forecast_1403,2025-02-28 11:00:00,14517.006646871341,17885.883726911874,15335.76574013062
forecast_1404,2025-02-28 12:00:00,14200.788089227615,16615.280345776402,13835.466065112674
forecast_1405,2025-02-28 13:00:00,13427.714973348899,16156.670308961418,13530.398172027737
forecast_1406,2025-02-28 14:00:00,12830.761173487612,15414.799918933444,13463.425267690945
forecast_1407,2025-02-28 15:00:00,13311.910138120209,14716.25450791452,13141.919126465655
forecast_1408,2025-02-28 16:00:00,13626.197199700726,15192.647306565603,13510.715721956753
forecast_1409,2025-02-28 17:00:00,15087.681477582459,15873.467669864378,13606.811871001777
forecast_1410,2025-02-28 18:00:00,15285.86075351216,16176.19495087724,13913.076788557733
forecast_1411,2025-02-28 19:00:00,16140.746793915001,16902.951761862547,14235.581879962738
forecast_1412,2025-02-28 20:00:00,17582.71404128649,17190.562610613117,12994.598530298688
forecast_1413,2025-02-28 21:00:00,16471.628993741426,16206.899310947269,12196.118081782377
forecast_1414,2025-02-28 22:00:00,15802.892487992412,15754.414025057795,12830.027958594392
forecast_1415,2025-02-28 23:00:00,14724.718042459874,13612.95366828399,12036.592271610549
forecast_1416,2025-03-01 00:00:00,13403.652601310636,13582.363588560456,10752.419217423336
forecast_1417,2025-03-01 01:00:00,13344.968259232175,12512.689229859843,10122.217079658476
forecast_1418,2025-03-01 02:00:00,11503.802178408376,10642.740628508209,7490.730998890409
forecast_1419,2025-03-01 03:00:00,9889.14416606239,8683.347250565277,4989.452658748698
forecast_1420,2025-03-01 04:00:00,7763.371161473146,7116.495252541743,3394.8171897090397
forecast_1421,2025-03-01 05:00:00,5661.179522616749,5289.504665910596,2104.788615610136
forecast_1422,2025-03-01 06:00:00,4205.031117064022,4586.6512484324385,1559.2949615190848
forecast_1423,2025-03-01 07:00:00,3172.5420887570003,3167.148790939194,1162.0869499255803
forecast_1424,2025-03-01 08:00:00,2458.457843965185,2299.4377701381195,819.3515133996925
forecast_1425,2025-03-01 09:00:00,1726.5461237285303,1627.8087071495902,668.6206458111234
forecast_1426,2025-03-01 10:00:00,1332.8927691673732,1321.8380397008884,672.638749465439
forecast_1427,2025-03-01 11:00:00,933.7750819605023,1380.4096462114135,868.1655187470194
forecast_1428,2025-03-01 12:00:00,1226.454733512404,1767.8871399385066,981.9328977100052
forecast_1429,2025-03-01 13:00:00,1833.830785148513,2103.013741541353,1119.8188301082432
forecast_1430,2025-03-01 14:00:00,3012.0745451066705,3343.285060580717,1277.3179875495523
forecast_1431,2025-03-01 15:00:00,3877.9409305982913,4216.946223521459,2095.183411549712
forecast_1432,2025-03-01 16:00:00,4673.639762411265,4822.888027169742,2638.0089174865157
forecast_1433,2025-03-01 17:00:00,4810.137201225962,6054.27940383959,2685.488563788206
forecast_1434,2025-03-01 18:00:00,5058.666864851648,6003.734638580161,2578.735322446773
forecast_1435,2025-03-01 19:00:00,4886.998496664157,5894.053798386495,2808.935721962697
forecast_1436,2025-03-01 20:00:00,4257.8812189998125,6192.55162344501,2688.6280179541354
forecast_1437,2025-03-01 21:00:00,4259.838738927083,5788.002512730505,2176.089152944246
forecast_1438,2025-03-01 22:00:00,4190.242460225818,5528.379055667348,2567.209367654973
forecast_1439,2025-03-01 23:00:00,3778.1987047934417,5234.73765584968,2350.910425872202
forecast_1440,2025-03-02 00:00:00,4637.041336207547,5561.962856554949,2695.8460689146777
forecast_1441,2025-03-02 01:00:00,5511.399133043866,5799.013600203736,4006.2832349342907
forecast_1442,2025-03-02 02:00:00,6478.435237281707,6444.666752488531,5116.202621858661
forecast_1443,2025-03-02 03:00:00,5749.971912565048,6331.078739756025,5265.527801746148
forecast_1444,2025-03-02 04:00:00,6842.260532386177,6306.640484609427,5230.618901759961
forecast_1445,2025-03-02 05:00:00,7560.981752410399,6155.783488291123,4302.492598673138
forecast_1446,2025-03-02 06:00:00,5134.340500261851,5552.313121342728,2792.8799910702014
forecast_1447,2025-03-02 07:00:00,3616.36198641009,3702.740128141598,2144.21140848139
forecast_1448,2025-03-02 08:00:00,3665.9393369240092,3810.0827508765124,2133.9268839847055
forecast_1449,2025-03-02 09:00:00,3399.9324891516735,4081.8626072533725,2301.0296231112698
forecast_1450,2025-03-02 10:00:00,3841.4616695767572,3931.2542676562516,3183.768348470471
forecast_1451,2025-03-02 11:00:00,4675.370173134956,5356.80907304353,4196.48794240654
forecast_1452,2025-03-02 12:00:00,6308.9245031001865,6595.674678908832,5083.597224298304
forecast_1453,2025-03-02 13:00:00,7240.282922103144,7709.770099548463,7078.132883591903
forecast_1454,2025-03-02 14:00:00,8273.829393717719,9102.838961557567,8240.547693310815
forecast_1455,2025-03-02 15:00:00,9440.701690417747,10420.23886811128,8766.445643785944
forecast_1456,2025-03-02 16:00:00,9887.203096949705,12019.327057482822,10374.835731428604
forecast_1457,2025-03-02 17:00:00,10704.76651160913,12679.732219156504,11507.571729483923
forecast_1458,2025-03-02 18:00:00,12074.488159436754,13698.575593647955,13691.50693196768
forecast_1459,2025-03-02 19:00:00,13035.811847226618,15552.241831284366,14965.249941965205
forecast_1460,2025-03-02 20:00:00,13963.403905719395,17074.62972846152,14805.876015569258
forecast_1461,2025-03-02 21:00:00,13674.468996951244,17692.829842850293,14909.549578107653
forecast_1462,2025-03-02 22:00:00,14718.751107575703,18292.279163035073,16436.993001603634
forecast_1463,2025-03-02 23:00:00,13845.345621220498,18200.86265243285,16447.767151852597
forecast_1464,2025-03-03 00:00:00,13841.670329389128,18183.225971585765,15848.775199164851
forecast_1465,2025-03-03 01:00:00,14830.868181779635,18581.05157367784,16783.4839315906
forecast_1466,2025-03-03 02:00:00,15216.180877760293,18636.92902935917,17103.13725214723
forecast_1467,2025-03-03 03:00:00,14420.243368325895,18494.94048494919,16944.493290395007
forecast_1468,2025-03-03 04:00:00,14211.389036514141,18605.731321623793,16810.79915920087
forecast_1469,2025-03-03 05:00:00,14632.141011617836,18430.499290344298,17194.136823722554
forecast_1470,2025-03-03 06:00:00,15146.531289874361,18782.497334443862,17061.787906459802
forecast_1471,2025-03-03 07:00:00,15789.919286417326,18900.907472448882,16825.96774757586
forecast_1472,2025-03-03 08:00:00,15888.37416541245,18888.540103828316,16400.528415676126
forecast_1473,2025-03-03 09:00:00,15713.876782901838,18815.321265109542,16453.234067183348
forecast_1474,2025-03-03 10:00:00,15491.332223104175,18631.807080643892,16618.367607768032
forecast_1475,2025-03-03 11:00:00,15363.498134205252,18439.766480284496,16313.640453082906
forecast_1476,2025-03-03 12:00:00,15224.142610774443,18092.663940668288,16205.407160505953
forecast_1477,2025-03-03 13:00:00,14881.588439586045,17918.260516429727,16443.25015957253
forecast_1478,2025-03-03 14:00:00,14599.155665211594,17399.738479439762,16416.2817968599
forecast_1479,2025-03-03 15:00:00,14540.268641963075,17155.406543079982,16451.72575737483
forecast_1480,2025-03-03 16:00:00,14241.290183058018,15729.841911827887,15985.47253176325
forecast_1481,2025-03-03 17:00:00,14063.818118254128,13922.216693675475,15136.338690625507
forecast_1482,2025-03-03 18:00:00,13630.735787217265,14124.364197585117,14884.540871958692
forecast_1483,2025-03-03 19:00:00,13415.754810599123,14705.368930364322,14935.49896661894
forecast_1484,2025-03-03 20:00:00,13687.405294502223,15255.917688384387,14845.286698516611
forecast_1485,2025-03-03 21:00:00,14192.583147895173,16026.934674324537,14826.928094474515
forecast_1486,2025-03-03 22:00:00,14524.114712733917,16351.96019588038,15242.107938890626
forecast_1487,2025-03-03 23:00:00,14720.897458931868,16774.98777325058,16150.921040973692
forecast_1488,2025-03-04 00:00:00,15215.898198886653,17754.485270734986,16030.055112107802
forecast_1489,2025-03-04 01:00:00,15286.367833887307,17937.069326225355,15354.89526149081
forecast_1490,2025-03-04 02:00:00,15258.674171172768,18248.687093393033,15682.000336378456
forecast_1491,2025-03-04 03:00:00,15767.201944347913,18278.71045272105,15945.516921609866
forecast_1492,2025-03-04 04:00:00,15547.036229104035,18341.135805443642,15993.692008471418
forecast_1493,2025-03-04 05:00:00,15588.920415603132,18421.540377632653,15986.469945678844
forecast_1494,2025-03-04 06:00:00,15818.188979402654,18807.302172828997,17407.246623855288
forecast_1495,2025-03-04 07:00:00,15984.372706344318,18825.610320449843,16787.985637794634
forecast_1496,2025-03-04 08:00:00,16146.58740069072,18784.64647689069,17287.9422007272
forecast_1497,2025-03-04 09:00:00,16208.498098080461,18823.60285104601,17355.089783881005
forecast_1498,2025-03-04 10:00:00,16162.96572708706,18832.233413191432,16867.831243922905
forecast_1499,2025-03-04 11:00:00,16418.3756191119,18779.46266627761,17364.261564946308
forecast_1500,2025-03-04 12:00:00,16168.466183685767,18766.40231051891,16742.43411805067
forecast_1501,2025-03-04 13:00:00,15540.088034890545,18824.22377660979,16750.697746281337
forecast_1502,2025-03-04 14:00:00,15812.259324045035,18836.51447875661,16875.96356682715
forecast_1503,2025-03-04 15:00:00,15363.65062368509,18913.2907132147,16377.159317493722
forecast_1504,2025-03-04 16:00:00,14431.932237480789,18706.39880522174,16478.714715866037
forecast_1505,2025-03-04 17:00:00,14556.163856779713,18586.77811753771,16334.051560316442
forecast_1506,2025-03-04 18:00:00,14629.453562115814,18274.63896673311,15972.576428027554
forecast_1507,2025-03-04 19:00:00,13915.329625440403,18312.379267648426,15928.99658620025
forecast_1508,2025-03-04 20:00:00,14029.433116171818,18241.84554645727,15492.579948278055
forecast_1509,2025-03-04 21:00:00,14193.42592978452,17876.440618962653,14950.613034870747
forecast_1510,2025-03-04 22:00:00,13575.792648258748,16501.048423330605,14888.572307732422
forecast_1511,2025-03-04 23:00:00,12486.21283507967,15454.135930693883,14568.926360388634
forecast_1512,2025-03-05 00:00:00,11472.377173064979,14099.51875364023,12961.798977348979
forecast_1513,2025-03-05 01:00:00,9611.31225050753,11255.310133203237,12040.663830940637
forecast_1514,2025-03-05 02:00:00,9011.154842864575,10343.79900466819,10134.38205045614
forecast_1515,2025-03-05 03:00:00,8133.026648615905,10007.789866266,8779.577835695556
forecast_1516,2025-03-05 04:00:00,7302.557513048548,8819.68895484509,8080.778284235784
forecast_1517,2025-03-05 05:00:00,7092.655702979732,9002.273613668134,7025.3461823553935
forecast_1518,2025-03-05 06:00:00,7095.339045678375,8748.049278270522,7033.079046832698
forecast_1519,2025-03-05 07:00:00,6779.064511597337,8587.659351813274,6787.8612672484305
forecast_1520,2025-03-05 08:00:00,6731.140535391398,7672.263824278873,6737.241877946326
forecast_1521,2025-03-05 09:00:00,6344.968950785318,7164.3438740432175,6160.259402582531
forecast_1522,2025-03-05 10:00:00,4481.875253887112,4959.242458294472,4534.117419113234
forecast_1523,2025-03-05 11:00:00,3355.6590289781852,3811.2214121149746,3270.8978116683884
forecast_1524,2025-03-05 12:00:00,2591.9002960723888,3209.246120170479,2687.2589399096805
forecast_1525,2025-03-05 13:00:00,1841.952748606428,2310.8335783583098,2744.4464845087496
forecast_1526,2025-03-05 14:00:00,1731.309578429452,2270.8595346745683,2273.6246623715083
forecast_1527,2025-03-05 15:00:00,1388.9480242563411,1390.7564149207938,1569.077235098261
forecast_1528,2025-03-05 16:00:00,1144.2270777066067,1203.253626901857,1243.981163311054
forecast_1529,2025-03-05 17:00:00,1100.1733630953256,1196.9329841219508,1146.4726785469156
forecast_1530,2025-03-05 18:00:00,1239.1050000478833,1083.8117576229233,944.2053160617133
forecast_1531,2025-03-05 19:00:00,1323.219001455621,1156.8248992461013,881.0390007699382
forecast_1532,2025-03-05 20:00:00,1507.6699171201094,1401.9063724079108,904.9948969264863
forecast_1533,2025-03-05 21:00:00,2168.7561111759505,1711.683410842201,937.3634199530823
forecast_1534,2025-03-05 22:00:00,2478.409893477376,1958.7644766853991,876.1374316055718
forecast_1535,2025-03-05 23:00:00,2439.2493446377307,1832.3989133903601,911.4257984792927
forecast_1536,2025-03-06 00:00:00,2119.7351501824114,1736.53561178112,720.3278928913552
forecast_1537,2025-03-06 01:00:00,1582.5484926994027,1789.8086471335466,697.5983851462759
forecast_1538,2025-03-06 02:00:00,1478.7105179573186,1703.6210002007213,683.1500413206063
forecast_1539,2025-03-06 03:00:00,1297.870498632091,1605.745645639244,680.1200368984671
forecast_1540,2025-03-06 04:00:00,1214.3158999889356,1396.014729456011,657.6681489519913
forecast_1541,2025-03-06 05:00:00,1169.6614966152888,1518.0454906707014,641.0021571350495
forecast_1542,2025-03-06 06:00:00,1097.7869295883231,1578.5580624442546,596.5042718705337
forecast_1543,2025-03-06 07:00:00,748.8676173251724,1001.4037169661908,543.3676172400964
forecast_1544,2025-03-06 08:00:00,542.154236397963,765.2352041754714,535.0469569221093
forecast_1545,2025-03-06 09:00:00,253.42897183123281,402.7072982159,535.0469569221093
forecast_1546,2025-03-06 10:00:00,212.14172474389423,245.88189774124382,535.0469569221093
forecast_1547,2025-03-06 11:00:00,213.5067552488943,234.97765379000742,535.0469569221093
forecast_1548,2025-03-06 12:00:00,215.50063692336778,248.53252239983766,535.0469569221093
forecast_1549,2025-03-06 13:00:00,218.77834350441051,250.63965596973915,535.0469569221093
forecast_1550,2025-03-06 14:00:00,237.40426024493405,251.0832115841249,538.2150574033712
forecast_1551,2025-03-06 15:00:00,217.58832110812247,263.7370979511024,538.5621754072164
forecast_1552,2025-03-06 16:00:00,217.23150031199708,252.07704036082993,538.5621754072164
forecast_1553,2025-03-06 17:00:00,242.55119192049722,295.3762617598804,537.251736180866
forecast_1554,2025-03-06 18:00:00,259.1823602486256,282.59188758116665,537.0428769279076
forecast_1555,2025-03-06 19:00:00,372.08149497264935,381.7510279842913,536.6957589240625
forecast_1556,2025-03-06 20:00:00,528.113100475501,627.3342168293723,552.0910911173844
forecast_1557,2025-03-06 21:00:00,698.7481364402065,755.6073292266867,567.6507136251405
forecast_1558,2025-03-06 22:00:00,1022.3605411851947,950.0111393188786,623.6452174110998
forecast_1559,2025-03-06 23:00:00,1118.5318292527995,962.8664461677854,635.7448236421018
forecast_1560,2025-03-07 00:00:00,996.4115261578153,742.9956233344403,617.0066133330608
forecast_1561,2025-03-07 01:00:00,964.5955624531825,652.3597236767279,694.4634173735737
forecast_1562,2025-03-07 02:00:00,898.3419755585966,611.4169204036574,611.7855256324584
forecast_1563,2025-03-07 03:00:00,654.9010250285937,507.3174445148681,539.5396896146469
forecast_1564,2025-03-07 04:00:00,569.2721671871898,477.84940992233544,535.0469569221093
forecast_1565,2025-03-07 05:00:00,617.0306218779389,467.4567949023367,535.0469569221093
forecast_1566,2025-03-07 06:00:00,615.0060958323613,452.781141083541,535.0469569221093
forecast_1567,2025-03-07 07:00:00,523.3139150170451,371.8175766477544,535.0469569221093
forecast_1568,2025-03-07 08:00:00,521.811054934278,267.55499894611114,535.0469569221093
forecast_1569,2025-03-07 09:00:00,260.81488260443444,264.0292241971235,535.0469569221093
forecast_1570,2025-03-07 10:00:00,223.02595994285676,249.1407744328636,535.0469569221093
forecast_1571,2025-03-07 11:00:00,223.855301888985,241.5166927796882,535.0469569221093
forecast_1572,2025-03-07 12:00:00,222.47258522971183,245.0680287298641,535.0469569221093
forecast_1573,2025-03-07 13:00:00,216.13356242109617,243.11634118392135,535.6029341789128
forecast_1574,2025-03-07 14:00:00,215.2761002992191,244.11888508897408,535.2558161750676
forecast_1575,2025-03-07 15:00:00,215.33162015391252,244.87229385355272,535.0469569221093
forecast_1576,2025-03-07 16:00:00,210.93787656811193,238.45670601146026,535.0469569221093
forecast_1577,2025-03-07 17:00:00,226.9868418297281,345.97798602811844,535.0469569221093
forecast_1578,2025-03-07 18:00:00,381.59613474555726,564.7371253317561,536.7912921598122
forecast_1579,2025-03-07 19:00:00,652.2381826504521,1050.6019562878091,553.7549574458073
forecast_1580,2025-03-07 20:00:00,1131.2290478054551,1409.3929393223827,642.5533003276258
forecast_1581,2025-03-07 21:00:00,1658.9282663092736,1997.3301283470023,720.7465952922659
forecast_1582,2025-03-07 22:00:00,2024.9602709914623,2457.499046339146,1043.6144348638252
forecast_1583,2025-03-07 23:00:00,2980.1992179505087,4019.56706782895,1338.8377434630602
forecast_1584,2025-03-08 00:00:00,3653.218041310434,5076.878613576826,2143.3918678225255
forecast_1585,2025-03-08 01:00:00,4883.737814779406,5802.913621389213,3310.5670344489645
forecast_1586,2025-03-08 02:00:00,5507.9020025517875,7260.669833200869,3936.647290750771
forecast_1587,2025-03-08 03:00:00,6186.186845123783,8357.786533470931,4659.316904657677
forecast_1588,2025-03-08 04:00:00,7129.381056374692,8420.065588666324,4836.9462321088195
forecast_1589,2025-03-08 05:00:00,7309.487366542897,8862.096342119568,5193.347837718803
forecast_1590,2025-03-08 06:00:00,7395.767537193998,9461.977602725074,5214.605175591159
forecast_1591,2025-03-08 07:00:00,7423.7037703200485,10034.841401742655,4933.765507741795
forecast_1592,2025-03-08 08:00:00,7055.322480278266,10015.768404899454,4280.825700901743
forecast_1593,2025-03-08 09:00:00,6426.857756428704,8664.578440923438,4253.859964595614
forecast_1594,2025-03-08 10:00:00,5358.662608841295,7822.360150784678,4826.307996192787
forecast_1595,2025-03-08 11:00:00,5943.9964001075705,7700.95323380726,6116.024396350054
forecast_1596,2025-03-08 12:00:00,6198.123230871052,7651.948731673657,5879.508187344645
forecast_1597,2025-03-08 13:00:00,6383.229333721169,7764.351464017356,6167.532919342936
forecast_1598,2025-03-08 14:00:00,7150.565186681986,8435.754255855927,6791.27848874778
forecast_1599,2025-03-08 15:00:00,7960.446377307433,9290.304060778835,7287.382609641429
forecast_1600,2025-03-08 16:00:00,8916.427516844467,9862.635232612061,7967.489984923477
forecast_1601,2025-03-08 17:00:00,9892.145461352835,9646.173826827626,7693.413089072275
forecast_1602,2025-03-08 18:00:00,11033.476767915088,10199.409179857324,7949.415523564641
forecast_1603,2025-03-08 19:00:00,11440.320591588248,12257.71835259538,9205.891470051278
forecast_1604,2025-03-08 20:00:00,11490.025965374294,13174.983602198241,9750.927414451782
forecast_1605,2025-03-08 21:00:00,11620.255971807415,12985.631443625689,9468.918604540646
forecast_1606,2025-03-08 22:00:00,11715.54372188944,13233.326931320607,9164.007912951618
forecast_1607,2025-03-08 23:00:00,11636.428292350283,13123.986949111864,9550.622281629903
forecast_1608,2025-03-09 00:00:00,11810.571511153368,12448.017061588873,9013.645449338983
forecast_1609,2025-03-09 01:00:00,11063.270774740364,12495.26192348112,8622.05807539762
forecast_1610,2025-03-09 02:00:00,9558.08694556384,10800.8510546542,8650.747830416713
forecast_1611,2025-03-09 03:00:00,9369.823437120376,9886.07341286012,7832.428518564653
forecast_1612,2025-03-09 04:00:00,8183.92295179959,8639.561459967239,6679.826472012066
forecast_1613,2025-03-09 05:00:00,7031.285989727605,6680.4892583795145,4724.632954209527
forecast_1614,2025-03-09 06:00:00,5817.988722484495,5096.034436936066,3547.764098582337
forecast_1615,2025-03-09 07:00:00,5278.36099449075,4097.826766362278,2912.837256116769
forecast_1616,2025-03-09 08:00:00,3527.9297607422286,2178.537999005968,1207.71641978879
forecast_1617,2025-03-09 09:00:00,1533.8786932457183,966.3851038734086,600.1767927123327
forecast_1618,2025-03-09 10:00:00,666.2311507922591,436.5625284650105,549.840457556825
forecast_1619,2025-03-09 11:00:00,320.1233384574448,307.02521398377417,536.002215582788
forecast_1620,2025-03-09 12:00:00,245.41020973419927,243.41139132382804,535.0469569221093
forecast_1621,2025-03-09 13:00:00,222.26114556600749,243.5250566388355,535.0469569221093
forecast_1622,2025-03-09 14:00:00,218.11427522339017,243.5250566388355,535.0469569221093
forecast_1623,2025-03-09 15:00:00,219.1759450038529,243.70278062384048,535.0469569221093
forecast_1624,2025-03-09 16:00:00,228.0029850102087,246.13917680270424,535.0469569221093
forecast_1625,2025-03-09 17:00:00,227.86982540916756,243.44933649264746,535.0469569221093
forecast_1626,2025-03-09 18:00:00,265.94828201601626,342.2243759218248,535.0469569221093
forecast_1627,2025-03-09 19:00:00,302.26350635758797,467.1511940664887,548.9068131306867
forecast_1628,2025-03-09 20:00:00,564.2431753849731,680.3443829901425,638.3960706643369
forecast_1629,2025-03-09 21:00:00,1249.832117144879,1273.481294241174,940.2146734202963
forecast_1630,2025-03-09 22:00:00,2813.9720749076396,2778.7147441602096,2589.792787873289
forecast_1631,2025-03-09 23:00:00,4169.982752473397,4766.594658754617,3566.982542719958
forecast_1632,2025-03-10 00:00:00,5671.941093622214,4992.137152082508,4622.745512869561
forecast_1633,2025-03-10 01:00:00,7548.26292984318,7008.019704124163,6058.189374902113
forecast_1634,2025-03-10 02:00:00,8051.8613334000365,8423.911831473724,7889.5394010647415
forecast_1635,2025-03-10 03:00:00,8511.651658214601,9189.04106587179,7271.001896428905
forecast_1636,2025-03-10 04:00:00,8952.607670039266,9464.504627944283,6971.332404923411
forecast_1637,2025-03-10 05:00:00,8604.9043027155,8799.491727316241,6127.551320697469
forecast_1638,2025-03-10 06:00:00,8380.117854096918,8383.348392631648,6088.987169033035
forecast_1639,2025-03-10 07:00:00,8246.972247282298,8418.419128432119,6695.876369342173
forecast_1640,2025-03-10 08:00:00,7887.463317468362,8237.642465633624,5669.936724126186
forecast_1641,2025-03-10 09:00:00,7389.4708916316595,7841.009715427121,4636.824063352524
forecast_1642,2025-03-10 10:00:00,4424.5889819452605,5817.963358842432,3026.9186289782797
forecast_1643,2025-03-10 11:00:00,3868.3108895767964,3716.4363354884117,2280.937702746063
forecast_1644,2025-03-10 12:00:00,3506.2540295740714,3293.0801162813555,2202.0270867928134
forecast_1645,2025-03-10 13:00:00,3519.558295817987,4251.651561188608,2017.1877680902526
forecast_1646,2025-03-10 14:00:00,4759.671903362485,5117.324446623126,2282.948185005561
forecast_1647,2025-03-10 15:00:00,5368.9412907779715,6108.3639461125495,2730.0931807397033
forecast_1648,2025-03-10 16:00:00,6516.112380891434,6605.906197030257,3578.2170099526857
forecast_1649,2025-03-10 17:00:00,7061.615330995351,7797.626455857957,4821.491529796376
forecast_1650,2025-03-10 18:00:00,8223.013245728735,9471.234302312972,5799.020766615933
forecast_1651,2025-03-10 19:00:00,9775.622578114451,10684.317775849588,7538.678353320764
forecast_1652,2025-03-10 20:00:00,10403.759197501606,12521.875480027047,9189.751994248092
forecast_1653,2025-03-10 21:00:00,12279.290995173065,14805.224100682999,11674.072407749049
forecast_1654,2025-03-10 22:00:00,14279.347742716403,16819.445436506794,14331.310376583782
forecast_1655,2025-03-10 23:00:00,15568.482528304474,17909.928851534594,16083.574721069752
forecast_1656,2025-03-11 00:00:00,17651.207217231135,17955.33001076627,16754.410026427955
forecast_1657,2025-03-11 01:00:00,18832.699757282535,18650.071131677887,16810.353072778504
forecast_1658,2025-03-11 02:00:00,19217.05975456163,19215.935219044946,16773.567155686316
forecast_1659,2025-03-11 03:00:00,19155.939456076412,19518.766176894926,16492.017719257263
forecast_1660,2025-03-11 04:00:00,19102.143914455693,19386.20458468782,15622.272838158806
forecast_1661,2025-03-11 05:00:00,18781.6470765571,18853.552066962497,14727.124367019534
forecast_1662,2025-03-11 06:00:00,17431.075234813336,17027.051132052973,12662.824987035572
forecast_1663,2025-03-11 07:00:00,15353.762639162065,15643.09134689848,9638.059605339471
forecast_1664,2025-03-11 08:00:00,11311.43396254168,10917.059809983506,7703.357435690891
forecast_1665,2025-03-11 09:00:00,7390.083540053098,7025.120416624794,4760.658724306797
forecast_1666,2025-03-11 10:00:00,4528.9971445523925,4352.223031891013,2741.4743436665867
forecast_1667,2025-03-11 11:00:00,2672.2685547950587,1883.4219277674551,1401.7263491037133
forecast_1668,2025-03-11 12:00:00,1509.981723887813,1220.423338442116,1326.568024956748
forecast_1669,2025-03-11 13:00:00,1052.22132127497,887.7901411515436,1186.4105798984363
forecast_1670,2025-03-11 14:00:00,971.2527460552188,877.9480154713049,1032.3179630471363
forecast_1671,2025-03-11 15:00:00,944.624405753657,1015.0144468389316,1123.005900930491
forecast_1672,2025-03-11 16:00:00,1390.761562344512,1266.6458784291715,1186.2642670938803
forecast_1673,2025-03-11 17:00:00,1966.4433902324158,1748.197390370171,1361.4604801652667
forecast_1674,2025-03-11 18:00:00,4127.223055132727,4674.050775624219,3454.0627654044233
forecast_1675,2025-03-11 19:00:00,6672.027687637799,7749.342360089637,6500.99973621937
forecast_1676,2025-03-11 20:00:00,8824.050461700823,10346.45326707871,8480.107885126105
forecast_1677,2025-03-11 21:00:00,11239.745913596416,12910.491722560415,10342.230087706801
forecast_1678,2025-03-11 22:00:00,12916.363077670683,14733.095042415145,11442.557786746112
forecast_1679,2025-03-11 23:00:00,14510.635367822495,14964.433840468633,13587.22467404994
forecast_1680,2025-03-12 00:00:00,16692.757028539738,16721.080173540777,14527.979718704544
forecast_1681,2025-03-12 01:00:00,16960.63725356614,17387.432250918253,16547.18441121709
forecast_1682,2025-03-12 02:00:00,16531.087528446955,17339.17041045972,15551.20134025346
forecast_1683,2025-03-12 03:00:00,15356.564081514127,16314.46802906549,15227.934574712028
forecast_1684,2025-03-12 04:00:00,15756.966424739776,17347.944840638083,15662.764606043755
forecast_1685,2025-03-12 05:00:00,17831.05541592466,17756.058077558082,15907.591372670606
forecast_1686,2025-03-12 06:00:00,17762.434951531344,18265.164843447634,15860.8705484035
forecast_1687,2025-03-12 07:00:00,18763.129620824595,19261.038508610487,17295.862567995344
forecast_1688,2025-03-12 08:00:00,18931.558459936165,19790.37974801477,18213.49005440058
forecast_1689,2025-03-12 09:00:00,18534.798031752933,19796.73657769769,18574.766688317348
forecast_1690,2025-03-12 10:00:00,17876.56390024645,19753.913454438753,18262.93443723036
forecast_1691,2025-03-12 11:00:00,17057.532382184756,18940.678901734987,17018.772662688993
forecast_1692,2025-03-12 12:00:00,17967.83598377858,18354.268050744453,17312.80005667469
forecast_1693,2025-03-12 13:00:00,18133.141567315164,18902.052601441723,17446.77695125651
forecast_1694,2025-03-12 14:00:00,18174.61652955969,18713.043511944466,17760.59019218349
forecast_1695,2025-03-12 15:00:00,18129.192107141153,19002.69708540492,18539.708312835686
forecast_1696,2025-03-12 16:00:00,17870.075390633083,19131.78374765855,18641.969507594593
forecast_1697,2025-03-12 17:00:00,17898.805052475574,18944.7282884652,18329.837637949982
forecast_1698,2025-03-12 18:00:00,17755.62001693425,18869.106364507945,18260.767161771208
forecast_1699,2025-03-12 19:00:00,16871.70643463923,17710.578583135026,17549.569886501522
forecast_1700,2025-03-12 20:00:00,15671.92766006969,17370.349240803465,15713.537657237703
forecast_1701,2025-03-12 21:00:00,14888.200312913925,16276.235843503986,15803.608193053351
forecast_1702,2025-03-12 22:00:00,14544.833717847097,15350.130623774487,13234.570143821595
forecast_1703,2025-03-12 23:00:00,13519.379568949133,14603.980345258413,13014.716517934525
forecast_1704,2025-03-13 00:00:00,13146.693569880117,14399.579578392582,13127.793977369485
forecast_1705,2025-03-13 01:00:00,13794.10759146545,15346.333190161018,11082.61837780539
forecast_1706,2025-03-13 02:00:00,14487.969260573727,15697.765830721233,12367.444243375272
forecast_1707,2025-03-13 03:00:00,14603.929488031048,15282.353298845588,11103.589657631735
forecast_1708,2025-03-13 04:00:00,13890.626541565456,14441.38352983993,9663.055325979441
forecast_1709,2025-03-13 05:00:00,13039.85920003539,13719.738003511637,9222.493952406197
forecast_1710,2025-03-13 06:00:00,12042.81459359394,13874.829258940907,9513.606568847394
forecast_1711,2025-03-13 07:00:00,11580.677483724348,14503.731823071437,9606.222736255804
forecast_1712,2025-03-13 08:00:00,11012.742325786061,12915.129773871598,7103.416484434663
forecast_1713,2025-03-13 09:00:00,10161.841708482141,10084.773951279265,5386.877104571684
forecast_1714,2025-03-13 10:00:00,8568.565020181197,8210.572146370154,4505.927456377622
forecast_1715,2025-03-13 11:00:00,7095.399322553263,6355.089357438086,3742.1195725321295
forecast_1716,2025-03-13 12:00:00,5966.074323147338,4434.210186135262,2915.3382181364864
forecast_1717,2025-03-13 13:00:00,3808.3715062174547,3480.3629675977354,2250.517611162693
forecast_1718,2025-03-13 14:00:00,2909.441783839685,1753.6511801855631,1786.259535779994
forecast_1719,2025-03-13 15:00:00,1876.7500266998618,1340.1675360286401,1127.5399866919724
forecast_1720,2025-03-13 16:00:00,1610.3657226931577,1030.384670408258,1047.5712046695642
forecast_1721,2025-03-13 17:00:00,1024.4849276025916,794.4636433276644,941.3888247741619
forecast_1722,2025-03-13 18:00:00,1292.1399012784289,931.5892704907562,945.1669515047801
forecast_1723,2025-03-13 19:00:00,2091.428498189418,1747.142871396396,1068.2551300281482
forecast_1724,2025-03-13 20:00:00,3143.440397537547,3507.47415130976,1399.392838149765
forecast_1725,2025-03-13 21:00:00,4137.755110087674,3656.0291072280233,2005.2056196004019
forecast_1726,2025-03-13 22:00:00,5356.530700951894,3894.266217805217,3149.34600745928
forecast_1727,2025-03-13 23:00:00,5553.556312888981,4224.930096777231,3239.546110984654
forecast_1728,2025-03-14 00:00:00,4896.526789011641,4153.10860178579,2779.013415898217
forecast_1729,2025-03-14 01:00:00,4275.215147632832,3941.4795591194666,2194.787061756498
forecast_1730,2025-03-14 02:00:00,3981.4515826358975,3903.6645931432254,1832.007437212047
forecast_1731,2025-03-14 03:00:00,3580.0661664373315,3798.676251563415,1197.619999170485
forecast_1732,2025-03-14 04:00:00,3198.6469549809935,3047.450472565884,974.3677390400433
forecast_1733,2025-03-14 05:00:00,1913.1953599044305,2003.5964493848633,761.568859244705
forecast_1734,2025-03-14 06:00:00,1523.7791301219663,1560.1094381701746,604.1938927041122
forecast_1735,2025-03-14 07:00:00,1591.463545152081,1536.2133973441028,611.7276588371485
forecast_1736,2025-03-14 08:00:00,1539.4131809515702,1905.829644109561,703.9500948232655
forecast_1737,2025-03-14 09:00:00,1300.3218018420198,2108.9250414822136,833.7938911424098
forecast_1738,2025-03-14 10:00:00,1014.8774790085893,1440.4779816746739,816.2882091214963
forecast_1739,2025-03-14 11:00:00,866.690166457324,1381.9679346381718,1027.1965782464817
forecast_1740,2025-03-14 12:00:00,921.8722541591953,1437.9168573244328,1250.2106242538234
forecast_1741,2025-03-14 13:00:00,1402.022575963029,1644.8032942654745,1242.894797446251
forecast_1742,2025-03-14 14:00:00,1716.4899735548627,2119.67169616219,1333.0965486747798
forecast_1743,2025-03-14 15:00:00,1729.0813456349488,2081.4317617436277,1312.99571929102
forecast_1744,2025-03-14 16:00:00,1569.973930070656,1631.9653328113914,1156.1381850268199
forecast_1745,2025-03-14 17:00:00,1297.5211854916788,1650.0245496834623,1103.4202247266812
forecast_1746,2025-03-14 18:00:00,1259.7719929015425,1753.1001188013229,1056.2038756688903
forecast_1747,2025-03-14 19:00:00,1663.785667911066,2348.8184396295974,1060.8385075758583
forecast_1748,2025-03-14 20:00:00,2159.328980492948,2722.767189238231,1018.042551533237
forecast_1749,2025-03-14 21:00:00,2788.979179391552,2986.9607304361807,1077.9914663292495
forecast_1750,2025-03-14 22:00:00,3435.009598138958,3426.390914621038,1546.7333060207172
forecast_1751,2025-03-14 23:00:00,4288.764773384516,3690.11867509242,2300.363471673821
forecast_1752,2025-03-15 00:00:00,5064.769186090721,4688.416004400825,2420.8886386231834
forecast_1753,2025-03-15 01:00:00,6005.059259447274,5264.67245711484,2954.146257700718
forecast_1754,2025-03-15 02:00:00,6347.928923876738,5830.971632664149,3551.5245634190105
forecast_1755,2025-03-15 03:00:00,6679.550422953064,6509.582566080327,3938.3617151492435
forecast_1756,2025-03-15 04:00:00,7046.265874500701,6965.435211282846,4065.5388042184686
forecast_1757,2025-03-15 05:00:00,7195.317803251855,7132.9368701477715,4224.885061382125
forecast_1758,2025-03-15 06:00:00,7213.373061937216,7807.6212457292595,4695.159571399695
forecast_1759,2025-03-15 07:00:00,7659.533104796656,8365.70193098662,5115.964531426014
forecast_1760,2025-03-15 08:00:00,7888.09899627472,8629.317730321294,5224.8328867332
forecast_1761,2025-03-15 09:00:00,7329.32164461987,9690.205583774306,5048.696120023085
forecast_1762,2025-03-15 10:00:00,6672.74848450774,7429.849764372382,4663.541358170904
forecast_1763,2025-03-15 11:00:00,6130.46101405722,6642.554220987074,3838.975078685245
forecast_1764,2025-03-15 12:00:00,5164.05332009426,5986.560739592456,3240.2242567246203
forecast_1765,2025-03-15 13:00:00,3858.7498465868807,5524.148279558475,2743.999960533656
forecast_1766,2025-03-15 14:00:00,3575.8875350425096,5146.296815669963,2619.9530033364645
forecast_1767,2025-03-15 15:00:00,3151.063261996588,4550.605382293166,2656.091298692627
forecast_1768,2025-03-15 16:00:00,3112.8329522466643,3750.2016063904516,2652.7600958560347
forecast_1769,2025-03-15 17:00:00,3284.2737411688813,3334.33947941652,2917.3455833945827
forecast_1770,2025-03-15 18:00:00,3201.8686942639815,3584.0568745580513,3188.8245539161326
forecast_1771,2025-03-15 19:00:00,4169.727620847403,4434.454371049653,3583.868037765042
forecast_1772,2025-03-15 20:00:00,4910.593239161213,4692.47101709908,3891.1926728837097
forecast_1773,2025-03-15 21:00:00,4563.08290011014,4133.696102321626,3692.8192870242874
forecast_1774,2025-03-15 22:00:00,4583.866062051094,4332.597578908524,3174.484672291784
forecast_1775,2025-03-15 23:00:00,3873.1566698855686,3684.1095841704164,2509.3300895159437
forecast_1776,2025-03-16 00:00:00,3297.77043151798,2930.4210352106957,1401.5025929751769
forecast_1777,2025-03-16 01:00:00,2724.5715186523353,2467.205819554353,1598.4204032059029
forecast_1778,2025-03-16 02:00:00,1900.9068902218714,2083.004109962783,1052.612904163145
forecast_1779,2025-03-16 03:00:00,1598.9578472929215,1153.54709359384,799.3390834650752
forecast_1780,2025-03-16 04:00:00,1279.1503047938586,571.601064696242,652.7268576619292
forecast_1781,2025-03-16 05:00:00,923.5621309016269,425.97499138772105,588.2275133877193
forecast_1782,2025-03-16 06:00:00,609.2256497431043,394.2611627386569,596.7843179347024
forecast_1783,2025-03-16 07:00:00,410.4990833901008,195.98242234651462,556.4505192772148
forecast_1784,2025-03-16 08:00:00,199.35348097682044,302.5328827159721,535.6029341789128
forecast_1785,2025-03-16 09:00:00,202.9898888294854,225.4254442370352,535.0469569221093
forecast_1786,2025-03-16 10:00:00,218.62876751894254,254.65486489773355,535.0469569221093
forecast_1787,2025-03-16 11:00:00,522.145274299211,329.7169147081454,548.3508358738832
forecast_1788,2025-03-16 12:00:00,793.6511840963103,988.4629238467206,558.7411134077311
forecast_1789,2025-03-16 13:00:00,2039.203509506101,2144.188051585593,915.1320028967397
forecast_1790,2025-03-16 14:00:00,4316.10816040771,4295.257880804518,1482.5232870364912
forecast_1791,2025-03-16 15:00:00,6850.086732329357,7481.612204384313,4713.322601082039
forecast_1792,2025-03-16 16:00:00,7808.838696625524,9246.922887804949,6330.492653011956
forecast_1793,2025-03-16 17:00:00,8753.449286411673,9344.396542754364,8281.523059565907
forecast_1794,2025-03-16 18:00:00,9295.783345055897,10358.6788926189,9196.164016109227
forecast_1795,2025-03-16 19:00:00,11353.105682450218,11900.971716603428,11456.002296692028
forecast_1796,2025-03-16 20:00:00,11048.018803039045,11880.864492728506,11839.69902018324
forecast_1797,2025-03-16 21:00:00,11327.369224351281,12543.601957395993,10293.705333758284
forecast_1798,2025-03-16 22:00:00,12279.916846675154,12409.491670788404,10444.309197344484
forecast_1799,2025-03-16 23:00:00,11124.068322555326,11079.970831294777,8768.436783482708
forecast_1800,2025-03-17 00:00:00,9905.141258581007,11542.404613875487,9099.184439564344
forecast_1801,2025-03-17 01:00:00,11354.093474981899,13810.710048677047,10497.812025611005
forecast_1802,2025-03-17 02:00:00,11004.63156999498,12366.255799263443,9705.98447682444
forecast_1803,2025-03-17 03:00:00,10085.097878279505,10179.902446717688,8322.549732589117
forecast_1804,2025-03-17 04:00:00,9660.928504880036,10277.090597210003,6971.277481843204
forecast_1805,2025-03-17 05:00:00,7836.807649141634,8410.383180325047,5510.000147092718
forecast_1806,2025-03-17 06:00:00,6883.259992103738,9117.092889485726,4236.389509806651
forecast_1807,2025-03-17 07:00:00,5770.6202072369315,7304.737278428035,2608.5303131377673
forecast_1808,2025-03-17 08:00:00,4577.145205597795,5511.942031779235,1777.5578315093387
forecast_1809,2025-03-17 09:00:00,3327.1673435403222,4288.643903434767,1314.8874551131091
forecast_1810,2025-03-17 10:00:00,3490.1513569571807,4069.890658420231,1864.0169856747314
forecast_1811,2025-03-17 11:00:00,4755.088490948264,5634.630610731707,3739.412093237737
forecast_1812,2025-03-17 12:00:00,7093.775015985311,7359.237370539196,5663.365098677617
forecast_1813,2025-03-17 13:00:00,7410.010727400113,8575.900774632459,6046.339739835317
forecast_1814,2025-03-17 14:00:00,9470.864712068469,10337.488577547687,6756.94197160922
forecast_1815,2025-03-17 15:00:00,9672.511631901476,9774.073697471607,7653.565625766989
forecast_1816,2025-03-17 16:00:00,10267.95107630765,10543.0521294696,7477.880660518893
forecast_1817,2025-03-17 17:00:00,10503.42162352088,9912.987181776929,8019.635988220716
forecast_1818,2025-03-17 18:00:00,10532.51474919357,10098.373493243656,8693.682615297232
forecast_1819,2025-03-17 19:00:00,10916.940426190717,12029.406638065098,9853.210384117338
forecast_1820,2025-03-17 20:00:00,11519.94352857803,14071.404784591068,10511.945051269562
forecast_1821,2025-03-17 21:00:00,11501.611400769927,14186.431038195373,10779.022539847074
forecast_1822,2025-03-17 22:00:00,11861.1338690202,14476.128112439383,10578.549475520482
forecast_1823,2025-03-17 23:00:00,10790.072768077725,13987.110576555786,9655.143400260267
forecast_1824,2025-03-18 00:00:00,8701.246088652744,12535.057861947773,6750.835461037697
forecast_1825,2025-03-18 01:00:00,8621.552945135165,10597.518690185334,5554.321892553304
forecast_1826,2025-03-18 02:00:00,7367.309545385797,9783.349806099364,4451.724454321122
forecast_1827,2025-03-18 03:00:00,5881.756154935558,8673.39781150354,2674.010013985745
forecast_1828,2025-03-18 04:00:00,4900.963853522023,7069.101635533954,1947.8342003115856
forecast_1829,2025-03-18 05:00:00,3990.6511542860553,6070.961020455341,1610.5892334631635
forecast_1830,2025-03-18 06:00:00,3065.262002465298,4678.753528266181,1087.7014472639803
forecast_1831,2025-03-18 07:00:00,2233.6736805356427,3411.4188345518305,746.6172459631529
forecast_1832,2025-03-18 08:00:00,1864.7117106946616,3615.2490743953836,892.7270209147683
forecast_1833,2025-03-18 09:00:00,1915.2913539884935,3017.75589082438,1173.6864425338324
forecast_1834,2025-03-18 10:00:00,1452.7308654573544,2097.5989323639583,1167.1501243540063
forecast_1835,2025-03-18 11:00:00,1409.3923940884567,1623.3128388246137,1060.0013201227819
forecast_1836,2025-03-18 12:00:00,2346.1424959549086,2197.2129572791946,1028.2666492418932
forecast_1837,2025-03-18 13:00:00,4494.198849932836,3621.7258322117414,1536.43401239473
forecast_1838,2025-03-18 14:00:00,6403.067208414696,6128.928469994113,3930.492274401259
forecast_1839,2025-03-18 15:00:00,6759.278668891838,8407.928595515874,5551.053687132472
forecast_1840,2025-03-18 16:00:00,9026.918903531809,10630.768137184583,7326.364466228326
forecast_1841,2025-03-18 17:00:00,10864.55441182698,12346.682838299694,8568.9358373372
forecast_1842,2025-03-18 18:00:00,12230.06083337096,13080.775607801826,8902.835782403801
forecast_1843,2025-03-18 19:00:00,12216.613016854139,12988.716587962605,9417.5495618972
forecast_1844,2025-03-18 20:00:00,10685.245784672354,12396.65778153336,9046.839836848245
forecast_1845,2025-03-18 21:00:00,7952.99171108958,9129.598207828914,6811.613173793892
forecast_1846,2025-03-18 22:00:00,5363.35791475018,6810.6157170776405,5888.81021596831
forecast_1847,2025-03-18 23:00:00,4121.698823956194,4666.1902023901985,5909.755675877092
forecast_1848,2025-03-19 00:00:00,4253.557311399008,4219.639635264431,4603.758749190534
forecast_1849,2025-03-19 01:00:00,3314.4058706336227,3852.2374005103666,2781.6521845935463
forecast_1850,2025-03-19 02:00:00,2960.4017925216176,3747.6532662765203,1443.448975271491
forecast_1851,2025-03-19 03:00:00,2589.3181819831498,3486.826990687337,1424.0887405992726
forecast_1852,2025-03-19 04:00:00,2768.040494182538,3889.8012389233645,1432.6841664321666
forecast_1853,2025-03-19 05:00:00,2933.6606413062987,4641.803675323764,1562.3468596358205
forecast_1854,2025-03-19 06:00:00,3915.301856628665,4926.548001104873,2240.385551150256
forecast_1855,2025-03-19 07:00:00,6807.345557457586,7191.484174462477,4199.109973279818
forecast_1856,2025-03-19 08:00:00,8459.139538221061,8774.661047164132,6089.3956834947385
forecast_1857,2025-03-19 09:00:00,9384.507691159539,8739.108692042599,6200.351341416653
forecast_1858,2025-03-19 10:00:00,7511.055326483289,7832.482826396041,6253.920859654348
forecast_1859,2025-03-19 11:00:00,7832.892249857727,8277.013439025832,7221.415049046038
forecast_1860,2025-03-19 12:00:00,8535.170235648806,9812.445268320775,7363.351178593086
forecast_1861,2025-03-19 13:00:00,9882.966476984502,10499.175886056819,8507.03978283689
forecast_1862,2025-03-19 14:00:00,9743.303886960513,10233.725997425641,9217.027155335247
forecast_1863,2025-03-19 15:00:00,10425.08548797077,11556.936276000371,9712.409830606117
forecast_1864,2025-03-19 16:00:00,11511.201839048197,11749.06512382444,11191.688614996878
forecast_1865,2025-03-19 17:00:00,11952.39883207151,12009.399568907522,12916.774184422684
forecast_1866,2025-03-19 18:00:00,12810.073727420464,12473.41861572825,12477.383732084627
forecast_1867,2025-03-19 19:00:00,13501.211137123726,13023.75319799134,13661.425837731233
forecast_1868,2025-03-19 20:00:00,14133.1472147051,14215.481585820447,14792.721429271853
forecast_1869,2025-03-19 21:00:00,14608.392521955555,15606.272333760931,15426.709321783317
forecast_1870,2025-03-19 22:00:00,15373.062777432631,17148.423214831026,16062.36815490884
forecast_1871,2025-03-19 23:00:00,15605.730018598595,18105.79481000267,16147.77376102674
forecast_1872,2025-03-20 00:00:00,16626.756823247644,18180.137071001667,16464.30536594571
forecast_1873,2025-03-20 01:00:00,17114.816329945465,18316.64621943316,15331.915910726784
forecast_1874,2025-03-20 02:00:00,17015.63886170927,18240.435473881185,15249.94137026629
forecast_1875,2025-03-20 03:00:00,17060.65624271277,18144.900808022263,15672.715978559176
forecast_1876,2025-03-20 04:00:00,17077.10919484103,18188.694605348872,16761.070407082374
forecast_1877,2025-03-20 05:00:00,17778.0425515538,18974.218724849787,18279.697612043245
forecast_1878,2025-03-20 06:00:00,18481.085506184074,19367.83057167515,19039.04342761385
forecast_1879,2025-03-20 07:00:00,18869.995935109902,19638.14557187306,18866.192245762606
forecast_1880,2025-03-20 08:00:00,17838.624673731203,19449.726817376482,19191.676537000596
forecast_1881,2025-03-20 09:00:00,17010.989399050013,19528.908893765478,18675.975538272312
forecast_1882,2025-03-20 10:00:00,17006.44426192721,19162.477622463273,18358.961462864223
forecast_1883,2025-03-20 11:00:00,16831.600458191257,18922.645469502582,17943.22627036083
forecast_1884,2025-03-20 12:00:00,16509.508017414024,18824.53553865532,17840.55576025384
forecast_1885,2025-03-20 13:00:00,16872.5581474072,18577.6017989529,17440.89261066251
forecast_1886,2025-03-20 14:00:00,17428.571534747367,18977.982635778942,17620.93953260585
forecast_1887,2025-03-20 15:00:00,17888.738383002987,18978.432222090334,17746.522779525105
forecast_1888,2025-03-20 16:00:00,17719.667686145767,18824.64208438379,17700.404474135634
forecast_1889,2025-03-20 17:00:00,17924.798704004126,18977.901637336778,18494.410627985028
forecast_1890,2025-03-20 18:00:00,18828.56280155116,19427.809728543703,18830.952559610814
forecast_1891,2025-03-20 19:00:00,19001.918426391167,19825.86314585885,19080.402580036643
forecast_1892,2025-03-20 20:00:00,18967.67986866722,20070.60347613104,19290.428289453
forecast_1893,2025-03-20 21:00:00,19035.033251327477,20206.526888499295,19281.81697166602
forecast_1894,2025-03-20 22:00:00,18603.49427115459,20137.400044874717,19293.75037517442
forecast_1895,2025-03-20 23:00:00,18451.689870882543,20176.121673188718,18848.705236021484
forecast_1896,2025-03-21 00:00:00,18301.0877075246,19927.41727574202,18839.603588722937
forecast_1897,2025-03-21 01:00:00,18184.686030125285,19715.34402567119,18553.57241293673
forecast_1898,2025-03-21 02:00:00,18362.49470145035,19656.936640377106,18747.393714779733
forecast_1899,2025-03-21 03:00:00,18287.248580989955,19745.068199141366,18807.641687853426
forecast_1900,2025-03-21 04:00:00,18636.451106297955,19804.967953357023,19064.776277158722
forecast_1901,2025-03-21 05:00:00,19612.140896482993,20148.127312351473,18704.54410622373
forecast_1902,2025-03-21 06:00:00,19986.794148913017,20202.789313272184,18527.715040485997
forecast_1903,2025-03-21 07:00:00,19819.786729980937,20190.542596896397,18387.544120535058
forecast_1904,2025-03-21 08:00:00,19741.92848771654,20162.495269499883,18565.059890979534
forecast_1905,2025-03-21 09:00:00,19143.600815820737,19801.4990593288,18608.394430221353
forecast_1906,2025-03-21 10:00:00,18877.95996849654,19841.125089781908,18320.90376228903
forecast_1907,2025-03-21 11:00:00,18161.485873352314,19515.5538015289,18021.950083812066
forecast_1908,2025-03-21 12:00:00,17419.272794968183,19095.201348757815,17260.910534357317
forecast_1909,2025-03-21 13:00:00,17531.902852892283,18887.07429893738,16879.103539316813
forecast_1910,2025-03-21 14:00:00,16996.88344898491,18581.665630239462,16684.09567789653
forecast_1911,2025-03-21 15:00:00,16944.19069296312,18417.49687254091,16372.26353845132
forecast_1912,2025-03-21 16:00:00,16839.727924399194,18774.212117059476,16473.62393623441
forecast_1913,2025-03-21 17:00:00,17136.655239801694,18693.031837069044,16881.54673357683
forecast_1914,2025-03-21 18:00:00,17027.23875150023,19228.76898307426,17509.134469759472
forecast_1915,2025-03-21 19:00:00,17114.785984274833,19321.889495197887,18186.976463851766
forecast_1916,2025-03-21 20:00:00,17210.90569737286,19246.28472257036,18042.75914869221
forecast_1917,2025-03-21 21:00:00,17235.043508286904,19153.607260982502,18029.346178351436
forecast_1918,2025-03-21 22:00:00,17411.919348670832,19422.071971254958,18284.73197513546
forecast_1919,2025-03-21 23:00:00,18098.364909902943,19626.31123670245,18703.281859206905
forecast_1920,2025-03-22 00:00:00,18413.9561387584,19692.81392553128,18784.881867487613
forecast_1921,2025-03-22 01:00:00,18854.81893376316,20106.29386650335,18495.131047886
forecast_1922,2025-03-22 02:00:00,19033.275032691607,20189.861991680005,18184.92143178967
forecast_1923,2025-03-22 03:00:00,18692.30779717696,19835.326084845412,18004.93062771983
forecast_1924,2025-03-22 04:00:00,18410.562742483657,19607.060747767464,17713.28143369395
forecast_1925,2025-03-22 05:00:00,18453.0596668885,19573.874012307464,17495.6932184367
forecast_1926,2025-03-22 06:00:00,18471.89360442358,19570.58002314998,17505.260657227624
forecast_1927,2025-03-22 07:00:00,18423.434147385633,19613.094759034117,17181.737636768812
forecast_1928,2025-03-22 08:00:00,18210.091528909987,19554.33358642605,17384.984839502846
forecast_1929,2025-03-22 09:00:00,17754.030191427457,19416.941288744747,17639.379805239278
forecast_1930,2025-03-22 10:00:00,17530.704590598387,19390.153517423445,16670.804899725867
forecast_1931,2025-03-22 11:00:00,17214.280987470673,18895.980769278696,16283.57912324422
forecast_1932,2025-03-22 12:00:00,16945.237266391083,18780.96660883046,16148.311229872217
forecast_1933,2025-03-22 13:00:00,16866.6468463495,18836.63250484721,16213.252811120172
forecast_1934,2025-03-22 14:00:00,16478.40904866354,18802.479962681296,16166.787233115501
forecast_1935,2025-03-22 15:00:00,16701.08931099143,18315.533039177448,16094.08084292972
forecast_1936,2025-03-22 16:00:00,16379.12834018698,18418.05843642334,16175.108488959217
forecast_1937,2025-03-22 17:00:00,16603.6143666546,18270.38029654776,16295.188295652195
forecast_1938,2025-03-22 18:00:00,16654.05224555298,18616.27405523649,16944.93394653884
forecast_1939,2025-03-22 19:00:00,16530.89827832814,18724.513898396235,17269.269792348758
forecast_1940,2025-03-22 20:00:00,16673.86382018071,18681.31332920883,17501.043872224698
forecast_1941,2025-03-22 21:00:00,16728.41595403031,18582.997234205464,17547.84667341732
forecast_1942,2025-03-22 22:00:00,18035.50553298961,18922.49837357612,17918.552580507418
forecast_1943,2025-03-22 23:00:00,18788.433917230475,19036.984179895204,18061.381771399738
forecast_1944,2025-03-23 00:00:00,18871.026649562882,19160.321077718156,18235.321580546464
forecast_1945,2025-03-23 01:00:00,17630.299175703425,18658.082857120855,17891.07263707158
forecast_1946,2025-03-23 02:00:00,17910.486236861285,18752.281520351782,17666.081674408688
forecast_1947,2025-03-23 03:00:00,17609.369258650135,18523.579878522592,17279.730443203993
forecast_1948,2025-03-23 04:00:00,16781.574016298036,17607.944936378677,15566.189449384083
forecast_1949,2025-03-23 05:00:00,14788.799497227661,15900.818669270153,13224.388258486713
forecast_1950,2025-03-23 06:00:00,12262.936675509049,13152.490033809723,10163.810807390268
forecast_1951,2025-03-23 07:00:00,10124.02909867465,11175.000827397458,8300.332636502018
forecast_1952,2025-03-23 08:00:00,7885.259589494788,8983.597770482145,4793.973614515426
forecast_1953,2025-03-23 09:00:00,5172.962076532814,5512.457542657063,1504.8092935961904
forecast_1954,2025-03-23 10:00:00,2595.9220655940503,2166.5611144556165,920.4534258296752
forecast_1955,2025-03-23 11:00:00,1072.9818747118022,942.5232558644154,564.409305190736
forecast_1956,2025-03-23 12:00:00,610.8355665168915,600.2847688811546,558.1770735891012
forecast_1957,2025-03-23 13:00:00,663.6982209314623,718.2688663662682,590.6279813856454
forecast_1958,2025-03-23 14:00:00,983.2371211596504,1327.1208705384054,773.7925420645249
forecast_1959,2025-03-23 15:00:00,2047.230606013822,2672.9609040111045,942.6288926387655
forecast_1960,2025-03-23 16:00:00,2781.6258339402902,3361.33173985568,1227.9584708954903
forecast_1961,2025-03-23 17:00:00,3250.3481327898126,3569.7120095209925,1873.0075388335904
forecast_1962,2025-03-23 18:00:00,3386.404117237448,4390.1727669782695,1515.2906277976886
forecast_1963,2025-03-23 19:00:00,4943.423117600167,6381.94390546591,3123.990836303412
forecast_1964,2025-03-23 20:00:00,6334.687543733395,8164.793520076253,5840.905224072385
forecast_1965,2025-03-23 21:00:00,8651.828987711357,10731.162840590065,7580.525409346677
forecast_1966,2025-03-23 22:00:00,11388.455131650708,14177.66417036453,10340.627310842548
forecast_1967,2025-03-23 23:00:00,12743.426610616609,15206.051126690774,12328.40020643486
forecast_1968,2025-03-24 00:00:00,13775.641540756022,16054.638198650882,12964.96801217711
forecast_1969,2025-03-24 01:00:00,13676.277887162276,16802.384404649707,12772.170736145094
forecast_1970,2025-03-24 02:00:00,12718.883965562018,16831.35712552732,13355.519736487899
forecast_1971,2025-03-24 03:00:00,14472.142915422286,16563.343992900034,15042.225939926131
forecast_1972,2025-03-24 04:00:00,14687.527980618788,16346.24687456924,14087.903248708684
forecast_1973,2025-03-24 05:00:00,13193.823094180967,16095.866466999007,12292.750567909592
forecast_1974,2025-03-24 06:00:00,13646.915572920829,15661.54087840774,14887.15326101278
forecast_1975,2025-03-24 07:00:00,13526.811995922091,15070.831355658549,13974.887371955643
forecast_1976,2025-03-24 08:00:00,14068.320586571977,16065.146983321003,14087.155439701717
forecast_1977,2025-03-24 09:00:00,13500.938079812928,15692.592794908778,13614.498631020993
forecast_1978,2025-03-24 10:00:00,13298.75116906474,14606.792205675347,13530.277907154148
forecast_1979,2025-03-24 11:00:00,13347.1119351955,15190.936097076383,13562.946525954005
forecast_1980,2025-03-24 12:00:00,13987.536694674782,15450.565133555572,14809.720727017277
forecast_1981,2025-03-24 13:00:00,14196.69191949226,15439.685211472774,14848.229902464307
forecast_1982,2025-03-24 14:00:00,14133.823051272559,14537.30907742826,14220.888818301966
forecast_1983,2025-03-24 15:00:00,13596.893589783234,14339.484309718919,13319.576628487983
forecast_1984,2025-03-24 16:00:00,12661.738753593425,13858.216539817451,12451.418916610084
forecast_1985,2025-03-24 17:00:00,12788.578678944614,13426.883364052974,11595.931267630303
forecast_1986,2025-03-24 18:00:00,13453.474199055167,13044.548770657068,11935.68531962614
forecast_1987,2025-03-24 19:00:00,14301.38832425308,13266.205496851633,12630.619050208494
forecast_1988,2025-03-24 20:00:00,14704.217440134787,14858.332356294195,14132.178333204549
forecast_1989,2025-03-24 21:00:00,16037.728979474845,16430.96652362537,15297.4042106846
forecast_1990,2025-03-24 22:00:00,16679.736946470246,17769.622406364084,17445.413876280625
forecast_1991,2025-03-24 23:00:00,17467.198770128656,18659.062649574826,17980.017974490787
forecast_1992,2025-03-25 00:00:00,18410.46738068012,18995.978251487315,17997.30042881098
forecast_1993,2025-03-25 01:00:00,18131.782323504012,18970.959290865434,17759.828508874296
forecast_1994,2025-03-25 02:00:00,16857.906018532405,18620.032164070253,16661.182073729287
forecast_1995,2025-03-25 03:00:00,15105.751827569147,15978.447305243306,12831.35408644365
forecast_1996,2025-03-25 04:00:00,11902.730995073365,14558.866580921287,11688.579892757374
forecast_1997,2025-03-25 05:00:00,9904.422696855987,11122.394342048292,9623.245840420066
forecast_1998,2025-03-25 06:00:00,8824.918586399885,10871.635330161034,8219.348012008026
forecast_1999,2025-03-25 07:00:00,8261.150246367815,12194.360820454169,7651.051302487569
forecast_2000,2025-03-25 08:00:00,7697.329659906321,10668.549320556685,7643.621525147649
forecast_2001,2025-03-25 09:00:00,7838.65722023631,9633.749770763496,7020.271635508003
forecast_2002,2025-03-25 10:00:00,7748.32408960923,8150.802455287041,7754.100678372292
forecast_2003,2025-03-25 11:00:00,8285.244753709256,8926.633078295265,8307.718740196859
forecast_2004,2025-03-25 12:00:00,9570.361593104943,12249.14247607537,10642.99831889564
forecast_2005,2025-03-25 13:00:00,12066.670553188142,14839.113509917159,15118.771450997232
forecast_2006,2025-03-25 14:00:00,13169.747335110142,17551.430267776046,16252.179655465032
forecast_2007,2025-03-25 15:00:00,14312.791292557882,18319.840856473045,16701.805666030996
forecast_2008,2025-03-25 16:00:00,15201.11241185696,18595.051120463533,17511.621986744693
forecast_2009,2025-03-25 17:00:00,15689.974380917345,18459.02517599725,18075.42952168892
forecast_2010,2025-03-25 18:00:00,16597.330309415236,18482.990920546203,18264.65268334761
forecast_2011,2025-03-25 19:00:00,16717.025230866762,18313.37729471441,18446.500648963323
forecast_2012,2025-03-25 20:00:00,16715.077382420248,18528.67729145454,18371.675451068957
forecast_2013,2025-03-25 21:00:00,17371.363335678874,18909.57617665718,18467.463976717394
forecast_2014,2025-03-25 22:00:00,17401.76200866078,19206.022086646397,18696.278703846707
forecast_2015,2025-03-25 23:00:00,17934.26376338305,19394.919304096577,18822.81901604164
forecast_2016,2025-03-26 00:00:00,17809.64339330767,19457.91563593793,18493.26481686593
forecast_2017,2025-03-26 01:00:00,17324.78342481985,19570.90766504917,17979.80324288842
forecast_2018,2025-03-26 02:00:00,17203.10663587866,19522.485756548922,17333.762488169166
forecast_2019,2025-03-26 03:00:00,17251.52779167083,18424.605972447018,16894.653773481696
forecast_2020,2025-03-26 04:00:00,16594.033782577022,16797.4623409973,14574.020944135682
forecast_2021,2025-03-26 05:00:00,15484.946481523233,15455.739773517394,11441.904685304047
forecast_2022,2025-03-26 06:00:00,12187.99578746636,13114.792796415226,7965.445237313471
forecast_2023,2025-03-26 07:00:00,8369.321963449147,8999.288018281477,4465.604025861465
forecast_2024,2025-03-26 08:00:00,4885.008654078312,5225.30154065683,2353.7548491587177
forecast_2025,2025-03-26 09:00:00,2528.599059202981,2471.776744224695,1195.148445276174
forecast_2026,2025-03-26 10:00:00,1064.3403567098405,1385.9471737377494,786.1053133212401
forecast_2027,2025-03-26 11:00:00,632.4610896081208,924.3419023579988,751.3337386087095
forecast_2028,2025-03-26 12:00:00,621.3105977474642,922.6338274143535,750.7802346775663
forecast_2029,2025-03-26 13:00:00,995.4794538565072,1193.0532238593612,866.244889501326
forecast_2030,2025-03-26 14:00:00,1455.2465224938771,1687.1473512698872,1090.7336738139911
forecast_2031,2025-03-26 15:00:00,1878.2598191852587,2598.685523554254,1188.7597027848976
forecast_2032,2025-03-26 16:00:00,2217.6232292559753,2964.013673267497,1448.3359829686606
forecast_2033,2025-03-26 17:00:00,2955.448724798525,3350.2534702773537,1472.3420590187702
forecast_2034,2025-03-26 18:00:00,4564.033881622341,5593.905894787683,1840.6293212671335
forecast_2035,2025-03-26 19:00:00,6780.282971872712,7741.194140515607,3669.3409568290026
forecast_2036,2025-03-26 20:00:00,8066.396051870654,9954.20452854737,4864.882549794061
forecast_2037,2025-03-26 21:00:00,9864.352338259276,14517.266304187324,6411.001079126921
forecast_2038,2025-03-26 22:00:00,11658.294113941218,16270.629120625208,9147.148347629722
forecast_2039,2025-03-26 23:00:00,13595.286197192441,17660.49766138439,12549.660742376282
forecast_2040,2025-03-27 00:00:00,13668.872824330234,18388.38148131208,15955.41183636618
forecast_2041,2025-03-27 01:00:00,14457.318813096346,18631.323004657897,16602.793277147302
forecast_2042,2025-03-27 02:00:00,15499.381309550547,18605.07744802006,17643.67470963925
forecast_2043,2025-03-27 03:00:00,16249.679666338561,18636.650887543274,17877.79361217351
forecast_2044,2025-03-27 04:00:00,16984.624712519555,18735.3720412714,17762.612963317468
forecast_2045,2025-03-27 05:00:00,15387.879281594202,18203.01680437906,16510.80503747679
forecast_2046,2025-03-27 06:00:00,14095.659568614516,16576.321793492512,13584.14422460727
forecast_2047,2025-03-27 07:00:00,12985.55518440321,16158.572229043864,13510.748210428212
forecast_2048,2025-03-27 08:00:00,13088.320439789106,16531.885875054308,13558.673188253102
forecast_2049,2025-03-27 09:00:00,12289.061886259955,16732.935434892126,13100.346781130635
forecast_2050,2025-03-27 10:00:00,11699.558322433952,16005.301119146974,11559.25954377582
forecast_2051,2025-03-27 11:00:00,11531.75753973908,15498.097519783016,12393.14044053867
forecast_2052,2025-03-27 12:00:00,10823.062638624484,14651.767666856536,11676.614636899754
forecast_2053,2025-03-27 13:00:00,10285.883374417637,12883.362796426805,11096.267432011671
forecast_2054,2025-03-27 14:00:00,10678.021648746373,12989.356761120956,9670.878824934218
forecast_2055,2025-03-27 15:00:00,10641.753952361012,12243.904717852414,8181.265599668775
forecast_2056,2025-03-27 16:00:00,10033.107396125106,11379.992784527345,6119.433022194801
forecast_2057,2025-03-27 17:00:00,10050.702943045602,11470.092575181947,6695.199300788497
forecast_2058,2025-03-27 18:00:00,10906.335656782112,12585.264509079303,7214.9640613532865
forecast_2059,2025-03-27 19:00:00,11454.615388676973,12885.018326326108,7907.479476574494
forecast_2060,2025-03-27 20:00:00,11460.100796635743,12520.076510220519,8456.781101795226
forecast_2061,2025-03-27 21:00:00,11665.701903538484,12866.073623652166,8465.733645226599
forecast_2062,2025-03-27 22:00:00,11399.88751235577,11827.57018396022,7804.061348791569
forecast_2063,2025-03-27 23:00:00,10917.40350557097,11254.437803230443,7318.7607158462815
forecast_2064,2025-03-28 00:00:00,9138.638976255439,9309.48910851187,6440.485308856294
forecast_2065,2025-03-28 01:00:00,6075.230273646219,7547.284386805597,2741.5346575784083
forecast_2066,2025-03-28 02:00:00,4766.569108713673,5259.296247915689,1402.1718650692233
forecast_2067,2025-03-28 03:00:00,4367.140148431858,3223.9519131508773,1168.2263488748615
forecast_2068,2025-03-28 04:00:00,4447.444090868913,3284.6772685466985,1664.0657769916913
forecast_2069,2025-03-28 05:00:00,2953.8883760686504,2305.1461996238777,1161.473355308739
forecast_2070,2025-03-28 06:00:00,1534.4475461017992,1276.7540747509834,741.6041949838959
forecast_2071,2025-03-28 07:00:00,1179.284052521818,835.1392879625906,692.7586585670147
forecast_2072,2025-03-28 08:00:00,848.9969982416826,827.9177871715126,676.661059552985
forecast_2073,2025-03-28 09:00:00,934.4307891235239,1005.0559947727857,659.6855429528338
forecast_2074,2025-03-28 10:00:00,1394.2667943894003,1314.5337117274134,925.066082446931
forecast_2075,2025-03-28 11:00:00,1569.1852340076673,1891.0920884314362,1506.0609203055028
forecast_2076,2025-03-28 12:00:00,1553.4797752562358,2378.5169050703294,1026.1316848118565
forecast_2077,2025-03-28 13:00:00,1447.7220452373776,1811.626445703847,1022.3988335593306
forecast_2078,2025-03-28 14:00:00,1318.7235642777564,1582.0083902412239,1086.603842564125
forecast_2079,2025-03-28 15:00:00,1530.0338686906916,1453.0919550634148,925.7649136587468
forecast_2080,2025-03-28 16:00:00,1826.6308117109477,1755.1601398180696,795.6873457077959
forecast_2081,2025-03-28 17:00:00,2050.413335502646,2578.9959393029435,957.0418886356997
forecast_2082,2025-03-28 18:00:00,3307.8858457026404,3751.350063696629,1318.041738071947
forecast_2083,2025-03-28 19:00:00,5902.745122878469,5246.928547040699,2327.2098473749397
forecast_2084,2025-03-28 20:00:00,5820.269677272243,6083.214903723583,2650.9116917465035
forecast_2085,2025-03-28 21:00:00,6142.45274459858,6648.974996154401,3257.9240138375167
forecast_2086,2025-03-28 22:00:00,6262.080739197938,7222.249276032549,2817.763411323093
forecast_2087,2025-03-28 23:00:00,6149.230766950472,7028.538178804632,2505.313987450393
forecast_2088,2025-03-29 00:00:00,5607.99972461218,5988.83830315805,2182.712665043567
forecast_2089,2025-03-29 01:00:00,3686.966088872906,3583.733819093451,1112.9225786627353
forecast_2090,2025-03-29 02:00:00,1472.446145344581,1310.6902549679378,936.1758270217686
forecast_2091,2025-03-29 03:00:00,1659.9381622878718,1546.9053445028194,1094.474414831565
forecast_2092,2025-03-29 04:00:00,3217.423879421243,3656.8688639936045,1943.3778261789362
forecast_2093,2025-03-29 05:00:00,6482.0853580056255,7353.009558568312,2971.5943331823573
forecast_2094,2025-03-29 06:00:00,7624.550783996861,9758.514749753598,4257.065869425168
forecast_2095,2025-03-29 07:00:00,8777.244875926563,11313.205834075074,5342.330363389155
forecast_2096,2025-03-29 08:00:00,8078.917094524997,10646.21783790858,5987.19478829973
forecast_2097,2025-03-29 09:00:00,7814.741952976674,9600.929624261384,7408.2313424651475
forecast_2098,2025-03-29 10:00:00,8138.505665784459,9903.708452805513,8442.66134096873
forecast_2099,2025-03-29 11:00:00,9387.976352634209,11319.753656099612,10105.087363632187
forecast_2100,2025-03-29 12:00:00,10527.695507694974,12488.040998760687,12672.258696265228
forecast_2101,2025-03-29 13:00:00,11455.966087524022,12523.97090675487,12492.168847834877
forecast_2102,2025-03-29 14:00:00,12296.39210433111,12679.494533057883,12372.519115742227
forecast_2103,2025-03-29 15:00:00,13426.371496972904,13181.682418930577,11592.476956077451
forecast_2104,2025-03-29 16:00:00,13899.515937550914,13725.12935640847,12167.686188065294
forecast_2105,2025-03-29 17:00:00,13758.80775067172,13898.370946750765,11497.186864238412
forecast_2106,2025-03-29 18:00:00,13881.128479156701,13485.141556414914,11147.196669327745
forecast_2107,2025-03-29 19:00:00,13694.529519787073,12897.50366024301,10135.975042777454
forecast_2108,2025-03-29 20:00:00,13563.25894440651,12882.113226989995,10021.095676078368
forecast_2109,2025-03-29 21:00:00,13383.532679671709,12767.111217103784,10168.745231044733
forecast_2110,2025-03-29 22:00:00,13358.165100850372,12011.551338866915,9856.571503933877
forecast_2111,2025-03-29 23:00:00,12810.212029672584,11825.662509206155,9208.276942886809
forecast_2112,2025-03-30 00:00:00,12516.158711660222,12033.6135967746,9722.736928029566
forecast_2113,2025-03-30 01:00:00,12973.855566280934,12578.344144542303,9324.537771372768
forecast_2114,2025-03-30 02:00:00,12516.498352129132,11709.646756382408,8158.31454814087
forecast_2115,2025-03-30 03:00:00,11334.717843551884,10862.934055433894,7769.548963989932
forecast_2116,2025-03-30 04:00:00,10684.43354003576,10376.35168809638,7039.34435217518
forecast_2117,2025-03-30 05:00:00,10153.293913381734,9438.423440644552,6663.668433022594
forecast_2118,2025-03-30 06:00:00,10315.224955460531,8958.682773693656,5863.944444883136
forecast_2119,2025-03-30 07:00:00,10197.8390551113,8264.918050909933,6482.320981873753
forecast_2120,2025-03-30 08:00:00,10267.587929819138,7594.309546597332,6163.686176666253
forecast_2121,2025-03-30 09:00:00,10839.63038482494,8162.939776975516,6842.699866436539
forecast_2122,2025-03-30 10:00:00,10607.495322434053,8997.90699772258,7179.913948629161
forecast_2123,2025-03-30 11:00:00,10458.706537855554,9007.636063216629,7349.2807886134415
forecast_2124,2025-03-30 12:00:00,10435.134721847615,8718.220147472553,7489.062669358696
forecast_2125,2025-03-30 13:00:00,10442.147795033678,8571.19723656122,8640.032555397185
forecast_2126,2025-03-30 14:00:00,10272.270362599362,8788.790583202603,8517.211833514615
forecast_2127,2025-03-30 15:00:00,10135.633257089285,8918.14455492204,7151.554804050977
forecast_2128,2025-03-30 16:00:00,8646.407895997432,7946.336119755868,5848.974011548522
forecast_2129,2025-03-30 17:00:00,8910.271552185923,7480.062072659472,5664.123906610157
forecast_2130,2025-03-30 18:00:00,8173.955974395825,7176.511014066617,5533.471001524493
forecast_2131,2025-03-30 19:00:00,8862.201235803363,7888.766717192083,5660.608137156268
forecast_2132,2025-03-30 20:00:00,8607.207133893971,8974.418723921677,6593.222540624254
forecast_2133,2025-03-30 21:00:00,9224.233505829952,9888.161877539467,6735.032964765531
forecast_2134,2025-03-30 22:00:00,10374.848720621794,10260.4574489088,7801.847999085578
forecast_2135,2025-03-30 23:00:00,10625.29744490241,10753.96044821699,8724.922320430836
forecast_2136,2025-03-31 00:00:00,11966.687244612029,12929.765113008758,10363.599959951845
forecast_2137,2025-03-31 01:00:00,14585.612139883804,15466.455047370971,15392.224029725458
forecast_2138,2025-03-31 02:00:00,15574.904770165329,16591.298971050503,16709.054198534555
forecast_2139,2025-03-31 03:00:00,15562.235602286739,16285.03785964245,16675.616183036236
forecast_2140,2025-03-31 04:00:00,15442.640128901088,17075.14354144945,16554.37179781314
forecast_2141,2025-03-31 05:00:00,15160.424857291855,16394.83008145381,13675.068350281657
forecast_2142,2025-03-31 06:00:00,14663.401906834964,15821.334524993623,12572.35365865185
forecast_2143,2025-03-31 07:00:00,12683.593068767046,13861.498020881982,9591.472117571615
forecast_2144,2025-03-31 08:00:00,9936.711788798111,10770.2732230119,6518.309417209981
forecast_2145,2025-03-31 09:00:00,7810.18442669122,8549.963527540556,4527.180355711162
forecast_2146,2025-03-31 10:00:00,4687.521775484573,5245.3343103667985,3420.2570273266642
forecast_2147,2025-03-31 11:00:00,3789.316818532889,3717.8433898408925,2840.8034693521527
forecast_2148,2025-03-31 12:00:00,4013.4505272697534,3894.675986508606,2985.5214455369724
forecast_2149,2025-03-31 13:00:00,4104.285518590757,4674.888515928624,3370.454473235512
forecast_2150,2025-03-31 14:00:00,4649.050393118735,5881.851539541126,3339.9602704219624
forecast_2151,2025-03-31 15:00:00,4905.075144083,6063.772716946,3198.98189501005
forecast_2152,2025-03-31 16:00:00,5050.638082111382,6498.990427106207,3385.2679977809044
forecast_2153,2025-03-31 17:00:00,5415.14159471398,6923.718115101242,4160.637518622336
forecast_2154,2025-03-31 18:00:00,6764.021549265293,8195.481160891735,5146.117737472692
forecast_2155,2025-03-31 19:00:00,8212.298189575009,9941.041521315534,6817.288499509865
forecast_2156,2025-03-31 20:00:00,8917.187697608042,11264.678548769756,7885.5305241931765
forecast_2157,2025-03-31 21:00:00,9637.713297189224,11957.055102397819,8959.974098066672
forecast_2158,2025-03-31 22:00:00,11423.61080273448,14530.586657650705,10736.854055933538
forecast_2159,2025-03-31 23:00:00,12385.09523135448,13843.115367437465,12374.015837958259
forecast_2160,2025-04-01 00:00:00,12130.813638764921,13272.306660812306,11113.8197621008
forecast_2161,2025-04-01 01:00:00,10966.453851584374,12270.14043556653,9824.0558750331
forecast_2162,2025-04-01 02:00:00,9273.698425630471,9764.343033218225,8637.796144266078
forecast_2163,2025-04-01 03:00:00,8376.172706850852,8813.550621688006,8316.883347695948
forecast_2164,2025-04-01 04:00:00,7228.701886265713,8077.209596187271,7321.310463655266
forecast_2165,2025-04-01 05:00:00,5652.2327025056875,6283.813283392614,6803.171680181418
forecast_2166,2025-04-01 06:00:00,4464.625213934765,4851.707445278393,4754.942414806771
forecast_2167,2025-04-01 07:00:00,4073.2537353398257,3816.873907603156,2955.824077851181
forecast_2168,2025-04-01 08:00:00,2568.8192343912797,2034.9184226032899,1193.5891826428037
forecast_2169,2025-04-01 09:00:00,862.4228051314033,838.5301673574938,592.1274134632351
forecast_2170,2025-04-01 10:00:00,317.87583885309755,385.39444763651727,555.2758524581534
forecast_2171,2025-04-01 11:00:00,243.8828951362167,319.6718640614664,550.4950989696891
forecast_2172,2025-04-01 12:00:00,221.1329082682491,242.45251666921467,573.9975533065843
forecast_2173,2025-04-01 13:00:00,218.43441561033654,242.49449011633368,589.9195064159696
forecast_2174,2025-04-01 14:00:00,224.2148401606869,249.43370875970734,605.421159950878
forecast_2175,2025-04-01 15:00:00,226.25515160668914,275.0795345717132,597.0033619888534
forecast_2176,2025-04-01 16:00:00,232.46555585251556,343.4118969605143,595.9370129056911
forecast_2177,2025-04-01 17:00:00,303.2378571976392,376.29055137461836,595.1280181098507
forecast_2178,2025-04-01 18:00:00,683.6404226366927,682.3550828038304,607.8267665310818
forecast_2179,2025-04-01 19:00:00,900.0313642013506,1163.4378075282673,637.3151670089902
forecast_2180,2025-04-01 20:00:00,1236.214001234979,1542.846357414191,685.4688611893822
forecast_2181,2025-04-01 21:00:00,1779.292193335933,2237.605817851548,726.8650062712271
forecast_2182,2025-04-01 22:00:00,2303.1526204076436,2609.642773266253,716.6039413910241
forecast_2183,2025-04-01 23:00:00,2506.2827818196765,2862.5628524928916,691.1637124737902
forecast_2184,2025-04-02 00:00:00,2399.9034466001335,2723.523340808655,675.3354829460744
forecast_2185,2025-04-02 01:00:00,2104.9281819957896,1654.2076440630628,652.2210640071103
forecast_2186,2025-04-02 02:00:00,1817.2595706017946,1085.365329347567,635.4724633920314
forecast_2187,2025-04-02 03:00:00,1344.777734934449,919.6502337408075,598.0654630582031
forecast_2188,2025-04-02 04:00:00,795.1739588009641,593.3944883961792,556.6714961918702
forecast_2189,2025-04-02 05:00:00,702.2268344468899,494.8454222905417,536.3374474380801
forecast_2190,2025-04-02 06:00:00,675.4643072483962,419.4139601897145,535.2558161750676
forecast_2191,2025-04-02 07:00:00,606.4675359672899,367.65939293280024,536.26186291271
forecast_2192,2025-04-02 08:00:00,474.70495033101304,382.85877659558736,538.0061981504128
forecast_2193,2025-04-02 09:00:00,224.66955157249947,381.3936503644137,550.8562323804546
forecast_2194,2025-04-02 10:00:00,363.50082864998296,400.9119297902363,672.6110925924596
forecast_2195,2025-04-02 11:00:00,477.1586788027806,520.022854517904,896.389267806577
forecast_2196,2025-04-02 12:00:00,492.25313007078506,993.242371755161,915.4676094409804
forecast_2197,2025-04-02 13:00:00,649.1580153236914,1269.0809636512618,899.4823591378859
forecast_2198,2025-04-02 14:00:00,882.2343942592552,1746.395838205962,982.9674415507736
forecast_2199,2025-04-02 15:00:00,1030.4179653912379,2283.390297738582,972.4844432436656
forecast_2200,2025-04-02 16:00:00,1108.1429556019946,2136.868075806605,970.8559964023967
forecast_2201,2025-04-02 17:00:00,988.6402426505153,1812.4984454938026,921.0331125436601
forecast_2202,2025-04-02 18:00:00,974.8648005440418,1332.703165485949,833.890982461265
forecast_2203,2025-04-02 19:00:00,1108.146765398863,1307.1120295618794,753.0614837547703
forecast_2204,2025-04-02 20:00:00,1132.8268126792952,1138.6409369241358,750.1967662254103
forecast_2205,2025-04-02 21:00:00,793.3353983294113,1006.8033682332119,816.5401566652115
forecast_2206,2025-04-02 22:00:00,1089.3215672927233,1311.49760742845,943.2815302932405
forecast_2207,2025-04-02 23:00:00,1720.084368776266,2359.687787933707,1051.927215173655
forecast_2208,2025-04-03 00:00:00,1775.7625179041522,2916.3700419818124,1815.8015396349354
forecast_2209,2025-04-03 01:00:00,2029.3880917868644,2948.5779110864382,1242.4669953723605
forecast_2210,2025-04-03 02:00:00,1616.027063667922,2868.2360161484366,1228.6124066517464
forecast_2211,2025-04-03 03:00:00,1572.5047630318202,3006.3050905159944,1234.9157062688516
forecast_2212,2025-04-03 04:00:00,1529.1678962824658,2324.6981351912814,1282.3121550396897
forecast_2213,2025-04-03 05:00:00,1766.6041806111648,1945.007573462387,1217.8747987307306
forecast_2214,2025-04-03 06:00:00,1861.4590270022736,2237.599096578484,1274.3993663563035
forecast_2215,2025-04-03 07:00:00,1792.858638398538,2898.143801927928,1839.5247707882745
forecast_2216,2025-04-03 08:00:00,1571.260013055124,2419.5947460046164,1751.0200154206932
forecast_2217,2025-04-03 09:00:00,940.1792266861996,1299.9854946675432,1059.287833892689
forecast_2218,2025-04-03 10:00:00,561.7196081611986,829.7584821470571,877.270078989701
forecast_2219,2025-04-03 11:00:00,555.72859518687,825.3133808818507,799.1498225808538
forecast_2220,2025-04-03 12:00:00,532.4910758947876,781.1086979945701,681.2453887216413
forecast_2221,2025-04-03 13:00:00,322.55005631166,619.1154811341895,666.8207969303462
forecast_2222,2025-04-03 14:00:00,231.11672240765594,452.53303254995643,651.8791820621061
forecast_2223,2025-04-03 15:00:00,243.4099666736975,354.38252469008114,598.1252368679037
forecast_2224,2025-04-03 16:00:00,231.06603063116387,354.11286390868804,559.7157144637634
forecast_2225,2025-04-03 17:00:00,243.2888810218792,350.503764004691,550.5556151326399
forecast_2226,2025-04-03 18:00:00,262.6196096258944,600.3571818492633,552.0910911173844
forecast_2227,2025-04-03 19:00:00,546.6436368340036,747.4720696079025,556.3546927702189
forecast_2228,2025-04-03 20:00:00,902.3559848171933,1810.2762608602839,695.571646837197
forecast_2229,2025-04-03 21:00:00,2249.9537893570428,3524.077458822343,1001.784532310626
forecast_2230,2025-04-03 22:00:00,3732.064628297354,4544.003937273744,1895.0018716186864
forecast_2231,2025-04-03 23:00:00,4774.909250843333,5301.271838114986,2871.693679794744
forecast_2232,2025-04-04 00:00:00,5690.133497225526,6408.641977732238,3915.6425428287725
forecast_2233,2025-04-04 01:00:00,7483.59577154924,8025.563037682101,5295.389609954214
forecast_2234,2025-04-04 02:00:00,8410.259961943044,9341.547366390758,6982.720636563097
forecast_2235,2025-04-04 03:00:00,9328.809583282555,10497.050172273004,8410.844219082024
forecast_2236,2025-04-04 04:00:00,10139.845477239958,11090.473243629112,8654.871048852483
forecast_2237,2025-04-04 05:00:00,10545.636830965368,11441.097301816535,8671.12030242707
forecast_2238,2025-04-04 06:00:00,10731.87225596135,11314.814481924352,8443.567356661206
forecast_2239,2025-04-04 07:00:00,10102.600458271583,10650.314298756442,8060.006845825447
forecast_2240,2025-04-04 08:00:00,9151.964168784529,9202.192673336085,5850.40402066985
forecast_2241,2025-04-04 09:00:00,6458.18519864093,7437.954428780128,3439.420176062741
forecast_2242,2025-04-04 10:00:00,3394.2735461256943,3675.3008261611203,1461.3622809419446
forecast_2243,2025-04-04 11:00:00,1761.470775865016,1354.0378353405358,1098.4486163900106
forecast_2244,2025-04-04 12:00:00,1276.1010523284237,974.6277178781957,843.7356010326899
forecast_2245,2025-04-04 13:00:00,911.0939802809912,683.7167532247423,765.5296393935635
forecast_2246,2025-04-04 14:00:00,874.744454464125,685.334900330161,677.4318242387391
forecast_2247,2025-04-04 15:00:00,1118.1689521934143,983.4989260976397,777.8541645278729
forecast_2248,2025-04-04 16:00:00,1683.5440677110716,1454.0803448827105,1000.8014653014701
forecast_2249,2025-04-04 17:00:00,2076.3719237956625,2499.1815243474775,1112.3577489524064
forecast_2250,2025-04-04 18:00:00,2135.78387517171,2815.501818044228,1568.4307437005386
forecast_2251,2025-04-04 19:00:00,3297.686121652184,3050.597535896801,1272.4784836791332
forecast_2252,2025-04-04 20:00:00,4807.3729674821425,4524.350061732453,2412.2540702779147
forecast_2253,2025-04-04 21:00:00,5156.680098579647,5460.239846334681,2506.903579734604
forecast_2254,2025-04-04 22:00:00,5442.175908216185,6664.895062666159,2190.0687881857384
forecast_2255,2025-04-04 23:00:00,6421.031886180028,7686.976038123887,3855.80533411152
forecast_2256,2025-04-05 00:00:00,7706.341599766017,9014.028320079633,5579.067164709501
forecast_2257,2025-04-05 01:00:00,9014.966060715267,11283.671157933428,7164.405952638985
forecast_2258,2025-04-05 02:00:00,9627.349399509307,11845.30457126686,7254.522631543129
forecast_2259,2025-04-05 03:00:00,10174.583458299434,12252.351319468677,7294.859743363793
forecast_2260,2025-04-05 04:00:00,10804.093383349733,12849.24175888321,7706.009306159816
forecast_2261,2025-04-05 05:00:00,10217.372540418954,11032.031366009562,6991.54000556861
forecast_2262,2025-04-05 06:00:00,10140.709443896543,10668.767789676409,7118.324874840084
forecast_2263,2025-04-05 07:00:00,9269.026934038131,10046.224788405732,5806.103526444929
forecast_2264,2025-04-05 08:00:00,8362.57068611106,8716.338350160355,4882.230754884628
forecast_2265,2025-04-05 09:00:00,7172.877150548331,7920.15930867552,4357.315228748032
forecast_2266,2025-04-05 10:00:00,5675.631585452698,7198.228023136437,4110.668705258293
forecast_2267,2025-04-05 11:00:00,5722.34952776729,7771.296554826221,5666.002750044004
forecast_2268,2025-04-05 12:00:00,8109.952008043669,11539.420934794967,8550.631712114295
forecast_2269,2025-04-05 13:00:00,10718.857387573062,14388.824001980685,13024.405420367413
forecast_2270,2025-04-05 14:00:00,13330.617217610743,15611.854758537811,14362.690445749107
forecast_2271,2025-04-05 15:00:00,14174.395390655907,16340.330151405698,14608.988841321418
forecast_2272,2025-04-05 16:00:00,14718.23264885903,16519.079596286465,14069.347333734837
forecast_2273,2025-04-05 17:00:00,14088.342681418388,16162.3191130453,13341.139239519012
forecast_2274,2025-04-05 18:00:00,14083.688071922734,15811.075109552083,14109.052765422166
forecast_2275,2025-04-05 19:00:00,14100.511757553817,15279.872886371144,13705.576522394587
forecast_2276,2025-04-05 20:00:00,14577.633837084006,14948.436368413812,14462.549705283955
forecast_2277,2025-04-05 21:00:00,14554.752737774128,14789.344139692123,14307.332346886167
forecast_2278,2025-04-05 22:00:00,14604.896498233938,15175.349498652555,14308.113577838896
forecast_2279,2025-04-05 23:00:00,15317.195212342964,16027.147866024978,14132.472690491475
forecast_2280,2025-04-06 00:00:00,15082.67108441121,15931.262923559807,14227.19546431291
forecast_2281,2025-04-06 01:00:00,14562.72416692819,15765.098141201837,14850.33095578984
forecast_2282,2025-04-06 02:00:00,14258.807524320124,15356.519744103804,15458.523718065735
forecast_2283,2025-04-06 03:00:00,15431.1431951938,15885.726070085875,16440.396540210073
forecast_2284,2025-04-06 04:00:00,15429.43849917681,16474.80242218516,16059.27383955464
forecast_2285,2025-04-06 05:00:00,15431.344403005598,16308.636343815717,15952.97999398752
forecast_2286,2025-04-06 06:00:00,15262.128217921214,16427.55146404265,16306.68665030488
forecast_2287,2025-04-06 07:00:00,15717.410864628051,16347.266128566891,16107.768887326833
forecast_2288,2025-04-06 08:00:00,15167.997183779007,16005.694029458886,14952.343246897628
forecast_2289,2025-04-06 09:00:00,15086.76478696429,15418.593090281876,12300.21999836831
forecast_2290,2025-04-06 10:00:00,14592.648008379747,13849.375224119616,11502.93362201245
forecast_2291,2025-04-06 11:00:00,13820.12341714853,13283.173098215557,11808.35823424944
forecast_2292,2025-04-06 12:00:00,13618.0622325404,13048.316304992954,11640.545738189832
forecast_2293,2025-04-06 13:00:00,13354.341502928673,12954.090051649115,11660.345181389344
forecast_2294,2025-04-06 14:00:00,13449.238445756851,13787.17236691339,12698.089048372025
forecast_2295,2025-04-06 15:00:00,13435.81533789221,13994.480852104352,12377.760490771638
forecast_2296,2025-04-06 16:00:00,13234.73252297948,13263.533553126548,11221.538992219228
forecast_2297,2025-04-06 17:00:00,13130.321435521888,12685.554741163236,10613.076124123567
forecast_2298,2025-04-06 18:00:00,13206.43744825538,12349.020135285318,10254.365252066174
forecast_2299,2025-04-06 19:00:00,13391.136716941524,13294.77735172313,12360.24813592376
forecast_2300,2025-04-06 20:00:00,13463.252346058209,13853.741905933104,12663.077458294312
forecast_2301,2025-04-06 21:00:00,13588.250774182237,13996.795115490135,13465.703843951509
forecast_2302,2025-04-06 22:00:00,14056.976465653835,14736.708159748086,14354.77748409844
forecast_2303,2025-04-06 23:00:00,14567.99169839747,15173.618993078417,15029.719503281114
forecast_2304,2025-04-07 00:00:00,14200.305438688272,15251.883360255833,15612.87223305914
forecast_2305,2025-04-07 01:00:00,14462.257141035008,15358.746058883591,15175.93710724024
forecast_2306,2025-04-07 02:00:00,14139.045959095172,14837.927375062878,14953.571783688192
forecast_2307,2025-04-07 03:00:00,13881.54439549529,14904.135989253664,14638.700832404003
forecast_2308,2025-04-07 04:00:00,14221.438663879177,15932.928318783725,15517.042360887925
forecast_2309,2025-04-07 05:00:00,14531.445778709309,16033.451059086536,15970.529864239608
forecast_2310,2025-04-07 06:00:00,15195.548606546177,16593.524430979054,16020.11758576609
forecast_2311,2025-04-07 07:00:00,15438.474958722134,16040.149412190422,16169.574449169719
forecast_2312,2025-04-07 08:00:00,15143.77703356979,16429.549637464224,14640.064620773499
forecast_2313,2025-04-07 09:00:00,13405.981250915964,15290.937955081985,13620.746707388236
forecast_2314,2025-04-07 10:00:00,11260.547474917126,13663.773923784169,12361.85534049887
forecast_2315,2025-04-07 11:00:00,10470.328821062732,11327.114347482197,10218.029280773339
forecast_2316,2025-04-07 12:00:00,10387.543427457893,10417.502404869507,9787.10583299771
forecast_2317,2025-04-07 13:00:00,10918.98889140223,11479.181115677999,11253.682920672853
forecast_2318,2025-04-07 14:00:00,11415.482939053918,12442.321634156908,12876.54577346297
forecast_2319,2025-04-07 15:00:00,12862.983600940071,13478.384996031258,12764.644350699218
forecast_2320,2025-04-07 16:00:00,13844.68892979547,14445.236202403674,14265.997026086072
forecast_2321,2025-04-07 17:00:00,14547.355735238983,15488.654052614786,14744.317817294497
forecast_2322,2025-04-07 18:00:00,14885.965722007759,15737.251751001126,15364.279224004747
forecast_2323,2025-04-07 19:00:00,15403.663321713368,17077.90231542888,16031.03890091919
forecast_2324,2025-04-07 20:00:00,16607.762169143116,18830.31399096422,18460.391299434636
forecast_2325,2025-04-07 21:00:00,17584.518429294476,19522.04059376392,19403.905990385378
forecast_2326,2025-04-07 22:00:00,17933.777356913844,19825.37691616546,19454.85173341528
forecast_2327,2025-04-07 23:00:00,17716.94465308943,19529.788003510297,19353.57994812514
forecast_2328,2025-04-08 00:00:00,18264.566550909985,19409.754513598342,19243.805779464492
forecast_2329,2025-04-08 01:00:00,18136.194365782903,19465.94259530743,18853.304975567135
forecast_2330,2025-04-08 02:00:00,18327.828533051663,19314.284180300427,18635.85683568689
forecast_2331,2025-04-08 03:00:00,19025.739148182067,19355.260914065682,18229.033975735307
forecast_2332,2025-04-08 04:00:00,18975.12355816254,19793.084577562433,17888.35896880385
forecast_2333,2025-04-08 05:00:00,19396.742520197244,19846.907909387017,17787.275117523153
forecast_2334,2025-04-08 06:00:00,19142.142074630243,19421.986316496612,17374.527598349217
forecast_2335,2025-04-08 07:00:00,18502.213184883603,19458.652148142275,17523.99244536399
forecast_2336,2025-04-08 08:00:00,17520.42264118053,18470.735088302506,17146.74772336482
forecast_2337,2025-04-08 09:00:00,16749.372971468132,16874.830809056355,14480.711706679493
forecast_2338,2025-04-08 10:00:00,14605.54275524754,15133.19018331941,12094.996767940007
forecast_2339,2025-04-08 11:00:00,14200.87451530069,14266.023568182849,11804.781633693474
forecast_2340,2025-04-08 12:00:00,14084.139120750886,14031.965335877714,10995.836686249178
forecast_2341,2025-04-08 13:00:00,13327.4435297712,13506.639653073142,9773.28013570708
forecast_2342,2025-04-08 14:00:00,12790.323461622425,11323.355401656716,7893.619029600297
forecast_2343,2025-04-08 15:00:00,10871.617408588063,8510.474716712803,6056.827768830021
forecast_2344,2025-04-08 16:00:00,8323.240490698647,6701.614681060146,3499.895141401235
forecast_2345,2025-04-08 17:00:00,5312.380776847281,4201.236625288546,1685.6778737552643
forecast_2346,2025-04-08 18:00:00,3251.418039712241,1858.7632684797513,1026.8544612218532
forecast_2347,2025-04-08 19:00:00,1783.1730913411734,1240.8416729487917,743.922138347111
forecast_2348,2025-04-08 20:00:00,836.9601012342553,835.7466117812669,681.1879151820369
forecast_2349,2025-04-08 21:00:00,536.640504640083,611.4577629864864,646.6348323106097
forecast_2350,2025-04-08 22:00:00,568.3925881267799,665.8863367957538,675.7841664248294
forecast_2351,2025-04-08 23:00:00,962.5388877021626,821.2655912136026,702.91129587427
forecast_2352,2025-04-09 00:00:00,1127.3827053925006,812.1836995768319,710.1699720593947
forecast_2353,2025-04-09 01:00:00,1212.6459423647257,1045.895474728918,682.1926286556251
forecast_2354,2025-04-09 02:00:00,1396.7561427614196,1225.9987758823931,733.9107988996627
forecast_2355,2025-04-09 03:00:00,1494.0166412946244,1505.0917882523727,835.6213275621828
forecast_2356,2025-04-09 04:00:00,1481.8718552643672,1694.0617694123848,884.3520388051811
forecast_2357,2025-04-09 05:00:00,1587.6021532281843,1720.8496504305372,819.1421997528876
forecast_2358,2025-04-09 06:00:00,1978.1116045454833,2093.942550333906,877.6134214565111
forecast_2359,2025-04-09 07:00:00,2080.2537456897144,2327.650938742628,1085.9928582055381
forecast_2360,2025-04-09 08:00:00,2460.678603165095,2486.1042600076635,1217.4909435234965
forecast_2361,2025-04-09 09:00:00,1754.1009330771697,2210.1636495831212,1264.509404449364
forecast_2362,2025-04-09 10:00:00,1812.8805662460818,1923.3531714895394,1273.3467963109838
forecast_2363,2025-04-09 11:00:00,2378.677602300848,2376.3869159233677,1457.461548366883
forecast_2364,2025-04-09 12:00:00,3691.117708992483,3961.6220074271455,3033.251711646383
forecast_2365,2025-04-09 13:00:00,4256.200644075494,5269.200260140504,3595.478432936627
forecast_2366,2025-04-09 14:00:00,4216.977030047839,6228.614369483714,4747.15484850588
forecast_2367,2025-04-09 15:00:00,5253.976325323492,7060.513919949119,6210.08506844502
forecast_2368,2025-04-09 16:00:00,6714.364776142346,7273.617202058786,6330.121177789773
forecast_2369,2025-04-09 17:00:00,6932.583733819287,7194.89944132524,6115.66140374206
forecast_2370,2025-04-09 18:00:00,6963.439149099448,7352.377145131423,4816.717697900718
forecast_2371,2025-04-09 19:00:00,7238.914268676861,7969.992920574943,4467.798656033942
forecast_2372,2025-04-09 20:00:00,7743.680586369197,8644.271340560696,4860.323362263565
forecast_2373,2025-04-09 21:00:00,7413.749468913863,8548.443303007705,4834.4623376535965
forecast_2374,2025-04-09 22:00:00,7638.2070479554695,8776.850407109201,4696.918352437735
forecast_2375,2025-04-09 23:00:00,7759.547223328116,8547.32185821474,4837.321705318151
forecast_2376,2025-04-10 00:00:00,8363.599930148444,8856.501899613251,5837.560448563307
forecast_2377,2025-04-10 01:00:00,9223.633448044118,9852.491099071842,6702.04515779016
forecast_2378,2025-04-10 02:00:00,10422.07804293211,10265.083997895601,7241.819102009069
forecast_2379,2025-04-10 03:00:00,11090.534249173,10158.619375888316,7351.420811996049
forecast_2380,2025-04-10 04:00:00,9887.315471993894,9408.74942059573,6989.603153624794
forecast_2381,2025-04-10 05:00:00,8965.741064483178,8506.436444723562,6076.15237530418
forecast_2382,2025-04-10 06:00:00,7823.122412533434,7761.015926499319,5192.404306461729
forecast_2383,2025-04-10 07:00:00,6790.425304916915,7647.989770206988,4377.6773055650065
forecast_2384,2025-04-10 08:00:00,6080.515797989289,6997.833483612349,3964.566532621573
forecast_2385,2025-04-10 09:00:00,4792.732600559982,5738.836075990093,3176.9572583175477
forecast_2386,2025-04-10 10:00:00,4529.760822537374,4507.461062757198,3488.9043826537827
forecast_2387,2025-04-10 11:00:00,3792.2432663453037,3727.983047682509,3082.209795674398
forecast_2388,2025-04-10 12:00:00,3213.523702225178,3058.74773260812,2627.7991951155655
forecast_2389,2025-04-10 13:00:00,2889.8764929026047,2237.19984284846,1990.6313501273844
forecast_2390,2025-04-10 14:00:00,2905.347170000805,2862.8989929752233,1772.4599685208975
forecast_2391,2025-04-10 15:00:00,3127.008383051252,3291.4014842453626,2051.9409378120977
forecast_2392,2025-04-10 16:00:00,3562.9941140321043,3589.4492311525605,1273.5745697287298
forecast_2393,2025-04-10 17:00:00,2804.4893726341197,3289.642076677892,1110.155375157729
forecast_2394,2025-04-10 18:00:00,2453.9248701247734,2412.3615028985323,1045.2578028780454
forecast_2395,2025-04-10 19:00:00,2295.814285007922,2384.145769693183,962.0241095696833
forecast_2396,2025-04-10 20:00:00,2387.5148648868944,2173.0386188329494,1082.5259996643788
forecast_2397,2025-04-10 21:00:00,2719.217803710487,2526.869038993778,1163.210154684546
forecast_2398,2025-04-10 22:00:00,3434.1779027133043,3473.0389619087173,1439.5308266220495
forecast_2399,2025-04-10 23:00:00,3595.8390952406953,3932.616967880317,1455.7294324325453
forecast_2400,2025-04-11 00:00:00,3464.8084170762477,3677.703413006093,1513.397952356659
forecast_2401,2025-04-11 01:00:00,2865.0015395367145,2984.1703770401514,1341.0701862804594
forecast_2402,2025-04-11 02:00:00,2930.0676010247807,3370.9281279174065,1398.9380829597721
forecast_2403,2025-04-11 03:00:00,2891.6263050885395,3668.250438858883,1322.709769656598
forecast_2404,2025-04-11 04:00:00,2522.2900620687124,3369.512876188266,1094.6692883509543
forecast_2405,2025-04-11 05:00:00,2199.0042409374437,2104.9866447932072,1023.6154167593004
forecast_2406,2025-04-11 06:00:00,1306.5717630901922,1660.599278187166,929.357537657068
forecast_2407,2025-04-11 07:00:00,762.0488180396791,1046.173778816823,714.2845467448042
forecast_2408,2025-04-11 08:00:00,364.90918399615765,521.6099679455099,550.3467558796815
forecast_2409,2025-04-11 09:00:00,249.07179607917016,267.5656759031693,549.1318498890809
forecast_2410,2025-04-11 10:00:00,223.45597280351524,276.8896003952098,551.2296122288562
forecast_2411,2025-04-11 11:00:00,206.02809069937325,315.12207190809823,615.7252315347469
forecast_2412,2025-04-11 12:00:00,225.82989439649725,314.0186890728218,652.2753079935584
forecast_2413,2025-04-11 13:00:00,238.81991316816385,327.2269473643432,656.9353387315397
forecast_2414,2025-04-11 14:00:00,239.22416841313077,350.83738756851653,652.7283357737927
forecast_2415,2025-04-11 15:00:00,289.9081912454797,344.3837730547202,686.0834084546943
forecast_2416,2025-04-11 16:00:00,342.36359553822683,523.7446406814925,791.4670136434753
forecast_2417,2025-04-11 17:00:00,660.575116366556,759.637115150548,745.9305948413248
forecast_2418,2025-04-11 18:00:00,1560.5144432541458,1019.8343919070244,798.837853665307
forecast_2419,2025-04-11 19:00:00,2302.0615779137856,2137.7199119577945,933.729668340948
forecast_2420,2025-04-11 20:00:00,3127.8623644383506,3795.2546609433966,1337.7240140548506
forecast_2421,2025-04-11 21:00:00,4090.284075424337,4484.247627646557,1673.9765334641122
forecast_2422,2025-04-11 22:00:00,5737.854339692127,5302.252743814079,2836.0356549449443
forecast_2423,2025-04-11 23:00:00,5115.59351212021,5535.765722030017,3133.6181665868407
forecast_2424,2025-04-12 00:00:00,5020.612419864866,5244.64519227683,2969.769781845811
forecast_2425,2025-04-12 01:00:00,4551.006350915854,5251.890798875266,2656.9825366731443
forecast_2426,2025-04-12 02:00:00,4409.966388410654,5905.817686671295,2445.843744211439
forecast_2427,2025-04-12 03:00:00,4627.307185016794,5995.964939493576,2458.133391193821
forecast_2428,2025-04-12 04:00:00,6029.412226179812,6703.856520526644,3612.1408735066316
forecast_2429,2025-04-12 05:00:00,6616.476555678738,6932.957232605268,3744.7915975643627
forecast_2430,2025-04-12 06:00:00,6621.443767238742,7155.657724667421,3860.956736184394
forecast_2431,2025-04-12 07:00:00,6681.421411504966,8752.37789966518,4539.166619516543
forecast_2432,2025-04-12 08:00:00,7013.307807266075,10148.180532492102,5890.453703782133
forecast_2433,2025-04-12 09:00:00,6930.306851037208,10380.598009219057,7992.689956148302
forecast_2434,2025-04-12 10:00:00,6849.875351226916,10519.127218906278,8610.347059981097
forecast_2435,2025-04-12 11:00:00,7387.288096047012,10255.981830229912,9948.36432900766
forecast_2436,2025-04-12 12:00:00,8404.294913265392,11196.459479321458,11606.087650291269
forecast_2437,2025-04-12 13:00:00,9655.68622456257,12497.101398320523,12700.257640157239
forecast_2438,2025-04-12 14:00:00,9833.329824004755,13178.600290879895,12159.719659654318
forecast_2439,2025-04-12 15:00:00,9796.170086393651,12915.535499866242,12356.18977521839
forecast_2440,2025-04-12 16:00:00,10448.19386066812,14225.117514217633,12544.384381248978
forecast_2441,2025-04-12 17:00:00,11537.246573259892,15423.104151778192,13041.863096177809
forecast_2442,2025-04-12 18:00:00,13104.562634433481,15389.854872490923,14126.955292607763
forecast_2443,2025-04-12 19:00:00,14814.16510852608,16212.321376086647,15769.859206095287
forecast_2444,2025-04-12 20:00:00,15922.213211217902,17649.52197705717,16406.934774306512
forecast_2445,2025-04-12 21:00:00,16636.16771752891,17965.013532921206,16576.672570170213
forecast_2446,2025-04-12 22:00:00,17285.943313528704,18116.787418987955,16338.544801385642
forecast_2447,2025-04-12 23:00:00,17167.305912042728,18214.09468960585,15895.005255540427
forecast_2448,2025-04-13 00:00:00,17035.55416589958,18679.940443095868,16489.42643276231
forecast_2449,2025-04-13 01:00:00,17030.891123144927,19038.24517249708,15852.329554353804
forecast_2450,2025-04-13 02:00:00,16692.65104776599,19222.29515640235,16388.838194311567
forecast_2451,2025-04-13 03:00:00,17447.178622489595,19793.66536430115,14840.939735402064
forecast_2452,2025-04-13 04:00:00,16899.603827529463,19665.586775192336,14761.321557682284
forecast_2453,2025-04-13 05:00:00,17065.958474682007,19494.236522990217,14401.745365826839
forecast_2454,2025-04-13 06:00:00,17264.96367285191,18462.971176639818,14475.712146390699
forecast_2455,2025-04-13 07:00:00,17691.38139250632,17811.01728592461,14713.50041853925
forecast_2456,2025-04-13 08:00:00,17648.809458311545,17873.898899813583,15715.42940609344
forecast_2457,2025-04-13 09:00:00,17857.325337776558,17744.118387529008,16988.244550699677
forecast_2458,2025-04-13 10:00:00,16757.106780090355,17504.159062387065,17343.230660070396
forecast_2459,2025-04-13 11:00:00,15754.715373430763,17360.664213634187,17587.285234746472
forecast_2460,2025-04-13 12:00:00,15277.69641017517,17488.671446601384,17551.69238608415
forecast_2461,2025-04-13 13:00:00,14497.503778914182,17471.87510693315,17642.406945125927
forecast_2462,2025-04-13 14:00:00,14091.739870168258,17358.638163790223,17685.83877011516
forecast_2463,2025-04-13 15:00:00,14356.501035924426,17369.1701858129,17272.46878382317
forecast_2464,2025-04-13 16:00:00,14571.49728433378,17369.525226391124,17139.635726120214
forecast_2465,2025-04-13 17:00:00,15452.764545918524,17837.17349152342,17738.212634965086
forecast_2466,2025-04-13 18:00:00,16828.728194755688,18211.36061948869,18525.883672651697
forecast_2467,2025-04-13 19:00:00,17346.883350404263,18281.100265719833,18649.504426081
forecast_2468,2025-04-13 20:00:00,17344.885484769096,18155.351678628613,18728.694671804275
forecast_2469,2025-04-13 21:00:00,16861.98514110427,17997.223890589827,18454.564325116156
forecast_2470,2025-04-13 22:00:00,15578.353915517542,17429.977247928742,18126.548621118207
forecast_2471,2025-04-13 23:00:00,14594.208337227252,17186.910016250535,16768.019256279953
forecast_2472,2025-04-14 00:00:00,13867.144047572969,16897.590446767186,16638.271960097198
forecast_2473,2025-04-14 01:00:00,13199.017864320547,16404.16219109371,15193.647528966705
forecast_2474,2025-04-14 02:00:00,12346.954354889782,16290.235222821153,13576.239923077028
forecast_2475,2025-04-14 03:00:00,11691.621672769466,15758.506963587755,9624.463503991792
forecast_2476,2025-04-14 04:00:00,10553.134637056477,14838.681648415604,8196.960297955993
forecast_2477,2025-04-14 05:00:00,9784.081888008985,10754.07959697238,7515.255640924288
forecast_2478,2025-04-14 06:00:00,8049.036854117885,9325.159377356851,5484.260876609165
forecast_2479,2025-04-14 07:00:00,5728.764231212796,8264.965351486597,4145.760147997192
forecast_2480,2025-04-14 08:00:00,4886.135624836545,6232.941164543847,3429.386732017214
forecast_2481,2025-04-14 09:00:00,3601.9691744233933,4909.053688261098,2637.8715886703576
forecast_2482,2025-04-14 10:00:00,2813.51291260969,4013.164354860488,1796.0479260010316
forecast_2483,2025-04-14 11:00:00,2517.6088088148217,4129.059683308807,2060.4684561981244
forecast_2484,2025-04-14 12:00:00,2783.2315854387493,3949.623953273413,2073.351786753204
forecast_2485,2025-04-14 13:00:00,2423.54830386917,3775.6444048924886,2152.529075300355
forecast_2486,2025-04-14 14:00:00,1779.0713292571513,2974.894107091104,1290.9962328420668
forecast_2487,2025-04-14 15:00:00,1139.0598141069179,1596.9245081063277,790.707527433077
forecast_2488,2025-04-14 16:00:00,631.2886959517342,1258.8251080877028,692.0659720948083
forecast_2489,2025-04-14 17:00:00,589.709414119307,1217.7351624693522,696.956627393004
forecast_2490,2025-04-14 18:00:00,787.463610941594,1548.8143056277763,913.2869116066631
forecast_2491,2025-04-14 19:00:00,1708.820025379589,2096.408230519607,1196.1496537554617
forecast_2492,2025-04-14 20:00:00,2480.8205413160194,2937.599337631668,2041.5157776753272
forecast_2493,2025-04-14 21:00:00,2883.6865503331073,3469.951473375761,2466.3532810701063
forecast_2494,2025-04-14 22:00:00,3281.31750797948,4328.461232192707,2857.8364237327432
forecast_2495,2025-04-14 23:00:00,4983.0883959952,4578.33316395737,2715.482402651236
forecast_2496,2025-04-15 00:00:00,4816.230154196944,5573.564950111324,3191.937957978181
forecast_2497,2025-04-15 01:00:00,6215.921180777441,6223.255234605098,3717.16080322851
forecast_2498,2025-04-15 02:00:00,7036.967117697199,6796.612121572107,3837.552031333507
forecast_2499,2025-04-15 03:00:00,7383.048206182009,7152.994666113325,3704.501976602812
forecast_2500,2025-04-15 04:00:00,7119.767349328711,7977.871894431812,3762.9653771882104
forecast_2501,2025-04-15 05:00:00,7646.634967949893,8258.62262363157,4412.857114462213
forecast_2502,2025-04-15 06:00:00,8225.989491534128,8956.743243671623,5709.70436394127
forecast_2503,2025-04-15 07:00:00,8579.888296123909,9984.06720720206,7575.300922639096
forecast_2504,2025-04-15 08:00:00,9077.833538587454,11899.53898745286,7687.740472306539
forecast_2505,2025-04-15 09:00:00,8682.32162019081,10519.6232700486,7924.828116929169
forecast_2506,2025-04-15 10:00:00,9597.15493188824,11062.38732684556,8234.691047986089
forecast_2507,2025-04-15 11:00:00,9653.660180105864,10583.086886956673,7676.282565752336
forecast_2508,2025-04-15 12:00:00,9594.580461992582,9169.217240886963,7104.764742291582
forecast_2509,2025-04-15 13:00:00,10222.326699333269,9367.64945290519,7736.752772257363
forecast_2510,2025-04-15 14:00:00,11019.321409260527,11113.735944967872,9117.920522557277
forecast_2511,2025-04-15 15:00:00,11707.7961667251,11817.503748583502,9456.439349702368
forecast_2512,2025-04-15 16:00:00,12860.675143535236,11887.974844399396,9201.180026426337
forecast_2513,2025-04-15 17:00:00,13154.59103727295,11867.013240903572,9832.293363098135
forecast_2514,2025-04-15 18:00:00,13926.523365675417,13182.685110504375,12002.662271329933
forecast_2515,2025-04-15 19:00:00,15140.945374297524,14504.478693194786,13511.22484638049
forecast_2516,2025-04-15 20:00:00,15555.212224088224,16165.135786120729,15828.410309095758
forecast_2517,2025-04-15 21:00:00,15419.662041841217,16881.34499744028,16212.315921530342
forecast_2518,2025-04-15 22:00:00,15872.50216478814,18053.522627944694,17152.739811832158
forecast_2519,2025-04-15 23:00:00,16137.543116392788,18603.144000751076,18131.27301970304
forecast_2520,2025-04-16 00:00:00,15623.373399011529,18625.420394279387,18017.97712881471
forecast_2521,2025-04-16 01:00:00,16095.609286431874,18895.533403545247,17004.41544161941
forecast_2522,2025-04-16 02:00:00,16199.375345125642,18790.401677506958,16333.854093709437
forecast_2523,2025-04-16 03:00:00,16132.506654923869,18585.531787656262,15425.499356724285
forecast_2524,2025-04-16 04:00:00,15197.289544769557,17845.510061393266,16066.594449900822
forecast_2525,2025-04-16 05:00:00,15411.441173212088,17484.316123855002,16159.509851746727
forecast_2526,2025-04-16 06:00:00,14911.985959472626,16842.77332167761,16471.21449126919
forecast_2527,2025-04-16 07:00:00,14186.716380928978,16941.401169461646,14527.604831342436
forecast_2528,2025-04-16 08:00:00,13739.933278297645,16286.471874244146,14274.738733833834
forecast_2529,2025-04-16 09:00:00,11990.372224093895,13871.91621330876,13369.69184676796
forecast_2530,2025-04-16 10:00:00,11102.118708124639,11421.571341855153,12230.888002862353
forecast_2531,2025-04-16 11:00:00,11090.605221710373,9888.22033232039,11167.554221912847
forecast_2532,2025-04-16 12:00:00,12254.105281497668,11601.808617664565,11901.590783234584
forecast_2533,2025-04-16 13:00:00,12849.869241285265,13588.690831668455,13112.564510877344
forecast_2534,2025-04-16 14:00:00,14207.506171475703,15280.098666455717,14673.607220291378
forecast_2535,2025-04-16 15:00:00,15120.09884497683,16332.468897621919,15547.252422222318
forecast_2536,2025-04-16 16:00:00,15737.554995264658,17080.434214122135,16355.730810955516
forecast_2537,2025-04-16 17:00:00,16999.49997539903,18171.910464222696,17439.360895204827
forecast_2538,2025-04-16 18:00:00,17930.27783702667,19187.079887093503,18654.324050313407
forecast_2539,2025-04-16 19:00:00,17999.934223882785,19588.822894795827,19146.322510249425
forecast_2540,2025-04-16 20:00:00,18455.339844718786,19956.963841811415,19189.288413394093
forecast_2541,2025-04-16 21:00:00,17772.390074834195,19995.006687948964,19147.10476797573
forecast_2542,2025-04-16 22:00:00,17942.66566468659,20073.02147209843,18824.706803524048
forecast_2543,2025-04-16 23:00:00,18527.04936451315,20150.3414543607,19110.678870804462
forecast_2544,2025-04-17 00:00:00,18556.674390141485,19854.779894685376,18778.23718613179
forecast_2545,2025-04-17 01:00:00,17962.369770552876,19190.49898103226,18250.188007298813
forecast_2546,2025-04-17 02:00:00,17548.691035596406,19159.142393672693,18307.887478475954
forecast_2547,2025-04-17 03:00:00,17476.835696018563,18973.607623880267,18321.54666628458
forecast_2548,2025-04-17 04:00:00,16937.382047966566,18711.000735041667,18025.567868930437
forecast_2549,2025-04-17 05:00:00,16107.46592255673,18069.184055094698,17151.447994217066
forecast_2550,2025-04-17 06:00:00,16163.532242495487,17439.84981471656,15097.591413881248
forecast_2551,2025-04-17 07:00:00,15357.72171907224,17239.12020657105,15230.011209839005
forecast_2552,2025-04-17 08:00:00,15253.691820053922,16523.028495083585,15908.142771010782
forecast_2553,2025-04-17 09:00:00,13409.74615896289,14657.04494891119,12828.223026221913
forecast_2554,2025-04-17 10:00:00,11137.129738377054,13567.637574180095,11309.504079526534
forecast_2555,2025-04-17 11:00:00,10249.611788370816,12183.553060186856,10072.556176035887
forecast_2556,2025-04-17 12:00:00,10142.933534580407,11664.70945590036,10290.556474291732
forecast_2557,2025-04-17 13:00:00,10012.659331243256,11706.405799575972,11297.835483050088
forecast_2558,2025-04-17 14:00:00,10422.076131809285,12846.268384098305,12246.377177203289
forecast_2559,2025-04-17 15:00:00,10831.854687975452,12380.717590348584,13374.056002202138
forecast_2560,2025-04-17 16:00:00,11617.710226134004,12995.059218820854,13259.898833850493
forecast_2561,2025-04-17 17:00:00,11701.311053847106,12881.668013964463,12837.986606428538
forecast_2562,2025-04-17 18:00:00,11317.206664312243,12962.900962777454,13107.68031482739
forecast_2563,2025-04-17 19:00:00,12811.413338621343,14087.55536891946,13442.97004686172
forecast_2564,2025-04-17 20:00:00,13518.785403936228,15025.18481184055,13762.78408800088
forecast_2565,2025-04-17 21:00:00,13807.3353843679,15860.729433125423,14676.229839992324
forecast_2566,2025-04-17 22:00:00,14777.783549792333,17469.62842353224,17075.32884495727
forecast_2567,2025-04-17 23:00:00,15847.00465452065,18512.927196017383,17565.488625229224
forecast_2568,2025-04-18 00:00:00,17881.64825245965,19461.823946307504,18259.733300451557
forecast_2569,2025-04-18 01:00:00,17747.955713897936,19468.009792595316,17277.687759342796
forecast_2570,2025-04-18 02:00:00,17827.421083756522,19669.86607941237,18209.371654358853
forecast_2571,2025-04-18 03:00:00,18379.095541089737,19716.50940345357,18574.434860930392
forecast_2572,2025-04-18 04:00:00,18454.837960725847,19387.41866853722,18271.143835560513
forecast_2573,2025-04-18 05:00:00,17774.29998320282,18733.796221721455,17749.32255802893
forecast_2574,2025-04-18 06:00:00,16001.641925374735,17975.924136314585,16380.698725390725
forecast_2575,2025-04-18 07:00:00,15640.362740642666,15785.707530573509,15671.15147934623
forecast_2576,2025-04-18 08:00:00,13865.519014071775,14754.944519707455,12971.16510183984
forecast_2577,2025-04-18 09:00:00,12441.80451941145,12904.127551007754,10581.052608507889
forecast_2578,2025-04-18 10:00:00,10972.857157252443,11584.223783205356,10801.53074427437
forecast_2579,2025-04-18 11:00:00,10886.278671684988,12092.38361715789,10769.47012540002
forecast_2580,2025-04-18 12:00:00,10798.201598789205,11820.98195240082,10037.507255180812
forecast_2581,2025-04-18 13:00:00,10320.080611043708,10909.978296396283,9212.110471110518
forecast_2582,2025-04-18 14:00:00,9930.039258411945,9710.55067795694,8707.359235878335
forecast_2583,2025-04-18 15:00:00,9369.776080133206,9268.324763890552,8209.477129547748
forecast_2584,2025-04-18 16:00:00,9014.305973338483,8897.273219322178,8089.852257130718
forecast_2585,2025-04-18 17:00:00,9219.304148302746,9048.017064799546,8024.962299213459
forecast_2586,2025-04-18 18:00:00,9782.609345734661,9838.296815618734,8572.572639283619
forecast_2587,2025-04-18 19:00:00,10872.107469829314,11994.668154519397,9251.960591211293
forecast_2588,2025-04-18 20:00:00,11531.910075502132,12807.322098092684,9257.37979376979
forecast_2589,2025-04-18 21:00:00,11844.452140774363,12558.084393648816,10087.012840902507
forecast_2590,2025-04-18 22:00:00,12308.590420953442,14011.06748451626,10908.146898438461
forecast_2591,2025-04-18 23:00:00,12412.322440374754,14407.82206653831,11507.59624420301
forecast_2592,2025-04-19 00:00:00,13113.365701123585,14796.73167352653,13048.812191694495
forecast_2593,2025-04-19 01:00:00,13341.384276880435,15413.248869791572,13298.056342607735
forecast_2594,2025-04-19 02:00:00,14166.508455891322,16774.405629385663,14089.419830774896
forecast_2595,2025-04-19 03:00:00,14544.99625795279,16859.18020723091,14952.649279870639
forecast_2596,2025-04-19 04:00:00,14181.58163596284,16977.39747071089,14694.498012030665
forecast_2597,2025-04-19 05:00:00,13650.470199477495,15860.934160105287,14301.514392388239
forecast_2598,2025-04-19 06:00:00,12769.140410463566,15200.041568689165,13587.759646528417
forecast_2599,2025-04-19 07:00:00,12607.73842576206,14731.360439413329,13601.588553861166
forecast_2600,2025-04-19 08:00:00,12092.970922924373,14892.206960169577,13613.682817575409
forecast_2601,2025-04-19 09:00:00,11815.823915670297,14707.621337718872,13437.86018265623
forecast_2602,2025-04-19 10:00:00,12642.863081372394,14986.505130168443,13269.347375623362
forecast_2603,2025-04-19 11:00:00,13189.470017523821,15293.274459765105,14610.454773637055
forecast_2604,2025-04-19 12:00:00,13661.163972215894,17592.352319441357,17388.075366296613
forecast_2605,2025-04-19 13:00:00,14970.340946374181,18598.25028347831,18011.306919536124
forecast_2606,2025-04-19 14:00:00,16806.914761395718,19118.24883160933,17550.15946101304
forecast_2607,2025-04-19 15:00:00,17051.07764140604,19391.473657746443,17860.463482729596
forecast_2608,2025-04-19 16:00:00,16981.799510836405,19324.821444097608,17771.248445633413
forecast_2609,2025-04-19 17:00:00,17501.18356500189,19172.928244343282,17594.439459713096
forecast_2610,2025-04-19 18:00:00,17916.274881905418,19223.807265142495,17392.614394831657
forecast_2611,2025-04-19 19:00:00,18035.396412435846,19253.87484674741,17868.062578221296
forecast_2612,2025-04-19 20:00:00,16890.95250751507,18516.15691769608,17152.211255220587
forecast_2613,2025-04-19 21:00:00,15616.730107581341,17815.44888666574,16886.497953010585
forecast_2614,2025-04-19 22:00:00,14421.119203248287,15767.237913560019,13086.980870661468
forecast_2615,2025-04-19 23:00:00,12967.47083606919,14308.508822253032,11270.590831359143
forecast_2616,2025-04-20 00:00:00,11324.867010372647,11775.418073090332,10081.843297260793
forecast_2617,2025-04-20 01:00:00,9837.672942437806,11949.456568132664,8752.859106463002
forecast_2618,2025-04-20 02:00:00,8512.910956899981,9190.672521213208,6880.662024276113
forecast_2619,2025-04-20 03:00:00,6570.788480384848,7121.781772562195,5315.462990686546
forecast_2620,2025-04-20 04:00:00,4651.00855291534,5025.645194202674,2949.3979167168163
forecast_2621,2025-04-20 05:00:00,3108.0022292155554,2284.756840905375,1346.0902808511767
forecast_2622,2025-04-20 06:00:00,2041.6332871701547,1500.0880421081754,726.9435211940938
forecast_2623,2025-04-20 07:00:00,800.5899174877688,952.0471291118927,582.7392119987732
forecast_2624,2025-04-20 08:00:00,330.45111185496114,464.8260707455307,549.3407091420393
forecast_2625,2025-04-20 09:00:00,219.8429230031265,247.30917947898573,535.4808529334618
forecast_2626,2025-04-20 10:00:00,219.04674182088854,239.88294289496605,535.4808529334618
forecast_2627,2025-04-20 11:00:00,217.1217971189667,241.31943432505753,535.8279709373071
forecast_2628,2025-04-20 12:00:00,216.37380238601753,242.17313450265672,537.9862494400332
forecast_2629,2025-04-20 13:00:00,219.46421734988309,269.13728874064816,550.6543238822672
forecast_2630,2025-04-20 14:00:00,227.65377752709966,282.9707999243066,556.9687208768528
forecast_2631,2025-04-20 15:00:00,227.76196281782225,286.44723766670535,547.1993714999716
forecast_2632,2025-04-20 16:00:00,227.9424074946034,296.4083770908352,540.884974505386
forecast_2633,2025-04-20 17:00:00,238.19699545947114,291.396370635163,537.251736180866
forecast_2634,2025-04-20 18:00:00,252.11119943614491,296.2608056756666,535.4808529334618
forecast_2635,2025-04-20 19:00:00,281.41277179301244,296.1136703677483,535.4808529334618
forecast_2636,2025-04-20 20:00:00,319.4380408130687,330.5631071888946,549.1318498890809
forecast_2637,2025-04-20 21:00:00,434.08262801649266,417.0675537035755,572.1750997043929
forecast_2638,2025-04-20 22:00:00,421.25764617776474,409.438823571831,651.1604310669798
forecast_2639,2025-04-20 23:00:00,422.45376021597,387.81287369711674,661.490410171346
forecast_2640,2025-04-21 00:00:00,478.1523064404861,349.97486487190235,627.0583456198267
forecast_2641,2025-04-21 01:00:00,628.1087909761941,357.37350508691156,618.6331343680102
forecast_2642,2025-04-21 02:00:00,820.5764168477476,521.7702457299066,599.662114664181
forecast_2643,2025-04-21 03:00:00,909.1064651036531,632.5443842296868,609.8450006126145
forecast_2644,2025-04-21 04:00:00,1234.0059756574187,946.0955715741266,645.905579223282
forecast_2645,2025-04-21 05:00:00,1679.1952054158369,1368.854714787783,798.4785724932973
forecast_2646,2025-04-21 06:00:00,2244.2617064606457,1627.4525060360113,901.6991547076616
forecast_2647,2025-04-21 07:00:00,2332.838724138052,2340.0269915637164,979.4706964984439
forecast_2648,2025-04-21 08:00:00,2091.458522874709,2553.9469496751162,1052.5403165435264
forecast_2649,2025-04-21 09:00:00,2045.8882807042053,2246.949394974692,1077.4962002216369
forecast_2650,2025-04-21 10:00:00,1674.3694812285023,1482.1637353671933,1103.8819780503607
forecast_2651,2025-04-21 11:00:00,1549.6802792365957,1403.9823519078866,1167.4299562962176
forecast_2652,2025-04-21 12:00:00,1549.8524649251226,1413.7522541577707,1329.3528559034012
forecast_2653,2025-04-21 13:00:00,1753.058651255665,1426.2282578226402,1848.8106190346828
forecast_2654,2025-04-21 14:00:00,1933.1796692702956,1472.9550484065442,1890.8757848145972
forecast_2655,2025-04-21 15:00:00,2046.4753684275665,1492.6148643620313,1906.7018791469015
forecast_2656,2025-04-21 16:00:00,2526.7750143491085,1558.691140140998,1444.054156895183
forecast_2657,2025-04-21 17:00:00,2663.3506037167554,1897.8885553526989,1435.893341525732
forecast_2658,2025-04-21 18:00:00,3576.4591726897334,3175.6937918718154,1518.9946695330686
forecast_2659,2025-04-21 19:00:00,4924.453410851854,5262.326533798874,2786.4904526352116
forecast_2660,2025-04-21 20:00:00,6802.641143102519,7407.722051934003,3507.537520344302
forecast_2661,2025-04-21 21:00:00,6759.252552716083,8694.985157175059,3833.082478356244
forecast_2662,2025-04-21 22:00:00,7687.233729977539,9841.344112462002,4919.447888668679
forecast_2663,2025-04-21 23:00:00,8234.303441251614,11346.373871323942,5173.037319999737
forecast_2664,2025-04-22 00:00:00,8557.694802988159,10074.778767730246,5346.548483742167
forecast_2665,2025-04-22 01:00:00,9403.294720949034,10033.490275722545,6092.968258519257
forecast_2666,2025-04-22 02:00:00,9277.253327334458,10664.161222961216,6948.876953770948
forecast_2667,2025-04-22 03:00:00,9045.17648590138,9634.356642216286,6012.791915079484
forecast_2668,2025-04-22 04:00:00,8370.784776137589,9125.350607272776,5188.75985744942
forecast_2669,2025-04-22 05:00:00,6817.83738493758,8999.1187758968,5018.20395551406
forecast_2670,2025-04-22 06:00:00,5801.7804886065915,7659.90469497341,4463.929716852047
forecast_2671,2025-04-22 07:00:00,5303.761145898423,6768.985365838152,4219.5618372742565
forecast_2672,2025-04-22 08:00:00,5928.19396850333,6665.864567193799,4725.521269084851
forecast_2673,2025-04-22 09:00:00,6683.613569251491,8172.019351537241,5380.089446293072
forecast_2674,2025-04-22 10:00:00,7304.874439691848,9373.099323284107,6407.660044836701
forecast_2675,2025-04-22 11:00:00,8116.39101335747,10701.108609501978,8356.524947295758
forecast_2676,2025-04-22 12:00:00,8746.423793221638,11996.816645110212,8211.741153091916
forecast_2677,2025-04-22 13:00:00,8619.36491365818,10488.535888770908,7309.537133607042
forecast_2678,2025-04-22 14:00:00,7978.016391906119,9417.476642618989,5613.060182900475
forecast_2679,2025-04-22 15:00:00,7371.424863149842,8750.430561025363,4948.354009992581
forecast_2680,2025-04-22 16:00:00,5779.3631322277615,7805.171917309548,3390.5136151404663
forecast_2681,2025-04-22 17:00:00,4142.313688014163,5842.33238253828,2966.7512507256815
forecast_2682,2025-04-22 18:00:00,2651.9061722314627,3751.7277129832933,2136.0005912223714
forecast_2683,2025-04-22 19:00:00,2939.8001664542826,3384.8422787755003,1237.1107787689077
forecast_2684,2025-04-22 20:00:00,4062.8490174019335,3225.4693456498326,1662.254966477928
forecast_2685,2025-04-22 21:00:00,3954.4076510800674,3238.140493509165,2088.571133237654
forecast_2686,2025-04-22 22:00:00,3597.8821784265747,3314.0526641317642,2511.815572507777
forecast_2687,2025-04-22 23:00:00,3737.3156619993883,3820.1629147271806,2767.8330451996408
forecast_2688,2025-04-23 00:00:00,4039.6600177861155,4198.39991131806,3235.4144678370967
forecast_2689,2025-04-23 01:00:00,4002.973685313758,4111.973538046227,3565.7862156126616
forecast_2690,2025-04-23 02:00:00,4089.1652390470317,4066.9484814539373,3589.8309553814925
forecast_2691,2025-04-23 03:00:00,4178.721472652017,4843.651224137632,3748.6998707695466
forecast_2692,2025-04-23 04:00:00,4222.331687593522,4849.8533628587065,3867.1369052780265
forecast_2693,2025-04-23 05:00:00,4251.553645350383,5108.142323283506,3626.7383847100564
forecast_2694,2025-04-23 06:00:00,4909.120976063261,5287.236906465363,3484.460115411849
forecast_2695,2025-04-23 07:00:00,4303.332527630858,4577.353181701419,2848.464685821013
forecast_2696,2025-04-23 08:00:00,3244.628115448456,3976.7707892759863,1668.8802004240047
forecast_2697,2025-04-23 09:00:00,2398.5676897419758,2470.1841006280856,1289.8615357455446
forecast_2698,2025-04-23 10:00:00,1255.0765709498312,1410.4393009333862,799.0520765910626
forecast_2699,2025-04-23 11:00:00,717.2214274094058,797.7004271941636,601.5110222186051
forecast_2700,2025-04-23 12:00:00,297.383804497737,500.97618791629856,566.3896910890824
forecast_2701,2025-04-23 13:00:00,217.07584309456703,289.22782630510255,539.1406392676831
forecast_2702,2025-04-23 14:00:00,250.6128597514167,286.99318902249803,537.0428769279076
forecast_2703,2025-04-23 15:00:00,301.1582170298113,414.10261378201346,538.4400941617654
forecast_2704,2025-04-23 16:00:00,566.2689615433276,794.2852378309299,555.0642022542481
forecast_2705,2025-04-23 17:00:00,1134.273734898559,1374.4816607541477,653.6615101732101
forecast_2706,2025-04-23 18:00:00,2009.2658343837293,1997.8187382969788,1148.3168590273706
forecast_2707,2025-04-23 19:00:00,4136.6346485425265,4251.02980032708,2438.6708593305666
forecast_2708,2025-04-23 20:00:00,6967.29994640274,6683.81585707699,4248.399124343676
forecast_2709,2025-04-23 21:00:00,8468.07097000272,9552.75147612095,7133.352950757691
forecast_2710,2025-04-23 22:00:00,11201.892391583235,12747.892048768452,10661.766673095004
forecast_2711,2025-04-23 23:00:00,12703.567748140566,15560.649177854088,12753.215491273506
forecast_2712,2025-04-24 00:00:00,14346.580317705308,16793.64263236725,14690.217758484165
forecast_2713,2025-04-24 01:00:00,14495.408872076743,15980.51660525571,15514.758443659375
forecast_2714,2025-04-24 02:00:00,15089.79369537002,16233.991378501072,16704.54337286305
forecast_2715,2025-04-24 03:00:00,15892.693074162482,16797.786283597336,17379.896656728033
forecast_2716,2025-04-24 04:00:00,17184.759542152333,16401.96782155423,17490.89914550903
forecast_2717,2025-04-24 05:00:00,16348.138622949617,16166.364333015328,17073.741003088184
forecast_2718,2025-04-24 06:00:00,17046.585665660867,16904.016949782454,16402.990189549397
forecast_2719,2025-04-24 07:00:00,16621.529105154077,17270.688769057208,14799.28308114974
forecast_2720,2025-04-24 08:00:00,14557.552025885487,16434.340465589525,13479.90928626644
forecast_2721,2025-04-24 09:00:00,11096.10797162912,13998.49549770342,10617.65524879767
forecast_2722,2025-04-24 10:00:00,9656.147106588953,11350.345277084856,9804.18957700493
forecast_2723,2025-04-24 11:00:00,10003.645039619987,11278.78589896338,10287.325580788416
forecast_2724,2025-04-24 12:00:00,11317.885912688667,12806.476038787567,11649.594444148534
forecast_2725,2025-04-24 13:00:00,12367.776217051378,13276.26872789192,12047.055749342093
forecast_2726,2025-04-24 14:00:00,14004.109375176771,14118.290424357714,13826.675206680897
forecast_2727,2025-04-24 15:00:00,14676.320094901926,15619.33734216039,14821.233765992165
forecast_2728,2025-04-24 16:00:00,15472.748816898418,16451.90650970123,15145.55485775469
forecast_2729,2025-04-24 17:00:00,15380.252217081314,16644.40381520632,15333.752993483198
forecast_2730,2025-04-24 18:00:00,16908.48713658889,17683.41729458019,17076.458432199004
forecast_2731,2025-04-24 19:00:00,17245.07003438338,18288.461819893924,17293.164938860173
forecast_2732,2025-04-24 20:00:00,16824.396563521488,18233.39745970086,17059.662061659674
forecast_2733,2025-04-24 21:00:00,16804.376611594387,17667.348073600704,16515.79845675434
forecast_2734,2025-04-24 22:00:00,16446.611680451104,16495.717783435335,15824.191253499645
forecast_2735,2025-04-24 23:00:00,16131.057025027996,16039.029008973135,15774.886686721906
forecast_2736,2025-04-25 00:00:00,15746.27477499548,16066.004869746886,14653.109426807308
forecast_2737,2025-04-25 01:00:00,14536.857855913226,15885.993222509316,12581.572460135612
forecast_2738,2025-04-25 02:00:00,14595.515573647874,14745.637676663315,10660.160994410779
forecast_2739,2025-04-25 03:00:00,14445.927144316589,14542.761412598691,10235.267996241106
forecast_2740,2025-04-25 04:00:00,14640.351013678404,14393.604504804673,10266.031430027024
forecast_2741,2025-04-25 05:00:00,14662.275947714876,14691.22413586339,10709.11039916097
forecast_2742,2025-04-25 06:00:00,14608.085526202549,14920.225284953198,10859.81110679124
forecast_2743,2025-04-25 07:00:00,14075.521625693753,14110.834712773181,10168.79211376368
forecast_2744,2025-04-25 08:00:00,13828.65222490301,13521.381808833808,9038.441270666319
forecast_2745,2025-04-25 09:00:00,13751.737225431294,13401.222897081589,9127.720420202184
forecast_2746,2025-04-25 10:00:00,13365.704537740061,12911.530941952838,8789.927402848789
forecast_2747,2025-04-25 11:00:00,13288.575601675944,13075.117752871965,8484.533858152945
forecast_2748,2025-04-25 12:00:00,13147.259612637852,12402.106017227095,8440.52672632346
forecast_2749,2025-04-25 13:00:00,13297.422626464686,11773.335956543087,8611.98888389255
forecast_2750,2025-04-25 14:00:00,13197.565286898249,11569.087119901695,8732.91264678272
forecast_2751,2025-04-25 15:00:00,12936.130007959515,11275.215939147301,8795.038915645113
forecast_2752,2025-04-25 16:00:00,12922.955959354667,11014.104059552044,8499.355664293169
forecast_2753,2025-04-25 17:00:00,12840.19087465042,10792.934777004291,7982.73878387407
forecast_2754,2025-04-25 18:00:00,12557.371928020519,9792.380136799125,8378.747320985647
forecast_2755,2025-04-25 19:00:00,12984.660529303717,10931.329167195776,9390.752326237367
forecast_2756,2025-04-25 20:00:00,12878.76760797641,12332.466860815788,9883.055148007134
forecast_2757,2025-04-25 21:00:00,13115.683346244121,12314.495476406228,11164.602127888616
forecast_2758,2025-04-25 22:00:00,13403.157035874985,12608.22503730283,10972.580561783512
forecast_2759,2025-04-25 23:00:00,13126.676468970143,12148.642035460609,9908.618534929798
forecast_2760,2025-04-26 00:00:00,12010.97762199702,12220.235729442446,10313.189317563592
forecast_2761,2025-04-26 01:00:00,12209.62164431152,13720.036121841444,10212.406777413107
forecast_2762,2025-04-26 02:00:00,12570.121958164416,15137.460695176673,10881.32716965919
forecast_2763,2025-04-26 03:00:00,13038.446727825152,15469.232414248665,11676.396089019996
forecast_2764,2025-04-26 04:00:00,13413.082993611848,15194.254234832977,12121.937607069234
forecast_2765,2025-04-26 05:00:00,14113.800679985603,15762.288499369995,11973.361561172884
forecast_2766,2025-04-26 06:00:00,14711.252296086474,16137.46634456659,13800.189136863011
forecast_2767,2025-04-26 07:00:00,15313.866005775333,15738.107544491055,14297.892823436887
forecast_2768,2025-04-26 08:00:00,15798.211025742025,15168.833485144343,16147.296250595107
forecast_2769,2025-04-26 09:00:00,13858.272558843295,14319.855378339444,15354.453603219172
forecast_2770,2025-04-26 10:00:00,13140.367220619315,13770.98664933952,14456.864105335002
forecast_2771,2025-04-26 11:00:00,13159.072066931365,13957.91459729508,13205.186317677359
forecast_2772,2025-04-26 12:00:00,14449.736706889806,14416.65387817168,15077.69481161228
forecast_2773,2025-04-26 13:00:00,14870.173048076498,14739.682563343855,15151.619677897756
forecast_2774,2025-04-26 14:00:00,14997.99563122764,14843.192835850088,14808.675784889003
forecast_2775,2025-04-26 15:00:00,15492.081046260722,16156.867203969785,15230.263320462862
forecast_2776,2025-04-26 16:00:00,15604.805598992178,16596.219144741593,15220.639890738155
forecast_2777,2025-04-26 17:00:00,16345.890302574306,17700.25598046787,15941.285522702245
forecast_2778,2025-04-26 18:00:00,16830.805765207737,18488.951915278605,16423.381142877293
forecast_2779,2025-04-26 19:00:00,17146.036278120453,19152.6999538612,17615.527204492202
forecast_2780,2025-04-26 20:00:00,17476.950756505208,19660.209032369894,18029.559831966853
forecast_2781,2025-04-26 21:00:00,17296.963325264995,19439.08648837515,18259.878268700373
forecast_2782,2025-04-26 22:00:00,18149.225576113215,19817.980458540696,18251.263595407276
forecast_2783,2025-04-26 23:00:00,18715.67582105657,20077.464258609154,18375.532194861906
forecast_2784,2025-04-27 00:00:00,18913.924528240117,20225.61354357942,18788.16980848945
forecast_2785,2025-04-27 01:00:00,19236.743286587876,20166.721240974002,18463.258865001655
forecast_2786,2025-04-27 02:00:00,19192.93543968275,20153.122148420603,18574.30025382292
forecast_2787,2025-04-27 03:00:00,19073.73845793054,20095.120767132998,18763.831830246992
forecast_2788,2025-04-27 04:00:00,18565.46704671334,20103.062581016515,19193.49155459399
forecast_2789,2025-04-27 05:00:00,18150.840975269,19746.454757196574,18865.06307669249
forecast_2790,2025-04-27 06:00:00,18132.415756312774,19762.437863011917,18990.790974704174
forecast_2791,2025-04-27 07:00:00,17749.446233636114,19332.67828439874,18139.070385353705
forecast_2792,2025-04-27 08:00:00,17473.51832699289,18976.015118591276,17329.8497159043
forecast_2793,2025-04-27 09:00:00,16410.736529143287,18679.999086742726,17063.12713868518
forecast_2794,2025-04-27 10:00:00,14913.241920759468,17330.71084838644,15413.928733807257
forecast_2795,2025-04-27 11:00:00,14986.754919300121,17312.914063722044,14873.592782541491
forecast_2796,2025-04-27 12:00:00,15595.63263270077,18257.65343226923,15659.19959364615
forecast_2797,2025-04-27 13:00:00,16452.29676947491,18613.344957393914,15629.097536431625
forecast_2798,2025-04-27 14:00:00,15969.774364164354,18416.01103520367,15664.425938942939
forecast_2799,2025-04-27 15:00:00,15409.082514589962,17521.462175890505,15429.689508255859
forecast_2800,2025-04-27 16:00:00,15191.10841018213,16689.17599563214,14849.021192811542
forecast_2801,2025-04-27 17:00:00,15084.679690454806,16817.24595262381,14274.082047184924
forecast_2802,2025-04-27 18:00:00,15229.615988171921,16639.51197275617,14731.72026304944
forecast_2803,2025-04-27 19:00:00,15676.406797900043,17134.72534762219,15649.757215118152
forecast_2804,2025-04-27 20:00:00,16127.381960618637,17990.62566637642,15653.053686523406
forecast_2805,2025-04-27 21:00:00,15888.846820340594,18243.50428922795,16036.199119283487
forecast_2806,2025-04-27 22:00:00,16942.321730449086,18393.06610484311,15767.906121750542
forecast_2807,2025-04-27 23:00:00,15858.453648688672,17619.114254559485,16174.422322142827
forecast_2808,2025-04-28 00:00:00,15773.817264509444,17739.101534787245,15522.75163461032
forecast_2809,2025-04-28 01:00:00,16135.580364851872,17729.160387165884,14990.857917054642
forecast_2810,2025-04-28 02:00:00,15639.407741733048,17121.800304045897,15084.223236744707
forecast_2811,2025-04-28 03:00:00,14485.69459764372,15504.012842990976,13505.915671808609
forecast_2812,2025-04-28 04:00:00,14032.787759069553,15007.12813147761,12363.46762550504
forecast_2813,2025-04-28 05:00:00,12835.597595097779,12998.890383847705,9391.960400807156
forecast_2814,2025-04-28 06:00:00,11275.475207445563,11601.257345440177,8530.16450438518
forecast_2815,2025-04-28 07:00:00,10394.55146012236,11188.124153254725,7670.437828572498
forecast_2816,2025-04-28 08:00:00,8782.580841632502,9141.008509065723,5509.360506163543
forecast_2817,2025-04-28 09:00:00,7821.2553848443495,7792.53374600158,4588.243255798653
forecast_2818,2025-04-28 10:00:00,8385.556371225754,7767.107563902548,5068.452873291607
forecast_2819,2025-04-28 11:00:00,10145.514927257493,8946.40904957736,7242.491971342952
forecast_2820,2025-04-28 12:00:00,11871.529751294614,10975.620772333603,9901.784186870596
forecast_2821,2025-04-28 13:00:00,12600.044845198978,11483.287791338298,8901.958174047588
forecast_2822,2025-04-28 14:00:00,12850.625204487165,11177.734426217265,8250.559240782532
forecast_2823,2025-04-28 15:00:00,11804.215027342465,9678.312542791513,6690.016711187214
forecast_2824,2025-04-28 16:00:00,10573.281770054415,7909.355352541219,5023.198602676087
forecast_2825,2025-04-28 17:00:00,8007.0751681181155,6012.33705636402,3589.3005982722116
forecast_2826,2025-04-28 18:00:00,5605.9503010785875,4256.313412616342,2599.77969691662
forecast_2827,2025-04-28 19:00:00,4916.922362153226,4658.311015511486,2544.799220383268
forecast_2828,2025-04-28 20:00:00,6008.445252891324,5158.258286293026,2529.412810814053
forecast_2829,2025-04-28 21:00:00,6543.596242934424,5598.414578746308,2498.2647042121853
forecast_2830,2025-04-28 22:00:00,7091.228115588288,6402.754980683761,2477.7001009478154
forecast_2831,2025-04-28 23:00:00,6862.362376044811,6910.18225244944,2558.375711129522
forecast_2832,2025-04-29 00:00:00,5442.271135813095,5973.217846831056,2392.6349555581232
forecast_2833,2025-04-29 01:00:00,4231.242314935698,3901.832729676271,1338.1916785426768
forecast_2834,2025-04-29 02:00:00,3658.517294832379,3659.0593018220643,1196.6917182849925
forecast_2835,2025-04-29 03:00:00,3160.331446210752,3667.0579191589004,1132.9146904512356
forecast_2836,2025-04-29 04:00:00,3261.5828057066574,3866.392586351419,1225.2198923259057
forecast_2837,2025-04-29 05:00:00,4690.3010512335195,4452.478115367607,2051.545358403925
forecast_2838,2025-04-29 06:00:00,6608.633769111952,6859.772168380874,3015.96563846042
forecast_2839,2025-04-29 07:00:00,7648.151885407362,7675.518845481162,4693.006547155703
forecast_2840,2025-04-29 08:00:00,7633.094453569406,8201.973495551416,4803.905044340778
forecast_2841,2025-04-29 09:00:00,7470.911525035308,7798.993447022858,5265.784031590452
forecast_2842,2025-04-29 10:00:00,7338.527850550485,7385.413046482601,5436.5566738005555
forecast_2843,2025-04-29 11:00:00,8006.093251319888,7427.5392054395015,5728.625427001061
forecast_2844,2025-04-29 12:00:00,8154.183244888027,7420.37098242229,6610.276400852446
forecast_2845,2025-04-29 13:00:00,8495.335112125202,7367.542959763232,6994.007718292971
forecast_2846,2025-04-29 14:00:00,8627.25590890205,7585.5351829507845,6689.104716924514
forecast_2847,2025-04-29 15:00:00,9389.159211638198,7518.608734747545,6886.756569854637
forecast_2848,2025-04-29 16:00:00,9823.048219385139,7806.975627942022,7359.918758215171
forecast_2849,2025-04-29 17:00:00,9566.674094990693,7991.405692226488,7739.529443297295
forecast_2850,2025-04-29 18:00:00,10263.03760836905,8751.333348683449,8825.508529388295
forecast_2851,2025-04-29 19:00:00,11812.514476011518,11809.713118519843,10672.60877177724
forecast_2852,2025-04-29 20:00:00,13776.552519777368,14101.01522623223,14793.015859082741
forecast_2853,2025-04-29 21:00:00,15076.520015275524,15518.876952451645,16398.851235830585
forecast_2854,2025-04-29 22:00:00,17410.202593755213,17836.72818278695,17704.103114186502
forecast_2855,2025-04-29 23:00:00,18383.72931931704,19059.42115678703,18074.133597234606
forecast_2856,2025-04-30 00:00:00,18300.011425472137,18734.49802576646,18124.242169168218
forecast_2857,2025-04-30 01:00:00,19668.18633748063,19445.345477506347,17702.84627247768
forecast_2858,2025-04-30 02:00:00,19618.98698495928,19413.929405413382,18090.259850742757
forecast_2859,2025-04-30 03:00:00,19521.925873763448,19171.11136071242,18107.592397919987
forecast_2860,2025-04-30 04:00:00,19174.055953240666,19036.494253803477,18089.204520014144
forecast_2861,2025-04-30 05:00:00,18899.235978683235,19156.505119120924,18054.126697508113
forecast_2862,2025-04-30 06:00:00,18708.60742537788,19283.599083994828,18259.834172020317
forecast_2863,2025-04-30 07:00:00,17707.84240441308,19069.75435272514,18040.426208034547
forecast_2864,2025-04-30 08:00:00,17219.162164001653,19063.68437173775,17108.56634822228
forecast_2865,2025-04-30 09:00:00,15297.658936436856,18141.399990907663,16330.82110053635
forecast_2866,2025-04-30 10:00:00,14157.161835686002,15987.08682530191,14229.03477906464
forecast_2867,2025-04-30 11:00:00,13235.098501831731,15255.217060758081,14101.697738715342
forecast_2868,2025-04-30 12:00:00,13032.279476870533,14846.275532885922,13834.874353880594
forecast_2869,2025-04-30 13:00:00,11553.20338099002,13426.331422729667,13316.953677682397
forecast_2870,2025-04-30 14:00:00,10220.596296780888,12484.184180082666,12327.695259771433
forecast_2871,2025-04-30 15:00:00,8723.2118289692,11642.877292502428,11139.015354200536
forecast_2872,2025-04-30 16:00:00,8456.23093024959,11099.68244912569,9452.661983842316
forecast_2873,2025-04-30 17:00:00,7677.542312007068,9859.194420205757,7650.979778640551
forecast_2874,2025-04-30 18:00:00,7224.819698125453,8493.162811091192,5800.245932692718
forecast_2875,2025-04-30 19:00:00,8306.48937561993,8654.826470708114,5930.7374997394545
forecast_2876,2025-04-30 20:00:00,7983.534990322549,8741.418085585157,6243.126279392993
forecast_2877,2025-04-30 21:00:00,8927.441640108347,10304.775731557387,7496.954362864757
forecast_2878,2025-04-30 22:00:00,11079.2491913908,12442.553915979457,9021.793496464743
forecast_2879,2025-04-30 23:00:00,12183.148673197313,14456.261217878586,11514.800542796647
forecast_2880,2025-05-01 00:00:00,13631.714664535722,15735.976673926165,12605.364650099413
forecast_2881,2025-05-01 01:00:00,14137.719032024666,16041.102433805434,12762.61214232718
forecast_2882,2025-05-01 02:00:00,14209.609077964684,16364.389607011353,14086.64407871532
forecast_2883,2025-05-01 03:00:00,14948.147765758296,16680.993040758025,14967.919960945026
forecast_2884,2025-05-01 04:00:00,15624.963464453293,17805.180258068973,15982.166770875141
forecast_2885,2025-05-01 05:00:00,17002.24104894291,18385.490528299488,16851.65288622373
forecast_2886,2025-05-01 06:00:00,17438.214635340497,18501.95541383423,17504.342838199886
forecast_2887,2025-05-01 07:00:00,17319.60582348609,18342.631394227894,16455.39618864091
forecast_2888,2025-05-01 08:00:00,16053.151050666129,18593.9603684426,16481.901180605284
forecast_2889,2025-05-01 09:00:00,15337.024268656716,18410.040038640036,15956.351094149528
forecast_2890,2025-05-01 10:00:00,15425.387862673033,18272.533709783074,16678.050766458637
forecast_2891,2025-05-01 11:00:00,15069.145667064766,18448.87338446708,17775.31714408522
forecast_2892,2025-05-01 12:00:00,14899.40185255362,18407.67583570837,17615.171386514387
forecast_2893,2025-05-01 13:00:00,16251.485960655631,18228.875333959055,17791.552340520975
forecast_2894,2025-05-01 14:00:00,16124.036547647494,18551.449823975578,17224.068697476774
forecast_2895,2025-05-01 15:00:00,15619.496598971404,17481.671813760557,16965.996922590355
forecast_2896,2025-05-01 16:00:00,15476.100561513715,17234.56168961218,16857.625678453212
forecast_2897,2025-05-01 17:00:00,14504.877059549615,17343.03595185486,15491.898357375503
forecast_2898,2025-05-01 18:00:00,13684.316502116377,16250.91179202338,13025.409170246936
forecast_2899,2025-05-01 19:00:00,13747.35355257024,15982.528607815027,13223.943622152212
forecast_2900,2025-05-01 20:00:00,13266.733368936799,16351.72215450591,12951.222779284451
forecast_2901,2025-05-01 21:00:00,12788.958328706667,16700.818808109605,13044.164472842578
forecast_2902,2025-05-01 22:00:00,14275.213026970614,16409.96466094091,13822.411023569006
forecast_2903,2025-05-01 23:00:00,15762.195131988203,17388.6819673975,14877.348083119723
forecast_2904,2025-05-02 00:00:00,17144.51280334478,18020.44508082599,16356.468806454717
forecast_2905,2025-05-02 01:00:00,16737.34723795045,18189.46542889211,17639.5495378126
forecast_2906,2025-05-02 02:00:00,16115.266676404355,17981.489579240344,17011.09208875334
forecast_2907,2025-05-02 03:00:00,16036.051721087613,17283.952223519056,16810.403521979817
forecast_2908,2025-05-02 04:00:00,16552.45377464725,17379.38074676593,16272.644753408878
forecast_2909,2025-05-02 05:00:00,16244.542317294254,16306.832909277255,15442.10441418023
forecast_2910,2025-05-02 06:00:00,16377.950324912734,15823.931755439506,16597.74568133701
forecast_2911,2025-05-02 07:00:00,15498.887006399127,15884.306655259938,16175.57415868836
forecast_2912,2025-05-02 08:00:00,15056.43616395846,15695.82693606845,13538.712633290728
forecast_2913,2025-05-02 09:00:00,14243.387105013622,15126.418465628229,11770.747647223805
forecast_2914,2025-05-02 10:00:00,13413.891967991984,13534.128911511032,11005.3556394274
forecast_2915,2025-05-02 11:00:00,12843.691613238805,11493.369148606767,9182.334968836702
forecast_2916,2025-05-02 12:00:00,12480.174101686041,10235.464604843319,8091.923172913148
forecast_2917,2025-05-02 13:00:00,11048.002554656574,8706.482163949313,7352.901462640584
forecast_2918,2025-05-02 14:00:00,10435.68616865704,8423.212803095677,6720.947121274326
forecast_2919,2025-05-02 15:00:00,9670.907877914406,8337.307868167241,6070.709756391307
forecast_2920,2025-05-02 16:00:00,8446.038415839392,7766.702847180779,5900.964032167702
forecast_2921,2025-05-02 17:00:00,8314.182713672762,7890.359954852833,5543.571424043513
forecast_2922,2025-05-02 18:00:00,9221.013161149594,8898.746568099881,6570.911383383644
forecast_2923,2025-05-02 19:00:00,9863.444267659717,10942.188680149036,8129.869802762376
forecast_2924,2025-05-02 20:00:00,10597.081002589914,11585.506390367269,9249.624029929328
forecast_2925,2025-05-02 21:00:00,11089.270083675226,12025.035423175066,9266.543916116974
forecast_2926,2025-05-02 22:00:00,11736.615209595511,12248.293705271706,9246.972579571831
forecast_2927,2025-05-02 23:00:00,12234.034572509596,13333.016207546827,8485.870520561748
forecast_2928,2025-05-03 00:00:00,12400.34591445145,13761.424211117335,9335.438148361773
forecast_2929,2025-05-03 01:00:00,13480.876886211947,14010.386420054947,11838.127125921963
forecast_2930,2025-05-03 02:00:00,13126.66291328734,13630.111447806916,11541.181218818412
forecast_2931,2025-05-03 03:00:00,12203.99439255544,13003.810033987153,10652.142907644067
forecast_2932,2025-05-03 04:00:00,9935.466379082149,11065.198383993966,8489.540721346006
forecast_2933,2025-05-03 05:00:00,9982.584859662105,10550.04039591329,7186.290496627614
forecast_2934,2025-05-03 06:00:00,8354.057037517327,9788.077011415153,5494.013934416922
forecast_2935,2025-05-03 07:00:00,8138.51536548743,10853.248608507136,5422.368959197751
forecast_2936,2025-05-03 08:00:00,8885.03052935895,12937.982269670301,7264.639397994991
forecast_2937,2025-05-03 09:00:00,8421.942582990981,12093.571914401335,7889.731399489578
forecast_2938,2025-05-03 10:00:00,8751.268841520123,11957.767669876375,8833.928384244793
forecast_2939,2025-05-03 11:00:00,10205.506568066405,12830.907586195717,9137.363120560256
forecast_2940,2025-05-03 12:00:00,10948.403806490867,13076.872800961439,9673.197451144599
forecast_2941,2025-05-03 13:00:00,11113.980278729086,13857.970308713431,12155.532813308811
forecast_2942,2025-05-03 14:00:00,11409.948870962799,13542.9843591323,12391.911474109487
forecast_2943,2025-05-03 15:00:00,12275.534210606758,13083.775062817862,11616.481358108096
forecast_2944,2025-05-03 16:00:00,12901.613993758543,12594.637480937534,11609.073847460264
forecast_2945,2025-05-03 17:00:00,13135.94430570847,12979.387643505444,11873.144262296846
forecast_2946,2025-05-03 18:00:00,12725.742042107599,13650.955407025212,12544.561254169017
forecast_2947,2025-05-03 19:00:00,13492.518728069663,14472.793994852052,13305.819607042065
forecast_2948,2025-05-03 20:00:00,14901.37291435196,15011.31621176966,14208.695594900586
forecast_2949,2025-05-03 21:00:00,15580.610958419193,15852.740325216053,13545.934069086627
forecast_2950,2025-05-03 22:00:00,15460.337976422996,16099.76302330611,13427.829693936965
forecast_2951,2025-05-03 23:00:00,15604.335613902156,16079.353998645382,14571.526606293872
forecast_2952,2025-05-04 00:00:00,15669.348975027822,16123.791634154975,14635.390093611888
forecast_2953,2025-05-04 01:00:00,15343.824373402911,16314.323003301193,14325.167496407632
forecast_2954,2025-05-04 02:00:00,15115.289867944237,15661.104629855348,14689.177626418506
forecast_2955,2025-05-04 03:00:00,15154.320708915237,15270.248922584087,14655.662942827339
forecast_2956,2025-05-04 04:00:00,15871.136702045076,15496.072378752046,14158.233186789275
forecast_2957,2025-05-04 05:00:00,15780.742503594473,15694.72927405925,13511.789548542878
forecast_2958,2025-05-04 06:00:00,15555.252090063064,16024.474699785675,13944.795412420519
forecast_2959,2025-05-04 07:00:00,15570.669298231624,15431.40019036486,13801.092021180935
forecast_2960,2025-05-04 08:00:00,14737.675752534538,15209.253105079904,12781.302922085335
forecast_2961,2025-05-04 09:00:00,14426.476964211826,14235.672806498962,12291.540985372068
forecast_2962,2025-05-04 10:00:00,14188.75635422783,14091.785271038132,11324.24352608474
forecast_2963,2025-05-04 11:00:00,14553.697279884047,14166.40979922294,11949.446778865464
forecast_2964,2025-05-04 12:00:00,14487.31588477422,14986.600437970284,13385.251390302286
forecast_2965,2025-05-04 13:00:00,15039.189218045547,16176.071113522154,15548.54641052015
forecast_2966,2025-05-04 14:00:00,15773.531171206254,16779.45283516655,16126.029446793207
forecast_2967,2025-05-04 15:00:00,16435.395652702366,16919.395059390306,16282.091509272697
forecast_2968,2025-05-04 16:00:00,16509.35859738482,16966.718508801987,16214.792848485653
forecast_2969,2025-05-04 17:00:00,15952.070746057267,16147.911520967256,15192.85355036136
forecast_2970,2025-05-04 18:00:00,14877.739423299892,15157.604458882288,13383.79992606618
forecast_2971,2025-05-04 19:00:00,14583.973500949302,14032.782803680695,11627.429267117795
forecast_2972,2025-05-04 20:00:00,13931.514201164036,12802.976482283293,10143.478590923782
forecast_2973,2025-05-04 21:00:00,12379.36729108023,10499.891868648461,7029.74741526178
forecast_2974,2025-05-04 22:00:00,10559.254657240897,9473.093377863697,5160.453571981732
forecast_2975,2025-05-04 23:00:00,9347.96435187399,8468.873307975608,4215.451018973444
forecast_2976,2025-05-05 00:00:00,7378.281167989293,7761.727306432404,4360.863941870798
forecast_2977,2025-05-05 01:00:00,7762.08618035094,6259.9249090868925,4387.249669902136
forecast_2978,2025-05-05 02:00:00,5104.34990087569,4273.811404836835,3432.4511707764154
forecast_2979,2025-05-05 03:00:00,4785.064156345656,3552.237445142854,2755.6330584968127
forecast_2980,2025-05-05 04:00:00,4377.256676341549,3558.091662750415,2090.2784074917336
forecast_2981,2025-05-05 05:00:00,3265.1142130816415,2367.7949262150933,1255.8664938386205
forecast_2982,2025-05-05 06:00:00,2018.3011957181538,1408.0925958048101,803.5061919314385
forecast_2983,2025-05-05 07:00:00,1237.5782664315816,924.2179675392683,615.2548132540583
forecast_2984,2025-05-05 08:00:00,361.4655362498934,504.74514401540875,572.2897921461877
forecast_2985,2025-05-05 09:00:00,269.4979854637672,308.94684087493977,574.757770346054
forecast_2986,2025-05-05 10:00:00,216.11245814300497,263.66776758399686,585.2552652728958
forecast_2987,2025-05-05 11:00:00,211.81438369305167,256.6275569948241,584.5403713211559
forecast_2988,2025-05-05 12:00:00,216.5843074717709,248.14762097778046,592.7911024034836
forecast_2989,2025-05-05 13:00:00,217.88332737160187,287.2377835940138,590.7044860932552
forecast_2990,2025-05-05 14:00:00,244.8841875388137,360.61714705407985,598.556101932204
forecast_2991,2025-05-05 15:00:00,290.25759972573996,392.93534655938544,570.1971311711151
forecast_2992,2025-05-05 16:00:00,417.5088130324405,544.7544583216031,593.9624627655393
forecast_2993,2025-05-05 17:00:00,936.1810951665668,1149.3783296723318,689.449925136789
forecast_2994,2025-05-05 18:00:00,1358.8425155747127,1946.334149146151,807.7012355813094
forecast_2995,2025-05-05 19:00:00,2405.764570260985,2528.0076097342576,1164.0754449534336
forecast_2996,2025-05-05 20:00:00,3421.8644584673557,4088.4227859264047,1731.2253524970547
forecast_2997,2025-05-05 21:00:00,4031.810693650509,4522.965702099059,1557.2723361002768
forecast_2998,2025-05-05 22:00:00,4104.84961715245,4945.254957027166,2007.1933960159186
forecast_2999,2025-05-05 23:00:00,3813.8068650748082,4734.2199430806195,1447.5584954762185
forecast_3000,2025-05-06 00:00:00,3252.622521554466,3521.0207139672184,1344.3745826473746
forecast_3001,2025-05-06 01:00:00,2498.1615339744267,2525.328572811017,877.0196481523949
forecast_3002,2025-05-06 02:00:00,1376.6297376211985,1114.433425265126,727.9704424212578
forecast_3003,2025-05-06 03:00:00,1322.2247764745116,984.8369954968429,717.1381666438181
forecast_3004,2025-05-06 04:00:00,1060.1265942070986,663.5690131711294,693.3487496003448
forecast_3005,2025-05-06 05:00:00,1266.1448966001149,918.1118563158691,737.1255216346701
forecast_3006,2025-05-06 06:00:00,1539.0488234207426,1272.5267745243682,870.5470531869287
forecast_3007,2025-05-06 07:00:00,1635.9876113059977,1488.4128374300853,881.9950327070145
forecast_3008,2025-05-06 08:00:00,1235.5295455520893,1543.6758983985155,957.0370998222361
forecast_3009,2025-05-06 09:00:00,931.6589141171642,1370.9242695960838,943.2885974372224
forecast_3010,2025-05-06 10:00:00,777.8471259283389,1119.08864896733,864.7139840041683
forecast_3011,2025-05-06 11:00:00,663.9292993443647,992.0272837669334,740.5199159273266
forecast_3012,2025-05-06 12:00:00,593.696043420151,806.6776619691934,707.1320305729624
forecast_3013,2025-05-06 13:00:00,652.1786975818746,766.2295892350763,707.5722979802224
forecast_3014,2025-05-06 14:00:00,598.1114346025726,651.9814195883827,667.4354655661887
forecast_3015,2025-05-06 15:00:00,506.29059109509257,475.96201409385117,639.2535836063828
forecast_3016,2025-05-06 16:00:00,268.7410691849865,345.03166554326697,596.7173548237747
forecast_3017,2025-05-06 17:00:00,251.3611699767161,292.018567084288,537.251736180866
forecast_3018,2025-05-06 18:00:00,264.69022245931234,338.63493971362885,549.1318498890809
forecast_3019,2025-05-06 19:00:00,279.0710442717356,487.11465168035994,550.8216218089269
forecast_3020,2025-05-06 20:00:00,404.17237119213655,635.5325465552903,596.5701071922258
forecast_3021,2025-05-06 21:00:00,999.1231439434739,871.2096480025316,757.2746067023926
forecast_3022,2025-05-06 22:00:00,1665.4853561658924,1292.5353819068894,961.3822963902685
forecast_3023,2025-05-06 23:00:00,1894.6815073111284,2127.1182683087773,1090.7425381644039
forecast_3024,2025-05-07 00:00:00,2198.69156378747,3054.838573152814,1734.98606128121
forecast_3025,2025-05-07 01:00:00,3136.1923378874603,3197.446314799351,1422.1869066557501
forecast_3026,2025-05-07 02:00:00,3263.7900735772528,3547.9435838171703,1371.0338075546747
forecast_3027,2025-05-07 03:00:00,3591.9649217258175,3065.045485540655,1390.7554623680048
forecast_3028,2025-05-07 04:00:00,4079.088149854314,3253.1734011236995,1509.7746096048243
forecast_3029,2025-05-07 05:00:00,4614.020273395917,4022.255308740893,2204.8096627978384
forecast_3030,2025-05-07 06:00:00,5357.711976723919,4505.577009428674,3357.438015493628
forecast_3031,2025-05-07 07:00:00,4764.44904510375,4376.720792310541,3238.6682125168877
forecast_3032,2025-05-07 08:00:00,3681.254279946038,3346.7391336210026,1771.0697595176123
forecast_3033,2025-05-07 09:00:00,2565.078982314112,2519.197663835399,1773.0603686996787
forecast_3034,2025-05-07 10:00:00,2016.916833633121,1991.087752033775,1685.0968091982763
forecast_3035,2025-05-07 11:00:00,1816.7931296165982,1536.5184433350782,1183.4332039160736
forecast_3036,2025-05-07 12:00:00,1891.7947341290367,2060.6227833245603,1156.4521968733736
forecast_3037,2025-05-07 13:00:00,2086.437010620275,2542.034491963055,1025.499780451271
forecast_3038,2025-05-07 14:00:00,1981.8140913559864,1986.9390110124555,947.0515251802888
forecast_3039,2025-05-07 15:00:00,1597.6352950087885,1515.0089461457753,790.928653801078
forecast_3040,2025-05-07 16:00:00,1159.0089472310951,927.7105130749497,637.7638863215234
forecast_3041,2025-05-07 17:00:00,909.904669745725,738.5828015028593,616.2462998071941
forecast_3042,2025-05-07 18:00:00,1282.5002667377935,1158.7699368914316,634.9995997282322
forecast_3043,2025-05-07 19:00:00,2279.8886141675275,2551.53254780192,1057.732374038179
forecast_3044,2025-05-07 20:00:00,3905.2542579164747,4719.55827685997,2338.4387057691333
forecast_3045,2025-05-07 21:00:00,6517.946132289731,6487.777377583821,4071.007987503888
forecast_3046,2025-05-07 22:00:00,7538.455181735662,8197.357051662715,5602.236750870798
forecast_3047,2025-05-07 23:00:00,8334.38021052186,9354.730030655595,6903.273235967092
forecast_3048,2025-05-08 00:00:00,9841.141581810305,10359.469929682986,6968.098247677994
forecast_3049,2025-05-08 01:00:00,9290.545539937708,9876.871812838188,6448.245108690091
forecast_3050,2025-05-08 02:00:00,9650.613492111905,10808.670094425495,7652.6944600107845
forecast_3051,2025-05-08 03:00:00,11459.55387058033,13085.50748431425,8990.302277575869
forecast_3052,2025-05-08 04:00:00,11870.381932094064,12993.342505497028,9399.850100449195
forecast_3053,2025-05-08 05:00:00,11869.52248755178,11543.349920171866,9101.152173587172
forecast_3054,2025-05-08 06:00:00,9718.460631942224,9784.44500011993,7493.029114414692
forecast_3055,2025-05-08 07:00:00,7908.370848945364,7254.81731451479,4454.024471514695
forecast_3056,2025-05-08 08:00:00,4275.658770490596,4170.172293520694,1910.1157958748765
forecast_3057,2025-05-08 09:00:00,1728.5113077705034,1270.61430387395,1051.2184684264437
forecast_3058,2025-05-08 10:00:00,932.4109138873922,591.3988191135304,648.9660137487141
forecast_3059,2025-05-08 11:00:00,547.2313349399612,491.273372658466,608.9555667052723
forecast_3060,2025-05-08 12:00:00,655.5859215520962,552.6617772368021,793.6487685417721
forecast_3061,2025-05-08 13:00:00,906.0129276296036,909.7313671729632,1128.591610919337
forecast_3062,2025-05-08 14:00:00,1622.2006478812418,1587.453380170135,2171.7594236594514
forecast_3063,2025-05-08 15:00:00,2042.9574679278294,1678.278984715531,2168.8171062872852
forecast_3064,2025-05-08 16:00:00,2905.131529400409,2833.444366012648,2437.737641338992
forecast_3065,2025-05-08 17:00:00,3264.8884801833246,3484.7010151613094,2603.355710671145
forecast_3066,2025-05-08 18:00:00,3565.945965498004,3450.992133925344,2658.952015473217
forecast_3067,2025-05-08 19:00:00,4238.04408770791,4347.213239947774,2735.1965124245758
forecast_3068,2025-05-08 20:00:00,4098.553341823262,4331.037883272634,2479.8674422891645
forecast_3069,2025-05-08 21:00:00,4258.9551035687045,4470.8240523180575,2399.3213802225996
forecast_3070,2025-05-08 22:00:00,4581.6187171113215,5109.237365239946,3167.997514816644
forecast_3071,2025-05-08 23:00:00,4687.690587084716,5761.968013806016,3318.675116749033
forecast_3072,2025-05-09 00:00:00,5675.481924334268,5759.251776907989,3120.191990986416
forecast_3073,2025-05-09 01:00:00,6956.219533754516,7217.1931401697275,3543.371902336733
forecast_3074,2025-05-09 02:00:00,7287.641599122275,8236.55546870472,4014.5459240060663
forecast_3075,2025-05-09 03:00:00,7162.53608615561,7655.929447463506,3474.266843875833
forecast_3076,2025-05-09 04:00:00,6381.523926608547,7303.683695616906,2552.664844890366
forecast_3077,2025-05-09 05:00:00,4625.653713047278,5892.880863930182,2309.137846199934
forecast_3078,2025-05-09 06:00:00,4064.6059989698083,4131.408335031047,1509.9215032385637
forecast_3079,2025-05-09 07:00:00,3165.545535714152,3854.5204372036105,1435.5186264181837
forecast_3080,2025-05-09 08:00:00,3023.515965381509,3454.058503768332,1180.8871494564798
forecast_3081,2025-05-09 09:00:00,4115.864171274882,3807.2672230276044,1555.664694017198
forecast_3082,2025-05-09 10:00:00,6060.942409114727,6121.91044591426,3379.4677872405746
forecast_3083,2025-05-09 11:00:00,8073.93116105344,7382.875192135832,5334.33137935581
forecast_3084,2025-05-09 12:00:00,8481.639217698194,9694.904437745872,8208.789550072057
forecast_3085,2025-05-09 13:00:00,9830.031657582484,11093.608056816109,9446.893641181074
forecast_3086,2025-05-09 14:00:00,10505.104885405535,13094.645902022366,10626.962506550579
forecast_3087,2025-05-09 15:00:00,10443.213062931232,12784.929441795433,9907.893979332586
forecast_3088,2025-05-09 16:00:00,11182.664364593657,12943.83575923554,9140.231317959731
forecast_3089,2025-05-09 17:00:00,10625.329480360126,11712.378821320191,7767.36271095108
forecast_3090,2025-05-09 18:00:00,9425.057509707098,9917.296077601672,6406.403223038696
forecast_3091,2025-05-09 19:00:00,8292.081600396961,8213.318259481839,4129.989162894239
forecast_3092,2025-05-09 20:00:00,6652.147803020469,6390.525750178672,2725.6324343293586
forecast_3093,2025-05-09 21:00:00,6176.053219578068,6595.810393839015,3156.181072183287
forecast_3094,2025-05-09 22:00:00,6470.709891275912,8174.109434314163,3385.6934953943087
forecast_3095,2025-05-09 23:00:00,6981.0711081670925,8975.771223730906,4171.350457318992
forecast_3096,2025-05-10 00:00:00,9085.921931776491,11823.502886170867,6062.642927597395
forecast_3097,2025-05-10 01:00:00,12082.441263437033,15429.410318123988,9428.90416430296
forecast_3098,2025-05-10 02:00:00,14150.920620341461,17195.895672085033,13701.807295151466
forecast_3099,2025-05-10 03:00:00,14537.173758923276,18404.619210171015,15779.617986449324
forecast_3100,2025-05-10 04:00:00,14869.101864713308,18474.491109758546,17130.352706984806
forecast_3101,2025-05-10 05:00:00,15963.503825614138,18779.5322298067,16965.181206109504
forecast_3102,2025-05-10 06:00:00,17643.24408222373,18893.620695336173,15655.871306668105
forecast_3103,2025-05-10 07:00:00,18033.33733277118,18822.28288899258,16591.347958640195
forecast_3104,2025-05-10 08:00:00,18022.74400693708,18626.645465980528,16672.9863595579
forecast_3105,2025-05-10 09:00:00,18123.151485370174,18652.73887114587,17181.29561311027
forecast_3106,2025-05-10 10:00:00,18154.336019202354,18655.985777830538,17685.650989439746
forecast_3107,2025-05-10 11:00:00,17905.006818565493,18198.910174493998,17659.98208719807
forecast_3108,2025-05-10 12:00:00,17757.91600615149,17986.53258309311,17601.733644510005
forecast_3109,2025-05-10 13:00:00,17751.774415261243,18053.110828231213,18029.56975584508
forecast_3110,2025-05-10 14:00:00,17620.862090702445,18008.731656786553,18179.69371060245
forecast_3111,2025-05-10 15:00:00,17335.22842229536,18121.745977628972,17433.78273112012
forecast_3112,2025-05-10 16:00:00,16324.945427360642,17284.733346890993,16678.692728438247
forecast_3113,2025-05-10 17:00:00,15353.002686280759,17000.54517388481,15404.601523373656
forecast_3114,2025-05-10 18:00:00,13919.878035498627,16103.960947819349,13594.037938124162
forecast_3115,2025-05-10 19:00:00,13266.630490085725,15345.895336951595,12795.575143149295
forecast_3116,2025-05-10 20:00:00,13390.59293658551,13694.871847425096,12354.585232031273
forecast_3117,2025-05-10 21:00:00,12646.62535624078,12815.107459898323,10788.850774700446
forecast_3118,2025-05-10 22:00:00,11932.722795167048,11947.769773808897,11626.73644810503
forecast_3119,2025-05-10 23:00:00,11369.807022981106,11614.061452148728,9316.642134525233
forecast_3120,2025-05-11 00:00:00,11300.377485785411,10721.234373962834,9001.385073094512
forecast_3121,2025-05-11 01:00:00,10646.7325685517,10160.897884443797,8314.315345200175
forecast_3122,2025-05-11 02:00:00,10531.795515912121,10120.461072062451,8241.066919344605
forecast_3123,2025-05-11 03:00:00,9900.30691596715,9711.923613787565,7415.966507613657
forecast_3124,2025-05-11 04:00:00,9701.127847612273,9571.913642855618,7394.86089585928
forecast_3125,2025-05-11 05:00:00,9763.006866172143,8529.58694327157,7164.195759327215
forecast_3126,2025-05-11 06:00:00,7711.76327846471,7537.343936908813,5272.234764353186
forecast_3127,2025-05-11 07:00:00,6502.037848083861,5490.610430458233,4115.305441296986
forecast_3128,2025-05-11 08:00:00,4346.332440023837,3946.25006195872,3130.494362385669
forecast_3129,2025-05-11 09:00:00,2615.730744274769,2233.7689026373537,1377.5720408227985
forecast_3130,2025-05-11 10:00:00,1014.8071533013988,945.7096166714234,928.7940256860543
forecast_3131,2025-05-11 11:00:00,1018.3633919621084,639.605442628739,827.908739269924
forecast_3132,2025-05-11 12:00:00,850.1643279991865,919.5316526553074,1019.2398142234038
forecast_3133,2025-05-11 13:00:00,1163.0176786523766,1460.7963744968479,1391.4262849771399
forecast_3134,2025-05-11 14:00:00,2446.0331583516913,2894.328657434468,2436.4299263079365
forecast_3135,2025-05-11 15:00:00,3412.8836287123218,3437.2595420134494,2404.0845876288504
forecast_3136,2025-05-11 16:00:00,3781.683252515078,4005.959458087691,2939.381888091245
forecast_3137,2025-05-11 17:00:00,4668.182302051794,5033.492037734102,3773.9495562436796
forecast_3138,2025-05-11 18:00:00,7441.383213895544,6505.161141120241,5037.451805985642
forecast_3139,2025-05-11 19:00:00,8252.927457366093,8194.594928469949,6730.265507554097
forecast_3140,2025-05-11 20:00:00,9512.955494210197,9345.690947443885,8262.220680916984
forecast_3141,2025-05-11 21:00:00,10746.852737009158,10749.674961965347,9865.029036041095
forecast_3142,2025-05-11 22:00:00,12311.967700372461,13436.23298979877,12783.513856545513
forecast_3143,2025-05-11 23:00:00,13811.344490841682,15424.246702493652,14319.959876578818
forecast_3144,2025-05-12 00:00:00,14630.11060180426,16196.654306578104,15691.213935554664
forecast_3145,2025-05-12 01:00:00,14859.31267950525,16889.742028776727,16015.82010429848
forecast_3146,2025-05-12 02:00:00,14824.6625331698,17317.924355067946,15546.356856622659
forecast_3147,2025-05-12 03:00:00,14830.996112675813,17244.544897640415,15296.840606795922
forecast_3148,2025-05-12 04:00:00,15140.776376530794,16356.6808551787,15796.154504878767
forecast_3149,2025-05-12 05:00:00,15321.27799148775,16311.83100694936,17062.476697571918
forecast_3150,2025-05-12 06:00:00,15136.99259886882,16769.440802769805,16118.520249020112
forecast_3151,2025-05-12 07:00:00,15122.99676528676,15999.829462892336,15851.904388442887
forecast_3152,2025-05-12 08:00:00,14439.55650370571,14371.169356130471,13216.053418488144
forecast_3153,2025-05-12 09:00:00,13425.33456808667,13426.586525598363,11082.868882796136
forecast_3154,2025-05-12 10:00:00,11445.210957370033,11758.852419329627,9469.473398877677
forecast_3155,2025-05-12 11:00:00,10436.641204975242,10408.672898839119,8234.366489848673
forecast_3156,2025-05-12 12:00:00,10344.72673399667,11001.68329797431,7983.894776730367
forecast_3157,2025-05-12 13:00:00,10221.774445426901,10995.966940380675,8276.838812073438
forecast_3158,2025-05-12 14:00:00,10093.414157036983,11006.645199221559,7947.794812319091
forecast_3159,2025-05-12 15:00:00,10060.374464958444,9848.466651691653,8087.8685529809245
forecast_3160,2025-05-12 16:00:00,10194.619763732935,10348.340983236927,7715.698073056707
forecast_3161,2025-05-12 17:00:00,10287.283786126412,10106.63543040927,7920.576266470131
forecast_3162,2025-05-12 18:00:00,10868.490427903,11203.046532522003,8603.776968969709
forecast_3163,2025-05-12 19:00:00,13050.20381973866,13432.567595862301,12829.067515140297
forecast_3164,2025-05-12 20:00:00,14360.491685288955,15360.792067072012,14659.500993666079
forecast_3165,2025-05-12 21:00:00,15974.453428549808,17381.112819767506,16063.383445674226
forecast_3166,2025-05-12 22:00:00,17856.294110270133,18182.762075461225,17463.06888904918
forecast_3167,2025-05-12 23:00:00,18255.228110814183,18406.9225665236,18021.41413531641
forecast_3168,2025-05-13 00:00:00,18544.85259107004,18488.232464072647,17806.21177238708
forecast_3169,2025-05-13 01:00:00,19657.00483501689,18531.819004513003,18342.630527017645
forecast_3170,2025-05-13 02:00:00,19714.48488965431,18986.31925504346,18322.483187980735
forecast_3171,2025-05-13 03:00:00,19599.4883634136,18845.890568835748,18304.564895283427
forecast_3172,2025-05-13 04:00:00,19770.87076223107,18658.58931023877,18489.342647806436
forecast_3173,2025-05-13 05:00:00,19451.72800497184,18598.12160221394,18278.35909334088
forecast_3174,2025-05-13 06:00:00,18871.82833060064,18489.275544364657,18354.798557418864
forecast_3175,2025-05-13 07:00:00,17579.233303041605,18274.77399287868,17940.64630048702
forecast_3176,2025-05-13 08:00:00,17025.040408870027,18464.93122963781,17759.894901541476
forecast_3177,2025-05-13 09:00:00,15942.144493631837,18348.666134304363,17236.044574144205
forecast_3178,2025-05-13 10:00:00,15209.431055157691,17120.090053726584,16405.794616151143
forecast_3179,2025-05-13 11:00:00,14883.195067471583,16681.47579563335,15475.665964553209
forecast_3180,2025-05-13 12:00:00,15114.681115423278,16677.02758641512,15338.071291085402
forecast_3181,2025-05-13 13:00:00,14876.89928300042,16190.635363800817,15264.90642302898
forecast_3182,2025-05-13 14:00:00,14523.75977646617,15495.874212101458,14566.170055623348
forecast_3183,2025-05-13 15:00:00,14340.98577583671,14999.013690934331,14266.941664066431
forecast_3184,2025-05-13 16:00:00,13980.442923071976,14386.46604986981,14765.518863523159
forecast_3185,2025-05-13 17:00:00,14462.362319074757,15010.926331761944,15238.635164250869
forecast_3186,2025-05-13 18:00:00,14857.153974250035,15443.828914594818,16416.155571762236
forecast_3187,2025-05-13 19:00:00,16028.929086652348,16948.794396597907,17776.341234637363
forecast_3188,2025-05-13 20:00:00,17760.55784926976,18084.04373302736,18356.240782696193
forecast_3189,2025-05-13 21:00:00,19533.97850759641,18382.540871172783,18409.111853735423
forecast_3190,2025-05-13 22:00:00,19720.498271028657,18547.22903696412,18504.434675834913
forecast_3191,2025-05-13 23:00:00,19816.753497864807,18516.22636656428,18496.15513536282
forecast_3192,2025-05-14 00:00:00,20126.20100460117,18378.853684638652,18192.746872788044
forecast_3193,2025-05-14 01:00:00,20151.40259525396,18494.725106536116,18338.063513763347
forecast_3194,2025-05-14 02:00:00,20431.8073264594,18448.351984699617,18418.194490881062
forecast_3195,2025-05-14 03:00:00,20136.14600228318,18560.13603254564,17854.047758409546
forecast_3196,2025-05-14 04:00:00,20204.894352777075,18648.560056718787,18188.27408322654
forecast_3197,2025-05-14 05:00:00,20464.23805346966,18715.563739909856,17138.487522786967
forecast_3198,2025-05-14 06:00:00,20476.650491707736,18888.48864042055,16574.866723536154
forecast_3199,2025-05-14 07:00:00,19377.098523688943,18537.457884451927,14852.739257814746
forecast_3200,2025-05-14 08:00:00,17501.562752023074,16834.751031310007,12291.87979109586
forecast_3201,2025-05-14 09:00:00,12942.834012262203,13605.084397970651,9401.73297463468
forecast_3202,2025-05-14 10:00:00,9718.213251782261,9766.814966437363,6990.110868059719
forecast_3203,2025-05-14 11:00:00,8192.97138060537,8818.322708504877,7009.704931814356
forecast_3204,2025-05-14 12:00:00,7352.937952301513,7642.483554679386,6671.796874224998
forecast_3205,2025-05-14 13:00:00,6666.583294709807,7118.4779535234375,6298.8448709469
forecast_3206,2025-05-14 14:00:00,6542.389033683152,6780.19364771638,6468.847492448532
forecast_3207,2025-05-14 15:00:00,6316.482453092591,6778.19339104764,6073.215848534526
forecast_3208,2025-05-14 16:00:00,6324.562450619311,6182.027660598487,4675.319955983695
forecast_3209,2025-05-14 17:00:00,6152.0664831345985,6229.639517041409,4606.036966352788
forecast_3210,2025-05-14 18:00:00,7173.663239951735,6374.003450538463,5251.954268104584
forecast_3211,2025-05-14 19:00:00,8286.76967312274,8343.395740753993,6160.2643984201895
forecast_3212,2025-05-14 20:00:00,8860.642199363127,9584.63466153829,7524.107475068404
forecast_3213,2025-05-14 21:00:00,9640.14744808776,10457.23029852311,6980.583073687027
forecast_3214,2025-05-14 22:00:00,11334.799882564163,13008.324432138135,8423.30042533369
forecast_3215,2025-05-14 23:00:00,12617.01659775566,14101.434472591485,8872.775879187036
forecast_3216,2025-05-15 00:00:00,13148.883582878016,14866.926341873805,9979.99224560348
forecast_3217,2025-05-15 01:00:00,12894.834870717317,14878.343909178737,10152.045318797507
forecast_3218,2025-05-15 02:00:00,13070.992028515091,15293.315258781007,11764.887723662468
forecast_3219,2025-05-15 03:00:00,12328.531373939877,15726.14762330244,12226.06044749843
forecast_3220,2025-05-15 04:00:00,13532.443442744638,16019.169519625175,13195.762762843806
forecast_3221,2025-05-15 05:00:00,13289.653477994292,16081.511223022022,13075.239683356285
forecast_3222,2025-05-15 06:00:00,13963.94951968977,17570.974154980006,14301.709677830644
forecast_3223,2025-05-15 07:00:00,15464.02012097705,18267.606437785515,16966.986265860607
forecast_3224,2025-05-15 08:00:00,17246.540987749486,17733.60302365768,17659.6521368681
forecast_3225,2025-05-15 09:00:00,16625.631453854035,17668.747026116147,17693.25909805322
forecast_3226,2025-05-15 10:00:00,15985.39890070435,16768.966838839922,16659.41152562982
forecast_3227,2025-05-15 11:00:00,15989.964521412556,17183.550659491793,15940.064664754811
forecast_3228,2025-05-15 12:00:00,15410.559214774737,17018.718307009138,16078.763699836167
forecast_3229,2025-05-15 13:00:00,15887.406375102692,17119.465127917756,16570.20651732386
forecast_3230,2025-05-15 14:00:00,17193.88551693057,17880.665794358116,17936.477570340434
forecast_3231,2025-05-15 15:00:00,17267.51392307831,18046.52717436981,17738.3988355556
forecast_3232,2025-05-15 16:00:00,17816.915060734053,17867.11658716188,18323.959034951215
forecast_3233,2025-05-15 17:00:00,16971.65883263694,18002.685655343346,18384.769599017116
forecast_3234,2025-05-15 18:00:00,17473.347407885674,18129.655033131807,18343.633995795015
forecast_3235,2025-05-15 19:00:00,17860.723742869694,18134.21600158551,18579.547399921794
forecast_3236,2025-05-15 20:00:00,17376.030568231476,17935.574704428986,18665.550897711775
forecast_3237,2025-05-15 21:00:00,17793.318802074187,18334.156783923245,18696.987833752228
forecast_3238,2025-05-15 22:00:00,18195.842759579045,18263.219525835553,18838.34032566504
forecast_3239,2025-05-15 23:00:00,17725.528018591496,18434.805726835337,18931.18066798449
forecast_3240,2025-05-16 00:00:00,17553.85350237327,18424.18984404159,19019.976901346105
forecast_3241,2025-05-16 01:00:00,17398.856640820908,18423.96033887773,18489.631120932016
forecast_3242,2025-05-16 02:00:00,17302.369366628933,18388.170998045465,18217.670904164443
forecast_3243,2025-05-16 03:00:00,17086.704361172633,18518.829764956576,17980.538772713357
forecast_3244,2025-05-16 04:00:00,17036.7061484793,18584.02310282221,17799.886101605705
forecast_3245,2025-05-16 05:00:00,17312.22645944442,18494.484784404267,17706.060303411858
forecast_3246,2025-05-16 06:00:00,17388.178600576342,18376.99391674796,18338.515047350716
forecast_3247,2025-05-16 07:00:00,16956.037510671616,17955.909566680035,18140.89686178451
forecast_3248,2025-05-16 08:00:00,15917.517066805089,16744.229083466074,16441.6938401597
forecast_3249,2025-05-16 09:00:00,15006.21932454837,15675.517124035374,15042.021214853392
forecast_3250,2025-05-16 10:00:00,13506.983131586669,13926.847167523323,13046.794342783203
forecast_3251,2025-05-16 11:00:00,11394.335928241526,13141.64838871311,12416.908165058303
forecast_3252,2025-05-16 12:00:00,10304.248409829379,11786.24490109671,10893.009067087467
forecast_3253,2025-05-16 13:00:00,9412.017929778202,11151.140342768886,9297.166711822236
forecast_3254,2025-05-16 14:00:00,8290.718862797823,9811.078943240245,8484.494790749402
forecast_3255,2025-05-16 15:00:00,7517.71030334016,9264.80831339316,7395.540774452948
forecast_3256,2025-05-16 16:00:00,7090.029295651662,8345.584180375108,6769.758227370892
forecast_3257,2025-05-16 17:00:00,7011.099064660777,7719.263329105131,6595.617688323766
forecast_3258,2025-05-16 18:00:00,7342.829703735437,7782.273512087675,6389.011412966456
forecast_3259,2025-05-16 19:00:00,7235.165252208886,6969.567423073015,5603.84344346891
forecast_3260,2025-05-16 20:00:00,7167.093889931368,7463.367264400868,4951.400157305296
forecast_3261,2025-05-16 21:00:00,5045.625774169838,6471.159507371382,4224.355286254026
forecast_3262,2025-05-16 22:00:00,5097.450501661846,5243.904799059211,3226.814065211934
forecast_3263,2025-05-16 23:00:00,4493.725778091505,4966.644803878068,2810.5783084120985
forecast_3264,2025-05-17 00:00:00,4434.0450267526285,5879.653660490311,3026.468565570696
forecast_3265,2025-05-17 01:00:00,5103.432507626723,6345.929283158055,3536.9314141239547
forecast_3266,2025-05-17 02:00:00,4180.544212356868,4767.212497868322,2941.8874565512524
forecast_3267,2025-05-17 03:00:00,4901.85402796511,4405.1572626383,2739.391332222513
forecast_3268,2025-05-17 04:00:00,4978.090123459872,5219.654556637441,2791.823423559134
forecast_3269,2025-05-17 05:00:00,3641.5754862926615,5106.462489109372,2211.2586537212314
forecast_3270,2025-05-17 06:00:00,2125.70584856278,2809.123834493022,1206.2483752254711
forecast_3271,2025-05-17 07:00:00,1787.426496420364,1862.8646182251816,1004.7482437847029
forecast_3272,2025-05-17 08:00:00,3021.5519024458677,2998.6103813632244,1820.1736889813142
forecast_3273,2025-05-17 09:00:00,5001.7378034988305,4486.415594047619,3027.0806895412074
forecast_3274,2025-05-17 10:00:00,4366.619158347985,4830.73201525858,3350.3243866502653
forecast_3275,2025-05-17 11:00:00,4535.150173974229,5356.9421574692,4749.474243617411
forecast_3276,2025-05-17 12:00:00,7052.822802668629,6364.156586479283,6841.070800689273
forecast_3277,2025-05-17 13:00:00,8220.495269692972,9425.801701061957,8806.20524849116
forecast_3278,2025-05-17 14:00:00,9713.285122253981,11772.758203088382,10718.255618708923
forecast_3279,2025-05-17 15:00:00,11590.428730906666,13362.773799347184,12950.027415173367
forecast_3280,2025-05-17 16:00:00,13598.71681686705,14761.727749228095,15391.15132522317
forecast_3281,2025-05-17 17:00:00,17093.840731554483,17432.0356040241,17512.46935525795
forecast_3282,2025-05-17 18:00:00,18170.618701229305,18617.852530130676,17930.890596181885
forecast_3283,2025-05-17 19:00:00,18685.01551201641,18545.470110262624,17939.25251719349
forecast_3284,2025-05-17 20:00:00,18629.319090799527,18550.021190887397,17994.53275821658
forecast_3285,2025-05-17 21:00:00,18609.3088336501,18769.437687154117,18016.254234337048
forecast_3286,2025-05-17 22:00:00,19132.740501967808,18747.5152909119,17553.958157610992
forecast_3287,2025-05-17 23:00:00,19321.357624236203,19078.720516176687,16673.837514681974
forecast_3288,2025-05-18 00:00:00,19060.3099375199,19227.564369113425,16064.939421991821
forecast_3289,2025-05-18 01:00:00,18614.822450153464,18444.477660874312,16277.449632160213
forecast_3290,2025-05-18 02:00:00,17170.351116648708,18108.329058796266,15859.68299061027
forecast_3291,2025-05-18 03:00:00,15381.91997575328,16359.61280737321,11650.482045434339
forecast_3292,2025-05-18 04:00:00,14381.922630468473,13914.306328141214,8293.844346143505
forecast_3293,2025-05-18 05:00:00,13095.48076544297,11747.340512072642,6886.029546023652
forecast_3294,2025-05-18 06:00:00,9671.135161419665,8744.725906472642,4396.0673139207265
forecast_3295,2025-05-18 07:00:00,6085.657152372691,6187.909996658901,1559.1440286705758
forecast_3296,2025-05-18 08:00:00,4309.010929319313,2804.520556372162,997.5529839023193
forecast_3297,2025-05-18 09:00:00,1712.1036405087912,1022.6159098179633,679.461959994859
forecast_3298,2025-05-18 10:00:00,1113.80766296429,504.4719002673008,600.7898030578227
forecast_3299,2025-05-18 11:00:00,1147.852678359571,765.4703881223438,795.6121848348043
forecast_3300,2025-05-18 12:00:00,2485.7063401881096,1700.978084856653,1153.671201868655
forecast_3301,2025-05-18 13:00:00,3616.988266520333,3459.252522214711,1839.8657568073718
forecast_3302,2025-05-18 14:00:00,4100.307642235635,3763.732394465602,2147.5117820153414
forecast_3303,2025-05-18 15:00:00,5724.799439220299,4589.203882685426,2751.767055824485
forecast_3304,2025-05-18 16:00:00,6584.347465370246,6254.803483137646,4175.791826024024
forecast_3305,2025-05-18 17:00:00,7893.7823707024545,7469.222760879518,5174.1846794315925
forecast_3306,2025-05-18 18:00:00,8702.23682000558,8026.193981635053,6201.824500914159
forecast_3307,2025-05-18 19:00:00,9868.797439155906,10270.396903810706,8407.033220086254
forecast_3308,2025-05-18 20:00:00,11262.026278321542,11901.226595712487,10575.915363933025
forecast_3309,2025-05-18 21:00:00,12444.877757734972,13451.781923119848,12224.47292891276
forecast_3310,2025-05-18 22:00:00,12834.803066387276,14037.073981776359,12475.736208331824
forecast_3311,2025-05-18 23:00:00,13152.39414650212,13880.432499085367,12690.960376824181
forecast_3312,2025-05-19 00:00:00,13088.549658006394,14262.76744729885,12607.606703257827
forecast_3313,2025-05-19 01:00:00,13225.711839108895,15027.454312398151,12208.20334151493
forecast_3314,2025-05-19 02:00:00,12499.276615657662,14523.267378223056,10787.109366636749
forecast_3315,2025-05-19 03:00:00,11821.484498348385,13285.638290398994,9166.400044304928
forecast_3316,2025-05-19 04:00:00,11443.038371233297,12470.06997552887,8217.971273305966
forecast_3317,2025-05-19 05:00:00,10879.720362945052,12526.228813561786,8594.858395582278
forecast_3318,2025-05-19 06:00:00,11224.955405699042,14229.076317917454,9375.339116933854
forecast_3319,2025-05-19 07:00:00,11878.381968277186,15673.130673994909,11225.515616731627
forecast_3320,2025-05-19 08:00:00,11630.439533364673,15134.926504419933,12686.408441449172
forecast_3321,2025-05-19 09:00:00,11445.221227527323,14995.453402728534,13092.637806451985
forecast_3322,2025-05-19 10:00:00,11472.600473022647,14905.110863048343,14071.941794016504
forecast_3323,2025-05-19 11:00:00,12484.226730149028,16446.489641128413,15325.409294687337
forecast_3324,2025-05-19 12:00:00,14307.758105576093,17443.28214085057,16053.166147900878
forecast_3325,2025-05-19 13:00:00,15157.679541950969,17366.106849818054,16127.57618008108
forecast_3326,2025-05-19 14:00:00,15815.822283019379,17465.322937632533,16625.251831103684
forecast_3327,2025-05-19 15:00:00,17058.642050489994,17617.12470994192,16774.057409358134
forecast_3328,2025-05-19 16:00:00,17402.75470941488,17508.985760099942,18684.394624884455
forecast_3329,2025-05-19 17:00:00,17674.813930154585,17541.35326857103,18712.668515746824
forecast_3330,2025-05-19 18:00:00,17660.651536235542,17740.69900219413,18493.89879909559
forecast_3331,2025-05-19 19:00:00,18039.89269596162,18332.95627262063,18604.343637142367
forecast_3332,2025-05-19 20:00:00,18015.13023837155,18339.284450971114,18522.5657581566
forecast_3333,2025-05-19 21:00:00,18125.642750933133,18164.82364789403,18471.35185729816
forecast_3334,2025-05-19 22:00:00,18320.57165492745,18136.6674127742,18135.02001563397
forecast_3335,2025-05-19 23:00:00,18156.708361778205,17947.68684703349,17817.96600341866
forecast_3336,2025-05-20 00:00:00,18098.830261603678,18215.119742629537,17863.33291739076
forecast_3337,2025-05-20 01:00:00,18197.29922317032,18326.36524313019,18288.604070764664
forecast_3338,2025-05-20 02:00:00,18459.478282974225,18524.817870731094,18362.19601231572
forecast_3339,2025-05-20 03:00:00,18324.13275633184,18330.142467873895,18127.04230053552
forecast_3340,2025-05-20 04:00:00,18474.76312364562,18126.66530586829,18280.958536049406
forecast_3341,2025-05-20 05:00:00,18244.362845391337,18048.684433522503,18338.292244526536
forecast_3342,2025-05-20 06:00:00,18190.758093822908,17616.02428980765,18388.12386159094
forecast_3343,2025-05-20 07:00:00,17340.96027754706,17168.657596036144,17934.13425114622
forecast_3344,2025-05-20 08:00:00,16622.966404568193,16684.71724110607,17716.274928485444
forecast_3345,2025-05-20 09:00:00,16280.47757445351,16680.278295038235,17811.50202416659
forecast_3346,2025-05-20 10:00:00,14879.430745722673,15908.478108781908,16392.76553189044
forecast_3347,2025-05-20 11:00:00,14680.109444098727,14418.239609847156,15739.353803944108
forecast_3348,2025-05-20 12:00:00,14139.163954856855,14251.706833104927,14774.005772237415
forecast_3349,2025-05-20 13:00:00,14019.931937863656,14144.864741084415,14386.172466036309
forecast_3350,2025-05-20 14:00:00,13990.652905023711,14141.881825009687,14206.76986673498
forecast_3351,2025-05-20 15:00:00,14424.757914393671,14952.55285647755,14361.425066703414
forecast_3352,2025-05-20 16:00:00,14527.264518296413,14442.186104019373,14701.688421560157
forecast_3353,2025-05-20 17:00:00,14788.344939864202,15564.506610004333,15781.070951849179
forecast_3354,2025-05-20 18:00:00,15248.587557058858,16220.613876771833,17370.760202974576
forecast_3355,2025-05-20 19:00:00,15453.114759055597,16382.393217808803,18134.938522172502
forecast_3356,2025-05-20 20:00:00,15871.40325241442,17121.137456982728,18437.06548740985
forecast_3357,2025-05-20 21:00:00,16217.949403563238,17365.670925900955,17400.427157316524
forecast_3358,2025-05-20 22:00:00,16764.80819492625,17397.199959932397,17356.239992465948
forecast_3359,2025-05-20 23:00:00,17685.365988147554,17671.57476105347,18340.536570718017
forecast_3360,2025-05-21 00:00:00,17406.52457009794,17626.732259556717,18418.824094842137
forecast_3361,2025-05-21 01:00:00,18820.342302874116,18288.773583475282,18529.239477105966
forecast_3362,2025-05-21 02:00:00,18124.689040259444,17946.594469163727,18271.644813074035
forecast_3363,2025-05-21 03:00:00,17814.602266493188,17421.534398987973,16835.86139870624
forecast_3364,2025-05-21 04:00:00,16362.269987659485,16113.01945917192,15757.950513570278
forecast_3365,2025-05-21 05:00:00,14841.697153049481,15306.701940199653,15111.462664768864
forecast_3366,2025-05-21 06:00:00,13633.590450070466,13575.795228402458,13838.059582304144
forecast_3367,2025-05-21 07:00:00,10214.48834292164,10283.87466184888,7838.362270676986
forecast_3368,2025-05-21 08:00:00,7836.413430151125,7452.975555371967,4791.4418102774425
forecast_3369,2025-05-21 09:00:00,4466.452942505311,4030.629794944698,3233.861903989822
forecast_3370,2025-05-21 10:00:00,1980.7992558400338,1705.264197046682,1382.9229314034503
forecast_3371,2025-05-21 11:00:00,1395.2491274600507,1370.7269439334214,1044.3724563474136
forecast_3372,2025-05-21 12:00:00,1083.6712040207083,1173.0330175411323,985.2940909950321
forecast_3373,2025-05-21 13:00:00,960.3537400332814,1117.104673005233,923.5498269858165
forecast_3374,2025-05-21 14:00:00,786.9879219613802,819.94485087715,891.6207837838234
forecast_3375,2025-05-21 15:00:00,573.8672738796683,748.5800030749048,783.0919907770389
forecast_3376,2025-05-21 16:00:00,335.8143232792554,478.6506253360469,606.0967266248092
forecast_3377,2025-05-21 17:00:00,261.7477214787351,357.6499051496289,537.2912828165071
forecast_3378,2025-05-21 18:00:00,268.4948385999127,359.9994305500074,536.26186291271
forecast_3379,2025-05-21 19:00:00,290.6597687031515,455.63540271499824,535.0469569221093
forecast_3380,2025-05-21 20:00:00,287.1266870229223,503.6794308255265,535.0469569221093
forecast_3381,2025-05-21 21:00:00,325.5975558438475,489.58880639573545,536.26186291271
forecast_3382,2025-05-21 22:00:00,621.7129732128843,737.3685908262894,538.0061981504128
forecast_3383,2025-05-21 23:00:00,547.9415928209908,552.3047317689727,536.26186291271
forecast_3384,2025-05-22 00:00:00,511.75115758208034,810.2774876399029,536.8178401695135
forecast_3385,2025-05-22 01:00:00,1011.7605415471949,1897.2105241337604,749.4703583248391
forecast_3386,2025-05-22 02:00:00,1862.719324270619,2010.963181244276,849.2980857439214
forecast_3387,2025-05-22 03:00:00,1952.3924390329178,2866.3687272662323,903.1782918318095
forecast_3388,2025-05-22 04:00:00,2096.1384544329567,3182.2930061472284,861.7977137899327
forecast_3389,2025-05-22 05:00:00,1896.8638953355521,2481.3431183360076,866.6225974740578
forecast_3390,2025-05-22 06:00:00,1360.6399279199154,1623.648105072987,841.4052161595797
forecast_3391,2025-05-22 07:00:00,1040.1947261269252,1361.0931430412384,986.538533904589
forecast_3392,2025-05-22 08:00:00,1191.3884554798701,1523.7378371880025,1153.8012326522003
forecast_3393,2025-05-22 09:00:00,2331.9504822220924,2990.6917030660074,1561.2041697611667
forecast_3394,2025-05-22 10:00:00,3020.282624579099,3504.804010888931,2191.3580328762573
forecast_3395,2025-05-22 11:00:00,3142.1148070483764,3756.6744126623607,2251.509857357726
forecast_3396,2025-05-22 12:00:00,2962.808960939344,3630.174425002762,2327.691561488962
forecast_3397,2025-05-22 13:00:00,2729.048365082079,3556.6171467503386,2045.8711995302342
forecast_3398,2025-05-22 14:00:00,2105.326085455694,3161.0626858959386,1322.6853108027042
forecast_3399,2025-05-22 15:00:00,1550.4688855122913,2704.2012098076802,972.6421998564698
forecast_3400,2025-05-22 16:00:00,979.7269380978515,1428.966228539604,755.1447649692745
forecast_3401,2025-05-22 17:00:00,601.1847711605164,766.4372359105976,574.9799458527798
forecast_3402,2025-05-22 18:00:00,494.2110767375402,526.858897693357,560.521367235555
forecast_3403,2025-05-22 19:00:00,772.9351055860963,626.4709695110566,584.7444139897076
forecast_3404,2025-05-22 20:00:00,1043.6472996406455,701.598792269788,605.0400563568144
forecast_3405,2025-05-22 21:00:00,1373.8762679155027,1107.5416852676858,644.1563860722086
forecast_3406,2025-05-22 22:00:00,2488.1290345325247,1856.0662508308571,682.0843011061543
forecast_3407,2025-05-22 23:00:00,3144.5694439795006,2329.135412349071,839.5373398179142
forecast_3408,2025-05-23 00:00:00,3441.4518985885366,2890.379024828209,954.1770295836327
forecast_3409,2025-05-23 01:00:00,3508.9332993856915,3051.799902506502,963.7369318955388
forecast_3410,2025-05-23 02:00:00,3400.6678462444543,3153.939856889138,984.5402127474437
forecast_3411,2025-05-23 03:00:00,3463.191672398724,3311.1157047936413,969.9762729274398
forecast_3412,2025-05-23 04:00:00,3426.4588181613044,3475.3926187149764,965.2378280918573
forecast_3413,2025-05-23 05:00:00,3641.7474046744646,3419.5821182086165,936.8464845568168
forecast_3414,2025-05-23 06:00:00,3862.9442455738485,3499.350533985663,946.6047719913439
forecast_3415,2025-05-23 07:00:00,3713.2014807144424,3506.279824748999,927.6587754873979
forecast_3416,2025-05-23 08:00:00,3481.109273893202,3348.08298064107,926.7200941378869
forecast_3417,2025-05-23 09:00:00,2923.185860615384,3135.0153638507136,947.8566181218977
forecast_3418,2025-05-23 10:00:00,2264.1407110532878,2643.7910828028607,921.9419718589056
forecast_3419,2025-05-23 11:00:00,1876.8532322797955,2389.257427114052,918.0718048252511
forecast_3420,2025-05-23 12:00:00,1755.6187987910162,2217.4974246813335,881.7683971409106
forecast_3421,2025-05-23 13:00:00,1734.4909587591676,2122.3032318470687,870.9472108078769
forecast_3422,2025-05-23 14:00:00,1728.3848635333115,2157.348946572728,887.1714763121201
forecast_3423,2025-05-23 15:00:00,1721.5044373119697,2203.6175467581315,850.3607982971316
forecast_3424,2025-05-23 16:00:00,2356.061744641255,2584.765028855675,854.4838210061174
forecast_3425,2025-05-23 17:00:00,3266.865698334053,3083.2906009205217,894.5766784066146
forecast_3426,2025-05-23 18:00:00,3802.960777902888,3082.0209902057086,937.5253261992519
forecast_3427,2025-05-23 19:00:00,3835.316163793736,3328.3663821353744,939.9539787073596
forecast_3428,2025-05-23 20:00:00,4081.0509446118454,4142.263163331209,971.0649436720662
forecast_3429,2025-05-23 21:00:00,3879.311985620093,4594.51750251962,993.5918197547724
forecast_3430,2025-05-23 22:00:00,5310.6753561596215,5005.972708585519,1121.7634592711934
forecast_3431,2025-05-23 23:00:00,5003.08843256998,6000.6244159449125,1094.2495135754327
forecast_3432,2025-05-24 00:00:00,6108.881833921232,6066.832112386635,1145.543201888745
forecast_3433,2025-05-24 01:00:00,6270.245479042198,6335.84204164189,1476.8256158626366
forecast_3434,2025-05-24 02:00:00,6100.211555107866,6474.935228283537,2037.5280933441604
forecast_3435,2025-05-24 03:00:00,6108.642031715915,6577.5649937390845,2215.4112729880117
forecast_3436,2025-05-24 04:00:00,6330.772023578147,6663.849120593235,2288.0656823910876
forecast_3437,2025-05-24 05:00:00,6725.707035758043,7059.781013343291,3210.113870175408
forecast_3438,2025-05-24 06:00:00,6716.466734732185,7061.2534605048195,3522.580715285233
forecast_3439,2025-05-24 07:00:00,6798.66791829172,7073.818299790113,4279.324664593372
forecast_3440,2025-05-24 08:00:00,6488.594543680227,6928.037517697623,4421.311032696303
forecast_3441,2025-05-24 09:00:00,6081.429731451271,6541.6612814544915,4214.0724315042025
forecast_3442,2025-05-24 10:00:00,5028.396151211161,6099.135752774077,3849.2891199984397
forecast_3443,2025-05-24 11:00:00,5611.673472869908,5180.944463578755,3675.501134384753
forecast_3444,2025-05-24 12:00:00,5711.773307475105,5043.189941964634,3678.3929805192197
forecast_3445,2025-05-24 13:00:00,5914.586035536433,5594.392087179255,4090.0181371032395
forecast_3446,2025-05-24 14:00:00,5910.379662326695,6190.511983211819,4673.5615879831885
forecast_3447,2025-05-24 15:00:00,6629.848982521118,6774.836562418668,5959.432508609055
forecast_3448,2025-05-24 16:00:00,6994.8007673999855,7520.799641478989,6777.426404529686
forecast_3449,2025-05-24 17:00:00,7492.845614322536,8401.660631109462,7010.82122700722
forecast_3450,2025-05-24 18:00:00,7667.196179074699,8769.372501697148,8012.677804066696
forecast_3451,2025-05-24 19:00:00,7617.549646594336,8837.91573129347,7820.310869904915
forecast_3452,2025-05-24 20:00:00,7408.343164445758,9000.055426534649,7282.373137586256
forecast_3453,2025-05-24 21:00:00,7273.899584027895,9119.581208210922,6749.4117060608005
forecast_3454,2025-05-24 22:00:00,7316.913046756397,7949.568740491315,6593.6487189237805
forecast_3455,2025-05-24 23:00:00,6702.578166782163,7726.70058370462,5469.345559792816
forecast_3456,2025-05-25 00:00:00,5432.459486253752,7253.344427126431,5003.679767667363
forecast_3457,2025-05-25 01:00:00,5005.0879227996575,5947.086769033072,3719.1705625306176
forecast_3458,2025-05-25 02:00:00,3883.9021263037566,5064.645483133263,3081.1642706015805
forecast_3459,2025-05-25 03:00:00,3876.6376353084624,3820.9213144827527,2271.0055934703846
forecast_3460,2025-05-25 04:00:00,3882.060598130982,3965.08405379722,2100.1116601788463
forecast_3461,2025-05-25 05:00:00,3312.491888179591,3780.8956454402014,2274.059692030772
forecast_3462,2025-05-25 06:00:00,2808.634641937383,3620.203187361947,2229.468652762458
forecast_3463,2025-05-25 07:00:00,2627.744689580786,3142.7174957474363,2082.4312655827307
forecast_3464,2025-05-25 08:00:00,1581.6663078490149,1784.770690122818,1012.9600328368509
forecast_3465,2025-05-25 09:00:00,817.8196138142489,955.57017842342,604.2663071125719
forecast_3466,2025-05-25 10:00:00,860.0136156295746,606.3167836320125,578.293619346916
forecast_3467,2025-05-25 11:00:00,950.966829577862,775.4303878252667,693.1940905095813
forecast_3468,2025-05-25 12:00:00,2301.748806468573,1468.122138624587,907.7929417745885
forecast_3469,2025-05-25 13:00:00,2748.1624546798384,2230.3694141129126,1016.6774215431869
forecast_3470,2025-05-25 14:00:00,2721.4481101732736,1669.8933309019067,948.7849547252072
forecast_3471,2025-05-25 15:00:00,2051.122037261348,1551.0697186240982,1010.0789537363871
forecast_3472,2025-05-25 16:00:00,2227.1478745022096,1750.9228839294547,1076.005299907019
forecast_3473,2025-05-25 17:00:00,2689.5636666164874,2481.653530123096,1381.210743496592
forecast_3474,2025-05-25 18:00:00,3877.7688642868393,4152.194810277441,2402.367410602399
forecast_3475,2025-05-25 19:00:00,5347.41211966372,6113.864674398322,4525.242690257683
forecast_3476,2025-05-25 20:00:00,7067.420495194252,8582.881257614617,7978.391848915461
forecast_3477,2025-05-25 21:00:00,8358.943493783674,9658.057072243973,7667.3558204300025
forecast_3478,2025-05-25 22:00:00,9266.15892625575,10692.922087716352,8743.164619975243
forecast_3479,2025-05-25 23:00:00,10524.526512911256,12750.836993872168,9181.428059330445
forecast_3480,2025-05-26 00:00:00,10973.88803753126,12726.559566362026,9132.568344481168
forecast_3481,2025-05-26 01:00:00,12033.670623412696,12267.793743362026,9167.545969094346
forecast_3482,2025-05-26 02:00:00,12023.348525416564,11244.663381173345,8988.255166139787
forecast_3483,2025-05-26 03:00:00,10800.228873044234,10232.35794402273,8092.985371292949
forecast_3484,2025-05-26 04:00:00,8869.905481495645,8731.628013765525,6423.613961429908
forecast_3485,2025-05-26 05:00:00,6835.332650024364,6180.84112585619,4770.790123269184
forecast_3486,2025-05-26 06:00:00,4472.2381752677165,3983.548748581593,2911.4398003892775
forecast_3487,2025-05-26 07:00:00,2193.0127650123313,1815.858964242182,1214.4156497939537
forecast_3488,2025-05-26 08:00:00,904.4007470024678,730.7888557004253,565.3034938640614
forecast_3489,2025-05-26 09:00:00,327.4001109021893,331.05181510769137,548.3508358738832
forecast_3490,2025-05-26 10:00:00,242.59401287174416,245.48220339288076,535.0469569221093
forecast_3491,2025-05-26 11:00:00,229.97922295505293,244.96720450803326,535.0469569221093
forecast_3492,2025-05-26 12:00:00,228.3065399080546,244.96720450803326,535.2558161750676
forecast_3493,2025-05-26 13:00:00,216.88071697707971,254.2426376011402,535.0469569221093
forecast_3494,2025-05-26 14:00:00,260.135277139162,372.9963371571451,536.26186291271
forecast_3495,2025-05-26 15:00:00,283.9274041983251,504.4330094886161,538.0061981504128
forecast_3496,2025-05-26 16:00:00,322.4391546369013,536.4081493082865,538.0061981504128
forecast_3497,2025-05-26 17:00:00,490.8899860605633,833.8818406763621,552.6005676181575
forecast_3498,2025-05-26 18:00:00,804.2744195105496,917.4802246384863,588.5387067334582
forecast_3499,2025-05-26 19:00:00,1377.4421736619397,1289.6385192282924,771.5902560620586
forecast_3500,2025-05-26 20:00:00,2104.1554772768905,1794.9539710562588,1027.7395787056896
forecast_3501,2025-05-26 21:00:00,3406.5530573319156,3688.7942800281053,1533.7640565404427
forecast_3502,2025-05-26 22:00:00,5378.334096263082,5608.4688577648185,2696.8949008813115
forecast_3503,2025-05-26 23:00:00,5614.840636474878,6750.4817551352735,4352.467833409378
forecast_3504,2025-05-27 00:00:00,7083.595418327688,7703.809982917455,5211.980698118616
forecast_3505,2025-05-27 01:00:00,7315.01688924901,8560.263056186555,5883.5803605810925
forecast_3506,2025-05-27 02:00:00,7361.429142623166,8956.131680868099,6756.215386031865
forecast_3507,2025-05-27 03:00:00,7723.195528406106,8823.297520324111,6218.750078447127
forecast_3508,2025-05-27 04:00:00,7217.763997041508,8035.507039648821,6798.461772002283
forecast_3509,2025-05-27 05:00:00,5451.090682589274,6954.675372582945,4891.35844343288
forecast_3510,2025-05-27 06:00:00,3459.3387101712424,4079.511952587158,2560.6543458756887
forecast_3511,2025-05-27 07:00:00,1322.0479578800923,1594.8227638092872,1289.2189547405337
forecast_3512,2025-05-27 08:00:00,582.9694037106431,798.3518078091822,599.3154166052898
forecast_3513,2025-05-27 09:00:00,223.4741870846448,258.16424101609124,548.6979538777283
forecast_3514,2025-05-27 10:00:00,216.6942268004035,246.1269129378603,535.0469569221093
forecast_3515,2025-05-27 11:00:00,221.40192885550883,245.16144099070493,535.0469569221093
forecast_3516,2025-05-27 12:00:00,221.8217777984941,245.7925441564982,535.0469569221093
forecast_3517,2025-05-27 13:00:00,218.59962705353757,245.7925441564982,535.0469569221093
forecast_3518,2025-05-27 14:00:00,216.56495802936328,247.53999626080622,535.0469569221093
forecast_3519,2025-05-27 15:00:00,216.34961116600977,249.10608965028263,535.0469569221093
forecast_3520,2025-05-27 16:00:00,215.74704062003704,242.58055446612786,535.0469569221093
forecast_3521,2025-05-27 17:00:00,216.50934753518635,242.61398144146978,535.0469569221093
forecast_3522,2025-05-27 18:00:00,216.50934753518635,243.43024217563533,535.0469569221093
forecast_3523,2025-05-27 19:00:00,247.3195921535983,335.99746505405164,535.0469569221093
forecast_3524,2025-05-27 20:00:00,335.02521479037136,476.0986740827609,549.6413263898539
forecast_3525,2025-05-27 21:00:00,929.5127367643063,729.1600516326657,660.9234086032046
forecast_3526,2025-05-27 22:00:00,2008.8522770244274,1705.8741776294287,887.2777553491519
forecast_3527,2025-05-27 23:00:00,2994.66018719819,2678.2003491150963,1580.9116810833239
forecast_3528,2025-05-28 00:00:00,4380.110702903499,4146.1202318233045,2772.0302659211693
forecast_3529,2025-05-28 01:00:00,6084.182529852807,6454.722058624531,4615.2878094356365
forecast_3530,2025-05-28 02:00:00,7527.321191030859,8072.098791469487,5451.765962412457
forecast_3531,2025-05-28 03:00:00,7754.392668280218,8087.773636024972,5273.904772147078
forecast_3532,2025-05-28 04:00:00,6961.9119971032,7727.776361122761,4883.106906927556
forecast_3533,2025-05-28 05:00:00,5705.717053284652,5342.336600214366,3237.3688773589683
forecast_3534,2025-05-28 06:00:00,3707.5142315875814,2439.3854421758165,1467.2465747654928
forecast_3535,2025-05-28 07:00:00,1554.8978920973364,982.0765553530991,828.5860653185186
forecast_3536,2025-05-28 08:00:00,634.6458576478947,403.35826276486796,557.9109195896829
forecast_3537,2025-05-28 09:00:00,220.74554199825636,245.1587063300687,535.0469569221093
forecast_3538,2025-05-28 10:00:00,219.41229473776838,245.15898328658628,535.0469569221093
forecast_3539,2025-05-28 11:00:00,214.97541326337353,244.96720450803326,535.0469569221093
forecast_3540,2025-05-28 12:00:00,222.2361153517055,249.33797609546303,537.5642395772339
forecast_3541,2025-05-28 13:00:00,227.34453432827,256.79001763888,540.0430880741039
forecast_3542,2025-05-28 14:00:00,231.46810356121483,250.28002587239956,562.8742569103919
forecast_3543,2025-05-28 15:00:00,246.2881135340554,347.2058101849033,633.2604761376574
forecast_3544,2025-05-28 16:00:00,362.75555945208316,768.9367731997377,808.4526571810246
forecast_3545,2025-05-28 17:00:00,336.17684399744337,516.6399796959306,785.3533517440438
forecast_3546,2025-05-28 18:00:00,328.4770625819697,454.85976532204916,703.3373684578107
forecast_3547,2025-05-28 19:00:00,476.18147818913644,594.8488958732859,679.2265669345104
forecast_3548,2025-05-28 20:00:00,564.6309385624244,591.8925121956886,739.6542838113031
forecast_3549,2025-05-28 21:00:00,990.5552381116047,641.1085633174687,990.5723051367013
forecast_3550,2025-05-28 22:00:00,1735.8290891409174,1341.5688803229034,1271.8188611368973
forecast_3551,2025-05-28 23:00:00,2556.367069252111,1727.1267244564544,1843.6055313616557
forecast_3552,2025-05-29 00:00:00,2194.4051758610944,1352.5738644953663,1641.7059411139053
forecast_3553,2025-05-29 01:00:00,1547.3602807211637,1077.5465124502516,1126.9679573516266
forecast_3554,2025-05-29 02:00:00,1343.1924560238085,1009.4597415159609,982.7923300329878
forecast_3555,2025-05-29 03:00:00,1523.3666132582625,949.9117663565285,979.2031435569103
forecast_3556,2025-05-29 04:00:00,1615.8322847482193,867.4614882105755,866.7632536551149
forecast_3557,2025-05-29 05:00:00,1118.0814298110759,578.2243625361734,632.7157701691506
forecast_3558,2025-05-29 06:00:00,625.6601802150269,480.7621342537103,553.5079062765035
forecast_3559,2025-05-29 07:00:00,322.72131902720116,332.67080464373004,538.4400941617654
forecast_3560,2025-05-29 08:00:00,257.81750958221005,310.149378990772,536.6957589240625
forecast_3561,2025-05-29 09:00:00,236.21761216667264,404.6173451055811,536.6957589240625
forecast_3562,2025-05-29 10:00:00,266.351238970429,422.8238466903556,537.251736180866
forecast_3563,2025-05-29 11:00:00,264.1445189940185,448.21408373711427,580.1562354490154
forecast_3564,2025-05-29 12:00:00,286.36464285948523,604.5145242862961,651.0019982190997
forecast_3565,2025-05-29 13:00:00,317.7511529796538,1150.0153790243226,806.1383921454158
forecast_3566,2025-05-29 14:00:00,529.9277986287852,1229.976007463652,788.0911074867181
forecast_3567,2025-05-29 15:00:00,586.00802029493,1209.500861866861,767.1802309400298
forecast_3568,2025-05-29 16:00:00,711.3264266685082,1271.0361682377454,835.1723356291662
forecast_3569,2025-05-29 17:00:00,851.2393864525502,1302.5935472907834,852.5842496871875
forecast_3570,2025-05-29 18:00:00,907.9924349922462,1276.2767733955295,879.2096193241875
forecast_3571,2025-05-29 19:00:00,1249.6898792639709,1624.0105948072883,915.8082245519428
forecast_3572,2025-05-29 20:00:00,1857.6842636652827,2056.352310674012,936.0423921714763
forecast_3573,2025-05-29 21:00:00,2155.702822998115,2268.6039741630657,957.9446067074355
forecast_3574,2025-05-29 22:00:00,2720.356147622416,2783.2438245545636,1004.8342668714554
forecast_3575,2025-05-29 23:00:00,2828.4492416694957,3255.6858104865105,998.7423468232374
forecast_3576,2025-05-30 00:00:00,2627.870485513159,3277.4276959545596,957.2102855777462
forecast_3577,2025-05-30 01:00:00,2398.151011444516,2101.167967262397,813.9219445591334
forecast_3578,2025-05-30 02:00:00,2736.604765637008,2183.1101082029168,960.8615644315549
forecast_3579,2025-05-30 03:00:00,3189.705641677341,3160.1201692598306,1173.027723218741
forecast_3580,2025-05-30 04:00:00,2995.210183538221,3345.163410933009,1242.4143638390226
forecast_3581,2025-05-30 05:00:00,3296.0461489894224,3792.148233486683,1487.0090296754897
forecast_3582,2025-05-30 06:00:00,3406.272903362947,4025.9687544773824,1495.729191432442
forecast_3583,2025-05-30 07:00:00,3207.781879690834,4247.205670284342,1592.8902819174175
forecast_3584,2025-05-30 08:00:00,2417.94052143118,3385.1722087068033,1350.7066748946843
forecast_3585,2025-05-30 09:00:00,1914.3073658039075,2851.199252306333,1272.7519905678769
forecast_3586,2025-05-30 10:00:00,1484.1585697321048,2394.9247177085203,1287.4161925511376
forecast_3587,2025-05-30 11:00:00,1549.938160822439,1806.0220159018977,1268.7544551113042
forecast_3588,2025-05-30 12:00:00,1413.3058377450207,1686.1291109887707,1197.5593638859314
forecast_3589,2025-05-30 13:00:00,1090.006104968157,1446.672028565393,1090.1034493888453
forecast_3590,2025-05-30 14:00:00,803.6426631035777,1109.7682615037152,983.3444710206979
forecast_3591,2025-05-30 15:00:00,498.7358376854113,1010.1857127496821,759.3285909284557
forecast_3592,2025-05-30 16:00:00,550.9717333220594,871.0085572860544,701.2041542964346
forecast_3593,2025-05-30 17:00:00,731.0744433124869,991.3625515762974,671.5845723957361
forecast_3594,2025-05-30 18:00:00,875.8258200646737,969.128037874947,633.9405284345914
forecast_3595,2025-05-30 19:00:00,1058.1977564779058,1266.5135071448933,698.9648290914147
forecast_3596,2025-05-30 20:00:00,1223.141152975932,1558.0677528360857,817.7038420146089
forecast_3597,2025-05-30 21:00:00,1726.319449222599,1855.713554644701,958.0522527899195
forecast_3598,2025-05-30 22:00:00,2116.647187471668,2493.6261992282543,998.0732104620689
forecast_3599,2025-05-30 23:00:00,2173.0270647715734,2053.6886101385,845.0265140249498
forecast_3600,2025-05-31 00:00:00,1842.0042418498674,1826.4264999936413,766.9706967705044
forecast_3601,2025-05-31 01:00:00,1407.9501111139302,1520.5929442127447,692.0701868467959
forecast_3602,2025-05-31 02:00:00,1347.8554416061083,1580.2589901716624,815.0130012509701
forecast_3603,2025-05-31 03:00:00,2029.2684671697998,1681.9677372729377,848.9923497288647
forecast_3604,2025-05-31 04:00:00,2313.767570496012,1942.0076150362647,766.1487883588818
forecast_3605,2025-05-31 05:00:00,2105.233004639821,1809.1862178960819,657.8984388014076
forecast_3606,2025-05-31 06:00:00,1845.4258733781326,1565.9694360863884,721.3546810861125
forecast_3607,2025-05-31 07:00:00,1888.677170276952,1564.9506360405876,736.5227960186196
forecast_3608,2025-05-31 08:00:00,1395.5249086360704,1480.2951191036207,751.3643786799831
forecast_3609,2025-05-31 09:00:00,1014.1103926559734,1301.3357251422303,733.9713406306768
forecast_3610,2025-05-31 10:00:00,861.155832532924,1231.903022437979,918.7583632680617
forecast_3611,2025-05-31 11:00:00,876.9794528088407,1358.5802506742227,1162.389288171465
forecast_3612,2025-05-31 12:00:00,992.5188333018359,1475.4084695777822,1274.8971720443728
forecast_3613,2025-05-31 13:00:00,1115.6881410031287,1513.6713842580352,1380.1436909781164
forecast_3614,2025-05-31 14:00:00,1031.981849134651,1380.7081935235406,1336.5221317516962
forecast_3615,2025-05-31 15:00:00,788.605055754787,1284.0928898957518,1063.5574040295833
forecast_3616,2025-05-31 16:00:00,755.6951121628791,1282.1687381060588,948.030133712792
forecast_3617,2025-05-31 17:00:00,832.2017519743235,1124.1736084950226,842.590407212452
forecast_3618,2025-05-31 18:00:00,968.9887740926509,1311.6044567929132,775.3786667410965
forecast_3619,2025-05-31 19:00:00,1635.13461846184,1540.7949958908066,858.9779558041542
forecast_3620,2025-05-31 20:00:00,1431.472617166984,1533.28981618089,842.4268257855888
forecast_3621,2025-05-31 21:00:00,1406.8005957145401,1484.019095109699,822.8891803384589
forecast_3622,2025-05-31 22:00:00,1632.0659006690184,1498.5092896039534,905.4430216354876
forecast_3623,2025-05-31 23:00:00,1513.2994202885911,1445.3257874341834,832.1042638472095
forecast_3624,2025-06-01 00:00:00,1236.0818862303665,1258.3611686499062,731.0845625492769
forecast_3625,2025-06-01 01:00:00,858.2138850875925,861.7718141915327,596.9967206398435
forecast_3626,2025-06-01 02:00:00,1084.8235663956948,955.7269048055956,704.2177709043805
forecast_3627,2025-06-01 03:00:00,1251.329211950319,1266.6507224068682,829.7091951559985
forecast_3628,2025-06-01 04:00:00,1669.5024357180891,1583.8303378276776,832.2143266728209
forecast_3629,2025-06-01 05:00:00,1443.822207776394,1278.7072803203182,766.6556968852577
forecast_3630,2025-06-01 06:00:00,906.8553796437451,829.7660529451666,556.0577123740934
forecast_3631,2025-06-01 07:00:00,323.11254814236753,463.95384995979555,535.4808529334618
forecast_3632,2025-06-01 08:00:00,231.93078888495089,252.45331282105278,535.4808529334618
forecast_3633,2025-06-01 09:00:00,221.65261647497036,247.39948933017988,535.4808529334618
forecast_3634,2025-06-01 10:00:00,218.70136214658737,251.30755225853187,535.4808529334618
forecast_3635,2025-06-01 11:00:00,218.99700512369392,250.8560827595725,535.4808529334618
forecast_3636,2025-06-01 12:00:00,211.34914470486657,250.8560827595725,535.8279709373071
forecast_3637,2025-06-01 13:00:00,211.94331951606227,250.8560827595725,535.6029341789128
forecast_3638,2025-06-01 14:00:00,218.32192969899475,251.4920173168706,535.6029341789128
forecast_3639,2025-06-01 15:00:00,226.453393500848,250.8560827595725,535.2558161750676
forecast_3640,2025-06-01 16:00:00,212.587856186966,250.0320887026394,535.0469569221093
forecast_3641,2025-06-01 17:00:00,264.0743882164628,306.55157224611236,548.6979538777283
forecast_3642,2025-06-01 18:00:00,786.1242423910988,656.8914130164646,605.0021837460199
forecast_3643,2025-06-01 19:00:00,2394.4688600484146,2072.871000236649,1194.5148510391577
forecast_3644,2025-06-01 20:00:00,4087.5165538955625,3839.8529559786757,2542.385133769971
forecast_3645,2025-06-01 21:00:00,4925.353902516085,5091.33534684636,3561.008314482321
forecast_3646,2025-06-01 22:00:00,6835.756495222871,6300.431482008769,4250.505392271432
forecast_3647,2025-06-01 23:00:00,5982.034256603432,6556.301905414656,4268.805024444571
forecast_3648,2025-06-02 00:00:00,6779.981784405961,6619.47309251048,4781.404785417277
forecast_3649,2025-06-02 01:00:00,6693.654575079748,7661.291973794296,4638.044190024063
forecast_3650,2025-06-02 02:00:00,4939.5212192409745,5801.013384176106,3833.612680558406
forecast_3651,2025-06-02 03:00:00,6226.069300211915,5407.971151512642,3470.9833694743043
forecast_3652,2025-06-02 04:00:00,4141.013874197911,3592.0567801041834,2649.6990579639664
forecast_3653,2025-06-02 05:00:00,3087.0326521256843,2083.4300802659127,1800.945842333273
forecast_3654,2025-06-02 06:00:00,1870.6950408903085,1620.905928178259,1019.0404216861748
forecast_3655,2025-06-02 07:00:00,568.4719265484885,544.7508992212289,727.2181685144285
forecast_3656,2025-06-02 08:00:00,359.33549856114377,339.49566894057773,555.5832681627043
forecast_3657,2025-06-02 09:00:00,292.1368016272656,336.4377997199983,540.0159880647712
forecast_3658,2025-06-02 10:00:00,307.5564770313797,369.55541920722874,542.3163005592778
forecast_3659,2025-06-02 11:00:00,430.9477001041279,427.1957905669633,619.4004700778073
forecast_3660,2025-06-02 12:00:00,637.4184296961629,519.9949445655997,764.282836124908
forecast_3661,2025-06-02 13:00:00,671.1314506073288,622.0003642140111,799.6720809251003
forecast_3662,2025-06-02 14:00:00,883.4125573027029,1064.8833463226267,906.3285584480466
forecast_3663,2025-06-02 15:00:00,1675.037453403035,1834.2787107154986,1281.2070842178289
forecast_3664,2025-06-02 16:00:00,2753.068591571844,2319.0397880277064,1369.4653071045198
forecast_3665,2025-06-02 17:00:00,3371.2342099714087,2932.8723586225433,1968.025362291877
forecast_3666,2025-06-02 18:00:00,3644.1828485226315,3352.82046011243,2110.16154627761
forecast_3667,2025-06-02 19:00:00,3616.4883264408504,3314.3452740740236,1770.801042511119
forecast_3668,2025-06-02 20:00:00,2890.3047684857456,3181.758220768417,1133.5151150179581
forecast_3669,2025-06-02 21:00:00,2363.275411354862,2865.385220516369,999.9504691635772
forecast_3670,2025-06-02 22:00:00,1961.9835159278095,2625.259248133796,830.3146552087717
forecast_3671,2025-06-02 23:00:00,1245.4164986124363,1652.4654343934578,797.6460922181152
forecast_3672,2025-06-03 00:00:00,941.137114540428,1363.2815021244626,850.5927116619357
forecast_3673,2025-06-03 01:00:00,1504.8998425831082,1652.717759613193,866.190493959367
forecast_3674,2025-06-03 02:00:00,2007.8688191689937,2729.9078877411107,960.6620276164967
forecast_3675,2025-06-03 03:00:00,1981.1306021991682,3378.7352418591163,1526.1103341044188
forecast_3676,2025-06-03 04:00:00,1905.7379343109508,3432.725168909785,969.5899246941242
forecast_3677,2025-06-03 05:00:00,1966.002813163281,3174.167801548811,1464.421460187467
forecast_3678,2025-06-03 06:00:00,1854.6194719401428,2952.1532610542386,1494.3828030111536
forecast_3679,2025-06-03 07:00:00,1418.195644849086,1720.680780746564,1048.5025884657643
forecast_3680,2025-06-03 08:00:00,1311.1962106699618,1506.7614277736113,1056.7692787676006
forecast_3681,2025-06-03 09:00:00,1257.974215099831,1642.0365495577485,1286.4756293810494
forecast_3682,2025-06-03 10:00:00,2929.922692518435,3352.799756008989,2193.280483952147
forecast_3683,2025-06-03 11:00:00,4540.083879735039,4035.851475788857,3374.2847513602264
forecast_3684,2025-06-03 12:00:00,6845.018439710429,5532.650972856485,5079.864748236999
forecast_3685,2025-06-03 13:00:00,8040.4438861413055,7558.525247773781,7139.129123360044
forecast_3686,2025-06-03 14:00:00,10036.848694803351,9107.367429054357,8529.903746027423
forecast_3687,2025-06-03 15:00:00,10772.20155349968,9871.14403946407,8724.368429803433
forecast_3688,2025-06-03 16:00:00,11835.118285133914,10991.227322048164,10416.865249898005
forecast_3689,2025-06-03 17:00:00,12380.505695426631,11405.152799217456,10147.209444265392
forecast_3690,2025-06-03 18:00:00,13042.82483340607,12058.52809900629,10893.172024889367
forecast_3691,2025-06-03 19:00:00,13817.335232320045,13429.603809965378,12739.144159320618
forecast_3692,2025-06-03 20:00:00,14768.225838094892,15239.571648513696,14799.534171861475
forecast_3693,2025-06-03 21:00:00,16742.268666393065,16662.192652601796,16774.26389906711
forecast_3694,2025-06-03 22:00:00,16527.92151545606,15970.064206088124,16282.498905096392
forecast_3695,2025-06-03 23:00:00,15581.917692240295,14705.110692080594,14251.883395521669
forecast_3696,2025-06-04 00:00:00,14876.823967700348,14192.103732330597,14682.5396104748
forecast_3697,2025-06-04 01:00:00,15332.419769856806,14333.014705905429,14569.6670211838
forecast_3698,2025-06-04 02:00:00,15081.468343274682,15020.472374883315,14273.094713072347
forecast_3699,2025-06-04 03:00:00,15810.974183455404,16620.6717700582,15161.733516074484
forecast_3700,2025-06-04 04:00:00,16670.398580936246,17222.133499219464,16627.68569338925
forecast_3701,2025-06-04 05:00:00,16668.39489130354,17305.76458543948,17025.799212554288
forecast_3702,2025-06-04 06:00:00,17033.490098836017,17636.305126197927,17401.596118811736
forecast_3703,2025-06-04 07:00:00,17136.42702913529,17975.04145598088,17707.265726830345
forecast_3704,2025-06-04 08:00:00,16911.71787575187,17653.465074776184,17503.586422804765
forecast_3705,2025-06-04 09:00:00,16760.559538956357,17752.0991422858,17191.955292704683
forecast_3706,2025-06-04 10:00:00,16917.792744832437,17866.851938298143,16773.95269106601
forecast_3707,2025-06-04 11:00:00,16849.242834230918,17784.986896347717,16577.321516896354
forecast_3708,2025-06-04 12:00:00,16802.552056605287,17632.45989861693,16273.569874257752
forecast_3709,2025-06-04 13:00:00,16339.545871506669,17240.875614650347,15973.338124214399
forecast_3710,2025-06-04 14:00:00,15857.71443811056,15863.223810004272,14446.315076043535
forecast_3711,2025-06-04 15:00:00,14200.84804795017,14992.125922711948,12546.388370953442
forecast_3712,2025-06-04 16:00:00,13675.899900262857,13866.16689395239,10265.270646717037
forecast_3713,2025-06-04 17:00:00,13292.135040236024,13133.116836077117,9861.331300840055
forecast_3714,2025-06-04 18:00:00,13079.232035706978,12165.516812027116,9282.744186562795
forecast_3715,2025-06-04 19:00:00,13028.039599384147,10987.491765107909,8340.576458016643
forecast_3716,2025-06-04 20:00:00,13160.809344934587,12541.229578668412,8849.613145739646
forecast_3717,2025-06-04 21:00:00,12837.761836503087,12921.490445348898,10486.845897574962
forecast_3718,2025-06-04 22:00:00,13206.686561950692,13573.451886836772,11699.248289057123
forecast_3719,2025-06-04 23:00:00,13070.637553610417,12966.166796150073,12494.391258685946
forecast_3720,2025-06-05 00:00:00,13201.002654508164,14522.601278231461,13196.211792736627
forecast_3721,2025-06-05 01:00:00,13856.615413525236,15285.35078117176,13209.612380389384
forecast_3722,2025-06-05 02:00:00,14192.757099140597,15566.668550640443,13458.274498594272
forecast_3723,2025-06-05 03:00:00,14443.992620302492,15812.36191440875,13638.964082242903
forecast_3724,2025-06-05 04:00:00,14497.374453959954,15887.50456539446,13224.55058083152
forecast_3725,2025-06-05 05:00:00,14505.019035303074,16013.268007070776,14309.280180577862
forecast_3726,2025-06-05 06:00:00,14940.805783291973,16289.63297123789,14411.728594418559
forecast_3727,2025-06-05 07:00:00,14714.67102177869,16720.735881648812,13765.502401766431
forecast_3728,2025-06-05 08:00:00,13019.381696921359,15055.729191452683,11787.859387489272
forecast_3729,2025-06-05 09:00:00,10771.431407324999,12170.001352601652,8843.858426494995
forecast_3730,2025-06-05 10:00:00,8851.835993189014,9603.901918531928,7062.975882480599
forecast_3731,2025-06-05 11:00:00,8117.971155879875,8506.773437963675,6039.171954908842
forecast_3732,2025-06-05 12:00:00,7823.062277301355,7824.50787723768,5873.0450435099065
forecast_3733,2025-06-05 13:00:00,7452.318124298981,7364.933029860535,5448.66564284032
forecast_3734,2025-06-05 14:00:00,7493.990758139652,7789.519263332428,5163.051202282028
forecast_3735,2025-06-05 15:00:00,7645.011367034189,7781.2355503355975,5641.596114499666
forecast_3736,2025-06-05 16:00:00,8423.57709757183,8333.763990703806,6896.5316223661575
forecast_3737,2025-06-05 17:00:00,9891.42000109156,9104.624910463375,9952.608080012751
forecast_3738,2025-06-05 18:00:00,11304.067391358945,11602.737395753062,12299.450400964832
forecast_3739,2025-06-05 19:00:00,13484.079920654123,14302.09643223551,15944.323953645842
forecast_3740,2025-06-05 20:00:00,14431.180168229715,16497.975117554175,17790.95602871513
forecast_3741,2025-06-05 21:00:00,16232.01555393535,18053.438346026123,18251.19329062342
forecast_3742,2025-06-05 22:00:00,18734.34641028302,18592.44403032857,18541.33111504192
forecast_3743,2025-06-05 23:00:00,19425.334743818523,18251.664755989725,18384.46101162273
forecast_3744,2025-06-06 00:00:00,19775.53044824191,18147.87650606466,18299.45819880985
forecast_3745,2025-06-06 01:00:00,19463.504038407908,18507.5759433966,17645.701523628886
forecast_3746,2025-06-06 02:00:00,19508.404872188643,18444.59401193759,17859.55036503878
forecast_3747,2025-06-06 03:00:00,19681.893998802352,18442.484366896795,17738.144629819362
forecast_3748,2025-06-06 04:00:00,19634.296765395622,18484.755534849683,17757.67025444615
forecast_3749,2025-06-06 05:00:00,20248.64009634521,18434.391410978067,18004.106290207023
forecast_3750,2025-06-06 06:00:00,20120.05468677298,18207.261495631632,17741.93459075915
forecast_3751,2025-06-06 07:00:00,18728.285122031655,18069.928282261448,17930.88301630107
forecast_3752,2025-06-06 08:00:00,17507.376820760444,17909.6410932434,17327.869063894257
forecast_3753,2025-06-06 09:00:00,15302.159935299107,16503.76843496722,16270.642878816063
forecast_3754,2025-06-06 10:00:00,14409.436497686633,14703.232069501782,15800.599650419805
forecast_3755,2025-06-06 11:00:00,14261.90007710324,15691.227688318766,15454.360779642673
forecast_3756,2025-06-06 12:00:00,13778.974430346861,14854.879715870185,14407.141045596265
forecast_3757,2025-06-06 13:00:00,14083.976826962584,14686.10419758725,14107.373087714726
forecast_3758,2025-06-06 14:00:00,14294.376058397997,15148.718876823597,14266.738539444406
forecast_3759,2025-06-06 15:00:00,14777.397090308074,14718.766688540582,14192.235814440586
forecast_3760,2025-06-06 16:00:00,14873.95720256039,14583.090843983246,14420.288845236933
forecast_3761,2025-06-06 17:00:00,15084.355502251852,15790.844144539555,15142.197770253748
forecast_3762,2025-06-06 18:00:00,15465.950838402281,16583.72070613608,16041.416852760063
forecast_3763,2025-06-06 19:00:00,16461.038656188557,16993.08754460605,17914.21744412766
forecast_3764,2025-06-06 20:00:00,17125.48263431374,17736.865516848593,18233.35781529323
forecast_3765,2025-06-06 21:00:00,17422.697190348594,17797.48532363741,18259.33601365366
forecast_3766,2025-06-06 22:00:00,17776.29176265372,17982.600136888555,18185.807580127657
forecast_3767,2025-06-06 23:00:00,18445.07935184504,17853.71870231969,17993.183308214793
forecast_3768,2025-06-07 00:00:00,18590.78060042243,17874.489008352823,18353.813130602135
forecast_3769,2025-06-07 01:00:00,18695.06230521269,17726.07610831906,18181.250565895836
forecast_3770,2025-06-07 02:00:00,18977.10783213203,17798.515717881925,18166.199422772817
forecast_3771,2025-06-07 03:00:00,18707.14749160515,17770.624327008012,18269.45296906772
forecast_3772,2025-06-07 04:00:00,18306.990525438432,18045.307655586406,18091.003577571937
forecast_3773,2025-06-07 05:00:00,18742.796261723204,18169.560679328042,18002.81167747304
forecast_3774,2025-06-07 06:00:00,19110.6026457893,18138.697156758066,17941.99820003894
forecast_3775,2025-06-07 07:00:00,18281.266092651826,18009.85768155643,17694.015481106064
forecast_3776,2025-06-07 08:00:00,16212.026424896398,17331.25917697298,16605.70970900489
forecast_3777,2025-06-07 09:00:00,13963.330584247055,15343.917532412719,12851.685216692711
forecast_3778,2025-06-07 10:00:00,11077.571625456863,11682.919208930089,8998.088729111538
forecast_3779,2025-06-07 11:00:00,9242.440088367344,10124.219433468214,8149.379542325253
forecast_3780,2025-06-07 12:00:00,8215.493131116664,8970.951673705322,7050.71375998855
forecast_3781,2025-06-07 13:00:00,7428.305979125513,8362.527232877821,5446.913720396032
forecast_3782,2025-06-07 14:00:00,6992.628497875689,8111.864367344644,4879.704393297048
forecast_3783,2025-06-07 15:00:00,6820.010289080113,7328.094516769979,4986.309209302277
forecast_3784,2025-06-07 16:00:00,6643.334895001935,7228.929281338154,5233.574767258215
forecast_3785,2025-06-07 17:00:00,7503.509704900971,7429.333719393646,5853.243812303899
forecast_3786,2025-06-07 18:00:00,7950.087365026981,8665.024756579865,6839.554829301768
forecast_3787,2025-06-07 19:00:00,9711.582299709593,10663.14662726319,8844.350713143394
forecast_3788,2025-06-07 20:00:00,12019.267293960012,13473.855120634467,12239.755962488649
forecast_3789,2025-06-07 21:00:00,13624.417805160732,15056.488467434032,13316.190453482453
forecast_3790,2025-06-07 22:00:00,14126.350587140649,15133.767687253712,12475.64175801249
forecast_3791,2025-06-07 23:00:00,13983.585092079671,14282.350640175522,12131.58354378507
forecast_3792,2025-06-08 00:00:00,13920.287208864189,15072.28329069951,12445.58506185692
forecast_3793,2025-06-08 01:00:00,14217.756460580353,15322.483275358365,12317.438304590478
forecast_3794,2025-06-08 02:00:00,12908.565559022849,14569.727233764144,11820.386424210103
forecast_3795,2025-06-08 03:00:00,12188.282103637383,12940.025274369387,9588.675707630448
forecast_3796,2025-06-08 04:00:00,11721.280773936978,11405.924701066155,8897.703722809598
forecast_3797,2025-06-08 05:00:00,11231.328512237636,10507.47401872496,8006.468591832225
forecast_3798,2025-06-08 06:00:00,9843.637178334955,9248.544247220105,6282.160548515841
forecast_3799,2025-06-08 07:00:00,6162.278126227946,6179.753338658538,2716.174754698541
forecast_3800,2025-06-08 08:00:00,2662.120488138802,2169.091139344495,1083.9925430184226
forecast_3801,2025-06-08 09:00:00,1150.4914540001673,992.8157947921923,564.2720672326634
forecast_3802,2025-06-08 10:00:00,354.0341299070801,352.5179673441816,536.26186291271
forecast_3803,2025-06-08 11:00:00,240.79655948044916,264.45074716464615,535.0469569221093
forecast_3804,2025-06-08 12:00:00,217.31496098693313,250.8560827595725,535.0469569221093
forecast_3805,2025-06-08 13:00:00,229.28195684658746,250.8560827595725,535.0469569221093
forecast_3806,2025-06-08 14:00:00,217.8138384245675,250.8560827595725,535.0469569221093
forecast_3807,2025-06-08 15:00:00,224.7563675521963,247.03648706529785,535.0469569221093
forecast_3808,2025-06-08 16:00:00,217.76456434927908,250.0320887026394,535.0469569221093
forecast_3809,2025-06-08 17:00:00,237.50516914694953,249.95967740989494,535.0469569221093
forecast_3810,2025-06-08 18:00:00,362.58710915554786,483.124592286547,554.1764615211633
forecast_3811,2025-06-08 19:00:00,1336.1963400055215,1250.669967869741,723.4120429682654
forecast_3812,2025-06-08 20:00:00,2729.280349100153,2168.2367565545337,1245.3218583692556
forecast_3813,2025-06-08 21:00:00,4846.112477672649,3971.5295580757884,2543.1985632851597
forecast_3814,2025-06-08 22:00:00,6960.126497687018,6238.366782194397,4487.463096907475
forecast_3815,2025-06-08 23:00:00,9183.252655512475,8284.683117159217,6442.642231652489
forecast_3816,2025-06-09 00:00:00,11243.733002134511,10314.938437372975,8502.699856760864
forecast_3817,2025-06-09 01:00:00,11738.401879822008,11448.3245231267,9305.805501921595
forecast_3818,2025-06-09 02:00:00,11986.092243947724,11844.278852402711,9025.141860849133
forecast_3819,2025-06-09 03:00:00,12075.531470258373,11234.311989852016,8192.07400393665
forecast_3820,2025-06-09 04:00:00,11871.881030593406,10678.33549485605,7413.052776824695
forecast_3821,2025-06-09 05:00:00,10273.763041671744,9372.608204992697,6770.6295114606555
forecast_3822,2025-06-09 06:00:00,7746.3596440370075,7620.490786205879,4933.054535602258
forecast_3823,2025-06-09 07:00:00,4585.570471843164,3955.979702853399,2698.6811485102808
forecast_3824,2025-06-09 08:00:00,1827.3568406748873,1313.3085468294908,1063.1157694596227
forecast_3825,2025-06-09 09:00:00,820.2139807426211,769.455870203907,673.7547174017808
forecast_3826,2025-06-09 10:00:00,360.8516089301838,449.71839738053154,559.582999839013
forecast_3827,2025-06-09 11:00:00,403.53321466599266,487.37757190081504,693.5377364466808
forecast_3828,2025-06-09 12:00:00,588.2622052181622,759.8967476306822,818.4881602164198
forecast_3829,2025-06-09 13:00:00,698.6567765981242,894.797404590104,905.2227455270288
forecast_3830,2025-06-09 14:00:00,1120.677468107155,1443.8851197536223,1117.6771729935879
forecast_3831,2025-06-09 15:00:00,1951.4124498885549,2002.830102601622,1863.0003795530902
forecast_3832,2025-06-09 16:00:00,2617.4544478493453,3140.363829864104,2205.208545889499
forecast_3833,2025-06-09 17:00:00,3164.9619704136867,3329.50270296293,2412.2617183297352
forecast_3834,2025-06-09 18:00:00,3732.081247940545,4094.7652635006853,2780.5604109571595
forecast_3835,2025-06-09 19:00:00,4932.608241805408,5244.508472414986,3425.1269906155203
forecast_3836,2025-06-09 20:00:00,5498.1106840002885,6624.983795486925,4184.056776358377
forecast_3837,2025-06-09 21:00:00,8259.458170990834,8563.612138463142,6215.572850889052
forecast_3838,2025-06-09 22:00:00,11068.814850115867,12171.874818652392,9799.9699236445
forecast_3839,2025-06-09 23:00:00,12256.096485571143,14245.728414132489,11084.45806086134
forecast_3840,2025-06-10 00:00:00,13456.354192409446,15891.392306359005,12445.858316140311
forecast_3841,2025-06-10 01:00:00,15523.516057773504,16566.483284140464,16025.665709553165
forecast_3842,2025-06-10 02:00:00,16642.33038196552,17392.223986848294,16363.233637259136
forecast_3843,2025-06-10 03:00:00,16451.917089002323,17675.688531059553,17172.74788464418
forecast_3844,2025-06-10 04:00:00,15988.577152071568,17355.938042987713,15975.174583252296
forecast_3845,2025-06-10 05:00:00,17271.602993153727,16932.206131518393,16694.06562345186
forecast_3846,2025-06-10 06:00:00,16042.210952242287,15851.487387366451,15579.295871573377
forecast_3847,2025-06-10 07:00:00,15328.901180448107,15357.772487608334,13513.883401793184
forecast_3848,2025-06-10 08:00:00,12569.318655240824,14028.59189280488,9623.608956945878
forecast_3849,2025-06-10 09:00:00,9241.701127497787,9712.788576812982,6621.939641758376
forecast_3850,2025-06-10 10:00:00,7502.670576384729,7719.7244924312145,5527.187118439164
forecast_3851,2025-06-10 11:00:00,6337.857621005822,7418.471180670287,5271.886514089856
forecast_3852,2025-06-10 12:00:00,5973.244474629583,7100.972336886607,5436.180181868161
forecast_3853,2025-06-10 13:00:00,6595.120578559759,7742.048144608059,5662.736469906786
forecast_3854,2025-06-10 14:00:00,7587.563339416344,7949.869348164075,5720.6313642115165
forecast_3855,2025-06-10 15:00:00,8201.136721711948,9074.782067597043,6325.421075402399
forecast_3856,2025-06-10 16:00:00,9004.950839602336,9623.397651072024,7986.3857461436
forecast_3857,2025-06-10 17:00:00,9770.905596468114,10344.073181015945,8412.725240221083
forecast_3858,2025-06-10 18:00:00,10321.737502850689,11110.12055081114,8311.376604747671
forecast_3859,2025-06-10 19:00:00,10969.560347635372,11750.597117583748,9075.881131155713
forecast_3860,2025-06-10 20:00:00,11650.107524548415,12322.511493604612,10208.400047284407
forecast_3861,2025-06-10 21:00:00,13177.7934286999,13533.417138119485,11917.436389944152
forecast_3862,2025-06-10 22:00:00,14833.031960704648,15640.821114501909,14808.424363357557
forecast_3863,2025-06-10 23:00:00,15369.51777500033,16497.31480515359,15426.436102597005
forecast_3864,2025-06-11 00:00:00,15102.246762985764,15211.66844814198,15851.13686425856
forecast_3865,2025-06-11 01:00:00,15710.14989624457,16132.918109617727,15945.297686130194
forecast_3866,2025-06-11 02:00:00,15071.277682118267,16086.077517174916,13816.201864442253
forecast_3867,2025-06-11 03:00:00,14057.332196816013,16096.62490887963,12566.84884508411
forecast_3868,2025-06-11 04:00:00,13213.565898494711,15629.137865151459,11605.164691517864
forecast_3869,2025-06-11 05:00:00,13265.18785825025,14759.351312864648,11607.847989658225
forecast_3870,2025-06-11 06:00:00,13675.269563177491,14318.758900413475,10943.770084825741
forecast_3871,2025-06-11 07:00:00,13106.34728222786,12382.15693005692,9294.210407916808
forecast_3872,2025-06-11 08:00:00,11116.492656014472,10477.574502832975,7693.576190266271
forecast_3873,2025-06-11 09:00:00,9062.821920036668,8815.982802533068,6255.555971180246
forecast_3874,2025-06-11 10:00:00,8613.975365210106,7625.9210552207915,5722.652510000159
forecast_3875,2025-06-11 11:00:00,8954.158871873364,7063.666001268895,5460.265046536473
forecast_3876,2025-06-11 12:00:00,8913.7947191242,6965.403746334058,5249.547502883233
forecast_3877,2025-06-11 13:00:00,8401.219045468939,6951.5996699154875,5762.793978807464
forecast_3878,2025-06-11 14:00:00,8681.660311486698,7281.1438544931825,6453.644162909387
forecast_3879,2025-06-11 15:00:00,7929.500812020595,6492.737394486842,5037.696062623407
forecast_3880,2025-06-11 16:00:00,6842.054469445365,5213.934233397195,3569.2616732304878
forecast_3881,2025-06-11 17:00:00,5598.085695472317,3923.205151070918,2604.5352987499323
forecast_3882,2025-06-11 18:00:00,4537.882898719061,3840.120945965845,2151.32779560491
forecast_3883,2025-06-11 19:00:00,4813.2333442449035,5359.091638210248,2836.1752301846604
forecast_3884,2025-06-11 20:00:00,6765.493755282832,6223.308042937821,3596.0258823143204
forecast_3885,2025-06-11 21:00:00,8172.044689654036,7749.212702479181,4469.868515003001
forecast_3886,2025-06-11 22:00:00,8733.044919664499,9042.487102888539,5544.522792638887
forecast_3887,2025-06-11 23:00:00,9163.439665606691,9641.982195905173,6114.9533781511545
forecast_3888,2025-06-12 00:00:00,9033.709504268889,8629.271700509813,5397.265414472571
forecast_3889,2025-06-12 01:00:00,6312.662517303719,6014.908536712002,3903.527496667846
forecast_3890,2025-06-12 02:00:00,5339.742940431912,4480.4442911045535,2881.951333532981
forecast_3891,2025-06-12 03:00:00,4025.4820340095466,2647.234382067789,1326.3057277552389
forecast_3892,2025-06-12 04:00:00,2511.0124676325595,1489.8750730133215,961.2449195178912
forecast_3893,2025-06-12 05:00:00,1340.2654468039002,958.1096884681152,645.9906983634697
forecast_3894,2025-06-12 06:00:00,773.976541917352,657.4231824103541,541.3264272911217
forecast_3895,2025-06-12 07:00:00,587.480100224123,460.5321753826699,536.26186291271
forecast_3896,2025-06-12 08:00:00,302.09928568521445,332.3638913239778,536.26186291271
forecast_3897,2025-06-12 09:00:00,230.8256138555898,249.23530689373865,535.0469569221093
forecast_3898,2025-06-12 10:00:00,229.2538307381376,248.86017223808906,535.0469569221093
forecast_3899,2025-06-12 11:00:00,219.20618874254723,246.41307530851373,535.0469569221093
forecast_3900,2025-06-12 12:00:00,218.09803248388374,246.32629730672843,535.0469569221093
forecast_3901,2025-06-12 13:00:00,218.09803248388374,246.41307530851373,535.0469569221093
forecast_3902,2025-06-12 14:00:00,217.35003775093458,246.41307530851373,535.0469569221093
forecast_3903,2025-06-12 15:00:00,221.9948016940387,248.86017223808906,535.0469569221093
forecast_3904,2025-06-12 16:00:00,232.934280746403,273.82606993624216,535.0469569221093
forecast_3905,2025-06-12 17:00:00,278.4334029080603,364.7956390535312,536.26186291271
forecast_3906,2025-06-12 18:00:00,554.1305900648172,497.9556767469304,538.0061981504128
forecast_3907,2025-06-12 19:00:00,777.7705275452361,1102.4908300548482,538.0061981504128
forecast_3908,2025-06-12 20:00:00,766.1373849518764,1381.432035742206,615.8149148565109
forecast_3909,2025-06-12 21:00:00,1038.255781780057,1316.477342060168,829.6143403477369
forecast_3910,2025-06-12 22:00:00,2390.77153543875,2175.471139291744,1321.8166123716383
forecast_3911,2025-06-12 23:00:00,3545.195090232155,3720.2622898189757,1828.8000473493018
forecast_3912,2025-06-13 00:00:00,4401.262924123881,4561.057868460622,2941.475661245908
forecast_3913,2025-06-13 01:00:00,5521.793143609535,6659.577055429826,3704.3912204902463
forecast_3914,2025-06-13 02:00:00,7504.530907757697,7472.549604036565,4567.069675447005
forecast_3915,2025-06-13 03:00:00,7492.337332912229,8009.007829150301,4825.208064080169
forecast_3916,2025-06-13 04:00:00,7571.396220515004,7484.588748849687,4621.360911604915
forecast_3917,2025-06-13 05:00:00,6780.209810326899,5134.297328860635,3109.1425952516493
forecast_3918,2025-06-13 06:00:00,4055.4699447433713,2485.9925857757657,1767.276850980382
forecast_3919,2025-06-13 07:00:00,1525.8394784020848,1218.2945306451463,896.9428513053807
forecast_3920,2025-06-13 08:00:00,745.7517275265741,562.5440824977,565.094634611103
forecast_3921,2025-06-13 09:00:00,303.67060478129065,399.80163482762543,548.3508358738832
forecast_3922,2025-06-13 10:00:00,222.79803952767188,277.18816427999633,535.0469569221093
forecast_3923,2025-06-13 11:00:00,236.90714560870455,285.6175255732698,535.0469569221093
forecast_3924,2025-06-13 12:00:00,246.65983274068927,274.9183908923207,536.8178401695135
forecast_3925,2025-06-13 13:00:00,385.5342292721894,354.2036801606119,682.0397033481478
forecast_3926,2025-06-13 14:00:00,627.7461728911028,699.017055127834,848.5852176025885
forecast_3927,2025-06-13 15:00:00,766.0129244448055,916.1334329291483,1003.7466830373387
forecast_3928,2025-06-13 16:00:00,804.2299059691929,1168.7458261277493,934.2034169542809
forecast_3929,2025-06-13 17:00:00,1035.8980689077534,2039.0067321575293,1141.7556741271794
forecast_3930,2025-06-13 18:00:00,1458.671038711014,2072.329537652293,1164.8776275931202
forecast_3931,2025-06-13 19:00:00,1349.0857248021791,2537.2724375056064,1136.527429862072
forecast_3932,2025-06-13 20:00:00,1381.114491342836,2758.4724562034266,1399.6888650442834
forecast_3933,2025-06-13 21:00:00,2143.967335233337,3194.988417713518,1492.7356220839588
forecast_3934,2025-06-13 22:00:00,3875.1182565328527,4807.09740236102,2952.1148745923433
forecast_3935,2025-06-13 23:00:00,4352.954340894361,5228.727974619385,2841.5345841566564
forecast_3936,2025-06-14 00:00:00,5700.416790359899,6598.619033086581,4416.9256629849
forecast_3937,2025-06-14 01:00:00,9437.187859698173,10184.455935313359,8055.611480539705
forecast_3938,2025-06-14 02:00:00,10578.718942004876,12673.68350300043,9057.579613647746
forecast_3939,2025-06-14 03:00:00,10179.256076093145,13232.78903792414,8385.77021797203
forecast_3940,2025-06-14 04:00:00,8950.38376004121,11293.63637301053,5958.5450400067
forecast_3941,2025-06-14 05:00:00,7051.384721604836,7821.119506046414,2889.100663035816
forecast_3942,2025-06-14 06:00:00,3593.7913708944557,4574.552548676825,1725.4607656587486
forecast_3943,2025-06-14 07:00:00,1798.209559972283,1760.2277735915986,726.2984455403825
forecast_3944,2025-06-14 08:00:00,1069.749674994862,1140.9730360926135,553.8758442733488
forecast_3945,2025-06-14 09:00:00,600.5670454140044,797.4721889871222,540.3631060686165
forecast_3946,2025-06-14 10:00:00,349.84503759329704,741.0027335308492,539.7424708262894
forecast_3947,2025-06-14 11:00:00,495.789430471258,746.1130655754789,585.5793151850598
forecast_3948,2025-06-14 12:00:00,454.4442565004709,840.8659200895378,620.7255977415413
forecast_3949,2025-06-14 13:00:00,438.85621369409483,730.1025674286352,709.0447075535598
forecast_3950,2025-06-14 14:00:00,300.3710923455386,494.38700955650404,708.3101942943927
forecast_3951,2025-06-14 15:00:00,269.5415334228667,453.9386240104305,672.942617080717
forecast_3952,2025-06-14 16:00:00,298.73877272887364,345.0779588497793,540.3631060686165
forecast_3953,2025-06-14 17:00:00,378.61386256084893,432.4894919675781,542.3163005592778
forecast_3954,2025-06-14 18:00:00,525.6555278072058,678.8960700963798,549.0019152763538
forecast_3955,2025-06-14 19:00:00,640.3995591125051,854.4976287910587,555.6201795110517
forecast_3956,2025-06-14 20:00:00,688.323967953592,985.1623281450958,557.5090825978687
forecast_3957,2025-06-14 21:00:00,688.9241129489427,893.3348361100925,738.5203870441611
forecast_3958,2025-06-14 22:00:00,1592.820882422077,1221.1384582209805,911.2175705530747
forecast_3959,2025-06-14 23:00:00,2023.44474210211,1244.587122091949,1202.3134179259214
forecast_3960,2025-06-15 00:00:00,3104.0329374445478,2278.885552714425,1717.7439029472382
forecast_3961,2025-06-15 01:00:00,5218.68446973181,4363.440654387533,4623.385240569433
forecast_3962,2025-06-15 02:00:00,6999.112025176604,5631.649774783399,5556.665183389907
forecast_3963,2025-06-15 03:00:00,6703.502022220968,5805.304028591725,5811.989596122978
forecast_3964,2025-06-15 04:00:00,7268.413658636324,5817.17928784421,5485.9005977580255
forecast_3965,2025-06-15 05:00:00,6737.409586307247,5679.4623510161655,5423.497335510243
forecast_3966,2025-06-15 06:00:00,5823.6970953788405,5256.818021434934,5358.693464416914
forecast_3967,2025-06-15 07:00:00,4171.040863560029,4249.071568433739,3359.4148084979324
forecast_3968,2025-06-15 08:00:00,2379.6908338690628,2179.1961853222238,1669.798291003487
forecast_3969,2025-06-15 09:00:00,1236.1204331592623,983.9096548027715,1168.1774915051158
forecast_3970,2025-06-15 10:00:00,700.4001664814446,649.1270368621927,962.9014383994813
forecast_3971,2025-06-15 11:00:00,761.505618237472,595.6263589826569,1035.4272494346867
forecast_3972,2025-06-15 12:00:00,1212.9049383166746,1105.9366316764322,1398.320019474283
forecast_3973,2025-06-15 13:00:00,1730.231506408329,1975.533708439349,2604.6777613365302
forecast_3974,2025-06-15 14:00:00,2431.4497422784366,3208.286415338117,3654.8481111315286
forecast_3975,2025-06-15 15:00:00,3345.613102254482,4026.709563391425,4482.281768386685
forecast_3976,2025-06-15 16:00:00,3897.9408226323903,4570.045573449399,4561.181668177033
forecast_3977,2025-06-15 17:00:00,4263.635081554439,5083.305971965829,4768.193680377277
forecast_3978,2025-06-15 18:00:00,4903.209314157935,6571.271911686486,5932.059005922589
forecast_3979,2025-06-15 19:00:00,7325.349786801791,8987.378640033603,6642.238798063639
forecast_3980,2025-06-15 20:00:00,7979.420393723329,10950.180043454027,5844.61971189608
forecast_3981,2025-06-15 21:00:00,8660.7711467413,11385.39884920671,7620.018117108359
forecast_3982,2025-06-15 22:00:00,10468.329805036477,12889.225231699376,8900.509221840608
forecast_3983,2025-06-15 23:00:00,11631.120051982625,15116.499831260875,10717.110232610628
forecast_3984,2025-06-16 00:00:00,11757.601230499817,15008.821276194692,11532.931581214987
forecast_3985,2025-06-16 01:00:00,11300.26899059082,13891.83050692924,9400.240430632604
forecast_3986,2025-06-16 02:00:00,10890.891184049517,12799.964934333293,9336.881616690955
forecast_3987,2025-06-16 03:00:00,11354.35617220413,13295.507050063185,9824.519750588015
forecast_3988,2025-06-16 04:00:00,10908.207221167959,13521.683014899538,9260.071273929807
forecast_3989,2025-06-16 05:00:00,9608.711097928364,12679.519344894488,9120.526850677123
forecast_3990,2025-06-16 06:00:00,10042.280506174244,13218.669463110125,9376.105319911461
forecast_3991,2025-06-16 07:00:00,10621.780991530148,14575.099550280593,7832.644940177926
forecast_3992,2025-06-16 08:00:00,10304.616927812163,14168.06569532031,7399.0626600968335
forecast_3993,2025-06-16 09:00:00,10466.366781917632,13063.991816461063,7319.045798916875
forecast_3994,2025-06-16 10:00:00,9817.954064412304,10887.897838435889,8365.208629802473
forecast_3995,2025-06-16 11:00:00,10868.483170689658,12236.011300184899,9577.608219255926
forecast_3996,2025-06-16 12:00:00,11950.625842890722,12738.91584477517,8902.465018580948
forecast_3997,2025-06-16 13:00:00,10149.883683553995,10900.926544350728,8929.678425585815
forecast_3998,2025-06-16 14:00:00,10445.544604562041,12003.817413324166,9559.300558247887
forecast_3999,2025-06-16 15:00:00,11152.6496404707,12855.119691410102,11175.150068808467
forecast_4000,2025-06-16 16:00:00,11270.266726577105,13575.796192465155,12594.720256615157
forecast_4001,2025-06-16 17:00:00,13031.81112547536,14122.06061761907,12366.056792945275
forecast_4002,2025-06-16 18:00:00,13410.847419428366,14006.190799892693,12192.308594581651
forecast_4003,2025-06-16 19:00:00,13669.296377313434,13720.703912625926,12297.696104241744
forecast_4004,2025-06-16 20:00:00,13798.042886527124,14322.781298920727,13521.456558635164
forecast_4005,2025-06-16 21:00:00,14203.648706195325,15076.859655360298,13642.596834076907
forecast_4006,2025-06-16 22:00:00,16816.769637399335,17498.175432123902,15685.827707944114
forecast_4007,2025-06-16 23:00:00,17419.322548632517,18265.789321219516,17140.97580745432
forecast_4008,2025-06-17 00:00:00,17698.79988502759,18357.62741472911,17916.402650714997
forecast_4009,2025-06-17 01:00:00,17633.157522830832,18307.04934882501,16967.293629713648
forecast_4010,2025-06-17 02:00:00,18118.66006271257,18238.973299345384,17498.046238381765
forecast_4011,2025-06-17 03:00:00,18013.83742889977,18525.904495087263,17278.100721428575
forecast_4012,2025-06-17 04:00:00,17577.67564399766,18683.973604302464,17028.225947789197
forecast_4013,2025-06-17 05:00:00,17442.93257241749,18595.758131294744,16934.81893831378
forecast_4014,2025-06-17 06:00:00,16434.015467789482,18268.149082047334,16730.482352648803
forecast_4015,2025-06-17 07:00:00,14413.36285695816,17136.931693553186,14338.921094006262
forecast_4016,2025-06-17 08:00:00,13744.361091665456,15437.307593468357,13059.737101466859
forecast_4017,2025-06-17 09:00:00,12910.550347232966,14375.336225687302,12871.061542718191
forecast_4018,2025-06-17 10:00:00,11424.474689146966,12517.106520363417,11524.281623994819
forecast_4019,2025-06-17 11:00:00,10713.498471322371,11906.388613287325,10590.110967379858
forecast_4020,2025-06-17 12:00:00,10484.405488272309,11793.584621703372,10470.215433117151
forecast_4021,2025-06-17 13:00:00,10290.86746427387,11656.734023572553,9915.872351192811
forecast_4022,2025-06-17 14:00:00,9730.054961278422,11308.867138952615,9106.249764662638
forecast_4023,2025-06-17 15:00:00,9341.316993432329,10453.5235531409,8855.295173791937
forecast_4024,2025-06-17 16:00:00,9116.705248412574,10549.81535382999,8689.384930695629
forecast_4025,2025-06-17 17:00:00,8241.991728589981,9707.059315724442,7257.091172955357
forecast_4026,2025-06-17 18:00:00,7899.320890149978,8576.969365070485,6191.311721700865
forecast_4027,2025-06-17 19:00:00,5912.488532067364,8202.142229750192,5808.083173767323
forecast_4028,2025-06-17 20:00:00,6474.693813380307,8539.82076613059,5339.365912084943
forecast_4029,2025-06-17 21:00:00,7587.367233853916,8820.734327686812,5506.813109715244
forecast_4030,2025-06-17 22:00:00,8995.02975700692,10388.742203706448,6150.087243590441
forecast_4031,2025-06-17 23:00:00,9937.275557478042,11658.354348489334,7109.907612826739
forecast_4032,2025-06-18 00:00:00,10029.289085857014,11770.358789546774,7347.25009864268
forecast_4033,2025-06-18 01:00:00,12013.14768884324,11974.198350468065,7423.579937107694
forecast_4034,2025-06-18 02:00:00,12459.498933882087,12589.402833231912,7835.506856139462
forecast_4035,2025-06-18 03:00:00,12458.94995310078,12871.700064169247,8466.371447424845
forecast_4036,2025-06-18 04:00:00,12333.077947649888,13881.975471516927,8832.187203905143
forecast_4037,2025-06-18 05:00:00,12931.168122945892,14813.488859877567,9061.5285378377
forecast_4038,2025-06-18 06:00:00,13237.181950257544,14163.176236809308,9056.813743150351
forecast_4039,2025-06-18 07:00:00,11141.481548921634,12984.46559543398,8136.937705454248
forecast_4040,2025-06-18 08:00:00,8922.12861199676,9885.757365222333,7218.42735021961
forecast_4041,2025-06-18 09:00:00,8536.846473410613,8504.251213124435,5634.9356421343255
forecast_4042,2025-06-18 10:00:00,7138.455270139659,6899.843773817463,4243.002531359107
forecast_4043,2025-06-18 11:00:00,6439.120137535665,5617.370020316823,3332.2332974548663
forecast_4044,2025-06-18 12:00:00,5475.4303121386,5012.223993531952,3103.685292118257
forecast_4045,2025-06-18 13:00:00,5265.746966572111,4717.912343286775,2887.296251854657
forecast_4046,2025-06-18 14:00:00,5056.770885370949,4532.42525314657,2883.3009661477886
forecast_4047,2025-06-18 15:00:00,5408.784596030861,4584.88843312796,3071.9617870969037
forecast_4048,2025-06-18 16:00:00,5325.146693168083,4783.958191459178,3164.941670715767
forecast_4049,2025-06-18 17:00:00,6236.707426926821,4816.453644694531,3901.50282530625
forecast_4050,2025-06-18 18:00:00,6164.668124261365,5833.499006298811,4783.723471844746
forecast_4051,2025-06-18 19:00:00,8117.986531486058,7867.54473670888,6149.826271182392
forecast_4052,2025-06-18 20:00:00,9475.674870236631,9383.22737208537,8234.131043144078
forecast_4053,2025-06-18 21:00:00,10938.339015116066,10984.883275714503,9311.042796135682
forecast_4054,2025-06-18 22:00:00,12649.015891125662,13812.756892584044,11453.552701790351
forecast_4055,2025-06-18 23:00:00,13464.955207228435,14735.252897719525,12997.146618685925
forecast_4056,2025-06-19 00:00:00,14414.047390372098,15089.500516268003,13143.145770782849
forecast_4057,2025-06-19 01:00:00,14511.79900340307,15620.596467656742,13647.192924754587
forecast_4058,2025-06-19 02:00:00,14214.189887007393,15445.230248255557,13031.459982329736
forecast_4059,2025-06-19 03:00:00,14483.763546767332,15011.037146266817,12722.19166724899
forecast_4060,2025-06-19 04:00:00,15121.01644883223,14551.677760311075,12235.318027707
forecast_4061,2025-06-19 05:00:00,14282.421645222144,13987.775777133651,10862.66341526033
forecast_4062,2025-06-19 06:00:00,12380.401006538013,12437.057501665495,8956.321074195459
forecast_4063,2025-06-19 07:00:00,10191.775419419464,9912.954254640325,6261.0598043882
forecast_4064,2025-06-19 08:00:00,7294.857807669823,6615.8114247703215,2966.721942488204
forecast_4065,2025-06-19 09:00:00,3806.2352592074058,2429.9617627309067,1221.1401480624793
forecast_4066,2025-06-19 10:00:00,1295.4595062674096,798.864600857337,737.441127450314
forecast_4067,2025-06-19 11:00:00,650.6799658522042,367.4824896764479,553.3198670165451
forecast_4068,2025-06-19 12:00:00,240.38933961812404,295.61592851909785,535.4808529334618
forecast_4069,2025-06-19 13:00:00,212.40477900526653,244.7974427085734,535.4808529334618
forecast_4070,2025-06-19 14:00:00,216.0220513948131,244.98894453060885,536.0368301902654
forecast_4071,2025-06-19 15:00:00,340.8040341398021,431.2878182057798,559.0220703196189
forecast_4072,2025-06-19 16:00:00,860.7730997652086,965.341259434628,784.0427472290622
forecast_4073,2025-06-19 17:00:00,1930.4243928724425,1885.5085404244223,1177.2773864759772
forecast_4074,2025-06-19 18:00:00,3072.9897679755954,3519.5542169195246,2039.0669710627058
forecast_4075,2025-06-19 19:00:00,4209.065567607124,4841.101931523534,2666.895927673378
forecast_4076,2025-06-19 20:00:00,5147.2988999295485,6561.892425175568,3159.696117671545
forecast_4077,2025-06-19 21:00:00,6636.002630734433,8030.197508121661,4696.092860832666
forecast_4078,2025-06-19 22:00:00,8597.485561949181,9641.635049304767,6939.557017110802
forecast_4079,2025-06-19 23:00:00,10272.897768404246,11433.23597929388,7840.090642809333
forecast_4080,2025-06-20 00:00:00,12244.384072926237,13171.61794995858,8351.913581501656
forecast_4081,2025-06-20 01:00:00,11894.683193916553,13838.858684029801,9028.537018448904
forecast_4082,2025-06-20 02:00:00,12626.42888232006,14419.069476448743,9995.292802229864
forecast_4083,2025-06-20 03:00:00,12608.057930128081,15027.173097117455,10782.020791486922
forecast_4084,2025-06-20 04:00:00,13397.591764328236,15426.052839606378,12408.292695085252
forecast_4085,2025-06-20 05:00:00,13860.609718561864,15566.972413733623,12073.670637060162
forecast_4086,2025-06-20 06:00:00,13181.943234665992,15246.063419394082,11028.26463677203
forecast_4087,2025-06-20 07:00:00,12305.75125770788,15074.947496818491,10185.280837303342
forecast_4088,2025-06-20 08:00:00,12101.497681431896,14814.269897263384,10773.286657680801
forecast_4089,2025-06-20 09:00:00,11447.741420797161,14936.275020913963,11343.817305308161
forecast_4090,2025-06-20 10:00:00,10719.287174252373,13948.29059191385,11139.166846333967
forecast_4091,2025-06-20 11:00:00,11109.928419821612,15297.496784436575,12880.129706817908
forecast_4092,2025-06-20 12:00:00,11968.912389445171,16308.291544593976,14334.695059941383
forecast_4093,2025-06-20 13:00:00,13630.645251733546,17604.939525550224,15881.574249224814
forecast_4094,2025-06-20 14:00:00,13957.804956438413,18283.181390299873,16861.41883746649
forecast_4095,2025-06-20 15:00:00,14426.682038812716,18265.99433406799,18016.66570807301
forecast_4096,2025-06-20 16:00:00,16435.1397670528,18533.15344892889,18655.817488615885
forecast_4097,2025-06-20 17:00:00,17698.401946294005,18280.42341862498,18625.514701073902
forecast_4098,2025-06-20 18:00:00,17941.59997578308,18211.50142500141,18069.8538186726
forecast_4099,2025-06-20 19:00:00,18219.40241163875,18082.18007514987,18910.13403252323
forecast_4100,2025-06-20 20:00:00,18252.90526665043,18025.833058877764,19184.088736429392
forecast_4101,2025-06-20 21:00:00,18547.121177447276,17794.322379390585,19366.13488789795
forecast_4102,2025-06-20 22:00:00,18354.388862716965,17743.549592317995,19204.05063976499
forecast_4103,2025-06-20 23:00:00,18121.90224440561,17792.950718304917,18763.70699488613
forecast_4104,2025-06-21 00:00:00,17963.640619185073,18083.475804963484,18325.14114343012
forecast_4105,2025-06-21 01:00:00,18193.441080917717,17981.631272590064,18701.996285465746
forecast_4106,2025-06-21 02:00:00,17765.261289570124,17667.650495550417,18473.858247058066
forecast_4107,2025-06-21 03:00:00,17547.59525676199,17907.518747282724,18211.439897377655
forecast_4108,2025-06-21 04:00:00,15261.678458359467,17632.269622620697,15988.974026702508
forecast_4109,2025-06-21 05:00:00,15452.738511721967,17181.67616409766,16328.882727650689
forecast_4110,2025-06-21 06:00:00,15682.492281427081,16229.00057466267,15091.1007886527
forecast_4111,2025-06-21 07:00:00,14743.172868786529,15260.760431295606,15571.33942804945
forecast_4112,2025-06-21 08:00:00,14638.121995898568,15117.845730823716,15493.89545935734
forecast_4113,2025-06-21 09:00:00,13405.767818906796,13749.878476199567,14245.941828562394
forecast_4114,2025-06-21 10:00:00,10502.80282800144,10705.2070347019,9474.449522512059
forecast_4115,2025-06-21 11:00:00,10011.59316043714,9919.743536646252,9029.224773437543
forecast_4116,2025-06-21 12:00:00,9808.51049558334,10480.856576065016,9634.678333334807
forecast_4117,2025-06-21 13:00:00,9797.519872466539,10487.319206638207,8431.569505539808
forecast_4118,2025-06-21 14:00:00,9943.368394489205,10328.251977716605,8597.664311830318
forecast_4119,2025-06-21 15:00:00,9463.082210270843,9561.330982152022,8521.559346451395
forecast_4120,2025-06-21 16:00:00,10383.849192707343,12003.771209835868,9449.037285479753
forecast_4121,2025-06-21 17:00:00,10927.559627816685,13197.249112115293,11006.263156010387
forecast_4122,2025-06-21 18:00:00,11097.697412581747,13098.827895636327,10233.526180491142
forecast_4123,2025-06-21 19:00:00,11504.374670349098,13036.016321592266,9350.425082171725
forecast_4124,2025-06-21 20:00:00,12310.97031779361,14824.762972224984,12625.86385649968
forecast_4125,2025-06-21 21:00:00,13124.238041331235,15503.816241110766,11686.793558090005
forecast_4126,2025-06-21 22:00:00,13351.094585854764,15225.292963767504,12094.849276313711
forecast_4127,2025-06-21 23:00:00,13699.717690704674,14943.999821988265,12078.13943954829
forecast_4128,2025-06-22 00:00:00,14867.407735661029,15172.8668262293,13692.646324304684
forecast_4129,2025-06-22 01:00:00,14167.828990167123,14923.689090611631,12455.728961430375
forecast_4130,2025-06-22 02:00:00,14298.324030873993,14779.25972131101,11987.732828963317
forecast_4131,2025-06-22 03:00:00,13839.26623596835,14737.093156217226,10664.96680113048
forecast_4132,2025-06-22 04:00:00,12343.816089146396,13754.842180712018,8992.098149688982
forecast_4133,2025-06-22 05:00:00,11910.970226592583,12369.382215690664,8575.632648332938
forecast_4134,2025-06-22 06:00:00,11689.185311212708,11080.807179675445,8118.360255903923
forecast_4135,2025-06-22 07:00:00,11309.651565149561,11834.566358451604,7927.398242558291
forecast_4136,2025-06-22 08:00:00,10761.96719084903,11011.993257755592,6880.760042982127
forecast_4137,2025-06-22 09:00:00,8788.790584312956,9036.933717086626,5154.92372262151
forecast_4138,2025-06-22 10:00:00,7247.345967505222,6912.831514270507,3975.3026722622017
forecast_4139,2025-06-22 11:00:00,6968.328027429652,5375.531669686196,3277.7545579046964
forecast_4140,2025-06-22 12:00:00,6582.240080744934,4989.084237572731,3021.0131180287954
forecast_4141,2025-06-22 13:00:00,5578.833583050466,4342.283304108908,3355.1177639544453
forecast_4142,2025-06-22 14:00:00,4588.517628742973,3790.13869902685,2820.488802686059
forecast_4143,2025-06-22 15:00:00,4477.891752163292,3734.7675823796053,2638.6226008962026
forecast_4144,2025-06-22 16:00:00,4576.42872458584,4081.01440622698,2623.9609184668543
forecast_4145,2025-06-22 17:00:00,5244.651933954792,4475.344617559019,2981.6458938638907
forecast_4146,2025-06-22 18:00:00,6536.205569570532,5341.94033575244,3808.439783921158
forecast_4147,2025-06-22 19:00:00,7201.545690656388,5625.238923429458,3948.0103520232906
forecast_4148,2025-06-22 20:00:00,7738.757302079861,6222.869584197901,4090.9039330082355
forecast_4149,2025-06-22 21:00:00,8349.273726538684,6430.750871738228,4392.003601935119
forecast_4150,2025-06-22 22:00:00,8323.536633372845,7036.81146610573,4876.32208074461
forecast_4151,2025-06-22 23:00:00,8395.006284908854,6698.794577706743,4792.317580580864
forecast_4152,2025-06-23 00:00:00,7592.570707173521,5219.921025824955,4295.591083707954
forecast_4153,2025-06-23 01:00:00,5549.0641816271645,4598.919194178824,3528.528565872584
forecast_4154,2025-06-23 02:00:00,4251.315997877432,3872.698994492242,3212.0793039620994
forecast_4155,2025-06-23 03:00:00,4159.746593678335,2667.1065372363523,2621.3425943881693
forecast_4156,2025-06-23 04:00:00,3424.773904002257,2336.3670033291382,1932.0601920895806
forecast_4157,2025-06-23 05:00:00,2747.7676045590733,1714.5144206629443,1254.4358686435999
forecast_4158,2025-06-23 06:00:00,1592.5875819195546,1308.816104764696,911.0004537046962
forecast_4159,2025-06-23 07:00:00,895.4878431399286,800.2803055574014,570.6692280239045
forecast_4160,2025-06-23 08:00:00,336.42672005645056,413.54650838332446,539.5820920534187
forecast_4161,2025-06-23 09:00:00,250.506084426071,323.34373235661974,539.5820920534187
forecast_4162,2025-06-23 10:00:00,252.26182747632458,289.3230707367369,580.7435587699861
forecast_4163,2025-06-23 11:00:00,285.26309561420203,324.87415854825593,578.4660034460635
forecast_4164,2025-06-23 12:00:00,292.865081685474,412.1163179204393,637.4860019052539
forecast_4165,2025-06-23 13:00:00,281.7743287618584,513.8234401009569,650.3786100778447
forecast_4166,2025-06-23 14:00:00,331.90669118867004,489.73347797058955,616.9419917567266
forecast_4167,2025-06-23 15:00:00,293.08966889057274,494.9446269933228,561.8942019064722
forecast_4168,2025-06-23 16:00:00,263.7220722532539,363.5785252097147,540.4510784940335
forecast_4169,2025-06-23 17:00:00,233.5827835272719,265.4686486764609,536.4707221656683
forecast_4170,2025-06-23 18:00:00,226.95659589259404,244.8003497336947,535.0469569221093
forecast_4171,2025-06-23 19:00:00,220.17452147686657,243.80143522410322,535.0469569221093
forecast_4172,2025-06-23 20:00:00,226.44507334968924,249.5139334756524,535.0469569221093
forecast_4173,2025-06-23 21:00:00,246.62441402442232,255.24381518777324,535.0469569221093
forecast_4174,2025-06-23 22:00:00,272.6731095859182,275.9129205202257,535.0469569221093
forecast_4175,2025-06-23 23:00:00,315.11385192302373,278.84053862970836,535.0469569221093
forecast_4176,2025-06-24 00:00:00,331.8908140821194,339.7867359234717,535.0469569221093
forecast_4177,2025-06-24 01:00:00,378.18364173366115,300.2069789792474,535.0469569221093
forecast_4178,2025-06-24 02:00:00,590.2776966998825,379.8296125628091,536.3493335866333
forecast_4179,2025-06-24 03:00:00,744.474436312617,488.3618848843822,537.179333869362
forecast_4180,2025-06-24 04:00:00,1006.2830700389356,1014.0760207081624,544.542976595056
forecast_4181,2025-06-24 05:00:00,1275.6431210456296,1201.9270619416613,582.5525508691513
forecast_4182,2025-06-24 06:00:00,1712.1458448681474,1442.9953965456518,660.3548564685816
forecast_4183,2025-06-24 07:00:00,2460.0350218962203,2735.436708497078,760.1359556829905
forecast_4184,2025-06-24 08:00:00,2675.4406162068703,3357.955280151963,826.0845765229902
forecast_4185,2025-06-24 09:00:00,2404.176922665348,3129.1421376911476,853.7707446596664
forecast_4186,2025-06-24 10:00:00,2043.0859196330523,2742.133217067672,948.5054039192923
forecast_4187,2025-06-24 11:00:00,1666.0766308598988,2610.739890776072,1035.0912141622987
forecast_4188,2025-06-24 12:00:00,1677.4816384123023,2684.6958055796877,1355.5194421080723
forecast_4189,2025-06-24 13:00:00,1775.8349872428919,2752.570982655249,1138.2786057857388
forecast_4190,2025-06-24 14:00:00,1774.4408768957155,2726.538332711797,1426.650345487424
forecast_4191,2025-06-24 15:00:00,1805.617155562562,2865.6709702744306,1132.096911253413
forecast_4192,2025-06-24 16:00:00,2052.6562709732925,3093.253678432642,1066.839326113732
forecast_4193,2025-06-24 17:00:00,2517.718443954698,3289.085898028333,1072.6414189374002
forecast_4194,2025-06-24 18:00:00,3215.2853324126413,4263.648799341473,1098.521510642922
forecast_4195,2025-06-24 19:00:00,4506.335965069973,5517.696068342308,1265.0893315027245
forecast_4196,2025-06-24 20:00:00,5542.457032403135,6721.696848206733,1870.0134138162396
forecast_4197,2025-06-24 21:00:00,4968.782819701115,6646.647607766416,1887.1450909772927
forecast_4198,2025-06-24 22:00:00,6050.814113863743,6800.346689830186,1979.6259515919367
forecast_4199,2025-06-24 23:00:00,6011.3857119645645,6686.447843664448,1473.9908478929128
forecast_4200,2025-06-25 00:00:00,5634.196114732955,6165.8079402691255,1208.1223699033562
forecast_4201,2025-06-25 01:00:00,5591.929481142956,5332.948213688004,1132.32021132489
forecast_4202,2025-06-25 02:00:00,3879.0758488893757,3765.2386414402818,1587.1901787343795
forecast_4203,2025-06-25 03:00:00,3791.1547216491845,3460.371335012292,1605.007101104187
forecast_4204,2025-06-25 04:00:00,5465.369486690464,3329.432247492916,1613.630090439857
forecast_4205,2025-06-25 05:00:00,3854.3041572264015,3176.4548758840037,1012.6618765071329
forecast_4206,2025-06-25 06:00:00,3891.3700474315597,3122.8041696463624,997.382685371871
forecast_4207,2025-06-25 07:00:00,3310.118774136923,2920.6419092037468,879.2518152243204
forecast_4208,2025-06-25 08:00:00,2702.1602422406945,2875.526987864578,861.4849353249375
forecast_4209,2025-06-25 09:00:00,1919.468105900819,2630.951360204946,853.7856542421553
forecast_4210,2025-06-25 10:00:00,1603.4147051021303,2289.0638706683826,771.5810655109075
forecast_4211,2025-06-25 11:00:00,1546.8610528569277,2236.78425044708,757.6068634394741
forecast_4212,2025-06-25 12:00:00,1220.4221785520162,1559.1548433094295,662.5053142461666
forecast_4213,2025-06-25 13:00:00,965.9407843906789,1294.951779793254,611.9449549939002
forecast_4214,2025-06-25 14:00:00,946.6534382358052,889.4768901485334,542.3163005592778
forecast_4215,2025-06-25 15:00:00,721.031523205517,809.1605184159824,538.7872121656105
forecast_4216,2025-06-25 16:00:00,624.0012468372604,565.5488076839672,537.251736180866
forecast_4217,2025-06-25 17:00:00,638.1589573632266,500.28553561491816,540.5719653215749
forecast_4218,2025-06-25 18:00:00,802.1376840121304,776.2481684695496,556.3546927702189
forecast_4219,2025-06-25 19:00:00,1413.3329396404524,1579.0975493057165,698.7409932775461
forecast_4220,2025-06-25 20:00:00,2808.503808488819,2545.819493943005,1623.2411214780939
forecast_4221,2025-06-25 21:00:00,3907.4748355549455,3926.6623592555206,2474.5316614052385
forecast_4222,2025-06-25 22:00:00,6829.962674196381,5938.979803163082,4338.839192054384
forecast_4223,2025-06-25 23:00:00,7732.885076715187,7538.114796823507,6217.721203714991
forecast_4224,2025-06-26 00:00:00,8961.319764022663,9745.141343711715,8349.253912844553
forecast_4225,2025-06-26 01:00:00,10613.575138232114,11769.123112046012,9126.126550870627
forecast_4226,2025-06-26 02:00:00,11709.729221444677,13110.50634899688,10835.313246018271
forecast_4227,2025-06-26 03:00:00,12277.684179543478,13744.089746659876,12478.756029121327
forecast_4228,2025-06-26 04:00:00,12560.750879786312,14151.244742481778,12696.761379718615
forecast_4229,2025-06-26 05:00:00,12974.48910123557,14168.418016149493,13018.863827388333
forecast_4230,2025-06-26 06:00:00,12805.179069866621,13810.920379525684,13305.699879689511
forecast_4231,2025-06-26 07:00:00,11981.366417166191,13330.711623466046,12939.613440147277
forecast_4232,2025-06-26 08:00:00,11617.165640371457,13150.480057092836,11694.736270186277
forecast_4233,2025-06-26 09:00:00,11023.986240940965,12330.961575720157,10699.78353699379
forecast_4234,2025-06-26 10:00:00,9144.163203320159,9772.777913071266,9907.437881134996
forecast_4235,2025-06-26 11:00:00,8206.816836218366,8487.304500364196,8272.066495851053
forecast_4236,2025-06-26 12:00:00,7572.7096021790785,8282.088731274036,7379.473573437935
forecast_4237,2025-06-26 13:00:00,7122.517569945847,7372.172741077825,7184.607488984773
forecast_4238,2025-06-26 14:00:00,7067.040873899737,6759.2471892383,6691.979969119167
forecast_4239,2025-06-26 15:00:00,7094.7934345751655,6964.92670485063,7391.709616135075
forecast_4240,2025-06-26 16:00:00,7155.614309559788,6693.963363243631,6367.918090785044
forecast_4241,2025-06-26 17:00:00,7064.015800986706,5613.171785525824,5465.973017341641
forecast_4242,2025-06-26 18:00:00,7126.610098771307,5483.689494340617,5519.275995525632
forecast_4243,2025-06-26 19:00:00,7286.776199308428,5877.768675285071,5565.073007523275
forecast_4244,2025-06-26 20:00:00,7907.35784244308,7270.8613595779125,5650.092015947098
forecast_4245,2025-06-26 21:00:00,8405.360344257435,8434.79993797935,6672.4417359794625
forecast_4246,2025-06-26 22:00:00,8268.05478836663,8650.814401217849,7264.540390695831
forecast_4247,2025-06-26 23:00:00,8280.39958820671,8208.544550161358,5999.568475751799
forecast_4248,2025-06-27 00:00:00,7723.847530689051,7347.7886002224695,4877.029400221899
forecast_4249,2025-06-27 01:00:00,5562.1618374233685,6189.740039825767,4380.438396481784
forecast_4250,2025-06-27 02:00:00,4921.036267129549,4942.086169877513,4000.012540019835
forecast_4251,2025-06-27 03:00:00,4781.278482023273,4076.7530714477516,4285.650064636431
forecast_4252,2025-06-27 04:00:00,5628.094043120882,3943.404732352811,4016.94872407617
forecast_4253,2025-06-27 05:00:00,4572.6046505601835,3295.3185818490674,3204.2093318246066
forecast_4254,2025-06-27 06:00:00,4273.7970382803205,2845.0659538913746,2405.6914505127697
forecast_4255,2025-06-27 07:00:00,3019.3586931710474,1539.8537348163168,1241.3368007807678
forecast_4256,2025-06-27 08:00:00,1392.220290439931,739.926069251587,758.7570938199925
forecast_4257,2025-06-27 09:00:00,493.17066761963736,429.1478828024113,540.1380693102224
forecast_4258,2025-06-27 10:00:00,275.4478600680766,248.11969167819527,541.3264272911217
forecast_4259,2025-06-27 11:00:00,241.11382625629736,247.39708165267763,536.26186291271
forecast_4260,2025-06-27 12:00:00,230.81908618099615,246.88208276783016,536.26186291271
forecast_4261,2025-06-27 13:00:00,272.5203127774871,267.5085900040242,580.5346995170277
forecast_4262,2025-06-27 14:00:00,479.1260345875942,291.2946929306406,572.4060812991739
forecast_4263,2025-06-27 15:00:00,549.6619259696981,296.45851675265163,607.9430773096137
forecast_4264,2025-06-27 16:00:00,289.2026361821696,291.8248286408813,536.26186291271
forecast_4265,2025-06-27 17:00:00,254.38639850282507,261.3143543107157,535.0469569221093
forecast_4266,2025-06-27 18:00:00,283.1394122458862,365.41697451867856,538.3671860628182
forecast_4267,2025-06-27 19:00:00,729.2439948613203,822.0925799580975,552.8859710051926
forecast_4268,2025-06-27 20:00:00,1372.740588425179,1936.284116970358,1082.6215913666638
forecast_4269,2025-06-27 21:00:00,4021.6075341907035,4360.592883191449,2710.2107343744183
forecast_4270,2025-06-27 22:00:00,6735.037776576133,7321.440628862519,4375.009952609726
forecast_4271,2025-06-27 23:00:00,8059.683790805582,8432.006312484014,5538.927218228684
forecast_4272,2025-06-28 00:00:00,9011.251989240889,9776.94122966686,6049.05011561181
forecast_4273,2025-06-28 01:00:00,10313.441998225744,10268.886793597629,7743.663909054043
forecast_4274,2025-06-28 02:00:00,11293.763350926987,11518.815881293849,9086.861660778348
forecast_4275,2025-06-28 03:00:00,12007.403993590406,11785.672864129072,9079.917494034104
forecast_4276,2025-06-28 04:00:00,12287.025541331173,12996.99009294237,9115.860957721941
forecast_4277,2025-06-28 05:00:00,12289.321161434365,12924.426479367627,8826.737796466265
forecast_4278,2025-06-28 06:00:00,11792.193848200592,12419.229518082742,8193.97979537328
forecast_4279,2025-06-28 07:00:00,10452.282006558748,12012.116023149038,8460.606159993155
forecast_4280,2025-06-28 08:00:00,9720.544998242209,12115.626013028586,6940.592274455296
forecast_4281,2025-06-28 09:00:00,8669.78479231834,9357.384690786177,3936.6940858226867
forecast_4282,2025-06-28 10:00:00,6649.941563364069,6998.822057988705,2158.0376382814497
forecast_4283,2025-06-28 11:00:00,3680.864396321569,3901.6769746080754,1053.937007160391
forecast_4284,2025-06-28 12:00:00,1452.721595298398,1236.2324927513341,670.5573490305405
forecast_4285,2025-06-28 13:00:00,1065.6475221796397,815.4047768386785,699.0708898102182
forecast_4286,2025-06-28 14:00:00,1189.5147277682677,1145.6043160906506,1012.1058942076124
forecast_4287,2025-06-28 15:00:00,1370.3635119157288,1640.7477732723758,1550.028868637813
forecast_4288,2025-06-28 16:00:00,1459.6484521150467,2587.3432200730667,1850.454330746497
forecast_4289,2025-06-28 17:00:00,2963.306956273649,3756.8785587551956,2926.134767632278
forecast_4290,2025-06-28 18:00:00,3655.273020786424,4296.70936588995,3084.4128821356812
forecast_4291,2025-06-28 19:00:00,5166.917338838501,6326.278537956564,4098.610037487235
forecast_4292,2025-06-28 20:00:00,7227.876593925224,8180.41684920827,5790.881990803731
forecast_4293,2025-06-28 21:00:00,8311.61075230449,9529.70419058405,6905.684298590796
forecast_4294,2025-06-28 22:00:00,11536.314797039879,12600.464120969425,7694.438787257337
forecast_4295,2025-06-28 23:00:00,12426.255526289258,12720.926495715936,8714.816803207817
forecast_4296,2025-06-29 00:00:00,12920.195198926605,13075.141900383813,8716.476281946248
forecast_4297,2025-06-29 01:00:00,12158.574680118028,12702.525819971228,9461.219076795469
forecast_4298,2025-06-29 02:00:00,12449.326586362336,13667.939928654981,9866.102779224539
forecast_4299,2025-06-29 03:00:00,12658.335853268734,14080.277650222324,10307.87019525061
forecast_4300,2025-06-29 04:00:00,12666.775081444452,14089.02011812021,12443.828402169906
forecast_4301,2025-06-29 05:00:00,12442.103848707993,13736.610215716726,12660.360631736932
forecast_4302,2025-06-29 06:00:00,13045.775269722119,13426.426666996922,12179.17414323221
forecast_4303,2025-06-29 07:00:00,11951.834172701458,12504.546385381127,10987.55420589691
forecast_4304,2025-06-29 08:00:00,10885.727104794132,11261.416520506988,9503.460227094329
forecast_4305,2025-06-29 09:00:00,8954.17034768455,9737.059602111709,6844.21495805934
forecast_4306,2025-06-29 10:00:00,7663.854475403814,7810.860646451706,5803.718209127994
forecast_4307,2025-06-29 11:00:00,6715.922725901695,5795.663412463542,4753.809588982293
forecast_4308,2025-06-29 12:00:00,5545.549070025387,4479.101999306459,3780.0637722979745
forecast_4309,2025-06-29 13:00:00,4796.015972653066,4023.863644857177,3472.4001958437884
forecast_4310,2025-06-29 14:00:00,4169.544813669773,3924.3592981952033,3299.8329319065415
forecast_4311,2025-06-29 15:00:00,4083.144818310221,3786.580934059517,3372.157039481531
forecast_4312,2025-06-29 16:00:00,4153.107351608544,4283.5332037826465,3877.310988068155
forecast_4313,2025-06-29 17:00:00,5189.44270535439,4738.305427280016,4193.12420858557
forecast_4314,2025-06-29 18:00:00,5425.9679460977495,5071.492117989803,4744.2042045245435
forecast_4315,2025-06-29 19:00:00,7591.958584484656,6715.683116700342,5901.180671987893
forecast_4316,2025-06-29 20:00:00,8955.715353743864,8861.638283871504,6832.154440381291
forecast_4317,2025-06-29 21:00:00,10361.808501520065,10296.556857729945,7424.916804142304
forecast_4318,2025-06-29 22:00:00,12514.081627763502,13189.955681448339,8975.46310389513
forecast_4319,2025-06-29 23:00:00,12939.91323032082,13271.958957301329,9478.735516072737
forecast_4320,2025-06-30 00:00:00,12682.83332530024,13367.785048603157,9091.870424165525
forecast_4321,2025-06-30 01:00:00,12867.818761918532,13303.260655199647,9035.789136821018
forecast_4322,2025-06-30 02:00:00,13401.761967766,14310.707396507582,9794.77608380881
forecast_4323,2025-06-30 03:00:00,13405.533177943322,14369.305604338777,9030.921024706453
forecast_4324,2025-06-30 04:00:00,13238.120712030212,13767.702094792341,8902.692770679587
forecast_4325,2025-06-30 05:00:00,13247.539300159087,12622.513179270993,8707.845386504938
forecast_4326,2025-06-30 06:00:00,12958.98241984403,12429.62633865703,8646.211798137843
forecast_4327,2025-06-30 07:00:00,13267.218431379952,12549.268840440065,8518.440835632166
forecast_4328,2025-06-30 08:00:00,11387.89740355711,10083.177089932984,5957.819454427793
forecast_4329,2025-06-30 09:00:00,8978.860145159522,8180.364288260071,4568.852958056799
forecast_4330,2025-06-30 10:00:00,6178.089876559995,6645.478124152565,3513.4184297746624
forecast_4331,2025-06-30 11:00:00,4533.315918229866,4691.358463128558,3021.920575500497
forecast_4332,2025-06-30 12:00:00,4660.890373916366,4212.739904394066,3227.177438478165
forecast_4333,2025-06-30 13:00:00,4794.987954158614,4934.213374669405,3958.668655183146
forecast_4334,2025-06-30 14:00:00,4874.322165202181,6187.369614653775,5122.462623848017
forecast_4335,2025-06-30 15:00:00,6492.890716331089,7402.91163359593,6371.897567534814
forecast_4336,2025-06-30 16:00:00,6265.836018066234,8051.519860022307,7299.328805364146
forecast_4337,2025-06-30 17:00:00,7700.927176677309,9415.553264701355,7477.639888810007
forecast_4338,2025-06-30 18:00:00,8586.771627369893,9760.37922036227,7510.179296719969
forecast_4339,2025-06-30 19:00:00,10652.660800049407,10779.154087026498,8850.921282247155
forecast_4340,2025-06-30 20:00:00,11517.985169323441,12258.301788097457,9311.930062186464
forecast_4341,2025-06-30 21:00:00,12199.5841793055,13612.180412727965,10249.78378873801
forecast_4342,2025-06-30 22:00:00,14128.602747679099,14923.835895658014,11680.247987809506
forecast_4343,2025-06-30 23:00:00,13929.28933860824,15155.085263414192,12275.290849659405
forecast_4344,2025-07-01 00:00:00,13939.61241770659,15300.688134540422,11336.678483632317
forecast_4345,2025-07-01 01:00:00,14216.887896363518,16002.25977752337,11284.0442092494
forecast_4346,2025-07-01 02:00:00,13690.206647698524,15966.892056020526,11997.071051261551
forecast_4347,2025-07-01 03:00:00,12884.934220155978,15378.16859668834,11101.38857799668
forecast_4348,2025-07-01 04:00:00,12839.42834375722,14639.208739781465,11153.46854181363
forecast_4349,2025-07-01 05:00:00,13046.252742196853,14599.186527720181,11246.724013464473
forecast_4350,2025-07-01 06:00:00,13521.925299254799,15210.699512829158,11608.213350391032
forecast_4351,2025-07-01 07:00:00,13581.569317273857,15308.42119660859,12002.913316690136
forecast_4352,2025-07-01 08:00:00,11213.251276536917,13641.50516889232,9694.76649861061
forecast_4353,2025-07-01 09:00:00,10063.902646818615,11396.033659972352,7987.505699134358
forecast_4354,2025-07-01 10:00:00,8737.831715540955,9660.158409360745,7083.236099126349
forecast_4355,2025-07-01 11:00:00,7971.518821478606,8550.683619986212,7011.952722253483
forecast_4356,2025-07-01 12:00:00,7624.9834721532625,8022.115864824806,7254.424846086824
forecast_4357,2025-07-01 13:00:00,7312.378762182625,7658.412702893189,7307.553454159775
forecast_4358,2025-07-01 14:00:00,7386.980037652862,7496.821721531679,5912.541990225252
forecast_4359,2025-07-01 15:00:00,7313.125825903086,7609.627404695562,5800.86896415117
forecast_4360,2025-07-01 16:00:00,7476.065304141683,7612.514384489761,6158.183822149378
forecast_4361,2025-07-01 17:00:00,7445.872661376021,7730.51969216036,6749.345315151435
forecast_4362,2025-07-01 18:00:00,7669.476546526157,8135.30432428182,7101.595960085492
forecast_4363,2025-07-01 19:00:00,8107.058056177162,8879.94901605067,8381.350602358261
forecast_4364,2025-07-01 20:00:00,9681.868526022998,10696.970816788522,9600.989093647731
forecast_4365,2025-07-01 21:00:00,12099.061136259335,12648.13007458446,10698.658373769122
forecast_4366,2025-07-01 22:00:00,13421.55654466927,14688.86661022422,13337.93613176269
forecast_4367,2025-07-01 23:00:00,14474.335125225032,15556.196922293926,15223.595260908096
forecast_4368,2025-07-02 00:00:00,14705.771532463288,15874.940284888333,14651.565441088795
forecast_4369,2025-07-02 01:00:00,15867.90846019645,16697.60207704639,16104.743957389532
forecast_4370,2025-07-02 02:00:00,15874.434814291033,17173.24296767696,16966.026330499124
forecast_4371,2025-07-02 03:00:00,16506.835404419144,17333.75352642525,16956.695476777433
forecast_4372,2025-07-02 04:00:00,16839.06740296667,17460.264630041587,18169.036808277364
forecast_4373,2025-07-02 05:00:00,16636.078395151333,17576.909595134115,18237.769139860022
forecast_4374,2025-07-02 06:00:00,16587.852236233117,17485.616087234353,18259.669147317218
forecast_4375,2025-07-02 07:00:00,16633.97220500166,17391.252275146762,17531.05856588098
forecast_4376,2025-07-02 08:00:00,15988.998120276523,16540.005596174684,16048.449764318579
forecast_4377,2025-07-02 09:00:00,14230.35734703287,14905.994652664558,12974.139126406704
forecast_4378,2025-07-02 10:00:00,11672.294738650726,12190.707851381834,10331.900806562955
forecast_4379,2025-07-02 11:00:00,9285.524381466097,11003.041607030642,8557.480096241663
forecast_4380,2025-07-02 12:00:00,8540.40528623879,10594.846563517367,8239.34918228271
forecast_4381,2025-07-02 13:00:00,7906.875568386116,8242.457940027256,7230.125424475207
forecast_4382,2025-07-02 14:00:00,7602.6481869364825,7652.718178967262,6719.580406672602
forecast_4383,2025-07-02 15:00:00,7252.560774804215,7556.460555129024,5798.983246394317
forecast_4384,2025-07-02 16:00:00,6082.503394403076,6834.232290445401,4876.008946845974
forecast_4385,2025-07-02 17:00:00,4991.6583025368955,6270.932292427833,4166.834153460929
forecast_4386,2025-07-02 18:00:00,5342.869625724685,5739.788599179312,3761.35426615488
forecast_4387,2025-07-02 19:00:00,7851.380281930492,7563.454796627866,4947.809339750269
forecast_4388,2025-07-02 20:00:00,9292.140538275627,9406.9872808904,6543.023562088065
forecast_4389,2025-07-02 21:00:00,10908.292202863173,11134.65142931337,8191.108756129627
forecast_4390,2025-07-02 22:00:00,12130.615643237641,13226.488171648285,9352.596108395503
forecast_4391,2025-07-02 23:00:00,12726.405219037362,13815.050064198533,10576.762507020645
forecast_4392,2025-07-03 00:00:00,12627.15964789994,14716.583614081974,10593.345585641178
forecast_4393,2025-07-03 01:00:00,13336.31681526894,14658.287081532248,10909.508519905698
forecast_4394,2025-07-03 02:00:00,13657.951890293134,14990.445948955225,11838.432906996668
forecast_4395,2025-07-03 03:00:00,13851.583223876023,15634.957688069888,12580.078340344402
forecast_4396,2025-07-03 04:00:00,13942.877770056546,15848.635820081547,12642.001557486648
forecast_4397,2025-07-03 05:00:00,14485.924971000753,16332.71221991802,12741.666262506089
forecast_4398,2025-07-03 06:00:00,14430.120256841814,16512.818118716663,12853.796274718627
forecast_4399,2025-07-03 07:00:00,14303.834243933394,16152.766431163282,13106.139292647353
forecast_4400,2025-07-03 08:00:00,13935.18891496594,16130.364803833842,12648.996174503021
forecast_4401,2025-07-03 09:00:00,12316.712347623048,15504.679303486126,12543.636177404054
forecast_4402,2025-07-03 10:00:00,10537.120552409522,13232.143470307741,11028.594521022711
forecast_4403,2025-07-03 11:00:00,9491.27183307486,11203.016916434357,11618.12802765345
forecast_4404,2025-07-03 12:00:00,10039.11053254969,10802.999808172093,11612.789306038489
forecast_4405,2025-07-03 13:00:00,10044.942126772688,10806.697992700883,10650.294565984274
forecast_4406,2025-07-03 14:00:00,9698.055009938274,9860.989955882953,9393.288795909637
forecast_4407,2025-07-03 15:00:00,9865.993436146888,9857.762270370795,9206.093175320442
forecast_4408,2025-07-03 16:00:00,10158.694872870332,9512.794656993403,8832.163807600393
forecast_4409,2025-07-03 17:00:00,9710.34695351302,9639.313035218389,9052.79989071748
forecast_4410,2025-07-03 18:00:00,10098.957002400322,10333.348003079682,10409.751814764593
forecast_4411,2025-07-03 19:00:00,11342.147433054599,12894.501476407317,12135.329472511537
forecast_4412,2025-07-03 20:00:00,12268.073527985685,13960.07453887763,12996.2251379126
forecast_4413,2025-07-03 21:00:00,13623.794903474973,14814.339160496897,14284.80666181707
forecast_4414,2025-07-03 22:00:00,14325.234244160563,15558.880174056047,14856.407747203708
forecast_4415,2025-07-03 23:00:00,14502.408536051447,16033.63727124258,15993.056666477878
forecast_4416,2025-07-04 00:00:00,15261.712517227428,16102.157967364223,15062.007704290914
forecast_4417,2025-07-04 01:00:00,15444.618568343452,15677.867663732206,15349.542137310487
forecast_4418,2025-07-04 02:00:00,15624.286085289332,17045.242953073437,16258.745847078368
forecast_4419,2025-07-04 03:00:00,16506.91952469296,17491.59544380407,17597.717866048697
forecast_4420,2025-07-04 04:00:00,16971.40377986172,17414.395687112057,18064.362953397944
forecast_4421,2025-07-04 05:00:00,17017.56496505826,17539.03431796303,17966.6567929087
forecast_4422,2025-07-04 06:00:00,16590.79318116829,17770.21505827876,18270.944250227385
forecast_4423,2025-07-04 07:00:00,16184.44352038351,17924.193432442837,18207.165677023237
forecast_4424,2025-07-04 08:00:00,16191.137569448798,18093.81512022224,18655.349542714997
forecast_4425,2025-07-04 09:00:00,15720.633934068226,17704.328050174856,18284.59490144051
forecast_4426,2025-07-04 10:00:00,15110.355338993642,17635.79203306849,16999.7030398849
forecast_4427,2025-07-04 11:00:00,15029.831954381552,17575.78093366189,17260.295631101748
forecast_4428,2025-07-04 12:00:00,15385.559674467946,17257.92224235872,16693.37426556873
forecast_4429,2025-07-04 13:00:00,14742.814506726343,16508.909763654145,16101.866920150056
forecast_4430,2025-07-04 14:00:00,14921.920793818088,16164.966015320208,16765.85998069046
forecast_4431,2025-07-04 15:00:00,15132.548519424554,16767.075507951722,16843.180050021117
forecast_4432,2025-07-04 16:00:00,14991.694628128353,17301.142203448275,17176.1598855345
forecast_4433,2025-07-04 17:00:00,14915.325217669068,17113.923549416388,17950.689654105765
forecast_4434,2025-07-04 18:00:00,14784.471428197372,16720.958351915397,18361.916063000226
forecast_4435,2025-07-04 19:00:00,15100.770054484427,17164.69326025057,18494.36005725425
forecast_4436,2025-07-04 20:00:00,15307.066992359094,17505.950499912426,18737.807036605725
forecast_4437,2025-07-04 21:00:00,15786.146776820453,17682.80979540516,18763.053052472525
forecast_4438,2025-07-04 22:00:00,16046.927212183346,18092.382496414386,18533.11605764745
forecast_4439,2025-07-04 23:00:00,16158.896812634146,18248.672675584352,18645.161416481515
forecast_4440,2025-07-05 00:00:00,15867.207739816557,17774.697807452518,18503.740994901484
forecast_4441,2025-07-05 01:00:00,15592.964434965652,17277.938441586568,18522.25153910801
forecast_4442,2025-07-05 02:00:00,15493.413607606388,17181.939901710888,18041.488933567976
forecast_4443,2025-07-05 03:00:00,15282.655489212479,17248.852420166895,18578.65330877826
forecast_4444,2025-07-05 04:00:00,15368.608549683882,17323.17268082396,18790.965440190048
forecast_4445,2025-07-05 05:00:00,15462.773571351558,17372.11602587729,18739.65713023536
forecast_4446,2025-07-05 06:00:00,15549.60218312349,17399.45871120272,18616.05236518915
forecast_4447,2025-07-05 07:00:00,15515.641650257327,17369.047975302754,18141.999578119783
forecast_4448,2025-07-05 08:00:00,14786.949119208664,16933.151760282748,16407.388738584385
forecast_4449,2025-07-05 09:00:00,13932.321578790144,15979.675133892975,14721.696284576197
forecast_4450,2025-07-05 10:00:00,12273.121577454605,14204.539621886599,15007.18149415226
forecast_4451,2025-07-05 11:00:00,11359.083574521854,12406.650672695134,14179.289061478594
forecast_4452,2025-07-05 12:00:00,11304.3609651706,12436.451395538263,13049.5968132627
forecast_4453,2025-07-05 13:00:00,12146.99384255287,12227.455534581297,13115.029534396741
forecast_4454,2025-07-05 14:00:00,12346.039108758241,11686.465782955773,13633.200372628933
forecast_4455,2025-07-05 15:00:00,12595.28179339634,11710.234914609784,13255.684532003632
forecast_4456,2025-07-05 16:00:00,11663.290795617087,11836.62074494777,12583.998579181258
forecast_4457,2025-07-05 17:00:00,11521.967906783508,11363.03602017505,13228.954554732936
forecast_4458,2025-07-05 18:00:00,12745.461739299695,12010.193330012886,14939.270466346366
forecast_4459,2025-07-05 19:00:00,13572.199410710311,14105.534573068793,16210.75320228426
forecast_4460,2025-07-05 20:00:00,14451.819744443594,16430.43221999224,16758.673408765833
forecast_4461,2025-07-05 21:00:00,15457.078236412362,17224.058946018064,18137.51302990767
forecast_4462,2025-07-05 22:00:00,16769.09371317927,17524.8337088165,18353.007625445083
forecast_4463,2025-07-05 23:00:00,17555.092304671816,17871.369015424134,18296.883862570132
forecast_4464,2025-07-06 00:00:00,17334.581629773413,17905.5962815722,18191.657035538767
forecast_4465,2025-07-06 01:00:00,18042.41211781931,17724.003192596865,18433.91045207382
forecast_4466,2025-07-06 02:00:00,18305.30280512467,17623.13925066429,18236.67719918726
forecast_4467,2025-07-06 03:00:00,18243.43461374656,17599.22526288133,18497.477783780203
forecast_4468,2025-07-06 04:00:00,17982.035778467958,17670.86961924564,18494.42973888135
forecast_4469,2025-07-06 05:00:00,18070.384073516416,17489.078402002207,18290.833644551927
forecast_4470,2025-07-06 06:00:00,17906.821259064673,17475.666940975036,18597.52480192617
forecast_4471,2025-07-06 07:00:00,16608.7215524859,17384.31392589648,18277.17804957206
forecast_4472,2025-07-06 08:00:00,15438.570028018094,17084.66170294008,16216.190924517326
forecast_4473,2025-07-06 09:00:00,13935.715616357505,16212.983767572838,14470.763765135604
forecast_4474,2025-07-06 10:00:00,12185.911106899832,14716.164931279418,11982.037587618153
forecast_4475,2025-07-06 11:00:00,10701.531268322404,11939.480355761518,9108.308677750458
forecast_4476,2025-07-06 12:00:00,9492.044631012583,9693.135273985106,7724.686692468233
forecast_4477,2025-07-06 13:00:00,8308.809566100595,7495.698960045569,5916.766123298968
forecast_4478,2025-07-06 14:00:00,7306.098500139272,5820.119140683655,4480.738987292809
forecast_4479,2025-07-06 15:00:00,6576.3554270686045,4536.507481175517,3089.5185217305734
forecast_4480,2025-07-06 16:00:00,6183.531768142805,4130.211172410739,3010.2677509758573
forecast_4481,2025-07-06 17:00:00,6964.811435261194,4246.930584742597,3378.3440921487454
forecast_4482,2025-07-06 18:00:00,7506.1202940137155,4921.377734724045,4475.871469396705
forecast_4483,2025-07-06 19:00:00,8798.146681084869,6301.107714284086,5868.800912985703
forecast_4484,2025-07-06 20:00:00,10370.142779525819,8374.407608089608,7968.475312155294
forecast_4485,2025-07-06 21:00:00,11950.630477243058,10734.893239864945,9086.606669374807
forecast_4486,2025-07-06 22:00:00,13378.022870967652,13031.108558282122,9814.346795464207
forecast_4487,2025-07-06 23:00:00,13446.816685923159,13625.823633342887,10206.15082397965
forecast_4488,2025-07-07 00:00:00,13658.442952534439,13084.103861512007,10146.468445006494
forecast_4489,2025-07-07 01:00:00,13257.979481259426,13118.25099127509,9611.04990342243
forecast_4490,2025-07-07 02:00:00,13215.950046638154,12816.247404147965,8904.395742327135
forecast_4491,2025-07-07 03:00:00,12860.974226371804,12503.547067958465,8261.365513658231
forecast_4492,2025-07-07 04:00:00,11562.65764635809,10817.715917313779,7609.715550910799
forecast_4493,2025-07-07 05:00:00,9494.232415559134,9342.063573077381,5705.601715827646
forecast_4494,2025-07-07 06:00:00,5834.531560331469,5346.44446781793,2369.3939601602724
forecast_4495,2025-07-07 07:00:00,2651.287014051918,2070.1824566676796,1022.7986354721855
forecast_4496,2025-07-07 08:00:00,983.7747402782817,1002.2381729078194,552.8859710051926
forecast_4497,2025-07-07 09:00:00,347.0640978159067,337.287007765653,535.0469569221093
forecast_4498,2025-07-07 10:00:00,228.22048454697537,255.91686925730463,535.0469569221093
forecast_4499,2025-07-07 11:00:00,228.15665922972943,266.1319751713189,536.26186291271
forecast_4500,2025-07-07 12:00:00,228.67414554143772,271.72815127958216,538.0061981504128
forecast_4501,2025-07-07 13:00:00,221.401513664039,327.60050386166085,538.0061981504128
forecast_4502,2025-07-07 14:00:00,251.70307836503721,361.4373363601372,572.9620585559775
forecast_4503,2025-07-07 15:00:00,375.4001071287474,439.129326167338,642.8989377151785
forecast_4504,2025-07-07 16:00:00,281.22083354277186,566.9795799831821,577.7573957783194
forecast_4505,2025-07-07 17:00:00,278.10172435392,476.5760900309609,538.9960714185689
forecast_4506,2025-07-07 18:00:00,276.112070286327,362.9043490944838,538.0061981504128
forecast_4507,2025-07-07 19:00:00,295.56837804986435,337.99764616883516,536.26186291271
forecast_4508,2025-07-07 20:00:00,333.46471131623326,378.34662052698764,536.26186291271
forecast_4509,2025-07-07 21:00:00,619.445896125328,474.8638934648847,536.26186291271
forecast_4510,2025-07-07 22:00:00,746.1600741982309,583.0235129597705,535.0469569221093
forecast_4511,2025-07-07 23:00:00,702.9148184035244,601.9651817354227,535.0469569221093
forecast_4512,2025-07-08 00:00:00,613.7163422946128,485.76790089369035,535.0469569221093
forecast_4513,2025-07-08 01:00:00,332.8527637711222,394.18373901188164,535.0469569221093
forecast_4514,2025-07-08 02:00:00,315.1302799515009,320.9461319337943,535.0469569221093
forecast_4515,2025-07-08 03:00:00,306.65912540422016,305.5399057971938,535.0469569221093
forecast_4516,2025-07-08 04:00:00,253.707843317082,310.213113983975,535.0469569221093
forecast_4517,2025-07-08 05:00:00,261.49344021787743,312.55250735196944,535.0469569221093
forecast_4518,2025-07-08 06:00:00,269.3241008218089,312.09322448981357,535.0469569221093
forecast_4519,2025-07-08 07:00:00,271.5650774712164,305.8314611312133,535.0469569221093
forecast_4520,2025-07-08 08:00:00,274.8390876371259,302.0817187819575,535.0469569221093
forecast_4521,2025-07-08 09:00:00,242.23642232926625,287.06208293369957,535.0469569221093
forecast_4522,2025-07-08 10:00:00,237.8604899150169,301.28084927581943,536.26186291271
forecast_4523,2025-07-08 11:00:00,243.40371472066752,406.4353807386742,541.6212399536819
forecast_4524,2025-07-08 12:00:00,280.6557848408177,493.8742742397301,576.0211231024429
forecast_4525,2025-07-08 13:00:00,450.5126133968934,656.7955400401295,579.8973294999553
forecast_4526,2025-07-08 14:00:00,501.99786511531846,873.8286119444755,611.76843536236
forecast_4527,2025-07-08 15:00:00,506.5696589033108,876.5823887127356,619.2446850746537
forecast_4528,2025-07-08 16:00:00,498.9994951034175,710.1906702260713,618.8107890633012
forecast_4529,2025-07-08 17:00:00,396.65061115480944,547.6550909068043,538.0061981504128
forecast_4530,2025-07-08 18:00:00,284.41696775821504,439.3200753754526,538.0061981504128
forecast_4531,2025-07-08 19:00:00,393.979637030563,400.24567422532346,538.0061981504128
forecast_4532,2025-07-08 20:00:00,710.9137767123553,666.7075281259613,536.26186291271
forecast_4533,2025-07-08 21:00:00,1001.751203049863,1074.450889906131,536.26186291271
forecast_4534,2025-07-08 22:00:00,1556.5504793424877,2091.087557204898,580.7435587699861
forecast_4535,2025-07-08 23:00:00,1874.2872447552718,2414.441372248417,542.1772172104854
forecast_4536,2025-07-09 00:00:00,1740.9000395133428,2320.7167231713515,538.9960714185689
forecast_4537,2025-07-09 01:00:00,1582.631009643343,1835.5385184907839,539.1406392676831
forecast_4538,2025-07-09 02:00:00,1683.2330791009597,1909.928533807194,551.7956371966505
forecast_4539,2025-07-09 03:00:00,1742.298614084906,1962.9408320199113,572.7238511573859
forecast_4540,2025-07-09 04:00:00,1589.4197818556477,2014.2339644797307,585.7072306749999
forecast_4541,2025-07-09 05:00:00,1921.559828339016,2650.0846643389973,682.4419821494122
forecast_4542,2025-07-09 06:00:00,2151.473644908507,2784.282126186536,812.5212133062943
forecast_4543,2025-07-09 07:00:00,2059.178454793821,3256.5229158826724,880.9063190728854
forecast_4544,2025-07-09 08:00:00,1712.7345401897292,2996.9415351895914,863.8516927912124
forecast_4545,2025-07-09 09:00:00,1253.7473918662859,2813.9418235520548,942.5230935267487
forecast_4546,2025-07-09 10:00:00,1107.129203597428,2591.092553858574,1006.0831790211687
forecast_4547,2025-07-09 11:00:00,1034.229182803067,2540.5393758244018,1021.7926824925593
forecast_4548,2025-07-09 12:00:00,1117.678965848879,2518.7491849051735,1056.316025696188
forecast_4549,2025-07-09 13:00:00,1169.1387791817206,2521.0346916963795,1025.9988029988137
forecast_4550,2025-07-09 14:00:00,1190.2532899629005,2447.97524631513,988.0491369877179
forecast_4551,2025-07-09 15:00:00,1169.440955127774,2265.387461275687,975.6564379858702
forecast_4552,2025-07-09 16:00:00,1359.7814337467673,2233.9218670435007,862.397297288939
forecast_4553,2025-07-09 17:00:00,1428.4493053984604,1773.2472701859083,866.2575276796075
forecast_4554,2025-07-09 18:00:00,1632.5677528498245,1667.4566461926233,810.7929086597104
forecast_4555,2025-07-09 19:00:00,1829.490395870905,1818.4680031348662,788.588345009608
forecast_4556,2025-07-09 20:00:00,2287.148847546185,2988.4266182841748,820.3075418397771
forecast_4557,2025-07-09 21:00:00,3211.4518161758665,3581.463165889554,916.2397013699915
forecast_4558,2025-07-09 22:00:00,4099.004312769115,4283.737619681082,1002.351387705228
forecast_4559,2025-07-09 23:00:00,4124.039822914692,4544.973903448794,1189.0226222688962
forecast_4560,2025-07-10 00:00:00,4096.478543011284,4520.392156379312,1414.1065162568796
forecast_4561,2025-07-10 01:00:00,4021.9220573964617,4684.020775721157,1099.023142292888
forecast_4562,2025-07-10 02:00:00,4158.386843717828,4771.2497029801925,1049.6068326485376
forecast_4563,2025-07-10 03:00:00,4295.2531795695195,5388.317741312671,1113.7689620456115
forecast_4564,2025-07-10 04:00:00,5035.595160292784,6815.777593752532,1540.181492040927
forecast_4565,2025-07-10 05:00:00,6046.79024281577,7896.055890286882,3071.0265346893775
forecast_4566,2025-07-10 06:00:00,6487.379628482968,8227.133206355653,3589.029324064647
forecast_4567,2025-07-10 07:00:00,6254.7427412272355,7818.64297478839,3562.535895267874
forecast_4568,2025-07-10 08:00:00,6097.66067561326,7287.25720137966,3464.955067006524
forecast_4569,2025-07-10 09:00:00,5806.19588003115,7340.232856751374,2985.9639074145116
forecast_4570,2025-07-10 10:00:00,4814.476118781458,7270.164975976824,3044.8688926065543
forecast_4571,2025-07-10 11:00:00,5249.268127494326,6871.062303835878,3592.5526608250125
forecast_4572,2025-07-10 12:00:00,5294.4121718325805,7192.965310963747,3825.878255501443
forecast_4573,2025-07-10 13:00:00,5218.255520123739,6580.320116959947,3699.6295060148236
forecast_4574,2025-07-10 14:00:00,4438.136872628135,6014.299969737812,3429.7107372443224
forecast_4575,2025-07-10 15:00:00,3771.8846076107657,5942.735776227116,3416.446398273014
forecast_4576,2025-07-10 16:00:00,3716.2785579561023,5937.764057435394,2901.916817314992
forecast_4577,2025-07-10 17:00:00,3827.1689503116368,5725.87760077274,2688.5053675533923
forecast_4578,2025-07-10 18:00:00,3775.036807177162,6386.330327180491,2648.755390069084
forecast_4579,2025-07-10 19:00:00,5352.280047385011,7094.072228638836,3050.8316939263273
forecast_4580,2025-07-10 20:00:00,6085.798885664107,8392.788738581414,3987.671113997566
forecast_4581,2025-07-10 21:00:00,6334.181413088899,9368.053084870819,4880.178262683083
forecast_4582,2025-07-10 22:00:00,6587.0501370562215,10467.997066278893,5827.848604598297
forecast_4583,2025-07-10 23:00:00,6904.363705466827,10655.705918136471,6015.777415130454
forecast_4584,2025-07-11 00:00:00,7290.0520290310205,9460.464575033857,6594.805560538711
forecast_4585,2025-07-11 01:00:00,7812.14005898621,10758.275239157876,6530.793772066542
forecast_4586,2025-07-11 02:00:00,7767.606392420699,11050.995310540453,6576.390599095753
forecast_4587,2025-07-11 03:00:00,7977.207962540697,9874.730972882293,6576.956617167326
forecast_4588,2025-07-11 04:00:00,7947.389373441834,9620.42022723805,6686.944485065762
forecast_4589,2025-07-11 05:00:00,8870.60280509196,9743.003846155565,6837.0879647343245
forecast_4590,2025-07-11 06:00:00,9406.690532886229,10873.122757504545,6848.830657399799
forecast_4591,2025-07-11 07:00:00,9457.316246580564,10909.91949523343,6595.639503233897
forecast_4592,2025-07-11 08:00:00,8304.591914708504,10581.875871258104,6866.337804376488
forecast_4593,2025-07-11 09:00:00,7867.677851128088,10313.019833072385,6944.719972218349
forecast_4594,2025-07-11 10:00:00,7098.874397825159,8394.530337117116,5536.96352832248
forecast_4595,2025-07-11 11:00:00,6617.370050390259,8011.719255122345,5056.388367414763
forecast_4596,2025-07-11 12:00:00,5917.3693932899105,8183.690794994843,5169.482916765977
forecast_4597,2025-07-11 13:00:00,5828.067842582979,7458.134365341528,4528.043399929354
forecast_4598,2025-07-11 14:00:00,5770.296781595254,7130.0423621520595,4051.420314657484
forecast_4599,2025-07-11 15:00:00,5254.887986029291,6684.896821602431,3958.7253702238913
forecast_4600,2025-07-11 16:00:00,4584.174045266919,6579.467078945633,3328.6076019162892
forecast_4601,2025-07-11 17:00:00,4022.090267379276,6276.479372366534,2836.709035511367
forecast_4602,2025-07-11 18:00:00,3994.7564591278733,6127.679680800095,2526.3842649566072
forecast_4603,2025-07-11 19:00:00,5393.571125895631,6605.722857050929,2572.454577855544
forecast_4604,2025-07-11 20:00:00,6098.381794641343,7552.947071613562,3246.6396548822563
forecast_4605,2025-07-11 21:00:00,6409.048951989086,8183.436463327207,3893.254715464317
forecast_4606,2025-07-11 22:00:00,6674.123548074134,9118.51196114283,4076.278893693954
forecast_4607,2025-07-11 23:00:00,6759.287524494865,9254.122368890292,3891.7347203747013
forecast_4608,2025-07-12 00:00:00,6749.359242636776,8823.16720761215,3511.7992935493426
forecast_4609,2025-07-12 01:00:00,6911.936047279166,8227.81541392527,3209.0289939079826
forecast_4610,2025-07-12 02:00:00,6266.640799271509,7921.769828811794,2632.225787034831
forecast_4611,2025-07-12 03:00:00,6431.812561644716,7366.8592362616655,2297.6131217399047
forecast_4612,2025-07-12 04:00:00,6342.3674636353335,7065.758340901484,2020.9530602947937
forecast_4613,2025-07-12 05:00:00,6155.262185503501,7193.030639533728,2018.1499413996207
forecast_4614,2025-07-12 06:00:00,5502.736795852758,7167.978755919747,1897.1368078889532
forecast_4615,2025-07-12 07:00:00,4113.339891184093,5918.880686841301,1172.2793452150524
forecast_4616,2025-07-12 08:00:00,3475.9407609487757,4204.9645269175635,1013.3828228892256
forecast_4617,2025-07-12 09:00:00,2510.132969598731,3045.370667201653,865.2245015131866
forecast_4618,2025-07-12 10:00:00,1685.672101322458,1982.1033880300956,813.3039237235978
forecast_4619,2025-07-12 11:00:00,1010.7099160035066,1522.6312883204298,755.5625811598027
forecast_4620,2025-07-12 12:00:00,803.4304588983816,1307.138385534205,666.4970719400637
forecast_4621,2025-07-12 13:00:00,673.0549797448457,1113.4727721652416,653.9989277114511
forecast_4622,2025-07-12 14:00:00,564.0165549310017,951.5032747541966,549.4684576246755
forecast_4623,2025-07-12 15:00:00,309.7842220429539,645.880452984561,538.5621754072164
forecast_4624,2025-07-12 16:00:00,220.26518985159802,424.1888543988564,536.26186291271
forecast_4625,2025-07-12 17:00:00,220.65619223481156,275.25950737301395,536.26186291271
forecast_4626,2025-07-12 18:00:00,230.57602116593915,248.78478174329626,538.0061981504128
forecast_4627,2025-07-12 19:00:00,247.47477972916056,282.6372255990431,536.26186291271
forecast_4628,2025-07-12 20:00:00,322.9364461091138,396.7109743882053,569.0092283599292
forecast_4629,2025-07-12 21:00:00,775.4017534855321,936.4887607746921,874.4135027466342
forecast_4630,2025-07-12 22:00:00,1690.2829752020132,1349.4828388809997,1296.6070634290843
forecast_4631,2025-07-12 23:00:00,2683.3140282748464,1956.4054923722479,1888.2771979189056
forecast_4632,2025-07-13 00:00:00,3315.8754726146008,2833.245968764849,2452.810373020432
forecast_4633,2025-07-13 01:00:00,3106.0272298655914,2344.11802624262,2444.3985990088504
forecast_4634,2025-07-13 02:00:00,3220.473338309417,2446.510234913,2496.7705404024873
forecast_4635,2025-07-13 03:00:00,3111.52560672242,1864.4204049915186,2107.3155807520207
forecast_4636,2025-07-13 04:00:00,2157.3278358022544,1377.0242127261013,1104.5654205472465
forecast_4637,2025-07-13 05:00:00,1278.6185475850712,840.1808850560568,788.3171864425774
forecast_4638,2025-07-13 06:00:00,644.5442356969291,458.80765857081195,558.7644139546207
forecast_4639,2025-07-13 07:00:00,303.68061102783383,280.55631123250043,536.26186291271
forecast_4640,2025-07-13 08:00:00,268.0564538019031,251.75744981476038,535.0469569221093
forecast_4641,2025-07-13 09:00:00,232.10172100005082,247.34353291887322,535.0469569221093
forecast_4642,2025-07-13 10:00:00,218.54838698583507,246.88208276783016,535.0469569221093
forecast_4643,2025-07-13 11:00:00,214.27709552632615,246.24614821053206,535.0469569221093
forecast_4644,2025-07-13 12:00:00,217.30705748819554,246.88208276783016,536.3374474380801
forecast_4645,2025-07-13 13:00:00,223.86699214707036,247.730396546465,554.7055983883421
forecast_4646,2025-07-13 14:00:00,229.12612974881853,247.9037095641923,588.8792167269585
forecast_4647,2025-07-13 15:00:00,394.53263447258934,281.2252422492117,589.5051608284606
forecast_4648,2025-07-13 16:00:00,696.2205798913419,491.77399348443805,763.3096132800947
forecast_4649,2025-07-13 17:00:00,1284.9502258291109,1107.1490409154237,857.5590083373124
forecast_4650,2025-07-13 18:00:00,2192.2208097099624,1652.6420211231355,1114.033008293654
forecast_4651,2025-07-13 19:00:00,2669.4395262009416,2533.833501281135,1218.6628805081582
forecast_4652,2025-07-13 20:00:00,2977.9056909552573,3101.203939322689,1487.2763295262762
forecast_4653,2025-07-13 21:00:00,3116.789638853552,3123.803417600506,2200.763652192674
forecast_4654,2025-07-13 22:00:00,3643.5736223366193,3635.0790633226993,2833.829810323044
forecast_4655,2025-07-13 23:00:00,4345.29008601477,4664.895062248958,2859.3615054125685
forecast_4656,2025-07-14 00:00:00,4288.333009835759,5510.800778686762,3389.6639838739766
forecast_4657,2025-07-14 01:00:00,5504.814745635531,5977.533249900094,4192.912263991288
forecast_4658,2025-07-14 02:00:00,5658.860933960358,7027.5479672408255,4894.213368921368
forecast_4659,2025-07-14 03:00:00,6601.622564778553,7840.027328875758,4641.3229700208285
forecast_4660,2025-07-14 04:00:00,5427.880865139001,6882.484824861864,3165.438912689604
forecast_4661,2025-07-14 05:00:00,4559.936790789518,5827.707887014871,2809.0765192344043
forecast_4662,2025-07-14 06:00:00,4637.496165817145,6010.623538957893,3717.760934674896
forecast_4663,2025-07-14 07:00:00,4954.718540683234,6724.9357469238885,4175.0927314274595
forecast_4664,2025-07-14 08:00:00,5541.9087196751525,6486.582345332825,3862.7078339374225
forecast_4665,2025-07-14 09:00:00,5052.659887997541,5913.838507098396,3785.939808810662
forecast_4666,2025-07-14 10:00:00,5781.934369389185,6208.052845534255,3781.2647964021207
forecast_4667,2025-07-14 11:00:00,4687.237782326038,5908.115469855327,3476.1527361811823
forecast_4668,2025-07-14 12:00:00,5481.836008057182,6324.836148763845,3016.2243540239506
forecast_4669,2025-07-14 13:00:00,6031.344959370677,6578.286221267879,3216.238249354319
forecast_4670,2025-07-14 14:00:00,5174.10352660693,5823.609228414909,3225.328022386608
forecast_4671,2025-07-14 15:00:00,4489.509614590739,5361.384489463238,3228.2360179728253
forecast_4672,2025-07-14 16:00:00,5554.012231281548,4821.479208883634,3382.374423107328
forecast_4673,2025-07-14 17:00:00,5957.303304986396,4858.284739507782,3395.429480837799
forecast_4674,2025-07-14 18:00:00,6773.801172575906,4969.393353996373,2941.2881979845088
forecast_4675,2025-07-14 19:00:00,6713.634873292519,5519.929137738772,3469.994628008254
forecast_4676,2025-07-14 20:00:00,7430.118502617647,6417.377947002954,3948.42991400525
forecast_4677,2025-07-14 21:00:00,7772.692712551424,7679.820503599858,4427.945142291899
forecast_4678,2025-07-14 22:00:00,7964.725001610297,8291.664788198224,4961.479892410021
forecast_4679,2025-07-14 23:00:00,8405.140767626297,8934.429164993224,5101.037469593068
forecast_4680,2025-07-15 00:00:00,9251.088812056805,9873.79051452528,6635.2585428975
forecast_4681,2025-07-15 01:00:00,11754.285431169068,13506.822277458421,11259.641804134253
forecast_4682,2025-07-15 02:00:00,11877.458309270061,13953.174883276199,11494.679542101523
forecast_4683,2025-07-15 03:00:00,11844.164875047112,13838.000142489855,11927.42314607028
forecast_4684,2025-07-15 04:00:00,11001.539062076055,13896.599154142936,11342.729784544026
forecast_4685,2025-07-15 05:00:00,10631.684797042146,13037.697612631502,9214.757636719733
forecast_4686,2025-07-15 06:00:00,10694.608835439562,12899.9179473976,8157.392957445654
forecast_4687,2025-07-15 07:00:00,9290.932158182033,12148.976954739326,8109.124397340476
forecast_4688,2025-07-15 08:00:00,8461.881797526898,11340.918743137316,8069.3067877322555
forecast_4689,2025-07-15 09:00:00,7432.151140204751,9329.792407180325,6382.138057262744
forecast_4690,2025-07-15 10:00:00,5193.959030355862,7354.502982652867,5752.850729067428
forecast_4691,2025-07-15 11:00:00,4055.9121561432676,5818.430405724009,5343.433943455495
forecast_4692,2025-07-15 12:00:00,3391.007228310181,4056.067840100867,4860.030772860454
forecast_4693,2025-07-15 13:00:00,3032.746424249308,3635.186709111092,4514.929598054934
forecast_4694,2025-07-15 14:00:00,2943.1795102969713,3875.3177402947445,4490.170750289091
forecast_4695,2025-07-15 15:00:00,3091.309507363077,3898.1623589932606,4351.055579675642
forecast_4696,2025-07-15 16:00:00,3159.3026002107013,4232.182409778881,4267.7959111416
forecast_4697,2025-07-15 17:00:00,3258.382467263489,4204.341380066637,3656.8220944250897
forecast_4698,2025-07-15 18:00:00,3520.164604316973,4492.851736834367,3879.124117928828
forecast_4699,2025-07-15 19:00:00,3959.628227122311,4846.867072437636,3982.3860024537717
forecast_4700,2025-07-15 20:00:00,4471.98247885422,5881.3454620303955,3499.2498791265257
forecast_4701,2025-07-15 21:00:00,7015.503568354266,7943.390372101351,4285.787388362096
forecast_4702,2025-07-15 22:00:00,8052.929453507142,8572.463823304452,5237.016929551377
forecast_4703,2025-07-15 23:00:00,9008.299785958603,9151.592872465848,5709.055933544523
forecast_4704,2025-07-16 00:00:00,10350.738122163235,10810.464913073765,6647.355472552101
forecast_4705,2025-07-16 01:00:00,12378.642057228444,12796.538912632923,9129.61892642771
forecast_4706,2025-07-16 02:00:00,12865.286704663216,13586.844824067148,9789.14829064151
forecast_4707,2025-07-16 03:00:00,14363.769143330675,14142.070300889547,11049.001954104999
forecast_4708,2025-07-16 04:00:00,14351.919493358964,15206.009642003242,12750.726348701557
forecast_4709,2025-07-16 05:00:00,13330.260486228528,15435.770446135215,12835.991505851112
forecast_4710,2025-07-16 06:00:00,13527.54464155242,14904.386504049504,12748.032657525295
forecast_4711,2025-07-16 07:00:00,12807.864306893181,14609.398754275458,10883.548797657313
forecast_4712,2025-07-16 08:00:00,11112.977499871587,12519.786412476356,9575.360410028363
forecast_4713,2025-07-16 09:00:00,9155.346742512003,9564.798253392966,7165.67132880254
forecast_4714,2025-07-16 10:00:00,7259.552424808191,7932.1047481613205,6286.527700250008
forecast_4715,2025-07-16 11:00:00,6708.613067860342,7489.150592112702,7362.133331079351
forecast_4716,2025-07-16 12:00:00,5621.32178623859,6319.950646263365,6605.944485702147
forecast_4717,2025-07-16 13:00:00,6359.351302523407,7073.0337254614315,5635.684911954292
forecast_4718,2025-07-16 14:00:00,4983.008433054457,6491.142873904548,5167.28916532708
forecast_4719,2025-07-16 15:00:00,4888.607762951573,6627.614921576735,3888.921569376732
forecast_4720,2025-07-16 16:00:00,5408.952890269602,6733.941212803284,2926.077010378239
forecast_4721,2025-07-16 17:00:00,4569.295443698227,6343.14799993419,2390.569941363915
forecast_4722,2025-07-16 18:00:00,5010.535404828424,6037.7420193240905,2807.4865220572437
forecast_4723,2025-07-16 19:00:00,6154.497406429629,7757.794254257132,3328.228052092013
forecast_4724,2025-07-16 20:00:00,8431.434157231535,9296.519643793192,4069.7377424927263
forecast_4725,2025-07-16 21:00:00,9750.168804074205,10485.99089492899,5957.048747940266
forecast_4726,2025-07-16 22:00:00,11637.34849357188,12332.523746173363,8265.711981438712
forecast_4727,2025-07-16 23:00:00,11491.182428286897,13661.963271893434,8701.860513363006
forecast_4728,2025-07-17 00:00:00,11852.128283143313,14124.403299773985,10040.385433320103
forecast_4729,2025-07-17 01:00:00,12322.454709799742,14381.36419117172,11435.827747028789
forecast_4730,2025-07-17 02:00:00,13485.178577487399,15865.446051980365,13366.913706569125
forecast_4731,2025-07-17 03:00:00,13850.75821585169,15977.60200766266,13608.692561964048
forecast_4732,2025-07-17 04:00:00,14089.48694936723,15961.490300037527,15297.074020449236
forecast_4733,2025-07-17 05:00:00,13951.375592188084,15419.287524257763,14864.30561447302
forecast_4734,2025-07-17 06:00:00,13809.945023668111,15783.131780591064,14896.852054350373
forecast_4735,2025-07-17 07:00:00,14011.087553405901,15853.971385496716,14592.922485296805
forecast_4736,2025-07-17 08:00:00,14049.262566967607,16039.101525022816,14127.003895729044
forecast_4737,2025-07-17 09:00:00,12841.33753235331,15696.41338076603,13386.782773521489
forecast_4738,2025-07-17 10:00:00,12029.730215580641,14885.361365178494,13088.862631731372
forecast_4739,2025-07-17 11:00:00,11631.153111341433,14739.189956671902,12777.386696734367
forecast_4740,2025-07-17 12:00:00,10873.089300741132,14120.308728720667,10805.515092834594
forecast_4741,2025-07-17 13:00:00,10566.484635877734,13441.718219981594,9935.861760281121
forecast_4742,2025-07-17 14:00:00,10122.258523500375,12720.023876594385,9373.516148313838
forecast_4743,2025-07-17 15:00:00,8848.36326295535,11826.814396102814,8536.62406020639
forecast_4744,2025-07-17 16:00:00,8958.940490313365,10486.558672068077,7598.273729520516
forecast_4745,2025-07-17 17:00:00,8171.206293320501,10467.120111036116,7460.434819738577
forecast_4746,2025-07-17 18:00:00,8992.409732643358,10486.024343547148,7847.40368264477
forecast_4747,2025-07-17 19:00:00,9024.051869071773,10016.544619271008,7470.006505825232
forecast_4748,2025-07-17 20:00:00,10741.625942609131,11042.83710865995,7497.318640328569
forecast_4749,2025-07-17 21:00:00,11042.33327230019,11940.668596352943,8885.024395792767
forecast_4750,2025-07-17 22:00:00,11961.186693297543,12697.053481035182,9683.808793526669
forecast_4751,2025-07-17 23:00:00,12940.60767535654,13860.946621131669,10496.251372793893
forecast_4752,2025-07-18 00:00:00,12257.840738468913,14129.914723821013,11791.33084556149
forecast_4753,2025-07-18 01:00:00,12024.717862873944,14157.252408781975,12197.995653782824
forecast_4754,2025-07-18 02:00:00,11630.274814949771,14563.510974922941,11336.013270594645
forecast_4755,2025-07-18 03:00:00,11494.599943689467,14657.406369724893,13250.377006519833
forecast_4756,2025-07-18 04:00:00,12200.551708749103,14159.004047573842,11923.163538045554
forecast_4757,2025-07-18 05:00:00,11003.673409208475,13993.176531612775,10539.885075886432
forecast_4758,2025-07-18 06:00:00,10913.790001988933,13909.11546521022,9755.988204871857
forecast_4759,2025-07-18 07:00:00,10831.45982773344,13792.510005404478,9182.04459642321
forecast_4760,2025-07-18 08:00:00,10723.484749988933,13281.156325251999,8369.321036977639
forecast_4761,2025-07-18 09:00:00,10138.139752074592,12139.722780577264,7892.544666099098
forecast_4762,2025-07-18 10:00:00,8339.744626324007,10101.023252486344,7689.564584339484
forecast_4763,2025-07-18 11:00:00,6031.751822503936,7882.449787852667,5809.947731203661
forecast_4764,2025-07-18 12:00:00,4325.790583864334,5731.978925711238,4162.445702081872
forecast_4765,2025-07-18 13:00:00,3146.215062397726,3517.048428154214,2967.331290159933
forecast_4766,2025-07-18 14:00:00,3152.480970854257,2864.9054059115297,2567.2262428743543
forecast_4767,2025-07-18 15:00:00,3863.5122956867644,4492.19189804539,3581.5612831805183
forecast_4768,2025-07-18 16:00:00,4524.099575021274,6016.869003441918,3787.3677078496194
forecast_4769,2025-07-18 17:00:00,6255.272964297971,7243.260790407925,4019.008474169915
forecast_4770,2025-07-18 18:00:00,7214.4197927192,8175.261582780127,4453.07616780201
forecast_4771,2025-07-18 19:00:00,8418.070431372524,9464.122371774567,6278.986462550901
forecast_4772,2025-07-18 20:00:00,8057.304834573493,10751.104607732655,7224.145789670929
forecast_4773,2025-07-18 21:00:00,9907.705544574499,11779.458336740296,8013.504519236498
forecast_4774,2025-07-18 22:00:00,9515.82124105012,10040.038726445737,7906.034983663592
forecast_4775,2025-07-18 23:00:00,9716.941052780461,10344.573988194805,7743.271648123171
forecast_4776,2025-07-19 00:00:00,10119.654849129414,10305.35738787751,8073.283418159817
forecast_4777,2025-07-19 01:00:00,8944.186359179734,9657.518750489538,8635.442802715437
forecast_4778,2025-07-19 02:00:00,7844.138375994367,8873.7744541256,7160.35810275642
forecast_4779,2025-07-19 03:00:00,7303.353033246232,8264.521380797372,6297.421167644139
forecast_4780,2025-07-19 04:00:00,6161.52182120448,7257.064458371566,6469.024349685056
forecast_4781,2025-07-19 05:00:00,7193.575060027786,7961.87392244601,6785.516044501245
forecast_4782,2025-07-19 06:00:00,7699.19450924575,7891.092747876595,6570.094455400535
forecast_4783,2025-07-19 07:00:00,7187.06817665303,7553.966031132046,6170.688179013556
forecast_4784,2025-07-19 08:00:00,6989.629725611065,7422.008514958163,7082.113401946648
forecast_4785,2025-07-19 09:00:00,7812.4088926989425,8572.033283890032,8067.758362509481
forecast_4786,2025-07-19 10:00:00,8612.379508949603,9205.809776283959,7888.044135786677
forecast_4787,2025-07-19 11:00:00,8867.520176086666,10343.161565578948,8229.299944354752
forecast_4788,2025-07-19 12:00:00,9888.812221213902,11710.302453957935,9160.017370610967
forecast_4789,2025-07-19 13:00:00,10086.589755050378,12162.165118742028,9382.580741813337
forecast_4790,2025-07-19 14:00:00,9873.38841456965,12786.438096856824,9592.292011211452
forecast_4791,2025-07-19 15:00:00,10249.165295830342,13124.63537815788,10027.215129813248
forecast_4792,2025-07-19 16:00:00,10248.060417199615,12185.192417599163,10114.346368023136
forecast_4793,2025-07-19 17:00:00,9509.549741022856,11985.975851525127,10500.343940020288
forecast_4794,2025-07-19 18:00:00,9384.08541148309,12311.024549185326,12458.665018426043
forecast_4795,2025-07-19 19:00:00,10936.925881522156,12921.274488774347,12621.385977225724
forecast_4796,2025-07-19 20:00:00,12095.958012531602,12576.325154594882,12546.435479874872
forecast_4797,2025-07-19 21:00:00,12328.45149092729,13096.555485169929,13110.573306888215
forecast_4798,2025-07-19 22:00:00,13997.329518075841,13953.71534393172,13520.635687259935
forecast_4799,2025-07-19 23:00:00,14103.945997110799,14935.487235169461,13129.188124342156
forecast_4800,2025-07-20 00:00:00,13569.517093201192,14714.295475290117,13202.807768793806
forecast_4801,2025-07-20 01:00:00,12888.284233230526,14516.861056310616,13627.465856392977
forecast_4802,2025-07-20 02:00:00,13160.09930065494,14415.219817097868,13334.298503514188
forecast_4803,2025-07-20 03:00:00,13698.022978952675,14320.602233297897,12749.655888752688
forecast_4804,2025-07-20 04:00:00,13118.230493451229,14246.271593044017,13546.615409880016
forecast_4805,2025-07-20 05:00:00,12978.84375792103,14376.621866386402,13514.55171187489
forecast_4806,2025-07-20 06:00:00,12627.78537811127,13900.002625498471,12951.133761801677
forecast_4807,2025-07-20 07:00:00,12164.970200588026,13962.72944806484,12327.198905832332
forecast_4808,2025-07-20 08:00:00,11055.1908675882,13224.59555531947,10462.142971875934
forecast_4809,2025-07-20 09:00:00,9175.079469716326,12691.788973800409,10058.787763535784
forecast_4810,2025-07-20 10:00:00,8107.470306048442,9851.013203697896,8463.612828969675
forecast_4811,2025-07-20 11:00:00,7371.115092858501,8182.40538669222,7880.770332451257
forecast_4812,2025-07-20 12:00:00,6537.007018738759,7966.127771511898,6879.184905301482
forecast_4813,2025-07-20 13:00:00,5262.397525912602,7145.107137056624,6892.936404833594
forecast_4814,2025-07-20 14:00:00,5802.965223452451,6996.462586682062,6317.931920321318
forecast_4815,2025-07-20 15:00:00,4607.58777759397,6533.056076806697,6312.3705005351185
forecast_4816,2025-07-20 16:00:00,4552.204434611507,6115.761718063093,6141.356012367759
forecast_4817,2025-07-20 17:00:00,5035.530608069665,6589.586189607343,5695.928526057329
forecast_4818,2025-07-20 18:00:00,6577.796486385457,7282.386486110165,5422.047508899914
forecast_4819,2025-07-20 19:00:00,8147.305937841736,8463.061464406625,6241.952590695019
forecast_4820,2025-07-20 20:00:00,9296.174332187882,10577.496258580306,8463.804334283155
forecast_4821,2025-07-20 21:00:00,11467.19675873452,12773.284664614508,9220.54217849633
forecast_4822,2025-07-20 22:00:00,11983.683816106675,13444.258019121578,9345.41404732733
forecast_4823,2025-07-20 23:00:00,12150.668842514131,13511.08125490489,9564.331192960182
forecast_4824,2025-07-21 00:00:00,12125.123178925085,13724.385997938258,10267.775161615138
forecast_4825,2025-07-21 01:00:00,13168.71708561885,14703.545130269027,11208.38654099375
forecast_4826,2025-07-21 02:00:00,13075.55226525748,14681.854050856364,11339.885115813853
forecast_4827,2025-07-21 03:00:00,12983.319803558625,15321.951153823902,11968.176876061512
forecast_4828,2025-07-21 04:00:00,12800.881241303721,14569.139976891433,10983.407027073281
forecast_4829,2025-07-21 05:00:00,12773.77276237031,13278.867662202269,10619.041136594898
forecast_4830,2025-07-21 06:00:00,13183.842024913807,14205.583278424185,11934.791710580848
forecast_4831,2025-07-21 07:00:00,12776.800543641426,13614.486868391745,10393.999955086458
forecast_4832,2025-07-21 08:00:00,11540.747576032778,12348.639439732648,9217.063270096214
forecast_4833,2025-07-21 09:00:00,10739.869299927275,11069.395167956844,8351.059776500242
forecast_4834,2025-07-21 10:00:00,9555.19956429756,10277.703154696801,8633.958865098628
forecast_4835,2025-07-21 11:00:00,9122.351248966039,10505.537938422374,8607.647862423877
forecast_4836,2025-07-21 12:00:00,7964.636238313915,9475.826404266034,7667.584784073093
forecast_4837,2025-07-21 13:00:00,7073.579224331959,8259.055343801952,6566.32024430252
forecast_4838,2025-07-21 14:00:00,6472.658131108631,7649.283924842737,6304.672475223221
forecast_4839,2025-07-21 15:00:00,6630.83853972104,7184.5385714937,6326.844892354604
forecast_4840,2025-07-21 16:00:00,6590.54264424658,7128.448670903602,6214.569922683351
forecast_4841,2025-07-21 17:00:00,7797.404443208426,8184.5526802714485,6981.159365741414
forecast_4842,2025-07-21 18:00:00,7956.30679840118,8385.431999235749,7456.784838925514
forecast_4843,2025-07-21 19:00:00,9021.335203498475,9866.59751284244,8331.594498219354
forecast_4844,2025-07-21 20:00:00,11125.889850229767,12289.093325078258,10460.773479850443
forecast_4845,2025-07-21 21:00:00,12477.864110259352,14158.216469018927,13115.357978032833
forecast_4846,2025-07-21 22:00:00,14071.761719295075,15602.290147233081,13828.244283988352
forecast_4847,2025-07-21 23:00:00,14754.9341190245,16203.996109129883,14045.987896092163
forecast_4848,2025-07-22 00:00:00,14604.623882188022,16125.415028151205,14351.79593286998
forecast_4849,2025-07-22 01:00:00,14937.46501536457,17274.74475539688,15031.034930788363
forecast_4850,2025-07-22 02:00:00,15489.24574435759,17371.201715748386,15204.950203159464
forecast_4851,2025-07-22 03:00:00,16157.684379144946,16858.960962165303,14731.196264050883
forecast_4852,2025-07-22 04:00:00,16262.293406089277,16672.053478961843,15453.003258794428
forecast_4853,2025-07-22 05:00:00,15824.80707141399,16635.216394306273,15351.593696761287
forecast_4854,2025-07-22 06:00:00,15494.70802168015,16688.52189786179,13961.700007332198
forecast_4855,2025-07-22 07:00:00,14372.2265884796,15912.237409376457,13000.456442220424
forecast_4856,2025-07-22 08:00:00,12550.050419857564,13987.087087538855,10692.943945748968
forecast_4857,2025-07-22 09:00:00,10014.954775563388,10592.158651237934,7682.20730792696
forecast_4858,2025-07-22 10:00:00,8077.276008841471,8617.595386193254,5751.922754878738
forecast_4859,2025-07-22 11:00:00,6260.753622002674,6585.8059860717585,3858.411246570049
forecast_4860,2025-07-22 12:00:00,4595.637581870914,4998.239109644706,3055.0763515566923
forecast_4861,2025-07-22 13:00:00,3888.8740293883397,3802.1593403138404,2238.9150620711043
forecast_4862,2025-07-22 14:00:00,3680.831420100153,3461.4454571388906,2232.5168482237323
forecast_4863,2025-07-22 15:00:00,3231.3726137545245,3372.690364676281,2143.5491058497955
forecast_4864,2025-07-22 16:00:00,2679.9618025462905,3444.7648150592668,1408.1124311348128
forecast_4865,2025-07-22 17:00:00,2872.378572071836,2547.966262833387,1429.8523968333598
forecast_4866,2025-07-22 18:00:00,2969.828604851381,3068.880530729229,1952.7306209880276
forecast_4867,2025-07-22 19:00:00,4460.547489555878,3920.5696345343517,2063.2675730299206
forecast_4868,2025-07-22 20:00:00,6959.779907587388,6161.073811508278,3346.8963621405087
forecast_4869,2025-07-22 21:00:00,8215.540799380833,7901.965733994251,5222.9402267626265
forecast_4870,2025-07-22 22:00:00,9636.797769786624,8871.822531188784,6054.466619613853
forecast_4871,2025-07-22 23:00:00,10674.435457148586,9971.360510327442,7354.442044652871
forecast_4872,2025-07-23 00:00:00,11715.862684486494,11419.794401513805,8651.496705919766
forecast_4873,2025-07-23 01:00:00,12570.742623241977,11695.353653859922,8837.002098141947
forecast_4874,2025-07-23 02:00:00,12153.108165769601,11054.220484310024,8609.822922141928
forecast_4875,2025-07-23 03:00:00,12348.51844909029,12648.190535782029,9001.39131229103
forecast_4876,2025-07-23 04:00:00,12218.190279708117,12640.061661182146,8630.328847267063
forecast_4877,2025-07-23 05:00:00,11902.711522013267,11259.502376114257,8022.357124272712
forecast_4878,2025-07-23 06:00:00,11046.14216392273,9996.218306888562,7390.859556356375
forecast_4879,2025-07-23 07:00:00,9238.648385423956,7597.953813476375,5827.488737846865
forecast_4880,2025-07-23 08:00:00,5935.670661582673,5391.015955759885,3616.331198816329
forecast_4881,2025-07-23 09:00:00,3620.224874421612,2416.689625698661,1408.66450850913
forecast_4882,2025-07-23 10:00:00,1480.374078878136,962.5616167955307,790.7032105545175
forecast_4883,2025-07-23 11:00:00,754.1645488715208,480.14335528682994,563.7185373940054
forecast_4884,2025-07-23 12:00:00,368.59912344314534,364.2811115643766,550.5556151326399
forecast_4885,2025-07-23 13:00:00,266.24623742663357,250.8397607230586,536.6957589240625
forecast_4886,2025-07-23 14:00:00,241.298007291699,248.15638177109284,538.4400941617654
forecast_4887,2025-07-23 15:00:00,288.5337806736868,299.9035708469878,538.7872121656105
forecast_4888,2025-07-23 16:00:00,335.1088204970331,369.4341009106259,552.0800790976401
forecast_4889,2025-07-23 17:00:00,486.2820393533477,633.4955407714448,630.2052564611438
forecast_4890,2025-07-23 18:00:00,847.4800772612596,1544.1749400778447,775.8804462394388
forecast_4891,2025-07-23 19:00:00,1530.9866185735677,2476.6353179502444,957.6987086740619
forecast_4892,2025-07-23 20:00:00,2399.079865675645,2623.9630279264106,1192.8477863351984
forecast_4893,2025-07-23 21:00:00,3721.920343507463,3994.763696064073,2231.3585080138414
forecast_4894,2025-07-23 22:00:00,5279.1464601149655,5350.8433699802645,3471.279510689153
forecast_4895,2025-07-23 23:00:00,5838.566818382894,6346.2336898184685,5025.409044632092
forecast_4896,2025-07-24 00:00:00,7819.809724441079,6921.264270083317,5081.718237210245
forecast_4897,2025-07-24 01:00:00,8819.876133566626,8392.13596961866,5708.517095605436
forecast_4898,2025-07-24 02:00:00,9664.493145254133,9248.114739310924,7189.076372636691
forecast_4899,2025-07-24 03:00:00,9791.959966107815,10438.506371083438,7324.265842939626
forecast_4900,2025-07-24 04:00:00,9744.43103492915,10520.63469684817,7287.117856364281
forecast_4901,2025-07-24 05:00:00,9831.745339927402,10019.357396644227,7159.538871987508
forecast_4902,2025-07-24 06:00:00,8602.425287501617,8895.184382111875,6667.83622716459
forecast_4903,2025-07-24 07:00:00,7074.1706047262705,6278.198383418513,3732.90315245735
forecast_4904,2025-07-24 08:00:00,2885.989727108774,2823.839323904276,1149.067651775482
forecast_4905,2025-07-24 09:00:00,821.2672315077384,896.0303223238363,562.1893230071695
forecast_4906,2025-07-24 10:00:00,531.8550616982346,536.8332804272152,535.0469569221093
forecast_4907,2025-07-24 11:00:00,218.13837572387618,249.02414918080078,535.0469569221093
forecast_4908,2025-07-24 12:00:00,219.2770176859837,249.11092718258607,535.0469569221093
forecast_4909,2025-07-24 13:00:00,223.11390880355367,249.11092718258607,535.0469569221093
forecast_4910,2025-07-24 14:00:00,226.06336491998107,249.11092718258607,535.0469569221093
forecast_4911,2025-07-24 15:00:00,222.45873751145126,249.11092718258607,535.0469569221093
forecast_4912,2025-07-24 16:00:00,220.0199788893113,248.88937516422442,535.0469569221093
forecast_4913,2025-07-24 17:00:00,219.9150757695532,247.61686937347096,535.0469569221093
forecast_4914,2025-07-24 18:00:00,232.9716059821243,244.48239123590673,535.0469569221093
forecast_4915,2025-07-24 19:00:00,322.5065862567418,340.89311669148253,535.3940749259546
forecast_4916,2025-07-24 20:00:00,393.88405656632347,466.3134672496252,583.7734760798535
forecast_4917,2025-07-24 21:00:00,820.4233245525622,650.3348658001773,748.6321528006486
forecast_4918,2025-07-24 22:00:00,1684.0236751141301,1599.8907820504448,1073.18721974866
forecast_4919,2025-07-24 23:00:00,2845.003710560727,3154.4481569507366,1950.8581060944805
forecast_4920,2025-07-25 00:00:00,3275.235912870254,3744.9889307410012,2161.7292231932834
forecast_4921,2025-07-25 01:00:00,4100.242559148384,3958.2203821817225,2891.6855691393553
forecast_4922,2025-07-25 02:00:00,4751.575549758866,4566.90351641131,3440.6525156526695
forecast_4923,2025-07-25 03:00:00,4863.537821180689,5333.565734573445,3875.912462289829
forecast_4924,2025-07-25 04:00:00,4680.548732435311,4444.9608493470805,3136.267292545436
forecast_4925,2025-07-25 05:00:00,3471.4510314539357,3789.1883694997878,2358.6380986401728
forecast_4926,2025-07-25 06:00:00,3187.547990025264,3202.9205856013946,2147.900430595332
forecast_4927,2025-07-25 07:00:00,1880.4421104605588,1753.0141239644565,1148.0339986687425
forecast_4928,2025-07-25 08:00:00,787.2037287721434,719.7013003270426,646.6640985452138
forecast_4929,2025-07-25 09:00:00,411.1020891932007,372.9454288336027,568.2134823884869
forecast_4930,2025-07-25 10:00:00,261.4191830295373,247.39696384373374,535.0469569221093
forecast_4931,2025-07-25 11:00:00,231.65159073840195,258.0309127969894,535.0469569221093
forecast_4932,2025-07-25 12:00:00,231.1954010469723,259.08980736534966,535.0469569221093
forecast_4933,2025-07-25 13:00:00,241.3008828492569,256.03923720482214,535.0469569221093
forecast_4934,2025-07-25 14:00:00,238.12311882245723,252.69283147153274,535.0469569221093
forecast_4935,2025-07-25 15:00:00,241.11663102748517,261.7182321499503,535.3940749259546
forecast_4936,2025-07-25 16:00:00,247.85830981943997,269.8927896546227,562.3094008320879
forecast_4937,2025-07-25 17:00:00,326.6035096594553,277.7056678820188,589.421643086742
forecast_4938,2025-07-25 18:00:00,450.8881215474007,419.16699123752073,600.1228075088113
forecast_4939,2025-07-25 19:00:00,1443.2840580131965,1062.1129720072684,904.7880097236753
forecast_4940,2025-07-25 20:00:00,2722.0542347937635,2392.9931804257526,1750.7909297850904
forecast_4941,2025-07-25 21:00:00,4186.82903246051,3459.5031099265734,2917.217584554597
forecast_4942,2025-07-25 22:00:00,6044.758258846851,5085.7060649894165,4877.884729520407
forecast_4943,2025-07-25 23:00:00,7611.853157271715,6301.50028316117,6821.406737984796
forecast_4944,2025-07-26 00:00:00,8594.04325123964,7355.7498098818505,8231.477502107346
forecast_4945,2025-07-26 01:00:00,8442.205996367133,8079.25260413216,8487.45457306501
forecast_4946,2025-07-26 02:00:00,8558.005409928075,8144.974402097834,8416.216143360718
forecast_4947,2025-07-26 03:00:00,8537.106486255167,7964.934051734814,8188.736722105952
forecast_4948,2025-07-26 04:00:00,8058.37164017159,7421.536523701892,6844.273157348676
forecast_4949,2025-07-26 05:00:00,5953.931800190546,5503.441763104301,4560.55831800668
forecast_4950,2025-07-26 06:00:00,4506.278874905775,3261.607758532873,2880.008682861632
forecast_4951,2025-07-26 07:00:00,2857.1494920371624,2039.6907931880874,1933.419105275191
forecast_4952,2025-07-26 08:00:00,1719.9444872310023,1164.3566254951384,934.802257175636
forecast_4953,2025-07-26 09:00:00,487.5506427809265,449.5392535400065,590.3659805239565
forecast_4954,2025-07-26 10:00:00,303.07810269033405,294.5926617418209,548.6979538777283
forecast_4955,2025-07-26 11:00:00,233.8528598816288,257.6969411842444,535.0469569221093
forecast_4956,2025-07-26 12:00:00,229.3087643519156,258.58493353657406,535.0469569221093
forecast_4957,2025-07-26 13:00:00,233.1160001527087,258.5729315335524,535.0469569221093
forecast_4958,2025-07-26 14:00:00,240.46501125965983,256.49849141626413,535.0469569221093
forecast_4959,2025-07-26 15:00:00,240.9212009510895,255.55731025623152,535.0469569221093
forecast_4960,2025-07-26 16:00:00,242.53102576667874,254.7844602493795,535.0469569221093
forecast_4961,2025-07-26 17:00:00,252.90987590227655,252.81930567805972,535.0469569221093
forecast_4962,2025-07-26 18:00:00,306.4100839883755,257.485866739183,553.4419482619962
forecast_4963,2025-07-26 19:00:00,534.464979169772,498.7733463819849,612.284915234099
forecast_4964,2025-07-26 20:00:00,1437.4367875807427,1255.7013846437599,1069.5119754559562
forecast_4965,2025-07-26 21:00:00,2786.9054465505396,2269.651378441328,2541.514417801392
forecast_4966,2025-07-26 22:00:00,5177.98592385461,4583.848184890238,4723.97760627609
forecast_4967,2025-07-26 23:00:00,7082.129906134556,6479.516549227597,7035.681310417806
forecast_4968,2025-07-27 00:00:00,9225.044707958665,8186.57497159892,8322.54481801412
forecast_4969,2025-07-27 01:00:00,11174.314279287662,10816.544420690168,8417.06763550924
forecast_4970,2025-07-27 02:00:00,11906.286926800802,11148.585795265184,8871.50141037106
forecast_4971,2025-07-27 03:00:00,12325.615399695973,10548.564826332999,8509.327487088798
forecast_4972,2025-07-27 04:00:00,12070.85577552093,10329.909320482402,8537.989429214333
forecast_4973,2025-07-27 05:00:00,9964.398834886611,9085.10004185918,7664.711021223254
forecast_4974,2025-07-27 06:00:00,9060.639411478118,8162.376249336308,6137.721462472812
forecast_4975,2025-07-27 07:00:00,7885.211141040718,6454.380312621072,4272.008010644769
forecast_4976,2025-07-27 08:00:00,4303.3200952509615,3111.1138463531943,2437.4484322756207
forecast_4977,2025-07-27 09:00:00,2063.7180627446114,1338.8079130285591,1172.5619456811546
forecast_4978,2025-07-27 10:00:00,1030.688877885314,820.7963670561332,739.2812909585075
forecast_4979,2025-07-27 11:00:00,381.12947719881606,395.5901764722281,700.1958425516493
forecast_4980,2025-07-27 12:00:00,376.55960623557115,352.8661704622241,797.6188834624395
forecast_4981,2025-07-27 13:00:00,352.7016332660954,364.28440295410303,796.4253764887482
forecast_4982,2025-07-27 14:00:00,530.5292615813895,472.83795406405204,895.0822074854591
forecast_4983,2025-07-27 15:00:00,846.4323699494951,1102.1978730210496,1135.8208067521707
forecast_4984,2025-07-27 16:00:00,1845.9657101046241,2119.964311405939,1849.971524311091
forecast_4985,2025-07-27 17:00:00,2488.245251702396,3001.98882647152,1969.5585575925738
forecast_4986,2025-07-27 18:00:00,3780.5859045913494,3297.571026435131,1582.0377768155627
forecast_4987,2025-07-27 19:00:00,5760.686396504567,4839.477893785891,2869.30609895293
forecast_4988,2025-07-27 20:00:00,7529.52501785523,6685.408307604695,4381.972478096397
forecast_4989,2025-07-27 21:00:00,8570.334683521754,8158.440637673809,6421.979603707429
forecast_4990,2025-07-27 22:00:00,10056.00717280813,9887.431151150715,7862.594041430093
forecast_4991,2025-07-27 23:00:00,11559.932826447675,10340.501381528442,8696.349684151306
forecast_4992,2025-07-28 00:00:00,12280.088778868825,11480.529074100854,9006.24900363426
forecast_4993,2025-07-28 01:00:00,12551.944941303147,11491.50288079031,9078.356763194943
forecast_4994,2025-07-28 02:00:00,12665.562357802479,11795.434884097962,9597.040318714702
forecast_4995,2025-07-28 03:00:00,12221.372472919562,11631.180544878165,8864.10604974447
forecast_4996,2025-07-28 04:00:00,12137.235973435743,10607.828887574316,8536.556256214304
forecast_4997,2025-07-28 05:00:00,11655.261223513062,10694.046163388986,8136.879682530802
forecast_4998,2025-07-28 06:00:00,9979.78579120138,9085.865472361791,6731.730239560393
forecast_4999,2025-07-28 07:00:00,8416.763867880287,7009.111505276824,4925.872499415711
forecast_5000,2025-07-28 08:00:00,4546.998550613647,3155.392393857657,2685.2976288535656
forecast_5001,2025-07-28 09:00:00,2013.0542728221476,1074.9765377766944,1089.5808226613954
forecast_5002,2025-07-28 10:00:00,849.4059606742903,627.9620326021765,589.0074542534129
forecast_5003,2025-07-28 11:00:00,351.96238470302217,309.96116445110334,550.3467558796815
forecast_5004,2025-07-28 12:00:00,255.37691648167663,251.77767996676698,535.0469569221093
forecast_5005,2025-07-28 13:00:00,229.12922508289367,246.4211495600796,535.2558161750676
forecast_5006,2025-07-28 14:00:00,217.71691022430548,245.7852150027815,535.0469569221093
forecast_5007,2025-07-28 15:00:00,224.03564980620447,250.85611242724008,535.0469569221093
forecast_5008,2025-07-28 16:00:00,218.60048849037366,267.45502455648904,535.0469569221093
forecast_5009,2025-07-28 17:00:00,242.90049405765834,270.52061351118357,535.0469569221093
forecast_5010,2025-07-28 18:00:00,239.58469454536234,258.67055277577595,535.2558161750676
forecast_5011,2025-07-28 19:00:00,247.53104966730518,254.34004594907054,535.3940749259546
forecast_5012,2025-07-28 20:00:00,294.75179140631064,257.31062412778687,563.9582028340411
forecast_5013,2025-07-28 21:00:00,441.45788418498194,276.5979580374363,656.409751549475
forecast_5014,2025-07-28 22:00:00,959.5368023625123,453.3965891437894,723.5367122261373
forecast_5015,2025-07-28 23:00:00,893.6812808522909,592.8536944282504,808.9019165805814
forecast_5016,2025-07-29 00:00:00,1382.028547487951,955.3367603764209,979.7867831620949
forecast_5017,2025-07-29 01:00:00,2253.4769390008987,1442.624041292312,1765.1853080838844
forecast_5018,2025-07-29 02:00:00,2714.807776012198,1558.0665752091134,1884.0130642080949
forecast_5019,2025-07-29 03:00:00,2594.313668893653,1532.4438982273966,1736.4594728047123
forecast_5020,2025-07-29 04:00:00,2013.6163578607768,1213.7145144298865,1076.6397806528219
forecast_5021,2025-07-29 05:00:00,1089.7795720003717,545.6686728354202,789.1673364835844
forecast_5022,2025-07-29 06:00:00,409.6801313787477,320.8683085938595,564.9818949604389
forecast_5023,2025-07-29 07:00:00,259.547184825885,250.82799041700355,535.0469569221093
forecast_5024,2025-07-29 08:00:00,224.1288333584776,251.67452566597024,535.0469569221093
forecast_5025,2025-07-29 09:00:00,222.22792902605812,249.03146290101506,535.0469569221093
forecast_5026,2025-07-29 10:00:00,222.82515846050592,248.83968412246205,535.0469569221093
forecast_5027,2025-07-29 11:00:00,224.73767519874724,248.92646212424734,535.0469569221093
forecast_5028,2025-07-29 12:00:00,221.0759030831092,248.83968412246205,535.0469569221093
forecast_5029,2025-07-29 13:00:00,222.23397243974813,246.32309219016528,535.0469569221093
forecast_5030,2025-07-29 14:00:00,221.68240841349734,246.507557248504,535.0469569221093
forecast_5031,2025-07-29 15:00:00,217.5323425417477,247.02999026919179,535.0469569221093
forecast_5032,2025-07-29 16:00:00,219.27498235095456,246.21249300836476,535.0469569221093
forecast_5033,2025-07-29 17:00:00,234.5865930142965,245.54242925618274,535.0469569221093
forecast_5034,2025-07-29 18:00:00,246.37043236860256,271.4722907527614,535.0469569221093
forecast_5035,2025-07-29 19:00:00,302.53307890411884,376.076479034165,537.4918372657299
forecast_5036,2025-07-29 20:00:00,373.16400610147826,390.1954811522528,588.2628388432382
forecast_5037,2025-07-29 21:00:00,464.6233286077338,466.4643109034597,638.9363001789629
forecast_5038,2025-07-29 22:00:00,1291.7669868885323,905.6357552271875,850.8971984318835
forecast_5039,2025-07-29 23:00:00,1965.5003611332,1339.2296721827422,1026.8448133538661
forecast_5040,2025-07-30 00:00:00,2474.7488346208347,1577.0059812979148,1426.0665030715497
forecast_5041,2025-07-30 01:00:00,2196.8124267841854,1428.9347920625682,1710.0123066336055
forecast_5042,2025-07-30 02:00:00,2171.5381358098907,1479.433075219763,1691.3190603150042
forecast_5043,2025-07-30 03:00:00,2094.039937434091,1251.0916816424767,1071.6831223611237
forecast_5044,2025-07-30 04:00:00,1178.5492119086011,700.1973803747873,721.6299668517081
forecast_5045,2025-07-30 05:00:00,660.3520228929465,417.8656570626549,539.5820920534187
forecast_5046,2025-07-30 06:00:00,621.5536317267125,345.19064948445373,535.0469569221093
forecast_5047,2025-07-30 07:00:00,311.0497984601801,280.3055793421136,535.0469569221093
forecast_5048,2025-07-30 08:00:00,243.47467414516274,254.4163558685333,535.0469569221093
forecast_5049,2025-07-30 09:00:00,231.03900231378185,251.96788849571837,535.0469569221093
forecast_5050,2025-07-30 10:00:00,229.7402604159669,250.92654052094116,535.0469569221093
forecast_5051,2025-07-30 11:00:00,252.3887550833801,273.1080151392915,536.26186291271
forecast_5052,2025-07-30 12:00:00,269.579760875407,326.9347539519834,538.0061981504128
forecast_5053,2025-07-30 13:00:00,272.80875977698196,332.68051899639477,538.0061981504128
forecast_5054,2025-07-30 14:00:00,270.7642275214152,329.02301908713275,536.26186291271
forecast_5055,2025-07-30 15:00:00,270.73319338980264,324.54389326758957,536.26186291271
forecast_5056,2025-07-30 16:00:00,267.48644938810764,327.7197720628908,536.26186291271
forecast_5057,2025-07-30 17:00:00,263.034327375911,263.20321088111496,535.0469569221093
forecast_5058,2025-07-30 18:00:00,241.77927378452912,248.43868696940837,536.26186291271
forecast_5059,2025-07-30 19:00:00,259.97472309725526,273.90132988905947,536.26186291271
forecast_5060,2025-07-30 20:00:00,400.0211257059748,385.029926265497,536.26186291271
forecast_5061,2025-07-30 21:00:00,901.5439797225232,653.7069146503093,540.1380693102224
forecast_5062,2025-07-30 22:00:00,1805.3973258434376,1439.4929055522032,694.7077777903818
forecast_5063,2025-07-30 23:00:00,2247.468182185579,2422.5040264971576,840.7546271018059
forecast_5064,2025-07-31 00:00:00,2328.4445499688654,2827.177304122679,1016.0888129769203
forecast_5065,2025-07-31 01:00:00,2369.8230566801567,3305.9902492409574,1384.4406122160065
forecast_5066,2025-07-31 02:00:00,2568.310575430156,3493.410858778363,1814.0044118440721
forecast_5067,2025-07-31 03:00:00,3085.291762309576,3741.8538677055803,1850.631790527255
forecast_5068,2025-07-31 04:00:00,2819.521644829941,3680.4110934316313,2131.5815928678007
forecast_5069,2025-07-31 05:00:00,2643.033875428845,3196.3177959278787,1751.1318784160615
forecast_5070,2025-07-31 06:00:00,2006.1993557181718,1930.3500042337923,1081.433640277144
forecast_5071,2025-07-31 07:00:00,1276.937451701819,1165.2721861699868,915.6240589069251
forecast_5072,2025-07-31 08:00:00,718.4328461785451,763.2520491797814,723.0949859130541
forecast_5073,2025-07-31 09:00:00,550.9807090425059,524.6820739249434,632.3397047734692
forecast_5074,2025-07-31 10:00:00,470.82560127452683,488.7715050536934,633.2830772855947
forecast_5075,2025-07-31 11:00:00,495.7144256027383,590.0067781432865,749.4703583248391
forecast_5076,2025-07-31 12:00:00,471.74658973760626,709.9123398862984,763.9830501817845
forecast_5077,2025-07-31 13:00:00,302.9758635496502,702.4036468894857,757.8927096776288
forecast_5078,2025-07-31 14:00:00,287.8230394401911,608.0526767087351,655.8563972357747
forecast_5079,2025-07-31 15:00:00,262.58342786143527,496.8820199990268,615.4905599225923
forecast_5080,2025-07-31 16:00:00,245.86291202379337,362.50527371589664,538.0061981504128
forecast_5081,2025-07-31 17:00:00,240.9544537582724,278.0036547733532,535.0469569221093
forecast_5082,2025-07-31 18:00:00,241.96485108166212,276.6408824566573,535.0469569221093
forecast_5083,2025-07-31 19:00:00,232.6978939735571,245.18950134337678,535.0469569221093
forecast_5084,2025-07-31 20:00:00,225.82453646276227,252.82638785368437,535.0469569221093
forecast_5085,2025-07-31 21:00:00,268.7984999581146,252.42514760458502,535.0469569221093
forecast_5086,2025-07-31 22:00:00,399.4464923950168,358.5515129949571,536.26186291271
forecast_5087,2025-07-31 23:00:00,661.180947857555,629.7822642372805,538.0061981504128
forecast_5088,2025-08-01 00:00:00,641.0083655572535,763.6896483877255,538.353316154258
forecast_5089,2025-08-01 01:00:00,755.6719123875679,661.5220706792387,552.3986591199701
forecast_5090,2025-08-01 02:00:00,637.9006254670495,450.6738527369523,571.2002440945023
forecast_5091,2025-08-01 03:00:00,387.02375263008355,334.4894341490106,550.2204278709147
forecast_5092,2025-08-01 04:00:00,345.5888810867926,331.94978901733657,536.8178401695135
forecast_5093,2025-08-01 05:00:00,302.78826585749755,293.58081946520406,535.0469569221093
forecast_5094,2025-08-01 06:00:00,233.8562877603189,253.11479991538795,535.0469569221093
forecast_5095,2025-08-01 07:00:00,221.43038537668716,255.9469985752868,535.0469569221093
forecast_5096,2025-08-01 08:00:00,219.9273849526785,253.03812932502174,535.0469569221093
forecast_5097,2025-08-01 09:00:00,219.2776909670914,250.31505754218287,535.0469569221093
forecast_5098,2025-08-01 10:00:00,224.7358629426814,246.42077924671875,535.0469569221093
forecast_5099,2025-08-01 11:00:00,220.22136923575636,247.26803647466963,535.0469569221093
forecast_5100,2025-08-01 12:00:00,219.5777658307334,247.55828552034956,536.26186291271
forecast_5101,2025-08-01 13:00:00,227.56769961740414,257.6817273319131,538.0061981504128
forecast_5102,2025-08-01 14:00:00,226.9672982573982,254.34439748744592,536.26186291271
forecast_5103,2025-08-01 15:00:00,229.16954158341576,250.34233703214295,536.26186291271
forecast_5104,2025-08-01 16:00:00,226.12917544323784,248.3674095330643,535.0469569221093
forecast_5105,2025-08-01 17:00:00,229.8192355690029,252.38918335142404,535.0469569221093
forecast_5106,2025-08-01 18:00:00,247.84319297137125,280.7350289149433,535.0469569221093
forecast_5107,2025-08-01 19:00:00,279.77993473205635,400.8542466440039,536.26186291271
forecast_5108,2025-08-01 20:00:00,378.9618145516233,441.4216875902227,536.26186291271
forecast_5109,2025-08-01 21:00:00,534.3074903964555,448.2541790254734,536.26186291271
forecast_5110,2025-08-01 22:00:00,1227.874616800163,637.9803989046725,539.5820920534187
forecast_5111,2025-08-01 23:00:00,1144.226465403557,892.2252573542662,559.9124736703064
forecast_5112,2025-08-02 00:00:00,2193.6090550747954,1784.2325482581014,1020.7590914707738
forecast_5113,2025-08-02 01:00:00,5409.862836534247,4022.2290685858984,2431.910805162659
forecast_5114,2025-08-02 02:00:00,7374.313251375355,5120.617388492017,3862.8643207425266
forecast_5115,2025-08-02 03:00:00,8630.286459381683,7442.128202043457,5067.160740296216
forecast_5116,2025-08-02 04:00:00,9454.371053172623,9158.113196375121,5955.369578163475
forecast_5117,2025-08-02 05:00:00,10603.163873447931,10514.33234033075,6733.878340667814
forecast_5118,2025-08-02 06:00:00,11370.429707725383,10714.852519156006,7393.928770641893
forecast_5119,2025-08-02 07:00:00,10277.764802070275,10637.923146735253,7205.790254768524
forecast_5120,2025-08-02 08:00:00,8551.118164511212,8495.278838792161,5220.234128640821
forecast_5121,2025-08-02 09:00:00,6424.232526323577,5980.008251030626,2982.362626844473
forecast_5122,2025-08-02 10:00:00,3610.1334272850772,3232.9849997425868,1943.0067817930344
forecast_5123,2025-08-02 11:00:00,2232.5306594872895,1572.4322473982897,1535.4758861151024
forecast_5124,2025-08-02 12:00:00,1754.2906007156516,1055.0395206644698,1097.6720531426301
forecast_5125,2025-08-02 13:00:00,1415.1254564661854,956.8081149537429,981.5954618821457
forecast_5126,2025-08-02 14:00:00,1060.3351643287237,772.1189351030729,853.2971208580727
forecast_5127,2025-08-02 15:00:00,841.1021409233897,543.2949150765398,716.6278512658018
forecast_5128,2025-08-02 16:00:00,508.56553515912117,454.04326438091226,555.2849922493265
forecast_5129,2025-08-02 17:00:00,278.84016569052875,311.6704050784897,541.3264272911217
forecast_5130,2025-08-02 18:00:00,268.45512352767594,256.9161660044595,538.0061981504128
forecast_5131,2025-08-02 19:00:00,317.320880236377,274.0719804886111,541.6212399536819
forecast_5132,2025-08-02 20:00:00,501.4388639829452,357.1033459619535,555.9207967588663
forecast_5133,2025-08-02 21:00:00,850.8317244267225,500.7579921090048,681.740965635482
forecast_5134,2025-08-02 22:00:00,1905.2434005368473,1310.5053783060093,925.2527971834695
forecast_5135,2025-08-02 23:00:00,2783.267910999264,2060.0458021105933,1377.5186867431742
forecast_5136,2025-08-03 00:00:00,4125.520320058306,2795.842277342863,2121.54626667688
forecast_5137,2025-08-03 01:00:00,6331.210255184815,4111.496139237455,2988.031301185968
forecast_5138,2025-08-03 02:00:00,7001.6431662000505,5377.301596834313,3771.2479675144627
forecast_5139,2025-08-03 03:00:00,6564.855717143763,5389.934438837271,3505.7082509407983
forecast_5140,2025-08-03 04:00:00,4452.751981050342,4181.8271757147995,2218.2120197684494
forecast_5141,2025-08-03 05:00:00,2773.3975619360967,1977.1851434774173,1217.0621418830951
forecast_5142,2025-08-03 06:00:00,1538.3034877143061,1046.1837099071336,762.667383939404
forecast_5143,2025-08-03 07:00:00,448.90594749664467,466.64591400422347,580.9012775664822
forecast_5144,2025-08-03 08:00:00,276.231654451117,252.30291170843265,550.7957162175037
forecast_5145,2025-08-03 09:00:00,249.0027718869115,280.9253627209111,535.2558161750676
forecast_5146,2025-08-03 10:00:00,225.2859941573624,253.0389669868155,535.0469569221093
forecast_5147,2025-08-03 11:00:00,228.58099162854535,270.2887073485644,535.0469569221093
forecast_5148,2025-08-03 12:00:00,238.4007990227867,264.1767588899124,535.0469569221093
forecast_5149,2025-08-03 13:00:00,244.92222580296638,326.6833283349042,537.4918372657299
forecast_5150,2025-08-03 14:00:00,377.33568000032847,601.3899091262653,595.6203642570221
forecast_5151,2025-08-03 15:00:00,798.5082598971096,1439.240228619415,995.5832164355213
forecast_5152,2025-08-03 16:00:00,1618.7251216699303,2877.097743895183,1163.5378927850297
forecast_5153,2025-08-03 17:00:00,2374.800922428155,3452.3860156383007,1735.2802237026506
forecast_5154,2025-08-03 18:00:00,3418.330904924627,4300.155606603557,1875.2504839914013
forecast_5155,2025-08-03 19:00:00,5183.67254033352,6101.550977127284,3186.6828687499506
forecast_5156,2025-08-03 20:00:00,6212.732109145757,6619.822128735796,3885.380101744604
forecast_5157,2025-08-03 21:00:00,5032.801764522957,6298.848105287558,3597.215363760908
forecast_5158,2025-08-03 22:00:00,5880.6596828721595,6261.486248268866,4075.7044591583644
forecast_5159,2025-08-03 23:00:00,5101.112557224593,7219.451965328821,4452.461571041427
forecast_5160,2025-08-04 00:00:00,5854.046734474231,7481.890572052231,4155.558597038698
forecast_5161,2025-08-04 01:00:00,4769.557460143103,7607.31234012998,3534.365560865608
forecast_5162,2025-08-04 02:00:00,4435.506133446599,7512.74775566321,3130.4935288904912
forecast_5163,2025-08-04 03:00:00,4307.887132509719,6958.719178057715,3987.953118108177
forecast_5164,2025-08-04 04:00:00,5356.670499344335,7632.203978045272,3817.8233860012215
forecast_5165,2025-08-04 05:00:00,6026.735598451916,8409.993107839584,5322.809966769204
forecast_5166,2025-08-04 06:00:00,7379.5724722281975,8909.48311949925,8936.296702927646
forecast_5167,2025-08-04 07:00:00,8278.770044274388,11041.76611213573,9942.91492738279
forecast_5168,2025-08-04 08:00:00,8115.871543080619,12708.719982438963,8864.730357406694
forecast_5169,2025-08-04 09:00:00,8923.877460872893,12322.774505423458,8057.366006567232
forecast_5170,2025-08-04 10:00:00,8124.1537326326015,10354.298465911306,6672.895642639003
forecast_5171,2025-08-04 11:00:00,7462.8281716656675,9223.021499041475,6205.7682450537395
forecast_5172,2025-08-04 12:00:00,6877.39543121361,7583.0870417387605,5731.280932445126
forecast_5173,2025-08-04 13:00:00,5250.706228845329,6996.615741601012,5181.1191335967105
forecast_5174,2025-08-04 14:00:00,4649.2787607068485,5517.719945946552,4783.773472396895
forecast_5175,2025-08-04 15:00:00,4377.302467147507,4219.4270711650815,4583.4895637254285
forecast_5176,2025-08-04 16:00:00,4606.9162383089515,4023.3343947725143,4309.167475834783
forecast_5177,2025-08-04 17:00:00,4229.045988882113,4128.048334914795,4223.632236979183
forecast_5178,2025-08-04 18:00:00,6248.833783205867,5188.542613231581,4288.45722108456
forecast_5179,2025-08-04 19:00:00,7111.910414548689,6099.528267314764,4367.268534938856
forecast_5180,2025-08-04 20:00:00,7326.751785930221,7025.704344050302,5355.884757168819
forecast_5181,2025-08-04 21:00:00,8342.837040869481,8563.788597944758,5877.420881843675
forecast_5182,2025-08-04 22:00:00,8650.906756812086,9218.14780154288,5505.374231998021
forecast_5183,2025-08-04 23:00:00,8751.28692159153,10002.113162410573,5559.2374643759595
forecast_5184,2025-08-05 00:00:00,8246.07651660277,11840.104035255607,5709.342113562452
forecast_5185,2025-08-05 01:00:00,7786.027435982289,9353.94646494823,5560.53378221474
forecast_5186,2025-08-05 02:00:00,5925.102763717339,7843.133332119729,4317.795744091001
forecast_5187,2025-08-05 03:00:00,5327.907959871717,6801.257454710406,4081.1673364863955
forecast_5188,2025-08-05 04:00:00,4431.950926890356,4256.014839400669,3114.9764830185322
forecast_5189,2025-08-05 05:00:00,3611.0148684136475,3276.460664901383,2301.295380910226
forecast_5190,2025-08-05 06:00:00,2467.908910803225,2140.352231694146,1717.2206120170017
forecast_5191,2025-08-05 07:00:00,2172.3416962636034,1628.610741544972,1607.7209986628218
forecast_5192,2025-08-05 08:00:00,2039.4885186790038,1757.783842183328,1344.9449221433294
forecast_5193,2025-08-05 09:00:00,1865.9435517697232,1661.4784762534784,1322.5249414660216
forecast_5194,2025-08-05 10:00:00,1946.820665055201,1966.8736096160148,1510.3931473498963
forecast_5195,2025-08-05 11:00:00,2776.77667286641,3110.5043822821344,2488.7912570121252
forecast_5196,2025-08-05 12:00:00,3727.703643559282,4145.715330321509,4189.466542313108
forecast_5197,2025-08-05 13:00:00,5471.424817218315,5621.826241484108,4936.7822817662345
forecast_5198,2025-08-05 14:00:00,6898.555060830249,6994.958512426931,5653.226297992662
forecast_5199,2025-08-05 15:00:00,7626.550445728156,7390.690377041068,6080.221239850116
forecast_5200,2025-08-05 16:00:00,8537.95116115378,7614.853258740281,6277.743642544841
forecast_5201,2025-08-05 17:00:00,8117.660947917688,8239.67986598981,7049.554898802178
forecast_5202,2025-08-05 18:00:00,8033.563964396719,8030.871025950375,7271.319465186412
forecast_5203,2025-08-05 19:00:00,8046.539040863316,8783.361721597585,7295.5972448062985
forecast_5204,2025-08-05 20:00:00,8812.520133907641,9611.613539388607,7775.980068252036
forecast_5205,2025-08-05 21:00:00,9413.770691237016,10352.527415148803,7800.823591617947
forecast_5206,2025-08-05 22:00:00,10830.933915709737,11812.552974181865,8675.227953269467
forecast_5207,2025-08-05 23:00:00,11523.067031235318,12964.36710121425,8921.007755771907
forecast_5208,2025-08-06 00:00:00,11404.933135562938,12853.616496981842,9660.253693798088
forecast_5209,2025-08-06 01:00:00,11941.048376966066,13074.706265429108,10085.013134038816
forecast_5210,2025-08-06 02:00:00,12250.174304996382,13569.713041534385,10670.882989853064
forecast_5211,2025-08-06 03:00:00,12361.548155721923,14390.27656909169,12680.176914302652
forecast_5212,2025-08-06 04:00:00,12479.992111297368,15557.491885878491,13665.417907597235
forecast_5213,2025-08-06 05:00:00,13118.394581999704,15360.015683692165,13357.43495908281
forecast_5214,2025-08-06 06:00:00,13829.67133824214,15263.142239385747,15135.260069288852
forecast_5215,2025-08-06 07:00:00,13092.359741970013,15284.35751033058,14934.927769885016
forecast_5216,2025-08-06 08:00:00,13281.793130112255,15703.301513589879,14331.846549963138
forecast_5217,2025-08-06 09:00:00,14630.513889074939,15950.494171330229,13923.846971483723
forecast_5218,2025-08-06 10:00:00,13325.502301816807,15956.138005455628,13566.281380447284
forecast_5219,2025-08-06 11:00:00,12741.105825835934,15870.045659491694,14033.584219748398
forecast_5220,2025-08-06 12:00:00,13190.130905753791,15684.3283072427,13528.363658359773
forecast_5221,2025-08-06 13:00:00,13258.565349584738,16444.963324930868,14566.99356444945
forecast_5222,2025-08-06 14:00:00,14138.37267397436,16863.21496257201,16334.588278568901
forecast_5223,2025-08-06 15:00:00,13313.20394852188,16154.021426980207,15323.166251396247
forecast_5224,2025-08-06 16:00:00,13627.811984337131,16505.352385092498,14699.937558142046
forecast_5225,2025-08-06 17:00:00,14729.436442931154,16461.919029724144,16109.926225805131
forecast_5226,2025-08-06 18:00:00,15048.364342548432,16604.88736497126,16787.43132664353
forecast_5227,2025-08-06 19:00:00,14541.276357561866,16941.617170752237,16477.49291511091
forecast_5228,2025-08-06 20:00:00,14749.463268033747,16009.972697890767,16649.9196295112
forecast_5229,2025-08-06 21:00:00,15002.83500867391,16586.36334675111,17077.994375264174
forecast_5230,2025-08-06 22:00:00,14782.534821451914,17254.137453608768,15068.833193310413
forecast_5231,2025-08-06 23:00:00,14993.827625705402,17330.967570106906,16458.987177914154
forecast_5232,2025-08-07 00:00:00,15053.913464328476,17218.627889345284,16335.485564381659
forecast_5233,2025-08-07 01:00:00,14713.235172773146,17417.233226112818,16010.543304185
forecast_5234,2025-08-07 02:00:00,14993.452968879763,17537.057122720256,16908.136048432447
forecast_5235,2025-08-07 03:00:00,14936.396864727754,17137.25206244559,16024.418061692424
forecast_5236,2025-08-07 04:00:00,14858.46431118247,16430.62855425949,15739.805517075267
forecast_5237,2025-08-07 05:00:00,14746.034569400079,16463.10757846688,14784.023280661491
forecast_5238,2025-08-07 06:00:00,14412.748481221479,15721.801450820807,14229.207980584439
forecast_5239,2025-08-07 07:00:00,13849.478915462216,14376.516252074587,11577.557716078521
forecast_5240,2025-08-07 08:00:00,12652.038172277023,11964.721872284355,9204.277349759594
forecast_5241,2025-08-07 09:00:00,9862.20944417682,9345.049219326367,7231.020788666014
forecast_5242,2025-08-07 10:00:00,6834.45182755934,6499.900835346152,4322.416733632628
forecast_5243,2025-08-07 11:00:00,4719.884072156051,3119.4872716052805,2397.8140718962386
forecast_5244,2025-08-07 12:00:00,3042.333463568294,1627.7919493155027,1413.5058232126273
forecast_5245,2025-08-07 13:00:00,1418.4043286021167,1023.6919195804425,813.0134694659216
forecast_5246,2025-08-07 14:00:00,762.3045404523509,674.1658695680509,640.490781002698
forecast_5247,2025-08-07 15:00:00,388.0825862616241,473.6319163909684,580.2162136059749
forecast_5248,2025-08-07 16:00:00,380.5689037998859,337.77669372175285,576.5428530265624
forecast_5249,2025-08-07 17:00:00,407.1373165444813,383.5318852175817,584.6603078496083
forecast_5250,2025-08-07 18:00:00,600.647521383311,490.12134101195613,596.241646383105
forecast_5251,2025-08-07 19:00:00,1252.3521969451463,1119.845745317849,731.9656721712992
forecast_5252,2025-08-07 20:00:00,2650.458328654934,2962.377103072627,1382.6808289932876
forecast_5253,2025-08-07 21:00:00,4557.780854565615,4729.9648228622955,2613.3407093728224
forecast_5254,2025-08-07 22:00:00,5306.643675156147,5816.31742156972,3855.315182717931
forecast_5255,2025-08-07 23:00:00,7171.967493950557,7483.5345616153045,5869.890097399784
forecast_5256,2025-08-08 00:00:00,7493.327839690367,8492.630019638735,6524.130420003429
forecast_5257,2025-08-08 01:00:00,7677.884873506207,8427.16552871406,6162.620529495578
forecast_5258,2025-08-08 02:00:00,7876.53445018469,8123.800360562671,5977.879506973055
forecast_5259,2025-08-08 03:00:00,7686.679112677127,7433.601492507285,5547.329658754454
forecast_5260,2025-08-08 04:00:00,6326.275592036271,5678.579068541289,4642.541250380496
forecast_5261,2025-08-08 05:00:00,5081.231756688191,4357.4889625073265,2800.2158321212387
forecast_5262,2025-08-08 06:00:00,3940.7515637383804,2548.0975618006887,1471.163909671559
forecast_5263,2025-08-08 07:00:00,1830.672604709349,1577.9724376082913,792.7468098659122
forecast_5264,2025-08-08 08:00:00,923.6219100680141,714.3829544867815,559.4368239423609
forecast_5265,2025-08-08 09:00:00,263.5766098021463,312.01545467867396,536.26186291271
forecast_5266,2025-08-08 10:00:00,221.50619921000634,251.82429393690967,536.26186291271
forecast_5267,2025-08-08 11:00:00,219.50433097088168,247.81229612920686,536.26186291271
forecast_5268,2025-08-08 12:00:00,218.15454879914896,246.5875662663877,535.0469569221093
forecast_5269,2025-08-08 13:00:00,217.35910422231103,246.1224297524821,535.0469569221093
forecast_5270,2025-08-08 14:00:00,217.35910422231103,246.2024387703658,535.0469569221093
forecast_5271,2025-08-08 15:00:00,218.0499219588092,247.95256969960244,535.0469569221093
forecast_5272,2025-08-08 16:00:00,219.43911534547908,247.12857564266938,535.0469569221093
forecast_5273,2025-08-08 17:00:00,243.13671375900145,278.89175468119817,535.0469569221093
forecast_5274,2025-08-08 18:00:00,221.07270617307913,246.45851189048736,535.0469569221093
forecast_5275,2025-08-08 19:00:00,227.25662717974487,257.812493217318,535.0469569221093
forecast_5276,2025-08-08 20:00:00,247.6148022367674,323.75204914151266,535.0469569221093
forecast_5277,2025-08-08 21:00:00,253.0239671439765,370.57527851825796,535.0469569221093
forecast_5278,2025-08-08 22:00:00,430.19963005709593,584.5546151857045,538.7067432563306
forecast_5279,2025-08-08 23:00:00,1348.675395113114,1353.5517711325756,833.8577412374492
forecast_5280,2025-08-09 00:00:00,1838.9815563416146,1620.233664452559,1011.5345871518194
forecast_5281,2025-08-09 01:00:00,2050.668823557447,1810.4848190903951,993.2065548573
forecast_5282,2025-08-09 02:00:00,2396.9804008324245,2131.7172513454598,1787.6682589672323
forecast_5283,2025-08-09 03:00:00,2897.13006285387,2649.6428375409455,1291.2302009992773
forecast_5284,2025-08-09 04:00:00,4082.444239476449,3365.36765924082,1947.3233978331064
forecast_5285,2025-08-09 05:00:00,5997.847492232218,4670.504576001446,2883.9338380826075
forecast_5286,2025-08-09 06:00:00,4480.3270252072425,4545.674233596277,2794.4070680179047
forecast_5287,2025-08-09 07:00:00,3387.263787224626,3971.5020490511743,1959.792226250851
forecast_5288,2025-08-09 08:00:00,2616.2351812537268,2541.5809904064026,1208.1886206521986
forecast_5289,2025-08-09 09:00:00,2148.7241598027804,1874.4643664788177,1100.8936819346884
forecast_5290,2025-08-09 10:00:00,2180.890713559761,1665.1945429273774,1149.136343900881
forecast_5291,2025-08-09 11:00:00,2352.4376191292554,2341.4647655722506,1638.6304005522552
forecast_5292,2025-08-09 12:00:00,1659.41556194097,1612.7031930860012,1079.1766172278897
forecast_5293,2025-08-09 13:00:00,737.9570247669666,977.1306671794464,766.4474863904827
forecast_5294,2025-08-09 14:00:00,360.6023833121093,480.6151864264924,609.3422294954183
forecast_5295,2025-08-09 15:00:00,298.9380439615044,401.89822488921646,587.4688261258136
forecast_5296,2025-08-09 16:00:00,500.32697454041585,469.05832837463856,562.4627596981763
forecast_5297,2025-08-09 17:00:00,659.7115990872986,887.9377840081679,702.3479108930106
forecast_5298,2025-08-09 18:00:00,850.2740116857472,1117.153793427873,858.2108645591206
forecast_5299,2025-08-09 19:00:00,707.531285372163,1160.5181160520501,841.505783027684
forecast_5300,2025-08-09 20:00:00,947.6507595930361,1221.1557736011696,832.9968068580766
forecast_5301,2025-08-09 21:00:00,1112.5875021347551,1137.8392463657885,758.2783991014821
forecast_5302,2025-08-09 22:00:00,1221.9043736835467,1143.1418955611773,839.7840729501626
forecast_5303,2025-08-09 23:00:00,879.1931803933796,874.3616437607752,726.5411224594244
forecast_5304,2025-08-10 00:00:00,650.4121046938953,613.925464462227,581.3157135322253
forecast_5305,2025-08-10 01:00:00,683.7087916774087,506.8534364599519,536.6957589240625
forecast_5306,2025-08-10 02:00:00,666.341753621095,548.9181850939095,535.4808529334618
forecast_5307,2025-08-10 03:00:00,733.2421944261512,811.8400865964904,535.4808529334618
forecast_5308,2025-08-10 04:00:00,721.088463439094,929.4364573064174,537.9257332770825
forecast_5309,2025-08-10 05:00:00,1062.5128598371766,1095.0885895924077,564.0325469350096
forecast_5310,2025-08-10 06:00:00,1439.432014294987,1288.2888004506908,574.530503041956
forecast_5311,2025-08-10 07:00:00,1386.2969283946286,1267.1812800603873,546.2873118327589
forecast_5312,2025-08-10 08:00:00,794.2806454692522,923.4611380719562,553.03446362951
forecast_5313,2025-08-10 09:00:00,614.9813759750249,773.4727730068031,538.9960714185689
forecast_5314,2025-08-10 10:00:00,537.9062521879067,671.2594211340968,544.2052036460949
forecast_5315,2025-08-10 11:00:00,491.4140258527449,650.9768150697174,632.7389137641112
forecast_5316,2025-08-10 12:00:00,481.33916679895344,608.514553447693,715.6014347085826
forecast_5317,2025-08-10 13:00:00,465.67309394429685,599.203282695089,709.0447075535598
forecast_5318,2025-08-10 14:00:00,420.807175033947,516.3598652470788,672.942617080717
forecast_5319,2025-08-10 15:00:00,253.9189756099567,398.27844270947287,618.8107890633012
forecast_5320,2025-08-10 16:00:00,231.76123367005854,299.1469481305295,538.5621754072164
forecast_5321,2025-08-10 17:00:00,218.90788664778466,248.65975434429328,538.0061981504128
forecast_5322,2025-08-10 18:00:00,218.09794463881252,246.24662619271916,535.0469569221093
forecast_5323,2025-08-10 19:00:00,212.03141288185762,244.20128866442707,535.0469569221093
forecast_5324,2025-08-10 20:00:00,225.69288123192163,256.73475523854876,535.0469569221093
forecast_5325,2025-08-10 21:00:00,223.62520232777624,261.20453052986335,535.0469569221093
forecast_5326,2025-08-10 22:00:00,231.2584835719519,262.96543218953195,535.0469569221093
forecast_5327,2025-08-10 23:00:00,231.60123912135558,263.9353597777371,535.0469569221093
forecast_5328,2025-08-11 00:00:00,223.70934658869515,262.1130038073544,535.0469569221093
forecast_5329,2025-08-11 01:00:00,219.12514885187747,253.48888562818365,535.0469569221093
forecast_5330,2025-08-11 02:00:00,240.39005020876473,274.37782317507794,535.0469569221093
forecast_5331,2025-08-11 03:00:00,237.89499199010982,257.14353152934103,535.0469569221093
forecast_5332,2025-08-11 04:00:00,281.9000004685962,344.0855954241174,535.0469569221093
forecast_5333,2025-08-11 05:00:00,299.3388967291074,350.5837035668262,535.0469569221093
forecast_5334,2025-08-11 06:00:00,244.5497863975965,273.10485566942145,535.0469569221093
forecast_5335,2025-08-11 07:00:00,236.21179989054306,252.70880479710786,535.0469569221093
forecast_5336,2025-08-11 08:00:00,223.36667123406676,250.74798139911985,535.0469569221093
forecast_5337,2025-08-11 09:00:00,223.81851866200174,250.2255483784321,535.0469569221093
forecast_5338,2025-08-11 10:00:00,221.66054212963348,247.74068400183427,535.0469569221093
forecast_5339,2025-08-11 11:00:00,220.5654529689767,248.09716116912978,535.0469569221093
forecast_5340,2025-08-11 12:00:00,219.31157946280118,248.071338243969,535.0469569221093
forecast_5341,2025-08-11 13:00:00,219.40069242903243,248.071338243969,535.0469569221093
forecast_5342,2025-08-11 14:00:00,219.97703914781863,247.4774848367092,535.0469569221093
forecast_5343,2025-08-11 15:00:00,219.2290444148695,247.99991785739695,535.0469569221093
forecast_5344,2025-08-11 16:00:00,219.56393612374382,248.80936614634072,535.0469569221093
forecast_5345,2025-08-11 17:00:00,219.52659417433102,247.94804424344505,535.0469569221093
forecast_5346,2025-08-11 18:00:00,219.52659417433102,248.30216886407692,535.0469569221093
forecast_5347,2025-08-11 19:00:00,219.6156882487645,249.97086825646912,535.0469569221093
forecast_5348,2025-08-11 20:00:00,222.8469860418118,253.12342634679183,535.0469569221093
forecast_5349,2025-08-11 21:00:00,223.11329451654586,256.54055699067874,535.0469569221093
forecast_5350,2025-08-11 22:00:00,223.923236525518,256.460547972795,535.0469569221093
forecast_5351,2025-08-11 23:00:00,223.923236525518,256.268769194242,535.0469569221093
forecast_5352,2025-08-12 00:00:00,309.86740418089266,269.8081127019926,539.5820920534187
forecast_5353,2025-08-12 01:00:00,654.0577807760508,325.2546352876792,584.4109059145401
forecast_5354,2025-08-12 02:00:00,1728.9738878454586,1114.1589407258932,828.103639874973
forecast_5355,2025-08-12 03:00:00,2840.225321873827,2726.370046071827,1514.8626691803474
forecast_5356,2025-08-12 04:00:00,2766.2759049608057,2929.138408067639,1442.967088743954
forecast_5357,2025-08-12 05:00:00,1905.7049377217386,1854.202203590809,834.8016033002131
forecast_5358,2025-08-12 06:00:00,1098.6302361776213,1380.369570412343,555.1493721513517
forecast_5359,2025-08-12 07:00:00,715.9199030095492,923.6951467637675,539.5820920534187
forecast_5360,2025-08-12 08:00:00,366.63963689538525,554.6850939919814,536.26186291271
forecast_5361,2025-08-12 09:00:00,290.48040895342075,392.22166166101687,536.26186291271
forecast_5362,2025-08-12 10:00:00,252.31365016874787,325.76787732646414,536.26186291271
forecast_5363,2025-08-12 11:00:00,234.07036617789626,354.0270741965999,538.0061981504128
forecast_5364,2025-08-12 12:00:00,237.52131875778593,335.4882658159855,538.0061981504128
forecast_5365,2025-08-12 13:00:00,238.8509265438668,305.07175669584694,538.5621754072164
forecast_5366,2025-08-12 14:00:00,231.25205819705693,308.47320234625295,542.611113221838
forecast_5367,2025-08-12 15:00:00,266.8510730680043,318.87054561931274,542.611113221838
forecast_5368,2025-08-12 16:00:00,308.83224226870874,336.52556898422023,540.884974505386
forecast_5369,2025-08-12 17:00:00,320.44280682888,306.3596681191097,552.4257171752379
forecast_5370,2025-08-12 18:00:00,419.904943384935,385.32942678538586,570.900585938432
forecast_5371,2025-08-12 19:00:00,944.3852601826782,603.2397267395087,695.2393189786751
forecast_5372,2025-08-12 20:00:00,1233.1058641987613,1013.1889364747054,725.1436112891712
forecast_5373,2025-08-12 21:00:00,1814.8252076660813,1743.7471063334706,831.4461669721176
forecast_5374,2025-08-12 22:00:00,2409.0986873577745,3060.0563663942003,965.9729242044803
forecast_5375,2025-08-12 23:00:00,3277.8940543366207,3621.7613820250026,1182.6833251937617
forecast_5376,2025-08-13 00:00:00,3685.1971247076867,3877.7670242236118,1755.2292615556642
forecast_5377,2025-08-13 01:00:00,3757.8891041691804,2850.176079774627,1839.1078979504643
forecast_5378,2025-08-13 02:00:00,3800.802427293235,2843.5178167237436,1792.953814397872
forecast_5379,2025-08-13 03:00:00,4413.192985686529,3978.400254065497,1896.6426435347585
forecast_5380,2025-08-13 04:00:00,4260.605083222141,4598.91468778469,1842.0050462517872
forecast_5381,2025-08-13 05:00:00,4055.6769443361045,4714.4415994354,1832.9987617338707
forecast_5382,2025-08-13 06:00:00,4627.528509117862,4869.257795929106,2432.29279724403
forecast_5383,2025-08-13 07:00:00,6393.575612843328,6748.1444803772665,4010.069822243222
forecast_5384,2025-08-13 08:00:00,7668.31641781723,8283.615528200322,5462.279041665957
forecast_5385,2025-08-13 09:00:00,9216.92610715139,10118.052369930392,6465.484849640577
forecast_5386,2025-08-13 10:00:00,8696.790538054003,11681.632483700352,7992.570858055997
forecast_5387,2025-08-13 11:00:00,8751.764256784412,13017.838616644905,8037.4124700208195
forecast_5388,2025-08-13 12:00:00,8128.733557672182,10900.183734837698,7588.080637651913
forecast_5389,2025-08-13 13:00:00,7802.962524257713,11569.768464198045,7533.772212666345
forecast_5390,2025-08-13 14:00:00,7496.351635041706,10026.214754075998,7356.609866079027
forecast_5391,2025-08-13 15:00:00,7433.3963039182645,9851.663753339764,7634.093887188386
forecast_5392,2025-08-13 16:00:00,7548.093712180887,10010.68430374581,8132.467016949273
forecast_5393,2025-08-13 17:00:00,8301.472190942834,11485.139976717757,8729.214199305998
forecast_5394,2025-08-13 18:00:00,10237.394395188903,14115.886471836853,13060.870944552298
forecast_5395,2025-08-13 19:00:00,12027.150761286844,14721.925438481652,15009.270826708467
forecast_5396,2025-08-13 20:00:00,14135.233958609218,16676.170175948566,14846.600317534925
forecast_5397,2025-08-13 21:00:00,15361.557892720779,17886.033015498102,16488.504324690562
forecast_5398,2025-08-13 22:00:00,16048.976541991058,18509.23424446849,18801.92064567542
forecast_5399,2025-08-13 23:00:00,16049.01884738442,18886.40090910556,18961.340627098125
forecast_5400,2025-08-14 00:00:00,16220.260126457531,18942.296433509724,19120.38426253421
forecast_5401,2025-08-14 01:00:00,16565.175857371454,18808.993879091555,19016.687794519035
forecast_5402,2025-08-14 02:00:00,16368.554844580143,18773.397755787966,18836.06976583857
forecast_5403,2025-08-14 03:00:00,16382.174609669913,18380.045589533103,18496.47389379277
forecast_5404,2025-08-14 04:00:00,14819.766073876966,17785.096763105113,17507.659329630376
forecast_5405,2025-08-14 05:00:00,15012.3532431948,17870.856362601466,16302.071353451527
forecast_5406,2025-08-14 06:00:00,14579.927294222558,17522.399062429766,15609.12527889846
forecast_5407,2025-08-14 07:00:00,14401.58022408048,17166.83822539089,14843.114234319992
forecast_5408,2025-08-14 08:00:00,14352.462949358183,16487.05579760259,15661.076162252582
forecast_5409,2025-08-14 09:00:00,14757.819039032536,15367.466690292033,13688.580526103036
forecast_5410,2025-08-14 10:00:00,13683.176203429988,13646.13491544983,12158.202422115843
forecast_5411,2025-08-14 11:00:00,12368.132234843508,12290.105556564387,10717.436638826206
forecast_5412,2025-08-14 12:00:00,10725.533488606306,11336.404113917775,10294.820191209019
forecast_5413,2025-08-14 13:00:00,9924.562216170618,11304.799443829492,10814.0880584109
forecast_5414,2025-08-14 14:00:00,10420.674690471527,12056.867878575878,11267.781072412618
forecast_5415,2025-08-14 15:00:00,10861.397639089108,12053.478857553484,12136.073835581856
forecast_5416,2025-08-14 16:00:00,12457.337922765028,13452.222634824753,13037.754865434199
forecast_5417,2025-08-14 17:00:00,13721.137643119528,13973.73856495327,13011.280465540323
forecast_5418,2025-08-14 18:00:00,13813.19356144039,14354.540579437995,13136.411347718265
forecast_5419,2025-08-14 19:00:00,13277.91045442312,14633.269473894678,13656.265907719066
forecast_5420,2025-08-14 20:00:00,14135.97549386934,15030.812585975658,14686.112145270381
forecast_5421,2025-08-14 21:00:00,13756.531026756915,15174.797972037126,14911.295166597794
forecast_5422,2025-08-14 22:00:00,14384.867491319703,15997.49583887208,14100.908876473984
forecast_5423,2025-08-14 23:00:00,13830.08049068429,15990.686373979868,13764.235904176636
forecast_5424,2025-08-15 00:00:00,13458.080258922506,15754.406336468535,13029.539837002889
forecast_5425,2025-08-15 01:00:00,13940.864505948284,14826.907405844533,10561.29630647571
forecast_5426,2025-08-15 02:00:00,13974.486412877519,14409.990977954996,9564.17597361674
forecast_5427,2025-08-15 03:00:00,12933.781805578586,14349.459170618076,9169.56342166054
forecast_5428,2025-08-15 04:00:00,12625.253848655397,14173.020436071154,9138.210687859493
forecast_5429,2025-08-15 05:00:00,12464.42681513285,12981.400222542785,8326.58290062856
forecast_5430,2025-08-15 06:00:00,10133.348790950587,9526.242263445773,7570.708854339402
forecast_5431,2025-08-15 07:00:00,8821.575011551226,7806.142397185233,5751.706321389957
forecast_5432,2025-08-15 08:00:00,6177.553560529273,5607.3793943146575,3858.042424434577
forecast_5433,2025-08-15 09:00:00,3651.3651277457075,2723.3946634048853,1565.617885219636
forecast_5434,2025-08-15 10:00:00,2001.642770598272,1235.8274684138316,1070.7708764254587
forecast_5435,2025-08-15 11:00:00,810.7311218012762,676.7196524130952,768.7066932315686
forecast_5436,2025-08-15 12:00:00,892.5527414244459,483.54006080556246,646.1084427190126
forecast_5437,2025-08-15 13:00:00,889.6810881444972,483.78351862102863,689.6676992963984
forecast_5438,2025-08-15 14:00:00,1003.4190998304198,700.8172928951944,788.7660367364235
forecast_5439,2025-08-15 15:00:00,1199.0569738356928,822.8979720947555,872.3106775145696
forecast_5440,2025-08-15 16:00:00,1195.7193723441446,1056.8234559702448,800.8367267332054
forecast_5441,2025-08-15 17:00:00,1033.9490347557473,1277.9595969205964,714.7985382008123
forecast_5442,2025-08-15 18:00:00,1079.710963385179,1342.269087907267,860.5620273567141
forecast_5443,2025-08-15 19:00:00,1654.725559824541,2043.103648862347,1092.9860172696158
forecast_5444,2025-08-15 20:00:00,3298.9294657702585,3600.8342557500127,1675.9716762412336
forecast_5445,2025-08-15 21:00:00,4855.332340201732,4857.606112841963,3520.9893505226187
forecast_5446,2025-08-15 22:00:00,7645.00725738231,7100.746026922347,6037.778942390619
forecast_5447,2025-08-15 23:00:00,9252.451179109996,9003.303102959566,8307.086969000913
forecast_5448,2025-08-16 00:00:00,10851.276383448076,10914.313073618678,9642.511996830353
forecast_5449,2025-08-16 01:00:00,11876.295978552602,12870.951708788114,9704.227975249465
forecast_5450,2025-08-16 02:00:00,12410.15467184644,12725.221826951449,9749.526526705033
forecast_5451,2025-08-16 03:00:00,12492.624162060678,12926.712249500373,9724.134979923985
forecast_5452,2025-08-16 04:00:00,12499.502931100062,12942.121218868911,10237.664299994713
forecast_5453,2025-08-16 05:00:00,12371.436989664864,13058.059184884962,9916.25984395623
forecast_5454,2025-08-16 06:00:00,12279.466457650768,13243.396311819684,9648.928276901415
forecast_5455,2025-08-16 07:00:00,12467.658486551389,12972.971370743539,8557.601971393698
forecast_5456,2025-08-16 08:00:00,11573.489417364546,11126.516291936912,7614.746474495501
forecast_5457,2025-08-16 09:00:00,9921.259640914703,9267.850072198182,6697.662954721947
forecast_5458,2025-08-16 10:00:00,7479.466775315666,7042.505985107864,5697.8135300941285
forecast_5459,2025-08-16 11:00:00,6822.277564811016,5594.277147026112,5152.965621453213
forecast_5460,2025-08-16 12:00:00,7092.630947917181,5873.952175487192,5289.973280013865
forecast_5461,2025-08-16 13:00:00,7684.576261006607,6996.994363379952,5299.732949184775
forecast_5462,2025-08-16 14:00:00,8101.556645022589,7319.375014911799,5916.326865812773
forecast_5463,2025-08-16 15:00:00,8257.060800753068,8259.691580462864,7406.896265730025
forecast_5464,2025-08-16 16:00:00,8509.491086878337,8946.399903296771,7863.8508741024325
forecast_5465,2025-08-16 17:00:00,9141.390074288272,9365.210324089685,9133.13163126074
forecast_5466,2025-08-16 18:00:00,11428.876763789176,11666.832359309605,12068.820962984424
forecast_5467,2025-08-16 19:00:00,12918.93519993504,13979.320334468544,13508.179577100116
forecast_5468,2025-08-16 20:00:00,14060.618164808304,15619.631910217093,15331.616436997432
forecast_5469,2025-08-16 21:00:00,14657.900912341844,17304.910052834082,16437.696210937054
forecast_5470,2025-08-16 22:00:00,16152.07076746748,17914.460959016727,16222.113688521637
forecast_5471,2025-08-16 23:00:00,17854.715106921656,18168.159521645735,16497.297460905123
forecast_5472,2025-08-17 00:00:00,17826.266580962154,18186.713051534833,16553.034599586637
forecast_5473,2025-08-17 01:00:00,18072.099219091477,17983.73209982617,17011.767265777074
forecast_5474,2025-08-17 02:00:00,18238.12823852412,18250.40382044146,16868.022036254893
forecast_5475,2025-08-17 03:00:00,18192.183883428526,18220.82703008255,16127.935894147053
forecast_5476,2025-08-17 04:00:00,18400.90665809379,18169.852413328375,16214.904767132324
forecast_5477,2025-08-17 05:00:00,18316.696916830566,18189.98053429366,16689.511310421032
forecast_5478,2025-08-17 06:00:00,18315.421084334386,18107.255050956963,16114.360437004147
forecast_5479,2025-08-17 07:00:00,17373.162512419665,17608.37368610124,13457.361960575174
forecast_5480,2025-08-17 08:00:00,15480.936929175068,16785.90398391905,12900.077789125578
forecast_5481,2025-08-17 09:00:00,12560.487250595144,14654.798878634763,10549.874687301033
forecast_5482,2025-08-17 10:00:00,9588.020466023965,10876.913794055432,8087.641352189952
forecast_5483,2025-08-17 11:00:00,7974.961693256542,8693.337841520599,6150.4762857767055
forecast_5484,2025-08-17 12:00:00,7021.673892953458,6993.646480677617,4502.620880437889
forecast_5485,2025-08-17 13:00:00,5841.4269912702075,5674.009060074421,3332.3797490944116
forecast_5486,2025-08-17 14:00:00,5437.7878180406215,4836.207523506757,3409.0482626528596
forecast_5487,2025-08-17 15:00:00,6019.152739380994,5467.994548974954,3768.792297829127
forecast_5488,2025-08-17 16:00:00,6395.858410756352,5878.752047248218,3816.3461112539917
forecast_5489,2025-08-17 17:00:00,6468.093494221619,5380.111761851953,4051.6991227451344
forecast_5490,2025-08-17 18:00:00,7570.560944506551,5551.875526393227,4648.188179135709
forecast_5491,2025-08-17 19:00:00,8522.83083138444,7184.016855242622,5830.536101477617
forecast_5492,2025-08-17 20:00:00,9081.577742461914,8740.837230382193,6836.795062888385
forecast_5493,2025-08-17 21:00:00,10179.525179002287,10127.397480765354,7034.7297986230415
forecast_5494,2025-08-17 22:00:00,10733.90057439421,9977.41235190612,7079.673054247543
forecast_5495,2025-08-17 23:00:00,10042.670621139689,9928.41917943141,6247.9624095378695
forecast_5496,2025-08-18 00:00:00,11038.760009556834,10633.197001902168,7444.337035897988
forecast_5497,2025-08-18 01:00:00,12094.998996828426,11438.416926560392,8391.334437055506
forecast_5498,2025-08-18 02:00:00,11730.63729331129,11420.234916721649,8203.713080543037
forecast_5499,2025-08-18 03:00:00,12381.130879178421,12633.729969599031,8207.590449179588
forecast_5500,2025-08-18 04:00:00,12913.467734560907,13489.16810555495,8509.604339966543
forecast_5501,2025-08-18 05:00:00,12457.94526221824,13177.94185055757,8969.125767119986
forecast_5502,2025-08-18 06:00:00,12292.314723980759,13158.655185412015,9042.617941218654
forecast_5503,2025-08-18 07:00:00,12101.007989558784,13656.903008031371,9260.15979983103
forecast_5504,2025-08-18 08:00:00,11375.10566698401,13214.385442538323,8492.972868638337
forecast_5505,2025-08-18 09:00:00,10840.948091505788,11490.896993506243,7058.734510361592
forecast_5506,2025-08-18 10:00:00,9226.75900348984,9869.851421902269,7156.230954059977
forecast_5507,2025-08-18 11:00:00,8169.26543851639,8659.137922300579,5425.824090975217
forecast_5508,2025-08-18 12:00:00,7433.278845075112,7564.279440442502,5297.921494691244
forecast_5509,2025-08-18 13:00:00,6371.24997711196,7041.874497811927,5152.951818222148
forecast_5510,2025-08-18 14:00:00,6636.448159314999,6351.659224131099,5206.225787698478
forecast_5511,2025-08-18 15:00:00,6796.438997783844,6951.7961586787005,5649.716538495306
forecast_5512,2025-08-18 16:00:00,7148.657458764854,7480.047188429879,5879.909810740858
forecast_5513,2025-08-18 17:00:00,7723.220670648427,7791.340325256381,7086.209507522206
forecast_5514,2025-08-18 18:00:00,8548.496459454604,8769.14370903275,8130.545593973717
forecast_5515,2025-08-18 19:00:00,10733.060751933554,11231.256807988422,9522.64734655639
forecast_5516,2025-08-18 20:00:00,11650.112485866572,13760.332161171176,11586.171986882502
forecast_5517,2025-08-18 21:00:00,13492.918608246846,14761.974368474626,13595.0564602524
forecast_5518,2025-08-18 22:00:00,13424.685060725555,14870.870963178506,14519.097341693272
forecast_5519,2025-08-18 23:00:00,13857.488897480644,15893.504876306084,14779.82341124612
forecast_5520,2025-08-19 00:00:00,15272.236913597797,16093.126013093177,15046.898686476881
forecast_5521,2025-08-19 01:00:00,15321.329474849517,17357.96404817152,15964.785350695074
forecast_5522,2025-08-19 02:00:00,15558.697031845151,17671.280201985646,15601.678988878202
forecast_5523,2025-08-19 03:00:00,16043.234874227204,17784.11174524954,15376.527438723457
forecast_5524,2025-08-19 04:00:00,15276.98377550193,17589.05850559428,15811.112142422568
forecast_5525,2025-08-19 05:00:00,15154.165404940926,17698.228694085767,15925.581650075483
forecast_5526,2025-08-19 06:00:00,15046.620987291531,17696.05464126559,15808.726272255437
forecast_5527,2025-08-19 07:00:00,15207.397418257016,17594.053899711256,16111.566670397446
forecast_5528,2025-08-19 08:00:00,14977.02495076105,17812.084347772987,16555.895628306895
forecast_5529,2025-08-19 09:00:00,14644.693421084223,17230.441845315283,16144.581917580064
forecast_5530,2025-08-19 10:00:00,13150.49879319909,15381.108491752311,13654.147434786875
forecast_5531,2025-08-19 11:00:00,11965.134184371016,14766.663433000755,13659.241117285506
forecast_5532,2025-08-19 12:00:00,11944.224828266688,13858.930143743148,13170.208511199662
forecast_5533,2025-08-19 13:00:00,11718.885891016844,12375.569705128013,11966.724300516631
forecast_5534,2025-08-19 14:00:00,10978.273647401615,11675.024849536225,11528.36167421519
forecast_5535,2025-08-19 15:00:00,10889.49631415596,11494.080308554772,10617.667487047656
forecast_5536,2025-08-19 16:00:00,11102.933825144664,10855.386345422856,11214.842971252088
forecast_5537,2025-08-19 17:00:00,11379.489645680545,11143.719701256698,10841.754898804931
forecast_5538,2025-08-19 18:00:00,11571.19865407286,12467.128258585948,12118.187961344296
forecast_5539,2025-08-19 19:00:00,12472.116213497051,14827.777154347783,13565.151790488162
forecast_5540,2025-08-19 20:00:00,13868.671060988507,16693.69109106631,15396.75839307957
forecast_5541,2025-08-19 21:00:00,14341.116784569154,16733.16225494189,15226.453129009507
forecast_5542,2025-08-19 22:00:00,15831.352370155659,17349.63551890122,15392.313807230974
forecast_5543,2025-08-19 23:00:00,16439.257886261752,18183.223915898412,16506.867308838726
forecast_5544,2025-08-20 00:00:00,15352.848717067498,18130.87108735628,18176.505166931016
forecast_5545,2025-08-20 01:00:00,16174.224910730642,18258.670880126665,17843.917868398727
forecast_5546,2025-08-20 02:00:00,15835.525487509249,18355.51998405969,18126.538440559783
forecast_5547,2025-08-20 03:00:00,15954.03650209067,18356.89020804486,17848.33984976986
forecast_5548,2025-08-20 04:00:00,15475.424729973542,18272.42110020594,18025.225801500223
forecast_5549,2025-08-20 05:00:00,16317.228158576701,18070.411570552697,17493.34087030545
forecast_5550,2025-08-20 06:00:00,16741.313811361924,18077.742254220273,15996.911683559929
forecast_5551,2025-08-20 07:00:00,16637.81882562498,17773.225474988434,15842.866065321345
forecast_5552,2025-08-20 08:00:00,15337.683969802205,16358.10288114925,14674.121764242464
forecast_5553,2025-08-20 09:00:00,12472.098946472872,14612.84412647934,11611.181324442588
forecast_5554,2025-08-20 10:00:00,9720.055657346882,11134.135906610656,8677.309436471813
forecast_5555,2025-08-20 11:00:00,7944.060564935666,9089.720521099607,7328.5251846132305
forecast_5556,2025-08-20 12:00:00,7058.693947768178,8036.161944280417,6062.613240085227
forecast_5557,2025-08-20 13:00:00,6398.005351709937,6409.257495542634,5278.486196177722
forecast_5558,2025-08-20 14:00:00,5443.118303794548,5806.592687364124,5042.107677469623
forecast_5559,2025-08-20 15:00:00,4808.46129139257,5362.754930091123,4557.573264881841
forecast_5560,2025-08-20 16:00:00,4806.138922521188,4706.788064844847,4769.738658235163
forecast_5561,2025-08-20 17:00:00,6462.262498380936,4924.6943670562805,5214.559595578575
forecast_5562,2025-08-20 18:00:00,6518.742046503563,5917.759739477546,5748.628294805214
forecast_5563,2025-08-20 19:00:00,7521.1946648726225,7514.177460380195,6818.055574007342
forecast_5564,2025-08-20 20:00:00,8460.257812059963,9290.26505971654,6634.116365835672
forecast_5565,2025-08-20 21:00:00,10211.54490523104,11140.310117142344,6622.691734362026
forecast_5566,2025-08-20 22:00:00,11264.25686035847,13903.29803212618,9507.347995732847
forecast_5567,2025-08-20 23:00:00,12627.048714531324,13650.680202413521,10151.183191382428
forecast_5568,2025-08-21 00:00:00,13425.269011826602,14376.9538906823,10565.166360909496
forecast_5569,2025-08-21 01:00:00,13964.58954934555,14890.515008871642,11009.963503665796
forecast_5570,2025-08-21 02:00:00,14916.022652726271,16143.869034685627,12888.31381247275
forecast_5571,2025-08-21 03:00:00,15694.265664877283,16054.675994646826,12581.664479026706
forecast_5572,2025-08-21 04:00:00,15536.0340625711,15292.483842514495,12792.842246588561
forecast_5573,2025-08-21 05:00:00,14649.929975433151,13937.774256340399,13147.041074644872
forecast_5574,2025-08-21 06:00:00,13162.57151268206,13106.335623298502,10582.197618573475
forecast_5575,2025-08-21 07:00:00,9889.725757125385,9112.370387282586,7201.335643667302
forecast_5576,2025-08-21 08:00:00,6679.690392938623,6594.018404040243,4624.613680923434
forecast_5577,2025-08-21 09:00:00,4335.204622095235,3369.07819990842,1901.9729190233752
forecast_5578,2025-08-21 10:00:00,2103.9815962784623,1167.788907496777,1183.6685462563942
forecast_5579,2025-08-21 11:00:00,1024.4257104633598,584.9968763403893,760.2013257617164
forecast_5580,2025-08-21 12:00:00,625.2443463193518,343.0071428009581,578.4941167090464
forecast_5581,2025-08-21 13:00:00,302.2986283426653,251.56759366377196,539.3085748149368
forecast_5582,2025-08-21 14:00:00,225.7739318659002,247.36650674179654,536.26186291271
forecast_5583,2025-08-21 15:00:00,225.31853948249554,246.52560560053467,535.0469569221093
forecast_5584,2025-08-21 16:00:00,227.81183122307607,245.14568600418716,535.0469569221093
forecast_5585,2025-08-21 17:00:00,214.5131680075866,244.39561323412147,535.0469569221093
forecast_5586,2025-08-21 18:00:00,242.531894743344,244.83886840320224,535.0469569221093
forecast_5587,2025-08-21 19:00:00,358.32888636750675,346.80401993271767,549.5657418644838
forecast_5588,2025-08-21 20:00:00,525.189492155854,473.07388800687363,599.2496138798047
forecast_5589,2025-08-21 21:00:00,1179.6430544569182,790.9508306407577,774.2359060588004
forecast_5590,2025-08-21 22:00:00,2502.2086579463366,1516.638037492679,1213.9734095586682
forecast_5591,2025-08-21 23:00:00,3427.9737800414914,2394.107758420334,1686.43480015774
forecast_5592,2025-08-22 00:00:00,3695.0320769083037,2912.6198353502036,2268.4299882718947
forecast_5593,2025-08-22 01:00:00,4723.48748053355,3183.6000223390065,2548.110857314857
forecast_5594,2025-08-22 02:00:00,5723.803526487355,4753.226734886019,3254.214477071574
forecast_5595,2025-08-22 03:00:00,6931.304693873561,6444.581761745544,4855.178629902115
forecast_5596,2025-08-22 04:00:00,9194.774576727548,8245.889421154881,6146.76986640759
forecast_5597,2025-08-22 05:00:00,9654.078970693523,10082.234593568137,7421.08325303028
forecast_5598,2025-08-22 06:00:00,10834.407534044016,11398.743029074823,8581.074669849944
forecast_5599,2025-08-22 07:00:00,12172.716591644392,11807.67512886414,8194.389053569352
forecast_5600,2025-08-22 08:00:00,10784.936302296206,10507.899475127491,7245.816155348584
forecast_5601,2025-08-22 09:00:00,9373.678359891059,8527.595785410342,5774.427739346499
forecast_5602,2025-08-22 10:00:00,6723.5183114362935,6035.280248429076,4017.795822089907
forecast_5603,2025-08-22 11:00:00,3985.151225394843,3748.88668298473,2482.7351969009546
forecast_5604,2025-08-22 12:00:00,2709.5227511982744,2682.923535908643,1626.6865006878957
forecast_5605,2025-08-22 13:00:00,2908.981738121082,2528.0030491951234,1999.239385625454
forecast_5606,2025-08-22 14:00:00,3195.684866265763,3055.9400454908473,2645.4535241727526
forecast_5607,2025-08-22 15:00:00,3682.7897491021536,3413.43152072303,3388.082271547383
forecast_5608,2025-08-22 16:00:00,4598.43234567363,3891.6284719207824,4239.670463107981
forecast_5609,2025-08-22 17:00:00,5666.267860594821,5231.780085350294,5066.330014999646
forecast_5610,2025-08-22 18:00:00,7589.53702197375,6865.728145574916,5902.854128056468
forecast_5611,2025-08-22 19:00:00,9674.294249398132,9754.762676583568,7595.728178217381
forecast_5612,2025-08-22 20:00:00,11143.74147457556,11455.901815899817,9060.504343175086
forecast_5613,2025-08-22 21:00:00,13346.363239848652,12767.181044207144,10132.542862520737
forecast_5614,2025-08-22 22:00:00,15372.570552457211,15528.541004200222,12420.622965661716
forecast_5615,2025-08-22 23:00:00,16073.096560587794,16137.065259624047,13286.104161400921
forecast_5616,2025-08-23 00:00:00,16162.52754933325,16472.45362090738,13524.215251227648
forecast_5617,2025-08-23 01:00:00,15716.060819243294,15722.171025892647,13404.109608509369
forecast_5618,2025-08-23 02:00:00,15597.48507429276,15482.945632738494,13409.640349241341
forecast_5619,2025-08-23 03:00:00,15810.22980418794,14802.090070608336,12787.266512524338
forecast_5620,2025-08-23 04:00:00,15359.435219117413,13642.064718464968,11976.41493669063
forecast_5621,2025-08-23 05:00:00,14495.580315547548,12604.953593550375,10333.203704387906
forecast_5622,2025-08-23 06:00:00,13062.828591181804,12216.884535926576,8996.34255715045
forecast_5623,2025-08-23 07:00:00,10342.251664059595,8359.600837556189,7249.666879000734
forecast_5624,2025-08-23 08:00:00,6540.22291660259,4803.898347894246,3491.0921703778013
forecast_5625,2025-08-23 09:00:00,3641.3481756621113,2017.6803241182529,1257.0861297895974
forecast_5626,2025-08-23 10:00:00,1454.4211741592349,706.513422339367,586.5708504700224
forecast_5627,2025-08-23 11:00:00,641.7591547508555,336.0202961861794,551.671065014592
forecast_5628,2025-08-23 12:00:00,245.55874182217448,288.08768540064216,535.0469569221093
forecast_5629,2025-08-23 13:00:00,219.65093464277004,249.02414918080078,535.0469569221093
forecast_5630,2025-08-23 14:00:00,218.91482411517904,249.02414918080078,535.0469569221093
forecast_5631,2025-08-23 15:00:00,218.887616668068,249.02414918080078,535.0469569221093
forecast_5632,2025-08-23 16:00:00,220.78823890164335,251.13714153041508,535.0469569221093
forecast_5633,2025-08-23 17:00:00,247.63932096198897,294.71178982532126,535.0469569221093
forecast_5634,2025-08-23 18:00:00,642.5472387696628,547.0125844408003,536.26186291271
forecast_5635,2025-08-23 19:00:00,943.1234534202299,1045.1212621980524,680.749212832177
forecast_5636,2025-08-23 20:00:00,1001.5287286918117,1467.2581023281643,846.2542542171761
forecast_5637,2025-08-23 21:00:00,2239.6690280654902,1887.878108128972,1270.7932889260176
forecast_5638,2025-08-23 22:00:00,3715.5571201699363,3390.7895981096535,2057.577784364886
forecast_5639,2025-08-23 23:00:00,4404.121114730886,4001.0168896568994,2601.4005750976717
forecast_5640,2025-08-24 00:00:00,4772.757799547022,3917.2947572351454,2532.752627555053
forecast_5641,2025-08-24 01:00:00,4091.271118314721,2691.932642816427,1486.196547339212
forecast_5642,2025-08-24 02:00:00,3360.5192366405045,1996.2177833742167,1343.2569690880553
forecast_5643,2025-08-24 03:00:00,3188.2291432743878,1829.599344265879,1092.4146955195647
forecast_5644,2025-08-24 04:00:00,2214.070111177202,1397.2435345996153,809.8281953734835
forecast_5645,2025-08-24 05:00:00,1298.9856144302153,824.628444734476,707.0495761818701
forecast_5646,2025-08-24 06:00:00,740.0712866081627,494.6356985208464,602.0011973679259
forecast_5647,2025-08-24 07:00:00,377.8341913955331,297.58174605924614,537.9652799127234
forecast_5648,2025-08-24 08:00:00,278.97498563920726,255.03407508715964,535.0469569221093
forecast_5649,2025-08-24 09:00:00,222.84640276350729,249.53363563631558,535.0469569221093
forecast_5650,2025-08-24 10:00:00,215.6967209823198,249.46740434988158,535.0469569221093
forecast_5651,2025-08-24 11:00:00,219.03895278162497,247.39296423259333,535.0469569221093
forecast_5652,2025-08-24 12:00:00,222.85458233348942,246.02426774851838,535.0469569221093
forecast_5653,2025-08-24 13:00:00,257.07295218449246,245.22362369292517,535.0469569221093
forecast_5654,2025-08-24 14:00:00,339.51914593427466,274.1832024075294,557.4979987065285
forecast_5655,2025-08-24 15:00:00,556.7239932637369,549.7574466499129,679.4684452528265
forecast_5656,2025-08-24 16:00:00,1003.2156686266908,1824.2804408886113,900.4055951872682
forecast_5657,2025-08-24 17:00:00,1293.8796723828077,1467.497468676326,960.5795457377864
forecast_5658,2025-08-24 18:00:00,2017.4165955829053,1508.0492884903883,974.0999798747941
forecast_5659,2025-08-24 19:00:00,2473.1092533722094,1653.4904563553328,1038.3499074956628
forecast_5660,2025-08-24 20:00:00,2487.0974116285674,1563.8490681760645,1305.5178948708126
forecast_5661,2025-08-24 21:00:00,2669.374954308945,1557.3526405803939,1147.2552057272642
forecast_5662,2025-08-24 22:00:00,2881.8151278134847,1631.0601187305313,1337.8135950668027
forecast_5663,2025-08-24 23:00:00,3022.622778023812,1815.831642007635,1446.2335808900007
forecast_5664,2025-08-25 00:00:00,3101.559442389129,2276.968120349434,1360.4337143315388
forecast_5665,2025-08-25 01:00:00,3505.3938367138917,3383.698674137157,1386.256417723829
forecast_5666,2025-08-25 02:00:00,4090.015332411166,3762.379889242213,1467.4387639907861
forecast_5667,2025-08-25 03:00:00,4523.392289542301,3793.7590298129976,2164.4183412072352
forecast_5668,2025-08-25 04:00:00,4377.21520494143,3753.1090642878276,2372.1518672656107
forecast_5669,2025-08-25 05:00:00,4491.742866704246,3949.415541137866,2758.0902539870835
forecast_5670,2025-08-25 06:00:00,6412.7519912277485,4004.2948895506324,2323.0042134772348
forecast_5671,2025-08-25 07:00:00,5677.931650331449,3877.1149452087116,1998.247883603562
forecast_5672,2025-08-25 08:00:00,3830.9948276419072,1885.130663016996,1120.977852087585
forecast_5673,2025-08-25 09:00:00,1572.3178478452037,785.7024272446706,786.1784313087131
forecast_5674,2025-08-25 10:00:00,875.0463225549156,521.0220259943475,650.2986777258333
forecast_5675,2025-08-25 11:00:00,629.4643730364436,522.8135180797073,721.1824028851366
forecast_5676,2025-08-25 12:00:00,681.8622118279579,897.8625057242276,915.703146552845
forecast_5677,2025-08-25 13:00:00,762.492822850661,1365.9791919804413,1066.511520089324
forecast_5678,2025-08-25 14:00:00,930.0057932022448,1513.0359869265574,1145.0447157425617
forecast_5679,2025-08-25 15:00:00,2128.5320361851773,2634.93934446676,2341.975117533319
forecast_5680,2025-08-25 16:00:00,3101.8046635334613,3151.0650741595236,2940.239257943274
forecast_5681,2025-08-25 17:00:00,4492.198332992502,5073.486254929665,3578.5730415170374
forecast_5682,2025-08-25 18:00:00,6173.971690954022,6779.920803531279,5040.270119160952
forecast_5683,2025-08-25 19:00:00,9442.136586730663,10217.933410581561,7989.963878074945
forecast_5684,2025-08-25 20:00:00,11155.656874828752,12369.743302368375,8968.553975064782
forecast_5685,2025-08-25 21:00:00,12219.025116503819,14034.146961990044,10977.739447458389
forecast_5686,2025-08-25 22:00:00,13049.467728524854,15002.849293227584,12336.69251741994
forecast_5687,2025-08-25 23:00:00,12937.847719640056,15418.818317104258,12744.373797513541
forecast_5688,2025-08-26 00:00:00,13437.439225908958,15749.767508252946,12499.996360609206
forecast_5689,2025-08-26 01:00:00,14040.095165991555,16984.53321450094,13167.95501231865
forecast_5690,2025-08-26 02:00:00,14489.668387115249,16778.812387628772,13156.615565273354
forecast_5691,2025-08-26 03:00:00,14347.003747348612,16641.619787336516,13330.581405160177
forecast_5692,2025-08-26 04:00:00,14883.139447878742,17089.61781000853,13656.92574027491
forecast_5693,2025-08-26 05:00:00,14902.482341283116,17705.89778618489,13809.395974889627
forecast_5694,2025-08-26 06:00:00,14683.035351924758,17792.03685510623,14511.575870615598
forecast_5695,2025-08-26 07:00:00,14425.61989810525,17403.658673251255,14744.671754844783
forecast_5696,2025-08-26 08:00:00,13258.654897843286,15386.289031588152,14003.779116719594
forecast_5697,2025-08-26 09:00:00,13065.354414085066,14522.377206193349,13280.961208838684
forecast_5698,2025-08-26 10:00:00,12694.405781560967,12818.924886834637,13102.556041184906
forecast_5699,2025-08-26 11:00:00,11846.980338856025,13285.208219720178,13593.02819673542
forecast_5700,2025-08-26 12:00:00,11245.185286591533,13170.408252116453,14342.92075010204
forecast_5701,2025-08-26 13:00:00,11196.243628287666,13313.469084878798,13557.105689188085
forecast_5702,2025-08-26 14:00:00,11903.710227743968,12962.570378487744,13299.362359976252
forecast_5703,2025-08-26 15:00:00,12111.499689760814,13278.271574301836,13659.56534456727
forecast_5704,2025-08-26 16:00:00,11999.449216640007,14096.597506397804,13390.355939347703
forecast_5705,2025-08-26 17:00:00,11123.799832135443,13435.55579259191,12776.448923969476
forecast_5706,2025-08-26 18:00:00,11234.694890070494,12206.48827924933,12195.62308670763
forecast_5707,2025-08-26 19:00:00,10827.532282718115,11807.944276165352,10491.690435448003
forecast_5708,2025-08-26 20:00:00,10453.159288974504,11164.654211997866,9877.669977665437
forecast_5709,2025-08-26 21:00:00,11603.953892471014,11359.10948360492,9931.869286616547
forecast_5710,2025-08-26 22:00:00,12125.219625856655,12525.33177128341,10363.298670439337
forecast_5711,2025-08-26 23:00:00,12270.447418599664,12520.487301199562,9655.2154271485
forecast_5712,2025-08-27 00:00:00,12048.490510954389,11574.701519500224,8683.225076441635
forecast_5713,2025-08-27 01:00:00,11869.255739965314,11276.549557594544,8370.022776595768
forecast_5714,2025-08-27 02:00:00,10058.763327042587,9437.472238221344,7534.236702399516
forecast_5715,2025-08-27 03:00:00,8252.829100858336,7203.161323864424,5099.860367816196
forecast_5716,2025-08-27 04:00:00,5811.305140763534,4497.014533112537,3050.645188092566
forecast_5717,2025-08-27 05:00:00,3557.227748657361,1916.3605672083836,1153.289606368856
forecast_5718,2025-08-27 06:00:00,1436.4969676230553,856.2530127192604,654.276997200549
forecast_5719,2025-08-27 07:00:00,503.78639379622393,470.84537622939223,539.5820920534187
forecast_5720,2025-08-27 08:00:00,321.65539983674176,257.6601962968162,535.0469569221093
forecast_5721,2025-08-27 09:00:00,228.0162756703744,254.33420693925714,535.0469569221093
forecast_5722,2025-08-27 10:00:00,221.3048166917593,250.57004366126026,535.0469569221093
forecast_5723,2025-08-27 11:00:00,221.74676019021365,252.25478369737704,535.0469569221093
forecast_5724,2025-08-27 12:00:00,221.44429889114116,254.83560097252476,536.26186291271
forecast_5725,2025-08-27 13:00:00,252.8137972234334,306.0939709730029,538.5621754072164
forecast_5726,2025-08-27 14:00:00,272.5141488658319,463.2820851337422,580.6437289076757
forecast_5727,2025-08-27 15:00:00,471.1416733338667,720.950604630224,648.4550358866722
forecast_5728,2025-08-27 16:00:00,513.8763529163482,747.0645734626125,621.1335881614707
forecast_5729,2025-08-27 17:00:00,570.3043847104705,811.8119164943972,634.7564390179866
forecast_5730,2025-08-27 18:00:00,614.2436856724759,855.0310174432425,590.4406421272679
forecast_5731,2025-08-27 19:00:00,675.7734875574388,1084.5541645424923,661.9035027025191
forecast_5732,2025-08-27 20:00:00,862.2247923063395,1159.2410425434337,586.5131683128652
forecast_5733,2025-08-27 21:00:00,855.4674325152403,1001.3632827349788,541.7603233024743
forecast_5734,2025-08-27 22:00:00,1066.445278091698,980.4358702546386,541.7603233024743
forecast_5735,2025-08-27 23:00:00,1271.2662152157916,1357.6815068705162,541.9691825554326
forecast_5736,2025-08-28 00:00:00,1600.842440268923,1621.9098791388558,647.0639653209496
forecast_5737,2025-08-28 01:00:00,1974.9352758014957,1764.2526516602575,863.6780509444914
forecast_5738,2025-08-28 02:00:00,2727.3514379255603,2151.9767529078645,1115.431320096568
forecast_5739,2025-08-28 03:00:00,2981.11895515668,2659.4128262913587,1455.2910518699603
forecast_5740,2025-08-28 04:00:00,3491.3711698993766,3649.3141803601084,1766.237212810632
forecast_5741,2025-08-28 05:00:00,4043.45067612795,4178.490176046652,2431.414152152327
forecast_5742,2025-08-28 06:00:00,4133.0632300395655,4331.033712696945,2336.340642948218
forecast_5743,2025-08-28 07:00:00,3316.484494166836,3982.2732180047415,1516.191845991812
forecast_5744,2025-08-28 08:00:00,2590.2850814259823,3354.3328804458974,1120.3192554957825
forecast_5745,2025-08-28 09:00:00,2232.1412387529617,2945.877062538981,1607.8437705874503
forecast_5746,2025-08-28 10:00:00,1821.3238709153666,1928.924265960492,1126.391654015035
forecast_5747,2025-08-28 11:00:00,1464.5382570993534,1571.5605699165153,1142.3032810029729
forecast_5748,2025-08-28 12:00:00,1751.765756045162,1831.3527476601694,1379.0642034880084
forecast_5749,2025-08-28 13:00:00,2485.9333022093033,2327.813373915187,2006.5299762130494
forecast_5750,2025-08-28 14:00:00,3277.249790512953,3361.571661080736,2299.186213003903
forecast_5751,2025-08-28 15:00:00,3923.932893335486,3858.264418779803,2740.8760130383926
forecast_5752,2025-08-28 16:00:00,4314.482465010419,4540.706049774936,3462.9342342284344
forecast_5753,2025-08-28 17:00:00,5278.674750711536,5269.05216543135,4476.143007124316
forecast_5754,2025-08-28 18:00:00,6969.015777939765,6742.041468489819,5300.342110991641
forecast_5755,2025-08-28 19:00:00,8639.553203520129,9047.680565014613,6990.580836404497
forecast_5756,2025-08-28 20:00:00,9373.105124048243,11946.070698309619,7923.694809167207
forecast_5757,2025-08-28 21:00:00,11256.209895113636,14167.166328454026,9846.325238043504
forecast_5758,2025-08-28 22:00:00,13431.576835928867,15379.206513428013,12620.08461838148
forecast_5759,2025-08-28 23:00:00,14394.60202046758,16744.469500361443,13814.598395817859
forecast_5760,2025-08-29 00:00:00,15363.521274327704,17797.294406185298,15857.03911097312
forecast_5761,2025-08-29 01:00:00,15780.532101404637,18182.705568515903,16185.724761599398
forecast_5762,2025-08-29 02:00:00,16075.718388023852,18151.74641547471,16637.920466394105
forecast_5763,2025-08-29 03:00:00,15480.954599054934,18152.68463073274,17801.574908935087
forecast_5764,2025-08-29 04:00:00,15498.804327704787,18425.80904345126,18415.973517776645
forecast_5765,2025-08-29 05:00:00,15385.021483972745,18434.7832165281,18840.363355606565
forecast_5766,2025-08-29 06:00:00,15520.173581854164,18546.173750247777,18688.184410045076
forecast_5767,2025-08-29 07:00:00,15289.761128743814,17978.917460364042,18015.4542111472
forecast_5768,2025-08-29 08:00:00,14856.556489664501,17865.98138315726,18257.906133960485
forecast_5769,2025-08-29 09:00:00,15046.456950557502,17705.174170997103,17416.152418028134
forecast_5770,2025-08-29 10:00:00,15019.653106841804,16377.228257806382,14961.669295110683
forecast_5771,2025-08-29 11:00:00,13898.698059683495,14857.914101501508,14562.622050426617
forecast_5772,2025-08-29 12:00:00,13560.434076799287,13702.050942927173,13994.124229549376
forecast_5773,2025-08-29 13:00:00,13134.676939157982,12922.664820879494,13694.044617540114
forecast_5774,2025-08-29 14:00:00,12868.031300369388,12392.67001274766,12313.331143926627
forecast_5775,2025-08-29 15:00:00,11712.223943577603,11394.967387048284,11585.836717732525
forecast_5776,2025-08-29 16:00:00,11156.449507427747,11153.984397507409,11591.23251765815
forecast_5777,2025-08-29 17:00:00,11110.475773067019,11297.758037730753,11878.99898753101
forecast_5778,2025-08-29 18:00:00,11661.977641772806,12828.328206901406,11849.638846309357
forecast_5779,2025-08-29 19:00:00,13296.376712118792,14585.9708357781,12636.726553979197
forecast_5780,2025-08-29 20:00:00,14285.343115097738,15527.180347059832,13804.247441948111
forecast_5781,2025-08-29 21:00:00,14760.471458478913,16148.114846623674,14564.802806191288
forecast_5782,2025-08-29 22:00:00,15053.18377187918,16493.053917842535,15075.008389637613
forecast_5783,2025-08-29 23:00:00,15189.22627880994,17108.469991513506,15035.244883376676
forecast_5784,2025-08-30 00:00:00,15254.180573724669,16834.348473556147,13887.744595596741
forecast_5785,2025-08-30 01:00:00,15681.003720029305,16025.61238722088,13148.75230843171
forecast_5786,2025-08-30 02:00:00,15217.017950081328,15172.405909450965,12441.412482917649
forecast_5787,2025-08-30 03:00:00,14521.389654219789,14653.303259136112,10584.438927795847
forecast_5788,2025-08-30 04:00:00,14203.693299546881,14681.661268472391,9888.640958776332
forecast_5789,2025-08-30 05:00:00,13188.328642656976,14228.474253344051,9215.002105784833
forecast_5790,2025-08-30 06:00:00,12618.334243942973,13036.62438962978,8703.992601968876
forecast_5791,2025-08-30 07:00:00,11934.970080326562,12586.266252782756,7554.347813289252
forecast_5792,2025-08-30 08:00:00,9812.778482056034,9792.693624515594,6454.74093381933
forecast_5793,2025-08-30 09:00:00,7506.272734729797,7607.551260969389,4469.181478535641
forecast_5794,2025-08-30 10:00:00,4416.360014578324,4167.929404814215,2267.980724383852
forecast_5795,2025-08-30 11:00:00,2937.771216743905,2185.675977162159,1446.0348592652572
forecast_5796,2025-08-30 12:00:00,2175.305805921601,1644.146976516928,1215.0850344100318
forecast_5797,2025-08-30 13:00:00,1691.519094825653,1126.2155566598449,1481.7440107114749
forecast_5798,2025-08-30 14:00:00,1800.0501765774297,1270.9810334855238,1242.3874274526315
forecast_5799,2025-08-30 15:00:00,2325.0509037914544,1983.4887204444015,1839.6425822901062
forecast_5800,2025-08-30 16:00:00,2359.777594917905,2261.9387573231866,1849.72162317717
forecast_5801,2025-08-30 17:00:00,2615.6389895270568,2087.352851107032,1380.6414036012654
forecast_5802,2025-08-30 18:00:00,3128.6258460884324,3275.987722915534,2132.9188726440234
forecast_5803,2025-08-30 19:00:00,4110.326502111686,3886.5052005277275,2716.226368204649
forecast_5804,2025-08-30 20:00:00,5032.331418546846,4735.056664571066,3112.171096049815
forecast_5805,2025-08-30 21:00:00,6462.394174060711,5660.19745171379,3567.371244425919
forecast_5806,2025-08-30 22:00:00,7170.669037833886,7065.5635549506915,4150.190952280514
forecast_5807,2025-08-30 23:00:00,7353.40245963591,7986.7998697810035,4651.89839136108
forecast_5808,2025-08-31 00:00:00,8032.695650281497,8653.176457645912,4805.758732527822
forecast_5809,2025-08-31 01:00:00,7575.361673747366,8556.385500085597,4677.5416574597
forecast_5810,2025-08-31 02:00:00,7955.654859568009,9254.618005938839,5033.734642983691
forecast_5811,2025-08-31 03:00:00,7785.14308715295,8952.080868367433,4677.203384908684
forecast_5812,2025-08-31 04:00:00,7677.643673230163,7961.4509770133955,3851.444832815395
forecast_5813,2025-08-31 05:00:00,6468.894228392775,6696.596689955181,2722.6576941402604
forecast_5814,2025-08-31 06:00:00,4362.636560781371,5221.285714825881,1957.2642940238165
forecast_5815,2025-08-31 07:00:00,3499.0137208785145,3730.899476817783,1067.264959134411
forecast_5816,2025-08-31 08:00:00,2229.790561565914,2136.0628784359756,689.1355541824062
forecast_5817,2025-08-31 09:00:00,859.3302964038066,791.1096679695745,559.4029971695335
forecast_5818,2025-08-31 10:00:00,421.1215590419322,500.1666633351932,560.1375104287007
forecast_5819,2025-08-31 11:00:00,458.6455862695482,642.8983900026365,628.5184828501265
forecast_5820,2025-08-31 12:00:00,861.6974028274537,1076.1715425184443,962.2404643005985
forecast_5821,2025-08-31 13:00:00,1473.1209454550562,1891.2015382174413,1565.1680324186527
forecast_5822,2025-08-31 14:00:00,2502.3693901196293,2968.987816642809,2513.3708634296354
forecast_5823,2025-08-31 15:00:00,3368.235287365461,4011.8773812955387,3484.9547227273642
forecast_5824,2025-08-31 16:00:00,4641.230243466347,5052.105718946334,4677.271462319782
forecast_5825,2025-08-31 17:00:00,6686.146828850016,6508.087976155306,5417.4879152129115
forecast_5826,2025-08-31 18:00:00,7355.48656223434,7579.744829540106,5972.190142173137
forecast_5827,2025-08-31 19:00:00,8568.306791029478,8669.759409666229,6570.29049931216
forecast_5828,2025-08-31 20:00:00,9876.099995850673,10668.924437332404,6876.212068023787
forecast_5829,2025-08-31 21:00:00,10077.55764453112,11992.120470419131,7603.887453714433
forecast_5830,2025-08-31 22:00:00,10943.630953063222,13028.012719100992,8299.57591864251
forecast_5831,2025-08-31 23:00:00,11024.62652541199,13390.668104686429,8932.069219681413
forecast_5832,2025-09-01 00:00:00,11918.79352469276,14125.550472773386,9219.414689572417
forecast_5833,2025-09-01 01:00:00,13284.922826669193,15119.265547905688,9872.108048240394
forecast_5834,2025-09-01 02:00:00,13394.74941616996,15910.719856313948,11702.842960668397
forecast_5835,2025-09-01 03:00:00,12401.245522255198,15771.913623078883,12286.760067585808
forecast_5836,2025-09-01 04:00:00,12880.383564781863,15729.601464736355,12652.773572229233
forecast_5837,2025-09-01 05:00:00,13366.708030668182,15416.377785815972,12616.121908803729
forecast_5838,2025-09-01 06:00:00,12918.002963926814,15223.11119974577,12250.054981082818
forecast_5839,2025-09-01 07:00:00,12062.311795632191,14067.5544591965,10819.42086911073
forecast_5840,2025-09-01 08:00:00,10835.160245328394,13048.85956459972,10122.96287319509
forecast_5841,2025-09-01 09:00:00,9682.665278715123,11696.80142452613,9034.232647803383
forecast_5842,2025-09-01 10:00:00,8579.151239499755,11181.938557216126,8518.482054782453
forecast_5843,2025-09-01 11:00:00,7861.762600233458,9764.58339680869,8018.569881894126
forecast_5844,2025-09-01 12:00:00,7341.3709254062505,8916.252588632968,7891.808229599731
forecast_5845,2025-09-01 13:00:00,7342.79042682051,8820.511864218619,8308.878812304003
forecast_5846,2025-09-01 14:00:00,7339.354189605558,9021.703976367215,7438.406429958981
forecast_5847,2025-09-01 15:00:00,7970.695748732596,9116.029691354044,7459.921329467891
forecast_5848,2025-09-01 16:00:00,8982.874527200838,9206.347155642787,8102.097789545323
forecast_5849,2025-09-01 17:00:00,8862.214773531137,9146.277178165346,7828.283177776949
forecast_5850,2025-09-01 18:00:00,8711.189768675047,8773.98692485606,7237.004769602952
forecast_5851,2025-09-01 19:00:00,8299.210345171718,8743.777683778371,6797.730718991188
forecast_5852,2025-09-01 20:00:00,8380.577020942952,9387.609923748523,6786.033402220478
forecast_5853,2025-09-01 21:00:00,8958.105286590264,9724.501924574914,7328.458978176007
forecast_5854,2025-09-01 22:00:00,9761.185733970098,10830.564276981942,7444.4947483877
forecast_5855,2025-09-01 23:00:00,11273.68500581106,13113.84249264959,8018.277643003942
forecast_5856,2025-09-02 00:00:00,11170.13364316939,12162.734617925791,8541.463086643882
forecast_5857,2025-09-02 01:00:00,11208.572873448265,13056.656369144117,9920.71910980325
forecast_5858,2025-09-02 02:00:00,11003.05378096354,12990.171322137157,9989.87005849029
forecast_5859,2025-09-02 03:00:00,10460.824042935283,11804.469956466743,9214.816552969722
forecast_5860,2025-09-02 04:00:00,10154.693045473872,11486.82090431925,8926.597925535389
forecast_5861,2025-09-02 05:00:00,10140.341057883852,11843.279480617895,9210.976065523293
forecast_5862,2025-09-02 06:00:00,9671.69850136845,11732.007176634492,8113.923261925533
forecast_5863,2025-09-02 07:00:00,8361.887492339176,9874.67477217466,6740.794040590414
forecast_5864,2025-09-02 08:00:00,6127.600357763463,8431.37265617394,4060.670984065173
forecast_5865,2025-09-02 09:00:00,5064.253832601194,5715.108022284856,2367.724542212907
forecast_5866,2025-09-02 10:00:00,3557.0329135041693,2917.566703902395,1484.3039652863665
forecast_5867,2025-09-02 11:00:00,2428.794109616712,2026.794460536107,1954.24454426065
forecast_5868,2025-09-02 12:00:00,1869.211962623553,1320.1163020059005,1022.4460543145854
forecast_5869,2025-09-02 13:00:00,1031.7157478680656,840.705867168331,910.2637512894082
forecast_5870,2025-09-02 14:00:00,499.5542623217012,495.96161967697066,541.4509509703523
forecast_5871,2025-09-02 15:00:00,223.02365624236222,264.5027549519013,535.0469569221093
forecast_5872,2025-09-02 16:00:00,234.2848647902813,273.05259083292265,535.0469569221093
forecast_5873,2025-09-02 17:00:00,238.7721969411786,274.33593627232165,535.0469569221093
forecast_5874,2025-09-02 18:00:00,222.64613166640152,251.62625885381902,535.0469569221093
forecast_5875,2025-09-02 19:00:00,224.1753953573205,254.65152820785204,535.0469569221093
forecast_5876,2025-09-02 20:00:00,242.61432174038686,256.8709875156229,535.0469569221093
forecast_5877,2025-09-02 21:00:00,233.33436979219965,266.76820041170214,535.0469569221093
forecast_5878,2025-09-02 22:00:00,293.61048580812735,314.1684669482337,535.0469569221093
forecast_5879,2025-09-02 23:00:00,307.96469973292653,337.2461510698771,535.0469569221093
forecast_5880,2025-09-03 00:00:00,286.8537220849558,293.18379775935387,535.0469569221093
forecast_5881,2025-09-03 01:00:00,316.7743030625171,305.8702160094331,535.0469569221093
forecast_5882,2025-09-03 02:00:00,293.7326490465631,306.6953813183467,535.0469569221093
forecast_5883,2025-09-03 03:00:00,279.00269731417654,308.4559631245528,535.0469569221093
forecast_5884,2025-09-03 04:00:00,275.045473935987,332.7706026129583,535.6029341789128
forecast_5885,2025-09-03 05:00:00,274.595186005664,349.2807889604208,535.2558161750676
forecast_5886,2025-09-03 06:00:00,224.55878474729042,299.5886069458263,535.0469569221093
forecast_5887,2025-09-03 07:00:00,222.24866265787648,253.02511962220217,535.0469569221093
forecast_5888,2025-09-03 08:00:00,217.6544764102135,251.25680865868986,535.0469569221093
forecast_5889,2025-09-03 09:00:00,226.85149790171928,248.36699695948977,535.0469569221093
forecast_5890,2025-09-03 10:00:00,222.93184808052348,248.79849118404692,535.0469569221093
forecast_5891,2025-09-03 11:00:00,225.53584976811143,283.5907558165519,538.0061981504128
forecast_5892,2025-09-03 12:00:00,229.29060261277317,326.36878427886666,538.0061981504128
forecast_5893,2025-09-03 13:00:00,236.93746539605138,365.4065127764196,542.1772172104854
forecast_5894,2025-09-03 14:00:00,248.10678592521887,409.1741732567812,615.4905599225923
forecast_5895,2025-09-03 15:00:00,245.6139705766954,420.6167055884433,573.6144270615375
forecast_5896,2025-09-03 16:00:00,287.946090603265,417.3092107189908,538.0061981504128
forecast_5897,2025-09-03 17:00:00,259.4674630935448,317.4238817001467,536.26186291271
forecast_5898,2025-09-03 18:00:00,249.93242608056147,263.28076192583836,535.0469569221093
forecast_5899,2025-09-03 19:00:00,269.1151873584804,256.24321725543217,535.0469569221093
forecast_5900,2025-09-03 20:00:00,300.8558800200435,295.3192563069504,535.0469569221093
forecast_5901,2025-09-03 21:00:00,340.1444715643571,323.030151060606,535.0469569221093
forecast_5902,2025-09-03 22:00:00,364.6403932869999,319.40259172562645,535.0469569221093
forecast_5903,2025-09-03 23:00:00,373.70159253345685,313.5726193708135,535.0469569221093
forecast_5904,2025-09-04 00:00:00,576.0691780866555,345.4603778346624,536.6957589240625
forecast_5905,2025-09-04 01:00:00,856.0499536057333,498.7980280675944,536.26186291271
forecast_5906,2025-09-04 02:00:00,953.8375376566299,710.6133105788671,536.26186291271
forecast_5907,2025-09-04 03:00:00,887.2810002022952,718.4846964920112,535.0469569221093
forecast_5908,2025-09-04 04:00:00,875.7142232639465,760.7281649126413,535.0469569221093
forecast_5909,2025-09-04 05:00:00,1237.4892290004836,862.8304371866288,536.26186291271
forecast_5910,2025-09-04 06:00:00,1842.0737175623979,1329.940645217284,538.5621754072164
forecast_5911,2025-09-04 07:00:00,2078.231330464305,2308.1962651561175,540.4510784940335
forecast_5912,2025-09-04 08:00:00,1919.0388684159848,2517.975094658482,661.9271386050634
forecast_5913,2025-09-04 09:00:00,1514.587148677446,2480.3215512458373,755.7847553194247
forecast_5914,2025-09-04 10:00:00,1012.8587407831515,1829.7973572220944,722.7713236513141
forecast_5915,2025-09-04 11:00:00,851.9938823160894,1700.5697013278618,778.2931028899809
forecast_5916,2025-09-04 12:00:00,903.6004732671203,1813.1656467579082,931.3636885447698
forecast_5917,2025-09-04 13:00:00,1096.1126251053126,2008.3226153626213,1025.9693867106212
forecast_5918,2025-09-04 14:00:00,1322.8109774504637,1936.7925395451714,1008.6151439168985
forecast_5919,2025-09-04 15:00:00,1574.2552612856718,2494.9428408814,1106.0389616573048
forecast_5920,2025-09-04 16:00:00,1760.2073756986438,2582.9002061639144,1147.86648880426
forecast_5921,2025-09-04 17:00:00,1891.9473166058328,2652.6250354870963,1134.7556373990567
forecast_5922,2025-09-04 18:00:00,1948.8691825917597,2674.2191262794354,1055.098402318574
forecast_5923,2025-09-04 19:00:00,2048.042697666348,2803.7909628330563,993.4432269915901
forecast_5924,2025-09-04 20:00:00,2397.6389048482183,3108.349612294957,1032.5873703971279
forecast_5925,2025-09-04 21:00:00,2344.6970500980156,3149.5664499498,1046.520602670898
forecast_5926,2025-09-04 22:00:00,2713.7042652738037,3400.7228772787844,1037.0163160549125
forecast_5927,2025-09-04 23:00:00,2117.1507291140447,3216.8662625959823,1023.3037457921507
forecast_5928,2025-09-05 00:00:00,2040.0047705803029,2186.980599274564,893.2659475694145
forecast_5929,2025-09-05 01:00:00,2226.1835913011114,1967.6775700204848,718.3872861992955
forecast_5930,2025-09-05 02:00:00,2334.2725670572695,1929.7025712641096,738.9471095987428
forecast_5931,2025-09-05 03:00:00,2201.378985192918,1884.0680485848911,778.1566854060926
forecast_5932,2025-09-05 04:00:00,2232.2717900122802,2086.13906477551,799.690563212078
forecast_5933,2025-09-05 05:00:00,2501.725238583834,2869.469202222117,994.9320859102502
forecast_5934,2025-09-05 06:00:00,2611.5934739785325,3278.010408385061,985.044346454752
forecast_5935,2025-09-05 07:00:00,2400.1943829294464,3241.721258725508,953.1194470118115
forecast_5936,2025-09-05 08:00:00,1736.0759327290316,2578.8629101741817,836.4699156751936
forecast_5937,2025-09-05 09:00:00,1005.263250169582,1472.7986829866818,592.4793181956553
forecast_5938,2025-09-05 10:00:00,331.5560894587087,600.1792319008214,536.26186291271
forecast_5939,2025-09-05 11:00:00,247.53472507098718,464.4953447829031,536.26186291271
forecast_5940,2025-09-05 12:00:00,240.01825596361059,339.561909987792,536.26186291271
forecast_5941,2025-09-05 13:00:00,219.5667305327355,249.33521826724015,536.26186291271
forecast_5942,2025-09-05 14:00:00,219.40118014970403,247.881505626644,535.0469569221093
forecast_5943,2025-09-05 15:00:00,220.85413983282785,247.05671380401685,535.0469569221093
forecast_5944,2025-09-05 16:00:00,229.21027719684201,268.92558535732024,536.26186291271
forecast_5945,2025-09-05 17:00:00,259.35798925632366,318.6296136082435,536.26186291271
forecast_5946,2025-09-05 18:00:00,464.15430456495494,681.1549586613985,538.0061981504128
forecast_5947,2025-09-05 19:00:00,738.3236510850345,1046.0989551164728,541.3264272911217
forecast_5948,2025-09-05 20:00:00,1255.950853692664,1701.7025879114315,541.3264272911217
forecast_5949,2025-09-05 21:00:00,2080.7366477425453,2945.6460060348636,757.5495507154858
forecast_5950,2025-09-05 22:00:00,4341.105375010591,5345.4165385314445,1225.6460057024285
forecast_5951,2025-09-05 23:00:00,6350.348896756395,7923.120472335841,2984.476719537845
forecast_5952,2025-09-06 00:00:00,9334.803797538567,11668.630796082085,5739.512662370064
forecast_5953,2025-09-06 01:00:00,11441.760283288046,12299.99544361972,8146.0363003422935
forecast_5954,2025-09-06 02:00:00,12359.071196395515,13844.015595229688,9863.736322252535
forecast_5955,2025-09-06 03:00:00,13699.194943444832,15538.651256530837,11307.561558823065
forecast_5956,2025-09-06 04:00:00,14460.093021119545,16191.257888527132,13092.330280444017
forecast_5957,2025-09-06 05:00:00,14230.061677293203,16090.581990225268,13960.326634097466
forecast_5958,2025-09-06 06:00:00,14899.148025998435,17394.841494436292,14594.04519642888
forecast_5959,2025-09-06 07:00:00,15284.566511125662,17620.008482348236,14843.97549236763
forecast_5960,2025-09-06 08:00:00,14493.782955671315,17080.47166854964,14362.230117730935
forecast_5961,2025-09-06 09:00:00,13603.5049055833,16060.629480013773,14389.567651548936
forecast_5962,2025-09-06 10:00:00,13223.960482035667,14105.090400089462,13912.785714257923
forecast_5963,2025-09-06 11:00:00,13185.583815211692,13636.457235627699,13539.317858641873
forecast_5964,2025-09-06 12:00:00,12937.905467790668,14519.762844047802,13780.1894789609
forecast_5965,2025-09-06 13:00:00,12528.937757494341,15034.527557123169,14297.09358809357
forecast_5966,2025-09-06 14:00:00,12223.592525899836,15099.683139381295,14249.05767067006
forecast_5967,2025-09-06 15:00:00,12696.032899002237,15132.721134718866,14220.660438517267
forecast_5968,2025-09-06 16:00:00,12848.417142526641,15361.291080136887,13606.555195175568
forecast_5969,2025-09-06 17:00:00,13012.950209776667,15035.18776542489,13821.204505127369
forecast_5970,2025-09-06 18:00:00,13553.383153151262,15086.170159219593,14106.477828268013
forecast_5971,2025-09-06 19:00:00,13690.824318746236,15566.639954047627,14409.975186467764
forecast_5972,2025-09-06 20:00:00,14122.757223395729,16388.37288154309,14790.153943803602
forecast_5973,2025-09-06 21:00:00,14383.849875310436,16725.934561513848,14879.888919683915
forecast_5974,2025-09-06 22:00:00,14857.495766166983,17564.486165368733,16526.5139919016
forecast_5975,2025-09-06 23:00:00,15085.778732456778,17886.71884117008,16577.178070510967
forecast_5976,2025-09-07 00:00:00,15209.124665056457,17858.26109889726,16896.883362514764
forecast_5977,2025-09-07 01:00:00,15224.881541126608,17757.086758641468,17667.619110761574
forecast_5978,2025-09-07 02:00:00,15282.8265508094,17473.41904157627,17592.921496519193
forecast_5979,2025-09-07 03:00:00,14937.79058022936,17358.47357352768,16511.410638033693
forecast_5980,2025-09-07 04:00:00,14722.379098341733,16337.61927386158,15022.81494762369
forecast_5981,2025-09-07 05:00:00,14497.64210937835,16355.558945647164,14410.56023378368
forecast_5982,2025-09-07 06:00:00,13661.02904913987,15054.319925038888,12846.91784615989
forecast_5983,2025-09-07 07:00:00,12979.813926183784,13517.036818812772,10700.441090180606
forecast_5984,2025-09-07 08:00:00,12577.703357746133,12401.230465014605,9768.396819977992
forecast_5985,2025-09-07 09:00:00,10681.594391094735,11346.594972337378,8930.476463551535
forecast_5986,2025-09-07 10:00:00,9992.093402848448,9852.247850592039,7632.934458446224
forecast_5987,2025-09-07 11:00:00,8464.773276958626,8716.518514503652,6452.940955886481
forecast_5988,2025-09-07 12:00:00,7342.014679904328,7487.1407953936,5405.0634805615155
forecast_5989,2025-09-07 13:00:00,4876.978264830796,5861.345736695924,4507.392925551786
forecast_5990,2025-09-07 14:00:00,4280.691114461234,5311.1762957003575,4143.724801395717
forecast_5991,2025-09-07 15:00:00,5949.6083610014475,6347.282818498601,4384.102136342768
forecast_5992,2025-09-07 16:00:00,7076.995565932844,7095.327184915926,4933.033681736014
forecast_5993,2025-09-07 17:00:00,7758.76791980919,7688.318818781232,6033.489643922762
forecast_5994,2025-09-07 18:00:00,8838.772065650724,9198.494246191145,7476.712438641009
forecast_5995,2025-09-07 19:00:00,11143.329791036249,10259.161781743664,8171.941811960409
forecast_5996,2025-09-07 20:00:00,11782.745779320509,12106.054391138614,8802.78555011112
forecast_5997,2025-09-07 21:00:00,12134.62481092059,13127.25720255636,9098.78942669078
forecast_5998,2025-09-07 22:00:00,12613.695928740708,13568.591565227394,9324.680294593474
forecast_5999,2025-09-07 23:00:00,13105.631646434942,12984.040020730072,9379.101554282193
forecast_6000,2025-09-08 00:00:00,13032.310147225022,12790.782604511183,8898.520443815094
forecast_6001,2025-09-08 01:00:00,12877.190851469806,13379.99796379138,8428.112910565873
forecast_6002,2025-09-08 02:00:00,11589.510428897094,11653.405851194093,8274.545865532367
forecast_6003,2025-09-08 03:00:00,10331.3351520522,9667.519002969397,7130.958981099517
forecast_6004,2025-09-08 04:00:00,7728.70618610933,7026.531165002261,4637.374725564559
forecast_6005,2025-09-08 05:00:00,5633.904020767459,4358.746172916782,3065.150853215059
forecast_6006,2025-09-08 06:00:00,3585.822619424999,1727.205410271898,1116.3992506160218
forecast_6007,2025-09-08 07:00:00,1651.532184598374,795.6609023097269,618.680558127025
forecast_6008,2025-09-08 08:00:00,723.1977311659055,437.02915972333545,539.5820920534187
forecast_6009,2025-09-08 09:00:00,232.84474034264946,297.55471915363216,535.0469569221093
forecast_6010,2025-09-08 10:00:00,212.3578868088269,253.17436352876607,535.0469569221093
forecast_6011,2025-09-08 11:00:00,226.17306847766207,242.69171369180486,535.0469569221093
forecast_6012,2025-09-08 12:00:00,217.02147803046662,245.97644904502184,535.0469569221093
forecast_6013,2025-09-08 13:00:00,216.32860055015524,245.97644904502184,535.0469569221093
forecast_6014,2025-09-08 14:00:00,220.39719325801943,252.7689513358436,535.6029341789128
forecast_6015,2025-09-08 15:00:00,277.03200541178876,295.36567903895104,550.8562323804546
forecast_6016,2025-09-08 16:00:00,910.7327565868993,657.8194054098471,740.5694878293197
forecast_6017,2025-09-08 17:00:00,2150.9842244059937,1950.2391388723477,1097.4957179217633
forecast_6018,2025-09-08 18:00:00,2630.586351973009,2386.819978104045,1052.628860539191
forecast_6019,2025-09-08 19:00:00,2565.631513774015,1887.0289870274864,1048.8820634304006
forecast_6020,2025-09-08 20:00:00,2300.5278723780316,2502.8491238283527,1081.1017413527745
forecast_6021,2025-09-08 21:00:00,2380.8215769266294,2813.3305356907,1190.5572968681997
forecast_6022,2025-09-08 22:00:00,2462.187989143599,2919.941892639482,1106.5377251593648
forecast_6023,2025-09-08 23:00:00,2243.5400855174285,2728.860113815689,1110.5205891944554
forecast_6024,2025-09-09 00:00:00,1957.520862012194,2068.6019467800224,1086.122439917698
forecast_6025,2025-09-09 01:00:00,2150.3443714885234,2788.502009019438,1000.5658571362006
forecast_6026,2025-09-09 02:00:00,2342.4267337811675,3163.6381350612005,1550.7352174024581
forecast_6027,2025-09-09 03:00:00,2393.1156614777615,2188.9755656139178,951.5502560137567
forecast_6028,2025-09-09 04:00:00,2183.731803372449,1748.0934082384279,822.815254310312
forecast_6029,2025-09-09 05:00:00,2489.1563560866985,2010.1165460631012,797.3953416596038
forecast_6030,2025-09-09 06:00:00,2603.4266423853596,2834.7397426818916,897.4005394992691
forecast_6031,2025-09-09 07:00:00,2001.4492810727115,1908.6899800225478,817.4664559312859
forecast_6032,2025-09-09 08:00:00,1480.111043972265,1408.266966611346,690.7717995787607
forecast_6033,2025-09-09 09:00:00,1121.4877077850322,1312.6249991738237,593.2039960037164
forecast_6034,2025-09-09 10:00:00,945.5789470974732,1114.8201032766742,588.462166659362
forecast_6035,2025-09-09 11:00:00,898.2222006868379,1114.5413872489905,566.1724484946386
forecast_6036,2025-09-09 12:00:00,978.9328003339365,1266.9592399450876,620.6996921501182
forecast_6037,2025-09-09 13:00:00,979.3934786851106,1172.4138984191686,654.1783662769766
forecast_6038,2025-09-09 14:00:00,848.6603814498774,807.530078167832,575.7263104398828
forecast_6039,2025-09-09 15:00:00,810.9441618608298,838.2353616130252,544.9414690943906
forecast_6040,2025-09-09 16:00:00,825.6022596164408,745.5923367739142,541.3264272911217
forecast_6041,2025-09-09 17:00:00,871.8470879967648,622.2046939668808,541.3264272911217
forecast_6042,2025-09-09 18:00:00,867.18317494805,594.5130030565996,618.2548118064975
forecast_6043,2025-09-09 19:00:00,884.9803276212984,768.3643266655242,618.2548118064975
forecast_6044,2025-09-09 20:00:00,923.1099773328962,823.6619301188946,626.2140112275869
forecast_6045,2025-09-09 21:00:00,1252.1001129677793,941.0492811605924,707.3203210262365
forecast_6046,2025-09-09 22:00:00,1688.30848157045,1125.3274033415819,707.3203210262365
forecast_6047,2025-09-09 23:00:00,1357.934289768509,1084.1572406361604,671.9527438125608
forecast_6048,2025-09-10 00:00:00,1400.049694292685,964.5499891442258,629.424242445946
forecast_6049,2025-09-10 01:00:00,1456.0764120152498,1201.1989065107684,707.3203210262365
forecast_6050,2025-09-10 02:00:00,1896.5405617202935,1422.565277560442,770.6995682302493
forecast_6051,2025-09-10 03:00:00,2011.4462039905623,1567.923511050357,834.8411955222186
forecast_6052,2025-09-10 04:00:00,2126.4134532850258,2053.6003826254837,834.8411955222186
forecast_6053,2025-09-10 05:00:00,2271.8713900712864,3001.0468637636254,797.0340157052349
forecast_6054,2025-09-10 06:00:00,2371.7445199574618,3011.132647053772,819.6653272278727
forecast_6055,2025-09-10 07:00:00,2547.11361616832,3405.2864127765592,855.5659059212752
forecast_6056,2025-09-10 08:00:00,2031.2009790103746,2988.92913742428,861.9914846476057
forecast_6057,2025-09-10 09:00:00,1396.867277149761,2013.6437842235782,943.2076815062073
forecast_6058,2025-09-10 10:00:00,940.9446251100123,1734.3301027514294,1055.643799798086
forecast_6059,2025-09-10 11:00:00,849.2015662683589,1599.9503157715376,1090.6955686539206
forecast_6060,2025-09-10 12:00:00,853.7124209942532,1564.539919079599,1070.6903381432505
forecast_6061,2025-09-10 13:00:00,814.7597320479996,1495.8509800981317,1115.5019925396978
forecast_6062,2025-09-10 14:00:00,698.0016768319737,1229.870879722822,981.9209792050988
forecast_6063,2025-09-10 15:00:00,617.3474523529563,968.6052873162851,918.5364115233189
forecast_6064,2025-09-10 16:00:00,606.2369308768721,902.9933582403256,872.938680976514
forecast_6065,2025-09-10 17:00:00,646.493537874747,873.1471018129259,831.1969794322692
forecast_6066,2025-09-10 18:00:00,807.126640917347,1224.5688136863664,882.4963093010291
forecast_6067,2025-09-10 19:00:00,1002.4643409281963,1568.581359743172,943.9818151490852
forecast_6068,2025-09-10 20:00:00,1214.8340365446138,1756.0687554592928,936.5472169970827
forecast_6069,2025-09-10 21:00:00,1969.6568979127783,2131.428410653157,952.4168188694744
forecast_6070,2025-09-10 22:00:00,2304.7505344176275,2403.9837383293725,1012.0569722741975
forecast_6071,2025-09-10 23:00:00,2550.890794638881,3230.3576485150106,1043.9017690368962
forecast_6072,2025-09-11 00:00:00,2573.583270276701,3094.3998007289465,1011.7050159323078
forecast_6073,2025-09-11 01:00:00,2533.2454230924964,2563.027599760331,908.6658577323558
forecast_6074,2025-09-11 02:00:00,2911.486718467433,2354.120899654015,980.8505657554394
forecast_6075,2025-09-11 03:00:00,3503.6729288500073,2936.4353633938563,1071.9541996632004
forecast_6076,2025-09-11 04:00:00,4032.79640363466,3699.2588777345286,1118.5935578146634
forecast_6077,2025-09-11 05:00:00,4140.972609901021,4479.592435469974,1662.082827319263
forecast_6078,2025-09-11 06:00:00,4884.299577252098,4881.0979288117605,2080.867502202959
forecast_6079,2025-09-11 07:00:00,4938.682362326792,5636.122621952429,2657.4035807923638
forecast_6080,2025-09-11 08:00:00,4230.980309093563,5867.652656733943,2774.493328369553
forecast_6081,2025-09-11 09:00:00,3881.143441204981,5711.583921096823,2565.3379586455508
forecast_6082,2025-09-11 10:00:00,3405.4418891293053,4782.168274625765,2464.4014271133847
forecast_6083,2025-09-11 11:00:00,3226.652673650993,4172.637347197416,2470.687379323843
forecast_6084,2025-09-11 12:00:00,2978.928317797603,4143.560167450041,2738.2285081418954
forecast_6085,2025-09-11 13:00:00,2604.0809210869493,4034.3661996710252,2959.4261633651636
forecast_6086,2025-09-11 14:00:00,2742.445396952236,4053.9341795791024,2899.374572681664
forecast_6087,2025-09-11 15:00:00,2834.9431720950747,3718.4780232915,2325.5665934365506
forecast_6088,2025-09-11 16:00:00,3057.0730098185263,3696.211944742694,1981.5345996052936
forecast_6089,2025-09-11 17:00:00,3570.595561594574,3608.4520044768665,1934.0219736936835
forecast_6090,2025-09-11 18:00:00,3654.582299568005,4267.6159564105055,1998.7030547291388
forecast_6091,2025-09-11 19:00:00,4113.718967611172,6536.7064477109525,2175.9245219400186
forecast_6092,2025-09-11 20:00:00,4956.954297858979,7744.246195638151,2640.8698708966895
forecast_6093,2025-09-11 21:00:00,4959.645333538898,7565.591065285578,2860.382241068483
forecast_6094,2025-09-11 22:00:00,5841.71175930744,8083.41714090091,3119.4360984903506
forecast_6095,2025-09-11 23:00:00,6007.914893281481,8166.472150593715,3558.8672864091523
forecast_6096,2025-09-12 00:00:00,6444.52924413381,7789.166754244332,3338.2197381988585
forecast_6097,2025-09-12 01:00:00,5797.494488403976,7723.335710941474,3091.9356540496283
forecast_6098,2025-09-12 02:00:00,5498.375876064273,7467.214042801625,2822.980037000128
forecast_6099,2025-09-12 03:00:00,4550.945531057794,6573.713380484924,2549.7159556736688
forecast_6100,2025-09-12 04:00:00,4588.8490788185845,6406.25208274042,2489.612984135673
forecast_6101,2025-09-12 05:00:00,4528.778981157244,6417.640845865498,2612.516325129549
forecast_6102,2025-09-12 06:00:00,5012.878805080128,6444.6513049287205,2628.6881179327524
forecast_6103,2025-09-12 07:00:00,5039.7142118488955,6594.237044843603,2623.405373423134
forecast_6104,2025-09-12 08:00:00,4090.3340898195156,6090.836429337723,2838.7635060927746
forecast_6105,2025-09-12 09:00:00,4363.629231720072,5570.60018281648,2882.923860876161
forecast_6106,2025-09-12 10:00:00,3318.753977853711,4085.915098794858,1917.7735768048303
forecast_6107,2025-09-12 11:00:00,2994.088770638029,3773.0132665620595,1755.319223342633
forecast_6108,2025-09-12 12:00:00,2956.333727529953,3533.4605391664572,1688.880384028029
forecast_6109,2025-09-12 13:00:00,2745.490686700798,3317.742674233011,1686.9971049975468
forecast_6110,2025-09-12 14:00:00,2755.7477712028485,3312.137154566509,1218.082430589613
forecast_6111,2025-09-12 15:00:00,2975.0261669207084,3239.5446212131724,1689.9451156621026
forecast_6112,2025-09-12 16:00:00,3431.782248624004,3520.3576552062214,1983.5057301709485
forecast_6113,2025-09-12 17:00:00,3971.971437443303,4421.995383608508,1753.3604871833056
forecast_6114,2025-09-12 18:00:00,4100.302962476784,3948.8941018423156,2040.610427393634
forecast_6115,2025-09-12 19:00:00,3818.4883194489676,4069.919664106461,1766.1809059018447
forecast_6116,2025-09-12 20:00:00,4562.560192393015,4302.306584286769,1766.166545742364
forecast_6117,2025-09-12 21:00:00,3498.4631516831905,4063.568635929313,1875.0190943654131
forecast_6118,2025-09-12 22:00:00,4601.373368127758,4509.813159270443,2375.631980262921
forecast_6119,2025-09-12 23:00:00,5498.731796021816,5413.621295014455,2810.648011295228
forecast_6120,2025-09-13 00:00:00,5380.914808278103,5695.352280757719,2758.100213909286
forecast_6121,2025-09-13 01:00:00,6171.981796537106,6048.349090353367,3735.085139777583
forecast_6122,2025-09-13 02:00:00,7284.182754696523,8047.966250670541,4561.327872396252
forecast_6123,2025-09-13 03:00:00,7224.697711554169,8995.786728348454,4235.224808439847
forecast_6124,2025-09-13 04:00:00,8724.28270663729,8815.11631296361,5240.584789183041
forecast_6125,2025-09-13 05:00:00,9381.348530733854,9829.092126136107,7243.839824461995
forecast_6126,2025-09-13 06:00:00,12205.155302401103,12454.287288748037,8809.150068711446
forecast_6127,2025-09-13 07:00:00,14401.915660691822,15042.286917963473,12354.511652882251
forecast_6128,2025-09-13 08:00:00,14143.342787342039,15992.619532143639,15038.09680915414
forecast_6129,2025-09-13 09:00:00,13168.103711882046,16579.434765890186,14501.384627022111
forecast_6130,2025-09-13 10:00:00,11609.103341811362,14859.621276829173,11289.167941990288
forecast_6131,2025-09-13 11:00:00,10004.385420692739,10944.21499629268,8665.068365172203
forecast_6132,2025-09-13 12:00:00,8844.927015695584,9757.110423462158,6719.744922357705
forecast_6133,2025-09-13 13:00:00,6448.021406142859,6488.368600939424,3387.7582097374134
forecast_6134,2025-09-13 14:00:00,2558.8064601053975,2820.285871860453,1236.4178636675347
forecast_6135,2025-09-13 15:00:00,1117.4643800178158,1432.4753935822212,792.7420813452395
forecast_6136,2025-09-13 16:00:00,942.8898860847003,1405.8774278166425,856.6196627238648
forecast_6137,2025-09-13 17:00:00,1376.0535852937687,1544.9873498720074,1055.419490638718
forecast_6138,2025-09-13 18:00:00,1642.0742351367558,2260.3796642180137,1573.0579256304784
forecast_6139,2025-09-13 19:00:00,1710.1777722238314,2570.6205847660212,1078.3504707841757
forecast_6140,2025-09-13 20:00:00,1263.5626231871631,1380.2318120961047,775.9853357954862
forecast_6141,2025-09-13 21:00:00,771.9553812750564,669.9957943248572,556.045320438097
forecast_6142,2025-09-13 22:00:00,577.9202840710136,370.5037205870189,535.0469569221093
forecast_6143,2025-09-13 23:00:00,649.4339859317688,427.7086500154886,536.26186291271
forecast_6144,2025-09-14 00:00:00,896.7200544468525,753.7839239769022,538.0061981504128
forecast_6145,2025-09-14 01:00:00,1462.3800367537638,1168.30586619468,538.0061981504128
forecast_6146,2025-09-14 02:00:00,1661.7872429293734,1330.3705281658072,541.6212399536819
forecast_6147,2025-09-14 03:00:00,1079.8412656461046,1269.6323867725391,536.26186291271
forecast_6148,2025-09-14 04:00:00,1041.64531185934,1275.1588604172175,538.0061981504128
forecast_6149,2025-09-14 05:00:00,1590.9873712248802,1488.1571105594371,539.7165652348663
forecast_6150,2025-09-14 06:00:00,1687.3545608834838,1637.2893634257032,598.5012906494244
forecast_6151,2025-09-14 07:00:00,1638.1227538411151,1625.1814787990552,642.1219717259539
forecast_6152,2025-09-14 08:00:00,1732.5064692541155,1605.675774658402,691.404368906459
forecast_6153,2025-09-14 09:00:00,1915.8873867799389,1535.8922600935482,855.4160308621886
forecast_6154,2025-09-14 10:00:00,1536.0586767959971,1385.4540472305348,920.2244556633549
forecast_6155,2025-09-14 11:00:00,1257.5144351204547,1251.8257887279722,1076.4909175877106
forecast_6156,2025-09-14 12:00:00,1335.3537294096695,1305.0449521210387,1382.9302473334424
forecast_6157,2025-09-14 13:00:00,1723.8956835127617,1696.879392974202,1350.7991670477907
forecast_6158,2025-09-14 14:00:00,2082.958298302082,2776.1531528906667,2197.2842856801335
forecast_6159,2025-09-14 15:00:00,2683.276734362029,3298.1569285733103,2865.146464507103
forecast_6160,2025-09-14 16:00:00,3763.53905528172,4051.798449548764,3815.543967696962
forecast_6161,2025-09-14 17:00:00,5257.000425575504,5287.524381863559,5115.011499320375
forecast_6162,2025-09-14 18:00:00,7753.84066718668,7295.415214087247,7235.09623183515
forecast_6163,2025-09-14 19:00:00,9783.32003247532,10760.465246897882,9912.669501560393
forecast_6164,2025-09-14 20:00:00,11991.340485626128,13577.397078430855,12501.030768009101
forecast_6165,2025-09-14 21:00:00,14380.93725543271,14808.345969294624,14185.137884384634
forecast_6166,2025-09-14 22:00:00,14451.99103412097,15569.467333466238,15049.169468477914
forecast_6167,2025-09-14 23:00:00,14673.649300389396,16101.32391589645,16129.104305388279
forecast_6168,2025-09-15 00:00:00,15337.629279652461,16711.508357565846,15270.42159992404
forecast_6169,2025-09-15 01:00:00,15927.978549291194,16240.212517533528,14223.718548092806
forecast_6170,2025-09-15 02:00:00,14762.357250709356,14705.513141899155,11847.65745448096
forecast_6171,2025-09-15 03:00:00,14386.48061371873,14053.399457123774,10213.120794287084
forecast_6172,2025-09-15 04:00:00,14204.904235793612,13326.734258180968,9659.244627532491
forecast_6173,2025-09-15 05:00:00,13159.02210695981,11910.693639483536,9041.14119087974
forecast_6174,2025-09-15 06:00:00,10651.745589941163,9836.490966272031,6292.170608256918
forecast_6175,2025-09-15 07:00:00,7766.895953125799,6599.4239573067625,4592.747504529935
forecast_6176,2025-09-15 08:00:00,4892.995516479861,3120.3636645673823,1683.7392374746687
forecast_6177,2025-09-15 09:00:00,1819.0987736582445,1165.4051830290155,797.4006777315234
forecast_6178,2025-09-15 10:00:00,657.9408788744387,485.2583487117129,555.7062876540574
forecast_6179,2025-09-15 11:00:00,267.5905457530437,318.82154581843275,535.0469569221093
forecast_6180,2025-09-15 12:00:00,219.10322382596937,246.24614821053206,535.0469569221093
forecast_6181,2025-09-15 13:00:00,218.56959206553262,247.6841703623624,535.0469569221093
forecast_6182,2025-09-15 14:00:00,238.67556284820748,246.24614821053206,535.0469569221093
forecast_6183,2025-09-15 15:00:00,643.654375046492,359.43235491289363,573.3104576756816
forecast_6184,2025-09-15 16:00:00,969.7525224506644,568.1735641581452,970.2293724376661
forecast_6185,2025-09-15 17:00:00,2328.86686693396,1266.064117342207,1513.6532333419295
forecast_6186,2025-09-15 18:00:00,4073.415643360424,3733.0537920184715,3146.1057231364375
forecast_6187,2025-09-15 19:00:00,5166.641422166843,4622.104672849101,4366.219453067227
forecast_6188,2025-09-15 20:00:00,5707.645032789855,5615.382114923124,5042.651860538355
forecast_6189,2025-09-15 21:00:00,5696.9728473098785,5912.521927188452,5136.789038965492
forecast_6190,2025-09-15 22:00:00,6906.778322397021,6790.211447476986,5398.121437496958
forecast_6191,2025-09-15 23:00:00,6943.460034614722,7124.572371684319,5661.260355878882
forecast_6192,2025-09-16 00:00:00,7692.777030267971,7304.448774868477,6364.938714513888
forecast_6193,2025-09-16 01:00:00,10109.190177798382,8917.045867879668,7562.139175115179
forecast_6194,2025-09-16 02:00:00,11504.487291912628,10569.322931484538,8925.444509015291
forecast_6195,2025-09-16 03:00:00,12331.209166732022,11442.80240337423,9057.89892097305
forecast_6196,2025-09-16 04:00:00,12608.226603270172,13596.743635446554,9491.348496757171
forecast_6197,2025-09-16 05:00:00,13218.580594863995,14150.676739387403,9752.480271864628
forecast_6198,2025-09-16 06:00:00,13509.815679529966,14499.78746440625,9790.451664150762
forecast_6199,2025-09-16 07:00:00,13396.663572673782,13849.174886430535,9318.250841903377
forecast_6200,2025-09-16 08:00:00,12453.751014972058,12857.228475283233,7555.533406276923
forecast_6201,2025-09-16 09:00:00,10175.80596056782,10479.360932968417,6510.301614729879
forecast_6202,2025-09-16 10:00:00,8687.752292885007,8253.34723185146,7025.19644487547
forecast_6203,2025-09-16 11:00:00,7585.6351262201615,8108.807940826269,6393.853660635782
forecast_6204,2025-09-16 12:00:00,7286.685673343106,8188.964231415359,6680.155469522325
forecast_6205,2025-09-16 13:00:00,7709.054811201726,8839.030410767271,6937.6595958551625
forecast_6206,2025-09-16 14:00:00,7742.543840513019,9374.882453483255,7116.4927138455105
forecast_6207,2025-09-16 15:00:00,7969.21267170222,10084.365639908177,7370.64923362383
forecast_6208,2025-09-16 16:00:00,8062.03968235799,9252.320923017844,7454.044586064096
forecast_6209,2025-09-16 17:00:00,8063.345320569701,9561.798462098,7798.252975676982
forecast_6210,2025-09-16 18:00:00,8057.161901064933,10382.127125202596,7639.06845983725
forecast_6211,2025-09-16 19:00:00,8852.586725922152,10529.254963998968,8671.815717810992
forecast_6212,2025-09-16 20:00:00,9258.722266460394,10431.55795179684,8578.544187332964
forecast_6213,2025-09-16 21:00:00,10074.868903652083,11074.97043132193,9370.62588039947
forecast_6214,2025-09-16 22:00:00,11718.808188672041,13153.751380818583,11602.497269669204
forecast_6215,2025-09-16 23:00:00,13014.275410200182,14257.661108217853,12430.139294209235
forecast_6216,2025-09-17 00:00:00,14923.926966807405,15690.85295478842,14517.903342533975
forecast_6217,2025-09-17 01:00:00,15137.21409310889,17411.99993263214,14662.584953052688
forecast_6218,2025-09-17 02:00:00,15386.056790877068,17799.87618634144,15608.522573168666
forecast_6219,2025-09-17 03:00:00,15541.241029865425,17985.553807358992,17341.125338692163
forecast_6220,2025-09-17 04:00:00,16681.09755112156,18161.61972684219,18097.847690142786
forecast_6221,2025-09-17 05:00:00,16225.08177340241,18058.770028499188,17278.41004113748
forecast_6222,2025-09-17 06:00:00,14611.780050537905,17118.967710606274,16105.36228661356
forecast_6223,2025-09-17 07:00:00,13393.633096198753,14822.378894776091,12737.27852728563
forecast_6224,2025-09-17 08:00:00,11596.514529941023,12587.5702324229,11061.482253251905
forecast_6225,2025-09-17 09:00:00,9268.931162491923,11595.824410606565,8623.718973821804
forecast_6226,2025-09-17 10:00:00,5809.474738766883,8090.379847967173,5045.56551337742
forecast_6227,2025-09-17 11:00:00,5085.522255151191,6490.050550738823,2858.574351048624
forecast_6228,2025-09-17 12:00:00,2705.7571084687925,4216.966149000131,1786.4047143501411
forecast_6229,2025-09-17 13:00:00,2977.3682661897838,4324.8593191570735,2148.438101712446
forecast_6230,2025-09-17 14:00:00,4572.342537914385,6433.732963725782,3607.910017183587
forecast_6231,2025-09-17 15:00:00,5162.694355473972,5901.873668413302,3672.777804779923
forecast_6232,2025-09-17 16:00:00,4860.848477817473,5180.7618534501835,2632.7705746945826
forecast_6233,2025-09-17 17:00:00,3403.46400843216,3713.890570596758,1121.92250326521
forecast_6234,2025-09-17 18:00:00,2867.155785884752,2384.3059851764583,1013.9030637293074
forecast_6235,2025-09-17 19:00:00,1971.5544217056597,1783.235288045232,693.4617320369034
forecast_6236,2025-09-17 20:00:00,1417.5449493029716,1337.3894548438907,771.8856994120434
forecast_6237,2025-09-17 21:00:00,1228.9913186160447,1365.991186836905,907.9540964606356
forecast_6238,2025-09-17 22:00:00,1197.248755167357,1166.4544722631579,872.5407937858963
forecast_6239,2025-09-17 23:00:00,864.5516295275477,878.4474137354234,746.7934556343636
forecast_6240,2025-09-18 00:00:00,713.6262924842373,691.352858621675,669.4866357631728
forecast_6241,2025-09-18 01:00:00,743.938083998162,692.1691721533793,656.9901520639115
forecast_6242,2025-09-18 02:00:00,916.1466424542551,701.0446080363813,669.6308988824903
forecast_6243,2025-09-18 03:00:00,1695.9321529252677,858.9534142782493,824.7314315691901
forecast_6244,2025-09-18 04:00:00,2289.091868797946,1502.6326191271824,1309.7543628163753
forecast_6245,2025-09-18 05:00:00,2666.0587468897875,2567.730765955234,1564.3250322546169
forecast_6246,2025-09-18 06:00:00,3162.3012082004852,4000.0528138368845,2573.0725126441484
forecast_6247,2025-09-18 07:00:00,3668.6611410734663,4193.741791247148,3694.956933971267
forecast_6248,2025-09-18 08:00:00,4338.696657465505,4508.453924556167,4149.620988706376
forecast_6249,2025-09-18 09:00:00,4850.507588573542,4975.020288425727,4184.000819225252
forecast_6250,2025-09-18 10:00:00,4318.593320980258,4895.19539426184,4071.3397019113836
forecast_6251,2025-09-18 11:00:00,4158.555593455505,5213.073713138672,4046.8744246080996
forecast_6252,2025-09-18 12:00:00,3579.970150216688,5271.324296937313,3504.381833237757
forecast_6253,2025-09-18 13:00:00,3440.171348324568,4637.446793499996,2725.8277177538666
forecast_6254,2025-09-18 14:00:00,3272.892715568075,3718.144886842922,2170.598550883018
forecast_6255,2025-09-18 15:00:00,2742.1136216206587,3471.067785619833,2148.560961402724
forecast_6256,2025-09-18 16:00:00,1808.3136314766289,2970.626532783328,2097.4039557908272
forecast_6257,2025-09-18 17:00:00,1445.1029306189594,2246.6943136930768,2097.3007703708818
forecast_6258,2025-09-18 18:00:00,1623.5754343096992,2978.6601098841197,2002.130668746746
forecast_6259,2025-09-18 19:00:00,2154.8372335165195,3371.7360634137503,2364.272153829562
forecast_6260,2025-09-18 20:00:00,2888.0073993475935,4182.933598839182,2318.1342566802814
forecast_6261,2025-09-18 21:00:00,3123.5141831277874,4217.4520408755325,2298.3206159106935
forecast_6262,2025-09-18 22:00:00,2734.896199116507,3026.2014624879516,1531.5898343531926
forecast_6263,2025-09-18 23:00:00,2597.1641316276437,2855.2570007198983,1913.980019860402
forecast_6264,2025-09-19 00:00:00,2902.646617012979,3702.1870219413277,1437.8616167972784
forecast_6265,2025-09-19 01:00:00,3142.7869029894055,4112.413951839441,1381.02533849159
forecast_6266,2025-09-19 02:00:00,3183.349035152376,4023.0049022824587,1231.9291304200885
forecast_6267,2025-09-19 03:00:00,3138.1281108907524,3925.3413426405705,1136.9328432367245
forecast_6268,2025-09-19 04:00:00,3284.1377057384143,4035.4976500951534,989.75544175293
forecast_6269,2025-09-19 05:00:00,2823.24648291788,3438.3970388090565,893.5973019830303
forecast_6270,2025-09-19 06:00:00,2735.5781340919243,2713.995056683172,764.6293125419731
forecast_6271,2025-09-19 07:00:00,2495.224760257046,2263.347251037554,666.8822764013141
forecast_6272,2025-09-19 08:00:00,2109.2507377187826,1852.6718604176526,619.3318805183803
forecast_6273,2025-09-19 09:00:00,1510.3616190415134,1569.6815697581242,594.927160486585
forecast_6274,2025-09-19 10:00:00,805.0270985289642,960.0780973953406,537.0428769279076
forecast_6275,2025-09-19 11:00:00,429.73270062785616,577.4567921561433,535.4808529334618
forecast_6276,2025-09-19 12:00:00,334.6579242980463,489.6222534344823,535.4808529334618
forecast_6277,2025-09-19 13:00:00,320.75285039356584,468.39536909822107,535.4808529334618
forecast_6278,2025-09-19 14:00:00,325.49175138728424,395.4871258792269,535.4808529334618
forecast_6279,2025-09-19 15:00:00,346.16259495906434,394.245383725121,535.4808529334618
forecast_6280,2025-09-19 16:00:00,560.6305383250407,427.7067618490487,536.0368301902654
forecast_6281,2025-09-19 17:00:00,828.4884144949057,493.01910175738226,536.7713434494326
forecast_6282,2025-09-19 18:00:00,1583.3899944202647,1140.7973588449208,557.8468555468298
forecast_6283,2025-09-19 19:00:00,2461.230841040178,1810.3384534762918,687.0034075355412
forecast_6284,2025-09-19 20:00:00,2809.6214738776926,2642.8887661320023,876.7253543441428
forecast_6285,2025-09-19 21:00:00,3875.317852618467,3657.744477950338,1008.6996379176082
forecast_6286,2025-09-19 22:00:00,4900.705371531711,4481.644486896537,1368.4381004049374
forecast_6287,2025-09-19 23:00:00,6439.308734017836,5981.845935527628,2078.525154212198
forecast_6288,2025-09-20 00:00:00,6824.815801085481,7350.438194147044,2324.9568644997307
forecast_6289,2025-09-20 01:00:00,6567.410834233258,7323.748241475286,2214.3300707802287
forecast_6290,2025-09-20 02:00:00,6386.805092021096,7241.718232290526,2426.074114335194
forecast_6291,2025-09-20 03:00:00,7875.604370984636,8074.311095567973,3888.5634743787123
forecast_6292,2025-09-20 04:00:00,7131.089078055566,7909.446764922419,4560.497026573747
forecast_6293,2025-09-20 05:00:00,7332.965875048148,8164.554699373501,5202.446921419671
forecast_6294,2025-09-20 06:00:00,7086.059067654322,6769.14766431126,6124.166408598497
forecast_6295,2025-09-20 07:00:00,6127.6203629897755,4785.606345723333,4993.211270434322
forecast_6296,2025-09-20 08:00:00,4907.195578879681,4251.372953821008,2710.7079221106987
forecast_6297,2025-09-20 09:00:00,4347.3549858477145,3973.165913349987,2208.203217927897
forecast_6298,2025-09-20 10:00:00,2663.4385699060276,2253.2742503814184,1166.5669499278679
forecast_6299,2025-09-20 11:00:00,1973.3010795287155,1521.982334607946,1074.4347213834853
forecast_6300,2025-09-20 12:00:00,1710.9461773653175,1522.5902625741903,1126.9681436311566
forecast_6301,2025-09-20 13:00:00,1986.6149525546805,1453.7204545648904,1646.7863129065186
forecast_6302,2025-09-20 14:00:00,2192.779771359087,2010.9182227319288,1692.4677580121058
forecast_6303,2025-09-20 15:00:00,1951.5240956328253,1470.510218740481,1108.9836803005282
forecast_6304,2025-09-20 16:00:00,1465.3221304459487,1368.4122827079354,1073.892755510565
forecast_6305,2025-09-20 17:00:00,1146.7437966222167,1237.9375704657255,903.9276860008315
forecast_6306,2025-09-20 18:00:00,1019.5002745395019,859.8386408870977,825.4169151021554
forecast_6307,2025-09-20 19:00:00,966.1074117508592,860.3413983516773,889.0306888440124
forecast_6308,2025-09-20 20:00:00,1711.5466123400279,1366.5583110460714,1091.9011215888659
forecast_6309,2025-09-20 21:00:00,2496.469910028495,2154.940347918866,1318.2544316909568
forecast_6310,2025-09-20 22:00:00,3095.8011766666186,3290.836240785864,2247.618037193037
forecast_6311,2025-09-20 23:00:00,3647.1470996914777,3945.761470684384,2491.069865993879
forecast_6312,2025-09-21 00:00:00,3835.7181866392684,4136.606188758273,2976.218042421642
forecast_6313,2025-09-21 01:00:00,4048.0833496200858,4731.076109827978,3777.3203638962364
forecast_6314,2025-09-21 02:00:00,3988.796343762932,5163.345115498649,4130.0463701318295
forecast_6315,2025-09-21 03:00:00,4259.7903129931365,5234.189024484223,3904.3150474457825
forecast_6316,2025-09-21 04:00:00,4498.6496571019425,5102.569463875952,3761.9310207374747
forecast_6317,2025-09-21 05:00:00,4683.158651543525,5380.734474681748,3797.2881838456474
forecast_6318,2025-09-21 06:00:00,4839.470347058943,6293.78428081932,3815.4237133613547
forecast_6319,2025-09-21 07:00:00,5005.356530245119,6312.401180344908,3679.1220606084107
forecast_6320,2025-09-21 08:00:00,3940.047979359122,5355.948879346899,3599.68752636885
forecast_6321,2025-09-21 09:00:00,3692.5129156051125,4053.7400288980452,3043.04360507295
forecast_6322,2025-09-21 10:00:00,2338.90440922638,3263.550695553292,2362.413407952008
forecast_6323,2025-09-21 11:00:00,1664.7568767222135,2201.796880309552,1906.8570275730676
forecast_6324,2025-09-21 12:00:00,1019.7438608165226,1794.4291727058653,1643.94281027317
forecast_6325,2025-09-21 13:00:00,783.1897328440386,1748.5728746490709,1758.1066125700568
forecast_6326,2025-09-21 14:00:00,792.4671266026173,1973.5280049828866,1535.3848561198324
forecast_6327,2025-09-21 15:00:00,1194.3159644356112,2208.9469449072362,1980.474434834614
forecast_6328,2025-09-21 16:00:00,1413.0607522809325,2840.025812121611,2032.1643698459097
forecast_6329,2025-09-21 17:00:00,2217.769310267221,2886.09821744629,1810.3394261468434
forecast_6330,2025-09-21 18:00:00,2357.6497729028597,3734.033883597728,2481.7660334016377
forecast_6331,2025-09-21 19:00:00,3266.9238962168274,4244.411828741914,2330.0960650537304
forecast_6332,2025-09-21 20:00:00,4124.991583562185,5400.936426673368,2463.4305295184895
forecast_6333,2025-09-21 21:00:00,4848.949561834085,6834.848825627196,2599.8719891684955
forecast_6334,2025-09-21 22:00:00,5024.475112351537,7018.837936935837,2575.9560486441706
forecast_6335,2025-09-21 23:00:00,5150.676061167679,7295.853036836573,2484.3725237900276
forecast_6336,2025-09-22 00:00:00,5235.417373395406,7236.6760279841255,2071.9763618890415
forecast_6337,2025-09-22 01:00:00,5063.487745943713,6981.156647882621,2007.3232314154739
forecast_6338,2025-09-22 02:00:00,5332.6269837966465,6494.457826495904,1921.321003857244
forecast_6339,2025-09-22 03:00:00,5043.039124473303,6544.762515283703,1896.5710211671076
forecast_6340,2025-09-22 04:00:00,4984.8069640205085,6679.6854133307725,1895.4790967748654
forecast_6341,2025-09-22 05:00:00,5051.910879766441,7176.518457977472,2304.027890052071
forecast_6342,2025-09-22 06:00:00,5916.120931760297,7382.388192421124,2545.676521209927
forecast_6343,2025-09-22 07:00:00,5883.095864140728,7345.6592671621665,2926.860682810511
forecast_6344,2025-09-22 08:00:00,5544.0174749313655,7380.368450370943,3510.7906775154456
forecast_6345,2025-09-22 09:00:00,5361.5089466887075,7219.972420136643,3771.4626708962933
forecast_6346,2025-09-22 10:00:00,5133.812891749543,6650.541797941871,3338.144386782575
forecast_6347,2025-09-22 11:00:00,3879.329772502999,5814.5411604293495,2874.711128110246
forecast_6348,2025-09-22 12:00:00,3812.3571996088313,5029.97738611542,2646.8185202897002
forecast_6349,2025-09-22 13:00:00,3660.338014025179,5128.551668807562,2677.5394697241472
forecast_6350,2025-09-22 14:00:00,3328.9300723211427,4950.232614293291,2249.5782410805
forecast_6351,2025-09-22 15:00:00,3187.9590948294554,4114.7709123902105,2057.4284071009706
forecast_6352,2025-09-22 16:00:00,3290.6175460768177,3964.648948689899,2019.3607296441833
forecast_6353,2025-09-22 17:00:00,3338.6378228390286,3858.5065759128865,2020.0267171128585
forecast_6354,2025-09-22 18:00:00,3548.2801731818126,4057.48188749825,1971.836597973435
forecast_6355,2025-09-22 19:00:00,3842.5843982276106,4385.6591747307775,1423.6143512293136
forecast_6356,2025-09-22 20:00:00,3923.7574540348005,5051.36398687744,1488.5440970637358
forecast_6357,2025-09-22 21:00:00,3779.8352790593362,5253.188993678339,1154.5729837496142
forecast_6358,2025-09-22 22:00:00,3708.025283856021,4634.949602868565,1178.7412265079652
forecast_6359,2025-09-22 23:00:00,3521.411102456227,4269.621049014317,1020.2712300786231
forecast_6360,2025-09-23 00:00:00,3026.7018476791563,3693.665371186926,928.6113702491417
forecast_6361,2025-09-23 01:00:00,2751.1474123652874,2436.5996266626407,649.1768470872235
forecast_6362,2025-09-23 02:00:00,2415.0494543567183,2139.6772181022047,606.0610926072835
forecast_6363,2025-09-23 03:00:00,2546.4938124949795,2310.1001253476097,641.0105039915858
forecast_6364,2025-09-23 04:00:00,2765.704781684659,2605.6186621685647,687.2473121323341
forecast_6365,2025-09-23 05:00:00,3228.0525083064804,3748.7362583418644,972.6718500951923
forecast_6366,2025-09-23 06:00:00,3530.5364109196166,4255.754580689361,1076.0704796348195
forecast_6367,2025-09-23 07:00:00,3723.2090406275734,4308.118434343778,1097.9973739635384
forecast_6368,2025-09-23 08:00:00,3476.5230714330432,4263.899662428833,1165.511776879911
forecast_6369,2025-09-23 09:00:00,2862.1161093186206,3776.597407366382,1189.9864926312425
forecast_6370,2025-09-23 10:00:00,1980.2867503252244,3182.119273170521,1099.7171836876587
forecast_6371,2025-09-23 11:00:00,1461.479826319182,2348.191504006283,1178.0027111783493
forecast_6372,2025-09-23 12:00:00,1305.2914270818,2121.692372948141,1174.3156649524296
forecast_6373,2025-09-23 13:00:00,1372.172509065552,1996.8751455357099,1174.3156649524296
forecast_6374,2025-09-23 14:00:00,1340.2348421710835,2322.170540952505,1151.5521060200563
forecast_6375,2025-09-23 15:00:00,1639.2951325108033,2348.947307709613,1055.2955807954772
forecast_6376,2025-09-23 16:00:00,1691.3414548488354,2468.9273413277183,992.1852000690733
forecast_6377,2025-09-23 17:00:00,1937.5818485566447,2839.3005648859944,923.7658920918235
forecast_6378,2025-09-23 18:00:00,2251.233440710794,3397.0190267137896,888.5768767247387
forecast_6379,2025-09-23 19:00:00,2885.472402893105,3731.8657297789086,831.0270130161232
forecast_6380,2025-09-23 20:00:00,3568.8667463495194,3985.470646212708,728.846000989072
forecast_6381,2025-09-23 21:00:00,3769.2472981359724,3560.8349770521963,776.0893054923972
forecast_6382,2025-09-23 22:00:00,3898.53862302638,3419.956521228026,712.6237990466839
forecast_6383,2025-09-23 23:00:00,3700.0224469033074,3366.9043309944145,672.7337578277586
forecast_6384,2025-09-24 00:00:00,4223.959605156907,3397.173444824065,693.5377364466808
forecast_6385,2025-09-24 01:00:00,4012.5489031361376,3602.2347186207408,828.5922217093845
forecast_6386,2025-09-24 02:00:00,4008.3076474567106,3919.1935026701135,1073.2218050988502
forecast_6387,2025-09-24 03:00:00,4710.403436940893,4511.778777259332,1825.168164939587
forecast_6388,2025-09-24 04:00:00,5218.21891272703,5481.314020717055,2300.3445695434107
forecast_6389,2025-09-24 05:00:00,6299.075287668967,7066.776335169238,3128.28183237332
forecast_6390,2025-09-24 06:00:00,6381.193021265997,7987.314137606661,3572.6783878578735
forecast_6391,2025-09-24 07:00:00,5755.096660556741,6981.091449839871,4107.149474005522
forecast_6392,2025-09-24 08:00:00,5943.310197695364,7377.330586385622,4489.259581010426
forecast_6393,2025-09-24 09:00:00,6408.958946629573,8089.423310237363,4766.078828432556
forecast_6394,2025-09-24 10:00:00,5534.497454345585,7755.377909939809,5079.1434546927485
forecast_6395,2025-09-24 11:00:00,6600.792414724615,8113.242622416679,6095.97357035295
forecast_6396,2025-09-24 12:00:00,8095.824185531561,9925.376226818042,7857.694605891018
forecast_6397,2025-09-24 13:00:00,8291.066816155106,12088.43143687549,9356.425694136655
forecast_6398,2025-09-24 14:00:00,9655.665413239221,13668.892408304957,11000.58042482824
forecast_6399,2025-09-24 15:00:00,10251.357542164506,13324.68511771834,9925.751867854313
forecast_6400,2025-09-24 16:00:00,10107.295743590274,12157.077819762742,9038.502135491588
forecast_6401,2025-09-24 17:00:00,10518.941210218258,11733.73899087139,8738.078387996899
forecast_6402,2025-09-24 18:00:00,10610.218497333957,12232.967305850485,8582.059369045162
forecast_6403,2025-09-24 19:00:00,11460.484376181366,12763.527847444155,10839.892774833057
forecast_6404,2025-09-24 20:00:00,12205.542180974555,13346.454968785536,13037.118084224054
forecast_6405,2025-09-24 21:00:00,13790.50866653701,16157.998136743341,13759.618001110488
forecast_6406,2025-09-24 22:00:00,14965.10085635763,17506.20526232267,14787.056875596132
forecast_6407,2025-09-24 23:00:00,15724.547227602752,17331.652373619843,15216.943595032597
forecast_6408,2025-09-25 00:00:00,15361.0284228409,17188.37082320237,14934.955368168401
forecast_6409,2025-09-25 01:00:00,16870.62973883091,17911.84016454267,16914.692956544965
forecast_6410,2025-09-25 02:00:00,17101.78672514791,17956.32852199514,17379.915619062842
forecast_6411,2025-09-25 03:00:00,16271.255114630065,17847.508205942577,17401.228933561848
forecast_6412,2025-09-25 04:00:00,15549.612395400043,17274.897262647002,17022.172476821746
forecast_6413,2025-09-25 05:00:00,15044.808021922658,16680.069648983383,14736.534886832556
forecast_6414,2025-09-25 06:00:00,15260.027542016665,16665.883761487723,14927.696878934468
forecast_6415,2025-09-25 07:00:00,15003.298579890368,16348.112813640608,14392.515463421401
forecast_6416,2025-09-25 08:00:00,15346.932859632008,16622.62389530216,14819.471716987111
forecast_6417,2025-09-25 09:00:00,15508.140480121474,16078.459199951041,14792.207711623007
forecast_6418,2025-09-25 10:00:00,13619.702902060078,15493.917301446329,13801.637300790848
forecast_6419,2025-09-25 11:00:00,13134.361702361623,15042.136436609846,13432.533014355697
forecast_6420,2025-09-25 12:00:00,13147.533615711258,15771.909704332087,13362.95468038003
forecast_6421,2025-09-25 13:00:00,13580.96335298226,16028.840080274618,13774.399351415306
forecast_6422,2025-09-25 14:00:00,13409.807916733731,15286.624894728338,13893.11835042485
forecast_6423,2025-09-25 15:00:00,13634.554420434242,15104.033661556568,14882.488337295907
forecast_6424,2025-09-25 16:00:00,13480.760132613232,15222.451764795867,14980.384323452601
forecast_6425,2025-09-25 17:00:00,13880.721282212671,15766.301331329998,14642.636844564335
forecast_6426,2025-09-25 18:00:00,14736.742702329739,16793.993919806144,14994.856966794989
forecast_6427,2025-09-25 19:00:00,15522.381333923004,16980.970030937715,15357.62890028284
forecast_6428,2025-09-25 20:00:00,16377.346530256273,16738.95062334512,15822.861914584628
forecast_6429,2025-09-25 21:00:00,17662.83565369947,16830.387799573557,14923.549446832632
forecast_6430,2025-09-25 22:00:00,18084.311120416536,17624.596355610378,14821.743028777804
forecast_6431,2025-09-25 23:00:00,18087.31161585082,17794.339813117676,14040.796310417369
forecast_6432,2025-09-26 00:00:00,17444.59723650757,16591.53405904772,12908.636925412604
forecast_6433,2025-09-26 01:00:00,15425.408563095592,14808.820644708903,10835.058995171465
forecast_6434,2025-09-26 02:00:00,13545.305249672812,12352.788700704576,9058.796752976772
forecast_6435,2025-09-26 03:00:00,11086.140936235384,10640.437234580259,8232.901198897865
forecast_6436,2025-09-26 04:00:00,9759.488092273734,9038.437727861183,5858.579140660171
forecast_6437,2025-09-26 05:00:00,7177.986698672507,6850.201721191814,3270.530498624758
forecast_6438,2025-09-26 06:00:00,3643.3262924338796,3432.9910513016125,1268.629500818932
forecast_6439,2025-09-26 07:00:00,1877.951685404615,1680.9335086391388,697.6741456232035
forecast_6440,2025-09-26 08:00:00,587.3262977566143,941.6103217670282,554.6303062428956
forecast_6441,2025-09-26 09:00:00,320.55283007745817,595.3211211507189,535.0469569221093
forecast_6442,2025-09-26 10:00:00,217.7652641261309,256.24544370127046,535.0469569221093
forecast_6443,2025-09-26 11:00:00,221.82013894173605,252.88432759695667,535.0469569221093
forecast_6444,2025-09-26 12:00:00,218.2706782925152,244.64464125548932,535.0469569221093
forecast_6445,2025-09-26 13:00:00,220.98317444330243,245.19698842792926,535.0469569221093
forecast_6446,2025-09-26 14:00:00,221.34605289566764,244.96720450803326,535.0469569221093
forecast_6447,2025-09-26 15:00:00,220.04082486694287,246.0594328426964,535.0469569221093
forecast_6448,2025-09-26 16:00:00,220.38791929465052,244.02263106249762,535.0469569221093
forecast_6449,2025-09-26 17:00:00,240.19587712297334,267.46714431879514,535.0469569221093
forecast_6450,2025-09-26 18:00:00,221.4681805548823,243.47632930652202,535.0469569221093
forecast_6451,2025-09-26 19:00:00,234.2863863021877,248.1798656283,535.0469569221093
forecast_6452,2025-09-26 20:00:00,266.2612254446109,253.34860416970568,535.0469569221093
forecast_6453,2025-09-26 21:00:00,289.3098418418347,271.52155929540083,535.0469569221093
forecast_6454,2025-09-26 22:00:00,334.09789175335504,351.0519383611609,535.0469569221093
forecast_6455,2025-09-26 23:00:00,382.6053213400143,383.32222155461284,535.0469569221093
forecast_6456,2025-09-27 00:00:00,459.9679581632068,395.64227343155073,535.0469569221093
forecast_6457,2025-09-27 01:00:00,794.9047629530294,568.6534249870848,535.0469569221093
forecast_6458,2025-09-27 02:00:00,988.6241375574456,668.4698042307261,535.0469569221093
forecast_6459,2025-09-27 03:00:00,1122.775316482011,768.3948928441849,535.0469569221093
forecast_6460,2025-09-27 04:00:00,1401.5504979431587,1188.552072014088,535.6029341789128
forecast_6461,2025-09-27 05:00:00,1843.0813307659191,1463.602262752177,538.7067432563306
forecast_6462,2025-09-27 06:00:00,2019.7980050224369,1638.6761507598683,547.3624018016
forecast_6463,2025-09-27 07:00:00,1873.273477776923,1581.2749004580655,539.7165652348663
forecast_6464,2025-09-27 08:00:00,1561.2416205460204,1262.3046751936895,538.0061981504128
forecast_6465,2025-09-27 09:00:00,837.4755809415915,657.9879475267269,536.26186291271
forecast_6466,2025-09-27 10:00:00,332.30307819041116,383.054849280074,536.26186291271
forecast_6467,2025-09-27 11:00:00,289.7915338967519,255.7769796300421,535.0469569221093
forecast_6468,2025-09-27 12:00:00,230.66505171238654,248.7596510830914,536.26186291271
forecast_6469,2025-09-27 13:00:00,227.56027419839023,248.45635157767822,536.26186291271
forecast_6470,2025-09-27 14:00:00,224.33827648827258,248.22433679483464,536.26186291271
forecast_6471,2025-09-27 15:00:00,223.77425530276733,249.4589222658443,536.26186291271
forecast_6472,2025-09-27 16:00:00,233.71656893477365,254.58053728691522,536.26186291271
forecast_6473,2025-09-27 17:00:00,321.26709947266477,413.6683052093492,537.9722299971634
forecast_6474,2025-09-27 18:00:00,447.0443369194768,545.45754856179,589.0713232936534
forecast_6475,2025-09-27 19:00:00,797.208952333872,878.8658126131511,718.1304707198332
forecast_6476,2025-09-27 20:00:00,1176.0261203727207,1258.6344995405632,792.2858330644212
forecast_6477,2025-09-27 21:00:00,1681.9077345667029,1933.3914303049373,1170.0434929766986
forecast_6478,2025-09-27 22:00:00,3242.592466109472,3664.302973937816,2226.668270277594
forecast_6479,2025-09-27 23:00:00,4585.949249799638,4646.815582845715,3094.815109279043
forecast_6480,2025-09-28 00:00:00,5336.819465850314,5382.7229201223545,3699.58575870165
forecast_6481,2025-09-28 01:00:00,6204.2229830512415,7165.477170649834,4835.052719228759
forecast_6482,2025-09-28 02:00:00,8053.111575037824,8655.12531193144,5568.416940834388
forecast_6483,2025-09-28 03:00:00,8778.982833828153,9556.629820121734,5823.954408610806
forecast_6484,2025-09-28 04:00:00,8854.425040563741,9549.529171075998,5755.559095204831
forecast_6485,2025-09-28 05:00:00,8223.043384286202,9412.066221828396,5596.279691737876
forecast_6486,2025-09-28 06:00:00,7217.983775321936,7823.040838571213,4626.8346494815105
forecast_6487,2025-09-28 07:00:00,5682.955725190288,6500.313491221171,3680.235755713372
forecast_6488,2025-09-28 08:00:00,4779.146451639788,5511.767547504171,3183.82313143392
forecast_6489,2025-09-28 09:00:00,3804.4374020905525,4750.488433711544,2303.972980780415
forecast_6490,2025-09-28 10:00:00,3879.904169972563,4640.513781721733,3628.089647126697
forecast_6491,2025-09-28 11:00:00,4873.181475895928,6295.361807560898,4284.001292740253
forecast_6492,2025-09-28 12:00:00,4047.23182120107,5130.69223368389,3429.9920900198886
forecast_6493,2025-09-28 13:00:00,3200.446142080642,3509.0746086174413,1807.6832756056626
forecast_6494,2025-09-28 14:00:00,3445.543239996195,4171.56707050632,1356.23739408539
forecast_6495,2025-09-28 15:00:00,5028.017316740834,6079.770593407634,1414.7196495149806
forecast_6496,2025-09-28 16:00:00,5441.519535734933,7052.204612922805,2014.2170339021832
forecast_6497,2025-09-28 17:00:00,5179.933179342554,5884.139352881291,2577.6104523031127
forecast_6498,2025-09-28 18:00:00,5083.57143657437,5440.976431570909,2594.1849372375054
forecast_6499,2025-09-28 19:00:00,5939.970697382296,6047.636927852618,3292.52776973239
forecast_6500,2025-09-28 20:00:00,6253.0512047246775,6897.886829775791,4191.246555853007
forecast_6501,2025-09-28 21:00:00,5604.817308426895,6470.967811630141,3465.5163479498187
forecast_6502,2025-09-28 22:00:00,4305.618249763334,5131.440530909596,2680.8593390703445
forecast_6503,2025-09-28 23:00:00,3928.232827459743,3821.604875537711,2065.763902920689
forecast_6504,2025-09-29 00:00:00,3766.952300102066,3614.631034474587,1888.789927361236
forecast_6505,2025-09-29 01:00:00,3736.6452959583066,3806.443460748297,2071.24841234174
forecast_6506,2025-09-29 02:00:00,3422.833046913086,3458.631904814676,1703.910697807624
forecast_6507,2025-09-29 03:00:00,2763.6510905616174,2207.8692981371455,1026.5028960364752
forecast_6508,2025-09-29 04:00:00,2194.9117311799655,1565.4991192413854,955.4985224601957
forecast_6509,2025-09-29 05:00:00,1740.8929539370947,1234.804638809132,687.7274086993784
forecast_6510,2025-09-29 06:00:00,924.1707621839885,596.6474807876499,537.5523534286807
forecast_6511,2025-09-29 07:00:00,460.9358988648394,344.701237743437,536.3493335866333
forecast_6512,2025-09-29 08:00:00,254.04705005802313,262.61902800062,535.0469569221093
forecast_6513,2025-09-29 09:00:00,235.81509040585905,257.2454188336793,535.0469569221093
forecast_6514,2025-09-29 10:00:00,233.9198013459133,254.0684687185568,535.0469569221093
forecast_6515,2025-09-29 11:00:00,223.2107356464163,251.08884146881803,535.0469569221093
forecast_6516,2025-09-29 12:00:00,232.2071975562874,251.08884146881803,535.0469569221093
forecast_6517,2025-09-29 13:00:00,229.71305817740694,252.73614626740945,535.0469569221093
forecast_6518,2025-09-29 14:00:00,229.87341633802043,255.8895035938759,536.26186291271
forecast_6519,2025-09-29 15:00:00,229.860221280238,255.153884988124,536.26186291271
forecast_6520,2025-09-29 16:00:00,243.03027973902556,268.12153960634356,535.0469569221093
forecast_6521,2025-09-29 17:00:00,263.0750011484769,262.0341997318423,535.0469569221093
forecast_6522,2025-09-29 18:00:00,250.3264262478426,259.96317607369775,535.0469569221093
forecast_6523,2025-09-29 19:00:00,291.03696743887144,256.35259704883725,535.0469569221093
forecast_6524,2025-09-29 20:00:00,268.62795875907676,279.6436444818356,535.0469569221093
forecast_6525,2025-09-29 21:00:00,355.19686614073476,335.9934441462419,535.0469569221093
forecast_6526,2025-09-29 22:00:00,857.8201506857567,1019.5168893023907,565.6889992192205
forecast_6527,2025-09-29 23:00:00,1332.305081702597,1399.0556554695145,779.7525213089622
forecast_6528,2025-09-30 00:00:00,1827.1394819904679,1370.4976415418244,793.9662643771883
forecast_6529,2025-09-30 01:00:00,2184.2950633131227,1738.0737617590662,1140.7676430361882
forecast_6530,2025-09-30 02:00:00,2444.524353239953,1899.3682380793011,1267.748430174555
forecast_6531,2025-09-30 03:00:00,2675.76251287628,1977.3856850105437,1173.3818430681295
forecast_6532,2025-09-30 04:00:00,2685.7501943843854,1940.204577226958,1728.91447633198
forecast_6533,2025-09-30 05:00:00,2770.644244032368,1794.6950429378348,1134.1333178586588
forecast_6534,2025-09-30 06:00:00,1828.9335215913295,1247.5673475058327,1006.4833757703599
forecast_6535,2025-09-30 07:00:00,1082.5938922521577,1001.9039837226743,873.1603725109729
forecast_6536,2025-09-30 08:00:00,396.3676590874358,610.7585166937747,591.0304715639971
forecast_6537,2025-09-30 09:00:00,251.80103849947096,294.1640034169807,549.3407091420393
forecast_6538,2025-09-30 10:00:00,225.26227834755537,261.91453208308286,549.1318498890809
forecast_6539,2025-09-30 11:00:00,227.2365001215745,259.9306737605025,552.444518219457
forecast_6540,2025-09-30 12:00:00,344.70887739435324,310.7492525092348,630.4746738191087
forecast_6541,2025-09-30 13:00:00,302.86102470432854,288.5894441627106,610.5385929611666
forecast_6542,2025-09-30 14:00:00,297.44016989436454,324.24761416501525,688.178811388653
forecast_6543,2025-09-30 15:00:00,609.399526587239,564.0864623660485,930.1025552547487
forecast_6544,2025-09-30 16:00:00,843.8979383421515,921.9569264026283,1029.0790473788438
forecast_6545,2025-09-30 17:00:00,1431.0243342194078,971.0315003581222,993.5017267544117
forecast_6546,2025-09-30 18:00:00,2307.804403460038,1781.1038419368415,1418.1287344825785
forecast_6547,2025-09-30 19:00:00,4354.6664021267925,3141.9271279428453,2408.538363853817
forecast_6548,2025-09-30 20:00:00,5329.185006420736,4525.566665717148,2921.4437862415903
forecast_6549,2025-09-30 21:00:00,5709.520000301029,6447.270279774726,4644.042924675714
forecast_6550,2025-09-30 22:00:00,6727.717607273418,7812.318886435399,6051.494511315985
forecast_6551,2025-09-30 23:00:00,7057.744276119379,8534.7931255561,6664.347672605592
forecast_6552,2025-10-01 00:00:00,8753.137717307822,8791.839307693508,7222.470988144055
forecast_6553,2025-10-01 01:00:00,9781.762662023855,9368.260804635618,8096.1569540241235
forecast_6554,2025-10-01 02:00:00,10646.825989992458,10231.717068278711,8440.328709540852
forecast_6555,2025-10-01 03:00:00,11760.082792240375,10795.136154315767,8265.21500221692
forecast_6556,2025-10-01 04:00:00,11355.77289529464,10357.37000431228,8256.049166941006
forecast_6557,2025-10-01 05:00:00,10204.027147245943,9599.28995014619,7264.1886887460405
forecast_6558,2025-10-01 06:00:00,9924.20234109491,9393.487670688814,6234.9894531400505
forecast_6559,2025-10-01 07:00:00,8348.94086411322,8670.419946707549,5824.2935371927715
forecast_6560,2025-10-01 08:00:00,5532.660934001364,6563.2542878681425,3319.1542662944903
forecast_6561,2025-10-01 09:00:00,3500.484369417089,3798.7645810790755,2008.0102819838107
forecast_6562,2025-10-01 10:00:00,1214.915716300437,1839.0049839968494,1038.0758334933594
forecast_6563,2025-10-01 11:00:00,899.3743426737709,767.226265173807,877.6101918231934
forecast_6564,2025-10-01 12:00:00,889.4380908578362,734.7130086253644,821.4136979090318
forecast_6565,2025-10-01 13:00:00,1521.4263939344312,1095.8705784950102,893.699150156757
forecast_6566,2025-10-01 14:00:00,1738.3325971650854,1463.7209616572347,919.5043788074531
forecast_6567,2025-10-01 15:00:00,2060.8285659064954,1542.9451075582863,994.2219943671859
forecast_6568,2025-10-01 16:00:00,2288.3792828991973,1803.4361708687275,1094.438716589217
forecast_6569,2025-10-01 17:00:00,3649.8135097859376,2754.8051844684223,1442.2038835508606
forecast_6570,2025-10-01 18:00:00,5115.47385328492,4286.441134551731,2930.1644260197218
forecast_6571,2025-10-01 19:00:00,7319.760097239452,6056.287223293989,3886.836295137289
forecast_6572,2025-10-01 20:00:00,7734.330860670696,7812.669303023489,4865.830401851736
forecast_6573,2025-10-01 21:00:00,8025.641616543754,7601.243343940827,5540.235413583558
forecast_6574,2025-10-01 22:00:00,8203.533917602454,7060.646801899829,5750.7858232210365
forecast_6575,2025-10-01 23:00:00,7925.962822946471,5813.7757196739685,4901.493379820338
forecast_6576,2025-10-02 00:00:00,7273.779273271972,5806.835315456792,4717.487885812212
forecast_6577,2025-10-02 01:00:00,8030.975435099233,7899.734470688047,5794.228959542643
forecast_6578,2025-10-02 02:00:00,7952.024801595054,8429.545562578865,5455.4213336913235
forecast_6579,2025-10-02 03:00:00,7003.065922480314,7144.896505910637,4705.495588675076
forecast_6580,2025-10-02 04:00:00,4853.990582133783,5030.379512612462,3558.3984070716624
forecast_6581,2025-10-02 05:00:00,3807.9450904843634,3696.1315534071346,2038.1283634753427
forecast_6582,2025-10-02 06:00:00,2502.180601785628,2079.210942160863,1194.5696089854334
forecast_6583,2025-10-02 07:00:00,1136.1590683623951,811.3365178687897,639.049640488339
forecast_6584,2025-10-02 08:00:00,313.1655255500404,449.0348862485572,536.26186291271
forecast_6585,2025-10-02 09:00:00,243.10270335204532,250.00319476260623,535.0469569221093
forecast_6586,2025-10-02 10:00:00,218.3596718021014,247.53999626080622,535.0469569221093
forecast_6587,2025-10-02 11:00:00,218.0441522328734,246.0594328426964,535.0469569221093
forecast_6588,2025-10-02 12:00:00,218.23156594646667,246.0594328426964,535.0469569221093
forecast_6589,2025-10-02 13:00:00,229.19593749630718,246.0594328426964,535.0469569221093
forecast_6590,2025-10-02 14:00:00,229.19593749630718,246.03040135806418,535.0469569221093
forecast_6591,2025-10-02 15:00:00,218.0441522328734,244.85816400551735,535.0469569221093
forecast_6592,2025-10-02 16:00:00,218.70007267597308,243.2771358705585,535.0469569221093
forecast_6593,2025-10-02 17:00:00,216.52948812815956,248.21867214365534,535.0469569221093
forecast_6594,2025-10-02 18:00:00,221.4737784752195,249.86056210755305,535.0469569221093
forecast_6595,2025-10-02 19:00:00,226.5574392663889,249.2706560888308,535.0469569221093
forecast_6596,2025-10-02 20:00:00,221.4552993028857,251.57201704198752,535.0469569221093
forecast_6597,2025-10-02 21:00:00,229.64962534044594,267.31756667937424,535.0469569221093
forecast_6598,2025-10-02 22:00:00,287.6749627160606,290.89835092929553,535.0469569221093
forecast_6599,2025-10-02 23:00:00,545.5765616693704,369.53611592970225,535.0469569221093
forecast_6600,2025-10-03 00:00:00,1079.7328391428794,859.442925819733,536.26186291271
forecast_6601,2025-10-03 01:00:00,2053.947678678192,2265.7016613060496,709.0306881106899
forecast_6602,2025-10-03 02:00:00,2597.352201041871,3027.1205139040208,791.9493831979853
forecast_6603,2025-10-03 03:00:00,3184.9673705547402,3421.6466177777243,847.0191670869502
forecast_6604,2025-10-03 04:00:00,3139.350591269379,3560.068443430089,950.4475698162788
forecast_6605,2025-10-03 05:00:00,3700.1568782868026,3761.013396866765,1022.7808906235749
forecast_6606,2025-10-03 06:00:00,3911.723260861768,4039.7433296032073,1213.484562116005
forecast_6607,2025-10-03 07:00:00,4192.505187316002,5402.715381535923,1811.5547485687318
forecast_6608,2025-10-03 08:00:00,4229.781637802659,6089.094680337618,2445.298758072234
forecast_6609,2025-10-03 09:00:00,3965.662381629674,6301.1885988042995,2585.384078662917
forecast_6610,2025-10-03 10:00:00,3499.3181066787884,5293.718016735989,2388.651853048961
forecast_6611,2025-10-03 11:00:00,3062.2325328799443,4196.032701694371,2169.840109973689
forecast_6612,2025-10-03 12:00:00,2737.1976376494604,4088.457064099115,2183.041588527766
forecast_6613,2025-10-03 13:00:00,2807.952206528881,3988.620863328235,1976.748623073316
forecast_6614,2025-10-03 14:00:00,2983.6905097651916,3643.7005433425747,1705.6704792328946
forecast_6615,2025-10-03 15:00:00,3372.645676209854,4313.663245716653,1715.2290646841934
forecast_6616,2025-10-03 16:00:00,5394.441705997033,6348.202565869784,2728.4155095295823
forecast_6617,2025-10-03 17:00:00,5488.439542917703,6796.056565402691,2872.639350558066
forecast_6618,2025-10-03 18:00:00,5891.894327837825,6989.13565159459,2886.9243267858787
forecast_6619,2025-10-03 19:00:00,6075.552869770572,7100.719513926002,2913.407865876408
forecast_6620,2025-10-03 20:00:00,6390.026970926931,6974.6995173779505,2922.120117226288
forecast_6621,2025-10-03 21:00:00,6570.89988262832,7356.101972241878,3021.5877785431394
forecast_6622,2025-10-03 22:00:00,6474.512798071911,6730.1565703649685,2349.843047566224
forecast_6623,2025-10-03 23:00:00,5671.113973609773,5934.877930671922,1729.0136859360855
forecast_6624,2025-10-04 00:00:00,4704.088341198115,4594.171936463548,1029.972556261437
forecast_6625,2025-10-04 01:00:00,4055.1481495911758,4248.668795728717,1085.281345729987
forecast_6626,2025-10-04 02:00:00,4045.0069420937325,3906.897427606143,1080.0058388816435
forecast_6627,2025-10-04 03:00:00,3909.4741077197395,3536.9574917239506,922.8977449702822
forecast_6628,2025-10-04 04:00:00,3710.5106950332884,3318.5323727754203,900.697012991039
forecast_6629,2025-10-04 05:00:00,3613.991366360385,3217.86929539418,887.2137175918505
forecast_6630,2025-10-04 06:00:00,3261.847752794961,3204.124296665559,787.8179381333755
forecast_6631,2025-10-04 07:00:00,2863.9220935850003,3137.9406783600853,775.8032136314317
forecast_6632,2025-10-04 08:00:00,2379.94291642969,2822.0017600452425,790.4715944483681
forecast_6633,2025-10-04 09:00:00,2000.9316842542996,2575.0060515381174,682.4230233674458
forecast_6634,2025-10-04 10:00:00,1798.7791888797578,1729.579385870422,625.6918964754137
forecast_6635,2025-10-04 11:00:00,1424.1712848036093,1365.6746574050783,597.0247844225232
forecast_6636,2025-10-04 12:00:00,1050.4078490913616,1163.6637594889141,595.3262971177271
forecast_6637,2025-10-04 13:00:00,842.5324900145107,908.7264287740472,600.2394623650325
forecast_6638,2025-10-04 14:00:00,740.855150323839,804.7390575716767,666.5771228566247
forecast_6639,2025-10-04 15:00:00,770.1058815073841,851.142929138007,641.5598634556096
forecast_6640,2025-10-04 16:00:00,793.819550190702,889.2442294438749,723.2789162890037
forecast_6641,2025-10-04 17:00:00,944.6792269238821,902.537976212611,715.7480815267838
forecast_6642,2025-10-04 18:00:00,934.9927266005891,834.0040290165335,722.7449529741659
forecast_6643,2025-10-04 19:00:00,846.2962089671036,730.2202395219442,681.1093417201978
forecast_6644,2025-10-04 20:00:00,657.9791179802303,604.3256966581953,659.8021392332672
forecast_6645,2025-10-04 21:00:00,426.1763801232785,455.6228350563937,620.1638738497328
forecast_6646,2025-10-04 22:00:00,341.33445898102,333.9971287331422,587.9789033229875
forecast_6647,2025-10-04 23:00:00,301.143361025383,354.59854987489894,536.7573240065627
forecast_6648,2025-10-05 00:00:00,238.09450431881308,323.2614957454339,535.0469569221093
forecast_6649,2025-10-05 01:00:00,232.18276188390075,278.97142307980306,535.0469569221093
forecast_6650,2025-10-05 02:00:00,228.79963490665008,253.65898229765062,535.0469569221093
forecast_6651,2025-10-05 03:00:00,231.4751396349692,258.2341456710428,535.0469569221093
forecast_6652,2025-10-05 04:00:00,222.78589748284642,258.18448941040265,535.0469569221093
forecast_6653,2025-10-05 05:00:00,223.23893258056032,257.7369948428852,535.0469569221093
forecast_6654,2025-10-05 06:00:00,225.21523887319506,254.45026807670078,535.0469569221093
forecast_6655,2025-10-05 07:00:00,225.21880185379212,257.7369948428852,535.0469569221093
forecast_6656,2025-10-05 08:00:00,223.9196689009383,256.641018090326,535.0469569221093
forecast_6657,2025-10-05 09:00:00,225.45921284612518,252.0929602170183,535.0469569221093
forecast_6658,2025-10-05 10:00:00,222.71084249172793,253.7583290448312,535.0469569221093
forecast_6659,2025-10-05 11:00:00,224.53661602222644,252.4849848215381,535.0469569221093
forecast_6660,2025-10-05 12:00:00,225.41675158909732,254.08085155374334,535.0469569221093
forecast_6661,2025-10-05 13:00:00,225.22933787550403,252.86995221024492,535.0469569221093
forecast_6662,2025-10-05 14:00:00,224.04537694304804,251.37759160135204,535.0469569221093
forecast_6663,2025-10-05 15:00:00,257.18715113388015,263.9576278027497,535.0469569221093
forecast_6664,2025-10-05 16:00:00,318.4100660403492,318.7973592625475,535.0469569221093
forecast_6665,2025-10-05 17:00:00,417.4866306036882,324.2925540224938,535.0469569221093
forecast_6666,2025-10-05 18:00:00,646.800978185902,419.11488389317446,536.26186291271
forecast_6667,2025-10-05 19:00:00,983.1275188007431,1096.4985129582915,551.829143010643
forecast_6668,2025-10-05 20:00:00,1290.8522351814663,1766.9936419562168,706.4526127658596
forecast_6669,2025-10-05 21:00:00,1341.8923945184029,1483.4727173248853,591.7041301564761
forecast_6670,2025-10-05 22:00:00,1375.1855905979944,1618.0144550664395,542.1074413063195
forecast_6671,2025-10-05 23:00:00,1541.577168892435,1648.1902898090748,592.8040013469821
forecast_6672,2025-10-06 00:00:00,2068.641330317046,1745.8048891560697,591.9089657466297
forecast_6673,2025-10-06 01:00:00,2448.6421630529717,2199.027556264124,745.2239345931273
forecast_6674,2025-10-06 02:00:00,3026.442840970023,2850.3172423332035,991.0603294849017
forecast_6675,2025-10-06 03:00:00,3417.566433758361,3634.297376378782,1254.5091455667343
forecast_6676,2025-10-06 04:00:00,4056.224283819388,5464.871293032926,2412.381821973401
forecast_6677,2025-10-06 05:00:00,5184.404320359167,7029.421232728336,4039.775582356784
forecast_6678,2025-10-06 06:00:00,7313.304971616839,8492.704430258835,5481.2767242145255
forecast_6679,2025-10-06 07:00:00,8043.867973818507,10887.388996294103,6861.5584908905275
forecast_6680,2025-10-06 08:00:00,9776.968248838879,11822.991106688594,7555.752744838924
forecast_6681,2025-10-06 09:00:00,10278.907827270503,12251.529982423162,8514.924624245863
forecast_6682,2025-10-06 10:00:00,10155.216175873107,12054.39760123324,7397.596658904884
forecast_6683,2025-10-06 11:00:00,8566.189461825601,10449.83380481511,6895.553787751017
forecast_6684,2025-10-06 12:00:00,7517.792758539763,9535.500902570526,5098.4094175985365
forecast_6685,2025-10-06 13:00:00,7147.397036808416,8660.890676588318,4229.549241553725
forecast_6686,2025-10-06 14:00:00,7227.323434609103,8015.278407585909,3654.100859842648
forecast_6687,2025-10-06 15:00:00,7793.284367975534,8885.477988026998,3986.0754639129127
forecast_6688,2025-10-06 16:00:00,8153.454750172174,9763.386228564143,4653.859045497132
forecast_6689,2025-10-06 17:00:00,8758.532589312665,10633.93561798051,5398.877796376137
forecast_6690,2025-10-06 18:00:00,9177.870537021685,11799.38946913053,5859.553229227292
forecast_6691,2025-10-06 19:00:00,10470.873663385735,13242.478645713505,6704.509921637558
forecast_6692,2025-10-06 20:00:00,11264.998760384884,13753.39105477725,9517.993673472814
forecast_6693,2025-10-06 21:00:00,12948.915854864113,16043.221510886353,11124.68602049087
forecast_6694,2025-10-06 22:00:00,14395.645797357636,16961.841599101586,11436.175927736653
forecast_6695,2025-10-06 23:00:00,14117.253950510356,15998.001481833231,11370.33834237274
forecast_6696,2025-10-07 00:00:00,13702.440178788438,15817.840371225102,11093.031723414688
forecast_6697,2025-10-07 01:00:00,12801.079343858502,16076.401342029341,10434.149511356693
forecast_6698,2025-10-07 02:00:00,11640.035272772653,14711.217751393833,10229.185935360372
forecast_6699,2025-10-07 03:00:00,11344.113347581038,13443.628686745293,9760.242097883882
forecast_6700,2025-10-07 04:00:00,9202.18434231503,11712.723293019459,7898.833582182153
forecast_6701,2025-10-07 05:00:00,9480.009269585462,11226.048547592181,7072.594876874515
forecast_6702,2025-10-07 06:00:00,8562.295395654663,9887.014512668955,6350.907559371039
forecast_6703,2025-10-07 07:00:00,8144.781186902492,9458.423947192317,5301.9597786183795
forecast_6704,2025-10-07 08:00:00,8444.969611707167,9374.380089388058,4507.827937536856
forecast_6705,2025-10-07 09:00:00,7463.646293662908,8277.634963018714,3480.1547287946782
forecast_6706,2025-10-07 10:00:00,5630.313093922281,6503.27188480527,2500.719607263213
forecast_6707,2025-10-07 11:00:00,5337.591744173573,6476.874360912361,2110.6415273813714
forecast_6708,2025-10-07 12:00:00,4401.837803645867,5348.646093043235,1919.3032861311997
forecast_6709,2025-10-07 13:00:00,3944.514430603125,4418.937565743503,1234.8994400379418
forecast_6710,2025-10-07 14:00:00,3738.5585054358194,3635.847940899717,962.4937854708772
forecast_6711,2025-10-07 15:00:00,3043.5809059585945,3353.9805420275347,804.9817725874734
forecast_6712,2025-10-07 16:00:00,2502.4044935807115,2626.0517185703393,682.9088430556639
forecast_6713,2025-10-07 17:00:00,1772.5742577109563,1408.1526386968637,563.7102543671535
forecast_6714,2025-10-07 18:00:00,1512.8019946608179,942.3871379409637,537.9722299971634
forecast_6715,2025-10-07 19:00:00,1343.807206415582,844.383198248826,535.0469569221093
forecast_6716,2025-10-07 20:00:00,803.3970922332261,629.7939375065764,535.0469569221093
forecast_6717,2025-10-07 21:00:00,333.1519430793069,357.8343878415639,535.0469569221093
forecast_6718,2025-10-07 22:00:00,253.68100180575172,291.14509201505643,535.0469569221093
forecast_6719,2025-10-07 23:00:00,235.65375475328167,262.17054369862683,535.0469569221093
forecast_6720,2025-10-08 00:00:00,236.2672215887024,287.4045350449079,535.0469569221093
forecast_6721,2025-10-08 01:00:00,231.98590022515805,258.9116735648028,535.0469569221093
forecast_6722,2025-10-08 02:00:00,228.39025669194302,258.9116735648028,535.0469569221093
forecast_6723,2025-10-08 03:00:00,229.23044793791442,257.6069346841,535.0469569221093
forecast_6724,2025-10-08 04:00:00,235.32054452324903,259.3844503248504,535.0469569221093
forecast_6725,2025-10-08 05:00:00,286.63221968432754,266.3411516621084,535.0469569221093
forecast_6726,2025-10-08 06:00:00,264.03986323411766,255.63114775250313,536.3374474380801
forecast_6727,2025-10-08 07:00:00,448.1230762319214,326.6288991211802,577.1969942207119
forecast_6728,2025-10-08 08:00:00,632.5306683779917,310.82355087222527,601.847224060843
forecast_6729,2025-10-08 09:00:00,733.1512276143508,431.9240886670813,637.1653460300628
forecast_6730,2025-10-08 10:00:00,698.6551190226556,568.2224571842489,637.8089043798279
forecast_6731,2025-10-08 11:00:00,595.1852977040323,519.1195499131467,607.5167006075754
forecast_6732,2025-10-08 12:00:00,351.23324071982233,448.2510632154695,598.235541902949
forecast_6733,2025-10-08 13:00:00,302.82339727067426,439.9869164880008,630.9340839234676
forecast_6734,2025-10-08 14:00:00,372.3938382651942,558.2795621225256,634.2963280077895
forecast_6735,2025-10-08 15:00:00,683.0638429519378,851.0145996956504,692.0927335792354
forecast_6736,2025-10-08 16:00:00,914.6042220818052,1206.1143116253315,873.7693874295951
forecast_6737,2025-10-08 17:00:00,1749.5073956328201,1651.001617600427,1085.8386603650245
forecast_6738,2025-10-08 18:00:00,2846.138527305643,2972.916560063059,1471.271447711239
forecast_6739,2025-10-08 19:00:00,3607.4568439230397,3715.4019495269595,2646.5978599886275
forecast_6740,2025-10-08 20:00:00,3706.2833637657723,5034.617636787943,3392.7083108573333
forecast_6741,2025-10-08 21:00:00,4813.006685998879,6025.262946180437,3858.9470683821773
forecast_6742,2025-10-08 22:00:00,4986.916559452769,6656.557941612049,4488.032452692718
forecast_6743,2025-10-08 23:00:00,6091.5609911526535,6713.653838616403,5103.165051118298
forecast_6744,2025-10-09 00:00:00,6477.003847902955,7263.068727969728,5294.003454872654
forecast_6745,2025-10-09 01:00:00,6516.031363100063,8124.089304527215,5123.866933561741
forecast_6746,2025-10-09 02:00:00,6615.734713518495,8584.244830961996,5052.614118368794
forecast_6747,2025-10-09 03:00:00,6643.144775401541,8730.28899439429,5093.426643856609
forecast_6748,2025-10-09 04:00:00,6412.591604876683,8460.460905110624,5056.84522993582
forecast_6749,2025-10-09 05:00:00,6470.67399656415,8339.540952372783,5069.8614921542285
forecast_6750,2025-10-09 06:00:00,6179.721161401961,7756.287939931208,5038.860424268675
forecast_6751,2025-10-09 07:00:00,6207.293453382169,7707.256030165381,5034.341214051382
forecast_6752,2025-10-09 08:00:00,6183.571689459479,7283.471781189388,4947.544799497539
forecast_6753,2025-10-09 09:00:00,5951.975672299658,6852.47097802152,4408.838325449272
forecast_6754,2025-10-09 10:00:00,5267.6977775918185,6708.2313656738415,3973.619145753256
forecast_6755,2025-10-09 11:00:00,4098.204607505853,6020.160385564497,3613.0317796296004
forecast_6756,2025-10-09 12:00:00,3512.9038157175128,5607.988033811971,3284.9918463409185
forecast_6757,2025-10-09 13:00:00,3407.9687548965403,4893.721082753032,2769.8698598538813
forecast_6758,2025-10-09 14:00:00,3228.955999334894,4432.5363835166545,2307.291811419532
forecast_6759,2025-10-09 15:00:00,3126.9049689063836,3885.4195253792077,1945.7357654039681
forecast_6760,2025-10-09 16:00:00,2946.3272417918934,3444.3627821710807,1875.6738983852767
forecast_6761,2025-10-09 17:00:00,2755.7508979998065,3305.7535354861902,1366.2191612039492
forecast_6762,2025-10-09 18:00:00,2662.5226784442043,3102.5477644506664,1042.3751244761456
forecast_6763,2025-10-09 19:00:00,2478.8687468537737,3072.5704525077213,894.3744145769252
forecast_6764,2025-10-09 20:00:00,2319.971324073397,3069.863647403514,723.6120355413395
forecast_6765,2025-10-09 21:00:00,2063.201598909143,2646.7302215219897,557.5090825978687
forecast_6766,2025-10-09 22:00:00,2071.0165150953094,2225.0950839944253,553.4424540494394
forecast_6767,2025-10-09 23:00:00,2205.670545571045,1734.7676403470796,540.884974505386
forecast_6768,2025-10-10 00:00:00,2101.449598664649,1570.6682110567922,540.884974505386
forecast_6769,2025-10-10 01:00:00,2156.9530100022193,1572.0062533128341,539.7305846777361
forecast_6770,2025-10-10 02:00:00,2159.629572041415,1836.4229386861082,596.3093644038453
forecast_6771,2025-10-10 03:00:00,2235.1563168553707,2248.5631952154486,601.9148096044146
forecast_6772,2025-10-10 04:00:00,2362.5922748799876,2719.403468792515,660.763543169492
forecast_6773,2025-10-10 05:00:00,2305.271500960782,2877.9409850577176,669.2185278824853
forecast_6774,2025-10-10 06:00:00,2414.3479987560754,3040.6894206813076,678.3492634152622
forecast_6775,2025-10-10 07:00:00,2595.936094224266,3369.70929473464,714.8414393324044
forecast_6776,2025-10-10 08:00:00,2711.7020459968785,3285.7936343960923,784.4858142769662
forecast_6777,2025-10-10 09:00:00,2602.513320494657,2983.118585853596,769.9422467160666
forecast_6778,2025-10-10 10:00:00,2096.6539667046422,2825.384491690085,681.4968006740693
forecast_6779,2025-10-10 11:00:00,1661.770487801413,2169.8595740359015,672.133614250187
forecast_6780,2025-10-10 12:00:00,1785.7991451313228,2129.575566934862,790.3895285515473
forecast_6781,2025-10-10 13:00:00,2214.7665821230885,2904.5414502044086,896.1142325788047
forecast_6782,2025-10-10 14:00:00,2308.8425552734707,3477.5138210734062,932.2014167599843
forecast_6783,2025-10-10 15:00:00,2546.1243161106167,2839.6149450113408,949.8122457341752
forecast_6784,2025-10-10 16:00:00,2662.0080733502755,2661.6443497631208,896.1655230174456
forecast_6785,2025-10-10 17:00:00,2684.048151577431,2682.6229018485624,793.0667707901446
forecast_6786,2025-10-10 18:00:00,2753.2078256958503,3242.2386135878705,711.4129099336706
forecast_6787,2025-10-10 19:00:00,2851.0904639946284,3384.7518330713383,871.1415034414781
forecast_6788,2025-10-10 20:00:00,2877.7789192370856,4008.7758709853897,1129.4302372265877
forecast_6789,2025-10-10 21:00:00,3289.992012002484,4542.962979929145,1351.8485227513243
forecast_6790,2025-10-10 22:00:00,3874.4159544211325,4803.412904461891,1579.8374647730486
forecast_6791,2025-10-10 23:00:00,4673.761967682687,5745.205154606669,2353.6560807353862
forecast_6792,2025-10-11 00:00:00,5316.824298446376,6565.560909749338,2847.1580148288876
forecast_6793,2025-10-11 01:00:00,5510.190661619461,7348.387341206027,3234.2443487204005
forecast_6794,2025-10-11 02:00:00,7381.598538893826,8229.49491240528,3960.499178306689
forecast_6795,2025-10-11 03:00:00,8012.7131825397855,10274.261859838965,4437.35532209152
forecast_6796,2025-10-11 04:00:00,8966.480032449863,11834.90357159181,5036.774901496196
forecast_6797,2025-10-11 05:00:00,10197.544707576351,13021.991784761549,6003.5640052549625
forecast_6798,2025-10-11 06:00:00,10389.764291881918,13314.495693314424,7265.882970837107
forecast_6799,2025-10-11 07:00:00,10714.01063433235,12976.199692196577,7510.256580394795
forecast_6800,2025-10-11 08:00:00,10520.13705121883,12471.634490206154,7684.138562405597
forecast_6801,2025-10-11 09:00:00,10340.787242838827,12690.164504393324,7326.813982769478
forecast_6802,2025-10-11 10:00:00,10615.972347790192,11611.409890765717,7794.75738586266
forecast_6803,2025-10-11 11:00:00,10737.545936346185,10527.472954562225,8276.478620332126
forecast_6804,2025-10-11 12:00:00,10272.600019440084,11355.312270375023,8438.017931992606
forecast_6805,2025-10-11 13:00:00,10183.003637885296,12410.582804797763,8359.159376599619
forecast_6806,2025-10-11 14:00:00,9213.830476418927,12222.155294164531,8993.553791848473
forecast_6807,2025-10-11 15:00:00,9956.194581530446,11865.301372145172,9614.968379994829
forecast_6808,2025-10-11 16:00:00,10841.149823115218,12450.537891674952,10580.419679662888
forecast_6809,2025-10-11 17:00:00,11630.531977426439,12334.011515361655,10570.769831785019
forecast_6810,2025-10-11 18:00:00,12002.18780944646,13747.169922311612,12124.229703271429
forecast_6811,2025-10-11 19:00:00,12094.048463790714,13701.367242028384,13718.807193906192
forecast_6812,2025-10-11 20:00:00,12336.141712568315,13353.719660218896,13274.01603684837
forecast_6813,2025-10-11 21:00:00,12307.616772689717,13052.790672216255,12340.512345742722
forecast_6814,2025-10-11 22:00:00,12014.653171894215,13446.747217891794,12895.895098767825
forecast_6815,2025-10-11 23:00:00,11254.970993661947,13330.458432121783,13192.597998046884
forecast_6816,2025-10-12 00:00:00,11089.675314646187,12940.43171057958,10682.25665630992
forecast_6817,2025-10-12 01:00:00,11649.76779322133,13093.690954868001,10338.703963492653
forecast_6818,2025-10-12 02:00:00,10749.061347952145,12262.46415438046,9630.78109303181
forecast_6819,2025-10-12 03:00:00,9536.759737605098,9879.719746958874,7515.687350559543
forecast_6820,2025-10-12 04:00:00,7805.93067315273,7540.074303545016,5266.365153038351
forecast_6821,2025-10-12 05:00:00,5037.734349849583,5757.5919790976,3415.5643570685206
forecast_6822,2025-10-12 06:00:00,3558.116894130814,3536.1517105757184,2245.810281437642
forecast_6823,2025-10-12 07:00:00,2769.842304043338,2971.86593580111,2209.5973260499986
forecast_6824,2025-10-12 08:00:00,3703.1461401930796,3560.3867897374394,2721.5563066171803
forecast_6825,2025-10-12 09:00:00,3956.7322396206473,4459.622159594278,3388.513121006982
forecast_6826,2025-10-12 10:00:00,4295.7030808559175,5290.751426425806,4152.538126545645
forecast_6827,2025-10-12 11:00:00,4570.22457641312,5674.1647907054175,4989.612347807845
forecast_6828,2025-10-12 12:00:00,4254.197061279813,6582.73753907164,5184.885347029154
forecast_6829,2025-10-12 13:00:00,4427.774310287871,6741.266920066202,5292.119897513232
forecast_6830,2025-10-12 14:00:00,5663.282214731221,7097.521544358186,5940.961921658676
forecast_6831,2025-10-12 15:00:00,5803.022572610027,7391.668566006378,5421.103502866981
forecast_6832,2025-10-12 16:00:00,7084.027562890748,8268.889538138206,5584.707607224471
forecast_6833,2025-10-12 17:00:00,6825.145757660249,7712.4720525114735,5321.652052442716
forecast_6834,2025-10-12 18:00:00,6454.315675324015,7616.931968729741,5071.674266963182
forecast_6835,2025-10-12 19:00:00,6580.569361389269,7757.508825059796,5011.432172697382
forecast_6836,2025-10-12 20:00:00,6347.011987919134,8623.023791007015,5021.4934082911095
forecast_6837,2025-10-12 21:00:00,6341.081402312882,8502.435288481422,4746.014478131689
forecast_6838,2025-10-12 22:00:00,6150.685980473182,7753.645773971387,4516.250760632217
forecast_6839,2025-10-12 23:00:00,5604.2051121970835,6730.065990840076,3737.3233949761234
forecast_6840,2025-10-13 00:00:00,3888.848074214148,4581.146616259153,2795.632185837336
forecast_6841,2025-10-13 01:00:00,3432.2780565084418,3866.885839681484,1694.6490474326579
forecast_6842,2025-10-13 02:00:00,2677.0615645266844,3104.465286672657,1363.3464749164816
forecast_6843,2025-10-13 03:00:00,2330.0217281751816,2891.6981358879048,1030.4154336234562
forecast_6844,2025-10-13 04:00:00,2441.8344460928224,2925.554576979235,1077.8831404085447
forecast_6845,2025-10-13 05:00:00,2868.1363175953065,3652.3390249769473,1931.4003439659568
forecast_6846,2025-10-13 06:00:00,3833.9412643304677,4740.728890293552,2852.668622194412
forecast_6847,2025-10-13 07:00:00,5952.754032117034,6435.214074190415,4105.533832776606
forecast_6848,2025-10-13 08:00:00,6084.950910093231,6507.013019253265,3837.6683163744833
forecast_6849,2025-10-13 09:00:00,4810.2923085511775,5994.014851945873,3251.9934651955546
forecast_6850,2025-10-13 10:00:00,4964.056451524679,5455.94514374859,3578.90342184919
forecast_6851,2025-10-13 11:00:00,5631.2347884135,4952.827113438972,3676.952460287419
forecast_6852,2025-10-13 12:00:00,5130.062617712568,4907.936747719917,3654.5422135116455
forecast_6853,2025-10-13 13:00:00,5855.471945706944,5769.840692991387,3321.022316957531
forecast_6854,2025-10-13 14:00:00,6428.942121256397,6695.146087394408,2981.86222844603
forecast_6855,2025-10-13 15:00:00,6482.800880891302,6690.348826745305,3198.8083006261477
forecast_6856,2025-10-13 16:00:00,6341.158198976094,6086.781510232355,3683.5965698056434
forecast_6857,2025-10-13 17:00:00,5923.5159373099195,5656.812931117909,3868.085676959295
forecast_6858,2025-10-13 18:00:00,6432.266879797431,6690.485242961493,4117.332779717502
forecast_6859,2025-10-13 19:00:00,6508.493703706979,7116.646107248505,4165.099551642226
forecast_6860,2025-10-13 20:00:00,6901.332677299901,7440.432854812076,4087.495843410087
forecast_6861,2025-10-13 21:00:00,6664.249430607337,7411.064923827951,4032.910662744674
forecast_6862,2025-10-13 22:00:00,6866.903562031663,7578.0356028609485,3834.513310032866
forecast_6863,2025-10-13 23:00:00,7178.723327404213,7858.7335067947515,3714.4810891030593
forecast_6864,2025-10-14 00:00:00,7346.282731896386,7733.127281895875,4246.037470862304
forecast_6865,2025-10-14 01:00:00,9268.471302160804,9476.531143718748,4966.964481896153
forecast_6866,2025-10-14 02:00:00,8473.69307076043,10733.846653357938,4695.649114559424
forecast_6867,2025-10-14 03:00:00,7778.539701416398,8754.685129855412,4097.4356243388065
forecast_6868,2025-10-14 04:00:00,7550.665443107637,8168.963074125642,4037.5718019368633
forecast_6869,2025-10-14 05:00:00,8768.148883154974,8763.967410316924,5653.566371001636
forecast_6870,2025-10-14 06:00:00,7557.423398375644,9133.581452532319,4965.84263007854
forecast_6871,2025-10-14 07:00:00,6763.740579632027,7783.960044635342,4701.846471101153
forecast_6872,2025-10-14 08:00:00,6420.970581125477,6646.230274205713,4882.90766881444
forecast_6873,2025-10-14 09:00:00,6432.624187509697,6812.614824666687,4856.122881451045
forecast_6874,2025-10-14 10:00:00,6204.1980057379515,6996.4991685206915,4863.5347321741965
forecast_6875,2025-10-14 11:00:00,5691.207671466509,6453.997164835102,4730.6792075100775
forecast_6876,2025-10-14 12:00:00,5624.308761079828,6471.222463942225,4411.8850007179235
forecast_6877,2025-10-14 13:00:00,5585.030797260352,6433.291519983125,4466.266188539256
forecast_6878,2025-10-14 14:00:00,6065.260232727479,6796.023224920738,4440.2252132786825
forecast_6879,2025-10-14 15:00:00,5535.931925524548,6256.738628744242,4454.528014701386
forecast_6880,2025-10-14 16:00:00,4600.513162477969,6333.742435157655,4474.46075025355
forecast_6881,2025-10-14 17:00:00,5395.474711915352,6146.076915666006,4330.2382367278415
forecast_6882,2025-10-14 18:00:00,4383.248617515438,6265.631433557384,4360.5381532977135
forecast_6883,2025-10-14 19:00:00,4939.841076369515,6795.321597564769,4426.855263442779
forecast_6884,2025-10-14 20:00:00,5404.083684801804,6756.596846243643,4311.676460281406
forecast_6885,2025-10-14 21:00:00,4540.1078709240755,6452.332585538532,3765.9905425810866
forecast_6886,2025-10-14 22:00:00,3681.4026162073224,5846.422719280908,3149.2324623992095
forecast_6887,2025-10-14 23:00:00,3525.7321194462193,5520.428312119478,2528.8781875043924
forecast_6888,2025-10-15 00:00:00,3461.50753254515,5354.575009431869,2334.791332167318
forecast_6889,2025-10-15 01:00:00,4420.099046337466,5591.467357230741,2449.452679628655
forecast_6890,2025-10-15 02:00:00,4246.559744404165,5857.572642238659,2453.6361230570924
forecast_6891,2025-10-15 03:00:00,4164.27822333572,5115.326845419309,2439.1326446057337
forecast_6892,2025-10-15 04:00:00,4004.692180477912,4921.275676723784,2207.4639862949925
forecast_6893,2025-10-15 05:00:00,3663.085027669641,5053.98909294354,2004.0839579395686
forecast_6894,2025-10-15 06:00:00,3867.472667712943,5037.1820094173945,2350.0802721217756
forecast_6895,2025-10-15 07:00:00,3767.5468681894854,5116.2136163227115,2282.548110156928
forecast_6896,2025-10-15 08:00:00,3539.933929456838,4715.060830854728,2289.287467285373
forecast_6897,2025-10-15 09:00:00,3402.5906644929946,4037.254854935358,2173.485261252318
forecast_6898,2025-10-15 10:00:00,2744.687746528357,3556.7069975439417,1767.3764715121013
forecast_6899,2025-10-15 11:00:00,2230.367097367346,2852.4010566601974,1137.0910200544242
forecast_6900,2025-10-15 12:00:00,2057.7082019646746,2535.591930352166,1148.2817481990826
forecast_6901,2025-10-15 13:00:00,1806.8181686752393,2136.690376171341,910.0362599841557
forecast_6902,2025-10-15 14:00:00,1436.1077445089823,1959.988174532076,837.6463149897719
forecast_6903,2025-10-15 15:00:00,1308.773119513166,1643.0094759025887,738.4529085304873
forecast_6904,2025-10-15 16:00:00,1541.8629052676292,2138.9764307339856,680.8356690385544
forecast_6905,2025-10-15 17:00:00,1956.754100502731,2777.2527459582225,591.1625663389094
forecast_6906,2025-10-15 18:00:00,2176.611946062284,2368.449039861195,696.0945985403974
forecast_6907,2025-10-15 19:00:00,2928.756240140917,2666.167635782901,844.8432069345241
forecast_6908,2025-10-15 20:00:00,3527.7159861793516,3135.0778912720716,914.6105817990989
forecast_6909,2025-10-15 21:00:00,4080.2554728290834,3580.249089049672,1091.154112848003
forecast_6910,2025-10-15 22:00:00,4146.358259772544,4548.50047440509,1241.1487606068786
forecast_6911,2025-10-15 23:00:00,4662.344752318952,5255.298844886166,1838.1140602507382
forecast_6912,2025-10-16 00:00:00,5589.422229581371,5889.102061542439,2810.1561340769904
forecast_6913,2025-10-16 01:00:00,4187.692174201427,4344.655377118561,1485.2594605928261
forecast_6914,2025-10-16 02:00:00,3499.4884152439463,3684.894819361149,1618.2101278197104
forecast_6915,2025-10-16 03:00:00,4873.8023045804475,4805.857399336359,2859.8630901977085
forecast_6916,2025-10-16 04:00:00,5769.266525296395,5848.264497998633,2986.64367090182
forecast_6917,2025-10-16 05:00:00,5125.073942103432,6887.961732072777,3580.1150070633794
forecast_6918,2025-10-16 06:00:00,6230.207018026146,7619.519260351706,4200.425024954889
forecast_6919,2025-10-16 07:00:00,5336.8074439854245,6450.731843749723,4496.936574176915
forecast_6920,2025-10-16 08:00:00,6357.0290733499,6501.67539557279,4382.549362303697
forecast_6921,2025-10-16 09:00:00,6755.048629890821,6982.060193512675,4567.924013268812
forecast_6922,2025-10-16 10:00:00,6576.82882092491,6177.21307383316,4611.58569847973
forecast_6923,2025-10-16 11:00:00,6483.919451429163,6379.020636078596,4853.019805445557
forecast_6924,2025-10-16 12:00:00,5963.327057190619,6125.579503429761,5271.459777730546
forecast_6925,2025-10-16 13:00:00,5574.987480257762,5682.7355135643265,5231.735478071686
forecast_6926,2025-10-16 14:00:00,5665.772673254198,6241.087488376594,4969.666251723178
forecast_6927,2025-10-16 15:00:00,5018.840610210946,5739.189081206261,4344.520588983024
forecast_6928,2025-10-16 16:00:00,4543.169362649257,5314.319132897029,4410.232588390096
forecast_6929,2025-10-16 17:00:00,4430.486392029028,5537.20407554442,4303.802584469193
forecast_6930,2025-10-16 18:00:00,4355.281337366043,5291.439794121245,4299.303865692821
forecast_6931,2025-10-16 19:00:00,4339.391570894372,5853.577810263267,4355.050904056469
forecast_6932,2025-10-16 20:00:00,4936.555296509057,6419.122426538326,3768.128397614967
forecast_6933,2025-10-16 21:00:00,4398.927994124306,6874.027298992594,3632.4776560467753
forecast_6934,2025-10-16 22:00:00,4518.873067322224,6594.144046102801,3189.1135072582165
forecast_6935,2025-10-16 23:00:00,3794.3573556893903,5812.969953830134,2580.0015120498024
forecast_6936,2025-10-17 00:00:00,3819.7547412902213,5299.728497154655,2149.2149181566874
forecast_6937,2025-10-17 01:00:00,4500.53302360248,5751.75800380901,2476.9823795352004
forecast_6938,2025-10-17 02:00:00,3886.1216121649804,5476.8871478848805,2387.0494838779746
forecast_6939,2025-10-17 03:00:00,3848.047976030749,4910.118486576215,2022.0082916099266
forecast_6940,2025-10-17 04:00:00,3666.702005649943,5004.255323128769,1439.6450743911705
forecast_6941,2025-10-17 05:00:00,3874.962568144142,4628.656517024571,1279.9989344050177
forecast_6942,2025-10-17 06:00:00,3870.5125478723176,4202.753496639057,1047.3399627294866
forecast_6943,2025-10-17 07:00:00,4052.8170618853455,3624.9445451418787,923.5998821598137
forecast_6944,2025-10-17 08:00:00,3479.181560896982,3376.246557485026,806.8680022036986
forecast_6945,2025-10-17 09:00:00,2760.561255337754,2861.068236007536,689.532983626628
forecast_6946,2025-10-17 10:00:00,1770.2787579702879,1547.4912386224073,557.5090825978687
forecast_6947,2025-10-17 11:00:00,1066.9568922478638,935.9555142039118,538.9960714185689
forecast_6948,2025-10-17 12:00:00,825.091602786236,906.5440227673329,538.7872121656105
forecast_6949,2025-10-17 13:00:00,775.6853281721549,810.3154332092263,538.9960714185689
forecast_6950,2025-10-17 14:00:00,792.6633096150185,861.4620806948176,556.3546927702189
forecast_6951,2025-10-17 15:00:00,823.0209370466872,1098.1142933151868,584.5054446955828
forecast_6952,2025-10-17 16:00:00,1382.4702409225029,2013.4180032296058,716.4385715712904
forecast_6953,2025-10-17 17:00:00,2114.095708881415,2407.7930803325257,874.366604153457
forecast_6954,2025-10-17 18:00:00,3531.4614456529907,3644.779265073126,1202.70402631098
forecast_6955,2025-10-17 19:00:00,4234.145039190407,4494.105383499678,2122.2183983986815
forecast_6956,2025-10-17 20:00:00,5114.657831177167,5580.1855966922685,2356.3087686472354
forecast_6957,2025-10-17 21:00:00,4941.439402149586,5723.09252630063,2856.494600570156
forecast_6958,2025-10-17 22:00:00,5433.009520078654,5919.393291238837,3340.2786171435455
forecast_6959,2025-10-17 23:00:00,5494.628793477653,6194.15076868164,3344.454713923541
forecast_6960,2025-10-18 00:00:00,5988.957311688335,7768.568437050406,3851.3167231245425
forecast_6961,2025-10-18 01:00:00,5700.1716302190525,8368.144971539745,4423.0078700709455
forecast_6962,2025-10-18 02:00:00,5937.914125894763,8732.022015195842,5102.459032299368
forecast_6963,2025-10-18 03:00:00,5699.749422905043,8145.371495257721,5259.151448847958
forecast_6964,2025-10-18 04:00:00,6308.832202119415,7530.140957239406,5296.894400817539
forecast_6965,2025-10-18 05:00:00,4193.525903798893,4462.299417105183,3984.3360828392615
forecast_6966,2025-10-18 06:00:00,2416.448569107663,2360.159383910282,1454.7382250130054
forecast_6967,2025-10-18 07:00:00,2012.4525405956824,1835.9732081928835,1902.2172137096206
forecast_6968,2025-10-18 08:00:00,1591.5593341670722,1544.3513921168392,1053.8478827383215
forecast_6969,2025-10-18 09:00:00,1515.0067393802215,1445.4769773610362,1163.0371440158872
forecast_6970,2025-10-18 10:00:00,1939.4767816065369,1442.169612444898,1063.7307372815244
forecast_6971,2025-10-18 11:00:00,2073.02988960393,1493.6304177022757,1595.3348594352371
forecast_6972,2025-10-18 12:00:00,2104.9195162701462,1843.0147311883943,1705.297322008668
forecast_6973,2025-10-18 13:00:00,2273.8780466518783,2653.8248740858135,2162.3237792170553
forecast_6974,2025-10-18 14:00:00,2598.2221182777503,3302.418567490644,2317.4935145223744
forecast_6975,2025-10-18 15:00:00,2838.3591715753623,3680.5409526550857,3054.0083800278553
forecast_6976,2025-10-18 16:00:00,2936.0076715839787,3337.218759911766,3251.3756950503757
forecast_6977,2025-10-18 17:00:00,3088.6874735216034,3585.4883519876594,3119.4433469815394
forecast_6978,2025-10-18 18:00:00,2822.3992911347323,3575.3719525606048,2870.763285004357
forecast_6979,2025-10-18 19:00:00,2693.825290594131,3565.6681846091533,2565.0117325981632
forecast_6980,2025-10-18 20:00:00,2240.270764714025,3378.7975627013893,2308.3156750323574
forecast_6981,2025-10-18 21:00:00,2089.3412095013855,2975.795515401511,2037.442386484192
forecast_6982,2025-10-18 22:00:00,2042.5701068123194,2781.998107589712,1361.1963509943948
forecast_6983,2025-10-18 23:00:00,1878.0924648606565,1842.0324490337284,1097.2319373947023
forecast_6984,2025-10-19 00:00:00,1605.6057336099657,1484.6368472251663,827.1935976913147
forecast_6985,2025-10-19 01:00:00,1653.6335926497618,1344.7714354364734,691.5698915324252
forecast_6986,2025-10-19 02:00:00,1305.924277202953,1069.979060113996,650.9446715934173
forecast_6987,2025-10-19 03:00:00,1141.2317708663359,799.0296265334827,599.6355407889736
forecast_6988,2025-10-19 04:00:00,964.3647586663677,706.9311542165123,574.0120298253917
forecast_6989,2025-10-19 05:00:00,926.1362692504885,637.7692542925872,572.209001237622
forecast_6990,2025-10-19 06:00:00,1005.5627978198972,645.8358668025861,558.8674772917012
forecast_6991,2025-10-19 07:00:00,1018.6889697814929,807.9077926095042,560.6953166230379
forecast_6992,2025-10-19 08:00:00,1033.937241875323,1019.0669310410415,586.0497652741574
forecast_6993,2025-10-19 09:00:00,1037.6278603024468,1227.5167574145134,631.4362391313853
forecast_6994,2025-10-19 10:00:00,916.1627714925423,1516.9051754603809,761.2331807497322
forecast_6995,2025-10-19 11:00:00,1250.9596206261094,1705.6146590275735,879.4067955393434
forecast_6996,2025-10-19 12:00:00,2137.1075137824328,2322.656350754293,1172.3996902170502
forecast_6997,2025-10-19 13:00:00,2892.502721585228,3382.351831018843,2283.1961108502055
forecast_6998,2025-10-19 14:00:00,3742.88318109199,4190.302283565094,3002.8007711041128
forecast_6999,2025-10-19 15:00:00,4921.186565023693,5003.929849016575,3608.713802693118
forecast_7000,2025-10-19 16:00:00,5576.289001126158,6269.2149127895755,4148.89932632495
forecast_7001,2025-10-19 17:00:00,6875.654142926108,7187.6041850443,4793.361891661096
forecast_7002,2025-10-19 18:00:00,7339.549323503666,8059.497050225371,5258.928575411311
forecast_7003,2025-10-19 19:00:00,7556.558397933839,8823.087744417879,5663.851981145297
forecast_7004,2025-10-19 20:00:00,7263.384689405873,8685.98894617244,5532.042321727345
forecast_7005,2025-10-19 21:00:00,7331.266115872671,7627.190945927471,4792.4762279711
forecast_7006,2025-10-19 22:00:00,7217.586109602664,7668.440922554906,4404.446093500706
forecast_7007,2025-10-19 23:00:00,6351.467977162911,5992.648978985114,3371.748422101678
forecast_7008,2025-10-20 00:00:00,4344.236439967011,3586.862066055158,2217.9969538838313
forecast_7009,2025-10-20 01:00:00,2201.2206833423966,2054.1037140446433,1080.7438970322592
forecast_7010,2025-10-20 02:00:00,1366.8273008357487,1227.2439651970922,825.3470740284806
forecast_7011,2025-10-20 03:00:00,1080.804389605376,1124.6751357057879,879.1993661728203
forecast_7012,2025-10-20 04:00:00,1509.812076781338,1302.9898604560515,1307.022419207
forecast_7013,2025-10-20 05:00:00,1735.6827198461017,1859.9405092056159,1522.3328664980236
forecast_7014,2025-10-20 06:00:00,2307.0143593558405,2758.283560410847,2417.1863994202236
forecast_7015,2025-10-20 07:00:00,3016.140244772093,3228.262265873162,2772.6227562730196
forecast_7016,2025-10-20 08:00:00,3180.142694008826,3189.931814503743,2893.8274060501144
forecast_7017,2025-10-20 09:00:00,3093.927078337533,3289.815744426393,3561.8079527792656
forecast_7018,2025-10-20 10:00:00,2929.186878752799,3712.4132270454465,3748.8872423062408
forecast_7019,2025-10-20 11:00:00,2652.818787370945,3497.1428537466318,3758.692453139093
forecast_7020,2025-10-20 12:00:00,2435.4603004812934,3232.032677572678,3589.2551209433286
forecast_7021,2025-10-20 13:00:00,2188.3312557197796,3031.3675589275026,3190.69343971097
forecast_7022,2025-10-20 14:00:00,1712.4832418191363,2676.6324759246277,2478.0187255768496
forecast_7023,2025-10-20 15:00:00,1436.5632790709863,2354.7896625087474,1806.0075263547396
forecast_7024,2025-10-20 16:00:00,1475.088084455741,1676.8757528537799,1023.7597644454136
forecast_7025,2025-10-20 17:00:00,1385.1121956886413,1184.9553354772177,733.9064254143112
forecast_7026,2025-10-20 18:00:00,934.0567045856736,799.804801450955,637.0977812006015
forecast_7027,2025-10-20 19:00:00,650.0236941633618,645.1718624414742,557.1053922032228
forecast_7028,2025-10-20 20:00:00,769.42108086485,515.4616065164163,549.3407091420393
forecast_7029,2025-10-20 21:00:00,686.5244821036994,401.3539516079201,535.8279709373071
forecast_7030,2025-10-20 22:00:00,518.2359828285538,318.6224995685888,536.0368301902654
forecast_7031,2025-10-20 23:00:00,518.2742878887819,353.02830631858143,536.0368301902654
forecast_7032,2025-10-21 00:00:00,790.1513992039586,567.8013426628565,538.7326488477536
forecast_7033,2025-10-21 01:00:00,1337.1925712165155,1809.5521977475937,731.3578345406885
forecast_7034,2025-10-21 02:00:00,1766.8947674447431,1579.6072217837414,901.5412724911575
forecast_7035,2025-10-21 03:00:00,1382.8592665950093,1266.2523333365436,872.1866169458694
forecast_7036,2025-10-21 04:00:00,995.6828387697209,1249.2225845408113,837.4381713446027
forecast_7037,2025-10-21 05:00:00,779.4819765108334,1148.5081772901692,734.3780384105795
forecast_7038,2025-10-21 06:00:00,664.4043893638371,760.423546828762,543.7713076347424
forecast_7039,2025-10-21 07:00:00,693.8819633872056,511.31416099699607,538.5621754072164
forecast_7040,2025-10-21 08:00:00,443.75505364170226,356.20811854224917,538.0061981504128
forecast_7041,2025-10-21 09:00:00,233.5539533345503,289.30418337910555,535.0469569221093
forecast_7042,2025-10-21 10:00:00,217.38084228522445,250.97870996789456,535.0469569221093
forecast_7043,2025-10-21 11:00:00,216.284657378615,247.40424017644358,535.0469569221093
forecast_7044,2025-10-21 12:00:00,217.34551190479453,246.60110329906323,535.0469569221093
forecast_7045,2025-10-21 13:00:00,223.92841795193976,249.52584761259484,535.6029341789128
forecast_7046,2025-10-21 14:00:00,215.73680293613106,246.8012155784319,536.7832295979858
forecast_7047,2025-10-21 15:00:00,217.89963577451257,255.71498795566316,535.8279709373071
forecast_7048,2025-10-21 16:00:00,215.4664928865176,278.9407850578237,537.251736180866
forecast_7049,2025-10-21 17:00:00,219.20845221345076,283.7434322306819,540.4769840854565
forecast_7050,2025-10-21 18:00:00,243.91152387070258,308.4407132853791,565.702538071744
forecast_7051,2025-10-21 19:00:00,256.2131620132777,346.174279601741,587.1701779394078
forecast_7052,2025-10-21 20:00:00,260.05831158537455,409.8815883255294,593.541254486197
forecast_7053,2025-10-21 21:00:00,301.44863968011566,523.7840795071788,677.0659778864265
forecast_7054,2025-10-21 22:00:00,351.7344076844046,674.216847099163,719.1945969738128
forecast_7055,2025-10-21 23:00:00,438.47465668355665,836.375405229964,667.369158585524
forecast_7056,2025-10-22 00:00:00,475.54248982688597,621.8339476864185,599.5452235647183
forecast_7057,2025-10-22 01:00:00,349.84327144843104,424.23472029732505,679.9632796697949
forecast_7058,2025-10-22 02:00:00,314.6066101492581,444.69241836241395,705.045718643456
forecast_7059,2025-10-22 03:00:00,279.34715470279207,418.8747846533671,693.5204613981518
forecast_7060,2025-10-22 04:00:00,317.95275318019253,474.0283337916288,685.5479912578569
forecast_7061,2025-10-22 05:00:00,611.330296209102,545.7999840887317,727.3643864572223
forecast_7062,2025-10-22 06:00:00,882.1897166877035,671.9124451207551,897.5095175622787
forecast_7063,2025-10-22 07:00:00,1486.7454742293417,1034.2679369296357,1039.3076157279718
forecast_7064,2025-10-22 08:00:00,2417.1610352236075,1770.0783863943516,1633.6984650954394
forecast_7065,2025-10-22 09:00:00,2161.8394977477237,2324.78834162224,2195.9896385652632
forecast_7066,2025-10-22 10:00:00,1963.7825464023765,2081.661152040042,1331.815495497979
forecast_7067,2025-10-22 11:00:00,1965.253002034802,2421.2893995750273,1591.880902451229
forecast_7068,2025-10-22 12:00:00,1859.1087474791843,2455.2566843859886,1563.2440390497925
forecast_7069,2025-10-22 13:00:00,1777.6093371074421,1654.1915879956562,1461.9096393520358
forecast_7070,2025-10-22 14:00:00,1703.2302002611061,1496.9837969888458,1687.0062960203072
forecast_7071,2025-10-22 15:00:00,1786.1163984254076,1598.0384318903596,1546.7048646407839
forecast_7072,2025-10-22 16:00:00,1713.0801841918276,2179.1456184927238,939.6367730219888
forecast_7073,2025-10-22 17:00:00,1981.2914604127272,1843.7841394670468,764.3664871600565
forecast_7074,2025-10-22 18:00:00,1858.9358634540063,1409.1862973834354,587.6270315075824
forecast_7075,2025-10-22 19:00:00,1979.0434210266044,1292.0687215603982,575.6950980548277
forecast_7076,2025-10-22 20:00:00,2339.1506808184363,1358.1500185983673,582.1823055370082
forecast_7077,2025-10-22 21:00:00,2482.6741038001146,1440.2747874364482,588.2854385242553
forecast_7078,2025-10-22 22:00:00,2513.6332756093625,1215.9961391784682,652.8815322041805
forecast_7079,2025-10-22 23:00:00,2131.9587387907145,976.6727390390752,660.7233416253531
forecast_7080,2025-10-23 00:00:00,1736.3425217777035,883.618943360988,656.4279444677325
forecast_7081,2025-10-23 01:00:00,1429.8103608922077,656.8185858741376,586.8437138214779
forecast_7082,2025-10-23 02:00:00,1353.44150137898,456.1300917743782,551.2296122288562
forecast_7083,2025-10-23 03:00:00,875.1926613937208,352.3929481546096,535.6029341789128
forecast_7084,2025-10-23 04:00:00,444.6654969776954,260.9545224667265,535.0469569221093
forecast_7085,2025-10-23 05:00:00,298.99183591829205,260.44288287862105,535.0469569221093
forecast_7086,2025-10-23 06:00:00,274.63637880543763,253.10052489508575,535.0469569221093
forecast_7087,2025-10-23 07:00:00,266.00531469896794,253.65531004956642,535.0469569221093
forecast_7088,2025-10-23 08:00:00,246.44737539954934,253.57530103168273,535.0469569221093
forecast_7089,2025-10-23 09:00:00,225.59929573128994,254.97645430626565,535.0469569221093
forecast_7090,2025-10-23 10:00:00,233.05214253593428,251.0267603872017,535.0469569221093
forecast_7091,2025-10-23 11:00:00,227.85942396954772,247.70055745924108,535.0469569221093
forecast_7092,2025-10-23 12:00:00,230.999038704598,248.76809702028197,535.0469569221093
forecast_7093,2025-10-23 13:00:00,239.1449195906593,248.4765838350731,535.0469569221093
forecast_7094,2025-10-23 14:00:00,231.35657321223704,247.03746421426024,535.0469569221093
forecast_7095,2025-10-23 15:00:00,258.5195424870897,260.9236495628034,535.0469569221093
forecast_7096,2025-10-23 16:00:00,277.7314721105705,291.85496462791843,535.0469569221093
forecast_7097,2025-10-23 17:00:00,275.9186254128607,280.710297320508,535.0469569221093
forecast_7098,2025-10-23 18:00:00,254.7221725090381,321.10562195560084,535.0469569221093
forecast_7099,2025-10-23 19:00:00,298.3044888010843,337.7180941926453,536.26186291271
forecast_7100,2025-10-23 20:00:00,565.8657271448616,387.6786377897799,536.26186291271
forecast_7101,2025-10-23 21:00:00,525.997592975008,388.46882737679204,538.0061981504128
forecast_7102,2025-10-23 22:00:00,409.8905633886743,434.4098722077844,538.0061981504128
forecast_7103,2025-10-23 23:00:00,515.6942643306672,580.6640968776965,552.3917083651991
forecast_7104,2025-10-24 00:00:00,792.4997963061871,704.8572189967105,690.581069273409
forecast_7105,2025-10-24 01:00:00,1238.9252896677772,859.056634595123,884.8154119556824
forecast_7106,2025-10-24 02:00:00,1716.5583345274122,1454.0839103706417,1205.84717318198
forecast_7107,2025-10-24 03:00:00,1834.1991530992977,1990.9797663770764,1399.224899227564
forecast_7108,2025-10-24 04:00:00,2314.736794077,2272.925273929046,1680.455067562058
forecast_7109,2025-10-24 05:00:00,3004.998107050241,3852.8331738649345,2209.760718522591
forecast_7110,2025-10-24 06:00:00,3429.641393970132,3981.09318674511,3051.3329779701103
forecast_7111,2025-10-24 07:00:00,3973.9077857420116,4242.3230378719845,3581.1758669820038
forecast_7112,2025-10-24 08:00:00,4010.474403119956,4194.181040497271,3879.803574105955
forecast_7113,2025-10-24 09:00:00,3706.7450627866656,3961.301870313841,3114.193065622382
forecast_7114,2025-10-24 10:00:00,3166.849131813563,3449.0437562521984,2903.040207314982
forecast_7115,2025-10-24 11:00:00,2522.045919245921,2788.9174667097877,2404.8305945878506
forecast_7116,2025-10-24 12:00:00,2429.7088651541762,3280.3868485297735,1992.2954230113303
forecast_7117,2025-10-24 13:00:00,2297.4873760818464,2893.612782019699,1959.3804674726155
forecast_7118,2025-10-24 14:00:00,2362.9696211036908,2798.5425163733325,1918.079107503172
forecast_7119,2025-10-24 15:00:00,2732.424361553792,2808.4887841076625,1193.4223109640566
forecast_7120,2025-10-24 16:00:00,3146.459546527766,2989.533909853336,1274.3420740650135
forecast_7121,2025-10-24 17:00:00,3583.6557064625777,3151.0833099193046,1018.4455478253491
forecast_7122,2025-10-24 18:00:00,4148.540164893259,3137.342249231955,1074.9571123717078
forecast_7123,2025-10-24 19:00:00,4203.66914287185,3196.9277786652806,1095.1553416956203
forecast_7124,2025-10-24 20:00:00,3631.088802397763,3184.924984997082,923.2899731237716
forecast_7125,2025-10-24 21:00:00,3550.8388929325265,3123.646182186436,874.9428534449335
forecast_7126,2025-10-24 22:00:00,3554.7087228981036,2963.065471041486,863.2323201588359
forecast_7127,2025-10-24 23:00:00,3604.6482539737617,3161.5469753903553,922.1776180346674
forecast_7128,2025-10-25 00:00:00,3338.8853177104793,3657.7961618746926,969.2561643445239
forecast_7129,2025-10-25 01:00:00,2742.793689939824,3690.7283298287484,1135.1430964942188
forecast_7130,2025-10-25 02:00:00,2826.8341681229667,3886.8656431001446,1315.2470955064155
forecast_7131,2025-10-25 03:00:00,2990.876555294033,4057.9092696523207,1545.9169532072065
forecast_7132,2025-10-25 04:00:00,2790.426624613542,4166.456705955699,2227.1108042249616
forecast_7133,2025-10-25 05:00:00,2850.729974411465,4019.6413526488495,1732.216263714809
forecast_7134,2025-10-25 06:00:00,2786.635280727758,3651.0350603617035,1408.855046346333
forecast_7135,2025-10-25 07:00:00,2663.4500475939167,3889.1124748711754,1418.5244073347621
forecast_7136,2025-10-25 08:00:00,2484.343912542839,3649.643559677372,1343.4148741424738
forecast_7137,2025-10-25 09:00:00,1856.3853186802817,2000.7454156855724,1060.602999687464
forecast_7138,2025-10-25 10:00:00,1044.030740107483,1304.4773036059985,868.7464911479582
forecast_7139,2025-10-25 11:00:00,552.6924368270684,595.8279895184061,639.8882449927561
forecast_7140,2025-10-25 12:00:00,391.71621485839944,437.85812158427046,592.2321865353553
forecast_7141,2025-10-25 13:00:00,527.9401392934772,339.4737214582464,593.7111668609921
forecast_7142,2025-10-25 14:00:00,559.5067171285006,321.81692900728615,589.2304999536523
forecast_7143,2025-10-25 15:00:00,490.41380647010965,297.5517557283251,587.8623905407064
forecast_7144,2025-10-25 16:00:00,543.2454903870353,321.2293708953113,600.9399482399474
forecast_7145,2025-10-25 17:00:00,643.6130616540145,317.2041054508199,638.5282428448916
forecast_7146,2025-10-25 18:00:00,877.0486431760233,338.0481197749241,777.0604879254595
forecast_7147,2025-10-25 19:00:00,959.1448715272894,416.7631335980513,772.7675948442045
forecast_7148,2025-10-25 20:00:00,776.0607355236368,479.652825381458,708.9511022052108
forecast_7149,2025-10-25 21:00:00,713.2950472015659,518.6407439371743,669.1482459742413
forecast_7150,2025-10-25 22:00:00,768.8064109084173,622.7148372689358,726.02324270947
forecast_7151,2025-10-25 23:00:00,1067.745432816818,1040.8324822993409,830.9943530946585
forecast_7152,2025-10-26 00:00:00,1229.080568669691,1094.854060343678,810.2559166369274
forecast_7153,2025-10-26 01:00:00,1054.5562927272958,565.2429414178395,643.3716180196566
forecast_7154,2025-10-26 02:00:00,1068.0328557252035,551.0180071324444,626.5973555715799
forecast_7155,2025-10-26 03:00:00,1429.4096310820487,701.5081725353797,673.0367917748047
forecast_7156,2025-10-26 04:00:00,1958.8245892700406,898.2317117414013,734.5503132715064
forecast_7157,2025-10-26 05:00:00,2789.3925646510784,1486.1245372319909,1022.6633311953387
forecast_7158,2025-10-26 06:00:00,3920.5249213275015,2036.299300430982,1091.3704416762987
forecast_7159,2025-10-26 07:00:00,4394.488286883784,2723.4644405080326,1492.708270075833
forecast_7160,2025-10-26 08:00:00,4532.931763582822,3876.7480778022496,2396.602882981372
forecast_7161,2025-10-26 09:00:00,5429.634194017572,3679.2844613557627,2190.5160154531227
forecast_7162,2025-10-26 10:00:00,3951.9453665662445,2821.628476097013,1294.533510606278
forecast_7163,2025-10-26 11:00:00,3697.6233104089456,2249.7962446374795,1337.3493337119999
forecast_7164,2025-10-26 12:00:00,3563.209738160571,3286.790130504091,1802.1965795272768
forecast_7165,2025-10-26 13:00:00,3783.9271019669486,3419.247932762276,1972.7663533927218
forecast_7166,2025-10-26 14:00:00,4073.747437591194,3688.5348563265325,2130.486311305677
forecast_7167,2025-10-26 15:00:00,5616.934351375255,4376.071137258591,2501.672201759968
forecast_7168,2025-10-26 16:00:00,6927.6726949450685,5326.630387377905,3345.0247508804787
forecast_7169,2025-10-26 17:00:00,7083.206901590674,6972.025025642059,4704.192074391423
forecast_7170,2025-10-26 18:00:00,8150.00111843792,8841.456347405081,6380.546523896741
forecast_7171,2025-10-26 19:00:00,9175.561938362069,10086.02113022593,8707.137932253325
forecast_7172,2025-10-26 20:00:00,11105.343565076722,11885.232353715568,9635.738321388513
forecast_7173,2025-10-26 21:00:00,12010.286596972297,13407.499711403536,11856.00517210337
forecast_7174,2025-10-26 22:00:00,13303.7168907261,14339.946763558019,12406.85115943215
forecast_7175,2025-10-26 23:00:00,14198.794546627985,14391.198526309894,12642.7492763646
forecast_7176,2025-10-27 00:00:00,15019.139169596016,15120.759757432988,14050.130425368545
forecast_7177,2025-10-27 01:00:00,15369.929441714543,16757.860427094456,13256.835542002551
forecast_7178,2025-10-27 02:00:00,17578.91831117704,17010.424931129688,14721.238349104699
forecast_7179,2025-10-27 03:00:00,17896.77122210831,18229.666662042266,16144.386930961475
forecast_7180,2025-10-27 04:00:00,17745.71272162147,18699.077360917265,15618.862537179248
forecast_7181,2025-10-27 05:00:00,16819.164007765667,18078.7333635399,13809.948216326988
forecast_7182,2025-10-27 06:00:00,15028.787195157056,16925.100075966162,13200.16986495658
forecast_7183,2025-10-27 07:00:00,14887.290625639438,16360.749277605606,13123.8596481645
forecast_7184,2025-10-27 08:00:00,13677.737281430913,16542.17875496215,12818.348010398679
forecast_7185,2025-10-27 09:00:00,13378.098400792216,15266.535483540232,11624.851301323824
forecast_7186,2025-10-27 10:00:00,12377.90653400749,13168.829320319197,10290.044153389143
forecast_7187,2025-10-27 11:00:00,11674.034564528996,12828.08820181113,9763.689807023085
forecast_7188,2025-10-27 12:00:00,12347.218832548313,12329.69030778122,9914.883915622944
forecast_7189,2025-10-27 13:00:00,12977.315323408824,13073.442319027428,9738.206141507788
forecast_7190,2025-10-27 14:00:00,13291.935849818452,13343.184877505515,9341.230551066814
forecast_7191,2025-10-27 15:00:00,14071.107252417323,13782.797199395322,9833.547783784437
forecast_7192,2025-10-27 16:00:00,14412.124706846804,13947.115925608754,10136.696794786281
forecast_7193,2025-10-27 17:00:00,14905.271029151972,14476.009316683256,11699.106080626758
forecast_7194,2025-10-27 18:00:00,15042.33964698789,14438.263279157904,10961.63750080243
forecast_7195,2025-10-27 19:00:00,14921.993580478997,14435.503056932495,10100.62029613931
forecast_7196,2025-10-27 20:00:00,14801.765144019457,13969.635651652243,9709.924141480851
forecast_7197,2025-10-27 21:00:00,14475.094668589712,13876.713502535207,9605.519905533609
forecast_7198,2025-10-27 22:00:00,13433.515086097608,12899.601431503212,9349.184690080718
forecast_7199,2025-10-27 23:00:00,12404.07818182598,12989.431134472154,10187.450617277285
forecast_7200,2025-10-28 00:00:00,12251.584345137966,13200.973774649417,9689.601642459427
forecast_7201,2025-10-28 01:00:00,13095.09774504824,14618.694035993985,12191.195255616107
forecast_7202,2025-10-28 02:00:00,13751.650974725917,15057.01674483655,11843.37035625343
forecast_7203,2025-10-28 03:00:00,13183.548644083094,15596.732279443648,11283.55028677973
forecast_7204,2025-10-28 04:00:00,12656.499053209736,14985.112458073749,10352.962811466818
forecast_7205,2025-10-28 05:00:00,12216.050666919306,14242.959181015161,8736.887943723545
forecast_7206,2025-10-28 06:00:00,11754.578886510593,12899.436547456988,8008.871251631387
forecast_7207,2025-10-28 07:00:00,11392.955325643026,12235.12923825167,7181.504316544462
forecast_7208,2025-10-28 08:00:00,11109.44655852377,11990.03003239159,6481.231406949626
forecast_7209,2025-10-28 09:00:00,8725.403295815144,8810.63067832113,4681.945346453933
forecast_7210,2025-10-28 10:00:00,7031.248090208132,6237.813651704142,3529.04645546411
forecast_7211,2025-10-28 11:00:00,5228.117432069001,4769.027072606502,2626.162905882198
forecast_7212,2025-10-28 12:00:00,4793.803005039952,3977.194389385918,2436.4557350149007
forecast_7213,2025-10-28 13:00:00,4447.503089923412,3548.869937305407,2575.630942318758
forecast_7214,2025-10-28 14:00:00,4737.463357678068,3485.142834973546,2391.36917364104
forecast_7215,2025-10-28 15:00:00,5521.801430261402,3580.715864728463,2434.1262471263385
forecast_7216,2025-10-28 16:00:00,4985.172937790965,4123.320404327339,2424.434786463471
forecast_7217,2025-10-28 17:00:00,6592.095045754606,6112.985507025204,3110.941342436574
forecast_7218,2025-10-28 18:00:00,7129.732694783093,8072.525052238706,4739.010941666571
forecast_7219,2025-10-28 19:00:00,8263.21505900548,9377.135691556894,5996.314399539802
forecast_7220,2025-10-28 20:00:00,9316.898567471748,11535.928202613317,7344.4529851087955
forecast_7221,2025-10-28 21:00:00,10150.189961779157,12126.014917803052,7482.481670945954
forecast_7222,2025-10-28 22:00:00,10262.441956489496,12430.835902398836,7217.09756478158
forecast_7223,2025-10-28 23:00:00,10374.9562382189,11019.909063696165,7172.266466985336
forecast_7224,2025-10-29 00:00:00,10089.850101070522,10526.062824032299,6923.553137773844
forecast_7225,2025-10-29 01:00:00,8290.621434378165,9383.81874926386,5240.740661835122
forecast_7226,2025-10-29 02:00:00,7454.204826769032,7893.992146583059,3716.937579808746
forecast_7227,2025-10-29 03:00:00,6316.520267153313,7105.871717852714,3228.3747759974117
forecast_7228,2025-10-29 04:00:00,5633.762465828506,5953.006595213069,3053.6540665792872
forecast_7229,2025-10-29 05:00:00,4433.423607633182,4618.916050746851,2670.283810480898
forecast_7230,2025-10-29 06:00:00,3195.2096569417727,2922.6587408419928,2113.477978040965
forecast_7231,2025-10-29 07:00:00,2094.500831241979,1432.7707510372811,1024.0492033087303
forecast_7232,2025-10-29 08:00:00,999.6994535089328,883.3539374292411,723.9064498985965
forecast_7233,2025-10-29 09:00:00,361.09447394673646,474.84808148044067,536.26186291271
forecast_7234,2025-10-29 10:00:00,240.97876304879276,291.8482742340553,535.0469569221093
forecast_7235,2025-10-29 11:00:00,219.96815216805751,246.52644782157935,535.0469569221093
forecast_7236,2025-10-29 12:00:00,215.11111450771386,245.87907690799992,535.0469569221093
forecast_7237,2025-10-29 13:00:00,215.29852822130715,245.87907690799992,535.0469569221093
forecast_7238,2025-10-29 14:00:00,226.9065031761706,244.78684857333678,535.0469569221093
forecast_7239,2025-10-29 15:00:00,228.24005408173832,245.87907690799992,535.0469569221093
forecast_7240,2025-10-29 16:00:00,254.05534094025705,279.6971442455872,535.0469569221093
forecast_7241,2025-10-29 17:00:00,288.58233669103157,348.51719903488674,548.3508358738832
forecast_7242,2025-10-29 18:00:00,435.62687630340645,486.99431008736167,645.1285059936612
forecast_7243,2025-10-29 19:00:00,1123.2511027525686,882.1864104363688,1128.118539911026
forecast_7244,2025-10-29 20:00:00,1729.4124760138634,1789.0607357312979,1693.3688399908704
forecast_7245,2025-10-29 21:00:00,2347.9458648072855,3381.177753954903,3530.373171729916
forecast_7246,2025-10-29 22:00:00,3732.3666312713476,4736.025732407045,5025.659197047285
forecast_7247,2025-10-29 23:00:00,4463.315603695699,4877.346215493151,5522.525879921316
forecast_7248,2025-10-30 00:00:00,5702.010728213761,6088.2671480114195,6226.4064664658945
forecast_7249,2025-10-30 01:00:00,6371.546943035579,7010.538464486175,7504.061018678475
forecast_7250,2025-10-30 02:00:00,8059.056573812912,9592.522574349527,9087.726283310913
forecast_7251,2025-10-30 03:00:00,10735.710586340057,13812.13350904479,11285.317055769863
forecast_7252,2025-10-30 04:00:00,12324.3282706475,14780.963843093858,12671.650590534691
forecast_7253,2025-10-30 05:00:00,12814.13811363613,13560.720251755729,12641.097249523906
forecast_7254,2025-10-30 06:00:00,12480.824124659817,12707.931788356003,11943.094759802529
forecast_7255,2025-10-30 07:00:00,10446.273199717283,11557.009270118197,9626.117016844395
forecast_7256,2025-10-30 08:00:00,9236.079554613458,9757.747826606657,7682.957087150867
forecast_7257,2025-10-30 09:00:00,8302.788154171043,8283.14106025859,5426.962925796666
forecast_7258,2025-10-30 10:00:00,6276.777268185693,5126.56382635622,3170.452649224502
forecast_7259,2025-10-30 11:00:00,3656.9719270285364,3213.429061549679,1383.6736612606283
forecast_7260,2025-10-30 12:00:00,2577.3323604661364,2004.9547034403527,1112.218510237336
forecast_7261,2025-10-30 13:00:00,1850.3433129662867,1384.482810729923,1029.747015599358
forecast_7262,2025-10-30 14:00:00,1449.5829536064773,1044.8250830309412,872.7311500010267
forecast_7263,2025-10-30 15:00:00,1272.9279181580898,825.1465918344836,815.4363489158243
forecast_7264,2025-10-30 16:00:00,1265.6151174629158,849.2717382373472,938.8196787417353
forecast_7265,2025-10-30 17:00:00,2402.3121125886178,1312.4310507387174,1191.6747768156774
forecast_7266,2025-10-30 18:00:00,2825.763909996811,2083.086483982007,1728.917256069133
forecast_7267,2025-10-30 19:00:00,2766.8835262526804,1585.883797458839,1264.275703850439
forecast_7268,2025-10-30 20:00:00,2726.913593580751,1410.317071225165,1979.3881339649442
forecast_7269,2025-10-30 21:00:00,2665.641343987715,1234.6191373757285,1847.3740198731546
forecast_7270,2025-10-30 22:00:00,1805.4585779020624,929.9876049294021,1002.5293910596467
forecast_7271,2025-10-30 23:00:00,1071.8145323474387,834.2644816659805,760.5709806763199
forecast_7272,2025-10-31 00:00:00,856.634233948535,569.9799384979523,652.2316941577608
forecast_7273,2025-10-31 01:00:00,523.9728849959924,418.7374024819029,553.1589873087406
forecast_7274,2025-10-31 02:00:00,272.2257764034266,301.0543352344247,536.6957589240625
forecast_7275,2025-10-31 03:00:00,281.6208582932303,301.98973172769354,535.4808529334618
forecast_7276,2025-10-31 04:00:00,289.9072377272439,279.09992694297944,535.4808529334618
forecast_7277,2025-10-31 05:00:00,338.6797795868879,294.9569060195703,535.4808529334618
forecast_7278,2025-10-31 06:00:00,417.73681087292465,320.07687176743156,537.2251881711647
forecast_7279,2025-10-31 07:00:00,496.87439954375577,318.1874895204203,536.6957589240625
forecast_7280,2025-10-31 08:00:00,463.8433277147782,304.73348129726406,536.6957589240625
forecast_7281,2025-10-31 09:00:00,360.7130319091498,316.7846614140208,535.6897121864201
forecast_7282,2025-10-31 10:00:00,252.32127338237075,285.0220168796185,535.8279709373071
forecast_7283,2025-10-31 11:00:00,251.7255935865041,276.4734134722145,535.2558161750676
forecast_7284,2025-10-31 12:00:00,248.4649916710955,268.308227633882,535.0469569221093
forecast_7285,2025-10-31 13:00:00,225.99149471230749,253.93605833229302,535.0469569221093
forecast_7286,2025-10-31 14:00:00,222.45470219176946,246.52717784811387,535.0469569221093
forecast_7287,2025-10-31 15:00:00,217.61174279430685,245.9408466354658,535.0469569221093
forecast_7288,2025-10-31 16:00:00,257.3923904238886,401.3773193365101,548.3508358738832
forecast_7289,2025-10-31 17:00:00,446.8986169529776,538.6311140539964,594.7257728617512
forecast_7290,2025-10-31 18:00:00,1691.786201185335,1351.2181323837344,1153.72077817798
forecast_7291,2025-10-31 19:00:00,3771.8175298210017,3599.4329032029436,1880.1090993849466
forecast_7292,2025-10-31 20:00:00,4955.0234656854045,5472.605578249315,3837.7681500993967
forecast_7293,2025-10-31 21:00:00,7753.882679843605,7841.2588779289335,6139.148208900072
forecast_7294,2025-10-31 22:00:00,9447.222697918267,9427.316856695528,7787.846953294391
forecast_7295,2025-10-31 23:00:00,10623.44649228298,10600.401023804638,8340.493060651954
forecast_7296,2025-11-01 00:00:00,11573.16041776019,12466.932914870595,8736.732344615715
forecast_7297,2025-11-01 01:00:00,11840.77321294399,13083.074435545957,8837.94903543769
forecast_7298,2025-11-01 02:00:00,12275.134296543858,13852.73900965683,9403.504445300048
forecast_7299,2025-11-01 03:00:00,11480.910278576077,12936.260997634428,10131.630188335965
forecast_7300,2025-11-01 04:00:00,11408.078008897948,12395.076381302692,11712.220208678998
forecast_7301,2025-11-01 05:00:00,11680.976771937483,13175.16092157974,12001.286659198824
forecast_7302,2025-11-01 06:00:00,12490.235118306537,13409.875657835732,12086.314455948293
forecast_7303,2025-11-01 07:00:00,12997.448648322788,13978.73759375573,12385.53516461078
forecast_7304,2025-11-01 08:00:00,14124.476807801917,14068.973040111498,13390.75842838801
forecast_7305,2025-11-01 09:00:00,14707.65525716243,15000.097096335227,12774.543377888818
forecast_7306,2025-11-01 10:00:00,15029.874148542478,15266.239905983939,13033.886707828442
forecast_7307,2025-11-01 11:00:00,15188.441111709271,14970.920094827481,11601.413588031419
forecast_7308,2025-11-01 12:00:00,14559.185368495197,14498.939781886764,10107.830592606902
forecast_7309,2025-11-01 13:00:00,14739.756565829273,13736.83880364417,9902.716511481307
forecast_7310,2025-11-01 14:00:00,14516.82046254751,13338.61928815654,9300.760363930498
forecast_7311,2025-11-01 15:00:00,14177.185443032216,13020.920047982809,9385.69682110415
forecast_7312,2025-11-01 16:00:00,14145.471876673826,12940.607189319864,9880.287237725155
forecast_7313,2025-11-01 17:00:00,14425.770837160791,13401.239288449407,10776.734771314357
forecast_7314,2025-11-01 18:00:00,15058.916577380882,13910.26606863258,11247.705204561005
forecast_7315,2025-11-01 19:00:00,15564.949769007231,14533.146705903475,12669.852620496898
forecast_7316,2025-11-01 20:00:00,15965.45533534763,15977.541845692183,14236.633231752363
forecast_7317,2025-11-01 21:00:00,16400.92028346497,16909.615925649938,14444.279272101552
forecast_7318,2025-11-01 22:00:00,15856.562491229208,16714.248001709864,13799.324532863404
forecast_7319,2025-11-01 23:00:00,16315.024989801108,17024.166625523707,14396.867458870773
forecast_7320,2025-11-02 00:00:00,16202.615374766681,16270.77236296856,14919.046972149123
forecast_7321,2025-11-02 01:00:00,15965.03967338313,16511.10150203281,14329.364177400588
forecast_7322,2025-11-02 02:00:00,16071.43182616503,16579.94544489301,14261.69622135659
forecast_7323,2025-11-02 03:00:00,16237.546390993328,15972.992113331366,14171.950762668961
forecast_7324,2025-11-02 04:00:00,16301.91443343553,15088.362355545512,14555.66110467083
forecast_7325,2025-11-02 05:00:00,16471.04640978546,15806.128070164988,14332.86969509442
forecast_7326,2025-11-02 06:00:00,16827.343177706513,16964.573787339265,14630.582048533532
forecast_7327,2025-11-02 07:00:00,17195.157568023526,17637.280491182766,15171.861927535068
forecast_7328,2025-11-02 08:00:00,17626.767384081137,18129.351384968202,16488.370540976553
forecast_7329,2025-11-02 09:00:00,17591.645188263275,18030.042632084493,16951.552083416842
forecast_7330,2025-11-02 10:00:00,17552.3404268278,18309.973659171475,16619.684641903426
forecast_7331,2025-11-02 11:00:00,17343.28364506883,17977.352921119797,16484.289065998328
forecast_7332,2025-11-02 12:00:00,16921.846986418932,17080.063512431432,14401.562579327849
forecast_7333,2025-11-02 13:00:00,16210.567220951492,15733.690171900458,13737.485044576872
forecast_7334,2025-11-02 14:00:00,15461.37632129786,15685.891646226311,12532.816094426922
forecast_7335,2025-11-02 15:00:00,15460.262857299098,14863.757526284962,11399.059432908902
forecast_7336,2025-11-02 16:00:00,14948.398893892565,13973.575390268721,10545.348298543431
forecast_7337,2025-11-02 17:00:00,14635.704113337639,13722.139826819493,9831.480320738474
forecast_7338,2025-11-02 18:00:00,14418.753615437829,13087.125443643952,9440.630160887184
forecast_7339,2025-11-02 19:00:00,14249.871937514636,12551.31659030791,9708.603711818825
forecast_7340,2025-11-02 20:00:00,12911.393271340474,11635.936593686669,8635.672456761582
forecast_7341,2025-11-02 21:00:00,10887.12942336564,10031.259128587788,7019.814480169402
forecast_7342,2025-11-02 22:00:00,9796.169433776919,9779.509181952695,6828.093271576627
forecast_7343,2025-11-02 23:00:00,9692.26526532516,8827.015348649787,7184.943439472794
forecast_7344,2025-11-03 00:00:00,8406.450430266037,7222.500017721005,6745.503369779695
forecast_7345,2025-11-03 01:00:00,7047.994157017389,4980.494060942219,6219.9082571952995
forecast_7346,2025-11-03 02:00:00,4714.100990921455,3872.496166676984,5302.897591017524
forecast_7347,2025-11-03 03:00:00,3846.926488312065,2397.8670279190765,4299.167297775748
forecast_7348,2025-11-03 04:00:00,2590.753622545513,1464.771949483542,3254.844496575731
forecast_7349,2025-11-03 05:00:00,2504.749734047456,1473.2627381749662,2943.029888489792
forecast_7350,2025-11-03 06:00:00,2916.210864366524,3049.2517096242077,3067.672108957118
forecast_7351,2025-11-03 07:00:00,3982.9811206836102,3491.7629901596706,3771.5826372566917
forecast_7352,2025-11-03 08:00:00,2934.811674531864,3309.589827122765,3904.6911090708927
forecast_7353,2025-11-03 09:00:00,1809.3245208204266,2927.4052582928184,3160.8145284065276
forecast_7354,2025-11-03 10:00:00,1032.2538625850311,1614.8166388116242,1654.6253852500006
forecast_7355,2025-11-03 11:00:00,604.2099477610252,744.3209851054505,977.6831722422955
forecast_7356,2025-11-03 12:00:00,237.08433088993036,347.2213016500381,647.1594643940899
forecast_7357,2025-11-03 13:00:00,220.68089668590792,295.3034442610982,576.5693038382775
forecast_7358,2025-11-03 14:00:00,214.0821253789618,246.9333525064886,535.6029341789128
forecast_7359,2025-11-03 15:00:00,219.32061198482083,257.46644397558816,535.0469569221093
forecast_7360,2025-11-03 16:00:00,243.12887936223416,323.22263026916175,535.0469569221093
forecast_7361,2025-11-03 17:00:00,347.5520941606495,588.1274951091741,536.26186291271
forecast_7362,2025-11-03 18:00:00,1209.2676346993633,1005.6003908179451,576.4833954711314
forecast_7363,2025-11-03 19:00:00,1958.1751073574055,1941.918704882596,830.956310191587
forecast_7364,2025-11-03 20:00:00,3398.6255750197834,3821.0974195420213,1523.7228081347325
forecast_7365,2025-11-03 21:00:00,4670.2910025352685,5653.284572925419,2632.4100471273764
forecast_7366,2025-11-03 22:00:00,7090.226641202036,7440.076769012209,4132.887560431046
forecast_7367,2025-11-03 23:00:00,8676.668519323806,8792.55022961255,5637.06752958526
forecast_7368,2025-11-04 00:00:00,9308.20523862031,9585.184122517472,7444.090891986318
forecast_7369,2025-11-04 01:00:00,11128.974478330983,11227.041771246442,7494.2808869907
forecast_7370,2025-11-04 02:00:00,11523.39603529679,11813.751242943405,8017.965462785431
forecast_7371,2025-11-04 03:00:00,11757.077003170894,13188.043306594214,8152.529692420943
forecast_7372,2025-11-04 04:00:00,12580.93413760274,13844.485842786566,8709.111297071373
forecast_7373,2025-11-04 05:00:00,13447.10638448497,14312.516763690484,8896.939977755439
forecast_7374,2025-11-04 06:00:00,14054.277381330425,15764.622029766437,10153.085874533484
forecast_7375,2025-11-04 07:00:00,14611.500984064447,16570.2834245293,11038.65389215631
forecast_7376,2025-11-04 08:00:00,15178.008391498524,16800.06838669574,13649.749455578329
forecast_7377,2025-11-04 09:00:00,13971.90057167165,16572.323462217948,13286.051061003629
forecast_7378,2025-11-04 10:00:00,12638.698142126184,15027.77056196876,11368.95802168744
forecast_7379,2025-11-04 11:00:00,11869.22291744269,14052.25757701267,10831.052640647338
forecast_7380,2025-11-04 12:00:00,11087.053703756175,11979.81619208502,9797.716443500494
forecast_7381,2025-11-04 13:00:00,10664.920916410678,11380.636524553274,8646.718957313413
forecast_7382,2025-11-04 14:00:00,10178.966138342212,10176.319232114267,7882.772950212109
forecast_7383,2025-11-04 15:00:00,10368.429867316085,11360.435581690012,7532.0338153638095
forecast_7384,2025-11-04 16:00:00,10814.575137309914,10339.18598488655,7701.605372506539
forecast_7385,2025-11-04 17:00:00,11405.156060894105,12249.566916980948,8257.743902897597
forecast_7386,2025-11-04 18:00:00,11539.101302190802,11967.610604386606,8383.57531785352
forecast_7387,2025-11-04 19:00:00,12612.859826581489,13639.843756504037,8970.166635205831
forecast_7388,2025-11-04 20:00:00,12462.262560805377,13093.099514439744,8811.405807608284
forecast_7389,2025-11-04 21:00:00,11710.212741786092,12319.080605756302,8018.24072415065
forecast_7390,2025-11-04 22:00:00,11109.373149714931,11138.087612571771,8149.506655286785
forecast_7391,2025-11-04 23:00:00,9180.930605721614,9980.739924363605,6897.3213817013
forecast_7392,2025-11-05 00:00:00,8195.838247490552,8713.75398882495,5557.716000726919
forecast_7393,2025-11-05 01:00:00,7617.9140757185105,8344.963646585404,5033.128107541298
forecast_7394,2025-11-05 02:00:00,6596.218374401332,6335.910160603451,3672.162887992343
forecast_7395,2025-11-05 03:00:00,4350.566146797291,3324.8818106920294,2090.708232474826
forecast_7396,2025-11-05 04:00:00,2369.5033505462934,2068.014320311795,918.6949834909544
forecast_7397,2025-11-05 05:00:00,1258.518779270611,1174.335873703725,594.4053828595013
forecast_7398,2025-11-05 06:00:00,579.6890371251113,692.2035254738662,548.6979538777283
forecast_7399,2025-11-05 07:00:00,373.2102653992855,469.419913830046,535.0469569221093
forecast_7400,2025-11-05 08:00:00,251.53543265760857,333.0573267784929,535.0469569221093
forecast_7401,2025-11-05 09:00:00,230.31870351580216,263.6167465701285,535.0469569221093
forecast_7402,2025-11-05 10:00:00,222.46157943545307,250.63368473578817,535.0469569221093
forecast_7403,2025-11-05 11:00:00,224.50607140726953,257.4113555129237,535.0469569221093
forecast_7404,2025-11-05 12:00:00,226.31060320562963,254.09380929344962,535.0469569221093
forecast_7405,2025-11-05 13:00:00,229.4665593873136,254.17381831133332,535.0469569221093
forecast_7406,2025-11-05 14:00:00,221.40750881212443,249.7518108515036,535.0469569221093
forecast_7407,2025-11-05 15:00:00,223.12906606079116,248.31378869967324,535.0469569221093
forecast_7408,2025-11-05 16:00:00,231.37246364848897,267.7567113000606,535.0469569221093
forecast_7409,2025-11-05 17:00:00,225.06838355313485,246.92379162740147,535.0469569221093
forecast_7410,2025-11-05 18:00:00,259.43989125142707,250.25342628258437,535.0469569221093
forecast_7411,2025-11-05 19:00:00,291.76896884297804,275.77524794574896,535.2558161750676
forecast_7412,2025-11-05 20:00:00,304.3760985226022,341.4309011280834,535.6029341789128
forecast_7413,2025-11-05 21:00:00,361.4827298763338,384.2296188833314,553.5236099298546
forecast_7414,2025-11-05 22:00:00,469.3770999833632,585.8546890291099,643.775140408321
forecast_7415,2025-11-05 23:00:00,794.3532617128483,794.3405963441893,734.154545787422
forecast_7416,2025-11-06 00:00:00,1600.625219127906,1199.72240866176,1164.2039130202795
forecast_7417,2025-11-06 01:00:00,2720.177097304132,2273.3925934789904,1878.62085671053
forecast_7418,2025-11-06 02:00:00,3748.9888434998606,3666.6133200023296,3067.546615033003
forecast_7419,2025-11-06 03:00:00,4993.608532640928,4619.340647902362,3886.928846844443
forecast_7420,2025-11-06 04:00:00,5708.568703375444,5079.437475476512,4624.6430041043195
forecast_7421,2025-11-06 05:00:00,5735.146260843597,5626.335692248453,4817.876432804788
forecast_7422,2025-11-06 06:00:00,6528.955732542639,5924.4527811264325,5081.189370239456
forecast_7423,2025-11-06 07:00:00,5892.389609790687,5509.173332596343,4365.052945785293
forecast_7424,2025-11-06 08:00:00,4645.849189830695,4242.114411676444,2315.014533291314
forecast_7425,2025-11-06 09:00:00,2186.974108781419,1944.022955901084,831.522837426218
forecast_7426,2025-11-06 10:00:00,1002.3913316352771,838.7040641055323,559.0954258013293
forecast_7427,2025-11-06 11:00:00,259.02177175887755,342.8322406456963,535.0469569221093
forecast_7428,2025-11-06 12:00:00,216.19581071372315,244.58184776255388,535.0469569221093
forecast_7429,2025-11-06 13:00:00,216.813767875809,245.6910307306565,535.0469569221093
forecast_7430,2025-11-06 14:00:00,216.64159796527073,245.92081465055253,535.0469569221093
forecast_7431,2025-11-06 15:00:00,214.58674497492476,245.72903587199949,535.4808529334618
forecast_7432,2025-11-06 16:00:00,216.08330738858407,248.30619277611868,535.8279709373071
forecast_7433,2025-11-06 17:00:00,233.40710890195004,280.67664093862516,537.9862494400332
forecast_7434,2025-11-06 18:00:00,326.6719374759112,368.620717905907,583.7172572841007
forecast_7435,2025-11-06 19:00:00,335.9352314845751,398.59543205687027,605.7874744635462
forecast_7436,2025-11-06 20:00:00,288.51736703168444,457.624411912033,583.2902542289852
forecast_7437,2025-11-06 21:00:00,325.4563345973879,440.39249874921063,554.1888534571599
forecast_7438,2025-11-06 22:00:00,298.59035147543983,410.50304823212036,537.251736180866
forecast_7439,2025-11-06 23:00:00,311.7483067606279,415.39188493823747,552.2999503703428
forecast_7440,2025-11-07 00:00:00,355.993439093618,549.8740132127873,554.4014982795576
forecast_7441,2025-11-07 01:00:00,652.986674362485,847.2875344655041,620.6623117770941
forecast_7442,2025-11-07 02:00:00,1252.4555496779521,1412.5760509717013,928.4016190176355
forecast_7443,2025-11-07 03:00:00,2085.555252888264,1811.5004966250274,1174.136153456919
forecast_7444,2025-11-07 04:00:00,2796.2280307185965,2883.1519544257476,1448.6178017811933
forecast_7445,2025-11-07 05:00:00,2700.4488033309563,3277.468661794566,2301.909358722797
forecast_7446,2025-11-07 06:00:00,2099.094731760981,2116.1107566085207,1724.7059826128057
forecast_7447,2025-11-07 07:00:00,1338.4166472587829,1034.1867989790705,978.6707878890959
forecast_7448,2025-11-07 08:00:00,785.5127665745404,626.1618860745955,591.3959571429816
forecast_7449,2025-11-07 09:00:00,312.3535282753091,350.9507275332498,549.5657418644838
forecast_7450,2025-11-07 10:00:00,239.9553615419782,246.26748647928412,535.0469569221093
forecast_7451,2025-11-07 11:00:00,217.31892168860495,242.4905235577601,535.0469569221093
forecast_7452,2025-11-07 12:00:00,219.22128896854218,253.4609403804976,535.3940749259546
forecast_7453,2025-11-07 13:00:00,252.25569203379092,355.6933762847595,538.7067432563306
forecast_7454,2025-11-07 14:00:00,318.9877590895645,449.6018602393383,592.2487795489576
forecast_7455,2025-11-07 15:00:00,653.0160827822083,711.1703765988201,761.0821087348941
forecast_7456,2025-11-07 16:00:00,1402.2364249285795,1520.3364769547384,835.8203249950612
forecast_7457,2025-11-07 17:00:00,2142.5846021130983,3097.3586317491818,969.4242499410259
forecast_7458,2025-11-07 18:00:00,3234.7418850809854,3389.810777118326,1228.445487480711
forecast_7459,2025-11-07 19:00:00,4083.6849511156547,3538.9465411166757,1901.9272782659182
forecast_7460,2025-11-07 20:00:00,4243.510585695236,3600.0214165246753,1992.1701651774151
forecast_7461,2025-11-07 21:00:00,3584.978382581555,3690.395274439147,2198.7140603840244
forecast_7462,2025-11-07 22:00:00,3289.975273302386,3419.402830055329,1942.0530220056226
forecast_7463,2025-11-07 23:00:00,3295.68155466283,3198.5709644131157,1727.63824844331
forecast_7464,2025-11-08 00:00:00,3205.1279103686647,3120.6397542594914,1585.807428548169
forecast_7465,2025-11-08 01:00:00,3615.359283642987,3386.0956070767743,1256.5296578888156
forecast_7466,2025-11-08 02:00:00,3858.0487772410743,3413.8651551543367,1181.7978735751253
forecast_7467,2025-11-08 03:00:00,3675.170053839656,3074.0981384101256,1078.1094726747342
forecast_7468,2025-11-08 04:00:00,3328.550007891627,3169.4534638256346,1082.7572470460568
forecast_7469,2025-11-08 05:00:00,3367.9059159360004,3232.808800321966,1190.3564041275242
forecast_7470,2025-11-08 06:00:00,3244.411034956547,3452.0982270899576,1271.8149254043053
forecast_7471,2025-11-08 07:00:00,2599.6019005346247,2927.797159207984,991.9464138290689
forecast_7472,2025-11-08 08:00:00,2067.051240784517,1970.1797947953996,808.6182191355244
forecast_7473,2025-11-08 09:00:00,1770.8869865813685,1284.7845721531844,660.9912289829963
forecast_7474,2025-11-08 10:00:00,1558.3002242110856,1124.0651904401404,555.0642022542481
forecast_7475,2025-11-08 11:00:00,1208.849492699226,1073.8779748581596,555.0642022542481
forecast_7476,2025-11-08 12:00:00,1188.5772532724711,1314.0069914051742,705.5891004419917
forecast_7477,2025-11-08 13:00:00,1304.739580535113,1569.8698120481872,838.960091876448
forecast_7478,2025-11-08 14:00:00,1473.0761613246132,1706.0175220049657,868.7628310692463
forecast_7479,2025-11-08 15:00:00,2208.6776305613953,2230.341353557208,1032.4521319394992
forecast_7480,2025-11-08 16:00:00,2838.754501968668,3700.9126001959476,1750.93737304577
forecast_7481,2025-11-08 17:00:00,3912.820255978806,5206.123292587383,1565.8307901690907
forecast_7482,2025-11-08 18:00:00,4409.699161824245,6687.079799717552,2553.3523884034885
forecast_7483,2025-11-08 19:00:00,5478.027985026399,7797.194337295185,3171.4673289673583
forecast_7484,2025-11-08 20:00:00,6228.598855180195,8502.276445173153,4502.762441510531
forecast_7485,2025-11-08 21:00:00,7828.424073646432,8724.152383782124,4745.687605455629
forecast_7486,2025-11-08 22:00:00,8586.918132816627,9435.960265441265,5812.049685619274
forecast_7487,2025-11-08 23:00:00,10153.400597648397,10045.24373617951,6802.282885584831
forecast_7488,2025-11-09 00:00:00,9230.08711026403,10451.354855118134,7239.620916073405
forecast_7489,2025-11-09 01:00:00,9331.956567547133,10256.253396362366,7078.820276497539
forecast_7490,2025-11-09 02:00:00,10979.511660950991,11300.167954135393,7664.704642333751
forecast_7491,2025-11-09 03:00:00,11722.457441040973,12705.37934979558,8065.912385344527
forecast_7492,2025-11-09 04:00:00,12210.309424618597,12574.239809458259,8909.770996812988
forecast_7493,2025-11-09 05:00:00,12977.09214267318,14468.227657422267,9385.654706488316
forecast_7494,2025-11-09 06:00:00,13920.816418089582,14481.940962127155,10699.804292169656
forecast_7495,2025-11-09 07:00:00,14240.856315734789,15370.519087009194,11433.049409350528
forecast_7496,2025-11-09 08:00:00,14099.03606968375,15571.752739362066,12142.94706820758
forecast_7497,2025-11-09 09:00:00,13765.878978243005,14371.983735610862,10125.589246766569
forecast_7498,2025-11-09 10:00:00,13083.111553773482,13497.09484067317,10039.963895979177
forecast_7499,2025-11-09 11:00:00,12242.383544658805,11637.138311013754,8743.107231304126
forecast_7500,2025-11-09 12:00:00,11133.636078041847,10766.523289139794,8079.455953175508
forecast_7501,2025-11-09 13:00:00,11382.75983087241,9872.594757606572,8862.912195674886
forecast_7502,2025-11-09 14:00:00,12158.642152617294,11022.963564637359,8484.553964805333
forecast_7503,2025-11-09 15:00:00,13003.302982357622,11473.514425974332,8481.961235828403
forecast_7504,2025-11-09 16:00:00,13606.117698294027,13007.731563689114,9476.018428274896
forecast_7505,2025-11-09 17:00:00,14273.806007457068,13740.460319102323,10583.993358280071
forecast_7506,2025-11-09 18:00:00,14718.427680895391,14447.474830487436,12663.732913530523
forecast_7507,2025-11-09 19:00:00,15865.57676132108,15662.615774967946,13928.403061001836
forecast_7508,2025-11-09 20:00:00,16712.287593103752,16172.556252059267,15092.616845673328
forecast_7509,2025-11-09 21:00:00,16730.854640120728,16409.124915027423,14771.502364946635
forecast_7510,2025-11-09 22:00:00,16521.907860789608,15364.845468183355,13971.03049921265
forecast_7511,2025-11-09 23:00:00,15158.76076241795,14935.419614304861,12150.570326231593
forecast_7512,2025-11-10 00:00:00,14422.752205193596,14208.003717392574,10898.055889029347
forecast_7513,2025-11-10 01:00:00,14266.389346384854,13814.973583122526,11036.139824553477
forecast_7514,2025-11-10 02:00:00,14192.74044080823,13772.444445458616,9880.873901254672
forecast_7515,2025-11-10 03:00:00,14160.082388614781,13511.737453274847,9032.748119335769
forecast_7516,2025-11-10 04:00:00,14302.440520361799,13723.667260946964,9764.954804109537
forecast_7517,2025-11-10 05:00:00,15527.520670744248,14511.033089424129,11721.844302176225
forecast_7518,2025-11-10 06:00:00,16152.663967175587,15277.81510032358,13810.381127055029
forecast_7519,2025-11-10 07:00:00,16275.821887625627,15491.803448933118,14174.470619787666
forecast_7520,2025-11-10 08:00:00,15103.982514333944,15357.737905718419,14173.684833948531
forecast_7521,2025-11-10 09:00:00,14589.8129099897,15336.744274155593,14134.966077290188
forecast_7522,2025-11-10 10:00:00,13779.89605444024,15034.739494258845,13354.1990244018
forecast_7523,2025-11-10 11:00:00,12936.86412710779,13235.926385704926,9787.688532571368
forecast_7524,2025-11-10 12:00:00,11330.57141852035,10161.223625856983,7667.217884507159
forecast_7525,2025-11-10 13:00:00,9302.37480113298,8897.442819885173,5902.872469539119
forecast_7526,2025-11-10 14:00:00,8430.993063705699,7988.565532973878,5211.374958075383
forecast_7527,2025-11-10 15:00:00,7946.949576297272,7855.3644778199905,5457.9483239845085
forecast_7528,2025-11-10 16:00:00,8418.326477570532,8603.425892485391,7324.818660609238
forecast_7529,2025-11-10 17:00:00,10794.042213234996,10590.64437154702,8197.447401579728
forecast_7530,2025-11-10 18:00:00,13180.101973048437,12649.339554227194,9841.738773810112
forecast_7531,2025-11-10 19:00:00,14981.021755683378,14846.658746639769,12744.65780295497
forecast_7532,2025-11-10 20:00:00,16785.88906117763,16533.078654993253,14310.593966717877
forecast_7533,2025-11-10 21:00:00,18781.638460080827,17740.46950639887,14993.844709439854
forecast_7534,2025-11-10 22:00:00,19323.10636803639,18893.178712610068,15643.686698714395
forecast_7535,2025-11-10 23:00:00,19563.546419812985,19310.98466447516,16859.024613323727
forecast_7536,2025-11-11 00:00:00,19723.039342093303,19214.30055874884,16847.03562668251
forecast_7537,2025-11-11 01:00:00,20019.62470381307,19217.79414655485,16006.112954990385
forecast_7538,2025-11-11 02:00:00,19475.18260798899,18245.636168882014,14090.756693229323
forecast_7539,2025-11-11 03:00:00,17397.81946948832,16837.148746367915,11840.233065529248
forecast_7540,2025-11-11 04:00:00,16200.77939346758,16300.313433295974,10131.435873576056
forecast_7541,2025-11-11 05:00:00,12519.386751610371,13240.67219286077,8027.7627774817975
forecast_7542,2025-11-11 06:00:00,10588.916379530585,10024.944405478918,5618.305158443753
forecast_7543,2025-11-11 07:00:00,8501.393115026547,6902.741341410165,4271.731508557308
forecast_7544,2025-11-11 08:00:00,7375.804229780624,5351.8469429302495,2758.2402478121576
forecast_7545,2025-11-11 09:00:00,4836.622260484547,3705.1926589064865,1942.4404151518333
forecast_7546,2025-11-11 10:00:00,3332.5683919352477,1955.6418775010156,1108.3157350063555
forecast_7547,2025-11-11 11:00:00,2272.2950835082183,1672.1278701254087,1092.9083545053481
forecast_7548,2025-11-11 12:00:00,2033.2499007402669,1276.158482925283,962.3274847832229
forecast_7549,2025-11-11 13:00:00,1479.3522304499907,820.0406989619105,924.3427910072653
forecast_7550,2025-11-11 14:00:00,1497.2029488157373,639.4777893843503,871.5247972952361
forecast_7551,2025-11-11 15:00:00,1155.6014124194685,483.334604547512,756.3873244859952
forecast_7552,2025-11-11 16:00:00,822.5961205928313,340.0792680373321,551.6981188117365
forecast_7553,2025-11-11 17:00:00,772.3220115393027,319.8003087117156,551.2296122288562
forecast_7554,2025-11-11 18:00:00,756.8665566390836,347.47324224873284,549.4394178916666
forecast_7555,2025-11-11 19:00:00,459.08179118929024,364.193271745997,536.7713434494326
forecast_7556,2025-11-11 20:00:00,491.0203418676351,500.25894096635795,535.8279709373071
forecast_7557,2025-11-11 21:00:00,754.4124857401894,660.4707748711155,537.251736180866
forecast_7558,2025-11-11 22:00:00,817.3766809435366,869.8044133806195,538.9960714185689
forecast_7559,2025-11-11 23:00:00,924.0967410767473,1068.5164321561613,571.6709470272384
forecast_7560,2025-11-12 00:00:00,1142.1809962112532,1127.422597154088,629.8248404804968
forecast_7561,2025-11-12 01:00:00,1303.0801785655312,1103.6226061211287,613.732450458898
forecast_7562,2025-11-12 02:00:00,1370.1950413804022,1368.510258096328,714.5748928223007
forecast_7563,2025-11-12 03:00:00,1836.7767169955507,1932.688117482844,883.1237131222174
forecast_7564,2025-11-12 04:00:00,1974.9357335047048,2565.3361834430107,996.1035352697728
forecast_7565,2025-11-12 05:00:00,2420.2552099361606,3932.213145666855,1332.2988579148257
forecast_7566,2025-11-12 06:00:00,3456.5020947024564,5265.92071588916,1707.8360669664712
forecast_7567,2025-11-12 07:00:00,4391.247236858017,6780.364510853715,3198.319051966702
forecast_7568,2025-11-12 08:00:00,5244.44730723822,7392.054493147352,3612.124159794145
forecast_7569,2025-11-12 09:00:00,6055.1436531249155,7165.994427605914,3590.421754918463
forecast_7570,2025-11-12 10:00:00,4440.315384171174,5390.70634076715,2719.7729730245233
forecast_7571,2025-11-12 11:00:00,4127.887803061114,3941.770983512143,3048.016993113671
forecast_7572,2025-11-12 12:00:00,4474.62168122007,4255.632141814717,3781.61791623988
forecast_7573,2025-11-12 13:00:00,5220.038204566884,4887.680122695964,4442.56855137621
forecast_7574,2025-11-12 14:00:00,6131.062029114328,6333.5668470903065,4871.770331858353
forecast_7575,2025-11-12 15:00:00,7038.1986486310125,7251.448238834213,5277.47461034434
forecast_7576,2025-11-12 16:00:00,7712.735681827771,8566.992008430941,6360.942694157237
forecast_7577,2025-11-12 17:00:00,10016.841016131655,11057.11144959832,8636.383895424902
forecast_7578,2025-11-12 18:00:00,12489.940267912758,14014.668936248105,11195.230662929094
forecast_7579,2025-11-12 19:00:00,15175.461251988885,15497.08702003275,13324.824046019907
forecast_7580,2025-11-12 20:00:00,16262.233402949803,17484.139487123175,14989.101241197985
forecast_7581,2025-11-12 21:00:00,17537.897983775452,18096.381423717132,16363.541669396782
forecast_7582,2025-11-12 22:00:00,18537.283903708056,18566.010936457333,17211.116571804385
forecast_7583,2025-11-12 23:00:00,19172.934568426215,19172.078323360234,18022.463059318703
forecast_7584,2025-11-13 00:00:00,20093.522861400015,19518.818891443007,17951.61222129211
forecast_7585,2025-11-13 01:00:00,20521.282024491567,19426.03870105152,17757.454596028525
forecast_7586,2025-11-13 02:00:00,20296.054268955373,19322.305112636855,18250.95854756478
forecast_7587,2025-11-13 03:00:00,20199.79993425829,19472.848156556247,18403.236344898036
forecast_7588,2025-11-13 04:00:00,19813.066479148376,19112.65012034151,18148.68492114717
forecast_7589,2025-11-13 05:00:00,19139.913246690325,18847.30411727956,17352.338363566407
forecast_7590,2025-11-13 06:00:00,19139.41029208205,17945.66875424977,16471.009383945373
forecast_7591,2025-11-13 07:00:00,18353.66594521356,17236.444437310005,15498.989491369737
forecast_7592,2025-11-13 08:00:00,16796.644286692317,15897.01916506162,14684.114916251896
forecast_7593,2025-11-13 09:00:00,14870.852046135107,14483.145313018984,11671.024640782614
forecast_7594,2025-11-13 10:00:00,11114.678583404411,11803.7834128721,9004.271452851728
forecast_7595,2025-11-13 11:00:00,8822.936009914203,9522.773498960978,7532.226624139583
forecast_7596,2025-11-13 12:00:00,7842.404886469036,8312.220148045999,5579.888725769912
forecast_7597,2025-11-13 13:00:00,7060.862601542768,6609.078021436232,3551.9987112326826
forecast_7598,2025-11-13 14:00:00,5765.087067588416,5131.315940465487,2463.6520076051575
forecast_7599,2025-11-13 15:00:00,4837.542800095943,4466.947129413936,1858.832083073773
forecast_7600,2025-11-13 16:00:00,5027.5494401698925,4543.730273767587,1490.880077530193
forecast_7601,2025-11-13 17:00:00,6576.110078309015,5671.824889337278,2388.687581903408
forecast_7602,2025-11-13 18:00:00,7372.870229075028,7420.755337260418,3916.382313341437
forecast_7603,2025-11-13 19:00:00,8143.103728781636,8165.345491143244,4432.689287967611
forecast_7604,2025-11-13 20:00:00,8038.12538508079,8012.0957804278,4346.313814554685
forecast_7605,2025-11-13 21:00:00,8206.237675119493,8334.457071747534,5529.394061307047
forecast_7606,2025-11-13 22:00:00,8509.77209924191,8289.233515781172,6260.000250015491
forecast_7607,2025-11-13 23:00:00,8375.647655322686,9055.144694943301,7042.810403635092
forecast_7608,2025-11-14 00:00:00,7814.9048939494005,8811.070929038046,6355.760717344341
forecast_7609,2025-11-14 01:00:00,5062.3991224137835,5687.403408333402,3535.3533505763708
forecast_7610,2025-11-14 02:00:00,3475.3004334465004,4203.52160894917,2670.717183487759
forecast_7611,2025-11-14 03:00:00,3532.8059360956368,4215.746473928002,2644.585166045292
forecast_7612,2025-11-14 04:00:00,3020.5026213265132,4231.445559799016,2702.815314036124
forecast_7613,2025-11-14 05:00:00,3051.750329342651,4314.058701789126,2752.1458338390707
forecast_7614,2025-11-14 06:00:00,3107.732034876186,3927.3411448214038,3052.3765399223084
forecast_7615,2025-11-14 07:00:00,3849.3854121210975,3366.5112161420893,3132.387582643138
forecast_7616,2025-11-14 08:00:00,4188.676361874388,4133.403787874842,3155.6284133468594
forecast_7617,2025-11-14 09:00:00,4170.939387371817,3932.3624654530104,3097.7307928445243
forecast_7618,2025-11-14 10:00:00,4599.224548398047,3571.731569120122,2727.3118162742185
forecast_7619,2025-11-14 11:00:00,4339.168284766189,3477.699600425981,2225.4617269979326
forecast_7620,2025-11-14 12:00:00,4623.756063900955,3543.4559586042787,2587.5057986119095
forecast_7621,2025-11-14 13:00:00,4605.090573540867,3920.832606055691,2986.3636046908105
forecast_7622,2025-11-14 14:00:00,5492.211298708342,3977.12767876916,2945.6952276191814
forecast_7623,2025-11-14 15:00:00,5995.934864119147,4560.7799667984455,3162.5868436108644
forecast_7624,2025-11-14 16:00:00,6961.637194495511,6022.121759851773,3995.192902367132
forecast_7625,2025-11-14 17:00:00,8230.753058256778,7902.85818406621,5149.746800250692
forecast_7626,2025-11-14 18:00:00,9299.979406142587,8792.323802484801,6634.232333271644
forecast_7627,2025-11-14 19:00:00,10416.777485366263,9749.330364076335,7252.888275698224
forecast_7628,2025-11-14 20:00:00,11213.322761286176,10448.688790780765,7251.939156558228
forecast_7629,2025-11-14 21:00:00,11009.860452927323,10605.447250562258,6824.075955684385
forecast_7630,2025-11-14 22:00:00,11104.831676158945,10827.95675632722,7264.282534506219
forecast_7631,2025-11-14 23:00:00,10658.730747319762,10458.839729687446,7072.916160247423
forecast_7632,2025-11-15 00:00:00,9522.422978241762,9248.15699321257,5454.077201680681
forecast_7633,2025-11-15 01:00:00,8398.459424735154,7206.009501856475,4080.3697389449353
forecast_7634,2025-11-15 02:00:00,7159.776634899027,5910.782828676667,3082.0734375856255
forecast_7635,2025-11-15 03:00:00,7512.340434179521,5605.099213263458,2894.130604132355
forecast_7636,2025-11-15 04:00:00,7209.590834447261,5800.589577030067,2998.608779844816
forecast_7637,2025-11-15 05:00:00,7391.5532318351,6275.125311103393,2712.0355791807774
forecast_7638,2025-11-15 06:00:00,5901.942530766324,5912.886859323227,2168.390345671387
forecast_7639,2025-11-15 07:00:00,5210.981837100274,4294.09188737215,1659.7520670771614
forecast_7640,2025-11-15 08:00:00,4471.411845838376,3526.7038672987105,1060.8876227112391
forecast_7641,2025-11-15 09:00:00,3080.0954651559346,1828.2645683455316,673.8950750148097
forecast_7642,2025-11-15 10:00:00,1695.05024423067,862.0598706942997,553.6669850203904
forecast_7643,2025-11-15 11:00:00,814.9254973285115,521.3794114951328,538.7872121656105
forecast_7644,2025-11-15 12:00:00,662.4732359739968,475.36586102601746,540.1504612462188
forecast_7645,2025-11-15 13:00:00,555.1773817810719,358.999432157353,546.1704870881854
forecast_7646,2025-11-15 14:00:00,626.8400080337655,436.8839691251959,562.794595180668
forecast_7647,2025-11-15 15:00:00,961.3143321050044,829.2199702968835,615.9958781268291
forecast_7648,2025-11-15 16:00:00,1850.778566480833,1755.6348780539606,1076.1049896940083
forecast_7649,2025-11-15 17:00:00,3933.5573373490965,3847.09692439185,2126.5164256913595
forecast_7650,2025-11-15 18:00:00,6210.356179744384,6079.03684440653,3751.9919258241184
forecast_7651,2025-11-15 19:00:00,7224.166674377955,7629.903901583457,4751.407410243837
forecast_7652,2025-11-15 20:00:00,7353.453555175773,8252.012273215334,5437.550341193426
forecast_7653,2025-11-15 21:00:00,7817.42615721658,9336.020060655534,6749.394123894285
forecast_7654,2025-11-15 22:00:00,8216.380148280177,10127.372431935484,7383.404430759028
forecast_7655,2025-11-15 23:00:00,8862.247233012942,10228.736582344434,7018.155644984317
forecast_7656,2025-11-16 00:00:00,9629.971488764424,10714.295862284116,6878.243530286954
forecast_7657,2025-11-16 01:00:00,10723.794124631448,9270.465383803337,6494.735791926025
forecast_7658,2025-11-16 02:00:00,10490.988061169928,8932.33846104018,6180.118586353717
forecast_7659,2025-11-16 03:00:00,10609.556642233832,9552.888934421673,6877.5160079600155
forecast_7660,2025-11-16 04:00:00,11117.624290226355,10537.206908848671,7313.452882413622
forecast_7661,2025-11-16 05:00:00,11918.71274906772,12407.93890454555,7388.953282640749
forecast_7662,2025-11-16 06:00:00,11941.80071104207,13653.700709650419,7503.99021148277
forecast_7663,2025-11-16 07:00:00,12070.737988524488,13851.223086328277,7969.780524018917
forecast_7664,2025-11-16 08:00:00,12060.640046129727,13718.158038614827,9033.183048467215
forecast_7665,2025-11-16 09:00:00,11823.421588423347,14382.494108067976,9411.376862174331
forecast_7666,2025-11-16 10:00:00,12092.747019049852,13605.906680956954,11204.925359841192
forecast_7667,2025-11-16 11:00:00,10947.5670237786,13316.944597448592,12088.41326542815
forecast_7668,2025-11-16 12:00:00,11141.658537471201,12547.244719537986,12509.442764190368
forecast_7669,2025-11-16 13:00:00,11612.914282330175,12714.948165603908,12678.839060851145
forecast_7670,2025-11-16 14:00:00,12282.85010932969,12804.84410068934,12781.616629305705
forecast_7671,2025-11-16 15:00:00,13228.17887967798,13677.36513624031,13898.691019530117
forecast_7672,2025-11-16 16:00:00,15677.180504846923,16424.98255137608,15786.99933502101
forecast_7673,2025-11-16 17:00:00,17740.818724859644,18440.75899575747,17303.438003140032
forecast_7674,2025-11-16 18:00:00,18733.222586603966,19355.12728009958,18029.02923976097
forecast_7675,2025-11-16 19:00:00,18959.323981195368,19939.259843457203,18360.525225118017
forecast_7676,2025-11-16 20:00:00,19524.817502508038,20156.5614305123,18768.148602673496
forecast_7677,2025-11-16 21:00:00,19809.55543956477,20151.267964581337,18971.249270110446
forecast_7678,2025-11-16 22:00:00,19576.44777017612,19953.593582484056,18953.73116274587
forecast_7679,2025-11-16 23:00:00,19184.04923907436,19609.673530323304,19013.196935540138
forecast_7680,2025-11-17 00:00:00,19252.335618713234,19635.812802991924,18936.391167533897
forecast_7681,2025-11-17 01:00:00,19295.247115431317,19430.035017441875,18570.578496308277
forecast_7682,2025-11-17 02:00:00,19952.227408791558,19703.611349591192,18210.745407173432
forecast_7683,2025-11-17 03:00:00,19778.777078868647,19641.514311029518,17615.38920745016
forecast_7684,2025-11-17 04:00:00,19666.9551193575,19687.09075407293,17765.93336202748
forecast_7685,2025-11-17 05:00:00,19759.47899459457,19757.92414695585,18136.682030010445
forecast_7686,2025-11-17 06:00:00,19651.005052725282,19770.86748289465,18069.944442633867
forecast_7687,2025-11-17 07:00:00,19583.873932025046,19744.650998063313,18051.827210135398
forecast_7688,2025-11-17 08:00:00,19219.0064929007,19563.5133277787,17739.36266158088
forecast_7689,2025-11-17 09:00:00,17980.55431407786,18872.450897635226,17666.22931693673
forecast_7690,2025-11-17 10:00:00,15331.045544257086,17979.475672126864,16246.515446755846
forecast_7691,2025-11-17 11:00:00,14647.025198999178,16535.137182298164,15180.385267810496
forecast_7692,2025-11-17 12:00:00,14158.510550076628,15550.497178749301,12834.081640754943
forecast_7693,2025-11-17 13:00:00,14135.882566889872,14362.365850066884,11720.61863697672
forecast_7694,2025-11-17 14:00:00,13427.855340566846,13282.746250415621,10651.519931957358
forecast_7695,2025-11-17 15:00:00,13646.899847857443,12989.345131370272,10399.50138567858
forecast_7696,2025-11-17 16:00:00,13909.69139357546,13211.074500532537,11541.434027579802
forecast_7697,2025-11-17 17:00:00,14224.140572695935,14045.305295552735,12963.027141494378
forecast_7698,2025-11-17 18:00:00,14324.56334079966,14284.370664475813,13644.262231261018
forecast_7699,2025-11-17 19:00:00,13548.329726899174,14890.666923938892,13393.492565089395
forecast_7700,2025-11-17 20:00:00,13831.491103067727,15183.786413915232,14102.586759940721
forecast_7701,2025-11-17 21:00:00,13915.776885140498,15831.757488699812,14823.55974349372
forecast_7702,2025-11-17 22:00:00,15347.624537302598,16351.521921420492,15726.31454815678
forecast_7703,2025-11-17 23:00:00,15081.991073727793,16688.872876252382,16093.391085948593
forecast_7704,2025-11-18 00:00:00,15072.527182535452,16359.442660567674,15952.111574962262
forecast_7705,2025-11-18 01:00:00,14566.459675487398,16485.773271141275,15080.884917985211
forecast_7706,2025-11-18 02:00:00,14622.619139784061,16971.358608638213,15882.061235413672
forecast_7707,2025-11-18 03:00:00,14703.523031188575,17369.227894534408,16403.623298876217
forecast_7708,2025-11-18 04:00:00,14983.335223019447,17258.288100083122,16555.3076361627
forecast_7709,2025-11-18 05:00:00,15165.623456928395,18072.43383849972,16811.66773134307
forecast_7710,2025-11-18 06:00:00,15738.273425262238,18686.987467038474,18023.394835250518
forecast_7711,2025-11-18 07:00:00,16499.412541996506,19265.20014081789,17773.10671911374
forecast_7712,2025-11-18 08:00:00,16204.021593043186,18496.003942092386,17499.73168260554
forecast_7713,2025-11-18 09:00:00,15316.723413535197,16770.54089540161,16283.335747166304
forecast_7714,2025-11-18 10:00:00,14757.0369033456,15830.589486097328,13305.13987764867
forecast_7715,2025-11-18 11:00:00,13885.12031993097,14743.265032476467,11948.686932413679
forecast_7716,2025-11-18 12:00:00,13940.010264699316,13744.482102121714,9839.948271218005
forecast_7717,2025-11-18 13:00:00,13223.61658212878,12578.25518811139,8950.417944543644
forecast_7718,2025-11-18 14:00:00,12661.69116659234,11258.171709808048,8071.2900833949025
forecast_7719,2025-11-18 15:00:00,11373.631563553714,9580.937293847795,7099.133915207172
forecast_7720,2025-11-18 16:00:00,10301.236861273748,8799.456280816754,6610.608992792161
forecast_7721,2025-11-18 17:00:00,9917.362530125098,8394.410020862193,5743.531782204193
forecast_7722,2025-11-18 18:00:00,9784.53754439058,9417.349054766688,5536.389358110255
forecast_7723,2025-11-18 19:00:00,9896.821196191508,9959.194325908906,5904.065941361228
forecast_7724,2025-11-18 20:00:00,9929.866901850764,10558.078886343883,6828.676255558051
forecast_7725,2025-11-18 21:00:00,10309.126568590467,12479.568043285028,6302.4271454594
forecast_7726,2025-11-18 22:00:00,10911.602813270543,12910.518530128744,6390.458299350827
forecast_7727,2025-11-18 23:00:00,10938.006050819116,13622.807672577204,6303.386647622115
forecast_7728,2025-11-19 00:00:00,11075.999850724525,11904.947181346735,6774.470281045276
forecast_7729,2025-11-19 01:00:00,11794.662062309686,12935.078309450331,8247.011799733711
forecast_7730,2025-11-19 02:00:00,11981.574429784676,13348.627375278173,8043.190320813864
forecast_7731,2025-11-19 03:00:00,11448.96211537945,12440.131735185449,7506.9673782193895
forecast_7732,2025-11-19 04:00:00,9820.642733038128,9406.124783746907,6187.034814519919
forecast_7733,2025-11-19 05:00:00,6896.028262938352,7057.380685796621,5483.616191817486
forecast_7734,2025-11-19 06:00:00,5308.911261048906,4648.582752584482,4053.820547279116
forecast_7735,2025-11-19 07:00:00,4205.100808871054,3407.5692473565305,2521.388399458447
forecast_7736,2025-11-19 08:00:00,2854.899385141242,2173.5421575711453,1288.1720679902326
forecast_7737,2025-11-19 09:00:00,1499.066422137815,1125.6867611160487,842.6902947721037
forecast_7738,2025-11-19 10:00:00,517.5408282813914,495.1627903454901,569.0696949342705
forecast_7739,2025-11-19 11:00:00,296.22567624293913,324.036512490498,553.8758442733488
forecast_7740,2025-11-19 12:00:00,288.017973729166,297.5280650942785,556.3546927702189
forecast_7741,2025-11-19 13:00:00,367.68320106613237,334.7024270840196,583.9833646563651
forecast_7742,2025-11-19 14:00:00,915.5444379469424,755.4629681623618,947.2373782950177
forecast_7743,2025-11-19 15:00:00,2366.1453485429465,1659.7274453266477,1877.7201481924617
forecast_7744,2025-11-19 16:00:00,4327.4959896142755,3739.4049905504976,3449.48133724364
forecast_7745,2025-11-19 17:00:00,7666.2750219987165,6475.157286580672,6071.41982553191
forecast_7746,2025-11-19 18:00:00,9440.13555023116,8667.926644170506,8048.463146041422
forecast_7747,2025-11-19 19:00:00,11704.662432877274,11286.825949714526,10976.675345649817
forecast_7748,2025-11-19 20:00:00,14590.659948505876,14459.828208108385,12851.54643650391
forecast_7749,2025-11-19 21:00:00,17599.151963304055,16558.00946799386,13748.909244390998
forecast_7750,2025-11-19 22:00:00,19321.331358248623,18083.584373100002,16018.636272472126
forecast_7751,2025-11-19 23:00:00,20054.97731622306,19331.748450022023,16616.09292029767
forecast_7752,2025-11-20 00:00:00,20516.01482132992,19466.232147835057,17463.838427540748
forecast_7753,2025-11-20 01:00:00,19702.170554412143,19647.573282285175,18535.461863894303
forecast_7754,2025-11-20 02:00:00,19623.32535828594,20014.454966016117,18530.09624453339
forecast_7755,2025-11-20 03:00:00,19987.50574648206,20279.001164257443,18723.384646831968
forecast_7756,2025-11-20 04:00:00,20579.376315742942,20117.533181296298,18482.902401536656
forecast_7757,2025-11-20 05:00:00,20417.78825155628,19860.887461133352,18640.9703735713
forecast_7758,2025-11-20 06:00:00,20389.64619518914,19646.26980556643,18648.57608577792
forecast_7759,2025-11-20 07:00:00,19714.939802991463,19810.854191180857,18583.446901787378
forecast_7760,2025-11-20 08:00:00,19016.44691711304,19373.40466176233,18545.172872619136
forecast_7761,2025-11-20 09:00:00,18555.19076988839,19317.054199898717,18325.925047189226
forecast_7762,2025-11-20 10:00:00,17903.59192437741,18916.186982813168,18691.52241151041
forecast_7763,2025-11-20 11:00:00,18229.561684188666,19062.75329882114,18397.559975723903
forecast_7764,2025-11-20 12:00:00,18832.451095212236,19374.697356110053,18317.350229100448
forecast_7765,2025-11-20 13:00:00,19195.412403477992,19268.538574967333,18398.32570059838
forecast_7766,2025-11-20 14:00:00,19593.83227498903,19286.706534565623,18520.02742637261
forecast_7767,2025-11-20 15:00:00,19707.335832201617,19204.867282446394,18451.325401036982
forecast_7768,2025-11-20 16:00:00,19826.662325380672,19487.93526689305,18708.84260212379
forecast_7769,2025-11-20 17:00:00,19856.56099196409,19553.931105351898,18917.00708961846
forecast_7770,2025-11-20 18:00:00,19987.694275199377,19607.36516661185,18966.839439285643
forecast_7771,2025-11-20 19:00:00,20115.876057507616,19617.21130758905,18729.7629185549
forecast_7772,2025-11-20 20:00:00,20087.05160019964,19593.118344198043,18765.556743705994
forecast_7773,2025-11-20 21:00:00,19855.210306381658,19644.324701304315,18593.48725984322
forecast_7774,2025-11-20 22:00:00,19174.814506173927,19514.518943171795,18525.498977266045
forecast_7775,2025-11-20 23:00:00,17946.733031780648,19086.32669758685,18357.138445451164
forecast_7776,2025-11-21 00:00:00,17272.54542331595,18516.81234607736,18262.9690788499
forecast_7777,2025-11-21 01:00:00,17301.88973978124,18730.638172178253,18237.806393129977
forecast_7778,2025-11-21 02:00:00,17533.229906181863,18774.786168503048,17477.19932338925
forecast_7779,2025-11-21 03:00:00,18164.77947874648,18535.888912169496,17275.036232495124
forecast_7780,2025-11-21 04:00:00,17603.475842048265,18471.52219598538,17125.82092060893
forecast_7781,2025-11-21 05:00:00,18124.369267784234,18690.373501991242,16545.3673901966
forecast_7782,2025-11-21 06:00:00,18788.826385820466,18742.32933770574,16976.982998076008
forecast_7783,2025-11-21 07:00:00,19461.842313407422,18801.25530159166,16568.34993623229
forecast_7784,2025-11-21 08:00:00,18650.755107188277,19158.916252106377,17377.897590778884
forecast_7785,2025-11-21 09:00:00,16110.184360724215,18386.238918911866,16882.906713126875
forecast_7786,2025-11-21 10:00:00,15240.525747564408,17730.30289596416,16673.73256942634
forecast_7787,2025-11-21 11:00:00,14951.859665908469,17489.858823647213,15479.880264291129
forecast_7788,2025-11-21 12:00:00,15612.466728370538,16981.029784549897,14221.473680055926
forecast_7789,2025-11-21 13:00:00,16283.209465537468,16523.176018235015,14008.529860485367
forecast_7790,2025-11-21 14:00:00,15949.738988472702,16813.775952927557,14030.762047020577
forecast_7791,2025-11-21 15:00:00,16735.21611756129,17060.18471772779,16609.412845089704
forecast_7792,2025-11-21 16:00:00,17248.129823150728,17204.934229103623,17098.960473273284
forecast_7793,2025-11-21 17:00:00,17762.44534202951,17772.62775277028,17488.333868255093
forecast_7794,2025-11-21 18:00:00,17868.631425463584,18254.243662428842,17824.872756527337
forecast_7795,2025-11-21 19:00:00,17842.25838468381,18512.304568253283,17773.44633720421
forecast_7796,2025-11-21 20:00:00,17069.42701590916,18568.271880809745,17968.47473758698
forecast_7797,2025-11-21 21:00:00,17088.88127876169,18081.254540662587,17621.56342982481
forecast_7798,2025-11-21 22:00:00,17435.120270111256,18459.134792407942,17824.11658411341
forecast_7799,2025-11-21 23:00:00,17948.907707300437,18696.017360293692,17798.982987888005
forecast_7800,2025-11-22 00:00:00,18743.252754764748,18996.408172119925,17360.53681158152
forecast_7801,2025-11-22 01:00:00,18707.961559559124,18579.821870664324,16620.07143890854
forecast_7802,2025-11-22 02:00:00,18786.040241323157,18514.571019204344,16574.058023529073
forecast_7803,2025-11-22 03:00:00,18645.301525043524,18719.280137841837,16307.295835842146
forecast_7804,2025-11-22 04:00:00,18689.52381717375,18502.59631715173,16526.225902653467
forecast_7805,2025-11-22 05:00:00,18611.607904693596,18875.990229709896,17319.2257136271
forecast_7806,2025-11-22 06:00:00,18710.236124291787,19557.54578718274,16510.493067646516
forecast_7807,2025-11-22 07:00:00,18366.326756855015,19269.16193355917,15719.583904720297
forecast_7808,2025-11-22 08:00:00,18240.122877339996,18594.619333962615,15122.022831182087
forecast_7809,2025-11-22 09:00:00,17932.861934251818,18421.686049877608,14552.263008100635
forecast_7810,2025-11-22 10:00:00,15706.475072247878,17410.57480428439,13372.60909867331
forecast_7811,2025-11-22 11:00:00,12919.868008900314,16340.248315980496,11742.980295671656
forecast_7812,2025-11-22 12:00:00,11991.867302989325,15289.633260626339,12890.006228959517
forecast_7813,2025-11-22 13:00:00,12117.861088537427,14577.91178751933,12229.591846254847
forecast_7814,2025-11-22 14:00:00,13044.473071333741,14460.558615101689,12492.085331178301
forecast_7815,2025-11-22 15:00:00,13612.229266420662,14318.396789564475,13504.241218438641
forecast_7816,2025-11-22 16:00:00,14729.193480408067,15402.843395942506,14914.790008231099
forecast_7817,2025-11-22 17:00:00,16507.639304430424,17003.351898285146,15679.84544046194
forecast_7818,2025-11-22 18:00:00,18332.879633899516,18403.344027444204,16984.63250717857
forecast_7819,2025-11-22 19:00:00,19429.81142599463,18860.8016045987,17871.866238900497
forecast_7820,2025-11-22 20:00:00,20129.70860461454,19227.168537131976,18171.57169648231
forecast_7821,2025-11-22 21:00:00,20403.5984931048,19693.43474529649,17993.232636143475
forecast_7822,2025-11-22 22:00:00,20499.126980436962,19698.517836634684,18667.508950703254
forecast_7823,2025-11-22 23:00:00,20379.736736477706,19652.315023894604,18566.340871016597
forecast_7824,2025-11-23 00:00:00,20485.07061426121,19939.963754861303,18267.693484841504
forecast_7825,2025-11-23 01:00:00,20458.574742289646,20102.65872476244,18048.855066909753
forecast_7826,2025-11-23 02:00:00,20531.648758631825,20132.680178201765,18016.40811643711
forecast_7827,2025-11-23 03:00:00,20564.245862341828,20040.70446530164,18139.08041801925
forecast_7828,2025-11-23 04:00:00,20616.36330259806,19934.267236576132,18174.65707526647
forecast_7829,2025-11-23 05:00:00,20615.30530030858,20165.274236148995,17971.094541216175
forecast_7830,2025-11-23 06:00:00,20501.18343661815,19950.56130059365,17842.44050978694
forecast_7831,2025-11-23 07:00:00,20513.78123038279,19600.275849954265,18302.944550147426
forecast_7832,2025-11-23 08:00:00,20122.910400394103,19388.586030255654,18275.263419165814
forecast_7833,2025-11-23 09:00:00,19708.559258314355,19289.065501343826,17872.99740171164
forecast_7834,2025-11-23 10:00:00,19280.79661450299,19004.702029087915,17304.632951159452
forecast_7835,2025-11-23 11:00:00,17913.366898265995,18490.70316983691,15696.875457582631
forecast_7836,2025-11-23 12:00:00,17340.801380854304,18098.962250034983,16995.527326799347
forecast_7837,2025-11-23 13:00:00,16840.271720098368,16827.454821149004,15648.792753381018
forecast_7838,2025-11-23 14:00:00,15925.28969087715,16338.836328862939,15350.839226582637
forecast_7839,2025-11-23 15:00:00,15500.55084438603,16321.195087882328,15533.659491162667
forecast_7840,2025-11-23 16:00:00,15991.125416879446,16587.708891511236,15837.405741527682
forecast_7841,2025-11-23 17:00:00,17663.254735474864,17467.26359033845,16376.801984115173
forecast_7842,2025-11-23 18:00:00,18442.465149096162,18341.623422763354,17443.165808490732
forecast_7843,2025-11-23 19:00:00,19270.623179276754,18766.904476057847,17540.522864949035
forecast_7844,2025-11-23 20:00:00,19016.395327577287,18567.52490270778,17673.334720796356
forecast_7845,2025-11-23 21:00:00,19039.80957638131,18360.383548640533,17671.084129260453
forecast_7846,2025-11-23 22:00:00,18377.109083983214,18300.36844175771,17560.701336485243
forecast_7847,2025-11-23 23:00:00,17473.148950274073,17814.334783706894,17115.026888314173
forecast_7848,2025-11-24 00:00:00,16330.543963688713,16745.685900151646,15806.849192816244
forecast_7849,2025-11-24 01:00:00,15707.20780680333,16139.4660510315,14768.088126510971
forecast_7850,2025-11-24 02:00:00,15434.352907156615,15851.248632319679,13965.962193960477
forecast_7851,2025-11-24 03:00:00,15113.843895612026,15472.136225680268,12992.142234187471
forecast_7852,2025-11-24 04:00:00,13998.155628926794,14938.560496152293,12474.337286138376
forecast_7853,2025-11-24 05:00:00,13690.893596718626,15271.94182162128,13323.042353493554
forecast_7854,2025-11-24 06:00:00,14013.563844555883,15726.54133549222,13944.311290196812
forecast_7855,2025-11-24 07:00:00,14723.315992698526,16116.477436796302,14338.09765981709
forecast_7856,2025-11-24 08:00:00,14711.38850995949,15658.828648643226,13709.38700242696
forecast_7857,2025-11-24 09:00:00,13282.17854886995,14345.00745422853,13088.451156664567
forecast_7858,2025-11-24 10:00:00,11542.816135650857,12365.701909424795,9457.343954679407
forecast_7859,2025-11-24 11:00:00,11204.260926346225,11818.215238782605,9488.759514338164
forecast_7860,2025-11-24 12:00:00,11457.207695745827,11909.58761424272,10341.558388500986
forecast_7861,2025-11-24 13:00:00,11769.194181957877,12331.4966793055,12027.151546286212
forecast_7862,2025-11-24 14:00:00,12763.51370952812,13802.709378050078,12746.470926078408
forecast_7863,2025-11-24 15:00:00,13180.889631295753,14020.099661883654,13000.495427119937
forecast_7864,2025-11-24 16:00:00,13459.915314867707,13306.539106828615,12156.471426633725
forecast_7865,2025-11-24 17:00:00,13451.662569215343,13241.372376736168,12574.839214073188
forecast_7866,2025-11-24 18:00:00,13753.92386297272,13716.735734096783,13129.051481374394
forecast_7867,2025-11-24 19:00:00,13240.467244879033,13961.17259166612,11694.441706403082
forecast_7868,2025-11-24 20:00:00,12830.046397717542,14401.76988507134,11729.036911764948
forecast_7869,2025-11-24 21:00:00,13143.250495085875,14493.154561673164,11642.550621357153
forecast_7870,2025-11-24 22:00:00,13865.967491582356,14574.00301152332,12441.956182600778
forecast_7871,2025-11-24 23:00:00,14408.0169629839,14836.918590208288,12947.742874101401
forecast_7872,2025-11-25 00:00:00,14478.696866267266,15504.504537324916,14082.485367898238
forecast_7873,2025-11-25 01:00:00,15301.301365287824,15770.251054619897,13517.366618872747
forecast_7874,2025-11-25 02:00:00,14192.244381086743,15033.976266022644,13325.546802759882
forecast_7875,2025-11-25 03:00:00,14453.681157513507,15227.714060078746,12581.200426445648
forecast_7876,2025-11-25 04:00:00,14169.144232462766,15440.266345543925,12327.745264425077
forecast_7877,2025-11-25 05:00:00,13912.537814223453,15652.620589189812,12573.251457020788
forecast_7878,2025-11-25 06:00:00,14069.816850325275,15360.67549741048,11580.893236298189
forecast_7879,2025-11-25 07:00:00,13727.323848494507,15445.987287632866,10667.859080904609
forecast_7880,2025-11-25 08:00:00,13701.735657703031,14953.785211747901,10989.99869871767
forecast_7881,2025-11-25 09:00:00,11636.63709657033,13533.51614481549,8980.965325893958
forecast_7882,2025-11-25 10:00:00,10839.057141562218,13053.785884983356,8020.834550374708
forecast_7883,2025-11-25 11:00:00,10684.239573380577,11091.144196454134,7262.834782971166
forecast_7884,2025-11-25 12:00:00,10127.29712179167,12071.324597763285,7565.391839390511
forecast_7885,2025-11-25 13:00:00,10554.84429545192,10408.06586452797,8396.191336735263
forecast_7886,2025-11-25 14:00:00,11407.480542515783,10543.998286549308,8862.588571134074
forecast_7887,2025-11-25 15:00:00,11285.54671231291,10715.396403712939,9384.742333224574
forecast_7888,2025-11-25 16:00:00,11764.356194619004,12226.86208358563,12055.249451635147
forecast_7889,2025-11-25 17:00:00,12281.270757851822,12933.848457537852,12650.868995052522
forecast_7890,2025-11-25 18:00:00,12366.92124735782,12063.697048303704,11689.427771618877
forecast_7891,2025-11-25 19:00:00,11736.905813379599,11542.376856309664,9385.353502821083
forecast_7892,2025-11-25 20:00:00,10493.922800441675,9057.204025091469,7178.721983240945
forecast_7893,2025-11-25 21:00:00,8481.464890488402,7139.29270299734,5946.547684927741
forecast_7894,2025-11-25 22:00:00,7403.191478451612,5117.109368904174,5588.609607601242
forecast_7895,2025-11-25 23:00:00,5566.377114480167,4456.610608591361,4857.9415867920425
forecast_7896,2025-11-26 00:00:00,4352.744198229642,3718.7379096744316,3825.826022221835
forecast_7897,2025-11-26 01:00:00,3689.655240206895,3537.0766812360043,3350.819423568602
forecast_7898,2025-11-26 02:00:00,3035.2579028406085,3199.342450055422,2310.2295071434514
forecast_7899,2025-11-26 03:00:00,2537.17128839988,2435.624686855737,2210.1229807197765
forecast_7900,2025-11-26 04:00:00,2357.76099798852,2104.1560995599098,1743.7937413468585
forecast_7901,2025-11-26 05:00:00,1879.8040371179768,2172.3971085464273,1660.3648659597122
forecast_7902,2025-11-26 06:00:00,2748.802977430951,2780.2663490129526,2617.658357961849
forecast_7903,2025-11-26 07:00:00,4148.302972291398,4304.685402192568,3586.235250463887
forecast_7904,2025-11-26 08:00:00,4320.373085212061,4123.066852404314,3399.5261195572875
forecast_7905,2025-11-26 09:00:00,3915.398333189677,3966.849489489876,2828.383790271072
forecast_7906,2025-11-26 10:00:00,4362.273392785209,3370.165281356861,2352.650424948844
forecast_7907,2025-11-26 11:00:00,4012.694870188208,3235.9972178117764,2134.088498797999
forecast_7908,2025-11-26 12:00:00,3784.247452648546,3448.4855977861926,2328.723336883944
forecast_7909,2025-11-26 13:00:00,4110.089940798323,3876.1107938006153,2946.961563472043
forecast_7910,2025-11-26 14:00:00,5275.878993054886,5145.329954576848,4022.2794548802485
forecast_7911,2025-11-26 15:00:00,6037.862842771748,6780.965313499944,5250.568258541912
forecast_7912,2025-11-26 16:00:00,7832.5950788461705,8460.011724671278,6890.739903201226
forecast_7913,2025-11-26 17:00:00,9994.342641177214,10663.33599317107,7667.608017372242
forecast_7914,2025-11-26 18:00:00,11989.915650165525,12508.637035262982,9294.625616642392
forecast_7915,2025-11-26 19:00:00,13088.394883474546,13932.373924090312,10054.907356313604
forecast_7916,2025-11-26 20:00:00,14275.234866446503,14956.539521357588,11363.221884666296
forecast_7917,2025-11-26 21:00:00,15331.945137423329,16236.047497284253,12317.571452487244
forecast_7918,2025-11-26 22:00:00,15435.10110654349,16697.799452568066,13042.230136515796
forecast_7919,2025-11-26 23:00:00,16081.559682664036,16433.856816301843,12584.952329442152
forecast_7920,2025-11-27 00:00:00,16465.598253340642,16655.166898457253,14345.70121770828
forecast_7921,2025-11-27 01:00:00,17108.05392891572,17785.336343791758,14717.638373285692
forecast_7922,2025-11-27 02:00:00,17322.727899980244,17894.63971610678,14661.32622997939
forecast_7923,2025-11-27 03:00:00,17296.352865617162,17571.629154323557,14013.86995159533
forecast_7924,2025-11-27 04:00:00,17248.9177636702,17980.684820568185,15452.831367551025
forecast_7925,2025-11-27 05:00:00,16944.20836587988,18381.77300328759,15436.525249697614
forecast_7926,2025-11-27 06:00:00,16696.316645712515,17933.122162330852,15356.872075357165
forecast_7927,2025-11-27 07:00:00,15338.696457806982,18034.56138904068,15296.444724276487
forecast_7928,2025-11-27 08:00:00,14354.613500553394,17919.816285718895,14361.656991560363
forecast_7929,2025-11-27 09:00:00,14801.114088931467,17627.10409356008,15544.98467666125
forecast_7930,2025-11-27 10:00:00,14152.67945306744,17417.524349584713,14671.669687354908
forecast_7931,2025-11-27 11:00:00,14607.802863466239,18375.37539985089,17112.172900540274
forecast_7932,2025-11-27 12:00:00,14918.946419538857,18677.495687123675,17022.08475073238
forecast_7933,2025-11-27 13:00:00,15560.778108665061,18851.047978765055,17895.430501842304
forecast_7934,2025-11-27 14:00:00,17295.182892408033,19024.245891595074,17522.868926399497
forecast_7935,2025-11-27 15:00:00,17999.668562649582,18467.782457186557,17380.32268854211
forecast_7936,2025-11-27 16:00:00,17925.07811593281,18626.95972948667,17422.196079249443
forecast_7937,2025-11-27 17:00:00,18146.488044207832,18745.42733773287,17074.402410924842
forecast_7938,2025-11-27 18:00:00,18107.122739833278,18825.5014077449,17314.441219896475
forecast_7939,2025-11-27 19:00:00,18222.07082651722,18870.23260625875,17208.18129980507
forecast_7940,2025-11-27 20:00:00,18572.685142507977,18956.154244604433,16838.35840914985
forecast_7941,2025-11-27 21:00:00,18264.277394775978,19058.105206681255,16166.806124044444
forecast_7942,2025-11-27 22:00:00,17649.412630489936,18525.033634764353,16237.824685481006
forecast_7943,2025-11-27 23:00:00,16954.638252212877,18532.08044445928,16268.057800799696
forecast_7944,2025-11-28 00:00:00,16795.527894559225,18609.298237364976,16207.805906011909
forecast_7945,2025-11-28 01:00:00,17488.484364393764,18443.634280770428,16913.710117182185
forecast_7946,2025-11-28 02:00:00,17726.31712830615,18508.862997635613,16894.630241960673
forecast_7947,2025-11-28 03:00:00,17442.86942746889,18697.47572791329,17301.143248282515
forecast_7948,2025-11-28 04:00:00,17284.90463932059,18704.750438166287,17235.10360096756
forecast_7949,2025-11-28 05:00:00,17668.1018189099,18639.399735733918,16939.599433846746
forecast_7950,2025-11-28 06:00:00,17883.18276782227,18697.586380350003,15145.418287782384
forecast_7951,2025-11-28 07:00:00,17845.343192025954,18565.80524586951,12891.413461059903
forecast_7952,2025-11-28 08:00:00,17774.99414926461,18010.063667403898,11509.988140268502
forecast_7953,2025-11-28 09:00:00,15991.458172702327,16209.994356448555,9611.166713906709
forecast_7954,2025-11-28 10:00:00,12402.071377859058,12685.498677323178,8481.490779661071
forecast_7955,2025-11-28 11:00:00,10448.593503821356,10850.817105033735,7578.596932663411
forecast_7956,2025-11-28 12:00:00,9482.482606990916,9296.63112335503,6901.105190110065
forecast_7957,2025-11-28 13:00:00,8464.823964409747,8406.884051792487,5625.8870360547635
forecast_7958,2025-11-28 14:00:00,8432.26914570811,7999.636593342111,5147.810566787986
forecast_7959,2025-11-28 15:00:00,7792.836024317485,7498.407067010698,4854.914244466325
forecast_7960,2025-11-28 16:00:00,7467.768088136736,7670.157404310217,4730.281776160247
forecast_7961,2025-11-28 17:00:00,8170.3778129592465,8362.117686538382,4923.298859815425
forecast_7962,2025-11-28 18:00:00,8625.082203744983,8703.738557172463,5122.5280412205275
forecast_7963,2025-11-28 19:00:00,8584.71220703844,8705.308083631988,5348.161844496695
forecast_7964,2025-11-28 20:00:00,7735.162355969701,8066.7287246465385,5416.0312177050455
forecast_7965,2025-11-28 21:00:00,7665.817932837603,6366.209511573385,5093.711196922826
forecast_7966,2025-11-28 22:00:00,6740.3156326692815,4968.7959320582895,4532.286729813788
forecast_7967,2025-11-28 23:00:00,6027.53047338733,5714.040072807613,4409.681580642371
forecast_7968,2025-11-29 00:00:00,6917.360068018406,6761.408267067104,5030.956288009703
forecast_7969,2025-11-29 01:00:00,8123.947485409821,7242.098635595735,5012.445943878815
forecast_7970,2025-11-29 02:00:00,8636.734004786269,7391.093557845188,5512.357561714386
forecast_7971,2025-11-29 03:00:00,9613.962290577498,9043.490049547627,6521.395058876096
forecast_7972,2025-11-29 04:00:00,11104.320746361036,12249.034504486644,8125.094558365472
forecast_7973,2025-11-29 05:00:00,11978.011200110572,13950.085938862656,9398.647633294597
forecast_7974,2025-11-29 06:00:00,12991.922970163698,15200.531801697874,10753.85290935827
forecast_7975,2025-11-29 07:00:00,13796.094798611211,15344.316985159843,10013.73922367979
forecast_7976,2025-11-29 08:00:00,12957.181842523412,14805.467542871114,9509.598773834487
forecast_7977,2025-11-29 09:00:00,12052.944569308955,14328.380304841656,9275.74717424898
forecast_7978,2025-11-29 10:00:00,11444.621555056561,13108.668379142657,8291.614145203968
forecast_7979,2025-11-29 11:00:00,10629.71898019821,12337.452449868148,8061.513944759903
forecast_7980,2025-11-29 12:00:00,10833.022493192968,12021.674266778586,9642.143136738425
forecast_7981,2025-11-29 13:00:00,12172.458708800144,12788.483363525585,10480.474045998024
forecast_7982,2025-11-29 14:00:00,13104.64537389115,14441.792016733274,12959.48513670369
forecast_7983,2025-11-29 15:00:00,15340.150842584451,15016.776423767249,13730.081692709839
forecast_7984,2025-11-29 16:00:00,17319.316417887032,17699.39433668009,16468.592407169006
forecast_7985,2025-11-29 17:00:00,18618.407800445617,19026.31870945723,18504.31982518659
forecast_7986,2025-11-29 18:00:00,19332.64901909492,19641.04312807049,18991.490090634
forecast_7987,2025-11-29 19:00:00,19842.24527248525,19897.79392151299,19326.653516858867
forecast_7988,2025-11-29 20:00:00,19989.131434135903,19794.432202178145,19728.442359948327
forecast_7989,2025-11-29 21:00:00,20202.3304889351,19752.72263395758,19741.978459125552
forecast_7990,2025-11-29 22:00:00,20257.564771173027,19572.22474168259,19800.05071030298
forecast_7991,2025-11-29 23:00:00,20208.527750830202,19699.861987050277,19817.390885634628
forecast_7992,2025-11-30 00:00:00,20085.31018703972,19554.82894957264,19724.59771574342
forecast_7993,2025-11-30 01:00:00,20010.536501512026,19512.33027816901,19430.14804379146
forecast_7994,2025-11-30 02:00:00,19978.864372581967,19553.943859579194,18966.999939512825
forecast_7995,2025-11-30 03:00:00,19560.853513692015,19356.165193345947,18557.6824431289
forecast_7996,2025-11-30 04:00:00,18488.6252100547,18726.752554477564,17776.014978834184
forecast_7997,2025-11-30 05:00:00,17792.44079257476,18181.846004314444,17865.51073825966
forecast_7998,2025-11-30 06:00:00,17323.747989876938,17475.17187395555,16932.11292163606
forecast_7999,2025-11-30 07:00:00,16614.16648286135,17367.132917837327,16879.62914729717
forecast_8000,2025-11-30 08:00:00,16631.523014879687,17101.48298822511,17228.998419195683
forecast_8001,2025-11-30 09:00:00,16470.486219178576,16802.27403478974,16392.584457017343
forecast_8002,2025-11-30 10:00:00,16136.149444802271,15915.104630104297,14927.615949845895
forecast_8003,2025-11-30 11:00:00,15962.348945149177,15200.345404009735,13327.672084539658
forecast_8004,2025-11-30 12:00:00,15111.109817675662,14442.035265861994,11650.800201011818
forecast_8005,2025-11-30 13:00:00,13713.5130359231,13463.972211384953,11971.947111920945
forecast_8006,2025-11-30 14:00:00,12769.961217290387,12731.037214931031,11850.95031231217
forecast_8007,2025-11-30 15:00:00,12691.706691694733,13072.495907157878,11970.424038955953
forecast_8008,2025-11-30 16:00:00,12897.923438448393,13879.548242718589,12406.520335926638
forecast_8009,2025-11-30 17:00:00,13696.545042872061,15544.390273158366,12465.72711639897
forecast_8010,2025-11-30 18:00:00,16154.476484695146,18272.343277475717,15549.062539686784
forecast_8011,2025-11-30 19:00:00,18208.826909906533,19447.387564648983,18191.543498052994
forecast_8012,2025-11-30 20:00:00,18923.76307442809,19848.87739182594,19123.51950565361
forecast_8013,2025-11-30 21:00:00,19307.960597463527,20214.562849270947,19476.95019422989
forecast_8014,2025-11-30 22:00:00,19735.565769202163,20206.676491262275,19671.174491216636
forecast_8015,2025-11-30 23:00:00,19728.54236150341,20069.53050552387,19690.708700269708
forecast_8016,2025-12-01 00:00:00,19746.00361474951,20281.10564502814,19564.31423387702
forecast_8017,2025-12-01 01:00:00,19678.574533497896,19931.639398326493,18747.40812291335
forecast_8018,2025-12-01 02:00:00,19113.05586174359,19898.075548410805,18289.454485834503
forecast_8019,2025-12-01 03:00:00,19148.662772122472,19954.490946421316,17757.550095479128
forecast_8020,2025-12-01 04:00:00,18816.6414746268,19945.90024089069,17619.089229146983
forecast_8021,2025-12-01 05:00:00,18975.43013272309,20086.372372192633,18037.052577386374
forecast_8022,2025-12-01 06:00:00,19184.930552212998,20159.960169543483,18583.898986331904
forecast_8023,2025-12-01 07:00:00,19432.53185156059,20235.905679702057,18718.501266808817
forecast_8024,2025-12-01 08:00:00,19305.926695246966,19730.635204585928,17071.519739523355
forecast_8025,2025-12-01 09:00:00,16628.288079331152,18029.5036505216,15307.558768090945
forecast_8026,2025-12-01 10:00:00,14380.805999500408,15800.494803658697,11195.629953962454
forecast_8027,2025-12-01 11:00:00,11493.094031851053,10939.082926187983,7777.579024021679
forecast_8028,2025-12-01 12:00:00,8758.333922927219,8648.044181468502,5263.967046111953
forecast_8029,2025-12-01 13:00:00,8230.655601095452,7152.102526053204,4100.104319312731
forecast_8030,2025-12-01 14:00:00,6771.194954212795,5574.341954232978,3516.958116693366
forecast_8031,2025-12-01 15:00:00,6113.189510225122,4385.698898238863,2829.7938024102536
forecast_8032,2025-12-01 16:00:00,6294.897732323619,4682.849277982332,2599.003378174393
forecast_8033,2025-12-01 17:00:00,6714.625374153531,6142.822048470883,2959.6642540968955
forecast_8034,2025-12-01 18:00:00,7342.232633511998,7152.868069834451,3755.0943236767516
forecast_8035,2025-12-01 19:00:00,8299.16040121411,8464.801661610725,4526.9985463583635
forecast_8036,2025-12-01 20:00:00,9052.340490097036,9129.949654462687,5475.918104288034
forecast_8037,2025-12-01 21:00:00,10490.645899681087,10362.90989856609,7207.757076145213
forecast_8038,2025-12-01 22:00:00,12610.04822825929,11990.203635755926,8082.149777717426
forecast_8039,2025-12-01 23:00:00,13857.20800763165,13965.92075579787,8796.899814213184
forecast_8040,2025-12-02 00:00:00,15714.23347760724,14844.733717509387,9872.356156597407
forecast_8041,2025-12-02 01:00:00,16638.396473973422,15817.227734716864,11453.49487612785
forecast_8042,2025-12-02 02:00:00,18481.76353617416,17075.47456896375,12257.448675756936
forecast_8043,2025-12-02 03:00:00,19232.111203625376,17927.20701771268,15964.66267761145
forecast_8044,2025-12-02 04:00:00,19112.634296473334,17897.17732244888,16281.236274808816
forecast_8045,2025-12-02 05:00:00,18412.863011090907,17333.657580395367,13670.935211854307
forecast_8046,2025-12-02 06:00:00,17146.304850858305,16471.00385189279,11686.939941039276
forecast_8047,2025-12-02 07:00:00,15800.220464956097,15798.744713196967,9815.088952206155
forecast_8048,2025-12-02 08:00:00,13401.51882867916,14976.281173528841,7777.411783595684
forecast_8049,2025-12-02 09:00:00,11896.16783745015,12811.965097029006,5933.131687401234
forecast_8050,2025-12-02 10:00:00,10220.996247581625,10052.020981633206,4810.555135756802
forecast_8051,2025-12-02 11:00:00,9633.970186202352,8310.87817840372,4355.011953170954
forecast_8052,2025-12-02 12:00:00,9505.847843405112,7783.047964495381,4636.18338320353
forecast_8053,2025-12-02 13:00:00,9852.200774694402,7738.691667899166,6659.298050879472
forecast_8054,2025-12-02 14:00:00,10983.363952757165,8854.22226124896,7675.097684603043
forecast_8055,2025-12-02 15:00:00,12380.601805287592,11250.83400740597,8618.716220460805
forecast_8056,2025-12-02 16:00:00,14122.36165383225,12660.071314283396,11284.1988868842
forecast_8057,2025-12-02 17:00:00,14711.550014519351,14207.310344474532,13342.555361479961
forecast_8058,2025-12-02 18:00:00,14821.472237953745,14927.526204167894,14342.649899631555
forecast_8059,2025-12-02 19:00:00,15001.2501938509,15312.52369331913,15411.930838089456
forecast_8060,2025-12-02 20:00:00,15679.658858669445,16225.939273682812,15549.885852173575
forecast_8061,2025-12-02 21:00:00,15868.570756861172,17496.25045768735,16712.481790180176
forecast_8062,2025-12-02 22:00:00,15128.975761329531,17347.46423693252,16740.847739380682
forecast_8063,2025-12-02 23:00:00,14855.441936339026,17311.956694316537,16378.920058197615
forecast_8064,2025-12-03 00:00:00,14838.66754385149,17639.60806701886,17018.6743640196
forecast_8065,2025-12-03 01:00:00,15051.975045117357,18495.81214283109,17351.531371223315
forecast_8066,2025-12-03 02:00:00,14959.485929291886,18483.10507610845,17560.697173648063
forecast_8067,2025-12-03 03:00:00,14558.720759733946,18417.19310896613,17129.679512836494
forecast_8068,2025-12-03 04:00:00,14564.746840763588,17922.962616607736,16195.445679738947
forecast_8069,2025-12-03 05:00:00,14085.37017960953,17533.404010202583,14959.289477118
forecast_8070,2025-12-03 06:00:00,14142.259273717867,16719.414578409953,14776.47373899653
forecast_8071,2025-12-03 07:00:00,14271.367699063008,16789.67071775018,14362.01143761287
forecast_8072,2025-12-03 08:00:00,14449.409087204938,16890.671151261216,14186.484823276478
forecast_8073,2025-12-03 09:00:00,14815.830183482034,17393.243681055297,14435.989432238792
forecast_8074,2025-12-03 10:00:00,15207.35523365654,17729.231761400042,14772.45643293796
forecast_8075,2025-12-03 11:00:00,15837.072745477297,18462.555693639704,14534.060257404595
forecast_8076,2025-12-03 12:00:00,16044.098156909979,18649.80544375984,14488.204232166103
forecast_8077,2025-12-03 13:00:00,15261.360802641968,18574.077661519495,14200.036946240933
forecast_8078,2025-12-03 14:00:00,15297.48242722845,18619.29619460547,14186.98940920537
forecast_8079,2025-12-03 15:00:00,15446.701430259714,18591.064414865694,14401.22111841453
forecast_8080,2025-12-03 16:00:00,15380.706329096694,18698.67545554373,14793.999353456016
forecast_8081,2025-12-03 17:00:00,15322.40374214792,18377.41997560566,14716.573281818455
forecast_8082,2025-12-03 18:00:00,15322.52991705121,17874.431903231074,15135.648949715547
forecast_8083,2025-12-03 19:00:00,15138.93864232275,17884.170349492735,15741.385931680816
forecast_8084,2025-12-03 20:00:00,14774.245249861862,17919.959196869335,16082.893925651551
forecast_8085,2025-12-03 21:00:00,15004.82317188467,18233.74677320129,16055.614583231574
forecast_8086,2025-12-03 22:00:00,15276.253841682643,18715.796422626245,16179.625751302297
forecast_8087,2025-12-03 23:00:00,16043.27952471191,18678.480043629752,15970.661163328183
forecast_8088,2025-12-04 00:00:00,16263.030332616425,18263.979801045123,16013.402974280762
forecast_8089,2025-12-04 01:00:00,16796.43469000875,18706.1895175876,16569.3853455617
forecast_8090,2025-12-04 02:00:00,17091.068515324838,18618.899300039553,17204.468606571216
forecast_8091,2025-12-04 03:00:00,17518.146886632014,18408.45996837712,17966.730885397585
forecast_8092,2025-12-04 04:00:00,17907.473835043544,18363.53251724199,18096.911455308054
forecast_8093,2025-12-04 05:00:00,18942.556664860687,18389.24875660672,18566.0355365433
forecast_8094,2025-12-04 06:00:00,18757.865089157967,18411.46245076435,19292.449570583187
forecast_8095,2025-12-04 07:00:00,19091.06290038916,18383.84262391043,19238.118083799996
forecast_8096,2025-12-04 08:00:00,18741.638867382844,18637.925925289783,19177.140927046963
forecast_8097,2025-12-04 09:00:00,17574.6872018267,18574.87040063629,18631.600319913763
forecast_8098,2025-12-04 10:00:00,15478.138186633922,18504.01363921591,17978.42584782746
forecast_8099,2025-12-04 11:00:00,14631.572167261427,16654.525764935468,15632.171054750946
forecast_8100,2025-12-04 12:00:00,14064.138464781929,14312.321907605401,12100.269912934133
forecast_8101,2025-12-04 13:00:00,13593.086422864524,13688.04642236702,9624.968409698055
forecast_8102,2025-12-04 14:00:00,13522.381239026572,13264.729128854367,9442.46314329741
forecast_8103,2025-12-04 15:00:00,13424.688351619272,13420.668691951614,9876.409477862797
forecast_8104,2025-12-04 16:00:00,13886.722059181111,13712.035517259294,12250.547334800212
forecast_8105,2025-12-04 17:00:00,14407.376963857067,15173.49721530672,14753.434579772795
forecast_8106,2025-12-04 18:00:00,14484.508948969698,16202.643124386079,15840.96145804193
forecast_8107,2025-12-04 19:00:00,14381.47090121403,16350.993925906358,16036.581205663111
forecast_8108,2025-12-04 20:00:00,15155.457704719716,16438.898390976214,16757.48814921482
forecast_8109,2025-12-04 21:00:00,15982.263634657986,17058.851598347046,17386.96553716923
forecast_8110,2025-12-04 22:00:00,15232.323563072914,17572.568965184586,16949.016055389
forecast_8111,2025-12-04 23:00:00,15822.217439961973,17339.081207215735,16184.818903028085
forecast_8112,2025-12-05 00:00:00,15817.445962774396,17702.35733922201,15990.594683025842
forecast_8113,2025-12-05 01:00:00,14976.061324737871,17167.056877227344,15420.228627268752
forecast_8114,2025-12-05 02:00:00,14823.458152744024,17195.834896013715,16780.208159379006
forecast_8115,2025-12-05 03:00:00,14726.980973743306,17112.816000017483,17642.206114280816
forecast_8116,2025-12-05 04:00:00,15052.991988461556,17550.62784398086,16686.483432405115
forecast_8117,2025-12-05 05:00:00,15512.176498660947,18329.572506745943,16662.8807979797
forecast_8118,2025-12-05 06:00:00,15872.347488925896,18122.166236298835,17093.977965233335
forecast_8119,2025-12-05 07:00:00,17175.047730723272,18671.027647698193,16958.042205097085
forecast_8120,2025-12-05 08:00:00,17659.01261074566,19155.19253235334,16805.454706333214
forecast_8121,2025-12-05 09:00:00,17463.826147014268,19130.55234862685,16511.914339289626
forecast_8122,2025-12-05 10:00:00,16775.93311726969,17963.629544798536,15508.675256065268
forecast_8123,2025-12-05 11:00:00,15700.424703638404,17284.252075695298,14611.464153943081
forecast_8124,2025-12-05 12:00:00,14574.253630108205,16706.06455749601,13799.200333060759
forecast_8125,2025-12-05 13:00:00,14028.437012735118,16152.33359262627,13698.408857168932
forecast_8126,2025-12-05 14:00:00,14156.44333634695,16034.50146547869,13643.47512016712
forecast_8127,2025-12-05 15:00:00,14915.38990374778,16426.473974555545,14645.719295019342
forecast_8128,2025-12-05 16:00:00,15848.270018676309,16561.876869407737,14694.339133973834
forecast_8129,2025-12-05 17:00:00,17402.598422894756,16908.21757764044,15180.783174875818
forecast_8130,2025-12-05 18:00:00,18277.403569866678,17674.249729606327,15730.31198156342
forecast_8131,2025-12-05 19:00:00,18976.507513549826,18625.61735082532,16158.602868424305
forecast_8132,2025-12-05 20:00:00,19121.251825418047,18912.036219481597,16482.937444577507
forecast_8133,2025-12-05 21:00:00,19292.783710252843,19619.351470861042,16939.459597752615
forecast_8134,2025-12-05 22:00:00,19877.15006134216,19765.428857139435,17659.977300050887
forecast_8135,2025-12-05 23:00:00,20324.561548286347,19803.489046434286,18804.8797825904
forecast_8136,2025-12-06 00:00:00,20377.229624664913,19879.95325557959,18937.987862325856
forecast_8137,2025-12-06 01:00:00,20651.14178524205,20038.519328962684,18940.416337667808
forecast_8138,2025-12-06 02:00:00,20882.56757511608,20112.87716954901,18272.783110188913
forecast_8139,2025-12-06 03:00:00,20938.95045956907,20271.14167983408,19271.238485433143
forecast_8140,2025-12-06 04:00:00,20867.58493200041,20115.88680797802,19144.39726715849
forecast_8141,2025-12-06 05:00:00,20909.611431142694,20127.975770810586,18749.50174885794
forecast_8142,2025-12-06 06:00:00,20900.479446722686,20109.143248981873,18327.871581319825
forecast_8143,2025-12-06 07:00:00,20713.075499302955,20061.879505707082,17153.6170185105
forecast_8144,2025-12-06 08:00:00,20105.557026939325,19862.94937491876,16660.280350361594
forecast_8145,2025-12-06 09:00:00,19551.26939606025,19475.243444288048,16781.350734042542
forecast_8146,2025-12-06 10:00:00,17568.7494493024,18464.952824387557,16336.999399790293
forecast_8147,2025-12-06 11:00:00,16211.607718998861,17347.8669542023,16516.103612482548
forecast_8148,2025-12-06 12:00:00,15532.557871380348,16845.5691997562,15266.085009042014
forecast_8149,2025-12-06 13:00:00,16116.439364390499,17466.880042292352,15308.305979219616
forecast_8150,2025-12-06 14:00:00,17485.64452089128,18379.903913283277,17650.443651662306
forecast_8151,2025-12-06 15:00:00,18519.86298071296,18463.21528027755,18109.102831733537
forecast_8152,2025-12-06 16:00:00,18363.92798231855,18490.69006444161,17178.740417845576
forecast_8153,2025-12-06 17:00:00,17123.11601093033,18297.5545910816,17165.016137419498
forecast_8154,2025-12-06 18:00:00,17644.702443424685,17795.529057076692,16988.89766809015
forecast_8155,2025-12-06 19:00:00,17934.063122533316,18143.780785958195,18603.27831828173
forecast_8156,2025-12-06 20:00:00,18233.59237987399,18256.835566011752,18533.327436127245
forecast_8157,2025-12-06 21:00:00,18782.950196547037,18858.97046216582,19213.50154916744
forecast_8158,2025-12-06 22:00:00,19533.58030381333,19157.279056335236,19491.223578151235
forecast_8159,2025-12-06 23:00:00,19788.83167565366,19601.861508415215,19547.694881126466
forecast_8160,2025-12-07 00:00:00,19941.747828236385,19705.319219619865,19783.002360857812
forecast_8161,2025-12-07 01:00:00,18828.6174185933,19388.825685056236,19528.23036893921
forecast_8162,2025-12-07 02:00:00,18645.730329684447,19142.731305582434,18728.96212849706
forecast_8163,2025-12-07 03:00:00,18734.162768757513,19104.857434461,18996.23055907992
forecast_8164,2025-12-07 04:00:00,19255.048231645058,19379.190158588994,19079.36804177134
forecast_8165,2025-12-07 05:00:00,19300.65632832788,19500.685862332393,18896.107333877568
forecast_8166,2025-12-07 06:00:00,19554.616146416694,19631.975918911343,18475.288035246107
forecast_8167,2025-12-07 07:00:00,19596.844507134483,19871.199770968124,18525.073003403137
forecast_8168,2025-12-07 08:00:00,19222.806592563025,20050.04202632289,18002.552100101915
forecast_8169,2025-12-07 09:00:00,19072.038182090546,19724.06584141693,18472.9966473044
forecast_8170,2025-12-07 10:00:00,18282.28976502867,19104.626636384193,18860.39436742192
forecast_8171,2025-12-07 11:00:00,17908.61464061996,18889.364990687132,19034.058344310073
forecast_8172,2025-12-07 12:00:00,18146.9897814989,19082.06960857174,18306.627702098893
forecast_8173,2025-12-07 13:00:00,17488.073781376566,18687.094508291313,17090.452435367464
forecast_8174,2025-12-07 14:00:00,17945.36621719361,18826.60530731198,17043.904446945944
forecast_8175,2025-12-07 15:00:00,18259.66974789537,18925.64393534689,17936.04195299952
forecast_8176,2025-12-07 16:00:00,18677.10206253869,19209.470513721666,18868.807233062325
forecast_8177,2025-12-07 17:00:00,18498.534629581693,19458.17357822671,19153.183967616184
forecast_8178,2025-12-07 18:00:00,18602.643107316515,19460.56587176629,19261.03606986169
forecast_8179,2025-12-07 19:00:00,18370.071439402098,19397.808021875724,19376.962767108318
forecast_8180,2025-12-07 20:00:00,18931.973599498673,19630.839494881515,18957.994502325942
forecast_8181,2025-12-07 21:00:00,19069.57841265131,19475.465149644384,18558.826088940303
forecast_8182,2025-12-07 22:00:00,19077.508352402252,19486.486218101993,18525.270904710058
forecast_8183,2025-12-07 23:00:00,19229.343003728973,19403.461860044375,18203.40307624057
forecast_8184,2025-12-08 00:00:00,19288.585052038135,19264.83875410903,17729.44633172324
forecast_8185,2025-12-08 01:00:00,19181.171324444873,19451.78400191709,17961.006673380743
forecast_8186,2025-12-08 02:00:00,18459.711378852353,19171.21218438035,17027.55138370901
forecast_8187,2025-12-08 03:00:00,18451.147112701918,18809.52861099762,16688.279244670346
forecast_8188,2025-12-08 04:00:00,17530.27859098492,17205.607153546443,15734.844747024392
forecast_8189,2025-12-08 05:00:00,15637.309545868346,15427.92582731869,14184.74222458083
forecast_8190,2025-12-08 06:00:00,14723.867372629044,14807.067084771814,11995.986743285057
forecast_8191,2025-12-08 07:00:00,14383.43167043733,15047.440500025685,11833.953818469066
forecast_8192,2025-12-08 08:00:00,13429.974373781653,13309.714990779117,8677.669509646872
forecast_8193,2025-12-08 09:00:00,12810.027705845416,11197.725203854829,7719.4677413090985
forecast_8194,2025-12-08 10:00:00,10771.079862146787,9839.937230866539,5737.436740517486
forecast_8195,2025-12-08 11:00:00,9166.09066786151,7966.521401925487,4929.024176501519
forecast_8196,2025-12-08 12:00:00,7536.693557691466,7100.444336833838,4076.1183141347115
forecast_8197,2025-12-08 13:00:00,7110.515574387526,6291.313631724525,3362.9956477514797
forecast_8198,2025-12-08 14:00:00,6937.829988184343,5572.354311174056,3519.4340730728613
forecast_8199,2025-12-08 15:00:00,6908.478930847364,6864.684301027148,4355.986473608362
forecast_8200,2025-12-08 16:00:00,7776.989671768333,7683.096806480862,4917.377397603735
forecast_8201,2025-12-08 17:00:00,9118.18955622003,9116.92790729309,6439.222947899665
forecast_8202,2025-12-08 18:00:00,11178.66322246605,12449.923583019892,8966.101246558326
forecast_8203,2025-12-08 19:00:00,13208.849036485833,14440.242531048396,11275.030278940338
forecast_8204,2025-12-08 20:00:00,13614.584921427646,15081.322083150942,12298.257852644781
forecast_8205,2025-12-08 21:00:00,14566.162034517745,15723.714324310307,12346.792019445818
forecast_8206,2025-12-08 22:00:00,15196.575460060303,15883.209018732585,12527.002579208895
forecast_8207,2025-12-08 23:00:00,15425.010497860376,16162.16131074791,13065.622603090504
forecast_8208,2025-12-09 00:00:00,15565.051638359051,16670.822388609573,13270.76377259455
forecast_8209,2025-12-09 01:00:00,15821.75537781859,17200.886552309843,13239.180812000732
forecast_8210,2025-12-09 02:00:00,16044.227946825598,17604.340912437623,13677.960887585297
forecast_8211,2025-12-09 03:00:00,16261.632900295579,17696.54712760476,13946.49924262903
forecast_8212,2025-12-09 04:00:00,16931.815387805673,17872.196413835416,13735.552767478697
forecast_8213,2025-12-09 05:00:00,17507.647079185677,18292.36063642542,14407.778852847952
forecast_8214,2025-12-09 06:00:00,17603.584742656087,18735.764782968123,14958.484378079953
forecast_8215,2025-12-09 07:00:00,18108.96667392955,19185.374888140643,15099.428664039275
forecast_8216,2025-12-09 08:00:00,18793.21197273537,19478.400041878816,15998.089733993185
forecast_8217,2025-12-09 09:00:00,18747.03665221586,19289.394312675446,15920.066618351206
forecast_8218,2025-12-09 10:00:00,16366.746167637602,18464.289505193734,15889.36990859314
forecast_8219,2025-12-09 11:00:00,15750.678880759331,17730.204949807787,15859.590214342694
forecast_8220,2025-12-09 12:00:00,14658.304751204545,16689.564413181215,14838.565063316168
forecast_8221,2025-12-09 13:00:00,13924.952661059357,15334.983108015556,13367.306859884879
forecast_8222,2025-12-09 14:00:00,13918.074781121675,14744.80928984701,11438.364551949679
forecast_8223,2025-12-09 15:00:00,13907.361165175176,14189.326421995724,11323.722920962535
forecast_8224,2025-12-09 16:00:00,13507.657108907424,13866.58008907997,11725.969818058547
forecast_8225,2025-12-09 17:00:00,13505.880327262159,13387.787061988958,10889.640108220083
forecast_8226,2025-12-09 18:00:00,15079.916601792385,14499.958268558878,12488.29920314006
forecast_8227,2025-12-09 19:00:00,14846.265263575935,15310.769125784725,12526.969041400962
forecast_8228,2025-12-09 20:00:00,14589.80248227431,16169.083753516734,12011.11032807131
forecast_8229,2025-12-09 21:00:00,13700.471965599883,15724.595336822644,11595.11688586806
forecast_8230,2025-12-09 22:00:00,13799.076162969468,15194.680271804256,11428.256658891232
forecast_8231,2025-12-09 23:00:00,12977.10858870856,14789.70471199658,10842.243834906125
forecast_8232,2025-12-10 00:00:00,13394.95042101113,14574.687099826346,10869.380298557897
forecast_8233,2025-12-10 01:00:00,13419.716404629635,15182.566821059365,11290.924795017703
forecast_8234,2025-12-10 02:00:00,13791.455816188682,15980.5303951545,12486.993332082851
forecast_8235,2025-12-10 03:00:00,14199.389820789973,16187.803544657887,13756.231073687486
forecast_8236,2025-12-10 04:00:00,14787.860225828466,16693.863780081374,13746.838728419174
forecast_8237,2025-12-10 05:00:00,14619.363634272373,17207.576445723644,13791.209131892505
forecast_8238,2025-12-10 06:00:00,14859.802661742046,17248.31944316736,13365.839463229122
forecast_8239,2025-12-10 07:00:00,15973.558727083862,17241.661265744726,13386.975823916468
forecast_8240,2025-12-10 08:00:00,15972.44963738591,17277.779332035163,12462.445134126636
forecast_8241,2025-12-10 09:00:00,15347.58341388941,16648.437478698874,12099.751055939942
forecast_8242,2025-12-10 10:00:00,14621.117597244289,15611.322968832981,11383.948548191847
forecast_8243,2025-12-10 11:00:00,12944.452453998943,15183.99630651841,10393.890054820695
forecast_8244,2025-12-10 12:00:00,11456.290088053862,13818.712451759266,9071.77398766289
forecast_8245,2025-12-10 13:00:00,10407.648021778572,13043.294676883746,8182.0005077262995
forecast_8246,2025-12-10 14:00:00,9459.816744900492,12327.023584675204,7124.803246479011
forecast_8247,2025-12-10 15:00:00,9279.892975320114,9990.492633336225,6022.403326530446
forecast_8248,2025-12-10 16:00:00,9385.975226458635,10039.62071667886,6311.001814861256
forecast_8249,2025-12-10 17:00:00,9909.677641252056,11961.665964313015,5843.451937520901
forecast_8250,2025-12-10 18:00:00,10619.955527579674,12104.97884193671,5581.269636296194
forecast_8251,2025-12-10 19:00:00,10910.10789869941,12332.876141639332,6908.415876627941
forecast_8252,2025-12-10 20:00:00,11329.123239106548,14499.266899447639,7987.8064148691265
forecast_8253,2025-12-10 21:00:00,12778.73659703238,14668.563344961316,9176.966232670997
forecast_8254,2025-12-10 22:00:00,13964.975025594602,15725.868877108918,12115.350389217925
forecast_8255,2025-12-10 23:00:00,14583.839781723851,16219.493532646518,12722.701060300624
forecast_8256,2025-12-11 00:00:00,16952.203016013053,17985.145080089078,14924.755845119365
forecast_8257,2025-12-11 01:00:00,18081.794111252668,19051.90452819064,15974.9198772364
forecast_8258,2025-12-11 02:00:00,18373.84812842389,19824.72750440106,17294.755628484374
forecast_8259,2025-12-11 03:00:00,18798.18126899094,19781.146737,18805.13940610835
forecast_8260,2025-12-11 04:00:00,19129.851214744012,19920.55966162443,19381.57804345277
forecast_8261,2025-12-11 05:00:00,19448.444789450048,19909.458059103657,19423.65165975216
forecast_8262,2025-12-11 06:00:00,19433.986901789976,19831.777095831603,19231.60016046938
forecast_8263,2025-12-11 07:00:00,19235.53565684725,19708.37597219306,18957.089335226265
forecast_8264,2025-12-11 08:00:00,18978.57218574446,19482.775292529193,18376.74869180008
forecast_8265,2025-12-11 09:00:00,18137.241775197832,18734.025693206462,18427.974108928604
forecast_8266,2025-12-11 10:00:00,17600.491881647074,18345.636582038984,18237.056526713823
forecast_8267,2025-12-11 11:00:00,16541.593604639584,17604.368940069682,17911.978119465814
forecast_8268,2025-12-11 12:00:00,16321.693945386145,16621.913851663732,14898.001095395382
forecast_8269,2025-12-11 13:00:00,14994.257104960452,15747.234343650798,13412.020335202056
forecast_8270,2025-12-11 14:00:00,14683.392269365255,14732.932085951647,11758.68956732751
forecast_8271,2025-12-11 15:00:00,14187.421643586458,14087.424399744546,11538.605847161918
forecast_8272,2025-12-11 16:00:00,13963.213484349137,13199.691935253024,11182.711628962368
forecast_8273,2025-12-11 17:00:00,14071.180169868798,13270.522575214496,11383.062401646957
forecast_8274,2025-12-11 18:00:00,13620.70969990641,13128.452951191255,9666.316883657573
forecast_8275,2025-12-11 19:00:00,12352.21141730761,12091.44364664211,8225.054273155345
forecast_8276,2025-12-11 20:00:00,10548.139807429616,9498.830833638693,5748.483256063888
forecast_8277,2025-12-11 21:00:00,8055.73652525577,7786.78272899166,4304.936619321658
forecast_8278,2025-12-11 22:00:00,6344.302712303298,5435.101555072976,3852.451927150044
forecast_8279,2025-12-11 23:00:00,5373.141204012802,3795.3169338564535,4151.192924980977
forecast_8280,2025-12-12 00:00:00,4375.8254790746605,4505.692837055926,4260.389319590848
forecast_8281,2025-12-12 01:00:00,4196.163364364136,3974.372513681682,3792.4152135187733
forecast_8282,2025-12-12 02:00:00,3596.3934160982926,4083.1301089395142,3332.168371941906
forecast_8283,2025-12-12 03:00:00,3255.331627598656,3864.2553931083257,3300.093478829529
forecast_8284,2025-12-12 04:00:00,3196.050306592987,3910.0041094404946,3115.1971783886283
forecast_8285,2025-12-12 05:00:00,3834.1188081069995,3882.416466485655,2781.328054973381
forecast_8286,2025-12-12 06:00:00,3826.4552704085986,3853.7017749692727,3031.356384960788
forecast_8287,2025-12-12 07:00:00,3384.4917729597983,4023.146986260208,2543.840797405396
forecast_8288,2025-12-12 08:00:00,3205.8290519200173,3278.344414110121,1739.3693266977023
forecast_8289,2025-12-12 09:00:00,2692.691937936199,2948.5105760883184,1273.5148318878737
forecast_8290,2025-12-12 10:00:00,1666.2891549996375,2517.1365848863516,1002.0199479060427
forecast_8291,2025-12-12 11:00:00,1028.0467844580376,1371.2833308624513,793.4750434730518
forecast_8292,2025-12-12 12:00:00,775.7887096180992,952.9088159651956,563.3286755272402
forecast_8293,2025-12-12 13:00:00,650.7976503049405,727.4560362828732,549.3407091420393
forecast_8294,2025-12-12 14:00:00,659.3918359086044,608.5165986266394,536.0368301902654
forecast_8295,2025-12-12 15:00:00,670.6141519316602,593.2298683473083,536.0368301902654
forecast_8296,2025-12-12 16:00:00,837.6310601456398,614.7851623637578,536.0368301902654
forecast_8297,2025-12-12 17:00:00,1614.5828928858814,880.8144058654319,556.6319495562292
forecast_8298,2025-12-12 18:00:00,1793.16578302767,1334.9720069192942,578.213214792978
forecast_8299,2025-12-12 19:00:00,2016.2364607991344,1846.724526143196,681.3235241564093
forecast_8300,2025-12-12 20:00:00,2129.9621147171433,2244.5981259099517,841.5433269164641
forecast_8301,2025-12-12 21:00:00,2213.6339245036565,2843.236390471189,971.8129111094248
forecast_8302,2025-12-12 22:00:00,2568.024819735656,3191.124799962669,1142.3793770080042
forecast_8303,2025-12-12 23:00:00,3136.0651866711264,2978.952593896763,1447.941610113643
forecast_8304,2025-12-13 00:00:00,3170.6327844678417,4021.877597615414,1535.4886757158283
forecast_8305,2025-12-13 01:00:00,4091.2393435399613,4603.093982304196,2231.9828787191404
forecast_8306,2025-12-13 02:00:00,4705.625582902062,5726.523644290935,2750.9482809614137
forecast_8307,2025-12-13 03:00:00,5267.957384220333,6924.612903595294,4166.524001624022
forecast_8308,2025-12-13 04:00:00,6241.809421204902,7949.476123454677,4771.073496221804
forecast_8309,2025-12-13 05:00:00,6397.586175666869,8225.62087989406,5002.428749414874
forecast_8310,2025-12-13 06:00:00,7004.183322857236,8215.429428072706,4957.706090721227
forecast_8311,2025-12-13 07:00:00,7234.189615168918,8560.292713775661,5357.301000801053
forecast_8312,2025-12-13 08:00:00,7223.479084889905,8575.402037114507,6079.597492489679
forecast_8313,2025-12-13 09:00:00,6523.384251643829,8253.70893817196,4655.386528220496
forecast_8314,2025-12-13 10:00:00,4635.911424220066,5774.0732192344185,2640.5650004912463
forecast_8315,2025-12-13 11:00:00,2848.976296984133,3831.3468643429637,1344.4384721444915
forecast_8316,2025-12-13 12:00:00,1973.101900141798,2189.890348997105,896.576052747601
forecast_8317,2025-12-13 13:00:00,1185.427219245421,1352.9307520572188,688.9639358799932
forecast_8318,2025-12-13 14:00:00,1110.5077379752804,1382.087411957909,762.4491748059625
forecast_8319,2025-12-13 15:00:00,1235.2497881627014,1461.4957081327275,756.7890100972506
forecast_8320,2025-12-13 16:00:00,1423.7185560864295,2057.764488205778,781.4661447549797
forecast_8321,2025-12-13 17:00:00,2535.9799204228248,2629.85005949346,1140.866080386079
forecast_8322,2025-12-13 18:00:00,4017.3035024623046,4422.709723209293,1936.2110074135408
forecast_8323,2025-12-13 19:00:00,4881.05896616052,5387.56538058274,3309.1196243758795
forecast_8324,2025-12-13 20:00:00,5792.968984197602,6509.964663844434,4499.446222983122
forecast_8325,2025-12-13 21:00:00,7533.368275253834,7864.397498195707,6116.867522733528
forecast_8326,2025-12-13 22:00:00,9550.147182968829,9218.775038972239,8215.563076969444
forecast_8327,2025-12-13 23:00:00,11200.332664978941,10819.590219615895,10854.273716573887
forecast_8328,2025-12-14 00:00:00,11883.06043332914,11652.36144340437,11413.791812129464
forecast_8329,2025-12-14 01:00:00,13962.016754155193,14124.682801010065,11576.039093454472
forecast_8330,2025-12-14 02:00:00,14849.647690643429,14677.986372246718,10983.366573514882
forecast_8331,2025-12-14 03:00:00,15386.514102463218,15147.487816499612,12309.380795803045
forecast_8332,2025-12-14 04:00:00,15949.872311405728,16058.345989295896,15248.529888166324
forecast_8333,2025-12-14 05:00:00,16148.873707287317,16337.31817697956,15488.013094847991
forecast_8334,2025-12-14 06:00:00,16368.684230911866,16586.4548225938,14931.44339473351
forecast_8335,2025-12-14 07:00:00,16542.08269041244,17217.97329794148,16013.485648944434
forecast_8336,2025-12-14 08:00:00,17009.286146940118,17313.785939895308,15618.294858329798
forecast_8337,2025-12-14 09:00:00,16917.7281632456,17652.31525878431,15743.627794459848
forecast_8338,2025-12-14 10:00:00,16503.250302454933,16860.145965018535,15668.383153857161
forecast_8339,2025-12-14 11:00:00,16263.402278152014,16268.697014359439,15531.426466533925
forecast_8340,2025-12-14 12:00:00,15899.410641895782,15792.13654304895,14580.47202133596
forecast_8341,2025-12-14 13:00:00,14641.094534605862,15085.09579920593,13485.877559433271
forecast_8342,2025-12-14 14:00:00,14055.63144285791,14073.194866255119,12820.777879050886
forecast_8343,2025-12-14 15:00:00,13887.450839765857,13495.566540003452,12650.923554291756
forecast_8344,2025-12-14 16:00:00,14089.485063232507,14857.806256197979,12545.19462326618
forecast_8345,2025-12-14 17:00:00,14619.091354746684,15151.803495930075,13042.832597950204
forecast_8346,2025-12-14 18:00:00,15672.581655304528,15891.611367381174,14161.904703280494
forecast_8347,2025-12-14 19:00:00,15908.702028848425,16677.618590609996,15514.574699173503
forecast_8348,2025-12-14 20:00:00,16357.172729677393,16901.353905895947,16678.994984204754
forecast_8349,2025-12-14 21:00:00,16675.63572992315,17441.964409373097,16943.768020423948
forecast_8350,2025-12-14 22:00:00,16375.172171466089,17653.527231736396,17529.826837234003
forecast_8351,2025-12-14 23:00:00,16551.88248516846,17964.263569258022,16987.821265652197
forecast_8352,2025-12-15 00:00:00,16830.047563584245,17934.18759265569,16384.026082106386
forecast_8353,2025-12-15 01:00:00,16756.538972822884,18961.055242715796,17249.596169414675
forecast_8354,2025-12-15 02:00:00,18388.59512290835,19340.46822511212,18098.89557259513
forecast_8355,2025-12-15 03:00:00,18815.571848871474,19467.498563039557,17485.596547478934
forecast_8356,2025-12-15 04:00:00,19203.76021297087,19272.490646907358,17703.955534324115
forecast_8357,2025-12-15 05:00:00,19717.929157242186,18650.27667396172,16213.378699653236
forecast_8358,2025-12-15 06:00:00,19854.084166146236,18271.67448559488,16281.998300804917
forecast_8359,2025-12-15 07:00:00,19540.11266034496,18406.9127840187,16001.785427922587
forecast_8360,2025-12-15 08:00:00,19209.09073466883,18985.12180190169,14917.517155949059
forecast_8361,2025-12-15 09:00:00,18406.54648488409,18546.57649953263,14568.241623840862
forecast_8362,2025-12-15 10:00:00,17075.698553320817,17234.423387747505,14317.626298734023
forecast_8363,2025-12-15 11:00:00,16089.794102962487,16672.830296695345,13343.117697567219
forecast_8364,2025-12-15 12:00:00,14912.360588276246,16264.088509325338,11246.11473496519
forecast_8365,2025-12-15 13:00:00,12892.51112140312,15314.950878841302,10882.804618888094
forecast_8366,2025-12-15 14:00:00,13305.428785288086,15342.741752756165,12645.971311479949
forecast_8367,2025-12-15 15:00:00,14863.28310117059,16222.50358492214,12855.282747181667
forecast_8368,2025-12-15 16:00:00,16921.92192433474,17089.69851281389,13651.802449932919
forecast_8369,2025-12-15 17:00:00,18984.657648702138,18569.41993363601,16876.267026752997
forecast_8370,2025-12-15 18:00:00,19393.324537905748,19138.669218612198,17738.27829978687
forecast_8371,2025-12-15 19:00:00,19465.313419275837,19353.5499418439,18544.27962935855
forecast_8372,2025-12-15 20:00:00,19798.733062842268,19142.821160750453,18428.778459259436
forecast_8373,2025-12-15 21:00:00,19238.23646163512,19100.829779006843,18264.207434576674
forecast_8374,2025-12-15 22:00:00,19312.653164453903,19202.109638734008,17665.62783642644
forecast_8375,2025-12-15 23:00:00,19310.326501697164,19132.53069407272,15797.276708863035
forecast_8376,2025-12-16 00:00:00,18144.305199117443,18278.059981889535,15191.809610610686
forecast_8377,2025-12-16 01:00:00,17978.1737534323,17520.58593443532,14211.427529749144
forecast_8378,2025-12-16 02:00:00,16277.121757862486,16782.716439530792,14121.4587183486
forecast_8379,2025-12-16 03:00:00,16169.802806938926,16910.944069001453,14194.621023451149
forecast_8380,2025-12-16 04:00:00,15167.418874533625,16651.796366215443,14472.182063322849
forecast_8381,2025-12-16 05:00:00,13998.89007095543,15672.731790266236,13622.052379331197
forecast_8382,2025-12-16 06:00:00,13328.011101574066,14536.36143240775,13210.998334828058
forecast_8383,2025-12-16 07:00:00,13383.666136810578,14667.628611449734,13175.4768196174
forecast_8384,2025-12-16 08:00:00,13686.839228729032,15232.385949211068,14640.115978883765
forecast_8385,2025-12-16 09:00:00,13621.438955000664,15063.055172608143,11977.549848050094
forecast_8386,2025-12-16 10:00:00,13282.508614717577,13440.972196177738,10975.339752476531
forecast_8387,2025-12-16 11:00:00,13305.562701154127,12912.828226289326,10999.654999620394
forecast_8388,2025-12-16 12:00:00,13075.833521851106,12450.803583890287,11177.067439825605
forecast_8389,2025-12-16 13:00:00,12936.910484213602,12178.67490167952,12414.614249736856
forecast_8390,2025-12-16 14:00:00,12767.065964356983,11754.71886920972,11753.067040457145
forecast_8391,2025-12-16 15:00:00,12407.33609763444,11508.912715962371,10256.751100245769
forecast_8392,2025-12-16 16:00:00,11732.420113618376,11645.84940104315,9918.951923819239
forecast_8393,2025-12-16 17:00:00,11224.188248050568,11757.960511938203,10827.093729452343
forecast_8394,2025-12-16 18:00:00,11471.873045617136,11833.47467308305,12544.776924221398
forecast_8395,2025-12-16 19:00:00,11276.526623801088,12260.499232367116,12790.410689858449
forecast_8396,2025-12-16 20:00:00,11834.525949295152,12712.725297945073,10422.314311366024
forecast_8397,2025-12-16 21:00:00,11361.42382121732,12889.121607813115,10137.528816985021
forecast_8398,2025-12-16 22:00:00,10424.5332381417,12735.716062240073,9389.902553885913
forecast_8399,2025-12-16 23:00:00,9399.618806796801,13009.295320390778,7600.9123394459
forecast_8400,2025-12-17 00:00:00,10422.959495662233,12411.58564830259,9239.515939135865
forecast_8401,2025-12-17 01:00:00,10198.335130810436,11379.048024845295,10398.799536744671
forecast_8402,2025-12-17 02:00:00,10879.938286198918,11515.937833057735,10617.927276144414
forecast_8403,2025-12-17 03:00:00,10975.3771437059,11490.267793020757,9762.664282439522
forecast_8404,2025-12-17 04:00:00,10737.724278398362,11152.708134284781,8232.133804837431
forecast_8405,2025-12-17 05:00:00,10268.237164601835,10888.153185410283,8115.124445983529
forecast_8406,2025-12-17 06:00:00,10255.219915375234,11587.939388544473,8013.9824584247945
forecast_8407,2025-12-17 07:00:00,10026.304202780191,10249.780814833312,7643.895786653886
forecast_8408,2025-12-17 08:00:00,10255.31560253821,10748.04799196123,6412.736542076781
forecast_8409,2025-12-17 09:00:00,9327.804485210876,9593.621106725612,5525.5649992571825
forecast_8410,2025-12-17 10:00:00,7749.153265602157,7645.961967510077,5021.825041874204
forecast_8411,2025-12-17 11:00:00,7091.967901414824,6536.136342207763,4459.770515163761
forecast_8412,2025-12-17 12:00:00,6541.400882840926,6381.387824153271,3829.444824338184
forecast_8413,2025-12-17 13:00:00,6189.80608195236,4894.080859477131,2838.7862083547484
forecast_8414,2025-12-17 14:00:00,5282.157554161411,3529.771021449004,2260.3551745170907
forecast_8415,2025-12-17 15:00:00,3978.1635315669428,3113.2789869733815,1820.8839724031523
forecast_8416,2025-12-17 16:00:00,3765.87168393513,3430.835658035965,2005.3476253559286
forecast_8417,2025-12-17 17:00:00,4766.921974440289,4045.5966061989366,2598.4072501043465
forecast_8418,2025-12-17 18:00:00,5169.030222129796,5287.773494148158,3563.430908293472
forecast_8419,2025-12-17 19:00:00,7431.485645294049,6694.136764156602,4306.5727034055535
forecast_8420,2025-12-17 20:00:00,8037.859516626714,8296.482559363558,5437.855366239513
forecast_8421,2025-12-17 21:00:00,8977.28396900434,9454.202476278222,7478.589827013966
forecast_8422,2025-12-17 22:00:00,9946.758199389751,10472.603870143706,8959.493971386626
forecast_8423,2025-12-17 23:00:00,11990.224710955443,13546.706097140514,9340.58018158622
forecast_8424,2025-12-18 00:00:00,12699.037139306045,12983.144623871081,9298.091857982714
forecast_8425,2025-12-18 01:00:00,13847.433602934674,14091.816841572518,10823.853146757772
forecast_8426,2025-12-18 02:00:00,14001.123713220306,15143.41424230911,12417.562698611166
forecast_8427,2025-12-18 03:00:00,14474.770799980275,15297.624464653052,11897.967688076991
forecast_8428,2025-12-18 04:00:00,14468.635265808618,15494.783982012439,11280.37929742026
forecast_8429,2025-12-18 05:00:00,14475.014010516485,15282.401495501073,11513.570872909017
forecast_8430,2025-12-18 06:00:00,14138.241647248298,14459.3730166751,10567.097792697004
forecast_8431,2025-12-18 07:00:00,13801.321743393066,13663.889610220582,9086.30229193376
forecast_8432,2025-12-18 08:00:00,12362.02313709036,12554.605625296588,8480.934519556195
forecast_8433,2025-12-18 09:00:00,11933.808623156352,12683.99776571944,6562.589667606513
forecast_8434,2025-12-18 10:00:00,9664.394632791957,9749.60379078184,5209.426565278114
forecast_8435,2025-12-18 11:00:00,7845.220976959419,7248.515171267523,4108.600207856597
forecast_8436,2025-12-18 12:00:00,6210.398097711056,6197.711306109555,3267.9333601831872
forecast_8437,2025-12-18 13:00:00,5055.247501956458,5182.411938650577,2663.2745932026337
forecast_8438,2025-12-18 14:00:00,4702.479515519493,4862.618846920855,2186.017931754405
forecast_8439,2025-12-18 15:00:00,5464.810524051609,5054.14295208228,2039.0901732331413
forecast_8440,2025-12-18 16:00:00,6404.531970858022,5825.113543252983,2465.7154840809926
forecast_8441,2025-12-18 17:00:00,7363.865298081606,7010.706355273975,3456.1220376649444
forecast_8442,2025-12-18 18:00:00,8331.938309981651,8485.620846024181,4867.254722670653
forecast_8443,2025-12-18 19:00:00,9533.77187319754,10082.277545773173,5079.400481191188
forecast_8444,2025-12-18 20:00:00,9586.971618781556,11203.50334115962,5499.761468375736
forecast_8445,2025-12-18 21:00:00,10887.910972483336,12775.653884262243,6498.573116407574
forecast_8446,2025-12-18 22:00:00,11825.595488500596,13717.589151983648,7868.976111212774
forecast_8447,2025-12-18 23:00:00,13879.103436360312,15245.201874143992,9459.3353203776
forecast_8448,2025-12-19 00:00:00,15262.008293907522,15767.3669956948,10752.892108591059
forecast_8449,2025-12-19 01:00:00,16133.629161778168,16281.783162771246,12589.748020104842
forecast_8450,2025-12-19 02:00:00,17143.77749307637,17519.11038291124,14513.173539156604
forecast_8451,2025-12-19 03:00:00,17698.6418189091,18230.140316847424,14424.293802793884
forecast_8452,2025-12-19 04:00:00,18424.227369571072,18619.39123622163,15596.840580778444
forecast_8453,2025-12-19 05:00:00,18906.95177911777,18840.351287703223,14481.71669102734
forecast_8454,2025-12-19 06:00:00,18884.031042716484,18604.270590581582,14714.232876758168
forecast_8455,2025-12-19 07:00:00,18960.87971779354,18447.994597944078,15985.201889405816
forecast_8456,2025-12-19 08:00:00,18697.84074767675,18769.88727670038,16770.12190265365
forecast_8457,2025-12-19 09:00:00,19304.352630961923,19136.117543092707,16862.957382613822
forecast_8458,2025-12-19 10:00:00,18403.588579340263,19163.33398354753,17431.761433091495
forecast_8459,2025-12-19 11:00:00,18809.045116576985,19615.302491408915,18359.6555176661
forecast_8460,2025-12-19 12:00:00,18518.68506230461,19604.169320076573,18466.735752209366
forecast_8461,2025-12-19 13:00:00,18364.409232833295,19189.21306551157,18501.239989410104
forecast_8462,2025-12-19 14:00:00,18567.867200487304,19025.861151496374,18813.164696579122
forecast_8463,2025-12-19 15:00:00,18399.15377246076,18741.31512365451,18482.208964760026
forecast_8464,2025-12-19 16:00:00,18298.528135603825,18757.93856408013,18069.696593751247
forecast_8465,2025-12-19 17:00:00,18817.703724970528,18961.459031152634,18196.79709576857
forecast_8466,2025-12-19 18:00:00,18540.494362831596,19015.88151963074,18350.024081182226
forecast_8467,2025-12-19 19:00:00,18121.806599526186,18830.109330211406,18168.773374970035
forecast_8468,2025-12-19 20:00:00,17445.86625595545,18601.958439883707,16027.639822920513
forecast_8469,2025-12-19 21:00:00,17834.57106922782,18715.657912949173,17932.848264791523
forecast_8470,2025-12-19 22:00:00,17570.965092055656,18640.76996089948,15856.703000994166
forecast_8471,2025-12-19 23:00:00,16629.87556599938,17678.023657369813,15316.441676681825
forecast_8472,2025-12-20 00:00:00,17028.55233187897,17888.049229115142,14112.890299984669
forecast_8473,2025-12-20 01:00:00,17469.52734030623,17781.91885216619,15956.406120112993
forecast_8474,2025-12-20 02:00:00,17333.699369096816,17890.93582639828,14954.066693572524
forecast_8475,2025-12-20 03:00:00,17014.3879465618,17578.518075175285,13770.139614256921
forecast_8476,2025-12-20 04:00:00,16642.46073737325,17342.02570009356,14011.70416076146
forecast_8477,2025-12-20 05:00:00,15752.068763731859,16931.41483835542,13281.987108597274
forecast_8478,2025-12-20 06:00:00,16251.434379241782,17111.028153646916,12772.013807230174
forecast_8479,2025-12-20 07:00:00,16339.23482363535,17978.09238705536,13851.403727415767
forecast_8480,2025-12-20 08:00:00,16564.592240203547,18183.117696571717,14104.049226878691
forecast_8481,2025-12-20 09:00:00,16518.791522458676,17912.01206573374,13666.551308113936
forecast_8482,2025-12-20 10:00:00,16222.509816943517,17348.827477319766,13844.340097459599
forecast_8483,2025-12-20 11:00:00,15411.295315469168,17637.88057540659,13693.062316981763
forecast_8484,2025-12-20 12:00:00,15310.237804003737,17473.421807653078,14129.867482874743
forecast_8485,2025-12-20 13:00:00,15699.165805165303,16966.57490121719,13100.189822268112
forecast_8486,2025-12-20 14:00:00,15291.188805316477,16049.95063483153,13196.82431988724
forecast_8487,2025-12-20 15:00:00,15954.679313830926,16220.783593780023,13568.213498843677
forecast_8488,2025-12-20 16:00:00,16613.000938470537,16735.706209625852,13829.117844685821
forecast_8489,2025-12-20 17:00:00,16374.055128178006,17134.190689344123,13481.664281519632
forecast_8490,2025-12-20 18:00:00,15861.394889900606,16419.996883793414,12172.58061179581
forecast_8491,2025-12-20 19:00:00,14412.323411286903,15850.38828555327,11231.83359999865
forecast_8492,2025-12-20 20:00:00,13651.705668898203,15785.805385862994,11420.587157909269
forecast_8493,2025-12-20 21:00:00,13238.380502961825,15595.862195975584,13599.022977010458
forecast_8494,2025-12-20 22:00:00,14134.5411316521,14841.62552942853,14152.505233887488
forecast_8495,2025-12-20 23:00:00,15834.29413120043,15584.29858213368,13550.01154539842
forecast_8496,2025-12-21 00:00:00,17752.66649469542,17770.583639437347,13572.38642215202
forecast_8497,2025-12-21 01:00:00,18750.945241973008,19837.65713030677,17292.1070779615
forecast_8498,2025-12-21 02:00:00,19438.514179558348,20117.088703569207,18280.8370018304
forecast_8499,2025-12-21 03:00:00,19587.46259967729,19980.80055355323,18220.432073215918
forecast_8500,2025-12-21 04:00:00,19341.429479729995,19988.578115491004,18086.329046251714
forecast_8501,2025-12-21 05:00:00,19003.57811618045,19820.397005314237,17486.180645904147
forecast_8502,2025-12-21 06:00:00,18627.8809192394,19672.646039805168,17096.453499282594
forecast_8503,2025-12-21 07:00:00,18091.430857191153,19186.952166982002,16667.29084845844
forecast_8504,2025-12-21 08:00:00,17215.460393773057,18992.329873282168,15977.388272867149
forecast_8505,2025-12-21 09:00:00,15971.393221118324,18540.342973401115,14707.108383965213
forecast_8506,2025-12-21 10:00:00,15335.95982512341,16876.982057215846,12520.45778185544
forecast_8507,2025-12-21 11:00:00,14355.271142122789,15455.890448635402,9624.491064670266
forecast_8508,2025-12-21 12:00:00,13300.7956309308,12517.312453740926,7268.414236455394
forecast_8509,2025-12-21 13:00:00,11337.725268718896,9477.905104565401,5343.1288371645505
forecast_8510,2025-12-21 14:00:00,9569.747605381854,7540.145035519319,3405.1203363299023
forecast_8511,2025-12-21 15:00:00,8724.309605652292,6770.846627189305,2893.6788102965943
forecast_8512,2025-12-21 16:00:00,7293.160880563966,5727.037526595406,2667.8031403432965
forecast_8513,2025-12-21 17:00:00,6936.257039311444,4811.142340304518,2609.6364093546754
forecast_8514,2025-12-21 18:00:00,6029.275070353692,4163.353395885249,2361.1102876381015
forecast_8515,2025-12-21 19:00:00,4277.6046281928075,3768.143967292157,1707.9597255085127
forecast_8516,2025-12-21 20:00:00,3797.07886629573,2355.3161709902015,1236.2131152793727
forecast_8517,2025-12-21 21:00:00,3287.259446772765,1666.8807321604454,1020.0929645515936
forecast_8518,2025-12-21 22:00:00,2304.8758922305324,933.5678476416514,822.2384669977182
forecast_8519,2025-12-21 23:00:00,1356.6989088173088,527.1764667688734,626.6196994686197
forecast_8520,2025-12-22 00:00:00,1106.7515285259972,441.3771504451693,558.2851549540702
forecast_8521,2025-12-22 01:00:00,1001.7750115279894,421.6193935883531,553.609522593099
forecast_8522,2025-12-22 02:00:00,858.6587102000586,385.2753671520726,538.9960714185689
forecast_8523,2025-12-22 03:00:00,574.6372585166487,394.138917266486,536.0368301902654
forecast_8524,2025-12-22 04:00:00,401.77557369535555,344.77913636410665,535.4808529334618
forecast_8525,2025-12-22 05:00:00,434.1873010180238,325.5699536475289,535.4808529334618
forecast_8526,2025-12-22 06:00:00,618.842819462612,336.3443663006724,535.0469569221093
forecast_8527,2025-12-22 07:00:00,642.3506842808385,322.93834925165555,535.0469569221093
forecast_8528,2025-12-22 08:00:00,611.4373732921576,351.4062232836436,535.0469569221093
forecast_8529,2025-12-22 09:00:00,650.3164489389445,393.9869505675423,535.0469569221093
forecast_8530,2025-12-22 10:00:00,490.9272562904867,360.8422564348039,535.0469569221093
forecast_8531,2025-12-22 11:00:00,330.2864779830129,335.226118116574,535.0469569221093
forecast_8532,2025-12-22 12:00:00,233.03341111415776,295.60321515520457,535.0469569221093
forecast_8533,2025-12-22 13:00:00,252.96398713605436,288.13269455523823,535.0469569221093
forecast_8534,2025-12-22 14:00:00,233.73979194176258,260.72356894647754,535.0469569221093
forecast_8535,2025-12-22 15:00:00,232.13180328231425,268.83894165282027,535.0469569221093
forecast_8536,2025-12-22 16:00:00,282.05893250259624,322.98548597906796,535.0469569221093
forecast_8537,2025-12-22 17:00:00,796.4576266371175,497.2629045531591,538.0061981504128
forecast_8538,2025-12-22 18:00:00,1074.4725000978224,1150.919766029838,569.8672138375251
forecast_8539,2025-12-22 19:00:00,1146.2171532153343,1649.5989031745992,751.6653809337059
forecast_8540,2025-12-22 20:00:00,1286.19460354701,2402.2043805856624,923.9362048436337
forecast_8541,2025-12-22 21:00:00,2345.4997735243455,2619.0684309694307,953.5483348021696
forecast_8542,2025-12-22 22:00:00,3064.5180505655126,3818.9366130675835,1426.558804614182
forecast_8543,2025-12-22 23:00:00,3941.9727129357316,4525.399909761856,2384.9800742190337
forecast_8544,2025-12-23 00:00:00,4168.753515430798,6334.524800466289,2438.5121857727327
forecast_8545,2025-12-23 01:00:00,4944.942518267643,6784.943684617433,3035.098106508711
forecast_8546,2025-12-23 02:00:00,5870.362496841981,7494.725327563613,3337.9900474365822
forecast_8547,2025-12-23 03:00:00,6163.118942981075,7852.811043518275,3280.019749245121
forecast_8548,2025-12-23 04:00:00,6373.338897890528,7447.949449982396,3148.8457224107033
forecast_8549,2025-12-23 05:00:00,6899.301655554335,7745.537554393873,3478.1051728261045
forecast_8550,2025-12-23 06:00:00,6863.109859255013,7934.2817786355145,4001.1527903052856
forecast_8551,2025-12-23 07:00:00,6175.570795047982,7857.201263302886,3735.167499678122
forecast_8552,2025-12-23 08:00:00,5485.895651724949,6987.826554621333,3380.212133412956
forecast_8553,2025-12-23 09:00:00,5324.488194182423,6465.848059908332,3664.4151613806703
forecast_8554,2025-12-23 10:00:00,5363.635220316206,6527.306222904643,4294.280856513923
forecast_8555,2025-12-23 11:00:00,6633.395366851102,7188.508249719557,4284.6349141923
forecast_8556,2025-12-23 12:00:00,6588.439549022085,7481.913140319481,4238.6230287327035
forecast_8557,2025-12-23 13:00:00,5332.867780202818,6547.613381587708,4249.684465373533
forecast_8558,2025-12-23 14:00:00,5618.204926719823,5827.881158461827,3846.2442354462064
forecast_8559,2025-12-23 15:00:00,5750.405374601576,6328.8925336518805,3930.673953233555
forecast_8560,2025-12-23 16:00:00,6319.505156648409,7487.460807396186,3969.305578485708
forecast_8561,2025-12-23 17:00:00,8113.169022895618,9064.364255201643,3930.967959224078
forecast_8562,2025-12-23 18:00:00,8833.429083416082,11706.261855585524,4396.233744026438
forecast_8563,2025-12-23 19:00:00,10274.403224435437,12101.338618452453,6677.070679737697
forecast_8564,2025-12-23 20:00:00,9598.741399837832,12536.526468078253,7804.043749115264
forecast_8565,2025-12-23 21:00:00,9123.3851315153,12986.593939018854,6897.06536472013
forecast_8566,2025-12-23 22:00:00,8608.234835445506,12031.629232328196,7481.555976864674
forecast_8567,2025-12-23 23:00:00,8434.29350981993,11979.902953541563,7624.4182425716
forecast_8568,2025-12-24 00:00:00,9052.954583693088,10735.845805396724,7519.933590872555
forecast_8569,2025-12-24 01:00:00,10228.785150917556,12761.71824243974,8781.049273980481
forecast_8570,2025-12-24 02:00:00,9623.484069043883,13026.552665783627,7898.205741106669
forecast_8571,2025-12-24 03:00:00,8690.572475384151,9615.284417292885,5806.554099737914
forecast_8572,2025-12-24 04:00:00,7723.383828215707,8374.065953111467,4341.891848960882
forecast_8573,2025-12-24 05:00:00,5820.86975284842,6669.860497115409,3202.0142825334806
forecast_8574,2025-12-24 06:00:00,4429.903440300878,4021.3420490181607,2272.8149086641506
forecast_8575,2025-12-24 07:00:00,2657.0729531785396,2041.3202303598823,1058.6787067606083
forecast_8576,2025-12-24 08:00:00,1405.8455772943962,937.3486733028546,627.6242967486885
forecast_8577,2025-12-24 09:00:00,568.7301975889626,432.674638629317,555.3567569402363
forecast_8578,2025-12-24 10:00:00,291.01486194014717,331.95898646846393,535.4808529334618
forecast_8579,2025-12-24 11:00:00,251.37292603110134,256.53951312339126,535.4808529334618
forecast_8580,2025-12-24 12:00:00,261.79141573038373,280.4233724775591,538.4400941617654
forecast_8581,2025-12-24 13:00:00,256.9776581133367,289.74114853731925,538.4400941617654
forecast_8582,2025-12-24 14:00:00,251.85307035146423,277.43065811848356,537.251736180866
forecast_8583,2025-12-24 15:00:00,261.6501749209611,286.42088811445285,537.251736180866
forecast_8584,2025-12-24 16:00:00,247.74251529987276,292.93978941974206,536.0368301902654
forecast_8585,2025-12-24 17:00:00,266.09969582915556,270.8369209935764,536.7713434494326
forecast_8586,2025-12-24 18:00:00,251.19024485472923,270.0299043550661,549.4394178916666
forecast_8587,2025-12-24 19:00:00,300.48787494114345,288.8238901642744,567.111276574431
forecast_8588,2025-12-24 20:00:00,305.55319154339645,397.3348303658428,565.4748579721554
forecast_8589,2025-12-24 21:00:00,495.3119249771865,624.9450516054173,593.8981872682314
forecast_8590,2025-12-24 22:00:00,883.9071827396884,853.0954808024447,688.7039443018969
forecast_8591,2025-12-24 23:00:00,1683.7428521496645,1608.6329706815309,836.2774174485079
forecast_8592,2025-12-25 00:00:00,2546.765397361331,2188.0750915596195,1258.1951255256047
forecast_8593,2025-12-25 01:00:00,4228.356480907694,2942.7202075130845,1493.6056959452305
forecast_8594,2025-12-25 02:00:00,6239.438003832516,4377.098996767561,2590.5145944414985
forecast_8595,2025-12-25 03:00:00,7597.480438256656,7048.3464087648235,4302.857728323457
forecast_8596,2025-12-25 04:00:00,9398.746508110089,8988.985806188652,5733.253296588105
forecast_8597,2025-12-25 05:00:00,10342.767017518865,10542.932152809357,6624.7331837682195
forecast_8598,2025-12-25 06:00:00,11726.645235384505,12146.21345518277,7767.61863056585
forecast_8599,2025-12-25 07:00:00,12866.888502622962,13509.304185495686,8429.559197457938
forecast_8600,2025-12-25 08:00:00,13454.283906355471,14302.94209113242,8859.380009495279
forecast_8601,2025-12-25 09:00:00,13705.615379542469,15159.615631323424,9514.89939452649
forecast_8602,2025-12-25 10:00:00,14498.941839934316,16152.432880696222,12618.319956234385
forecast_8603,2025-12-25 11:00:00,14697.583167696734,15416.180771482506,12248.450981224993
forecast_8604,2025-12-25 12:00:00,14578.508172186204,16050.54900721721,12199.194844307003
forecast_8605,2025-12-25 13:00:00,14921.194483062522,16473.203237561298,12779.673471379298
forecast_8606,2025-12-25 14:00:00,14950.247157637856,16152.801441004456,12716.47797685232
forecast_8607,2025-12-25 15:00:00,14984.706444187737,16134.190215798273,12495.578011233636
forecast_8608,2025-12-25 16:00:00,15000.721414783788,16154.121917385899,12473.128889021948
forecast_8609,2025-12-25 17:00:00,14829.331711846457,16095.100088084233,12740.9190160291
forecast_8610,2025-12-25 18:00:00,14958.363195465347,16566.45178430219,13152.764830324362
forecast_8611,2025-12-25 19:00:00,14914.286922801224,16935.868494702256,14629.821689367682
forecast_8612,2025-12-25 20:00:00,14919.547561974308,17738.654769860714,14982.24600793554
forecast_8613,2025-12-25 21:00:00,14931.541682728195,18192.949454083497,15335.000048392016
forecast_8614,2025-12-25 22:00:00,15276.966233068806,18375.988748390246,15190.959359832676
forecast_8615,2025-12-25 23:00:00,15297.448041105838,18834.786968752178,15370.920599528567
forecast_8616,2025-12-26 00:00:00,15371.406216621439,19233.118957694714,15687.002169218318
forecast_8617,2025-12-26 01:00:00,15990.440857336329,18952.306465245194,14950.941643011127
forecast_8618,2025-12-26 02:00:00,15712.326795198023,19173.981857561725,14991.131309608601
forecast_8619,2025-12-26 03:00:00,15917.790792396396,19174.92585115516,14273.362369646638
forecast_8620,2025-12-26 04:00:00,16226.39906120664,19170.535041144947,14805.35983285568
forecast_8621,2025-12-26 05:00:00,16854.3781455319,18231.867962427197,14002.337233980565
forecast_8622,2025-12-26 06:00:00,16926.012074484337,18077.720175890536,13156.05294086623
forecast_8623,2025-12-26 07:00:00,17210.720231195544,18933.629205945323,13885.125715495593
forecast_8624,2025-12-26 08:00:00,17325.160947008895,19106.61117733069,14333.762779059298
forecast_8625,2025-12-26 09:00:00,16888.169382129723,18383.6691724299,14245.219962392785
forecast_8626,2025-12-26 10:00:00,14454.345565319254,16738.747220781792,12855.905339624314
forecast_8627,2025-12-26 11:00:00,13563.609164435602,16074.909184759847,10896.464690840607
forecast_8628,2025-12-26 12:00:00,13012.44963082077,15038.238578734028,11003.91056731184
forecast_8629,2025-12-26 13:00:00,11897.33800719459,15082.75861306599,10346.329229427392
forecast_8630,2025-12-26 14:00:00,12079.47849177173,13986.596159731742,9962.220539706794
forecast_8631,2025-12-26 15:00:00,12347.29066315946,13219.686518056573,9612.173445587705
forecast_8632,2025-12-26 16:00:00,12664.62294638463,13303.73072000768,10112.057590010032
forecast_8633,2025-12-26 17:00:00,13355.779667249695,15032.791021207811,12649.598989258668
forecast_8634,2025-12-26 18:00:00,14250.542656109934,15025.996029599775,13661.297692543561
forecast_8635,2025-12-26 19:00:00,15320.201682518125,15570.135209832053,13415.07608994061
forecast_8636,2025-12-26 20:00:00,16203.668419818083,16775.418425998083,14325.95679545937
forecast_8637,2025-12-26 21:00:00,16115.595305416071,17832.29904365938,14843.899977942701
forecast_8638,2025-12-26 22:00:00,17119.265040077786,19113.029307674693,15965.675285669637
forecast_8639,2025-12-26 23:00:00,17445.90069372821,19444.21010829461,15974.660528751543
forecast_8640,2025-12-27 00:00:00,17636.9503183681,19728.58696520608,15932.149466396277
forecast_8641,2025-12-27 01:00:00,17385.034576882616,19802.729438888928,16159.071589707855
forecast_8642,2025-12-27 02:00:00,17682.356520740857,19484.51673712109,15931.23679150312
forecast_8643,2025-12-27 03:00:00,17311.393202387113,19667.04234534655,15516.927227741598
forecast_8644,2025-12-27 04:00:00,17124.16427186254,19498.575362804735,15508.434801175745
forecast_8645,2025-12-27 05:00:00,16924.56509471268,19411.085941252313,14982.020924308867
forecast_8646,2025-12-27 06:00:00,16699.3455752585,19444.863823140113,14868.67872503751
forecast_8647,2025-12-27 07:00:00,16721.00861284273,19305.596899138138,14705.978110817372
forecast_8648,2025-12-27 08:00:00,16907.592028344978,19062.766460791052,14519.98021945309
forecast_8649,2025-12-27 09:00:00,16111.63916906734,18324.321701780103,14005.909240136845
forecast_8650,2025-12-27 10:00:00,15518.940143373202,16724.753915867943,12761.096763637113
forecast_8651,2025-12-27 11:00:00,15353.43957683841,15677.138451777897,13262.905009492217
forecast_8652,2025-12-27 12:00:00,15099.367173337047,15157.516508745543,13145.408076286876
forecast_8653,2025-12-27 13:00:00,15332.595682471401,15815.802210997244,12751.827091733607
forecast_8654,2025-12-27 14:00:00,15296.91482095305,16186.649523510048,13576.692863489065
forecast_8655,2025-12-27 15:00:00,15594.98210871281,16466.583730757342,14647.174265212847
forecast_8656,2025-12-27 16:00:00,15768.983946915943,16786.61791643398,14711.87038500204
forecast_8657,2025-12-27 17:00:00,16398.961711219046,18121.546720079055,16716.97623231915
forecast_8658,2025-12-27 18:00:00,16902.802452544805,18754.780243120764,18380.991875155793
forecast_8659,2025-12-27 19:00:00,17101.501556437455,18994.912229633996,18341.06840154338
forecast_8660,2025-12-27 20:00:00,17594.699823797713,19118.142697480565,17536.085318157337
forecast_8661,2025-12-27 21:00:00,18155.035008972867,18983.082096898772,18404.743974211146
forecast_8662,2025-12-27 22:00:00,18243.975567515998,18988.170171263057,18383.673600446757
forecast_8663,2025-12-27 23:00:00,18330.77218712029,19140.66018123596,18740.69280198609
forecast_8664,2025-12-28 00:00:00,18426.577168994383,19221.027755163883,18839.325391969374
forecast_8665,2025-12-28 01:00:00,18570.500535385843,19391.740638419014,18875.324001818903
forecast_8666,2025-12-28 02:00:00,18576.54451174554,19980.42214739044,19408.831135325916
forecast_8667,2025-12-28 03:00:00,19391.486065864086,20280.911262238886,19453.492540266896
forecast_8668,2025-12-28 04:00:00,19609.923111826694,20674.29755372813,19104.74579022641
forecast_8669,2025-12-28 05:00:00,19842.29839153516,20754.29923691096,19582.707831804197
forecast_8670,2025-12-28 06:00:00,20126.72903887996,20809.966057036934,19619.505620414984
forecast_8671,2025-12-28 07:00:00,20012.939635089395,20723.31679777491,19242.48871055247
forecast_8672,2025-12-28 08:00:00,20295.234467297276,20404.017909789665,19148.638962704685
forecast_8673,2025-12-28 09:00:00,19258.58813720781,20287.6373852072,18482.429855023638
forecast_8674,2025-12-28 10:00:00,18125.271984817777,19698.587633503856,18414.56641194542
forecast_8675,2025-12-28 11:00:00,17661.81456967218,19100.065720192,16841.09077028197
forecast_8676,2025-12-28 12:00:00,17065.072038026086,18699.317256318336,16068.197695434592
forecast_8677,2025-12-28 13:00:00,16226.446335383542,17234.75084878982,14888.944889064805
forecast_8678,2025-12-28 14:00:00,15102.20979397548,16153.274970496563,14473.463962674465
forecast_8679,2025-12-28 15:00:00,15540.537848077285,14987.732397275035,14481.597072769364
forecast_8680,2025-12-28 16:00:00,15685.681227837656,14990.929450369618,14177.067757240584
forecast_8681,2025-12-28 17:00:00,15626.076331592623,15313.25344570239,14123.741362693647
forecast_8682,2025-12-28 18:00:00,16548.278495560917,15566.640974943166,14494.570002027514
forecast_8683,2025-12-28 19:00:00,16776.355435176178,16534.336245592764,14544.193417467664
forecast_8684,2025-12-28 20:00:00,17087.76011645534,16900.89997389443,15695.616124739445
forecast_8685,2025-12-28 21:00:00,16472.98954672426,17396.453154243456,15199.217177940223
forecast_8686,2025-12-28 22:00:00,16641.68326383903,17421.855598612976,15404.251208316433
forecast_8687,2025-12-28 23:00:00,17033.02853889299,17514.476228867916,15257.008152426039
forecast_8688,2025-12-29 00:00:00,18209.477500347184,18756.876852605663,16101.106401099321
forecast_8689,2025-12-29 01:00:00,17927.93382677031,19109.52913222361,16902.518519746274
forecast_8690,2025-12-29 02:00:00,17954.08988867636,18695.659731932974,16645.246855463076
forecast_8691,2025-12-29 03:00:00,17993.00544869562,19014.142100622867,18593.81161777563
forecast_8692,2025-12-29 04:00:00,17919.22178737634,19188.82426833359,18750.108888312046
forecast_8693,2025-12-29 05:00:00,17992.29203830543,19157.029278511513,18645.39030118894
forecast_8694,2025-12-29 06:00:00,18630.313478557877,18973.23868011315,18976.52582295167
forecast_8695,2025-12-29 07:00:00,18553.08477821757,18891.161137874613,19099.73677046071
forecast_8696,2025-12-29 08:00:00,18531.218679048852,18938.821933244522,19067.194692442146
forecast_8697,2025-12-29 09:00:00,18480.443248812542,19164.33426176101,19032.64185203372
forecast_8698,2025-12-29 10:00:00,18311.52873806773,18812.139003793724,18493.687092562963
forecast_8699,2025-12-29 11:00:00,17792.25234871915,18810.299773637526,18134.14776681129
forecast_8700,2025-12-29 12:00:00,17270.524826832225,18347.35416847387,17745.015782715276
forecast_8701,2025-12-29 13:00:00,17057.12733202685,17913.400114914122,15858.660464234132
forecast_8702,2025-12-29 14:00:00,16076.152881154083,17763.257307773652,14628.97760353077
forecast_8703,2025-12-29 15:00:00,16211.713335575216,17875.377746636208,15265.83620444337
forecast_8704,2025-12-29 16:00:00,17147.773271591363,17472.628343066513,16370.378728651314
forecast_8705,2025-12-29 17:00:00,16832.614209008774,17287.090984375485,16971.662736024577
forecast_8706,2025-12-29 18:00:00,17074.692521735327,17358.415970227255,17267.95865678097
forecast_8707,2025-12-29 19:00:00,16576.76729958521,17247.971570188227,17342.584270142852
forecast_8708,2025-12-29 20:00:00,16046.784281709919,17228.32682606933,17609.55607438924
forecast_8709,2025-12-29 21:00:00,15909.932207601298,17166.542555048058,16892.400647068855
forecast_8710,2025-12-29 22:00:00,15384.318354590516,16042.887826605387,17167.127882610417
forecast_8711,2025-12-29 23:00:00,15313.901076090726,15655.273318525185,16693.70787278719
forecast_8712,2025-12-30 00:00:00,15438.512646484834,15453.819811714196,15782.024825232074
forecast_8713,2025-12-30 01:00:00,14822.97362469001,15180.599400156334,15051.735024852127
forecast_8714,2025-12-30 02:00:00,14116.086867953627,14871.142566497652,15152.215758608883
forecast_8715,2025-12-30 03:00:00,13815.791385623912,14599.924484958583,14844.72071231675
forecast_8716,2025-12-30 04:00:00,13867.979187177403,14182.422412273281,14843.154914678953
forecast_8717,2025-12-30 05:00:00,13564.637988696184,13766.896465687976,12596.235622392076
forecast_8718,2025-12-30 06:00:00,13425.012816085724,13652.922931107605,10656.117415292965
forecast_8719,2025-12-30 07:00:00,13578.25404566117,13396.275959779206,9556.253181009255
forecast_8720,2025-12-30 08:00:00,13388.260013621351,12522.41780507432,9066.278530844365
forecast_8721,2025-12-30 09:00:00,12763.83546015543,11340.625142900304,7894.573065893557
forecast_8722,2025-12-30 10:00:00,11803.276622295449,9517.430480611107,6746.3088679273005
forecast_8723,2025-12-30 11:00:00,10613.372643317683,8826.884405319948,5180.022166132729
forecast_8724,2025-12-30 12:00:00,10366.704031103378,8761.62714210954,5588.48077264147
forecast_8725,2025-12-30 13:00:00,10603.47132360578,8982.991765959103,7233.478995272557
forecast_8726,2025-12-30 14:00:00,11615.840362988829,10504.182815854338,7535.811316837104
forecast_8727,2025-12-30 15:00:00,12056.930271064535,10466.385660845415,7718.0119277914555
forecast_8728,2025-12-30 16:00:00,12536.27350791559,11221.126924295926,7728.05363945714
forecast_8729,2025-12-30 17:00:00,13000.645553027744,11353.918599195504,8505.33788623085
forecast_8730,2025-12-30 18:00:00,13121.420654562608,11323.731143513985,9663.773065364765
forecast_8731,2025-12-30 19:00:00,13075.776429927872,11828.238146592219,10160.67951100036
forecast_8732,2025-12-30 20:00:00,13099.352301004834,13136.810898851465,10447.344672477724
forecast_8733,2025-12-30 21:00:00,13712.743946198956,13671.184354778648,12232.661265382656
forecast_8734,2025-12-30 22:00:00,14013.313710076422,14393.337183407539,12918.585649521394
forecast_8735,2025-12-30 23:00:00,13986.989594480985,14842.111987818385,13780.064717762745
forecast_8736,2025-12-31 00:00:00,14075.169988142326,15208.77150640527,14203.767829965911
forecast_8737,2025-12-31 01:00:00,14310.943311319163,16439.5605930223,14533.881669913539
forecast_8738,2025-12-31 02:00:00,14377.30976465591,17246.756688939975,15004.893372817492
forecast_8739,2025-12-31 03:00:00,14007.949839040382,17491.94667360031,15055.906817504336
forecast_8740,2025-12-31 04:00:00,13913.446738574796,16471.999833771337,15110.63472523712
forecast_8741,2025-12-31 05:00:00,14166.503055938692,16292.606612543794,14787.520882323912
forecast_8742,2025-12-31 06:00:00,14080.18647023971,16139.697308870653,14651.543903287524
forecast_8743,2025-12-31 07:00:00,14067.873423981939,15807.376812407103,15623.892526754034
forecast_8744,2025-12-31 08:00:00,13882.411561465558,15884.491193877784,14370.747917325732
forecast_8745,2025-12-31 09:00:00,13800.988494969955,15396.38332989834,12174.526991948765
forecast_8746,2025-12-31 10:00:00,13413.871128035304,14194.671749251167,10251.26348939673
forecast_8747,2025-12-31 11:00:00,12699.254810435892,12745.754579655582,8530.59862845418
forecast_8748,2025-12-31 12:00:00,11595.549994203877,11554.783010033865,7404.870383743353
forecast_8749,2025-12-31 13:00:00,11041.770932742693,11307.836828063375,7308.959106524198
forecast_8750,2025-12-31 14:00:00,10672.619694471818,10555.199522616414,6767.792838934696
forecast_8751,2025-12-31 15:00:00,10580.84489274932,10320.735345581708,6529.9423728074125
forecast_8752,2025-12-31 16:00:00,10365.166984105137,9435.14657981079,6944.46232241926
forecast_8753,2025-12-31 17:00:00,10145.17482971463,10868.119742986337,7463.141916498333
forecast_8754,2025-12-31 18:00:00,11141.906892085195,12721.774810649375,8902.064645510316
forecast_8755,2025-12-31 19:00:00,11723.464390589987,11961.302840396218,11767.319990083442
forecast_8756,2025-12-31 20:00:00,11916.67568796423,13338.198737890605,12323.313838342372
forecast_8757,2025-12-31 21:00:00,12503.85562989707,14838.654818077455,12287.832311127255
forecast_8758,2025-12-31 22:00:00,13215.386496274341,15886.470079237832,13098.200638829923
forecast_8759,2025-12-31 23:00:00,13910.13995426232,15326.526545097535,13712.285732920132
forecast_8760,2026-01-01 00:00:00,13408.899307750933,15374.700327665447,14914.18594821215
