forecast_id,forecast_kst_dtm,kpx_group_1,kpx_group_2,kpx_group_3
forecast_0001,2025-01-01 01:00:00,19614.87678392253,19295.40721703483,18902.589638535177
forecast_0002,2025-01-01 02:00:00,18791.70329063778,18978.57740884216,18930.279456703476
forecast_0003,2025-01-01 03:00:00,18549.42522188717,18772.30902827381,18995.87088732136
forecast_0004,2025-01-01 04:00:00,17385.7092637027,18532.45983409023,18747.8429200496
forecast_0005,2025-01-01 05:00:00,16746.13925558411,18346.636044990148,17752.54009639643
forecast_0006,2025-01-01 06:00:00,16790.959946046547,18215.869840636216,16443.59933592807
forecast_0007,2025-01-01 07:00:00,16195.276889102941,16661.87119778917,16638.25496987898
forecast_0008,2025-01-01 08:00:00,15998.384188283215,16508.886097758943,16297.281427981152
forecast_0009,2025-01-01 09:00:00,15506.70066162113,15103.557784618702,16368.508902360536
forecast_0010,2025-01-01 10:00:00,15655.393170074905,14685.266661237623,13688.329570348764
forecast_0011,2025-01-01 11:00:00,15790.208197258384,14806.274679321505,13160.83904336371
forecast_0012,2025-01-01 12:00:00,16394.348301676953,15250.122695238144,13714.254607992625
forecast_0013,2025-01-01 13:00:00,16930.52750837569,15975.3837810637,14405.492669850428
forecast_0014,2025-01-01 14:00:00,16857.176408971598,15490.990166613159,12023.611139521729
forecast_0015,2025-01-01 15:00:00,14835.745602062863,15298.914954911796,11535.298305326229
forecast_0016,2025-01-01 16:00:00,15159.270724447095,15268.456154438836,11780.216502430027
forecast_0017,2025-01-01 17:00:00,15076.365907667085,14746.083224822487,12684.156711267078
forecast_0018,2025-01-01 18:00:00,14889.222048622018,14727.679074062547,13529.232337373567
forecast_0019,2025-01-01 19:00:00,15357.494654837434,15299.471723973376,14481.817739130503
forecast_0020,2025-01-01 20:00:00,15189.600263726452,15808.504785378678,15178.969497933615
forecast_0021,2025-01-01 21:00:00,15519.337614106247,16315.202811006104,15101.691274010027
forecast_0022,2025-01-01 22:00:00,16735.039448671418,16639.214908870577,14974.940542018929
forecast_0023,2025-01-01 23:00:00,16630.67603354586,16713.580954776182,14241.479475383318
forecast_0024,2025-01-02 00:00:00,15660.232240966661,16245.42999023628,13568.408485617
forecast_0025,2025-01-02 01:00:00,15744.80164165326,16587.24257970747,12999.431683103183
forecast_0026,2025-01-02 02:00:00,13690.962531436831,15714.957252358116,11713.829311822057
forecast_0027,2025-01-02 03:00:00,12675.1900642975,14891.54019719889,9251.460827357258
forecast_0028,2025-01-02 04:00:00,10955.571984292674,12731.899494165647,8890.097338985008
forecast_0029,2025-01-02 05:00:00,10403.847618419717,12365.712867251616,7976.815268135919
forecast_0030,2025-01-02 06:00:00,10561.6925372154,11277.094494236277,7687.178745247494
forecast_0031,2025-01-02 07:00:00,10906.901985923385,9909.939920629578,7427.782752514718
forecast_0032,2025-01-02 08:00:00,10403.308547291726,9408.015412000617,7135.963493950085
forecast_0033,2025-01-02 09:00:00,9592.861864102375,8656.604777115108,6991.089948576317
forecast_0034,2025-01-02 10:00:00,8653.84147992002,7725.633681609077,4965.361017118681
forecast_0035,2025-01-02 11:00:00,7094.766759421046,6576.806929268493,3877.1961662968474
forecast_0036,2025-01-02 12:00:00,6887.9094262216195,6577.112901382364,3879.334404784074
forecast_0037,2025-01-02 13:00:00,7567.297441535606,6526.316060555537,3963.053312660646
forecast_0038,2025-01-02 14:00:00,8315.923105891268,6999.809913639731,4267.938720828935
forecast_0039,2025-01-02 15:00:00,9169.794156927903,7591.024134473979,4744.3709805321105
forecast_0040,2025-01-02 16:00:00,9620.65708254824,7758.276342584711,5347.088293464485
forecast_0041,2025-01-02 17:00:00,10560.337088952223,9180.326446343628,6818.854327888386
forecast_0042,2025-01-02 18:00:00,11579.147114117352,11185.537281857542,7163.752706608854
forecast_0043,2025-01-02 19:00:00,11931.985592210967,11322.783079794839,7811.198522327434
forecast_0044,2025-01-02 20:00:00,12223.437255453777,10797.98361870246,8398.275083578144
forecast_0045,2025-01-02 21:00:00,12048.649898070475,12002.578280507318,9168.75768284757
forecast_0046,2025-01-02 22:00:00,12185.974761741529,12865.759607218628,11366.181935788298
forecast_0047,2025-01-02 23:00:00,13136.351089800359,13639.011100370262,11212.245291148225
forecast_0048,2025-01-03 00:00:00,13470.340104517101,14449.07718645402,11990.43198473073
forecast_0049,2025-01-03 01:00:00,12945.649775254233,13289.608646567043,12248.443816140916
forecast_0050,2025-01-03 02:00:00,12324.708737839475,12596.66842843077,13719.717710903973
forecast_0051,2025-01-03 03:00:00,11881.978511718222,13067.23258693963,12896.136184859994
forecast_0052,2025-01-03 04:00:00,12423.530620829497,12743.428079520596,13930.873960079707
forecast_0053,2025-01-03 05:00:00,13302.48418422328,14096.561630426218,12618.465811545952
forecast_0054,2025-01-03 06:00:00,13448.94809244593,13016.529998968228,11412.461132289294
forecast_0055,2025-01-03 07:00:00,13395.683924668261,13283.474278846432,10942.549914453342
forecast_0056,2025-01-03 08:00:00,13127.609374831998,14589.848460949634,10307.258943197106
forecast_0057,2025-01-03 09:00:00,13300.099348638672,12629.202358908495,9864.981117804204
forecast_0058,2025-01-03 10:00:00,13322.105838630949,10853.697007900464,8927.340040246338
forecast_0059,2025-01-03 11:00:00,13237.4742780537,10517.320531588772,8604.217372367733
forecast_0060,2025-01-03 12:00:00,12999.87399197176,10567.813969744502,8517.991499421867
forecast_0061,2025-01-03 13:00:00,12896.109802913537,11340.669810764337,8489.030503733324
forecast_0062,2025-01-03 14:00:00,13099.543707454264,12020.494839370123,8300.14775842056
forecast_0063,2025-01-03 15:00:00,13263.868623441507,11669.037116481279,8341.259062810796
forecast_0064,2025-01-03 16:00:00,13124.603091373725,11232.555662354778,8257.600604267278
forecast_0065,2025-01-03 17:00:00,12956.686458127082,11366.97360444892,8536.871491032636
forecast_0066,2025-01-03 18:00:00,13289.081552469628,12648.885267582464,10122.34242157442
forecast_0067,2025-01-03 19:00:00,13545.859438554879,13694.125800880089,11248.484664534055
forecast_0068,2025-01-03 20:00:00,13629.569926518026,14151.913316413498,11788.415957145839
forecast_0069,2025-01-03 21:00:00,13808.250340538822,14770.501801363009,12542.743806804341
forecast_0070,2025-01-03 22:00:00,13785.882368897652,15580.484870355995,13562.945288996032
forecast_0071,2025-01-03 23:00:00,13635.002413721051,15651.264626749291,13721.336692726418
forecast_0072,2025-01-04 00:00:00,13733.133235772973,16147.253680731033,14872.145605803287
forecast_0073,2025-01-04 01:00:00,13817.252022075094,15859.143154407726,14346.631981870556
forecast_0074,2025-01-04 02:00:00,14541.219079898317,16136.275304741168,13579.216989319282
forecast_0075,2025-01-04 03:00:00,15179.917864964993,16715.557780823015,14155.633832844283
forecast_0076,2025-01-04 04:00:00,14888.882430923375,16280.255167300482,12096.694533241978
forecast_0077,2025-01-04 05:00:00,14847.893149499669,15509.805134288856,11863.437047367246
forecast_0078,2025-01-04 06:00:00,14748.634263217304,15500.777911318397,12091.120140669242
forecast_0079,2025-01-04 07:00:00,14808.34923819034,16216.476823892264,12891.676993246167
forecast_0080,2025-01-04 08:00:00,15647.987342771425,16509.560880911267,12885.071381812833
forecast_0081,2025-01-04 09:00:00,15210.25337330004,16566.687527710383,12977.03377154836
forecast_0082,2025-01-04 10:00:00,13550.284241567928,14982.983624930279,9228.108681265972
forecast_0083,2025-01-04 11:00:00,11763.855061832825,12242.88925263081,7754.215330282791
forecast_0084,2025-01-04 12:00:00,10783.435777645756,11531.855414321752,7600.003212575766
forecast_0085,2025-01-04 13:00:00,11470.084550173244,11485.729282114378,8562.020450177415
forecast_0086,2025-01-04 14:00:00,12361.087483459592,11048.782667712643,9159.326207225247
forecast_0087,2025-01-04 15:00:00,12761.464423784777,11284.934704724026,10096.288491581097
forecast_0088,2025-01-04 16:00:00,12948.555917406717,11539.58026211666,9218.232550354958
forecast_0089,2025-01-04 17:00:00,13308.506002855804,12150.414693854438,9662.262412653541
forecast_0090,2025-01-04 18:00:00,13996.52312721572,14713.576872925487,13574.628573547714
forecast_0091,2025-01-04 19:00:00,14315.176760592003,15426.763426321198,14508.22934422592
forecast_0092,2025-01-04 20:00:00,15297.67677601942,16452.575248067187,14923.466760726064
forecast_0093,2025-01-04 21:00:00,15515.731267590385,17034.916809386457,15325.075913308616
forecast_0094,2025-01-04 22:00:00,15824.646071897843,17333.94898811081,16425.67168105739
forecast_0095,2025-01-04 23:00:00,16144.479417024457,17522.903830069077,16435.939687762006
forecast_0096,2025-01-05 00:00:00,16663.39269095337,17413.103652996233,15740.229607298523
forecast_0097,2025-01-05 01:00:00,16552.96119514738,17021.082296970522,13457.377331413587
forecast_0098,2025-01-05 02:00:00,15935.346296108572,16325.272001184765,13103.145784575561
forecast_0099,2025-01-05 03:00:00,15490.228938205924,16440.96558817043,12059.861259987214
forecast_0100,2025-01-05 04:00:00,15239.865037540445,16652.74042485978,13114.30743513525
forecast_0101,2025-01-05 05:00:00,14178.161437296183,16589.20557175557,12199.63233296336
forecast_0102,2025-01-05 06:00:00,13513.67211635516,16784.13837143193,12423.906724339316
forecast_0103,2025-01-05 07:00:00,13439.051229342915,16612.864152874143,13058.600207325866
forecast_0104,2025-01-05 08:00:00,13904.574072070604,17254.9228981448,12208.204914354068
forecast_0105,2025-01-05 09:00:00,14684.21976110765,16805.498972655623,13700.948398583767
forecast_0106,2025-01-05 10:00:00,13983.58454767507,15715.189855595763,14916.448793820036
forecast_0107,2025-01-05 11:00:00,14367.253809386,15379.091799831254,14517.550876340552
forecast_0108,2025-01-05 12:00:00,14884.20551148295,16436.49937153406,14105.54789088841
forecast_0109,2025-01-05 13:00:00,14733.41493757672,16017.69030475822,14845.674678818246
forecast_0110,2025-01-05 14:00:00,13534.694259180756,15314.112077733647,13803.34573884824
forecast_0111,2025-01-05 15:00:00,12820.94321838275,14255.346845304946,12571.12320465094
forecast_0112,2025-01-05 16:00:00,12216.314925044242,13905.082051645004,11733.554038247827
forecast_0113,2025-01-05 17:00:00,12548.03227991995,14405.143991173312,10476.754921025304
forecast_0114,2025-01-05 18:00:00,12541.15296124329,15679.429728353489,14983.767610923655
forecast_0115,2025-01-05 19:00:00,14453.69968773612,15518.979422180204,12874.650402789664
forecast_0116,2025-01-05 20:00:00,14663.577804330416,15135.804862895868,11036.620779490393
forecast_0117,2025-01-05 21:00:00,15595.657037281146,14618.481402580777,13023.677441758537
forecast_0118,2025-01-05 22:00:00,15091.651198769385,15159.051659896522,13100.161269141241
forecast_0119,2025-01-05 23:00:00,13834.511858455313,15003.613487496672,12503.673319718628
forecast_0120,2025-01-06 00:00:00,13272.603494882573,14292.447432024037,11923.0423128433
forecast_0121,2025-01-06 01:00:00,12863.359000583188,13897.929750768806,10497.374606644713
forecast_0122,2025-01-06 02:00:00,12281.844054597119,13040.537013374098,11024.165825389386
forecast_0123,2025-01-06 03:00:00,11334.365162001051,12109.842353424876,10414.720641232609
forecast_0124,2025-01-06 04:00:00,10258.217064293629,13236.660943462097,9470.078689860824
forecast_0125,2025-01-06 05:00:00,8490.220470479182,10005.290192408705,6419.500282745879
forecast_0126,2025-01-06 06:00:00,8342.436138038795,8507.87462168231,7407.141475334669
forecast_0127,2025-01-06 07:00:00,7690.519535660654,8069.254074840911,6978.715621048225
forecast_0128,2025-01-06 08:00:00,7497.446240425935,8008.485889257527,6882.542579894309
forecast_0129,2025-01-06 09:00:00,7605.413527068505,9025.1706487146,7418.0914381313705
forecast_0130,2025-01-06 10:00:00,7129.034751536679,8525.695425818465,6747.22456151758
forecast_0131,2025-01-06 11:00:00,6735.607590226979,7238.992624262796,6762.409612726199
forecast_0132,2025-01-06 12:00:00,6996.567167554373,6965.935148919698,6744.191492959284
forecast_0133,2025-01-06 13:00:00,7614.205924469365,6965.461033510523,6872.58636696547
forecast_0134,2025-01-06 14:00:00,8579.719833955918,7699.109560409588,6995.236580695651
forecast_0135,2025-01-06 15:00:00,9799.503325609388,7650.408433184968,8591.159679483757
forecast_0136,2025-01-06 16:00:00,10646.32675202424,9079.378968070465,9668.23593160235
forecast_0137,2025-01-06 17:00:00,12106.783898086158,11436.812523291243,12080.241919370497
forecast_0138,2025-01-06 18:00:00,12836.867458736417,13210.867899791654,13970.679559681856
forecast_0139,2025-01-06 19:00:00,13375.986011540936,13785.861727822552,13956.062515255191
forecast_0140,2025-01-06 20:00:00,14569.021612233852,15013.256661922787,14034.08092690882
forecast_0141,2025-01-06 21:00:00,14804.007406839048,15649.241943756573,15493.022676167504
forecast_0142,2025-01-06 22:00:00,15947.230178237864,16083.24125840062,15882.928531106658
forecast_0143,2025-01-06 23:00:00,16557.35114418723,16569.678124379574,16309.292435185931
forecast_0144,2025-01-07 00:00:00,17403.191777081058,18194.078488392803,17783.042611907305
forecast_0145,2025-01-07 01:00:00,16590.906739844017,18483.604301400374,16592.059865437175
forecast_0146,2025-01-07 02:00:00,16567.88166951933,19043.194592635544,16209.54540156382
forecast_0147,2025-01-07 03:00:00,17054.88715790296,19117.599290017613,16005.664814525138
forecast_0148,2025-01-07 04:00:00,16544.191610000846,18834.35509657148,15337.957828330953
forecast_0149,2025-01-07 05:00:00,15928.018610939194,17584.305376392767,14788.170580876671
forecast_0150,2025-01-07 06:00:00,15810.033307807273,17684.25698639696,14742.881136310583
forecast_0151,2025-01-07 07:00:00,15754.664150365332,17682.22618719271,14773.322581224405
forecast_0152,2025-01-07 08:00:00,15536.386403498167,18101.59592495686,14788.217983160624
forecast_0153,2025-01-07 09:00:00,15176.180429066391,18290.92204746251,14994.234146400579
forecast_0154,2025-01-07 10:00:00,15340.697600611576,17646.091736751332,14950.346328562973
forecast_0155,2025-01-07 11:00:00,15599.293636337752,18151.625256309926,15061.667944809247
forecast_0156,2025-01-07 12:00:00,15293.417923810539,18108.476038951638,15011.656228375185
forecast_0157,2025-01-07 13:00:00,15622.946755197632,17512.007304397386,15161.60643471909
forecast_0158,2025-01-07 14:00:00,14972.278008590383,16764.129795347173,14852.321709600112
forecast_0159,2025-01-07 15:00:00,15035.933048690722,16213.194903389496,14732.121842116776
forecast_0160,2025-01-07 16:00:00,15191.242065537348,16338.23884516118,13781.654492480546
forecast_0161,2025-01-07 17:00:00,15498.050645654866,17070.090785431803,13864.248163799804
forecast_0162,2025-01-07 18:00:00,15784.67604285887,17469.308082726948,14936.838758354075
forecast_0163,2025-01-07 19:00:00,15817.333859200047,18676.86770633159,15246.892184324437
forecast_0164,2025-01-07 20:00:00,16236.682081212904,19013.2587102799,15411.597365746746
forecast_0165,2025-01-07 21:00:00,16014.794699791213,18891.386303941057,15600.611671478386
forecast_0166,2025-01-07 22:00:00,15960.939222357492,18884.194049578164,15546.639028698057
forecast_0167,2025-01-07 23:00:00,15601.047475494295,18907.008166660304,15610.468530835928
forecast_0168,2025-01-08 00:00:00,15348.898022680141,19114.1104952147,15534.601276405965
forecast_0169,2025-01-08 01:00:00,15728.320301729671,18964.031683693225,15505.509863959154
forecast_0170,2025-01-08 02:00:00,15448.303566764127,18646.78699722603,15491.543011363861
forecast_0171,2025-01-08 03:00:00,14670.940366112725,18071.01160376448,14770.045143291052
forecast_0172,2025-01-08 04:00:00,14473.641712311277,16861.045962572105,14419.40621129116
forecast_0173,2025-01-08 05:00:00,14323.974137643465,16031.74545228766,14157.941418857803
forecast_0174,2025-01-08 06:00:00,14574.29289347917,16349.914757966762,14181.238508676717
forecast_0175,2025-01-08 07:00:00,14547.361378394111,16041.39038639327,13334.011444416392
forecast_0176,2025-01-08 08:00:00,14772.467635227376,16562.143832794674,13823.455815813935
forecast_0177,2025-01-08 09:00:00,14702.310485965649,17170.447349795617,14512.018605203784
forecast_0178,2025-01-08 10:00:00,14933.919761520412,17501.936884712413,14015.989254132353
forecast_0179,2025-01-08 11:00:00,15585.912745343905,17779.45596502979,15548.75589137393
forecast_0180,2025-01-08 12:00:00,15835.881114614775,18081.123365386436,15505.76436524546
forecast_0181,2025-01-08 13:00:00,16016.421934231223,18243.276567029472,16504.59717045733
forecast_0182,2025-01-08 14:00:00,15874.145584518594,17777.692252094996,16463.89315111239
forecast_0183,2025-01-08 15:00:00,15058.944319502805,17643.643822675705,15722.278527194358
forecast_0184,2025-01-08 16:00:00,15168.920434449092,17328.14572015723,14095.572621515574
forecast_0185,2025-01-08 17:00:00,15262.529824684738,16962.18050002009,13912.698248768527
forecast_0186,2025-01-08 18:00:00,14905.05798728868,17367.60480330354,14548.180877383027
forecast_0187,2025-01-08 19:00:00,15251.067353932862,17358.517751644842,14628.776342104411
forecast_0188,2025-01-08 20:00:00,15188.48749030038,17561.792960389837,15222.74284417839
forecast_0189,2025-01-08 21:00:00,15332.075687696313,17349.625420169792,15173.215207231882
forecast_0190,2025-01-08 22:00:00,15457.806273191072,17951.841829681354,15610.382426641077
forecast_0191,2025-01-08 23:00:00,15507.211658972481,18208.248553423666,15267.538874138452
forecast_0192,2025-01-09 00:00:00,15484.825458061508,18201.159343197494,15053.681619642613
forecast_0193,2025-01-09 01:00:00,15463.5764066128,18532.69528930277,13996.138546536586
forecast_0194,2025-01-09 02:00:00,15515.24277368734,18548.12588890519,13969.999044948101
forecast_0195,2025-01-09 03:00:00,15417.438219378842,18208.13625819995,14179.82309850722
forecast_0196,2025-01-09 04:00:00,14937.617569789454,18213.97410020923,14146.958711860541
forecast_0197,2025-01-09 05:00:00,15248.828866376565,18331.43218768689,13918.78476230919
forecast_0198,2025-01-09 06:00:00,14861.617711208004,18338.50949273657,14052.244894246096
forecast_0199,2025-01-09 07:00:00,14913.788727462384,18307.041025190938,13973.324842304282
forecast_0200,2025-01-09 08:00:00,14900.618888900106,18303.17874054249,14129.551038842561
forecast_0201,2025-01-09 09:00:00,15033.515288168483,18152.664915388345,14245.337494306485
forecast_0202,2025-01-09 10:00:00,14911.298422982345,17815.336070724665,13791.76836276666
forecast_0203,2025-01-09 11:00:00,14883.64957723641,17759.343083177162,14661.731757787202
forecast_0204,2025-01-09 12:00:00,15123.98036940665,18093.812180819496,14596.17991253834
forecast_0205,2025-01-09 13:00:00,15452.327698528616,17873.835201505928,14340.03845556796
forecast_0206,2025-01-09 14:00:00,15573.532879396651,17175.900240227238,14137.580612966874
forecast_0207,2025-01-09 15:00:00,16196.7297928344,16621.727337731543,14029.613159018907
forecast_0208,2025-01-09 16:00:00,16424.547709777624,16399.015843967387,14515.080971089023
forecast_0209,2025-01-09 17:00:00,16082.894049768682,15669.66929403951,14290.066570292876
forecast_0210,2025-01-09 18:00:00,15918.495833476238,16544.19355869953,14199.098413066089
forecast_0211,2025-01-09 19:00:00,17099.814170493773,17853.683628987324,13757.47396165274
forecast_0212,2025-01-09 20:00:00,17576.23273720523,19004.536086611308,15667.660765800514
forecast_0213,2025-01-09 21:00:00,18110.036818513636,19337.26083723163,15781.896827480587
forecast_0214,2025-01-09 22:00:00,18965.359416585554,19477.94379515777,15893.35408110972
forecast_0215,2025-01-09 23:00:00,19747.772207919163,19179.56697434162,15086.080857316014
forecast_0216,2025-01-10 00:00:00,19136.318761883816,19004.34299499838,14856.22754377159
forecast_0217,2025-01-10 01:00:00,19227.277260912157,19468.190748650097,14390.32370012643
forecast_0218,2025-01-10 02:00:00,19006.199830676178,19600.462853682344,15004.733778071637
forecast_0219,2025-01-10 03:00:00,18584.379649233357,19482.579453449987,15600.451952293486
forecast_0220,2025-01-10 04:00:00,19136.80980450267,19420.130355112142,14991.470619419899
forecast_0221,2025-01-10 05:00:00,19068.176749038757,19317.07409571564,15514.319935706555
forecast_0222,2025-01-10 06:00:00,17568.066954913418,18657.50868240483,14296.49600283463
forecast_0223,2025-01-10 07:00:00,15875.136657982808,15044.628357774718,12903.206270825794
forecast_0224,2025-01-10 08:00:00,15015.373434700601,12073.720363960203,10926.41786747649
forecast_0225,2025-01-10 09:00:00,12410.255041941755,10474.410147420731,8006.842135831476
forecast_0226,2025-01-10 10:00:00,9653.055561025412,8072.865489063476,5300.979027176301
forecast_0227,2025-01-10 11:00:00,6350.9244554175875,5004.721259789182,3208.668546390791
forecast_0228,2025-01-10 12:00:00,4896.132443352078,2859.0527082831327,1886.2755731759964
forecast_0229,2025-01-10 13:00:00,4044.634870008642,3389.804955181852,1860.8557327077156
forecast_0230,2025-01-10 14:00:00,3843.141867571624,3337.547390824442,3252.446205576968
forecast_0231,2025-01-10 15:00:00,5313.970263438095,3743.1711938965427,3649.061231146968
forecast_0232,2025-01-10 16:00:00,6727.499068791813,4300.931631189524,3570.6734741204264
forecast_0233,2025-01-10 17:00:00,7489.161381411267,5754.714393232128,3853.2075202093147
forecast_0234,2025-01-10 18:00:00,8612.544217415712,7302.9587579478,5336.713739919053
forecast_0235,2025-01-10 19:00:00,9417.19459160788,8709.626347896365,7704.004598618737
forecast_0236,2025-01-10 20:00:00,10976.33273668883,10832.61571653203,8301.092137969334
forecast_0237,2025-01-10 21:00:00,11119.865308660786,10752.199150735973,8358.91313217441
forecast_0238,2025-01-10 22:00:00,11269.194511545476,10152.566366925477,7716.931264078722
forecast_0239,2025-01-10 23:00:00,11487.56781284521,9675.910970331879,8099.441661330971
forecast_0240,2025-01-11 00:00:00,11874.835045536842,10382.280299196724,8814.162807429635
forecast_0241,2025-01-11 01:00:00,13483.478662531783,11262.298199971146,9170.094956153891
forecast_0242,2025-01-11 02:00:00,13376.151025945768,11025.495870859817,9271.57079004061
forecast_0243,2025-01-11 03:00:00,12652.694900120057,11285.12759326168,9152.275573774405
forecast_0244,2025-01-11 04:00:00,12169.46320081293,11780.444873915776,8969.08263123599
forecast_0245,2025-01-11 05:00:00,12211.570004566984,10927.321618608436,8876.785714562055
forecast_0246,2025-01-11 06:00:00,10123.432350817386,9840.0028291866,8673.010811225544
forecast_0247,2025-01-11 07:00:00,9017.149348296853,8661.191711046024,7793.166164365146
forecast_0248,2025-01-11 08:00:00,8111.277800917417,6992.408579560308,7167.866582094153
forecast_0249,2025-01-11 09:00:00,6516.36677975187,5741.805366801145,5591.590431398816
forecast_0250,2025-01-11 10:00:00,4189.212985357306,4460.708200165855,3376.624255093392
forecast_0251,2025-01-11 11:00:00,3602.766049658168,3757.752792676084,2345.6842193696757
forecast_0252,2025-01-11 12:00:00,3121.754640038243,2585.7825677557557,1539.3946637795598
forecast_0253,2025-01-11 13:00:00,2568.503374033757,2684.963231252752,1880.163529433313
forecast_0254,2025-01-11 14:00:00,2415.705853196319,3499.111937393187,2073.021853050067
forecast_0255,2025-01-11 15:00:00,3090.241431635912,3542.726807282989,2245.9188702430606
forecast_0256,2025-01-11 16:00:00,4022.3423704347324,3643.561519514044,2170.7938791075794
forecast_0257,2025-01-11 17:00:00,5087.719874171492,4887.770415972403,3529.22523126744
forecast_0258,2025-01-11 18:00:00,7365.658239061452,7030.380722554944,7065.779198029151
forecast_0259,2025-01-11 19:00:00,9838.919432371806,8986.618413438391,8851.981733364775
forecast_0260,2025-01-11 20:00:00,10857.883513308867,9766.23268352132,9577.432399846799
forecast_0261,2025-01-11 21:00:00,11617.520312581188,10070.057403844057,9434.284674191587
forecast_0262,2025-01-11 22:00:00,12273.539026002261,11762.586208642697,9188.11318375345
forecast_0263,2025-01-11 23:00:00,13665.935558386143,11738.929736642078,9037.40991160861
forecast_0264,2025-01-12 00:00:00,12956.049527661555,11642.060704605634,9312.49850975902
forecast_0265,2025-01-12 01:00:00,11329.081215162007,12234.389752692656,9245.435622598385
forecast_0266,2025-01-12 02:00:00,11361.544205090657,11545.295536723666,9103.304834647519
forecast_0267,2025-01-12 03:00:00,13052.498350301637,12779.919800998257,9496.82649447377
forecast_0268,2025-01-12 04:00:00,14040.790679126972,14194.954052016421,11751.149771414948
forecast_0269,2025-01-12 05:00:00,16021.23067663048,14575.98303571846,13424.44634366518
forecast_0270,2025-01-12 06:00:00,17335.806642632822,16094.830159013223,13543.461007118362
forecast_0271,2025-01-12 07:00:00,17019.988894618164,16349.076406208715,14435.974084313604
forecast_0272,2025-01-12 08:00:00,17511.711928640805,16940.009686482663,14792.397637878054
forecast_0273,2025-01-12 09:00:00,17566.742346917734,17015.396005892828,14172.755631795397
forecast_0274,2025-01-12 10:00:00,15322.381766054325,15302.187572121478,11868.166101581743
forecast_0275,2025-01-12 11:00:00,13637.757039228594,12630.32542527632,8736.465167632507
forecast_0276,2025-01-12 12:00:00,11363.762037323471,11550.139407816281,8258.807811589137
forecast_0277,2025-01-12 13:00:00,11181.827743967078,10824.68034485183,7672.06563718541
forecast_0278,2025-01-12 14:00:00,10946.683087527304,11467.107607290242,7494.193684558714
forecast_0279,2025-01-12 15:00:00,11437.843689953956,12472.715986192014,7333.732960956183
forecast_0280,2025-01-12 16:00:00,12078.640385931078,11386.423048283705,7685.220530491373
forecast_0281,2025-01-12 17:00:00,12364.760744852649,12094.620058274453,8883.01649356296
forecast_0282,2025-01-12 18:00:00,13029.816933540269,14382.113558706693,12645.950580894496
forecast_0283,2025-01-12 19:00:00,14726.845991233437,14906.961846116319,13393.41745256406
forecast_0284,2025-01-12 20:00:00,15077.659348737992,15071.03349098033,13777.751814480467
forecast_0285,2025-01-12 21:00:00,15133.25865019156,16225.756252612156,13657.548690949592
forecast_0286,2025-01-12 22:00:00,15477.613091147621,16983.949030742737,14435.947305590675
forecast_0287,2025-01-12 23:00:00,16057.31139637379,16932.422444114454,16383.608778137303
forecast_0288,2025-01-13 00:00:00,17544.725215085607,16364.74913645967,16982.634871233924
forecast_0289,2025-01-13 01:00:00,19058.477772410406,18054.297597133947,17830.99529772155
forecast_0290,2025-01-13 02:00:00,19501.08101386468,19645.93315234288,17927.823444860558
forecast_0291,2025-01-13 03:00:00,19879.363460973134,19920.70705526335,18966.878571752633
forecast_0292,2025-01-13 04:00:00,20225.42327439558,19843.508364164478,19044.445041645824
forecast_0293,2025-01-13 05:00:00,20214.983812978404,19919.74845116518,19119.503662635274
forecast_0294,2025-01-13 06:00:00,20186.292055602047,20010.600911132675,19222.435037734725
forecast_0295,2025-01-13 07:00:00,20287.547997867525,20071.588684942883,19112.201704193936
forecast_0296,2025-01-13 08:00:00,20166.586485498392,19890.331155483662,18526.823652751355
forecast_0297,2025-01-13 09:00:00,19837.719323621015,20028.254143561928,18945.262514261187
forecast_0298,2025-01-13 10:00:00,17906.88420911589,19227.064460736678,18731.97504486445
forecast_0299,2025-01-13 11:00:00,17597.227601093677,19563.034527041273,18804.116860327504
forecast_0300,2025-01-13 12:00:00,15997.12280593233,18919.048141266736,18560.10545420854
forecast_0301,2025-01-13 13:00:00,15557.692417958277,16383.021839183386,15487.490525081968
forecast_0302,2025-01-13 14:00:00,15048.439199337687,13924.257371892241,12008.59742358215
forecast_0303,2025-01-13 15:00:00,15045.5937438439,14119.354913857343,12445.31560959124
forecast_0304,2025-01-13 16:00:00,14790.96893886812,14316.303445874093,12783.346675657032
forecast_0305,2025-01-13 17:00:00,14258.665761985225,14705.963822895244,12644.290602984282
forecast_0306,2025-01-13 18:00:00,14291.24658572734,14647.077750547682,14280.953334740543
forecast_0307,2025-01-13 19:00:00,15147.745428318774,15184.367661476746,15132.71466281329
forecast_0308,2025-01-13 20:00:00,15088.73635308833,16266.239966181649,14008.23779412589
forecast_0309,2025-01-13 21:00:00,15663.183625125961,17174.07310272095,15526.258849108675
forecast_0310,2025-01-13 22:00:00,17244.07127627251,17865.67850832186,17864.250334239106
forecast_0311,2025-01-13 23:00:00,17462.377858532236,18143.75365725773,17761.270063075463
forecast_0312,2025-01-14 00:00:00,17741.904311285074,18289.31622714048,18520.37877963388
forecast_0313,2025-01-14 01:00:00,17936.479874826375,18448.47267277014,18810.462801589834
forecast_0314,2025-01-14 02:00:00,18023.231943656738,18559.922070532215,19041.300397383515
forecast_0315,2025-01-14 03:00:00,17949.42678893659,18306.440334476112,19117.151518195664
forecast_0316,2025-01-14 04:00:00,17966.578066390965,18416.97184927741,18677.083837087186
forecast_0317,2025-01-14 05:00:00,18013.384399016497,18600.051147835507,18779.572724104357
forecast_0318,2025-01-14 06:00:00,17977.58356008899,18807.364308107884,18873.66014953521
forecast_0319,2025-01-14 07:00:00,18085.497991125514,19093.72388036411,19079.280820640815
forecast_0320,2025-01-14 08:00:00,18035.222576100787,18150.669444402854,18522.721954266446
forecast_0321,2025-01-14 09:00:00,17832.111755471866,17542.545048116346,18373.69499397176
forecast_0322,2025-01-14 10:00:00,17186.493056044837,17184.24471267029,18838.303132621535
forecast_0323,2025-01-14 11:00:00,15983.401564956288,16539.314130370843,18148.425096862287
forecast_0324,2025-01-14 12:00:00,16410.98648513155,16329.256175384993,14284.352854295368
forecast_0325,2025-01-14 13:00:00,14561.750300689648,15714.544545544477,12857.095661677366
forecast_0326,2025-01-14 14:00:00,14192.946087315508,13845.683689801645,12567.521715036664
forecast_0327,2025-01-14 15:00:00,14269.500578419704,13715.517338159898,11982.534552616617
forecast_0328,2025-01-14 16:00:00,13934.478141299385,12993.108204944147,11642.674839680378
forecast_0329,2025-01-14 17:00:00,13187.511360036873,12562.337148464025,11067.978312083866
forecast_0330,2025-01-14 18:00:00,13021.71512780589,13519.107370046622,11756.76312719108
forecast_0331,2025-01-14 19:00:00,12790.891569430278,13575.936992474162,11950.713469059838
forecast_0332,2025-01-14 20:00:00,13037.865948156736,12996.354377195123,11251.022071509582
forecast_0333,2025-01-14 21:00:00,14263.470243769436,13070.673225004535,12159.488248742224
forecast_0334,2025-01-14 22:00:00,14458.765124979836,13601.689108006723,14861.726739249905
forecast_0335,2025-01-14 23:00:00,14537.312222551514,13549.709869586037,12319.294053839018
forecast_0336,2025-01-15 00:00:00,14393.676510086512,13369.874896033429,11436.16129174346
forecast_0337,2025-01-15 01:00:00,14288.784429807023,13595.970437781469,11135.977972936122
forecast_0338,2025-01-15 02:00:00,14317.02454881426,13135.163706174702,9788.265433262732
forecast_0339,2025-01-15 03:00:00,14051.410622205143,13186.464826316867,10232.431312379702
forecast_0340,2025-01-15 04:00:00,13766.806903911114,12596.748282127366,8511.65657846292
forecast_0341,2025-01-15 05:00:00,13828.677994734526,13122.251673968392,8456.808655315452
forecast_0342,2025-01-15 06:00:00,14453.87685214192,13111.314212769532,8931.414779509034
forecast_0343,2025-01-15 07:00:00,14699.318632970715,13685.51702300111,11237.651893114537
forecast_0344,2025-01-15 08:00:00,14907.28885794512,14489.47251219078,11067.55951386017
forecast_0345,2025-01-15 09:00:00,14499.853266649789,14896.348127741727,13556.33824477444
forecast_0346,2025-01-15 10:00:00,14072.750896528614,15357.189649416989,12889.164059597844
forecast_0347,2025-01-15 11:00:00,14081.812361999031,14866.396398143672,11831.42273340683
forecast_0348,2025-01-15 12:00:00,13502.037071148516,12778.521140111316,11685.899922851067
forecast_0349,2025-01-15 13:00:00,12948.468747856743,11848.048933262166,11524.967567460175
forecast_0350,2025-01-15 14:00:00,12119.964722156405,11375.372500895199,10645.081366986942
forecast_0351,2025-01-15 15:00:00,12570.158424796047,10892.775959838666,10306.254003076107
forecast_0352,2025-01-15 16:00:00,12808.95622439904,11180.239371706122,10585.66687941284
forecast_0353,2025-01-15 17:00:00,13092.171995143832,12310.149012529371,12612.292738764036
forecast_0354,2025-01-15 18:00:00,13732.223862580893,13792.700293646583,14386.489044719736
forecast_0355,2025-01-15 19:00:00,15738.940772711165,15498.187464991282,15785.407262312481
forecast_0356,2025-01-15 20:00:00,16909.73046893653,17116.461275007874,15855.955473248954
forecast_0357,2025-01-15 21:00:00,18148.751705640003,19116.653630853307,16074.263910374697
forecast_0358,2025-01-15 22:00:00,18441.25400460107,19428.137550628864,16151.688235084948
forecast_0359,2025-01-15 23:00:00,18687.693032170686,19087.153456563134,17168.126676268083
forecast_0360,2025-01-16 00:00:00,18538.45055544267,19202.996332948183,17944.449451561217
forecast_0361,2025-01-16 01:00:00,19102.846102388277,19419.82396877539,17740.263985598656
forecast_0362,2025-01-16 02:00:00,19235.38263899285,19332.092117375545,17897.893858388572
forecast_0363,2025-01-16 03:00:00,18809.047367169267,19687.386058890563,17911.752814649248
forecast_0364,2025-01-16 04:00:00,19534.640043039435,20293.224457084983,18595.19578341053
forecast_0365,2025-01-16 05:00:00,19619.664114455692,20728.09408896449,19423.945954849998
forecast_0366,2025-01-16 06:00:00,19680.89846648464,20553.308499693987,19329.6141008419
forecast_0367,2025-01-16 07:00:00,19685.84852415907,20535.91141235022,19425.98436199077
forecast_0368,2025-01-16 08:00:00,19917.28208792759,20550.343734241986,19631.937198766136
forecast_0369,2025-01-16 09:00:00,19766.487080391802,20697.386624143903,19329.62238472072
forecast_0370,2025-01-16 10:00:00,19085.372350763755,20572.28751569336,19248.332655019927
forecast_0371,2025-01-16 11:00:00,18584.96678898504,20386.97906020925,19075.687311066587
forecast_0372,2025-01-16 12:00:00,18454.960299203733,20114.854981551456,18875.12700392858
forecast_0373,2025-01-16 13:00:00,17530.916519289498,19653.1914352214,18529.25158621132
forecast_0374,2025-01-16 14:00:00,17441.121262665656,18913.895453894598,17368.719983791696
forecast_0375,2025-01-16 15:00:00,17368.128270293528,18887.589025128727,17554.657879369006
forecast_0376,2025-01-16 16:00:00,17510.92341664872,18770.503899888598,16858.5298750574
forecast_0377,2025-01-16 17:00:00,17999.031390071967,19336.651700638897,17871.53385512393
forecast_0378,2025-01-16 18:00:00,17982.780764290295,18752.332546192065,17751.47531216159
forecast_0379,2025-01-16 19:00:00,17636.886162035014,17599.080239185052,15732.643631317105
forecast_0380,2025-01-16 20:00:00,14946.13243100818,15742.910178684475,10672.17212005198
forecast_0381,2025-01-16 21:00:00,13154.632509650211,12378.921214721828,9073.550654894882
forecast_0382,2025-01-16 22:00:00,12046.90798156583,11687.916432197202,8075.48566767438
forecast_0383,2025-01-16 23:00:00,11055.21042020988,9792.129288116877,7711.695634342972
forecast_0384,2025-01-17 00:00:00,8850.444815027871,8503.5736206478,4733.746728213116
forecast_0385,2025-01-17 01:00:00,5511.33372320403,4867.461004153548,1240.1135786021937
forecast_0386,2025-01-17 02:00:00,3071.8762408908165,1747.7024641313715,959.6072957516506
forecast_0387,2025-01-17 03:00:00,1515.8475982755872,1248.4440206492745,666.7034496614267
forecast_0388,2025-01-17 04:00:00,789.9176422444068,562.8514714186656,657.7327777056947
forecast_0389,2025-01-17 05:00:00,816.2013697501318,431.0706658862808,657.7327777056947
forecast_0390,2025-01-17 06:00:00,811.2293676790093,495.36809928336504,657.7327777056947
forecast_0391,2025-01-17 07:00:00,870.2587582106913,757.6088167745746,660.2246851881275
forecast_0392,2025-01-17 08:00:00,955.4201923660515,1205.0137081374419,659.4683576922671
forecast_0393,2025-01-17 09:00:00,1033.4832997902975,1245.3189513394943,661.9602651746998
forecast_0394,2025-01-17 10:00:00,726.2645067129129,762.4069913016456,661.9602651746998
forecast_0395,2025-01-17 11:00:00,611.5556537738491,525.73492346017,796.3482059122924
forecast_0396,2025-01-17 12:00:00,712.6584463171463,775.790304079743,903.8375835687335
forecast_0397,2025-01-17 13:00:00,958.2083489028922,914.6184596045323,1029.007072959931
forecast_0398,2025-01-17 14:00:00,2211.0362983264076,1490.713224189908,1336.3398209825978
forecast_0399,2025-01-17 15:00:00,3220.973830031146,2471.187976430558,2235.6355576524397
forecast_0400,2025-01-17 16:00:00,4579.664435754811,3951.721020765918,2499.1404651497382
forecast_0401,2025-01-17 17:00:00,7221.816497790867,6909.728094560584,3530.8746099198493
forecast_0402,2025-01-17 18:00:00,8754.770034884641,8767.266904943934,6765.365591785725
forecast_0403,2025-01-17 19:00:00,11545.560746013773,11389.956012897177,8505.918914119202
forecast_0404,2025-01-17 20:00:00,13217.086876495956,12545.93467831553,9532.779088901509
forecast_0405,2025-01-17 21:00:00,14461.739116422319,13748.345272959166,11557.074689258765
forecast_0406,2025-01-17 22:00:00,15336.79041627422,14215.332629938619,11466.307416162195
forecast_0407,2025-01-17 23:00:00,15722.785420831578,14225.650627883831,12322.099432048606
forecast_0408,2025-01-18 00:00:00,16852.80805480036,15934.246313784872,12063.111234630382
forecast_0409,2025-01-18 01:00:00,15762.457878821131,15637.521864792332,11108.752680906378
forecast_0410,2025-01-18 02:00:00,15634.33162079284,15679.010638629221,11304.79694020266
forecast_0411,2025-01-18 03:00:00,16480.09369680958,16055.569908149413,13096.375062750358
forecast_0412,2025-01-18 04:00:00,17660.876600296026,16359.432289709046,12656.513919651985
forecast_0413,2025-01-18 05:00:00,17719.25247356485,15752.465578220395,12200.279106851147
forecast_0414,2025-01-18 06:00:00,16502.725753695686,15562.953140191981,10633.187495093845
forecast_0415,2025-01-18 07:00:00,14894.151165850004,13604.517482689258,8691.143660617548
forecast_0416,2025-01-18 08:00:00,12690.613766987806,10897.55627794738,6968.214919758686
forecast_0417,2025-01-18 09:00:00,10303.511152878298,9318.558296845846,4302.324184899231
forecast_0418,2025-01-18 10:00:00,8409.903680101499,6370.564829811129,2256.5701499653155
forecast_0419,2025-01-18 11:00:00,4958.130682683611,3820.857554893708,2230.665281384545
forecast_0420,2025-01-18 12:00:00,4128.512167000123,3733.408944516934,2632.665283106831
forecast_0421,2025-01-18 13:00:00,3721.8557416688045,3660.0682386223634,2817.024051463866
forecast_0422,2025-01-18 14:00:00,4055.528543817042,3663.007804134254,2928.654374818546
forecast_0423,2025-01-18 15:00:00,5173.334014293824,4492.104148691857,2976.795563400451
forecast_0424,2025-01-18 16:00:00,5770.391993689998,6049.305776530205,3628.9802094092943
forecast_0425,2025-01-18 17:00:00,10314.843726624467,8441.655356647676,7657.674460292209
forecast_0426,2025-01-18 18:00:00,13958.76948484372,12205.525782372633,9700.97008600373
forecast_0427,2025-01-18 19:00:00,16109.744639836194,14887.188241379263,12346.420929077773
forecast_0428,2025-01-18 20:00:00,18866.418667504535,17082.16049996557,13425.427218352643
forecast_0429,2025-01-18 21:00:00,20086.346896343002,18605.845887413023,15979.663864731774
forecast_0430,2025-01-18 22:00:00,20086.69963435457,18898.970516869646,15745.426412030658
forecast_0431,2025-01-18 23:00:00,19523.48325833545,19382.7787099575,14896.797676102366
forecast_0432,2025-01-19 00:00:00,19060.202455159226,19092.425285278227,14234.05093196148
forecast_0433,2025-01-19 01:00:00,18790.56228982463,18967.699996688236,14958.377908906541
forecast_0434,2025-01-19 02:00:00,18721.086743186894,19105.617244651512,14105.605404965074
forecast_0435,2025-01-19 03:00:00,19221.110248574514,19586.384353842634,14557.70955248241
forecast_0436,2025-01-19 04:00:00,19503.177559284202,19612.708743272793,16191.267179748393
forecast_0437,2025-01-19 05:00:00,20019.813072205587,19610.777854106833,16500.64775158838
forecast_0438,2025-01-19 06:00:00,20073.0759947731,19540.096119034406,17697.061285943455
forecast_0439,2025-01-19 07:00:00,20385.28420162348,19471.2191214455,16872.049761773887
forecast_0440,2025-01-19 08:00:00,20149.52539191726,19632.902638524647,15131.95278471811
forecast_0441,2025-01-19 09:00:00,19189.657222790163,18735.832059374025,13748.294574737734
forecast_0442,2025-01-19 10:00:00,17159.452730868703,17997.992054862694,13225.210572426347
forecast_0443,2025-01-19 11:00:00,13596.753609870293,16973.045016092463,10030.322176499667
forecast_0444,2025-01-19 12:00:00,11301.126387740664,15147.149633088386,9241.275604357994
forecast_0445,2025-01-19 13:00:00,10405.157213460367,12071.385647207402,7488.992763759537
forecast_0446,2025-01-19 14:00:00,10400.827268075334,11300.475055145624,6481.222938916037
forecast_0447,2025-01-19 15:00:00,8584.210681755081,9768.177125281496,6081.896511586723
forecast_0448,2025-01-19 16:00:00,7884.793237968782,9077.824995952024,5234.623624206078
forecast_0449,2025-01-19 17:00:00,8751.67578317619,10557.75041153193,5810.936222677969
forecast_0450,2025-01-19 18:00:00,11076.511403944398,12086.175348639077,7494.912990045518
forecast_0451,2025-01-19 19:00:00,12760.299424222274,13453.974360075666,8436.49161288083
forecast_0452,2025-01-19 20:00:00,12787.95616443311,14686.136814578242,8535.315551555246
forecast_0453,2025-01-19 21:00:00,13926.093474491408,15361.83887237377,8394.94419218784
forecast_0454,2025-01-19 22:00:00,14097.237257462257,15214.469556309166,8826.476844126275
forecast_0455,2025-01-19 23:00:00,14541.256692645427,13875.324404883733,8638.793017974374
forecast_0456,2025-01-20 00:00:00,14778.059333947767,13455.336817507912,8472.782394736034
forecast_0457,2025-01-20 01:00:00,12549.381839382073,10858.605841841198,7815.7052400409575
forecast_0458,2025-01-20 02:00:00,10316.91533498731,9439.553293507091,7345.613446601115
forecast_0459,2025-01-20 03:00:00,8849.050761028522,8465.272588130158,7061.573717270553
forecast_0460,2025-01-20 04:00:00,8212.754540302723,6174.540434789573,5246.83800959484
forecast_0461,2025-01-20 05:00:00,6596.893215442559,4368.235781485801,4167.655069150461
forecast_0462,2025-01-20 06:00:00,4439.9189889024365,4375.69320984481,2269.732954012081
forecast_0463,2025-01-20 07:00:00,2670.539811824135,2210.427536560804,1399.1350556185876
forecast_0464,2025-01-20 08:00:00,1385.8153828190668,960.3668340975022,846.8733162175431
forecast_0465,2025-01-20 09:00:00,301.49044436818247,499.6025096498332,659.4683576922671
forecast_0466,2025-01-20 10:00:00,254.18918597598145,305.0665044192052,657.7327777056947
forecast_0467,2025-01-20 11:00:00,253.0321259631641,283.24268296794907,657.7327777056947
forecast_0468,2025-01-20 12:00:00,253.0321259631641,296.37907316462713,657.7327777056947
forecast_0469,2025-01-20 13:00:00,253.0321259631641,296.37907316462713,657.7327777056947
forecast_0470,2025-01-20 14:00:00,253.0321259631641,296.37907316462713,657.7327777056947
forecast_0471,2025-01-20 15:00:00,253.0321259631641,296.2647745676504,657.7327777056947
forecast_0472,2025-01-20 16:00:00,253.0321259631641,296.2647745676504,657.7327777056947
forecast_0473,2025-01-20 17:00:00,253.0321259631641,296.2647745676504,657.7327777056947
forecast_0474,2025-01-20 18:00:00,253.0321259631641,296.37907316462713,657.7327777056947
forecast_0475,2025-01-20 19:00:00,254.18918597598145,283.29737167917847,657.7327777056947
forecast_0476,2025-01-20 20:00:00,254.18918597598145,307.6172311504687,657.7327777056947
forecast_0477,2025-01-20 21:00:00,254.18918597598145,328.3933717620845,657.7327777056947
forecast_0478,2025-01-20 22:00:00,262.90575307011255,342.29598848307694,661.9602651746998
forecast_0479,2025-01-20 23:00:00,292.0067662266246,480.6377248628388,787.9714267135199
forecast_0480,2025-01-21 00:00:00,570.1078320394079,786.1019202168744,875.6124912029511
forecast_0481,2025-01-21 01:00:00,1827.8174958777067,1337.3048342944599,1226.4108035318088
forecast_0482,2025-01-21 02:00:00,3311.9368705611932,1823.164193465686,1705.6220911184034
forecast_0483,2025-01-21 03:00:00,4379.223668956215,2856.121424832013,2717.9430938355335
forecast_0484,2025-01-21 04:00:00,5148.661445282184,3281.5778186971497,3050.566088852408
forecast_0485,2025-01-21 05:00:00,6377.6087376579635,3389.6779792612724,2780.202817218328
forecast_0486,2025-01-21 06:00:00,5344.059498118558,3218.5489111566867,2672.4388354513403
forecast_0487,2025-01-21 07:00:00,4601.703996824101,2503.1364489024672,2271.270913213546
forecast_0488,2025-01-21 08:00:00,3910.565915677567,1915.0510431783466,1401.8282972943775
forecast_0489,2025-01-21 09:00:00,2702.736385718536,1360.634875296731,1238.0989832356804
forecast_0490,2025-01-21 10:00:00,1335.2447881821122,943.2390148957156,963.8185826446881
forecast_0491,2025-01-21 11:00:00,1489.3678682835039,907.2618496234503,1134.0177349398812
forecast_0492,2025-01-21 12:00:00,2163.6579448858242,1439.1557577921797,1252.5206525073122
forecast_0493,2025-01-21 13:00:00,2214.0169895922145,2205.5836694376267,2025.2214533096198
forecast_0494,2025-01-21 14:00:00,2860.5332601190257,3271.8629847714087,2686.95714202203
forecast_0495,2025-01-21 15:00:00,4374.754104601741,3476.8905861093285,3047.660858336768
forecast_0496,2025-01-21 16:00:00,5663.473532182371,4517.929658296242,3248.5780767402566
forecast_0497,2025-01-21 17:00:00,7248.386997014699,7236.07731513341,5676.071521461291
forecast_0498,2025-01-21 18:00:00,8671.32286663656,8924.397570980535,7784.51208630892
forecast_0499,2025-01-21 19:00:00,10469.057565943522,10686.590576540619,9370.030430628607
forecast_0500,2025-01-21 20:00:00,11790.618436712215,13596.954669493813,9448.412317575936
forecast_0501,2025-01-21 21:00:00,12651.506915689832,14069.588356935328,10567.833711043557
forecast_0502,2025-01-21 22:00:00,12328.474691187734,14848.977222671503,11216.446555655943
forecast_0503,2025-01-21 23:00:00,13165.244404392472,14982.815632048132,10280.712517767237
forecast_0504,2025-01-22 00:00:00,11972.105670704605,14729.365713348452,9253.468163816584
forecast_0505,2025-01-22 01:00:00,13359.654257556476,15690.26015442074,9342.66612726749
forecast_0506,2025-01-22 02:00:00,13642.980519535786,15050.692568997934,9837.741444549067
forecast_0507,2025-01-22 03:00:00,13444.426732997104,14419.288402928461,9264.793771580558
forecast_0508,2025-01-22 04:00:00,13757.360628613382,13980.426110372788,10389.769822221006
forecast_0509,2025-01-22 05:00:00,13844.007392991096,14930.720929733905,10984.486806990462
forecast_0510,2025-01-22 06:00:00,14541.633444975578,14981.04331728912,11587.064485114086
forecast_0511,2025-01-22 07:00:00,16185.906598168813,16419.246880593033,14633.9247251164
forecast_0512,2025-01-22 08:00:00,15991.077023848437,16881.05307675035,14536.265047814615
forecast_0513,2025-01-22 09:00:00,15815.128332420001,15981.332817850107,14040.173391359425
forecast_0514,2025-01-22 10:00:00,13781.107525151834,13302.665037419292,12922.7770352282
forecast_0515,2025-01-22 11:00:00,12064.513582474188,11333.943353095685,9211.827862441867
forecast_0516,2025-01-22 12:00:00,9766.557578269993,9657.398493992803,6104.613605721004
forecast_0517,2025-01-22 13:00:00,8218.88548192169,8173.297368043178,5077.291490403828
forecast_0518,2025-01-22 14:00:00,7254.552452527716,6467.297452662042,4811.481848148267
forecast_0519,2025-01-22 15:00:00,6017.173928311047,4525.998548491727,3960.067561149686
forecast_0520,2025-01-22 16:00:00,5852.738831858679,4388.128634512103,3887.6763506649427
forecast_0521,2025-01-22 17:00:00,6924.012140555542,4959.493331250829,4247.10289696491
forecast_0522,2025-01-22 18:00:00,8143.508852921186,6820.515118828994,5258.807149551254
forecast_0523,2025-01-22 19:00:00,9631.687746180021,8489.960703827554,6575.522335079091
forecast_0524,2025-01-22 20:00:00,10569.054222243645,8779.781254218487,6000.893037802373
forecast_0525,2025-01-22 21:00:00,10805.402780031538,10170.066299051032,6164.883394971549
forecast_0526,2025-01-22 22:00:00,12064.710829026599,11123.162944890437,7056.598594067573
forecast_0527,2025-01-22 23:00:00,11959.509123069334,11284.016313297088,7800.550387715657
forecast_0528,2025-01-23 00:00:00,12414.477158873666,12838.447884101375,7988.963867195736
forecast_0529,2025-01-23 01:00:00,12493.73491427313,12532.411299262638,8740.569390426877
forecast_0530,2025-01-23 02:00:00,12725.903793978703,12965.030653542297,8645.585935019208
forecast_0531,2025-01-23 03:00:00,13484.378743179544,14419.341372292803,9063.841098217976
forecast_0532,2025-01-23 04:00:00,12742.486819129306,14864.143417015712,9068.71534653111
forecast_0533,2025-01-23 05:00:00,11313.448994487506,14421.710239679105,8516.906888118443
forecast_0534,2025-01-23 06:00:00,10990.259535319947,13586.055186987174,7547.64108065043
forecast_0535,2025-01-23 07:00:00,10343.094962368903,13645.750198409334,7459.6941895535365
forecast_0536,2025-01-23 08:00:00,10188.443878211543,13402.276026013631,5845.764010914887
forecast_0537,2025-01-23 09:00:00,8010.42950514492,9913.646326097503,4499.944797025387
forecast_0538,2025-01-23 10:00:00,5728.667931531141,8409.748299755884,2356.9224911660176
forecast_0539,2025-01-23 11:00:00,4468.888964123308,5936.4463501137725,2250.341309726339
forecast_0540,2025-01-23 12:00:00,4366.186486667348,3650.7416509202,2548.0460898500096
forecast_0541,2025-01-23 13:00:00,3231.207996435381,3402.265475312916,2180.798596597987
forecast_0542,2025-01-23 14:00:00,2739.3997131581923,2222.891666207706,2132.534085322325
forecast_0543,2025-01-23 15:00:00,2090.7986072949557,1557.86017948716,1364.2554327595308
forecast_0544,2025-01-23 16:00:00,1818.7217761393003,1466.7047625267317,1040.2583545633865
forecast_0545,2025-01-23 17:00:00,1793.1400278620017,1507.0554870514675,792.5574713111758
forecast_0546,2025-01-23 18:00:00,1949.4911231499725,1673.4756430097757,864.6827581507534
forecast_0547,2025-01-23 19:00:00,2146.8476105399623,1857.2539448156708,914.7673166209312
forecast_0548,2025-01-23 20:00:00,2203.2627809094133,2300.5292747226786,1046.1030073319293
forecast_0549,2025-01-23 21:00:00,2433.348670086181,2371.1019812959175,1098.9901490836164
forecast_0550,2025-01-23 22:00:00,2996.955399298019,3476.663898101131,1088.7834440388888
forecast_0551,2025-01-23 23:00:00,3229.8730256074587,4013.788356185306,1191.5998703007012
forecast_0552,2025-01-24 00:00:00,2976.89555434397,3417.171836083396,1001.8561538712886
forecast_0553,2025-01-24 01:00:00,2298.0437283495926,2004.4303487178372,812.367545263761
forecast_0554,2025-01-24 02:00:00,1952.4193567550342,1416.9999190303952,675.8331668821636
forecast_0555,2025-01-24 03:00:00,1993.8723528158498,997.797958169332,661.9602651746998
forecast_0556,2025-01-24 04:00:00,1697.8172446606375,888.7799466608052,659.4683576922671
forecast_0557,2025-01-24 05:00:00,1066.1995042305166,572.5763562989623,659.4683576922671
forecast_0558,2025-01-24 06:00:00,528.333208242239,412.9320675783065,661.9602651746998
forecast_0559,2025-01-24 07:00:00,318.7479856317006,346.0495221543089,657.7327777056947
forecast_0560,2025-01-24 08:00:00,314.8631310728724,337.0389776597175,657.7327777056947
forecast_0561,2025-01-24 09:00:00,281.9543786117059,346.48599179595647,657.7327777056947
forecast_0562,2025-01-24 10:00:00,254.18918597598145,313.1305770054556,657.7327777056947
forecast_0563,2025-01-24 11:00:00,253.0321259631641,298.07399854313934,657.7327777056947
forecast_0564,2025-01-24 12:00:00,254.18918597598145,298.07399854313934,657.7327777056947
forecast_0565,2025-01-24 13:00:00,254.18918597598145,298.07399854313934,657.7327777056947
forecast_0566,2025-01-24 14:00:00,261.7931436230206,329.59031580350586,661.9602651746998
forecast_0567,2025-01-24 15:00:00,268.8390074002247,358.713610328767,661.9602651746998
forecast_0568,2025-01-24 16:00:00,313.4638612907729,392.57601076170204,659.4683576922671
forecast_0569,2025-01-24 17:00:00,294.3927800943512,429.20868555566574,666.7034496614267
forecast_0570,2025-01-24 18:00:00,632.560353720651,677.8341507121005,735.5932039599854
forecast_0571,2025-01-24 19:00:00,1297.4534982579448,2331.9336336661936,1009.502069415061
forecast_0572,2025-01-24 20:00:00,2419.09271882607,3324.061158806054,1598.4279161126965
forecast_0573,2025-01-24 21:00:00,2931.4141698337908,3623.4735484478865,2130.392404457254
forecast_0574,2025-01-24 22:00:00,3548.424181247768,3395.6822852680843,2240.422690577952
forecast_0575,2025-01-24 23:00:00,4251.6305175962225,4284.221555307862,2766.7869752247216
forecast_0576,2025-01-25 00:00:00,5705.232551045825,5345.477402732674,3497.900024836851
forecast_0577,2025-01-25 01:00:00,4350.135528656133,6374.307363554291,3361.4267882783083
forecast_0578,2025-01-25 02:00:00,4448.638636397858,7031.996020419852,4201.070431797269
forecast_0579,2025-01-25 03:00:00,4993.952650528648,6809.501273599513,5128.795490136129
forecast_0580,2025-01-25 04:00:00,6024.018878252289,6468.2204707803685,6477.200675849828
forecast_0581,2025-01-25 05:00:00,6214.384830922409,6292.927857980465,6617.62809819067
forecast_0582,2025-01-25 06:00:00,6169.374835762939,6205.530034849735,6644.360079745357
forecast_0583,2025-01-25 07:00:00,6313.859209019218,6432.784710246638,6806.883501664396
forecast_0584,2025-01-25 08:00:00,6138.180585689056,6667.415351049087,6308.68719720495
forecast_0585,2025-01-25 09:00:00,5941.188771166283,6679.943167652722,6749.186803523206
forecast_0586,2025-01-25 10:00:00,4278.280343616925,6443.214746038228,6182.986634196583
forecast_0587,2025-01-25 11:00:00,3426.413744836849,5490.559872870562,4597.298177792224
forecast_0588,2025-01-25 12:00:00,3076.466328829292,3582.774295376329,4115.66264800772
forecast_0589,2025-01-25 13:00:00,3040.0336701567003,3069.811473226263,3390.540317793801
forecast_0590,2025-01-25 14:00:00,3073.055799447151,3596.8678350196715,3695.020752850851
forecast_0591,2025-01-25 15:00:00,3879.7898332121867,3577.5896778764813,3297.406064447286
forecast_0592,2025-01-25 16:00:00,4244.854023918748,4747.590887797053,3594.3059224452054
forecast_0593,2025-01-25 17:00:00,5320.239591418057,6114.5729879580185,4284.23505574684
forecast_0594,2025-01-25 18:00:00,6129.55349441941,6358.832379107624,5338.079835811591
forecast_0595,2025-01-25 19:00:00,6502.40567550784,7105.8602743709225,6942.323645532725
forecast_0596,2025-01-25 20:00:00,6626.871386637555,7484.205953261897,7225.318996207998
forecast_0597,2025-01-25 21:00:00,6653.176273984597,7460.434655095912,7353.637962147853
forecast_0598,2025-01-25 22:00:00,6783.953991046656,7722.826488458505,7801.89204447431
forecast_0599,2025-01-25 23:00:00,6853.930328988875,8031.598832707787,7924.249969659618
forecast_0600,2025-01-26 00:00:00,6025.05338607426,8319.543308333534,7309.539517452703
forecast_0601,2025-01-26 01:00:00,6383.738869431947,7378.535300955466,7901.826323990291
forecast_0602,2025-01-26 02:00:00,5955.18022258997,7062.1541238092295,7612.485381421391
forecast_0603,2025-01-26 03:00:00,5718.828664272629,7373.603436849456,7338.721275251037
forecast_0604,2025-01-26 04:00:00,5753.742787908314,7439.878219708953,6774.258379759107
forecast_0605,2025-01-26 05:00:00,5864.7127302692115,7365.56329162941,5726.246285205514
forecast_0606,2025-01-26 06:00:00,5422.75633925998,7047.8265413605795,5203.129394848262
forecast_0607,2025-01-26 07:00:00,5030.253107938168,6875.5126286387285,4571.728416403153
forecast_0608,2025-01-26 08:00:00,4563.417746324946,6622.278141917569,4664.482708721107
forecast_0609,2025-01-26 09:00:00,4474.812194403576,5156.41891768418,3547.1763497936327
forecast_0610,2025-01-26 10:00:00,3066.509815370887,4546.733700686121,3100.2645729680357
forecast_0611,2025-01-26 11:00:00,2565.0842015820695,3388.236627076898,2547.7266044890976
forecast_0612,2025-01-26 12:00:00,1774.592323469717,2880.906768643726,2133.3829780964306
forecast_0613,2025-01-26 13:00:00,1015.541332574128,1231.6591674178042,961.1207666367202
forecast_0614,2025-01-26 14:00:00,687.0614876164565,907.4695060296726,666.7034496614267
forecast_0615,2025-01-26 15:00:00,485.8899388957622,398.8295197988259,657.7327777056947
forecast_0616,2025-01-26 16:00:00,415.5888503885261,470.7666645953017,657.7327777056947
forecast_0617,2025-01-26 17:00:00,654.7786343009469,386.52453291310786,657.7327777056947
forecast_0618,2025-01-26 18:00:00,652.5133524224377,433.1358876703769,657.7327777056947
forecast_0619,2025-01-26 19:00:00,597.8615743878315,511.85359644799235,657.7327777056947
forecast_0620,2025-01-26 20:00:00,781.6727985232831,1018.6747910446078,659.4683576922671
forecast_0621,2025-01-26 21:00:00,1466.4519220682807,1218.6293797716905,686.9346845605263
forecast_0622,2025-01-26 22:00:00,1950.4804157609112,1322.1340513295174,671.0899823954367
forecast_0623,2025-01-26 23:00:00,1415.5484450937288,1651.126501866614,661.9602651746998
forecast_0624,2025-01-27 00:00:00,1866.5348569960618,1985.2578639094609,661.9602651746998
forecast_0625,2025-01-27 01:00:00,1964.9948671206323,2519.110557299408,734.0855520142773
forecast_0626,2025-01-27 02:00:00,1953.7836476450182,2548.5757211803457,666.7034496614267
forecast_0627,2025-01-27 03:00:00,1970.4001869459885,2041.6382095740257,666.7034496614267
forecast_0628,2025-01-27 04:00:00,2126.8044910611607,2877.92994237716,785.9200200826446
forecast_0629,2025-01-27 05:00:00,2057.009392649739,3440.3817858175325,1126.4450723193663
forecast_0630,2025-01-27 06:00:00,2102.9899629117917,3548.0803149728017,1234.869322175834
forecast_0631,2025-01-27 07:00:00,2362.3201576838755,3677.149781983839,1228.1880226714688
forecast_0632,2025-01-27 08:00:00,3542.99533279759,3952.3653116865476,1373.5104535108017
forecast_0633,2025-01-27 09:00:00,4573.468299909195,4431.149216362174,2244.2913572670127
forecast_0634,2025-01-27 10:00:00,4964.939647455334,6098.35562632316,3330.3113042718637
forecast_0635,2025-01-27 11:00:00,9067.759488546328,9602.52828701232,5642.655601283582
forecast_0636,2025-01-27 12:00:00,12752.18255796188,15364.59632507961,11784.799645087338
forecast_0637,2025-01-27 13:00:00,13128.500450381282,17255.81534827703,14798.102740495311
forecast_0638,2025-01-27 14:00:00,14746.120457044646,17957.301544832604,16455.856852624478
forecast_0639,2025-01-27 15:00:00,15912.524929349858,18966.666039230353,16768.10051067116
forecast_0640,2025-01-27 16:00:00,16750.956562119238,18718.252822920527,16647.735100712503
forecast_0641,2025-01-27 17:00:00,16695.888701929103,18601.52428583755,16327.075600178194
forecast_0642,2025-01-27 18:00:00,17025.260961124342,18605.350666207425,16048.005636193757
forecast_0643,2025-01-27 19:00:00,17064.308413882292,18316.699190493793,15842.682447987178
forecast_0644,2025-01-27 20:00:00,16935.161449573476,18244.298834590292,15803.326228550979
forecast_0645,2025-01-27 21:00:00,17045.56376808026,18369.151200969536,16013.147088662121
forecast_0646,2025-01-27 22:00:00,17008.483624715842,18173.03783581785,15749.099581499337
forecast_0647,2025-01-27 23:00:00,17184.684845856456,18360.4296016683,16046.991404000746
forecast_0648,2025-01-28 00:00:00,17303.235228131325,18176.915668215013,15872.2592129054
forecast_0649,2025-01-28 01:00:00,17603.602216960055,18355.876878733063,15463.713419752345
forecast_0650,2025-01-28 02:00:00,17708.513382065546,18274.041553093615,15556.268323630895
forecast_0651,2025-01-28 03:00:00,17337.214754089462,17885.460311799347,15363.365993745194
forecast_0652,2025-01-28 04:00:00,17199.04933275746,18239.671984317796,14876.438438376954
forecast_0653,2025-01-28 05:00:00,16798.321564491787,17997.767146111837,15163.797419917057
forecast_0654,2025-01-28 06:00:00,16260.356555215858,17888.54835354299,15332.745805968134
forecast_0655,2025-01-28 07:00:00,16593.61643441955,17926.93561039649,15467.217338863538
forecast_0656,2025-01-28 08:00:00,17159.915826133667,17772.93887027276,15739.539200833035
forecast_0657,2025-01-28 09:00:00,17673.401194117883,17952.09250682016,16196.885216916504
forecast_0658,2025-01-28 10:00:00,17202.54632567244,17574.843630186024,15876.243888425273
forecast_0659,2025-01-28 11:00:00,17392.631800926443,17652.22975391235,16160.74183767802
forecast_0660,2025-01-28 12:00:00,16745.11643680304,17438.44265821225,16414.3121391581
forecast_0661,2025-01-28 13:00:00,16676.893311701795,17535.66728738536,16868.271997232965
forecast_0662,2025-01-28 14:00:00,16479.9698386425,17590.83487695492,16937.15785552024
forecast_0663,2025-01-28 15:00:00,16630.931294309194,17636.21675438976,16746.898385793625
forecast_0664,2025-01-28 16:00:00,15736.24523739878,17663.46225876208,15772.149942527432
forecast_0665,2025-01-28 17:00:00,16150.239659070514,17734.890603192496,15607.580787670126
forecast_0666,2025-01-28 18:00:00,15895.531576363317,17677.122672732014,15870.676921415114
forecast_0667,2025-01-28 19:00:00,15847.011856093119,18031.256486777544,15545.831562490284
forecast_0668,2025-01-28 20:00:00,16685.93766852086,18205.898049377865,15630.08362912768
forecast_0669,2025-01-28 21:00:00,16706.726474678195,18279.762801010576,15983.867123187269
forecast_0670,2025-01-28 22:00:00,16950.153030642057,18270.09701804882,15737.01651629015
forecast_0671,2025-01-28 23:00:00,17179.709196931188,18396.043576659104,15492.121686452889
forecast_0672,2025-01-29 00:00:00,17076.35258198611,18396.035701022214,15284.846631848388
forecast_0673,2025-01-29 01:00:00,16699.158412809727,18891.66590669864,15396.200594033773
forecast_0674,2025-01-29 02:00:00,17055.15821886579,18663.5169381679,15296.470620741811
forecast_0675,2025-01-29 03:00:00,17380.778448165955,18530.159118329455,16190.195948625542
forecast_0676,2025-01-29 04:00:00,17856.14242168443,18502.88748090886,15995.736601853505
forecast_0677,2025-01-29 05:00:00,17698.84128911197,18615.189289391255,15894.667411768916
forecast_0678,2025-01-29 06:00:00,17859.45582477733,18767.051001931424,16223.221971093546
forecast_0679,2025-01-29 07:00:00,17891.701403229075,18809.435315345283,16251.612633248773
forecast_0680,2025-01-29 08:00:00,17603.94704861584,18955.45633141399,16220.919864302647
forecast_0681,2025-01-29 09:00:00,17238.813817117207,18911.294835197554,15244.464249446977
forecast_0682,2025-01-29 10:00:00,17467.550696499908,19056.84688529394,15272.885132375082
forecast_0683,2025-01-29 11:00:00,17533.486344765646,19090.05389397566,15695.581749082785
forecast_0684,2025-01-29 12:00:00,16740.32251696226,18794.106628871727,15540.59249310079
forecast_0685,2025-01-29 13:00:00,16345.28536664488,18213.95673017077,15104.208938357468
forecast_0686,2025-01-29 14:00:00,16437.150229997504,18645.49897990994,15088.782088156135
forecast_0687,2025-01-29 15:00:00,16289.917527667518,17975.770899522642,15522.59755093778
forecast_0688,2025-01-29 16:00:00,16742.254999096363,17773.120313888394,15530.057046224636
forecast_0689,2025-01-29 17:00:00,16425.13320219979,17530.456225337675,15444.256920565753
forecast_0690,2025-01-29 18:00:00,15935.93420762916,18111.401905701565,15501.1143677832
forecast_0691,2025-01-29 19:00:00,15642.814555138593,18174.59233843329,15551.96939968323
forecast_0692,2025-01-29 20:00:00,15259.546056987314,18216.1046263822,15428.737108241403
forecast_0693,2025-01-29 21:00:00,14825.223765795396,18222.1451360197,15532.951025620298
forecast_0694,2025-01-29 22:00:00,15154.899508495535,18218.044558998576,15234.656446934401
forecast_0695,2025-01-29 23:00:00,14930.846777176106,18090.161842001176,15047.69589151513
forecast_0696,2025-01-30 00:00:00,14940.373955285942,18355.411640809518,14801.304176457468
forecast_0697,2025-01-30 01:00:00,15322.786878754201,18886.323756463116,14792.36953719925
forecast_0698,2025-01-30 02:00:00,15467.199747397255,18821.49340149127,14553.194658727545
forecast_0699,2025-01-30 03:00:00,15459.850203743315,18581.413068334776,14521.73445425503
forecast_0700,2025-01-30 04:00:00,15370.458538289397,18366.8154344942,14443.537434591353
forecast_0701,2025-01-30 05:00:00,15467.149277523344,18418.357650998445,14251.749973627311
forecast_0702,2025-01-30 06:00:00,15426.620690196909,18464.568213534716,14350.448595808359
forecast_0703,2025-01-30 07:00:00,15414.070815165725,18042.20513370271,14337.989033620583
forecast_0704,2025-01-30 08:00:00,15736.57060350501,17850.751735063124,15202.443755022576
forecast_0705,2025-01-30 09:00:00,15767.652211890783,17709.83942424512,16088.724884061801
forecast_0706,2025-01-30 10:00:00,15588.481941462762,16962.786679895882,15857.101115860027
forecast_0707,2025-01-30 11:00:00,15355.17833009433,16480.200724379232,15145.316873351598
forecast_0708,2025-01-30 12:00:00,14727.286877686569,16117.885237288847,14453.796129587214
forecast_0709,2025-01-30 13:00:00,14494.170612801036,15640.206929281936,12673.528116624822
forecast_0710,2025-01-30 14:00:00,14802.047344801418,14406.234990415653,10906.565378885247
forecast_0711,2025-01-30 15:00:00,14710.410784282092,15252.671085463578,11437.127219387785
forecast_0712,2025-01-30 16:00:00,14787.856160751942,14990.580607013759,10172.498762168292
forecast_0713,2025-01-30 17:00:00,14755.565434251494,15145.240135366219,12407.195373979583
forecast_0714,2025-01-30 18:00:00,15805.017103377366,15132.101659398282,16308.303157574494
forecast_0715,2025-01-30 19:00:00,16449.300588831207,16006.069878497548,16944.572135934584
forecast_0716,2025-01-30 20:00:00,16399.90800179945,16308.054800754948,16784.11672971341
forecast_0717,2025-01-30 21:00:00,16873.115684736793,16578.053861576856,16216.476561502019
forecast_0718,2025-01-30 22:00:00,17016.407350030593,17185.34622706269,16375.279798261652
forecast_0719,2025-01-30 23:00:00,17773.782754496457,17531.647734966034,15505.580602028529
forecast_0720,2025-01-31 00:00:00,17815.237965354485,17017.28940561418,15150.731867316275
forecast_0721,2025-01-31 01:00:00,17256.51075721692,16845.305695820345,14488.458462026863
forecast_0722,2025-01-31 02:00:00,17780.81917307104,16981.47593105306,14771.009191369401
forecast_0723,2025-01-31 03:00:00,16415.48223254269,17047.16677255078,13739.950170647451
forecast_0724,2025-01-31 04:00:00,15521.674003108263,16989.480367277567,13470.332787571393
forecast_0725,2025-01-31 05:00:00,15369.064638671418,16742.05448287552,13223.578489850883
forecast_0726,2025-01-31 06:00:00,15253.301571003254,17228.387924188566,14565.702748383988
forecast_0727,2025-01-31 07:00:00,16160.900790981885,17608.947968905424,15367.677812022472
forecast_0728,2025-01-31 08:00:00,17507.03745913774,16935.564819000523,15224.544955570012
forecast_0729,2025-01-31 09:00:00,15333.889536060417,16201.244755731706,14961.60853478357
forecast_0730,2025-01-31 10:00:00,14209.860525286986,14660.245434801225,13088.095694587439
forecast_0731,2025-01-31 11:00:00,12810.829460089062,12723.116492152327,11709.068228002445
forecast_0732,2025-01-31 12:00:00,10552.109123341774,11474.714153239964,8488.431055503179
forecast_0733,2025-01-31 13:00:00,9560.096027027184,9737.643152433795,7115.428670222628
forecast_0734,2025-01-31 14:00:00,8562.232188818296,7990.798100290403,5115.616442564849
forecast_0735,2025-01-31 15:00:00,7958.228591742141,7703.840920904692,4790.732072241639
forecast_0736,2025-01-31 16:00:00,6291.854099176251,6954.288921157815,4037.3226813280867
forecast_0737,2025-01-31 17:00:00,5282.946313189412,6761.083067996673,3248.948666444057
forecast_0738,2025-01-31 18:00:00,5666.4155707228365,6798.7007139711,2572.001359508181
forecast_0739,2025-01-31 19:00:00,6724.0368675196905,7414.620307252534,3511.624988599078
forecast_0740,2025-01-31 20:00:00,7848.284337491443,8522.971287310302,4165.659256781753
forecast_0741,2025-01-31 21:00:00,7727.213121413627,9899.999474382985,5002.09016461658
forecast_0742,2025-01-31 22:00:00,7883.772298008023,9967.6670474139,5302.281435569212
forecast_0743,2025-01-31 23:00:00,7979.597812567155,9374.222553322183,6669.047477555419
forecast_0744,2025-02-01 00:00:00,8072.315321873856,10543.91174875399,5807.9644037988965
forecast_0745,2025-02-01 01:00:00,6803.274647276405,8784.47841046502,5036.523587117068
forecast_0746,2025-02-01 02:00:00,5507.539730267624,8349.724232879049,3965.103399277249
forecast_0747,2025-02-01 03:00:00,5101.957355604651,7669.3727881510595,2838.950477638876
forecast_0748,2025-02-01 04:00:00,4186.0488946914975,6024.307648840307,1275.6626578450655
forecast_0749,2025-02-01 05:00:00,3354.564689209288,4353.820789853664,918.2709178785484
forecast_0750,2025-02-01 06:00:00,2088.550324050246,2449.140301421932,686.4505137474697
forecast_0751,2025-02-01 07:00:00,686.6539553978586,1105.473230971084,661.9602651746998
forecast_0752,2025-02-01 08:00:00,712.888028095342,614.4774707462435,657.7327777056947
forecast_0753,2025-02-01 09:00:00,608.1420823993346,383.1784035126215,657.7327777056947
forecast_0754,2025-02-01 10:00:00,400.2564721671256,339.5094503457123,657.7327777056947
forecast_0755,2025-02-01 11:00:00,304.9441386664416,316.4075692533687,657.7327777056947
forecast_0756,2025-02-01 12:00:00,273.3926595051178,298.07399854313934,657.7327777056947
forecast_0757,2025-02-01 13:00:00,262.90575307011255,322.68293716038625,657.7327777056947
forecast_0758,2025-02-01 14:00:00,267.48274284313976,337.0774082415358,657.7327777056947
forecast_0759,2025-02-01 15:00:00,273.4850562694345,339.5094503457123,657.7327777056947
forecast_0760,2025-02-01 16:00:00,281.72481084273477,376.64796567929125,657.7327777056947
forecast_0761,2025-02-01 17:00:00,353.77044968596476,293.5955581638209,657.7327777056947
forecast_0762,2025-02-01 18:00:00,439.34282820609195,322.05657268594706,657.7327777056947
forecast_0763,2025-02-01 19:00:00,327.09418943989874,232.0776364337909,657.7327777056947
forecast_0764,2025-02-01 20:00:00,304.4386645432999,232.0776364337909,657.7327777056947
forecast_0765,2025-02-01 21:00:00,273.9520220004062,218.63197206298983,657.7327777056947
forecast_0766,2025-02-01 22:00:00,262.83357308047175,258.04906630476205,657.7327777056947
forecast_0767,2025-02-01 23:00:00,279.95433542670105,273.8275376360739,657.7327777056947
forecast_0768,2025-02-02 00:00:00,319.3626699561429,297.8276276550438,657.7327777056947
forecast_0769,2025-02-02 01:00:00,665.6779159484115,376.6402160388602,657.7327777056947
forecast_0770,2025-02-02 02:00:00,657.054720983777,496.524792762589,657.7327777056947
forecast_0771,2025-02-02 03:00:00,400.6391876302407,359.6008784572018,657.7327777056947
forecast_0772,2025-02-02 04:00:00,318.3172367588851,325.9094906512825,657.7327777056947
forecast_0773,2025-02-02 05:00:00,295.7423255416383,235.0500388491318,657.7327777056947
forecast_0774,2025-02-02 06:00:00,338.54841252022436,314.1949361473265,657.7327777056947
forecast_0775,2025-02-02 07:00:00,356.2835861747732,301.3586554786422,657.7327777056947
forecast_0776,2025-02-02 08:00:00,347.62218408802084,240.20265230805836,657.7327777056947
forecast_0777,2025-02-02 09:00:00,288.3759380546209,298.07399854313934,657.7327777056947
forecast_0778,2025-02-02 10:00:00,269.9516168473166,298.07399854313934,657.7327777056947
forecast_0779,2025-02-02 11:00:00,269.9516168473166,318.7702186261009,657.7327777056947
forecast_0780,2025-02-02 12:00:00,262.90575307011255,272.03965011806434,657.7327777056947
forecast_0781,2025-02-02 13:00:00,254.18918597598145,298.07399854313934,657.7327777056947
forecast_0782,2025-02-02 14:00:00,254.18918597598145,298.07399854313934,657.7327777056947
forecast_0783,2025-02-02 15:00:00,681.412957449028,448.97297942111436,664.2115421789939
forecast_0784,2025-02-02 16:00:00,944.8495573244488,1010.9763083489186,880.7635627529128
forecast_0785,2025-02-02 17:00:00,2922.2052180262617,3191.479805817432,1491.3599227449874
forecast_0786,2025-02-02 18:00:00,5067.305252340832,5974.166699150313,4184.846132355534
forecast_0787,2025-02-02 19:00:00,7287.635026562435,8477.04626583225,7246.178049905744
forecast_0788,2025-02-02 20:00:00,8100.259915752295,9547.41971007234,8595.206289789776
forecast_0789,2025-02-02 21:00:00,8766.203494874233,9799.461714987821,8249.163177010472
forecast_0790,2025-02-02 22:00:00,11696.483313576911,13638.445249748498,10460.576558799487
forecast_0791,2025-02-02 23:00:00,13497.941634639701,15019.54381590339,14858.522089514412
forecast_0792,2025-02-03 00:00:00,14433.444980536282,17251.52998969663,14480.617019534553
forecast_0793,2025-02-03 01:00:00,15816.065230557859,18377.832558016868,15127.151530229361
forecast_0794,2025-02-03 02:00:00,16269.611461610522,18288.801061193597,17861.038829743415
forecast_0795,2025-02-03 03:00:00,15728.099433790765,17836.833288530474,18482.98787944347
forecast_0796,2025-02-03 04:00:00,15415.093572608257,17350.113271529317,18486.95897340753
forecast_0797,2025-02-03 05:00:00,14191.174916054986,17522.71081725423,18355.100766890933
forecast_0798,2025-02-03 06:00:00,14309.01585010301,16362.900665022735,17229.101429998816
forecast_0799,2025-02-03 07:00:00,14930.627061426383,16256.58546931902,16823.17087002571
forecast_0800,2025-02-03 08:00:00,14928.556485209832,15958.70206834357,15360.602875667199
forecast_0801,2025-02-03 09:00:00,15282.059514848685,15779.901416021889,15495.97787769819
forecast_0802,2025-02-03 10:00:00,14589.909042264804,15916.962968745513,13972.438157543384
forecast_0803,2025-02-03 11:00:00,14712.872319543592,15781.092882115563,13993.418572219778
forecast_0804,2025-02-03 12:00:00,14822.563008753967,15549.57960640443,14118.981784537678
forecast_0805,2025-02-03 13:00:00,14760.17188867101,15390.381512921604,14012.629287364489
forecast_0806,2025-02-03 14:00:00,14609.573946607043,14683.957631112455,12735.175750072425
forecast_0807,2025-02-03 15:00:00,14784.203850482998,15140.225410604387,12219.316558661552
forecast_0808,2025-02-03 16:00:00,14746.731512602255,15280.561989841968,13388.264848580706
forecast_0809,2025-02-03 17:00:00,14904.787603801838,15386.434951806845,14708.613178272266
forecast_0810,2025-02-03 18:00:00,15268.925395246191,15654.96935030678,15185.251886404123
forecast_0811,2025-02-03 19:00:00,15780.276775320992,16195.17339495623,15420.646015939803
forecast_0812,2025-02-03 20:00:00,15517.838128293952,16124.957561087876,15499.42527770917
forecast_0813,2025-02-03 21:00:00,15674.261743107267,16671.968121220834,15152.741039248565
forecast_0814,2025-02-03 22:00:00,15824.487818569298,16714.400743725808,15199.102699565654
forecast_0815,2025-02-03 23:00:00,15736.73604525167,17579.321582767414,15171.871665579913
forecast_0816,2025-02-04 00:00:00,16214.207873687594,17672.21974914839,15088.740428578181
forecast_0817,2025-02-04 01:00:00,16561.302362742845,17793.28905675847,15939.555409354249
forecast_0818,2025-02-04 02:00:00,16134.739129534204,17363.298988183204,15651.629896320499
forecast_0819,2025-02-04 03:00:00,16396.11735879243,16690.47129283496,15107.211479757907
forecast_0820,2025-02-04 04:00:00,15981.562772047473,16670.084213441958,14962.608373698647
forecast_0821,2025-02-04 05:00:00,16402.26004145526,16750.714049927858,14865.614489560092
forecast_0822,2025-02-04 06:00:00,16588.36545456294,16871.078954429067,15054.07038269022
forecast_0823,2025-02-04 07:00:00,16600.761447045057,17180.979452840016,14480.38362124754
forecast_0824,2025-02-04 08:00:00,16230.731506606724,17295.708172989143,14359.386573761734
forecast_0825,2025-02-04 09:00:00,15757.887403821916,17291.884853560325,14556.674695977053
forecast_0826,2025-02-04 10:00:00,15698.855959123477,17473.602170896094,14645.89861072888
forecast_0827,2025-02-04 11:00:00,14643.43111107517,17446.88968939207,14598.404912804923
forecast_0828,2025-02-04 12:00:00,14725.613977159659,17156.92249149537,14770.311357952209
forecast_0829,2025-02-04 13:00:00,14436.395903207642,16723.35099994344,14782.177705857737
forecast_0830,2025-02-04 14:00:00,14415.909807376684,15988.063175166248,14754.4191555567
forecast_0831,2025-02-04 15:00:00,14421.261252859453,16119.785801672502,14635.193554828002
forecast_0832,2025-02-04 16:00:00,15265.960119881103,16219.591008884276,14709.470848568864
forecast_0833,2025-02-04 17:00:00,15297.302025876304,16330.354353693449,14474.969504247954
forecast_0834,2025-02-04 18:00:00,15286.14430483522,16529.221854009742,14487.00312444554
forecast_0835,2025-02-04 19:00:00,15159.879529130916,16724.851978420844,16062.260014476575
forecast_0836,2025-02-04 20:00:00,15723.64087541918,16561.02283996302,16376.17611392017
forecast_0837,2025-02-04 21:00:00,15460.200742191088,16555.695369768782,16697.31380841194
forecast_0838,2025-02-04 22:00:00,15369.148915198439,16851.350796579856,16235.653529856218
forecast_0839,2025-02-04 23:00:00,16051.10967523604,17055.484669190697,16155.634663464874
forecast_0840,2025-02-05 00:00:00,15509.046207405123,16862.600402006054,16009.306147794405
forecast_0841,2025-02-05 01:00:00,15412.456111208076,16633.340152234752,15902.797909704965
forecast_0842,2025-02-05 02:00:00,15061.65964451092,16447.25489498666,15069.511628742079
forecast_0843,2025-02-05 03:00:00,15282.173332235809,16518.905644369144,14827.572546585046
forecast_0844,2025-02-05 04:00:00,14936.27543023497,16787.957173914325,14049.41881185896
forecast_0845,2025-02-05 05:00:00,14552.013029587182,16707.839800622478,13717.325728041682
forecast_0846,2025-02-05 06:00:00,14296.584247398836,16345.152110795438,13822.135379424531
forecast_0847,2025-02-05 07:00:00,14330.205991420493,15720.963574777072,14163.966935431908
forecast_0848,2025-02-05 08:00:00,14412.587980278156,15724.732962876718,13820.632966662768
forecast_0849,2025-02-05 09:00:00,14039.10027376328,15767.205694120528,14151.217678571182
forecast_0850,2025-02-05 10:00:00,14190.93576516956,16231.245988943,14000.489266871216
forecast_0851,2025-02-05 11:00:00,14723.285405229642,16044.448348982938,14240.281438311818
forecast_0852,2025-02-05 12:00:00,14817.734755484029,16310.865384851128,14814.605025396322
forecast_0853,2025-02-05 13:00:00,15112.807433783659,16439.979902720865,15236.486849597142
forecast_0854,2025-02-05 14:00:00,14959.842704530394,15748.942341434227,14674.229076924525
forecast_0855,2025-02-05 15:00:00,14541.50396103361,15507.312964941326,14330.893211987985
forecast_0856,2025-02-05 16:00:00,14425.857474798138,15428.439793615971,14169.843070635998
forecast_0857,2025-02-05 17:00:00,14500.984858305328,15243.68288128513,13963.569147344684
forecast_0858,2025-02-05 18:00:00,14625.810783383262,15095.44099937783,14011.206724514646
forecast_0859,2025-02-05 19:00:00,14730.070878169096,14863.802541739657,14246.264588189533
forecast_0860,2025-02-05 20:00:00,14903.49308065584,15126.01662774607,14154.236329696612
forecast_0861,2025-02-05 21:00:00,14966.308167939447,15368.356260737535,13991.767051062596
forecast_0862,2025-02-05 22:00:00,15179.50772437138,15503.253523573972,14283.047751423763
forecast_0863,2025-02-05 23:00:00,15282.011245466663,16031.259799999238,14407.32469430886
forecast_0864,2025-02-06 00:00:00,15330.322490727844,16487.552348151694,14467.30472792651
forecast_0865,2025-02-06 01:00:00,16204.994709209492,16880.51041790178,15133.274292148228
forecast_0866,2025-02-06 02:00:00,15785.1854086262,16723.04030854413,14725.3327686475
forecast_0867,2025-02-06 03:00:00,15625.351251982658,17469.677730661264,14924.379220676641
forecast_0868,2025-02-06 04:00:00,16586.76655892151,17683.962469649137,15832.445966591698
forecast_0869,2025-02-06 05:00:00,16657.55645102794,17612.561378881794,15168.203130673908
forecast_0870,2025-02-06 06:00:00,16458.537795041153,17673.108942768034,14633.71013178182
forecast_0871,2025-02-06 07:00:00,16361.754425202449,16777.77785078005,14284.561275816912
forecast_0872,2025-02-06 08:00:00,15827.481553107558,16254.42657434937,14221.710731286983
forecast_0873,2025-02-06 09:00:00,15394.557448054646,16199.845753100613,14451.158051055867
forecast_0874,2025-02-06 10:00:00,14435.669592026656,14970.231954171959,14228.199710362596
forecast_0875,2025-02-06 11:00:00,13790.692150809136,14291.006736333404,12756.76057616119
forecast_0876,2025-02-06 12:00:00,14098.860568530694,14069.178386935091,11501.461963800231
forecast_0877,2025-02-06 13:00:00,14315.83431546103,13873.423629527877,13216.661769024033
forecast_0878,2025-02-06 14:00:00,13940.488727776381,13230.482514017416,13344.16267016289
forecast_0879,2025-02-06 15:00:00,13316.466599703414,13126.20291816002,13358.800286584636
forecast_0880,2025-02-06 16:00:00,13581.41259243199,13259.847657775163,13090.862785333113
forecast_0881,2025-02-06 17:00:00,13508.489233902583,14181.133148467774,13272.348315244448
forecast_0882,2025-02-06 18:00:00,13153.082169165215,14350.013554427715,14036.016214219151
forecast_0883,2025-02-06 19:00:00,13393.412599040521,13815.627397552951,13661.035831278674
forecast_0884,2025-02-06 20:00:00,13849.255569938967,14035.314447304228,14411.365820784724
forecast_0885,2025-02-06 21:00:00,13983.947882755183,13699.239831422383,14590.781622767303
forecast_0886,2025-02-06 22:00:00,13614.859523118666,13458.153058000626,11443.236554699391
forecast_0887,2025-02-06 23:00:00,13522.794868626796,13151.630764917456,9782.450671824063
forecast_0888,2025-02-07 00:00:00,12526.816699160292,12709.814551913563,8622.996272616692
forecast_0889,2025-02-07 01:00:00,11568.200484766308,13525.961935929645,7958.199705939513
forecast_0890,2025-02-07 02:00:00,10923.802224302008,13983.393940274615,9687.86245743261
forecast_0891,2025-02-07 03:00:00,10663.302364401132,12810.52777965835,8969.377452876466
forecast_0892,2025-02-07 04:00:00,10071.84393697789,11161.239439701498,8500.187165468787
forecast_0893,2025-02-07 05:00:00,11153.393303583343,11277.651703282618,8480.559388490297
forecast_0894,2025-02-07 06:00:00,9770.974663823976,11918.511877918809,7423.715439649733
forecast_0895,2025-02-07 07:00:00,9539.426167415131,12347.022959405662,6382.93929440705
forecast_0896,2025-02-07 08:00:00,8906.57060501701,12260.522635000736,6515.867072584959
forecast_0897,2025-02-07 09:00:00,8019.0670859576,11603.186321473318,7549.641724501778
forecast_0898,2025-02-07 10:00:00,9640.106829262253,10034.882583294024,8988.275882372167
forecast_0899,2025-02-07 11:00:00,11212.896599015867,12897.70935765278,11903.896507557427
forecast_0900,2025-02-07 12:00:00,13674.286133466405,13464.134072119117,13797.584965819658
forecast_0901,2025-02-07 13:00:00,14202.709753672772,14844.627885845122,14112.03582777881
forecast_0902,2025-02-07 14:00:00,14550.627441927423,15016.62637910276,14184.124721204304
forecast_0903,2025-02-07 15:00:00,14406.870284331759,15309.384297670098,14335.689762966917
forecast_0904,2025-02-07 16:00:00,14682.057582818972,14487.27579460119,14181.10180898925
forecast_0905,2025-02-07 17:00:00,14264.123349703983,14295.209496293028,14221.01245695721
forecast_0906,2025-02-07 18:00:00,14303.218342270999,14288.404867760526,14288.777142898976
forecast_0907,2025-02-07 19:00:00,15106.739459025997,15311.476869902175,14331.380907383495
forecast_0908,2025-02-07 20:00:00,14801.177155197987,17679.98178030197,14420.820701184372
forecast_0909,2025-02-07 21:00:00,15699.500027116766,17639.79498802071,14872.913398373796
forecast_0910,2025-02-07 22:00:00,16910.502828693694,17970.28974421701,14971.256650158237
forecast_0911,2025-02-07 23:00:00,17805.97015425712,18452.625061199986,15798.267875746542
forecast_0912,2025-02-08 00:00:00,18323.19229921701,18638.69909821114,15717.474293365007
forecast_0913,2025-02-08 01:00:00,18495.49419022885,18166.177798773377,15661.927424967038
forecast_0914,2025-02-08 02:00:00,18658.334872225212,18382.608496010453,15820.304406503094
forecast_0915,2025-02-08 03:00:00,18317.63608169215,18644.71359170264,15934.034636652936
forecast_0916,2025-02-08 04:00:00,18488.9150053135,18689.914113840197,15629.619716640806
forecast_0917,2025-02-08 05:00:00,18852.114132956143,18687.437571725943,15384.83357878427
forecast_0918,2025-02-08 06:00:00,19180.053853880112,18495.252315250887,15063.184569197823
forecast_0919,2025-02-08 07:00:00,19090.254377828016,18005.783803785434,14837.92467260859
forecast_0920,2025-02-08 08:00:00,18807.835950150948,17946.039816710974,15259.842560379455
forecast_0921,2025-02-08 09:00:00,17600.21734343287,18804.22653826187,14254.8613688162
forecast_0922,2025-02-08 10:00:00,15604.744864730596,15330.8588983091,12407.338173114968
forecast_0923,2025-02-08 11:00:00,11187.588622496545,14066.822297866896,9712.472283818297
forecast_0924,2025-02-08 12:00:00,9477.83404890078,11425.382587594262,9364.197491927704
forecast_0925,2025-02-08 13:00:00,8007.395437594785,8891.775387484027,7808.609433317503
forecast_0926,2025-02-08 14:00:00,7166.663677970942,7821.363664505506,5157.560104965689
forecast_0927,2025-02-08 15:00:00,7024.471526469117,7617.822217889339,4402.704553243692
forecast_0928,2025-02-08 16:00:00,7370.2680643156,7186.20651556353,4153.433497910439
forecast_0929,2025-02-08 17:00:00,8141.2083555702775,7306.723633120913,5152.281271584963
forecast_0930,2025-02-08 18:00:00,9271.388229195853,10116.553815005182,8106.832502783991
forecast_0931,2025-02-08 19:00:00,11531.55119199342,13342.608781785453,11429.780336136431
forecast_0932,2025-02-08 20:00:00,14159.75077959222,15689.997409133754,13199.462353721023
forecast_0933,2025-02-08 21:00:00,16765.960387778476,16782.024125189193,15853.674687731651
forecast_0934,2025-02-08 22:00:00,17789.131258487512,18131.07613951546,15727.80453070181
forecast_0935,2025-02-08 23:00:00,18332.58100433504,18867.23742085567,15654.87159184544
forecast_0936,2025-02-09 00:00:00,18347.884136144137,19062.68802586774,16227.440259993327
forecast_0937,2025-02-09 01:00:00,18757.464242632406,19112.80773522406,17257.52639252052
forecast_0938,2025-02-09 02:00:00,18847.890020529398,19191.120751274306,18526.430785573226
forecast_0939,2025-02-09 03:00:00,18774.597448669956,19106.000774337557,18792.506908008916
forecast_0940,2025-02-09 04:00:00,18983.897522770047,18918.621629199617,19306.28772184101
forecast_0941,2025-02-09 05:00:00,19252.631270795388,18814.52849868453,18889.802191502193
forecast_0942,2025-02-09 06:00:00,19142.272691691476,18653.699431604524,19050.65930879966
forecast_0943,2025-02-09 07:00:00,19119.81788658144,19084.887684233556,18251.65139150404
forecast_0944,2025-02-09 08:00:00,18806.04505443898,19361.706618348195,17075.842900777054
forecast_0945,2025-02-09 09:00:00,17799.15635448542,18818.52502515872,16170.31832378281
forecast_0946,2025-02-09 10:00:00,15736.536161989809,16368.523298713513,12697.412084098083
forecast_0947,2025-02-09 11:00:00,12875.936677635262,14174.9542218794,12161.327777917402
forecast_0948,2025-02-09 12:00:00,11362.520674419833,11968.149962219071,8373.299212374313
forecast_0949,2025-02-09 13:00:00,10334.848169625328,11084.337804010733,7199.663530784559
forecast_0950,2025-02-09 14:00:00,9883.34180495775,10809.37604120842,7649.275363258073
forecast_0951,2025-02-09 15:00:00,10312.443829021506,10832.010802734192,8658.488815497982
forecast_0952,2025-02-09 16:00:00,10612.16697257048,10605.32014004755,9771.257283685976
forecast_0953,2025-02-09 17:00:00,12220.677836007997,13086.284842802603,11985.167046087678
forecast_0954,2025-02-09 18:00:00,13308.328487255616,13904.420203761547,13685.242549171619
forecast_0955,2025-02-09 19:00:00,13810.414007451793,15272.121854682508,13974.792925469568
forecast_0956,2025-02-09 20:00:00,14854.222298439588,15730.0736144278,15211.426060440232
forecast_0957,2025-02-09 21:00:00,14960.734964445053,16062.368322458477,15768.178714692855
forecast_0958,2025-02-09 22:00:00,16429.00168141151,17281.538016644547,15968.282358612734
forecast_0959,2025-02-09 23:00:00,16665.783328610167,17929.754169278378,16351.778889917172
forecast_0960,2025-02-10 00:00:00,16682.819207200373,19155.250334500462,16606.78266082497
forecast_0961,2025-02-10 01:00:00,17057.64451690246,19215.622960005185,16703.608088638168
forecast_0962,2025-02-10 02:00:00,17503.787107860855,19300.26513896744,16812.66079788261
forecast_0963,2025-02-10 03:00:00,17831.93464507777,19322.224197877054,17378.362217816397
forecast_0964,2025-02-10 04:00:00,18027.911295751423,19629.274245929293,17023.03062014681
forecast_0965,2025-02-10 05:00:00,17699.536361767892,19492.579063188205,17791.537359869082
forecast_0966,2025-02-10 06:00:00,17372.431859238008,19526.54621683863,17816.854911777184
forecast_0967,2025-02-10 07:00:00,17500.31367848877,19632.322576127895,17882.60370770029
forecast_0968,2025-02-10 08:00:00,17283.628596390692,19450.686280320093,17441.441658160256
forecast_0969,2025-02-10 09:00:00,16549.28969911804,19268.870342629332,18141.1327983677
forecast_0970,2025-02-10 10:00:00,15287.711371024776,19238.156242675897,17086.824532494946
forecast_0971,2025-02-10 11:00:00,15506.928003678797,17878.26018728739,15990.830784159387
forecast_0972,2025-02-10 12:00:00,14301.423384180045,16475.293890059915,14086.644489530256
forecast_0973,2025-02-10 13:00:00,13109.671373548184,15356.293192646679,13173.212518595998
forecast_0974,2025-02-10 14:00:00,12711.49780151305,13935.627616093552,11283.215884822184
forecast_0975,2025-02-10 15:00:00,12424.145450340611,13521.093264896766,11461.304876673516
forecast_0976,2025-02-10 16:00:00,12704.567874133658,14511.134883616527,11614.322793411464
forecast_0977,2025-02-10 17:00:00,12645.490956570426,13870.37216445462,10105.557789477065
forecast_0978,2025-02-10 18:00:00,12448.383253211201,13853.867448087747,10184.984278321903
forecast_0979,2025-02-10 19:00:00,12714.042893500815,14479.987099021842,10028.90391521387
forecast_0980,2025-02-10 20:00:00,11988.767597632042,14147.912751461172,9883.407298410808
forecast_0981,2025-02-10 21:00:00,11354.21020010349,13431.650671560226,9977.326269829768
forecast_0982,2025-02-10 22:00:00,10689.179981213812,13911.13542957142,10108.784805831132
forecast_0983,2025-02-10 23:00:00,10559.013629181327,13379.984257878928,10096.772724680442
forecast_0984,2025-02-11 00:00:00,10784.608444832153,13157.242090416636,10122.550284849907
forecast_0985,2025-02-11 01:00:00,11101.611059974384,13111.306017477435,10441.040733724305
forecast_0986,2025-02-11 02:00:00,11198.073347085885,12991.265370140429,9840.297222382422
forecast_0987,2025-02-11 03:00:00,11387.66942689483,13433.651285469245,9064.464310059037
forecast_0988,2025-02-11 04:00:00,11310.767549488513,13258.960765613545,9627.017449764946
forecast_0989,2025-02-11 05:00:00,11306.672051624491,12897.466975468977,8917.888623108225
forecast_0990,2025-02-11 06:00:00,11497.31632058096,12021.619723796815,8691.585312616644
forecast_0991,2025-02-11 07:00:00,12021.49591229059,11162.655252367129,8256.021636184007
forecast_0992,2025-02-11 08:00:00,11160.356500896505,9231.458585233375,7259.789880671317
forecast_0993,2025-02-11 09:00:00,11101.08717421281,7948.99532321126,5341.465772035297
forecast_0994,2025-02-11 10:00:00,7833.847102128527,5603.715510552049,3649.1857908888755
forecast_0995,2025-02-11 11:00:00,5456.278454484668,3684.4988924355216,2811.0363564230556
forecast_0996,2025-02-11 12:00:00,4076.0128343039314,3800.1788689441178,2684.1610207509025
forecast_0997,2025-02-11 13:00:00,3016.5998834456736,2267.9827136959843,2620.9538923069076
forecast_0998,2025-02-11 14:00:00,2357.1405175649506,1608.7868474445888,2079.3307772518156
forecast_0999,2025-02-11 15:00:00,2307.659422150064,1807.3692421060223,1378.004981114749
forecast_1000,2025-02-11 16:00:00,2766.851423858737,2580.4972906023263,1815.740327478507
forecast_1001,2025-02-11 17:00:00,4495.614700389966,4473.338368470807,1523.6765188377426
forecast_1002,2025-02-11 18:00:00,6816.4743346408995,5804.84485897382,4194.309325803064
forecast_1003,2025-02-11 19:00:00,9285.174423746626,8154.981181921967,5979.1207642334075
forecast_1004,2025-02-11 20:00:00,11639.810537863563,12092.387656211951,8441.527752957361
forecast_1005,2025-02-11 21:00:00,13832.762499629636,12548.809763474212,9281.221576448757
forecast_1006,2025-02-11 22:00:00,15098.099170984779,15030.568390236866,9204.463541401894
forecast_1007,2025-02-11 23:00:00,16723.52669211075,16739.733494167383,11533.508643588217
forecast_1008,2025-02-12 00:00:00,16910.61001612523,16972.132181251127,14241.59084950253
forecast_1009,2025-02-12 01:00:00,17571.77581520874,17493.9952386499,12727.75523747851
forecast_1010,2025-02-12 02:00:00,17858.21310870759,17048.721424491647,14002.736192653403
forecast_1011,2025-02-12 03:00:00,17921.20832174625,17105.225092249137,12716.157878648057
forecast_1012,2025-02-12 04:00:00,18306.366363723908,17337.094127201683,15509.986406567443
forecast_1013,2025-02-12 05:00:00,16897.317640926183,15885.192068646715,12684.612318109997
forecast_1014,2025-02-12 06:00:00,13522.911969155151,14540.820338915617,8856.846605151473
forecast_1015,2025-02-12 07:00:00,10273.855383833583,10998.589105421968,7308.112629359801
forecast_1016,2025-02-12 08:00:00,9695.446387535092,12780.925317529349,5677.713076261918
forecast_1017,2025-02-12 09:00:00,9083.812858146153,13458.246225234989,5608.8064260769
forecast_1018,2025-02-12 10:00:00,8546.11309444961,12378.242330830335,9450.32601607154
forecast_1019,2025-02-12 11:00:00,10086.98373915963,14153.043319034385,12176.362280869143
forecast_1020,2025-02-12 12:00:00,10474.906028664778,14428.70004890786,13378.360250866923
forecast_1021,2025-02-12 13:00:00,12165.594691714361,14771.375440299098,14394.355138115794
forecast_1022,2025-02-12 14:00:00,13348.378604633599,17048.45511032837,17733.009853351003
forecast_1023,2025-02-12 15:00:00,14841.839148267856,19020.465695600236,18642.021584863047
forecast_1024,2025-02-12 16:00:00,15851.791310668352,18906.313540715746,18675.463546659535
forecast_1025,2025-02-12 17:00:00,16940.3205113306,18665.353688939293,18620.815042594004
forecast_1026,2025-02-12 18:00:00,17426.06843588887,18489.895904577064,17867.82271386644
forecast_1027,2025-02-12 19:00:00,17527.61443209796,19105.841979824232,16013.641633084339
forecast_1028,2025-02-12 20:00:00,17412.559212639517,18078.53689186792,15972.526205696466
forecast_1029,2025-02-12 21:00:00,17059.163016304024,16943.56428997433,15503.979940321162
forecast_1030,2025-02-12 22:00:00,16451.610698802084,16605.08234347926,15546.152460020166
forecast_1031,2025-02-12 23:00:00,16363.338540013792,15904.251319724772,14589.53940560141
forecast_1032,2025-02-13 00:00:00,15599.142871855624,15394.50725408305,14163.162785170614
forecast_1033,2025-02-13 01:00:00,13360.526720905857,14797.067420055648,10670.143568036123
forecast_1034,2025-02-13 02:00:00,13629.588439235798,14775.479062366809,12278.992491455569
forecast_1035,2025-02-13 03:00:00,13387.502023855242,15287.408986771505,11600.059959633763
forecast_1036,2025-02-13 04:00:00,13242.067787970193,14379.518593709092,11707.236934827353
forecast_1037,2025-02-13 05:00:00,13484.44857829766,15200.161199529039,13208.110001424418
forecast_1038,2025-02-13 06:00:00,14020.012903117846,16221.992593524847,14411.554294511714
forecast_1039,2025-02-13 07:00:00,15025.968263747473,17225.989568810804,15608.11047339615
forecast_1040,2025-02-13 08:00:00,15028.375714346668,17752.54321758576,15776.805241506163
forecast_1041,2025-02-13 09:00:00,14840.322669668396,18856.12252556577,16035.651777256722
forecast_1042,2025-02-13 10:00:00,14413.26660828591,17430.206733928906,16094.044894519011
forecast_1043,2025-02-13 11:00:00,13853.835025448196,16196.494963802892,15667.950278866334
forecast_1044,2025-02-13 12:00:00,14027.577352695629,14673.849792240804,14180.735815177457
forecast_1045,2025-02-13 13:00:00,14447.256064733167,15888.663078219553,15261.070117145642
forecast_1046,2025-02-13 14:00:00,15225.872927243745,17616.322212688177,15527.734041892161
forecast_1047,2025-02-13 15:00:00,16295.09356590016,18006.045224664245,16745.863154345716
forecast_1048,2025-02-13 16:00:00,16128.628740268652,18773.878168038333,17470.083689877974
forecast_1049,2025-02-13 17:00:00,16392.8457042077,18783.66861058945,18047.168708632766
forecast_1050,2025-02-13 18:00:00,17044.62347204569,19438.134898489126,18994.548169452093
forecast_1051,2025-02-13 19:00:00,17082.30853109389,19831.983564335467,19081.671896742897
forecast_1052,2025-02-13 20:00:00,17522.61934351644,19814.245925099956,19041.674351148125
forecast_1053,2025-02-13 21:00:00,17702.942167737496,20277.666517540154,19125.375545736315
forecast_1054,2025-02-13 22:00:00,18035.80152468658,20209.16527119792,19126.970407811445
forecast_1055,2025-02-13 23:00:00,18007.00972544951,20110.09150716612,19004.14313708636
forecast_1056,2025-02-14 00:00:00,18263.865122857635,20267.288275884534,18784.87253205523
forecast_1057,2025-02-14 01:00:00,19079.317038547597,20330.37320259193,18789.343762350523
forecast_1058,2025-02-14 02:00:00,19351.037433124246,20351.883748332686,18940.110949692673
forecast_1059,2025-02-14 03:00:00,19125.06156696188,20323.83054360259,18754.44814573196
forecast_1060,2025-02-14 04:00:00,18588.31142141527,20439.096475049762,18482.057204852812
forecast_1061,2025-02-14 05:00:00,19672.880340422922,20514.619085406208,19008.129971917144
forecast_1062,2025-02-14 06:00:00,19991.837031461066,20582.174965670223,19035.07383187001
forecast_1063,2025-02-14 07:00:00,19958.753775286328,20359.480866620605,19041.88755583918
forecast_1064,2025-02-14 08:00:00,19587.64118217353,19660.53496358343,18348.08758840582
forecast_1065,2025-02-14 09:00:00,18648.32314263126,19154.406195222742,16011.42184685113
forecast_1066,2025-02-14 10:00:00,15443.459797718951,17991.3808335581,14956.885435068634
forecast_1067,2025-02-14 11:00:00,13332.69461080775,14934.621531048708,12386.350331749552
forecast_1068,2025-02-14 12:00:00,11010.705873152385,13005.974302357037,10022.471110680262
forecast_1069,2025-02-14 13:00:00,10114.204152148402,11525.355534453081,8986.029558442378
forecast_1070,2025-02-14 14:00:00,9267.751976873873,11610.59570897371,8940.629878956093
forecast_1071,2025-02-14 15:00:00,10119.26116590909,12444.749650447604,10996.231399974318
forecast_1072,2025-02-14 16:00:00,10501.245909728485,12214.304830737423,13025.228978973812
forecast_1073,2025-02-14 17:00:00,11606.06311818659,14669.542753242189,13600.849139342256
forecast_1074,2025-02-14 18:00:00,13689.29664530448,16110.48672627239,14672.073353555645
forecast_1075,2025-02-14 19:00:00,15977.951387419113,17004.251028310024,14959.95314000742
forecast_1076,2025-02-14 20:00:00,17123.872494475763,17762.88589034923,14656.17990442905
forecast_1077,2025-02-14 21:00:00,17581.216517953413,17714.715237227465,14891.935742662026
forecast_1078,2025-02-14 22:00:00,18250.680135152863,18268.466518305162,15558.565243328892
forecast_1079,2025-02-14 23:00:00,18419.647832474457,17582.74377789194,14939.99648369322
forecast_1080,2025-02-15 00:00:00,19187.22815927477,18099.755735774652,16256.266137347842
forecast_1081,2025-02-15 01:00:00,18903.97118572344,17979.75560010699,16592.731734981346
forecast_1082,2025-02-15 02:00:00,19170.302667622753,16713.672508594995,16720.469154653947
forecast_1083,2025-02-15 03:00:00,19758.12713121308,17797.879075625046,17174.90579937229
forecast_1084,2025-02-15 04:00:00,19946.227735605265,17408.001023574092,16141.188209295156
forecast_1085,2025-02-15 05:00:00,19809.469733255413,17847.5765860666,16756.55526376508
forecast_1086,2025-02-15 06:00:00,18916.90178464047,17529.885648135678,15398.975438702919
forecast_1087,2025-02-15 07:00:00,18008.479190503756,17091.543198935215,12944.123394659811
forecast_1088,2025-02-15 08:00:00,16863.112907519368,17736.310821542447,12901.192561744147
forecast_1089,2025-02-15 09:00:00,15702.76882889063,16915.789959419133,11117.003331417112
forecast_1090,2025-02-15 10:00:00,12519.265467393512,13933.779646430135,10108.298502598449
forecast_1091,2025-02-15 11:00:00,11537.109645488043,12974.600308807714,8051.9757475823135
forecast_1092,2025-02-15 12:00:00,10827.030088245494,12362.48879261332,6307.226539271718
forecast_1093,2025-02-15 13:00:00,10630.19337441068,13989.934383639324,10199.795992138019
forecast_1094,2025-02-15 14:00:00,11572.985218676655,13349.969155725903,12562.085732587248
forecast_1095,2025-02-15 15:00:00,13473.420972761483,15412.495478898485,14206.361363820935
forecast_1096,2025-02-15 16:00:00,15294.08726829511,15697.847069329431,14227.147023199457
forecast_1097,2025-02-15 17:00:00,15675.85640039,15059.947178615243,17536.475679824558
forecast_1098,2025-02-15 18:00:00,16182.973755320127,15635.228758166913,17777.496860278596
forecast_1099,2025-02-15 19:00:00,18817.736525482705,17482.976041081805,18029.14111430274
forecast_1100,2025-02-15 20:00:00,19501.805987392203,18781.376423508547,18288.669875900167
forecast_1101,2025-02-15 21:00:00,19532.611073846532,19435.35800617306,18088.644135614584
forecast_1102,2025-02-15 22:00:00,19527.242493244914,19455.73356059611,18163.348514911173
forecast_1103,2025-02-15 23:00:00,19725.97925784392,19319.995542594916,16928.96460441582
forecast_1104,2025-02-16 00:00:00,19483.871402668545,19425.619763030314,18512.14355015092
forecast_1105,2025-02-16 01:00:00,19635.971159196768,19691.178990495937,18085.324857301977
forecast_1106,2025-02-16 02:00:00,19616.13000246958,19622.389237714673,18096.3181219755
forecast_1107,2025-02-16 03:00:00,18723.150425400105,19590.504005853585,17030.916740006614
forecast_1108,2025-02-16 04:00:00,17923.872652737417,19660.029221537185,16445.20372297169
forecast_1109,2025-02-16 05:00:00,16805.3870368884,18850.651092690423,16053.263251232216
forecast_1110,2025-02-16 06:00:00,15673.244040910973,18707.555066553068,14450.296026243299
forecast_1111,2025-02-16 07:00:00,15517.293781006058,18348.286881806467,13501.740759130149
forecast_1112,2025-02-16 08:00:00,14109.081419887032,16973.234538605502,11001.191513068934
forecast_1113,2025-02-16 09:00:00,13272.23733969445,15951.773335003765,11139.703663520197
forecast_1114,2025-02-16 10:00:00,10162.08364311646,13805.155737010718,9234.782311021198
forecast_1115,2025-02-16 11:00:00,9291.471196814315,13157.204584841165,9193.908315024568
forecast_1116,2025-02-16 12:00:00,8966.158088464148,11876.280334353965,11118.634267247524
forecast_1117,2025-02-16 13:00:00,9940.700878118729,11667.225589334425,10946.47888121585
forecast_1118,2025-02-16 14:00:00,11246.230346595465,12807.456519187752,12538.168924904941
forecast_1119,2025-02-16 15:00:00,12693.546495187378,14777.623912803963,13364.529243401063
forecast_1120,2025-02-16 16:00:00,14839.633723949428,15735.483079376634,14038.884074015188
forecast_1121,2025-02-16 17:00:00,15718.958291166584,16771.30968571259,15382.815745682383
forecast_1122,2025-02-16 18:00:00,16634.876334663928,17716.308055730577,16664.21464314755
forecast_1123,2025-02-16 19:00:00,16190.752345361767,17562.696786593144,15862.386310754286
forecast_1124,2025-02-16 20:00:00,15942.166652422598,17513.158045212876,15702.525931369484
forecast_1125,2025-02-16 21:00:00,16664.29522059625,17768.08066853648,17552.44551079346
forecast_1126,2025-02-16 22:00:00,16749.410651884238,17359.087041530733,14440.197270864519
forecast_1127,2025-02-16 23:00:00,16562.515745588422,17187.54845466659,15011.61660266362
forecast_1128,2025-02-17 00:00:00,16124.507041603905,16335.384199005686,12723.157011308935
forecast_1129,2025-02-17 01:00:00,14821.454913544754,15954.24231482154,11086.079044839576
forecast_1130,2025-02-17 02:00:00,14292.956603773177,14300.269363894482,9770.394539674906
forecast_1131,2025-02-17 03:00:00,14071.228288075446,13660.479194875701,10618.73452965554
forecast_1132,2025-02-17 04:00:00,13477.75761744091,13028.463166496014,11730.625994086025
forecast_1133,2025-02-17 05:00:00,12883.69743013274,11774.005985079235,11358.12334867892
forecast_1134,2025-02-17 06:00:00,12420.387634746805,12702.762840818184,10803.604192233803
forecast_1135,2025-02-17 07:00:00,12722.42102521806,12735.8483937285,10117.365289786205
forecast_1136,2025-02-17 08:00:00,12889.905033756271,13178.275971086176,10049.551130871609
forecast_1137,2025-02-17 09:00:00,13185.930852681315,13600.969156587478,11397.620478352972
forecast_1138,2025-02-17 10:00:00,12930.558399889125,13513.802581274213,11262.639098828335
forecast_1139,2025-02-17 11:00:00,12976.044293863237,13224.748123563506,10692.888897843508
forecast_1140,2025-02-17 12:00:00,13106.562174035633,12580.637311647119,10707.235130793115
forecast_1141,2025-02-17 13:00:00,13248.235624008166,12735.842734312435,9898.72231205994
forecast_1142,2025-02-17 14:00:00,13056.503664151973,12711.286609621679,8638.769770048008
forecast_1143,2025-02-17 15:00:00,12372.73181828615,12354.965798184177,8008.832257827229
forecast_1144,2025-02-17 16:00:00,11091.350730846712,11725.002576027644,7540.060324996804
forecast_1145,2025-02-17 17:00:00,10389.098195423057,9863.46443951179,7376.394995229755
forecast_1146,2025-02-17 18:00:00,10093.810112436573,10249.842300723107,5658.53262831193
forecast_1147,2025-02-17 19:00:00,10002.744704020333,8922.608029260175,4994.964135636093
forecast_1148,2025-02-17 20:00:00,9744.135188625607,8630.608798945885,4564.781865297844
forecast_1149,2025-02-17 21:00:00,9447.695017942484,8452.60178231795,4685.253330971577
forecast_1150,2025-02-17 22:00:00,9339.933949828117,8838.9404937377,5105.036258730224
forecast_1151,2025-02-17 23:00:00,9594.677639338644,9907.686557275665,6640.682437267782
forecast_1152,2025-02-18 00:00:00,10118.290211236594,10672.22453957176,7249.330702289213
forecast_1153,2025-02-18 01:00:00,10104.727734671646,10779.107615950497,8314.895279254124
forecast_1154,2025-02-18 02:00:00,11272.97451715681,10949.809249307737,9931.262418800494
forecast_1155,2025-02-18 03:00:00,11719.730355661024,11970.235505071358,10632.566154800981
forecast_1156,2025-02-18 04:00:00,11764.971145482778,13039.900134594704,12167.084690601152
forecast_1157,2025-02-18 05:00:00,11654.754968990117,13370.446144781792,12919.041098209538
forecast_1158,2025-02-18 06:00:00,11914.49955428514,14091.277710313676,13572.919160629794
forecast_1159,2025-02-18 07:00:00,12161.975976696256,15015.210101415742,13495.005761999684
forecast_1160,2025-02-18 08:00:00,11401.962169147282,14786.829257744987,13338.21344842497
forecast_1161,2025-02-18 09:00:00,11321.852368385249,13517.852210049163,12057.443905185039
forecast_1162,2025-02-18 10:00:00,10742.529551448131,12223.549110217267,9582.979680577493
forecast_1163,2025-02-18 11:00:00,11925.816837213017,12857.16297948165,9997.879842606275
forecast_1164,2025-02-18 12:00:00,12734.52926712025,12217.617973865174,9986.474100656316
forecast_1165,2025-02-18 13:00:00,12932.984045976857,12583.414827295823,9801.094157435322
forecast_1166,2025-02-18 14:00:00,13046.47607024076,12861.752291831024,10142.618706485993
forecast_1167,2025-02-18 15:00:00,13111.298304598295,12720.48317621951,9105.426184962691
forecast_1168,2025-02-18 16:00:00,13034.621584627432,11375.714146262986,8184.609918929329
forecast_1169,2025-02-18 17:00:00,13138.406824203941,10648.775127304114,8379.066227366422
forecast_1170,2025-02-18 18:00:00,12370.616323697712,10881.837123889743,8779.59301407054
forecast_1171,2025-02-18 19:00:00,11659.015011523405,11593.362283463943,10822.656818757963
forecast_1172,2025-02-18 20:00:00,11133.581513086348,11969.916469076346,10251.827605757937
forecast_1173,2025-02-18 21:00:00,10620.150056950255,13115.68024864709,8298.708878712418
forecast_1174,2025-02-18 22:00:00,10448.338150644433,14171.244089155012,7286.606630920993
forecast_1175,2025-02-18 23:00:00,11070.818844988715,14855.49128253873,8973.909523276658
forecast_1176,2025-02-19 00:00:00,11497.046787421803,14383.311864362342,10995.457934125447
forecast_1177,2025-02-19 01:00:00,11940.246421327049,14261.546314325844,9323.60737356013
forecast_1178,2025-02-19 02:00:00,12585.58891520261,15254.850426835768,10700.389644134206
forecast_1179,2025-02-19 03:00:00,12541.676032649626,15644.91747686375,13542.83466575255
forecast_1180,2025-02-19 04:00:00,12539.539447400633,15602.034793340596,13639.939474947761
forecast_1181,2025-02-19 05:00:00,12294.425141028845,16132.038717156238,12926.148434778024
forecast_1182,2025-02-19 06:00:00,12238.72761417854,16357.138159334707,12384.185854558264
forecast_1183,2025-02-19 07:00:00,12326.768042370739,17186.374241606387,12888.03339919716
forecast_1184,2025-02-19 08:00:00,12234.08028997032,17109.13666056824,13061.765860405774
forecast_1185,2025-02-19 09:00:00,10816.07943222586,14666.064498780408,9582.15070695549
forecast_1186,2025-02-19 10:00:00,9762.535658405111,11282.213393344675,8120.606663489309
forecast_1187,2025-02-19 11:00:00,8354.701879471751,8574.257738047136,7773.508328429018
forecast_1188,2025-02-19 12:00:00,7505.661543830642,7425.675985057535,6775.307630819637
forecast_1189,2025-02-19 13:00:00,7086.349979757829,7362.421783622641,5192.673175959507
forecast_1190,2025-02-19 14:00:00,6993.025246129902,6838.805777968363,4762.7642911948205
forecast_1191,2025-02-19 15:00:00,6769.291956435833,6843.720567531926,4773.753509528768
forecast_1192,2025-02-19 16:00:00,6796.909570240197,6839.174374717522,4786.64534658148
forecast_1193,2025-02-19 17:00:00,6806.459802250462,6800.5723843126925,4784.6319901616125
forecast_1194,2025-02-19 18:00:00,6823.954026369744,6851.379265213351,4861.747222986633
forecast_1195,2025-02-19 19:00:00,6793.320838156251,7795.569696668502,5291.5882720074005
forecast_1196,2025-02-19 20:00:00,7171.69027169042,7605.374103079528,6689.9969538528
forecast_1197,2025-02-19 21:00:00,7682.940423876312,9362.347463418633,7027.467212525624
forecast_1198,2025-02-19 22:00:00,8796.182083137373,12554.966265636906,7010.834413629498
forecast_1199,2025-02-19 23:00:00,10082.695143781537,13434.623904831673,7375.216382451562
forecast_1200,2025-02-20 00:00:00,11205.376069563958,13837.729009998482,7981.539110138232
forecast_1201,2025-02-20 01:00:00,11273.873419604697,13850.256343660722,6992.944822280515
forecast_1202,2025-02-20 02:00:00,10018.956994439839,13636.981168397964,7594.9352450541455
forecast_1203,2025-02-20 03:00:00,10299.56725871643,13826.06917454282,8048.686942391178
forecast_1204,2025-02-20 04:00:00,10596.90811176537,13799.198369453346,9318.855524125218
forecast_1205,2025-02-20 05:00:00,10795.057975226355,14149.029295793895,11015.985620604813
forecast_1206,2025-02-20 06:00:00,11296.392116705307,14810.07424555033,13246.332443421206
forecast_1207,2025-02-20 07:00:00,13022.76625515772,15632.473212567606,14180.692070256406
forecast_1208,2025-02-20 08:00:00,13038.208937803778,16966.11931726162,13178.897672641897
forecast_1209,2025-02-20 09:00:00,12046.541718203498,16720.113444792172,9504.450677808258
forecast_1210,2025-02-20 10:00:00,10802.85668843563,14382.833209900253,8573.75103955064
forecast_1211,2025-02-20 11:00:00,10084.799907531848,11440.513554725894,8807.848086404487
forecast_1212,2025-02-20 12:00:00,9695.61930886351,10768.725485539075,9911.346493535533
forecast_1213,2025-02-20 13:00:00,9860.874894287972,10414.801280953665,8883.625598559069
forecast_1214,2025-02-20 14:00:00,10903.784790361431,10298.658742992626,8906.041310647595
forecast_1215,2025-02-20 15:00:00,10547.49272121648,10302.631516197996,8603.033535195045
forecast_1216,2025-02-20 16:00:00,10136.397142917569,9542.34005314298,7307.575010457031
forecast_1217,2025-02-20 17:00:00,9997.130949709872,10070.750190248687,6966.281201508316
forecast_1218,2025-02-20 18:00:00,10311.925113839572,10525.082920720606,8247.332652269553
forecast_1219,2025-02-20 19:00:00,10299.500724521084,10707.373186390641,8713.165324235788
forecast_1220,2025-02-20 20:00:00,10176.357621040812,11154.774308463482,10980.224795401997
forecast_1221,2025-02-20 21:00:00,8980.380613109266,11682.472586675507,8780.0084141282
forecast_1222,2025-02-20 22:00:00,9275.868128149295,13415.63212668771,8011.257471710987
forecast_1223,2025-02-20 23:00:00,9323.940138338057,14109.504272826554,7259.993763341755
forecast_1224,2025-02-21 00:00:00,9991.133598314536,14751.877715143075,7279.866635439826
forecast_1225,2025-02-21 01:00:00,10596.410099625899,14146.084631222771,7586.514950269409
forecast_1226,2025-02-21 02:00:00,11194.082040774336,14100.640966622852,8860.994468758365
forecast_1227,2025-02-21 03:00:00,10891.620193274948,13744.247494673773,9516.608975179139
forecast_1228,2025-02-21 04:00:00,11092.561825683875,13553.595835619775,9125.08156254257
forecast_1229,2025-02-21 05:00:00,10590.413150405784,13409.81519921355,8988.30405181923
forecast_1230,2025-02-21 06:00:00,11019.235401913325,13753.965083637424,8970.573092125853
forecast_1231,2025-02-21 07:00:00,11087.005999565372,14073.463047992784,8964.955403635588
forecast_1232,2025-02-21 08:00:00,11002.15369847807,14380.987562979328,8882.202253977166
forecast_1233,2025-02-21 09:00:00,9872.9563190058,12904.38845502609,7359.367787612262
forecast_1234,2025-02-21 10:00:00,7787.647538728874,10461.606130686538,5898.9216303337025
forecast_1235,2025-02-21 11:00:00,7357.8195297692555,8141.249676247581,5430.973365936008
forecast_1236,2025-02-21 12:00:00,7019.6929565377195,7505.832926048739,4950.434068813423
forecast_1237,2025-02-21 13:00:00,7017.463893527975,7060.627854339924,4797.93280069091
forecast_1238,2025-02-21 14:00:00,7437.6076267335375,6903.54658328308,4812.282705698436
forecast_1239,2025-02-21 15:00:00,8169.9586729324965,7178.958482227815,4803.343032028259
forecast_1240,2025-02-21 16:00:00,9194.366922105433,7719.466353336038,5242.042789930837
forecast_1241,2025-02-21 17:00:00,9610.509229774178,8455.542207527042,6755.824113793768
forecast_1242,2025-02-21 18:00:00,9824.263183562807,9512.73079418267,7630.666051322453
forecast_1243,2025-02-21 19:00:00,11004.922076295788,10138.253577381973,8416.788061543008
forecast_1244,2025-02-21 20:00:00,11293.94196041815,10154.683964966252,9493.329316440515
forecast_1245,2025-02-21 21:00:00,11650.845779816804,10672.856968924945,8899.545618541233
forecast_1246,2025-02-21 22:00:00,11379.455740582824,11112.472541294856,11199.406405588776
forecast_1247,2025-02-21 23:00:00,12031.834225809738,11512.10529122378,11442.78827981739
forecast_1248,2025-02-22 00:00:00,12456.520790046177,12234.928563299556,10986.894770331082
forecast_1249,2025-02-22 01:00:00,14341.085591046267,13136.70121907759,12994.09890206027
forecast_1250,2025-02-22 02:00:00,14726.826028663485,13369.111432000791,13432.89608577684
forecast_1251,2025-02-22 03:00:00,14698.666655300029,13647.372236616851,14444.023661515781
forecast_1252,2025-02-22 04:00:00,13868.580415383316,14050.547679960666,14720.986556771377
forecast_1253,2025-02-22 05:00:00,13169.007251332145,14712.443103982103,11534.115597113274
forecast_1254,2025-02-22 06:00:00,11165.774250930166,14016.621955396322,9143.156601493281
forecast_1255,2025-02-22 07:00:00,11272.436118644948,13056.129752980887,9485.347613922033
forecast_1256,2025-02-22 08:00:00,10942.84127840393,11694.305203613334,8568.961019296315
forecast_1257,2025-02-22 09:00:00,10054.348024627463,11678.952290594452,5278.510928017347
forecast_1258,2025-02-22 10:00:00,7717.115286563107,7771.164261163509,3172.5901001018474
forecast_1259,2025-02-22 11:00:00,6299.484658776573,5249.889211147395,2746.998908277505
forecast_1260,2025-02-22 12:00:00,5724.582942243509,4833.857659437339,3100.790047406836
forecast_1261,2025-02-22 13:00:00,6742.929508220344,6122.183554357218,4268.730843865956
forecast_1262,2025-02-22 14:00:00,6962.4272153086695,6878.21768990193,5426.660845621656
forecast_1263,2025-02-22 15:00:00,7762.210611805551,7839.691639259283,7445.136660399656
forecast_1264,2025-02-22 16:00:00,9192.138829729802,8284.86566099166,7590.685924320936
forecast_1265,2025-02-22 17:00:00,9890.638986727874,8434.007881728006,7654.004943536267
forecast_1266,2025-02-22 18:00:00,10624.586583757573,10069.97261526572,9570.102505811341
forecast_1267,2025-02-22 19:00:00,11723.589884086603,13635.530216372985,13620.564985651314
forecast_1268,2025-02-22 20:00:00,12582.67158741227,14026.830406904302,14817.895579171061
forecast_1269,2025-02-22 21:00:00,13411.91723205045,15281.379583320246,16232.24491318485
forecast_1270,2025-02-22 22:00:00,14110.073093729032,16631.87925614751,17291.58918957966
forecast_1271,2025-02-22 23:00:00,14953.69133709413,18337.441507097403,17391.282632774743
forecast_1272,2025-02-23 00:00:00,15227.52923629866,18423.026889969293,17496.45546241813
forecast_1273,2025-02-23 01:00:00,15100.555949770287,18695.934374023036,17779.978344901996
forecast_1274,2025-02-23 02:00:00,14252.511908551041,18354.74723111162,17729.008016169042
forecast_1275,2025-02-23 03:00:00,14898.762271072215,18107.264789943278,17855.030093561392
forecast_1276,2025-02-23 04:00:00,15059.519728093112,17379.992388633327,17597.91459014514
forecast_1277,2025-02-23 05:00:00,16784.347541723946,17399.022954280907,17453.394255045492
forecast_1278,2025-02-23 06:00:00,16765.53172134085,18018.71507253051,17970.365479957578
forecast_1279,2025-02-23 07:00:00,16856.029022670926,17778.52566788062,17438.173146363475
forecast_1280,2025-02-23 08:00:00,16657.744764590054,17708.41404930442,17295.61316533546
forecast_1281,2025-02-23 09:00:00,15538.670675834923,16884.349985558565,17376.900035655424
forecast_1282,2025-02-23 10:00:00,14439.146484856048,15513.43238895661,15175.228600667597
forecast_1283,2025-02-23 11:00:00,13799.218383265343,14562.17436026823,15140.358554478158
forecast_1284,2025-02-23 12:00:00,14040.094098651674,14440.45820722578,14643.235237398776
forecast_1285,2025-02-23 13:00:00,13573.313597228605,14252.58331437827,13131.552780743785
forecast_1286,2025-02-23 14:00:00,13542.443229743138,14081.243655216884,11875.27297725446
forecast_1287,2025-02-23 15:00:00,13311.739424574442,13097.62701001814,11092.594259319096
forecast_1288,2025-02-23 16:00:00,12962.514001428317,10928.321889627603,10098.679202669144
forecast_1289,2025-02-23 17:00:00,12543.330802670864,10384.888490037005,9069.965786709841
forecast_1290,2025-02-23 18:00:00,12733.544775965564,10443.817425890622,10095.389153665905
forecast_1291,2025-02-23 19:00:00,12477.376020594182,10830.585838306357,11609.513230416344
forecast_1292,2025-02-23 20:00:00,11577.178012489901,12041.338461400703,11886.230198542009
forecast_1293,2025-02-23 21:00:00,10954.109560029625,12681.97442360684,9213.84666002035
forecast_1294,2025-02-23 22:00:00,12996.609021739241,14590.522272424812,8953.605777867886
forecast_1295,2025-02-23 23:00:00,14198.579982420584,16122.531847112628,9411.864571619792
forecast_1296,2025-02-24 00:00:00,15257.561951669184,16607.778562168904,10981.766152322096
forecast_1297,2025-02-24 01:00:00,15655.961271591634,17512.46918905485,12885.574484110191
forecast_1298,2025-02-24 02:00:00,16697.420959340194,18810.61915781233,15120.786696447303
forecast_1299,2025-02-24 03:00:00,16189.710377876962,18200.63675813988,15956.43944456249
forecast_1300,2025-02-24 04:00:00,17055.221035780483,18416.230515292213,16132.10399000566
forecast_1301,2025-02-24 05:00:00,17335.963603475026,19033.912268923334,16098.251585577827
forecast_1302,2025-02-24 06:00:00,17185.301616356195,19003.61113057009,16536.85011500757
forecast_1303,2025-02-24 07:00:00,16388.166074418223,17667.313022570248,16156.016474626313
forecast_1304,2025-02-24 08:00:00,15674.896728599624,17466.953017828724,16196.879959253478
forecast_1305,2025-02-24 09:00:00,15098.817433788066,15925.641685872228,14576.575954802674
forecast_1306,2025-02-24 10:00:00,10776.264949182176,13244.499422452078,9925.476454733196
forecast_1307,2025-02-24 11:00:00,8438.467518745387,10936.159155070573,9360.938644431615
forecast_1308,2025-02-24 12:00:00,8673.258908884742,9317.888772161314,9285.711059439329
forecast_1309,2025-02-24 13:00:00,7776.037617685707,10124.909801861093,8027.679650340584
forecast_1310,2025-02-24 14:00:00,8453.38739920631,9283.614424000458,8468.983372708608
forecast_1311,2025-02-24 15:00:00,8695.402237103892,8946.799631948295,8048.571056515897
forecast_1312,2025-02-24 16:00:00,9716.344162334748,9669.888043736362,8202.43763928335
forecast_1313,2025-02-24 17:00:00,10381.256389558766,10946.212733962646,9531.175983793677
forecast_1314,2025-02-24 18:00:00,12613.270104099105,12907.63780412309,13817.390899952943
forecast_1315,2025-02-24 19:00:00,14213.363408458585,14735.862089357066,15048.135623964035
forecast_1316,2025-02-24 20:00:00,15869.878520457083,16075.095742748113,16474.54420617212
forecast_1317,2025-02-24 21:00:00,16353.760523344856,17476.06976023741,17171.408145110756
forecast_1318,2025-02-24 22:00:00,19275.243409635976,19541.877375894812,18285.185002892253
forecast_1319,2025-02-24 23:00:00,20217.218150484183,19940.359759447536,18612.175319860293
forecast_1320,2025-02-25 00:00:00,20665.173939502205,20270.396852672933,19073.30408139651
forecast_1321,2025-02-25 01:00:00,20671.8990753239,20498.06075258583,19494.551306570127
forecast_1322,2025-02-25 02:00:00,20341.928499656922,20563.91239610486,19667.505944412627
forecast_1323,2025-02-25 03:00:00,20564.557265556105,20775.517214080395,20011.383898972916
forecast_1324,2025-02-25 04:00:00,20296.003285087827,20692.683122800223,19764.822420963977
forecast_1325,2025-02-25 05:00:00,19839.250304513473,20781.961209472847,19759.156889990874
forecast_1326,2025-02-25 06:00:00,19464.53848978493,20766.43264831097,19826.379352956694
forecast_1327,2025-02-25 07:00:00,19635.23242658941,20830.058310906003,19880.448836686068
forecast_1328,2025-02-25 08:00:00,19745.135763880262,20725.040146303283,19932.9109114623
forecast_1329,2025-02-25 09:00:00,19742.35780488114,20678.933008769098,19764.86912539841
forecast_1330,2025-02-25 10:00:00,17304.907508673605,19842.904277146245,17992.0540103831
forecast_1331,2025-02-25 11:00:00,16667.944530047833,20115.99350831813,17727.63285566799
forecast_1332,2025-02-25 12:00:00,15732.538448417898,19489.032329994116,18011.510865731212
forecast_1333,2025-02-25 13:00:00,15157.07726429107,18791.0021957808,15581.61430732886
forecast_1334,2025-02-25 14:00:00,15298.001455393174,18146.39431138751,17863.85306547808
forecast_1335,2025-02-25 15:00:00,15802.446966857282,17960.62463044931,17207.549333017058
forecast_1336,2025-02-25 16:00:00,17139.56193979612,18829.613805851688,18608.75028851546
forecast_1337,2025-02-25 17:00:00,18193.253326029553,19384.233585760237,19218.138069653796
forecast_1338,2025-02-25 18:00:00,19949.76144337051,19964.40481841505,19662.495693535595
forecast_1339,2025-02-25 19:00:00,20295.73421766731,20089.66864820038,19383.928624664324
forecast_1340,2025-02-25 20:00:00,20480.35659133053,20091.92821502841,19378.755410488513
forecast_1341,2025-02-25 21:00:00,20515.068908627243,19972.796411874966,19139.289921779175
forecast_1342,2025-02-25 22:00:00,20530.554308464816,19596.181263505187,19189.67148076963
forecast_1343,2025-02-25 23:00:00,20486.368274174678,19692.80120116176,19106.02314359189
forecast_1344,2025-02-26 00:00:00,20374.381846893848,19310.9396993217,19240.057888672414
forecast_1345,2025-02-26 01:00:00,19973.20808004557,19174.3166132907,19192.31266494802
forecast_1346,2025-02-26 02:00:00,18579.1522536965,19269.856025087112,18916.715868647058
forecast_1347,2025-02-26 03:00:00,18030.904637458552,19164.16008563405,18901.48264124816
forecast_1348,2025-02-26 04:00:00,17967.203224647867,19312.412995153776,18636.286213096802
forecast_1349,2025-02-26 05:00:00,17675.358435080383,18991.415999149285,18539.332031478785
forecast_1350,2025-02-26 06:00:00,17398.09917209905,18985.60986040152,17478.829674269356
forecast_1351,2025-02-26 07:00:00,16615.16964596165,18986.49713330354,17979.247187226785
forecast_1352,2025-02-26 08:00:00,16113.890096525418,18317.025215417852,17445.15231747021
forecast_1353,2025-02-26 09:00:00,15313.458232302499,16929.267386726005,16745.157779581805
forecast_1354,2025-02-26 10:00:00,13258.374544800547,15324.583822917,14122.830038399761
forecast_1355,2025-02-26 11:00:00,12682.264589433526,14711.164723430798,12222.688931158136
forecast_1356,2025-02-26 12:00:00,12450.242998619415,13455.595509015653,10795.507408005706
forecast_1357,2025-02-26 13:00:00,12850.457143331641,13769.761210181872,11121.481232102733
forecast_1358,2025-02-26 14:00:00,12912.161579444368,14005.84117716928,10129.262478954692
forecast_1359,2025-02-26 15:00:00,12841.368733858802,14449.261988036276,10054.520039280964
forecast_1360,2025-02-26 16:00:00,12931.225121093521,14178.090071721203,11481.457172482906
forecast_1361,2025-02-26 17:00:00,13508.35591132369,14179.03115909459,11559.778105932342
forecast_1362,2025-02-26 18:00:00,14722.832286870442,14596.129327148097,15983.832317397857
forecast_1363,2025-02-26 19:00:00,15541.515689831454,16645.18569398777,17555.42747697136
forecast_1364,2025-02-26 20:00:00,16261.153852432719,19248.61189718782,17943.394770579132
forecast_1365,2025-02-26 21:00:00,17867.289309665997,19622.744037229266,18122.50084328137
forecast_1366,2025-02-26 22:00:00,17411.008632081095,19318.279287045356,19092.54680198525
forecast_1367,2025-02-26 23:00:00,16996.023366820635,19277.375015867692,19180.563213744575
forecast_1368,2025-02-27 00:00:00,18407.01036559486,19977.406024254415,19343.49168770787
forecast_1369,2025-02-27 01:00:00,19613.50724825613,20354.650942503078,19405.421410281448
forecast_1370,2025-02-27 02:00:00,19556.318993370027,20490.76295668045,19536.494485034953
forecast_1371,2025-02-27 03:00:00,19783.244728488506,20648.914825655258,19797.6779792586
forecast_1372,2025-02-27 04:00:00,19340.208581297193,20547.511024131418,19726.533086480038
forecast_1373,2025-02-27 05:00:00,19217.966282396577,20481.261648375184,19185.94447185158
forecast_1374,2025-02-27 06:00:00,19781.96310338872,20070.359156260372,18783.379672782405
forecast_1375,2025-02-27 07:00:00,19722.542349044186,19997.79493419578,19660.877101958617
forecast_1376,2025-02-27 08:00:00,19699.08654711609,19828.587740564253,18876.99196873877
forecast_1377,2025-02-27 09:00:00,18972.831870086015,19178.410807967648,16601.856314515044
forecast_1378,2025-02-27 10:00:00,15708.342332432585,17636.167137193253,16638.750763765845
forecast_1379,2025-02-27 11:00:00,13600.905968108802,16059.924092045785,15817.970991263512
forecast_1380,2025-02-27 12:00:00,12689.69462554329,14614.501785833534,14064.450354352884
forecast_1381,2025-02-27 13:00:00,11419.81602204339,13252.792946516605,12539.013336546906
forecast_1382,2025-02-27 14:00:00,10172.527444100293,11229.392339009693,8828.100263319957
forecast_1383,2025-02-27 15:00:00,9294.923423449058,10237.74274033004,8824.587229618093
forecast_1384,2025-02-27 16:00:00,10162.592720009414,9585.534556433562,8768.89815005503
forecast_1385,2025-02-27 17:00:00,10344.365019528945,9057.377353258718,6407.578054241209
forecast_1386,2025-02-27 18:00:00,11783.797062658,9810.8815060944,7835.230577835983
forecast_1387,2025-02-27 19:00:00,12896.679884196605,12446.957864915243,8890.357003893976
forecast_1388,2025-02-27 20:00:00,12491.352509043438,13860.192327387853,9379.666075263935
forecast_1389,2025-02-27 21:00:00,13094.126072091065,14312.97348882906,10331.21686046637
forecast_1390,2025-02-27 22:00:00,14918.570602591277,15882.839656414324,11232.640403509818
forecast_1391,2025-02-27 23:00:00,15565.284551312972,16548.086231720532,13322.18072974237
forecast_1392,2025-02-28 00:00:00,15172.515992507277,17318.99867584424,14356.233450131438
forecast_1393,2025-02-28 01:00:00,15071.200138609438,17758.65896166508,14435.112569934106
forecast_1394,2025-02-28 02:00:00,16093.859040192023,17341.00709760328,13840.473208504074
forecast_1395,2025-02-28 03:00:00,16338.127408913391,17355.27802812243,12211.382225190773
forecast_1396,2025-02-28 04:00:00,18035.709283777574,17817.563240024385,15250.926760423003
forecast_1397,2025-02-28 05:00:00,19064.280998655486,18681.15647883553,16958.919983513333
forecast_1398,2025-02-28 06:00:00,19302.272868672073,19168.41307288113,17808.964996962917
forecast_1399,2025-02-28 07:00:00,19241.319448999366,19422.853888154677,18771.15016036722
forecast_1400,2025-02-28 08:00:00,19092.232897828515,19550.505415828004,18771.291321860997
forecast_1401,2025-02-28 09:00:00,18090.17105526585,19282.151158373086,18610.8650035971
forecast_1402,2025-02-28 10:00:00,15548.212605165056,18901.73320307627,17190.799466634093
forecast_1403,2025-02-28 11:00:00,14319.312062614277,18123.942046635326,15408.093304319107
forecast_1404,2025-02-28 12:00:00,13932.402046695312,16434.203636076363,13530.802179635013
forecast_1405,2025-02-28 13:00:00,12997.234540337755,15933.335542580364,13276.581157780816
forecast_1406,2025-02-28 14:00:00,12066.07496824997,14977.817571035408,13133.788796387507
forecast_1407,2025-02-28 15:00:00,12929.58887499891,14366.162096305028,12858.418848699912
forecast_1408,2025-02-28 16:00:00,13336.233191947531,14907.56458463777,13541.128170109854
forecast_1409,2025-02-28 17:00:00,15040.245966055114,15592.40209036371,13666.487765028904
forecast_1410,2025-02-28 18:00:00,14951.261214007955,15991.541850468231,13967.714914724856
forecast_1411,2025-02-28 19:00:00,15896.259509014726,16760.102643936298,14593.048712368452
forecast_1412,2025-02-28 20:00:00,17735.906245206665,17197.80418078373,13157.949463126231
forecast_1413,2025-02-28 21:00:00,16651.73058582814,16073.171957021876,12453.847384356613
forecast_1414,2025-02-28 22:00:00,15687.262046375874,15705.611581951152,13516.107438552111
forecast_1415,2025-02-28 23:00:00,14199.67669247392,13031.41374856005,12968.577563120474
forecast_1416,2025-03-01 00:00:00,12769.135187378817,13145.818381471516,11259.715712422501
forecast_1417,2025-03-01 01:00:00,12843.37416631485,12484.208642572496,10954.509861547263
forecast_1418,2025-03-01 02:00:00,10831.15074281155,10693.654130888724,7684.725146687922
forecast_1419,2025-03-01 03:00:00,9075.792065987342,8359.35569115114,4776.432650393202
forecast_1420,2025-03-01 04:00:00,7184.077672313382,6490.982603014433,3173.08536720219
forecast_1421,2025-03-01 05:00:00,4662.74334693446,4262.86116385114,2103.2010908202046
forecast_1422,2025-03-01 06:00:00,3551.4520909644625,3922.3523649611025,1468.777521672831
forecast_1423,2025-03-01 07:00:00,2612.741193302297,2463.761725807845,1027.491446451692
forecast_1424,2025-03-01 08:00:00,2229.466382664051,1965.7907145513218,792.5574713111758
forecast_1425,2025-03-01 09:00:00,1685.3760362992034,1373.0703126257029,666.7034496614267
forecast_1426,2025-03-01 10:00:00,1411.459040511639,1213.821114009717,666.7034496614267
forecast_1427,2025-03-01 11:00:00,991.309547439079,1203.821612334597,910.794129296012
forecast_1428,2025-03-01 12:00:00,1260.188518807058,1531.1193890920024,1082.2369909586737
forecast_1429,2025-03-01 13:00:00,1868.7913202884422,1801.0281403060399,1251.6642150811722
forecast_1430,2025-03-01 14:00:00,2841.6675925291215,3274.915796360286,1351.2350022956878
forecast_1431,2025-03-01 15:00:00,3700.6160625197417,3746.9049390083615,2247.014008291945
forecast_1432,2025-03-01 16:00:00,4204.097225857705,4325.147345406879,2659.7469619255303
forecast_1433,2025-03-01 17:00:00,4151.1001000638635,5030.465248253369,2646.1546288111495
forecast_1434,2025-03-01 18:00:00,4395.017264660051,4769.825617498709,2242.5136313571898
forecast_1435,2025-03-01 19:00:00,4145.38810537498,4369.81236561692,2560.0438795306063
forecast_1436,2025-03-01 20:00:00,3636.621630831591,4500.767018488159,2553.324764569287
forecast_1437,2025-03-01 21:00:00,3062.174793328407,4043.690878363314,2043.442112360417
forecast_1438,2025-03-01 22:00:00,3102.759683016395,4215.894961265618,2711.5892279055693
forecast_1439,2025-03-01 23:00:00,2717.6554709269244,4088.0401448622893,2283.6383048838898
forecast_1440,2025-03-02 00:00:00,3573.526456939605,4337.197354987161,2126.280856196629
forecast_1441,2025-03-02 01:00:00,5046.3425136545275,4800.4718957080695,3910.8249161895924
forecast_1442,2025-03-02 02:00:00,6267.212858568299,5172.8857599713165,5223.869028959063
forecast_1443,2025-03-02 03:00:00,5202.438572605248,5259.817989708062,5482.230122802274
forecast_1444,2025-03-02 04:00:00,6720.074801323516,5297.842675208512,5532.032933911089
forecast_1445,2025-03-02 05:00:00,7082.508719468472,5136.174589293189,4561.922912835738
forecast_1446,2025-03-02 06:00:00,4687.603631323594,4634.871848489414,2769.7708545089167
forecast_1447,2025-03-02 07:00:00,3091.1209529180987,3188.5243153460756,2171.01662038524
forecast_1448,2025-03-02 08:00:00,3334.8706803597206,3427.704846610196,2106.0952413733876
forecast_1449,2025-03-02 09:00:00,3178.041166591932,3321.648099142526,2095.743194249022
forecast_1450,2025-03-02 10:00:00,3384.766086921719,3288.3318794985425,2945.980883801502
forecast_1451,2025-03-02 11:00:00,4230.205406300496,4884.680849425918,3817.1511391613312
forecast_1452,2025-03-02 12:00:00,6042.037712212193,6497.177959278403,4433.131753072319
forecast_1453,2025-03-02 13:00:00,7017.6323733004365,7406.506272378801,6621.372966734985
forecast_1454,2025-03-02 14:00:00,8302.959662004427,8898.138543078694,7984.439038376108
forecast_1455,2025-03-02 15:00:00,9465.524226011566,10118.927626765117,8156.3604731221085
forecast_1456,2025-03-02 16:00:00,9380.996953696642,11767.119365730478,9889.263489301102
forecast_1457,2025-03-02 17:00:00,10153.877092413011,12209.943528588388,10976.817499763254
forecast_1458,2025-03-02 18:00:00,11939.392551693625,13213.673957242903,13736.148492984745
forecast_1459,2025-03-02 19:00:00,13134.444434134657,15452.580272572774,14671.396636430107
forecast_1460,2025-03-02 20:00:00,14526.160573761177,17372.27540863066,14212.348722131166
forecast_1461,2025-03-02 21:00:00,14102.789992052756,17840.78904967376,14212.346626688286
forecast_1462,2025-03-02 22:00:00,15434.210832286859,18507.188298363017,16428.618505372415
forecast_1463,2025-03-02 23:00:00,14170.666516371833,18434.894269372347,16444.8477922071
forecast_1464,2025-03-03 00:00:00,14012.651675571202,18411.244164789947,15428.42587940148
forecast_1465,2025-03-03 01:00:00,15345.030435532162,18824.63325496369,17051.588833045316
forecast_1466,2025-03-03 02:00:00,15752.95212825279,18876.70100097592,17419.279707655274
forecast_1467,2025-03-03 03:00:00,14830.965194291839,18909.099710055707,17035.741378580267
forecast_1468,2025-03-03 04:00:00,14780.942523695132,18957.901048894506,16931.84121388265
forecast_1469,2025-03-03 05:00:00,15326.345996277523,18826.192987576665,17273.377409733588
forecast_1470,2025-03-03 06:00:00,15977.124711524031,19006.42298906272,17043.058338884424
forecast_1471,2025-03-03 07:00:00,16342.271525018343,18879.871260753225,16783.6191318619
forecast_1472,2025-03-03 08:00:00,16212.54319055764,18889.904196972162,16243.921120016481
forecast_1473,2025-03-03 09:00:00,15935.866973617789,18872.69935852129,16225.769039061935
forecast_1474,2025-03-03 10:00:00,15709.734663876206,18463.494112786066,16370.105547464831
forecast_1475,2025-03-03 11:00:00,15547.548144041055,18294.884052906848,16035.782566102955
forecast_1476,2025-03-03 12:00:00,15395.056866643898,18162.947058361617,16117.305530307
forecast_1477,2025-03-03 13:00:00,15046.433525817123,18126.245280800013,16640.195249422046
forecast_1478,2025-03-03 14:00:00,14623.557571710573,17462.967670228827,16668.82546493148
forecast_1479,2025-03-03 15:00:00,14598.88040775972,17442.650994745367,16701.79540864092
forecast_1480,2025-03-03 16:00:00,14445.397386892591,15795.08727127288,16104.239835992
forecast_1481,2025-03-03 17:00:00,14310.296384224555,13291.078829486825,14799.530991697911
forecast_1482,2025-03-03 18:00:00,13770.362510803086,13744.35264358083,14569.296292185469
forecast_1483,2025-03-03 19:00:00,13367.760165132902,14632.526176526004,14622.43183826358
forecast_1484,2025-03-03 20:00:00,13788.86284879303,15385.783419805888,14499.399072202137
forecast_1485,2025-03-03 21:00:00,14429.02944655616,16194.80096600467,14416.11852594206
forecast_1486,2025-03-03 22:00:00,14494.80736070083,16255.85254925473,14953.971521654914
forecast_1487,2025-03-03 23:00:00,14731.523184174202,16867.99992348612,16219.628289509297
forecast_1488,2025-03-04 00:00:00,15409.719651621806,18244.03451262132,16203.471612363142
forecast_1489,2025-03-04 01:00:00,15412.434087235011,18117.60749999713,15506.71276064227
forecast_1490,2025-03-04 02:00:00,15360.725528044786,18368.038212355994,15747.399358437604
forecast_1491,2025-03-04 03:00:00,15807.266844611158,18360.706709859296,16076.392517229813
forecast_1492,2025-03-04 04:00:00,15317.648515077486,18416.581267637,15908.359450003834
forecast_1493,2025-03-04 05:00:00,15353.888564442188,18450.677001158976,15836.674842685252
forecast_1494,2025-03-04 06:00:00,15660.60449899932,18835.90707758056,17846.824394796906
forecast_1495,2025-03-04 07:00:00,15777.737380876366,18824.928365456915,16905.091861474786
forecast_1496,2025-03-04 08:00:00,15995.095104966927,18788.17172822915,17620.061112007585
forecast_1497,2025-03-04 09:00:00,15963.885085811697,18743.645629779097,17651.881496758684
forecast_1498,2025-03-04 10:00:00,15914.24903979914,18693.555884767215,17027.52976331162
forecast_1499,2025-03-04 11:00:00,16176.07157982577,18640.552035521876,17735.238202995304
forecast_1500,2025-03-04 12:00:00,15986.135057584801,18610.657217472173,16799.10047658981
forecast_1501,2025-03-04 13:00:00,15189.043662049196,18756.65984654114,16859.636851136955
forecast_1502,2025-03-04 14:00:00,15673.345248804451,18815.61359511094,17061.698991650374
forecast_1503,2025-03-04 15:00:00,15309.596295901621,18855.408089819193,16664.05486116025
forecast_1504,2025-03-04 16:00:00,14141.407941373112,18846.588886053003,17003.23251798479
forecast_1505,2025-03-04 17:00:00,14352.798148004687,18634.008895170835,16600.514868853767
forecast_1506,2025-03-04 18:00:00,14338.138943596952,18222.48562617572,16070.478154471426
forecast_1507,2025-03-04 19:00:00,13393.006745522947,18410.074172976987,15879.721680508253
forecast_1508,2025-03-04 20:00:00,13642.938218171717,18327.36374764131,15336.133987748422
forecast_1509,2025-03-04 21:00:00,13966.061654695217,17931.6520722422,14467.727098982452
forecast_1510,2025-03-04 22:00:00,13289.952920490654,16176.929815733078,14417.746403805198
forecast_1511,2025-03-04 23:00:00,12213.722383379441,15184.128083953106,14215.449985760852
forecast_1512,2025-03-05 00:00:00,11331.580683654433,13902.940699200592,12405.095600115743
forecast_1513,2025-03-05 01:00:00,9372.1670940517,10817.836892405463,11980.966022196404
forecast_1514,2025-03-05 02:00:00,8901.37719351698,10120.174391375096,9805.710099442233
forecast_1515,2025-03-05 03:00:00,8184.874182869689,10155.373923294746,8241.03726397803
forecast_1516,2025-03-05 04:00:00,7072.9789157960895,8526.59006438949,7488.979672436899
forecast_1517,2025-03-05 05:00:00,6545.895553980977,8650.883641469369,6507.121857675597
forecast_1518,2025-03-05 06:00:00,6512.708014087335,8574.583115412615,6650.465038400931
forecast_1519,2025-03-05 07:00:00,6175.84636232677,8505.63332282847,6349.549811925609
forecast_1520,2025-03-05 08:00:00,6197.3639408248355,7576.689167658691,6304.008059296465
forecast_1521,2025-03-05 09:00:00,6135.994674026416,6897.161031165897,5869.167886315636
forecast_1522,2025-03-05 10:00:00,4200.66301876752,4712.513004167684,3924.618524091923
forecast_1523,2025-03-05 11:00:00,3194.892225930665,3195.8517282163266,2488.045389931673
forecast_1524,2025-03-05 12:00:00,2648.3563275482056,3038.7349693522624,2173.505481230857
forecast_1525,2025-03-05 13:00:00,2000.9607767057219,2366.0894652813777,2705.072201420686
forecast_1526,2025-03-05 14:00:00,1932.141612525997,2324.8505433536648,2351.3381298034355
forecast_1527,2025-03-05 15:00:00,1548.6570392877697,1507.8610841399625,1565.8202548458692
forecast_1528,2025-03-05 16:00:00,1384.8195435179239,1327.2673686759335,1216.7775832852053
forecast_1529,2025-03-05 17:00:00,1316.719664619985,1319.882380874203,1032.5106742175483
forecast_1530,2025-03-05 18:00:00,1375.0807425697558,1209.0089733164994,985.6325312454107
forecast_1531,2025-03-05 19:00:00,1307.4331098981852,1236.4083387613205,864.6827581507534
forecast_1532,2025-03-05 20:00:00,1277.411980079582,1278.8574211702012,787.9714267135199
forecast_1533,2025-03-05 21:00:00,2031.7213831617325,1571.9909719168577,827.1262521315
forecast_1534,2025-03-05 22:00:00,2259.1542307381515,1594.3762615408102,787.9714267135199
forecast_1535,2025-03-05 23:00:00,2279.131099186325,1463.613622785294,740.820559259769
forecast_1536,2025-03-06 00:00:00,2133.098055407004,1517.7912997912342,666.7034496614267
forecast_1537,2025-03-06 01:00:00,1620.338450051502,1703.3847180848595,661.9602651746998
forecast_1538,2025-03-06 02:00:00,1408.2875630622468,1686.0589397758572,661.9602651746998
forecast_1539,2025-03-06 03:00:00,1199.5361647374048,1552.3365955403456,661.9602651746998
forecast_1540,2025-03-06 04:00:00,1128.1989237855455,1362.908836988498,661.9602651746998
forecast_1541,2025-03-06 05:00:00,1095.5703103089452,1485.723054717047,659.4683576922671
forecast_1542,2025-03-06 06:00:00,1107.228538493756,1659.564853502925,661.9602651746998
forecast_1543,2025-03-06 07:00:00,870.9046934718417,999.23025687051,657.7327777056947
forecast_1544,2025-03-06 08:00:00,690.7482183071324,750.6347740130153,657.7327777056947
forecast_1545,2025-03-06 09:00:00,294.70580630004235,437.93355558345104,657.7327777056947
forecast_1546,2025-03-06 10:00:00,250.41932458835927,294.1218919152002,657.7327777056947
forecast_1547,2025-03-06 11:00:00,254.18918597598145,294.03506252570804,657.7327777056947
forecast_1548,2025-03-06 12:00:00,260.0197302921102,312.45546262542956,657.7327777056947
forecast_1549,2025-03-06 13:00:00,250.41932458835927,316.2175807109027,657.7327777056947
forecast_1550,2025-03-06 14:00:00,269.9516168473166,320.3956509004488,661.9602651746998
forecast_1551,2025-03-06 15:00:00,269.9516168473166,335.9753090844485,661.9602651746998
forecast_1552,2025-03-06 16:00:00,264.78265302329936,314.29263646863217,661.9602651746998
forecast_1553,2025-03-06 17:00:00,272.807273433665,333.7527592717971,659.4683576922671
forecast_1554,2025-03-06 18:00:00,285.3209826979718,345.1847220137973,659.4683576922671
forecast_1555,2025-03-06 19:00:00,418.72973127195456,367.5445625872613,659.4683576922671
forecast_1556,2025-03-06 20:00:00,611.1168283811327,608.3448240046924,661.9602651746998
forecast_1557,2025-03-06 21:00:00,766.035715447783,655.3796976583199,659.4683576922671
forecast_1558,2025-03-06 22:00:00,948.2463298929633,787.5591905871455,661.9602651746998
forecast_1559,2025-03-06 23:00:00,1039.4956372529173,861.4176937674667,657.7327777056947
forecast_1560,2025-03-07 00:00:00,882.7904719699703,525.6962305910031,657.7327777056947
forecast_1561,2025-03-07 01:00:00,713.4595596635015,436.4074228074918,657.7327777056947
forecast_1562,2025-03-07 02:00:00,845.0969474985719,351.756661810103,660.2246851881275
forecast_1563,2025-03-07 03:00:00,725.5737973079588,402.540956193276,657.7327777056947
forecast_1564,2025-03-07 04:00:00,597.7796070714996,346.72257505819005,657.7327777056947
forecast_1565,2025-03-07 05:00:00,745.5281316223542,375.02389042786393,657.7327777056947
forecast_1566,2025-03-07 06:00:00,773.5800427738228,411.0238974233034,657.7327777056947
forecast_1567,2025-03-07 07:00:00,702.5976386457909,393.75126549184716,657.7327777056947
forecast_1568,2025-03-07 08:00:00,725.4614874565192,337.88256135398376,657.7327777056947
forecast_1569,2025-03-07 09:00:00,335.79582220341365,327.4442451069971,657.7327777056947
forecast_1570,2025-03-07 10:00:00,272.87005581200845,306.7526012621567,657.7327777056947
forecast_1571,2025-03-07 11:00:00,260.0197302921102,296.596768735974,657.7327777056947
forecast_1572,2025-03-07 12:00:00,254.18918597598145,296.53715885022666,657.7327777056947
forecast_1573,2025-03-07 13:00:00,253.0321259631641,296.37907316462713,657.7327777056947
forecast_1574,2025-03-07 14:00:00,253.0321259631641,298.12868725436874,657.7327777056947
forecast_1575,2025-03-07 15:00:00,253.0321259631641,298.07399854313934,657.7327777056947
forecast_1576,2025-03-07 16:00:00,254.18918597598145,298.07399854313934,657.7327777056947
forecast_1577,2025-03-07 17:00:00,248.76828409971085,342.6340396257332,657.7327777056947
forecast_1578,2025-03-07 18:00:00,389.3359835802563,504.04844699505855,660.2246851881275
forecast_1579,2025-03-07 19:00:00,719.9851705798005,1081.594069933605,661.9602651746998
forecast_1580,2025-03-07 20:00:00,900.8753940968029,1343.814289891016,661.9602651746998
forecast_1581,2025-03-07 21:00:00,974.4767700861388,1562.6633703964092,666.7034496614267
forecast_1582,2025-03-07 22:00:00,1256.502150006952,2164.5684200545606,864.6827581507534
forecast_1583,2025-03-07 23:00:00,2466.933637207202,3795.2461626085264,1135.4432404094277
forecast_1584,2025-03-08 00:00:00,3174.1144837377806,4158.392264347947,1840.0682047337257
forecast_1585,2025-03-08 01:00:00,4082.274175707493,5016.474919374847,3106.1036853183614
forecast_1586,2025-03-08 02:00:00,4842.346712375679,6532.426619815693,3960.2372733874195
forecast_1587,2025-03-08 03:00:00,5938.556877888664,7767.064230052856,5074.331693257744
forecast_1588,2025-03-08 04:00:00,6818.879454680476,7778.811415736882,5094.395996759552
forecast_1589,2025-03-08 05:00:00,7103.988238242493,8204.596337602701,5581.481229484141
forecast_1590,2025-03-08 06:00:00,7143.297265361158,9170.95229785088,5543.206280654575
forecast_1591,2025-03-08 07:00:00,7189.56487218408,9866.70758133046,5359.0401351987
forecast_1592,2025-03-08 08:00:00,7042.220747648472,9927.945738293438,4535.529655266604
forecast_1593,2025-03-08 09:00:00,6160.9701741881345,8228.605061325396,4666.432008105068
forecast_1594,2025-03-08 10:00:00,5039.2088768834565,7388.267242190572,5254.8142604415
forecast_1595,2025-03-08 11:00:00,5899.402172353826,7364.799179397186,6976.860536701201
forecast_1596,2025-03-08 12:00:00,6075.45490538929,7222.643098158835,6296.533329943048
forecast_1597,2025-03-08 13:00:00,6071.197555407771,7292.97677342138,6307.676190013588
forecast_1598,2025-03-08 14:00:00,6880.25301265716,7913.388753968931,6916.456126994541
forecast_1599,2025-03-08 15:00:00,7578.3215277701875,8757.985757979524,7014.585102202755
forecast_1600,2025-03-08 16:00:00,8540.501202322479,9252.676666713898,7295.228610346758
forecast_1601,2025-03-08 17:00:00,9943.364982334304,9041.343732342943,7031.5390227633525
forecast_1602,2025-03-08 18:00:00,11386.060296845488,9653.943845820017,7338.261327495519
forecast_1603,2025-03-08 19:00:00,11571.175664084607,12347.822230661095,9116.872598001284
forecast_1604,2025-03-08 20:00:00,11347.663444964928,13546.92768098693,9755.431268847267
forecast_1605,2025-03-08 21:00:00,11448.407119236788,13475.364801760132,9467.530126874179
forecast_1606,2025-03-08 22:00:00,11539.419030570018,13784.293099890376,9292.64949406047
forecast_1607,2025-03-08 23:00:00,11648.071255505889,13895.97865300075,9786.337123217305
forecast_1608,2025-03-09 00:00:00,11998.122197127683,12915.087772203507,9379.926247443287
forecast_1609,2025-03-09 01:00:00,11578.280338815683,13624.5655837764,9299.02548133661
forecast_1610,2025-03-09 02:00:00,9759.015041438823,11374.965144083346,9400.252414329389
forecast_1611,2025-03-09 03:00:00,9256.838044144666,10018.449553184471,8388.611260072066
forecast_1612,2025-03-09 04:00:00,7910.26168274878,8979.323064900524,7272.623749338347
forecast_1613,2025-03-09 05:00:00,6994.358785535817,6525.216399946988,5006.867672209008
forecast_1614,2025-03-09 06:00:00,5625.511219169408,4598.122332683841,3684.670837302966
forecast_1615,2025-03-09 07:00:00,5083.38702249844,3846.5156118958294,3049.322616601462
forecast_1616,2025-03-09 08:00:00,3407.907524260592,1697.1271684305,1204.6068883171108
forecast_1617,2025-03-09 09:00:00,1370.0940413787757,666.5437428243505,664.2115421789939
forecast_1618,2025-03-09 10:00:00,654.8860436261018,354.5904513052363,657.7327777056947
forecast_1619,2025-03-09 11:00:00,253.0321259631641,296.3243844533978,657.7327777056947
forecast_1620,2025-03-09 12:00:00,253.0321259631641,296.2647745676504,657.7327777056947
forecast_1621,2025-03-09 13:00:00,253.0321259631641,296.37907316462713,657.7327777056947
forecast_1622,2025-03-09 14:00:00,253.0321259631641,296.37907316462713,657.7327777056947
forecast_1623,2025-03-09 15:00:00,253.0321259631641,293.679769810818,657.7327777056947
forecast_1624,2025-03-09 16:00:00,254.18918597598145,293.679769810818,657.7327777056947
forecast_1625,2025-03-09 17:00:00,254.18918597598145,296.37907316462713,657.7327777056947
forecast_1626,2025-03-09 18:00:00,268.5836372854978,313.5853361313937,657.7327777056947
forecast_1627,2025-03-09 19:00:00,271.6781697246423,352.97684843422013,657.7327777056947
forecast_1628,2025-03-09 20:00:00,355.9152373464109,414.8568389569358,666.7034496614267
forecast_1629,2025-03-09 21:00:00,1045.364459647094,1031.902462433905,935.0378934663743
forecast_1630,2025-03-09 22:00:00,2344.4286527553513,2402.8877767503154,2771.023118164503
forecast_1631,2025-03-09 23:00:00,3820.008738256721,4080.9949978700342,3406.8640773715438
forecast_1632,2025-03-10 00:00:00,5174.9969986725255,4236.05425526477,4207.832346801452
forecast_1633,2025-03-10 01:00:00,7166.383569288108,6424.975611812164,5740.747003807139
forecast_1634,2025-03-10 02:00:00,7468.99444769346,7625.871141246648,7555.549106191238
forecast_1635,2025-03-10 03:00:00,7638.583785531492,8222.071219301984,6495.890682450395
forecast_1636,2025-03-10 04:00:00,7897.543804655851,8254.320557430026,6375.609219964344
forecast_1637,2025-03-10 05:00:00,7573.515804738711,7849.766877748212,5603.8584639514565
forecast_1638,2025-03-10 06:00:00,7633.542056361062,7661.502401241372,5712.269670490535
forecast_1639,2025-03-10 07:00:00,7429.067118557071,7921.610331671558,6927.623076550141
forecast_1640,2025-03-10 08:00:00,7567.9199101983995,7645.793492491687,5823.901181560115
forecast_1641,2025-03-10 09:00:00,7297.830175303543,7638.410283694769,4979.36061438777
forecast_1642,2025-03-10 10:00:00,4390.576859674596,5810.106107468443,3003.4821659330546
forecast_1643,2025-03-10 11:00:00,4047.1991016525863,3932.649363481568,2228.7701247407563
forecast_1644,2025-03-10 12:00:00,3647.934535554992,3533.443375166769,2113.4314147645555
forecast_1645,2025-03-10 13:00:00,3619.412152197906,4403.762367841877,1932.2774691807474
forecast_1646,2025-03-10 14:00:00,5296.518245342959,5132.639473735484,2074.957910130038
forecast_1647,2025-03-10 15:00:00,6074.058057951463,6279.461442419843,2464.0082062121846
forecast_1648,2025-03-10 16:00:00,6783.648136710881,6753.681211933556,3281.7373858871847
forecast_1649,2025-03-10 17:00:00,6974.795340832976,7964.681586430685,4614.101383141339
forecast_1650,2025-03-10 18:00:00,8140.3838076210395,9521.604504584608,5336.819286496719
forecast_1651,2025-03-10 19:00:00,9842.632781350698,10580.528672768536,7261.559691253902
forecast_1652,2025-03-10 20:00:00,10148.268639287078,12299.465688781202,9084.700360468694
forecast_1653,2025-03-10 21:00:00,12147.789616079748,15056.333123104536,11875.822266815081
forecast_1654,2025-03-10 22:00:00,14384.84889698723,17341.326728262524,14868.586735470695
forecast_1655,2025-03-10 23:00:00,15160.807699977324,18433.025518447852,16656.2442287063
forecast_1656,2025-03-11 00:00:00,17527.738721246984,18065.19195513401,17091.224838375972
forecast_1657,2025-03-11 01:00:00,18642.3074109008,18843.872798373046,17165.774089144306
forecast_1658,2025-03-11 02:00:00,19084.734888547413,19444.790977827673,16966.86802677536
forecast_1659,2025-03-11 03:00:00,18919.494453436364,19702.379989157853,16644.028413693606
forecast_1660,2025-03-11 04:00:00,18981.904607559358,19499.18994325854,15884.508659809959
forecast_1661,2025-03-11 05:00:00,18668.222436689524,18837.796927924424,15185.776518019935
forecast_1662,2025-03-11 06:00:00,16965.96662035273,16661.77519577959,13040.15605513737
forecast_1663,2025-03-11 07:00:00,15031.894502990142,15440.86451004477,9943.693146406871
forecast_1664,2025-03-11 08:00:00,10881.030090952327,10607.737029377702,8138.816683217827
forecast_1665,2025-03-11 09:00:00,6901.633267774858,6481.944082830503,5365.7807477789365
forecast_1666,2025-03-11 10:00:00,4466.267297668974,4215.064468886087,2919.56548556339
forecast_1667,2025-03-11 11:00:00,2876.0958680309727,2062.9859134566896,1263.809599836302
forecast_1668,2025-03-11 12:00:00,1658.731590293759,1292.9509844827485,1227.7107849295953
forecast_1669,2025-03-11 13:00:00,1117.6720122147433,947.8502831516953,1134.3090987736664
forecast_1670,2025-03-11 14:00:00,1095.3338578081357,962.821777438008,1042.5994060743121
forecast_1671,2025-03-11 15:00:00,1103.8654094268695,1089.5100155213465,1190.0627769683065
forecast_1672,2025-03-11 16:00:00,1633.350729074559,1388.0522779058251,1234.5608271187398
forecast_1673,2025-03-11 17:00:00,2068.164073596656,1775.4885426230921,1309.703719833025
forecast_1674,2025-03-11 18:00:00,3944.2917942692475,4455.628652577968,3299.047372697816
forecast_1675,2025-03-11 19:00:00,6701.76552986945,7921.5464910313185,6667.867055039767
forecast_1676,2025-03-11 20:00:00,8987.055172241746,11049.746693718578,8831.19710335573
forecast_1677,2025-03-11 21:00:00,11826.318260786758,13439.980556303903,10749.648203088742
forecast_1678,2025-03-11 22:00:00,13143.731726084541,15225.065661923752,11514.878672120076
forecast_1679,2025-03-11 23:00:00,14582.125519209392,14830.718452921985,13523.137981979444
forecast_1680,2025-03-12 00:00:00,17387.766833096997,16478.625585765596,14442.724934021104
forecast_1681,2025-03-12 01:00:00,17205.118038979792,17345.816085508508,16614.31707428062
forecast_1682,2025-03-12 02:00:00,16841.88056368036,17178.346646056554,15326.58278805938
forecast_1683,2025-03-12 03:00:00,15166.420835183057,15801.623213616569,14860.719273723336
forecast_1684,2025-03-12 04:00:00,15421.185571492804,17063.042724402567,15355.089245320443
forecast_1685,2025-03-12 05:00:00,17672.94797921586,17271.359760993044,15432.692778492696
forecast_1686,2025-03-12 06:00:00,17222.508628196076,17708.804398543383,14932.845054287749
forecast_1687,2025-03-12 07:00:00,18468.496657739102,18894.746248227522,16798.636344854134
forecast_1688,2025-03-12 08:00:00,18618.864550720242,19573.385029796547,17931.39031686914
forecast_1689,2025-03-12 09:00:00,18398.831684905155,19607.252439087017,18425.83631958088
forecast_1690,2025-03-12 10:00:00,17607.931205265013,19617.59871519733,18189.769670578164
forecast_1691,2025-03-12 11:00:00,16592.843912237615,18643.564174561998,16761.23648889826
forecast_1692,2025-03-12 12:00:00,17846.438861059734,17930.501578225943,16906.576395620777
forecast_1693,2025-03-12 13:00:00,18163.06224157505,18686.420815676418,17290.74722394607
forecast_1694,2025-03-12 14:00:00,18309.865097481674,18453.758618768887,17659.239720935435
forecast_1695,2025-03-12 15:00:00,18140.555341830623,18876.90950856392,18567.531884470205
forecast_1696,2025-03-12 16:00:00,17731.183471770422,19055.266779172012,18911.75666645752
forecast_1697,2025-03-12 17:00:00,17676.82066454867,18889.40765216153,18593.55575089898
forecast_1698,2025-03-12 18:00:00,17587.128077105634,18849.409678099,18452.292756800834
forecast_1699,2025-03-12 19:00:00,16624.510748120425,17541.71408273407,17500.423415751382
forecast_1700,2025-03-12 20:00:00,15509.542466668901,17412.079365681224,15435.965619153354
forecast_1701,2025-03-12 21:00:00,14907.905890407268,16172.82397612294,16097.09261623055
forecast_1702,2025-03-12 22:00:00,14833.474513893383,15061.809477341789,13295.399967895835
forecast_1703,2025-03-12 23:00:00,13643.323229682075,14278.009634528333,13587.487129910343
forecast_1704,2025-03-13 00:00:00,13373.876469594117,13980.939952914341,14053.99675580482
forecast_1705,2025-03-13 01:00:00,13844.912352380943,14598.131777325927,11059.436693515177
forecast_1706,2025-03-13 02:00:00,14187.810229695859,14820.628822946033,12835.870827272622
forecast_1707,2025-03-13 03:00:00,14331.808200451018,14228.200638016953,11235.102954634174
forecast_1708,2025-03-13 04:00:00,13525.704495847956,13027.200866602687,9646.717912851562
forecast_1709,2025-03-13 05:00:00,12373.760700927663,12224.52645244383,9315.680729333857
forecast_1710,2025-03-13 06:00:00,11154.850505644314,12540.773079414363,10053.021420863031
forecast_1711,2025-03-13 07:00:00,10731.120760162543,13573.825219697601,10325.123685818568
forecast_1712,2025-03-13 08:00:00,10414.167280134916,11993.909481064216,7591.966665425518
forecast_1713,2025-03-13 09:00:00,9927.049560516514,8896.482160853542,5558.875123922252
forecast_1714,2025-03-13 10:00:00,8434.329189033513,7405.114151137384,4395.693406511323
forecast_1715,2025-03-13 11:00:00,7267.4881401957055,5758.73418387111,3775.0383658584396
forecast_1716,2025-03-13 12:00:00,6207.205047693491,3505.55849577089,3201.79369647604
forecast_1717,2025-03-13 13:00:00,3947.8708579970516,3023.1132416075934,2557.1686870847316
forecast_1718,2025-03-13 14:00:00,3015.3823631125806,1644.4748867214998,2114.627498761444
forecast_1719,2025-03-13 15:00:00,2129.994132217907,1392.1746506894494,1272.8619170776644
forecast_1720,2025-03-13 16:00:00,1856.8460349332497,1182.3501011763387,1214.1184518152145
forecast_1721,2025-03-13 17:00:00,1190.1004380974616,909.9516414549205,1120.7167656592853
forecast_1722,2025-03-13 18:00:00,1600.959725564851,1010.5655358071326,1134.3090987736664
forecast_1723,2025-03-13 19:00:00,2458.6197389265485,2061.523885272812,1245.8469033933948
forecast_1724,2025-03-13 20:00:00,3532.966715229785,4061.893299363357,1605.1457723043038
forecast_1725,2025-03-13 21:00:00,4478.610048750921,4196.574133813288,2335.710412098184
forecast_1726,2025-03-13 22:00:00,6052.545212825811,4033.650386519096,3832.8251133008175
forecast_1727,2025-03-13 23:00:00,6162.189273090114,4102.434570388777,3922.4670533767303
forecast_1728,2025-03-14 00:00:00,5313.489286034013,4100.726331147774,3327.16436540357
forecast_1729,2025-03-14 01:00:00,4389.102770379744,4066.7371833880206,2748.631590581559
forecast_1730,2025-03-14 02:00:00,4005.172716891809,4147.124870526038,2265.7725906745336
forecast_1731,2025-03-14 03:00:00,3593.882868942243,4170.754068981188,1359.5048220437304
forecast_1732,2025-03-14 04:00:00,3048.695561768071,3073.682720966879,1031.4646337766112
forecast_1733,2025-03-14 05:00:00,2009.0256816548033,2099.5382100919282,792.5574713111758
forecast_1734,2025-03-14 06:00:00,1431.488293049299,1595.4975162795129,666.7034496614267
forecast_1735,2025-03-14 07:00:00,1543.6179802799809,1586.7575997678339,666.7034496614267
forecast_1736,2025-03-14 08:00:00,1142.153736945789,1691.1511075514397,691.6778690472532
forecast_1737,2025-03-14 09:00:00,1019.2428614802136,2146.1639008914085,787.9714267135199
forecast_1738,2025-03-14 10:00:00,1025.267419113586,1472.1590221334795,806.8515339651542
forecast_1739,2025-03-14 11:00:00,811.0297730367241,1370.177030920196,1001.8561538712886
forecast_1740,2025-03-14 12:00:00,885.184821984959,1477.315804524586,1206.1493676873783
forecast_1741,2025-03-14 13:00:00,1320.7966152361744,1833.3186311757968,1182.2028141301673
forecast_1742,2025-03-14 14:00:00,1597.1432926126995,2443.943477677154,1270.4089055719041
forecast_1743,2025-03-14 15:00:00,1588.8284706818326,2286.2128899551394,1215.4354466828222
forecast_1744,2025-03-14 16:00:00,1313.7620977574165,1460.9749790696449,1032.5106742175483
forecast_1745,2025-03-14 17:00:00,912.361680771148,1296.6972727834147,1001.8561538712886
forecast_1746,2025-03-14 18:00:00,820.7214143511586,1491.3613964715366,998.3525526136713
forecast_1747,2025-03-14 19:00:00,1032.4676580969294,2476.233394870617,985.6325312454107
forecast_1748,2025-03-14 20:00:00,1617.4701750947177,2906.721707876054,914.7673166209312
forecast_1749,2025-03-14 21:00:00,2341.5209206960326,3278.3238609908794,1029.007072959931
forecast_1750,2025-03-14 22:00:00,3138.2223007237285,3684.139743317087,1376.3209569543403
forecast_1751,2025-03-14 23:00:00,3885.6726411081117,3804.4323047458893,2150.0732863312496
forecast_1752,2025-03-15 00:00:00,4711.404856725871,4685.2350821686105,2240.262303004262
forecast_1753,2025-03-15 01:00:00,5988.078353329029,5424.146959647462,2960.3971516053475
forecast_1754,2025-03-15 02:00:00,6499.404136279101,6025.6052009565665,3775.2414440828697
forecast_1755,2025-03-15 03:00:00,6843.3471229838715,6983.576393140681,4089.0380260359875
forecast_1756,2025-03-15 04:00:00,6862.8833860224495,7493.984975204083,4047.4771419407684
forecast_1757,2025-03-15 05:00:00,7053.314325526051,7534.17813460751,4027.5914689212964
forecast_1758,2025-03-15 06:00:00,7099.851071249081,8370.850426911804,4614.356583371543
forecast_1759,2025-03-15 07:00:00,7383.846250875581,8968.37921650981,4988.844185243132
forecast_1760,2025-03-15 08:00:00,7697.78276329555,9426.01614201736,4986.819030428949
forecast_1761,2025-03-15 09:00:00,6923.877732670715,10960.928152021423,4891.429390680469
forecast_1762,2025-03-15 10:00:00,6434.090119364567,8022.606857752573,4831.497889592263
forecast_1763,2025-03-15 11:00:00,6132.824125833078,7221.4029620854,4029.8433121369317
forecast_1764,2025-03-15 12:00:00,4916.390075890985,6557.549933965196,3350.3530521512976
forecast_1765,2025-03-15 13:00:00,3339.8289560312815,5912.4538838010785,2813.508111074917
forecast_1766,2025-03-15 14:00:00,3136.4131637202418,5578.006047465206,2723.027989399895
forecast_1767,2025-03-15 15:00:00,2956.218889605013,4790.808395622005,2760.4781138742046
forecast_1768,2025-03-15 16:00:00,2966.178099988275,3695.514222199953,2760.4781138742046
forecast_1769,2025-03-15 17:00:00,3035.9207425058494,3113.644096143925,2879.5224596700455
forecast_1770,2025-03-15 18:00:00,3039.7611001607015,3445.2136799266045,3126.3016060599807
forecast_1771,2025-03-15 19:00:00,3894.189052736944,4422.814288128982,3519.854164908553
forecast_1772,2025-03-15 20:00:00,4877.920785241339,4497.748952658098,3934.50222839731
forecast_1773,2025-03-15 21:00:00,4547.494531165894,3886.0164319220835,3841.4598020814615
forecast_1774,2025-03-15 22:00:00,4865.20164125959,4169.526965964117,3255.7911633255253
forecast_1775,2025-03-15 23:00:00,3962.9255557706347,3570.8989139542073,2523.858529624083
forecast_1776,2025-03-16 00:00:00,3276.235574917404,2821.527356586502,1129.7371771798512
forecast_1777,2025-03-16 01:00:00,2626.4798532844734,2596.772718759237,1638.3805875917342
forecast_1778,2025-03-16 02:00:00,2100.3685935673534,2251.6345259177265,1010.3614876265816
forecast_1779,2025-03-16 03:00:00,1749.3249114890023,1167.0818103171753,797.290304969915
forecast_1780,2025-03-16 04:00:00,1444.3976990275673,567.7444267091216,659.4683576922671
forecast_1781,2025-03-16 05:00:00,1055.6238178985084,305.02862010036245,657.7327777056947
forecast_1782,2025-03-16 06:00:00,705.9133438241554,359.178173646615,657.7327777056947
forecast_1783,2025-03-16 07:00:00,537.6128951021971,185.9520332124432,657.7327777056947
forecast_1784,2025-03-16 08:00:00,258.7719016404964,362.3663056274961,657.7327777056947
forecast_1785,2025-03-16 09:00:00,273.4442542054889,245.39899873515623,657.7327777056947
forecast_1786,2025-03-16 10:00:00,269.9516168473166,260.9758726779722,657.7327777056947
forecast_1787,2025-03-16 11:00:00,696.6216101045572,309.498729516799,657.7327777056947
forecast_1788,2025-03-16 12:00:00,1020.9534106006201,1000.4485568925686,666.7034496614267
forecast_1789,2025-03-16 13:00:00,2610.1848005710935,2131.5062238979526,962.2380208280998
forecast_1790,2025-03-16 14:00:00,4941.08405103822,4168.2883403682035,1352.0035193684823
forecast_1791,2025-03-16 15:00:00,7294.37867843477,7064.813795551902,4561.276869204577
forecast_1792,2025-03-16 16:00:00,7629.079842393554,8270.114391123952,5794.400835412178
forecast_1793,2025-03-16 17:00:00,8061.463861688017,8132.9004783384225,8089.331379514917
forecast_1794,2025-03-16 18:00:00,8882.825468868305,9041.867373981355,8786.589989056092
forecast_1795,2025-03-16 19:00:00,11266.990242740449,10573.707392574293,11504.994010548276
forecast_1796,2025-03-16 20:00:00,10900.628279823326,10585.895126096793,12117.685207214961
forecast_1797,2025-03-16 21:00:00,10874.47515879591,11420.015003263241,9785.590581075523
forecast_1798,2025-03-16 22:00:00,12147.43435378101,11755.38388412727,10293.602896181368
forecast_1799,2025-03-16 23:00:00,11315.647527550102,11084.60898193169,8746.990779605225
forecast_1800,2025-03-17 00:00:00,9563.021944872353,11605.435741463141,9003.525716372176
forecast_1801,2025-03-17 01:00:00,11294.861302131132,13483.97933692976,10909.16291865522
forecast_1802,2025-03-17 02:00:00,10614.778127154705,12651.55915264877,9853.23353656315
forecast_1803,2025-03-17 03:00:00,9968.231727939743,10703.084259234693,8625.912141726969
forecast_1804,2025-03-17 04:00:00,10236.59555302363,10984.96540138536,6944.789264453933
forecast_1805,2025-03-17 05:00:00,7976.31123180513,8744.189481618632,5181.039945518482
forecast_1806,2025-03-17 06:00:00,6992.794426902195,10234.145309655893,4055.6564887943814
forecast_1807,2025-03-17 07:00:00,6220.436588185003,7861.716941412346,2516.5100010144365
forecast_1808,2025-03-17 08:00:00,4613.5087920369615,6041.257395070081,1955.5768487904847
forecast_1809,2025-03-17 09:00:00,3158.4650470412575,4677.486454016145,1322.0655114547912
forecast_1810,2025-03-17 10:00:00,3202.8579685748978,4057.1873791020103,1732.7432906874587
forecast_1811,2025-03-17 11:00:00,4507.049709115755,5226.211699676665,3386.012335860089
forecast_1812,2025-03-17 12:00:00,6882.115977075885,6884.471679281504,4850.2271750492855
forecast_1813,2025-03-17 13:00:00,6431.754625759815,7750.181147590129,4679.684637892141
forecast_1814,2025-03-17 14:00:00,9113.133155754089,10134.44959746971,5617.448539069557
forecast_1815,2025-03-17 15:00:00,9196.342408720735,9411.925733060609,7057.345113445379
forecast_1816,2025-03-17 16:00:00,9949.38402411302,10740.277983987826,6990.299661848534
forecast_1817,2025-03-17 17:00:00,10385.833481665768,9484.108144280279,7713.416007238707
forecast_1818,2025-03-17 18:00:00,10677.71205562446,9625.020149201155,8684.121988220546
forecast_1819,2025-03-17 19:00:00,10879.347938657644,11735.949908949007,9773.300206008862
forecast_1820,2025-03-17 20:00:00,11638.040873968688,14324.866257512555,10055.093072226937
forecast_1821,2025-03-17 21:00:00,11396.020993251672,14374.57606808474,10461.785535184745
forecast_1822,2025-03-17 22:00:00,12079.874482405281,14921.354861242153,11126.53027228188
forecast_1823,2025-03-17 23:00:00,10785.52123449955,14516.005078086228,10380.601774492327
forecast_1824,2025-03-18 00:00:00,8324.545043249678,12934.349117441288,6400.694180467455
forecast_1825,2025-03-18 01:00:00,8325.627275299596,10163.359892703651,4587.203839115949
forecast_1826,2025-03-18 02:00:00,6930.188533865158,9116.83232921894,3412.472224770087
forecast_1827,2025-03-18 03:00:00,5039.320156213582,7775.165900471637,1472.5611543311334
forecast_1828,2025-03-18 04:00:00,4229.847243398701,5421.386320276739,1297.504085093074
forecast_1829,2025-03-18 05:00:00,3429.3802920043017,5124.497246599335,1150.0732068549714
forecast_1830,2025-03-18 06:00:00,2969.388228068473,3668.9652734410693,955.3253298404904
forecast_1831,2025-03-18 07:00:00,2512.131751186371,3343.016033783641,792.5574713111758
forecast_1832,2025-03-18 08:00:00,1898.1367678858721,3823.078508782117,914.7673166209312
forecast_1833,2025-03-18 09:00:00,2139.4298155566294,3289.330117966616,1170.656948446105
forecast_1834,2025-03-18 10:00:00,1680.1787510139857,2591.157049609747,1278.9108324885922
forecast_1835,2025-03-18 11:00:00,1653.5659366626664,2018.5515478181867,1222.801679861734
forecast_1836,2025-03-18 12:00:00,2621.9060222981734,2594.6757124337187,1189.8168172202447
forecast_1837,2025-03-18 13:00:00,4844.050616785948,3983.093997093277,1471.017126574498
forecast_1838,2025-03-18 14:00:00,6906.934632641601,6687.691411861498,3918.8132941323784
forecast_1839,2025-03-18 15:00:00,7207.141771968108,9406.572401112246,5564.1466106505
forecast_1840,2025-03-18 16:00:00,9636.927449487595,11798.27436702205,7002.072314855136
forecast_1841,2025-03-18 17:00:00,11625.299591162187,13766.460291396332,8058.198362856104
forecast_1842,2025-03-18 18:00:00,12911.022485571299,14305.762804242671,8448.822618278518
forecast_1843,2025-03-18 19:00:00,12778.177823844313,14352.718659013208,8885.7550975384
forecast_1844,2025-03-18 20:00:00,10749.25715676104,13827.32075594254,8559.391493945772
forecast_1845,2025-03-18 21:00:00,7541.882225342325,9975.77409152938,6263.141668018381
forecast_1846,2025-03-18 22:00:00,4438.6747796098625,7007.648742321473,5552.240145796829
forecast_1847,2025-03-18 23:00:00,3678.294832982683,5048.62452114418,6076.338165984555
forecast_1848,2025-03-19 00:00:00,4189.110978154046,4480.897876829737,4923.08594505644
forecast_1849,2025-03-19 01:00:00,3257.7595656760905,4200.781501584954,3159.401331844664
forecast_1850,2025-03-19 02:00:00,2853.722078829267,4125.6996290943625,1353.13157357202
forecast_1851,2025-03-19 03:00:00,2285.4084805312514,3686.7133178669596,1313.9657062144538
forecast_1852,2025-03-19 04:00:00,2412.1425190186565,4083.652657966303,1197.6292808341245
forecast_1853,2025-03-19 05:00:00,2485.167753032869,4258.540912108826,1059.2299897784385
forecast_1854,2025-03-19 06:00:00,3444.678966272095,4236.465757938926,1161.6635018453967
forecast_1855,2025-03-19 07:00:00,6626.273791221795,6959.7776090268,3200.4333121152786
forecast_1856,2025-03-19 08:00:00,8127.441356054258,7973.661333205176,5157.801208071399
forecast_1857,2025-03-19 09:00:00,8662.065816742672,8035.745896418378,5008.252691527327
forecast_1858,2025-03-19 10:00:00,6923.694804084969,7275.619573737769,5152.697617023898
forecast_1859,2025-03-19 11:00:00,7163.336498479008,7394.990028801188,6536.320193221663
forecast_1860,2025-03-19 12:00:00,7742.705516688562,8865.050741049741,6444.562112278816
forecast_1861,2025-03-19 13:00:00,9459.737546682143,9746.835040985905,7834.393351838054
forecast_1862,2025-03-19 14:00:00,9235.45753443869,9608.696975825727,8725.611923442913
forecast_1863,2025-03-19 15:00:00,10024.490167905515,11158.883282836114,8856.6150441978
forecast_1864,2025-03-19 16:00:00,11255.354630637688,11143.075731211964,10780.091974357652
forecast_1865,2025-03-19 17:00:00,11772.236754613314,11367.16498666148,13140.586546149822
forecast_1866,2025-03-19 18:00:00,12827.850483109985,11692.7267225577,12315.990232708433
forecast_1867,2025-03-19 19:00:00,13395.06393245536,12062.405100456683,13517.469714667526
forecast_1868,2025-03-19 20:00:00,13784.111657451862,13426.815024596868,14758.252882576237
forecast_1869,2025-03-19 21:00:00,14228.665221704072,15100.478453090811,15470.226330517879
forecast_1870,2025-03-19 22:00:00,14994.102005397523,16975.802866145634,16054.7418073052
forecast_1871,2025-03-19 23:00:00,15046.86890684868,17950.669112063908,15684.297702893211
forecast_1872,2025-03-20 00:00:00,16034.239045478176,17765.923697418777,16092.779582813699
forecast_1873,2025-03-20 01:00:00,16512.83780222669,17861.6778975543,14807.401784336698
forecast_1874,2025-03-20 02:00:00,16356.955795550375,17646.91775405819,14434.013100831586
forecast_1875,2025-03-20 03:00:00,16436.945311436215,17403.455659732044,14945.787114823848
forecast_1876,2025-03-20 04:00:00,16325.395401730759,17429.90501331685,16402.83958076999
forecast_1877,2025-03-20 05:00:00,17166.699559908222,18492.84529024551,18406.197417445685
forecast_1878,2025-03-20 06:00:00,18084.198088638474,18951.886366951087,19155.121284384702
forecast_1879,2025-03-20 07:00:00,18706.914881727,19333.157608684807,18821.578339671156
forecast_1880,2025-03-20 08:00:00,17304.949654641186,19139.221429915167,19036.305595939408
forecast_1881,2025-03-20 09:00:00,16540.750415170052,19327.91829121265,18483.36496914309
forecast_1882,2025-03-20 10:00:00,16775.855447204267,18898.358079957812,18267.336164718607
forecast_1883,2025-03-20 11:00:00,16522.25692398228,18681.02980426015,17847.672817630377
forecast_1884,2025-03-20 12:00:00,15944.80858004715,18614.557137595795,17924.168087703885
forecast_1885,2025-03-20 13:00:00,16588.5003113119,18360.293935335052,17578.909058496673
forecast_1886,2025-03-20 14:00:00,17116.013346014086,18961.237630437146,17907.702063665383
forecast_1887,2025-03-20 15:00:00,17613.372578781888,18835.841667755034,17934.035762485928
forecast_1888,2025-03-20 16:00:00,17460.520532570103,18635.61969490765,17680.46146245286
forecast_1889,2025-03-20 17:00:00,17578.69344356916,18847.50707834823,18651.263395624315
forecast_1890,2025-03-20 18:00:00,18573.390264938316,19265.769019520296,18872.40840334982
forecast_1891,2025-03-20 19:00:00,18748.491196697374,19725.837703902704,19052.63922559772
forecast_1892,2025-03-20 20:00:00,18691.073821233083,20090.821138968284,19123.295220049993
forecast_1893,2025-03-20 21:00:00,18837.73543670421,20232.255038507985,19102.744871952604
forecast_1894,2025-03-20 22:00:00,18297.732714441187,20160.00529956702,19122.547993694578
forecast_1895,2025-03-20 23:00:00,18088.225212293626,20240.044320578145,18604.465344248114
forecast_1896,2025-03-21 00:00:00,18026.453022132082,19925.601627339907,18545.606840826327
forecast_1897,2025-03-21 01:00:00,17948.173725880904,19734.944400588734,18194.890412541085
forecast_1898,2025-03-21 02:00:00,18106.178378129414,19625.216171310898,18510.259841119874
forecast_1899,2025-03-21 03:00:00,18062.605989991782,19679.43064542971,18592.34945451699
forecast_1900,2025-03-21 04:00:00,18461.82763292184,19811.554150595948,18811.205650964755
forecast_1901,2025-03-21 05:00:00,19501.903889143454,20243.314729580947,18361.41259731527
forecast_1902,2025-03-21 06:00:00,19916.4588382562,20249.736912116547,18273.153495105573
forecast_1903,2025-03-21 07:00:00,19755.49238279201,20212.625707450883,18257.584537881572
forecast_1904,2025-03-21 08:00:00,19564.595075734356,20266.087297223676,18500.55534235687
forecast_1905,2025-03-21 09:00:00,18904.8371399185,19806.915630105977,18471.926024236414
forecast_1906,2025-03-21 10:00:00,18625.760249567975,19819.23018628694,18436.996296925205
forecast_1907,2025-03-21 11:00:00,17848.28732331258,19552.129110114987,18350.734791778166
forecast_1908,2025-03-21 12:00:00,17164.995115154794,19158.521361862757,17322.432451529807
forecast_1909,2025-03-21 13:00:00,17439.770974991843,18874.73045132294,17020.261860973358
forecast_1910,2025-03-21 14:00:00,16769.978237593856,18560.519079625934,16901.34823620164
forecast_1911,2025-03-21 15:00:00,16730.197215993547,18518.680598910945,16500.626432920857
forecast_1912,2025-03-21 16:00:00,16564.25502358923,18938.253041367178,16657.896238283352
forecast_1913,2025-03-21 17:00:00,16980.561828807557,18872.639656118547,17078.704169825658
forecast_1914,2025-03-21 18:00:00,16845.24508864952,19315.646788037215,17627.174383347716
forecast_1915,2025-03-21 19:00:00,17001.708902997158,19307.045409786348,18348.650582441955
forecast_1916,2025-03-21 20:00:00,17029.073280241464,19200.677869503656,18081.264055413434
forecast_1917,2025-03-21 21:00:00,17090.419266266206,19065.112662059542,17984.635643578444
forecast_1918,2025-03-21 22:00:00,17300.122266344515,19413.59611652603,18160.59251556184
forecast_1919,2025-03-21 23:00:00,18118.04252217636,19681.293023746817,18621.525408144335
forecast_1920,2025-03-22 00:00:00,18546.89725989123,19710.941835018817,18749.060897740994
forecast_1921,2025-03-22 01:00:00,18937.47162052794,20181.43750107883,18459.530904845775
forecast_1922,2025-03-22 02:00:00,19103.497722184205,20258.190761040085,18076.660178527454
forecast_1923,2025-03-22 03:00:00,18688.813241581414,19893.206892101432,17928.509430378333
forecast_1924,2025-03-22 04:00:00,18397.758178550073,19570.750573679434,17678.080563798016
forecast_1925,2025-03-22 05:00:00,18427.608205094795,19640.049488104683,17488.971083423396
forecast_1926,2025-03-22 06:00:00,18393.369049752604,19657.811998971192,17645.482593261346
forecast_1927,2025-03-22 07:00:00,18352.6869452163,19797.301626224402,17278.361874760365
forecast_1928,2025-03-22 08:00:00,18183.462615502118,19710.766010383417,17411.55441129249
forecast_1929,2025-03-22 09:00:00,17775.489100672276,19487.206713727755,17728.28573922479
forecast_1930,2025-03-22 10:00:00,17478.859226517114,19533.93338547229,16820.792413908104
forecast_1931,2025-03-22 11:00:00,17055.179133096575,19111.730573406574,16432.56079033681
forecast_1932,2025-03-22 12:00:00,16755.611028009716,18935.060542003193,16398.185955816505
forecast_1933,2025-03-22 13:00:00,16653.21524809016,18846.66430119636,16503.378602656896
forecast_1934,2025-03-22 14:00:00,16068.986174335112,18838.160303668956,16421.518465707464
forecast_1935,2025-03-22 15:00:00,16310.234848802758,18265.973317917724,16249.02920060897
forecast_1936,2025-03-22 16:00:00,15939.856614492723,18403.703226252415,16288.519038337816
forecast_1937,2025-03-22 17:00:00,16300.330486256944,18170.75138437467,16432.527639401836
forecast_1938,2025-03-22 18:00:00,16384.733135597693,18747.83008748046,17249.548977522536
forecast_1939,2025-03-22 19:00:00,16342.566293219328,18766.538066832836,17422.41007061289
forecast_1940,2025-03-22 20:00:00,16679.143354287793,18793.06235865393,17409.59876168202
forecast_1941,2025-03-22 21:00:00,16725.251209655038,18597.952599522825,17285.575786550064
forecast_1942,2025-03-22 22:00:00,18547.070815623018,18992.184473043824,17726.959344218463
forecast_1943,2025-03-22 23:00:00,19590.4150067037,19130.680249977046,17946.62254395181
forecast_1944,2025-03-23 00:00:00,19564.50937761114,19353.826716663854,18231.88535177199
forecast_1945,2025-03-23 01:00:00,18356.397577382046,18788.53594685118,18039.27178653367
forecast_1946,2025-03-23 02:00:00,18375.529390788084,19057.09406262183,17784.68764683826
forecast_1947,2025-03-23 03:00:00,18344.945238556324,18967.55679307383,17563.306163220474
forecast_1948,2025-03-23 04:00:00,17224.884777874453,17981.03338107672,15512.43000514895
forecast_1949,2025-03-23 05:00:00,14986.645952237368,15873.111455585793,12794.243489037832
forecast_1950,2025-03-23 06:00:00,12081.146062916034,12704.339902974218,9535.84071755422
forecast_1951,2025-03-23 07:00:00,9955.37728205146,11099.246276780108,8328.406293662536
forecast_1952,2025-03-23 08:00:00,7666.737337640149,8977.973484912649,4344.794269826221
forecast_1953,2025-03-23 09:00:00,5413.883080582892,5640.996211287327,1273.5169849157016
forecast_1954,2025-03-23 10:00:00,2965.5500840171417,2065.883581883789,1005.2012782155705
forecast_1955,2025-03-23 11:00:00,1221.2858093151665,894.7881627962139,666.7034496614267
forecast_1956,2025-03-23 12:00:00,649.3102875752206,442.7582099538866,664.2115421789939
forecast_1957,2025-03-23 13:00:00,686.7293724791317,585.9580608325965,666.7034496614267
forecast_1958,2025-03-23 14:00:00,1085.7416310535687,1403.908129103172,853.3124732634827
forecast_1959,2025-03-23 15:00:00,2344.514418347895,2938.61098620552,1028.5374868926292
forecast_1960,2025-03-23 16:00:00,3230.160407222017,3602.2109442852,1236.710861828312
forecast_1961,2025-03-23 17:00:00,3777.4015147094024,3735.5425118191138,2021.1022587946186
forecast_1962,2025-03-23 18:00:00,3627.249975627966,4358.793896118032,1331.8054426424887
forecast_1963,2025-03-23 19:00:00,4822.51358351296,6109.793835673505,2544.2366638239596
forecast_1964,2025-03-23 20:00:00,5959.324625540455,7908.466072722609,5386.106833962881
forecast_1965,2025-03-23 21:00:00,8538.537583619967,10092.256444878227,6750.246836101156
forecast_1966,2025-03-23 22:00:00,11383.04281808894,13925.058600963244,9522.771663800595
forecast_1967,2025-03-23 23:00:00,13155.432921373678,15056.803044799108,11991.095356439919
forecast_1968,2025-03-24 00:00:00,14401.864860342606,15802.500469277651,12701.26962283117
forecast_1969,2025-03-24 01:00:00,14074.807770873256,17091.61010785138,12503.957295320186
forecast_1970,2025-03-24 02:00:00,12758.00693024317,17101.833634184753,12931.288057653419
forecast_1971,2025-03-24 03:00:00,15156.203502756933,16523.160835383547,14839.1068403832
forecast_1972,2025-03-24 04:00:00,15332.117756654017,16466.750677611206,13363.039337776989
forecast_1973,2025-03-24 05:00:00,13200.364039528242,15872.330279792342,10782.397217792528
forecast_1974,2025-03-24 06:00:00,13816.670518198725,15185.90481270464,14427.46313918099
forecast_1975,2025-03-24 07:00:00,13836.326983045505,14435.5172674751,13197.206885940575
forecast_1976,2025-03-24 08:00:00,14210.242822095843,15962.673095758382,13282.051349346846
forecast_1977,2025-03-24 09:00:00,13370.66599738804,15666.940077376474,13110.30827622738
forecast_1978,2025-03-24 10:00:00,12865.640396655483,14222.218675947199,13122.933696354428
forecast_1979,2025-03-24 11:00:00,12813.416647750008,15070.952764300324,13189.82497689469
forecast_1980,2025-03-24 12:00:00,13665.336206179247,15436.877694110392,14896.635201766607
forecast_1981,2025-03-24 13:00:00,13907.481958639086,15405.10386143356,15033.732300669111
forecast_1982,2025-03-24 14:00:00,13931.031218171081,14133.794889308998,14337.024480468966
forecast_1983,2025-03-24 15:00:00,13223.804877479615,14084.085135854253,13145.25685868017
forecast_1984,2025-03-24 16:00:00,12080.859351750965,13637.430545741867,12153.561344469656
forecast_1985,2025-03-24 17:00:00,12384.850974766925,13017.61966863764,11191.175753765685
forecast_1986,2025-03-24 18:00:00,13193.309307535625,12518.732279441687,11806.568777572695
forecast_1987,2025-03-24 19:00:00,14056.031046879692,12671.519924629943,13139.688931442564
forecast_1988,2025-03-24 20:00:00,14432.393344055152,14512.133841833016,15277.248474680178
forecast_1989,2025-03-24 21:00:00,16449.409387842497,16553.73936135168,16180.733489369999
forecast_1990,2025-03-24 22:00:00,16978.123004423775,18043.20412470189,18137.49200414358
forecast_1991,2025-03-24 23:00:00,17896.12878618332,18986.54043508651,18157.20827020025
forecast_1992,2025-03-25 00:00:00,18929.37831719248,19281.22585903921,18099.679359435067
forecast_1993,2025-03-25 01:00:00,18522.510667641494,19235.167955853238,17913.206450100486
forecast_1994,2025-03-25 02:00:00,16717.515724089055,18772.32344023222,16624.45359092808
forecast_1995,2025-03-25 03:00:00,15415.298494582788,15914.918684635657,11926.994221641586
forecast_1996,2025-03-25 04:00:00,11943.239287040327,14957.855091223246,11263.570141715289
forecast_1997,2025-03-25 05:00:00,9724.76864190128,11220.497766999348,9236.49596870617
forecast_1998,2025-03-25 06:00:00,8804.398549244414,11087.201983196252,7784.108317613149
forecast_1999,2025-03-25 07:00:00,8144.211226389032,13165.229782137476,7229.224190848414
forecast_2000,2025-03-25 08:00:00,7688.034124572225,11085.532225999004,7122.129120299881
forecast_2001,2025-03-25 09:00:00,7616.234207661546,9845.559658591486,6107.610012578337
forecast_2002,2025-03-25 10:00:00,7778.048833275435,8304.596084797784,7087.780406181887
forecast_2003,2025-03-25 11:00:00,8249.344203657343,8855.689318503832,7432.645164322808
forecast_2004,2025-03-25 12:00:00,9608.4529820172,12121.658983995625,9639.154744151278
forecast_2005,2025-03-25 13:00:00,12229.81234248842,14437.635452998013,15074.234715056204
forecast_2006,2025-03-25 14:00:00,13031.769328674427,17614.45515741481,16099.125260399494
forecast_2007,2025-03-25 15:00:00,13622.270931194867,18158.643523495284,16480.494323214745
forecast_2008,2025-03-25 16:00:00,14483.624712048308,18474.801105267084,17367.769850749002
forecast_2009,2025-03-25 17:00:00,15061.928542459098,18416.557788944367,18042.776380814314
forecast_2010,2025-03-25 18:00:00,16210.493853657055,18346.749420882843,18299.65033155294
forecast_2011,2025-03-25 19:00:00,16432.787994369042,18165.823036644295,18550.500764321467
forecast_2012,2025-03-25 20:00:00,16464.78015200528,18455.71814935651,18401.904327452197
forecast_2013,2025-03-25 21:00:00,17160.018106688836,18918.683291258443,18536.228749973197
forecast_2014,2025-03-25 22:00:00,17242.142766222416,19268.345557990087,18941.824306057744
forecast_2015,2025-03-25 23:00:00,17870.92451716985,19431.291693996616,18716.030230269764
forecast_2016,2025-03-26 00:00:00,17720.217432783968,19517.558241669707,18509.803635507615
forecast_2017,2025-03-26 01:00:00,17343.2285371704,19658.81542240295,17999.068812875066
forecast_2018,2025-03-26 02:00:00,17138.99219277523,19490.352075386276,17551.169927224208
forecast_2019,2025-03-26 03:00:00,17071.18300555853,18199.239945446996,17036.495900667807
forecast_2020,2025-03-26 04:00:00,16967.095761063218,16564.731373319166,14708.398306850087
forecast_2021,2025-03-26 05:00:00,16181.859741575336,15343.930070226168,11959.094443780868
forecast_2022,2025-03-26 06:00:00,12470.451683753729,13278.487168136704,8011.97974161038
forecast_2023,2025-03-26 07:00:00,8624.359557681943,9215.773804486427,4056.8733374994745
forecast_2024,2025-03-26 08:00:00,4902.102733286311,5568.0198780836145,2558.203511170993
forecast_2025,2025-03-26 09:00:00,2726.278945042301,2711.901248302266,1216.8848139391835
forecast_2026,2025-03-26 10:00:00,1289.8833309418826,1410.01699833361,871.6393038780318
forecast_2027,2025-03-26 11:00:00,721.5890146361074,893.3974936774619,776.6011418262494
forecast_2028,2025-03-26 12:00:00,723.161818856449,881.3834598180965,715.8461398739425
forecast_2029,2025-03-26 13:00:00,1171.2262268628663,1288.2074096588583,853.3124732634827
forecast_2030,2025-03-26 14:00:00,1851.0524013279337,1533.6266852128797,998.3394555402219
forecast_2031,2025-03-26 15:00:00,2359.747199427583,2747.820744991364,1034.487214072474
forecast_2032,2025-03-26 16:00:00,2521.3935717139866,2951.9406243357116,1291.474386580917
forecast_2033,2025-03-26 17:00:00,3489.254256608815,3237.673526930005,1236.1192988100688
forecast_2034,2025-03-26 18:00:00,4942.07592936234,5436.938409781891,1391.7346050451697
forecast_2035,2025-03-26 19:00:00,7495.114510058838,7574.985666419139,3217.2979002668294
forecast_2036,2025-03-26 20:00:00,8333.408574432216,10153.756678298832,4264.622138344925
forecast_2037,2025-03-26 21:00:00,10267.726801074521,15319.115974344264,5640.094408686991
forecast_2038,2025-03-26 22:00:00,11679.95970138787,16917.151156964323,7925.234093646512
forecast_2039,2025-03-26 23:00:00,13489.579214595515,18024.427864321133,11791.441193107405
forecast_2040,2025-03-27 00:00:00,13058.114990975078,18670.97315619303,15961.546010646049
forecast_2041,2025-03-27 01:00:00,14111.499662697961,18902.48442846192,16837.320509324705
forecast_2042,2025-03-27 02:00:00,15461.242990570943,18869.44897914093,18219.276265108667
forecast_2043,2025-03-27 03:00:00,16397.484315129677,18926.0793418912,18282.1301790771
forecast_2044,2025-03-27 04:00:00,17359.91621476174,19083.703947255734,18432.763765641364
forecast_2045,2025-03-27 05:00:00,15533.160768425552,18952.730605809862,17232.653432299623
forecast_2046,2025-03-27 06:00:00,13922.445251976314,16980.23894151157,13530.077238337597
forecast_2047,2025-03-27 07:00:00,12483.830464510555,16220.630294138118,14418.838681983412
forecast_2048,2025-03-27 08:00:00,12749.494267245329,16429.831166570035,13815.702171522827
forecast_2049,2025-03-27 09:00:00,11537.070372070779,16764.07962931203,13263.175801801208
forecast_2050,2025-03-27 10:00:00,10901.653032608712,16454.60380346437,11319.117619492581
forecast_2051,2025-03-27 11:00:00,10935.232392198443,15952.909947882925,13221.700052423108
forecast_2052,2025-03-27 12:00:00,10436.740571906525,14989.107875604188,12554.427653244722
forecast_2053,2025-03-27 13:00:00,9761.409259453681,12494.214076874354,11887.299510605493
forecast_2054,2025-03-27 14:00:00,10471.983961371972,12695.032520850571,10136.540491403146
forecast_2055,2025-03-27 15:00:00,10372.93805514632,11913.625492870206,8393.861352102207
forecast_2056,2025-03-27 16:00:00,9983.524689450638,11207.057655331984,5829.945884223814
forecast_2057,2025-03-27 17:00:00,10012.831783925863,11608.349862671099,6663.635179080035
forecast_2058,2025-03-27 18:00:00,10825.68244977189,12687.884084256997,7335.773300761561
forecast_2059,2025-03-27 19:00:00,11379.016256989988,13153.48151829035,7979.645214235968
forecast_2060,2025-03-27 20:00:00,11392.987112373019,12193.37034622477,8587.156819440303
forecast_2061,2025-03-27 21:00:00,11659.912126200034,12501.484123210641,8758.89456536404
forecast_2062,2025-03-27 22:00:00,11299.45149496954,11378.066362529793,8042.974564229604
forecast_2063,2025-03-27 23:00:00,10831.372462349264,10862.854087400894,7234.244657228999
forecast_2064,2025-03-28 00:00:00,8745.03585717185,8699.997413459083,6852.23457323991
forecast_2065,2025-03-28 01:00:00,5433.032185328131,7149.570375727014,2757.754915553077
forecast_2066,2025-03-28 02:00:00,4211.146321564722,4475.290117288425,1290.292251863062
forecast_2067,2025-03-28 03:00:00,3924.7179863648826,2811.1394656014068,1277.7156997224934
forecast_2068,2025-03-28 04:00:00,4495.030345567449,3061.2873999897834,2005.8454829804953
forecast_2069,2025-03-28 05:00:00,3165.747007328916,2170.213792510793,1302.386339895015
forecast_2070,2025-03-28 06:00:00,1389.7895331142067,1158.0302801348523,733.1012964775528
forecast_2071,2025-03-28 07:00:00,832.8587654464989,620.9197588900277,666.7034496614267
forecast_2072,2025-03-28 08:00:00,541.3300849860586,808.7040854506147,664.2115421789939
forecast_2073,2025-03-28 09:00:00,637.004752673321,1106.8979099242372,686.4505137474697
forecast_2074,2025-03-28 10:00:00,1155.3294666800716,1377.778984670594,1067.2519745804577
forecast_2075,2025-03-28 11:00:00,1401.732270766363,1909.5766285672732,1893.5102697436669
forecast_2076,2025-03-28 12:00:00,1414.8005934041332,2455.455441204042,1167.477303460972
forecast_2077,2025-03-28 13:00:00,1285.7976984475831,1672.181873106637,1119.0285646317059
forecast_2078,2025-03-28 14:00:00,860.341537881837,1421.3610960388717,1152.819489392975
forecast_2079,2025-03-28 15:00:00,1184.0923076566912,1254.3981589807158,987.9243667840234
forecast_2080,2025-03-28 16:00:00,1782.0274487491206,1665.2773036209542,797.7218167444173
forecast_2081,2025-03-28 17:00:00,2210.8216269534505,2655.869059853763,1002.9734080626682
forecast_2082,2025-03-28 18:00:00,3823.6849564519407,3995.5424449945217,1276.934719125204
forecast_2083,2025-03-28 19:00:00,6886.319450606892,5882.948637192787,2634.9064457341146
forecast_2084,2025-03-28 20:00:00,6724.27990153695,6937.593024687002,3090.9659586817593
forecast_2085,2025-03-28 21:00:00,6605.596825973322,7274.989292970482,3953.7963304975374
forecast_2086,2025-03-28 22:00:00,6600.211587261622,7819.863378384403,3327.981167532279
forecast_2087,2025-03-28 23:00:00,6447.764530316756,7351.534431958929,2942.0074261158907
forecast_2088,2025-03-29 00:00:00,5916.619668913585,6331.774327271481,2556.899835057987
forecast_2089,2025-03-29 01:00:00,3471.9284438494788,3701.173134310216,1173.5634616161792
forecast_2090,2025-03-29 02:00:00,1237.37516979709,1110.5860683541218,953.5759934840005
forecast_2091,2025-03-29 03:00:00,1507.0388119510103,1395.3466463449913,1232.961415466031
forecast_2092,2025-03-29 04:00:00,3696.474155369137,3897.6465769071815,2293.297909123068
forecast_2093,2025-03-29 05:00:00,7284.850009321497,7900.840173572071,2904.9570882482417
forecast_2094,2025-03-29 06:00:00,8650.245157071735,10355.88546207893,3532.749454084699
forecast_2095,2025-03-29 07:00:00,9242.923442548985,11731.956870176959,4087.348037333869
forecast_2096,2025-03-29 08:00:00,8246.016681559935,11083.466563747821,4442.89234008968
forecast_2097,2025-03-29 09:00:00,7664.665132740886,9481.067071653788,5818.5432244905705
forecast_2098,2025-03-29 10:00:00,7901.187717382988,9400.187258902703,7276.763357144797
forecast_2099,2025-03-29 11:00:00,9129.149758925612,10894.006256505501,9288.259925275766
forecast_2100,2025-03-29 12:00:00,10398.294559817241,12187.238538755359,12520.746838556846
forecast_2101,2025-03-29 13:00:00,11327.016930252601,12199.808293124184,12221.704539408775
forecast_2102,2025-03-29 14:00:00,12369.258020214493,12275.048644097365,11950.985194788716
forecast_2103,2025-03-29 15:00:00,13678.778556688441,12921.603345891981,11151.778089611364
forecast_2104,2025-03-29 16:00:00,14061.23858335115,13686.708081857509,11901.714190233904
forecast_2105,2025-03-29 17:00:00,13768.08149787336,13983.0902786619,11478.23717554188
forecast_2106,2025-03-29 18:00:00,14146.509877983286,13506.553747600541,11395.658464014108
forecast_2107,2025-03-29 19:00:00,14091.175737206428,12980.681637532023,10179.095751419141
forecast_2108,2025-03-29 20:00:00,14042.283624642147,12947.446147287315,10552.49649287782
forecast_2109,2025-03-29 21:00:00,13906.596543931777,12826.043240231102,10587.977083890024
forecast_2110,2025-03-29 22:00:00,13834.400945610829,11993.572315101577,10367.026681266792
forecast_2111,2025-03-29 23:00:00,13289.097544749704,11788.479023572077,9598.86512748024
forecast_2112,2025-03-30 00:00:00,12995.104620698756,12086.16508260943,10397.448617170181
forecast_2113,2025-03-30 01:00:00,13442.502081773311,12936.602568973001,9753.324147139992
forecast_2114,2025-03-30 02:00:00,12745.484273922086,11730.66650025713,8227.18061139477
forecast_2115,2025-03-30 03:00:00,11222.951480597392,10591.428984521031,8034.134151617642
forecast_2116,2025-03-30 04:00:00,10431.182838140961,10015.749230287342,7124.192502982878
forecast_2117,2025-03-30 05:00:00,9799.244769196674,8678.657827793588,6710.677569061945
forecast_2118,2025-03-30 06:00:00,10016.850968360213,8036.669149331128,5531.537058823621
forecast_2119,2025-03-30 07:00:00,10033.935250688137,7434.759613177596,6289.494013797621
forecast_2120,2025-03-30 08:00:00,10244.428453407912,6745.424743707632,5557.841083815487
forecast_2121,2025-03-30 09:00:00,11141.21503141631,7642.412798137377,6485.07698949688
forecast_2122,2025-03-30 10:00:00,10699.627588308544,8737.90538294156,6757.969100749299
forecast_2123,2025-03-30 11:00:00,10588.153991801624,8645.127934477006,6837.494526593861
forecast_2124,2025-03-30 12:00:00,10515.266312850677,7939.189503547941,6819.524049012262
forecast_2125,2025-03-30 13:00:00,10537.02030049963,7644.081630483762,8358.408278057559
forecast_2126,2025-03-30 14:00:00,10299.725868843136,8176.137557881625,8348.69868281161
forecast_2127,2025-03-30 15:00:00,10239.59350670607,8591.960483305525,6927.872036979541
forecast_2128,2025-03-30 16:00:00,8527.318395293894,7581.880358584685,5380.800691515238
forecast_2129,2025-03-30 17:00:00,8853.580544680644,7305.086130827197,5230.072837939282
forecast_2130,2025-03-30 18:00:00,8035.883379750917,6923.316435388906,5348.490617394789
forecast_2131,2025-03-30 19:00:00,8677.45568208727,7858.379721400503,5552.178068992783
forecast_2132,2025-03-30 20:00:00,8427.948284054426,9292.409546133082,6779.237789867342
forecast_2133,2025-03-30 21:00:00,9133.254144410123,10300.929491939525,7152.920842580449
forecast_2134,2025-03-30 22:00:00,10304.455013459972,10334.8498638972,8054.2822821145355
forecast_2135,2025-03-30 23:00:00,10483.313201046349,10398.490857699648,8873.44018298722
forecast_2136,2025-03-31 00:00:00,11769.432840718255,12098.82754737452,9948.390534775941
forecast_2137,2025-03-31 01:00:00,14621.246058165798,15343.047381492663,15551.231566695129
forecast_2138,2025-03-31 02:00:00,15703.995654473174,16552.285079186644,16980.89384041898
forecast_2139,2025-03-31 03:00:00,15442.736159629241,16078.295966209165,17162.205283917214
forecast_2140,2025-03-31 04:00:00,15303.737529943046,17208.159521293746,16857.659975173352
forecast_2141,2025-03-31 05:00:00,15111.177830916811,16539.370264118443,13164.07028945699
forecast_2142,2025-03-31 06:00:00,14587.0488246277,15824.753966771194,12635.076965197371
forecast_2143,2025-03-31 07:00:00,12425.662427001836,13915.88910633575,9577.789973773886
forecast_2144,2025-03-31 08:00:00,9555.92768654249,10612.812275962002,6143.025693810157
forecast_2145,2025-03-31 09:00:00,7619.605637065693,8520.655884836073,3880.7352718601987
forecast_2146,2025-03-31 10:00:00,4434.619502589403,4831.948158471682,3073.7022660595967
forecast_2147,2025-03-31 11:00:00,3554.3175576359254,3201.341911421658,2824.0762795922055
forecast_2148,2025-03-31 12:00:00,3789.731235776565,3410.575834826718,2799.436632755955
forecast_2149,2025-03-31 13:00:00,3764.055465159411,4474.953548451665,2962.9598957846792
forecast_2150,2025-03-31 14:00:00,4531.268015788262,5940.617711843207,2902.5824984073524
forecast_2151,2025-03-31 15:00:00,4724.400025967769,6171.714457515869,2804.32055888399
forecast_2152,2025-03-31 16:00:00,4850.129234263533,6571.555965119139,3094.4223922949286
forecast_2153,2025-03-31 17:00:00,5065.524710015168,7148.46287351625,3962.7067589371627
forecast_2154,2025-03-31 18:00:00,6841.954857082211,8333.73821207471,4913.805289329093
forecast_2155,2025-03-31 19:00:00,8170.095502456202,10112.848065807177,6768.737253620767
forecast_2156,2025-03-31 20:00:00,9049.905671623632,11976.361860239962,7929.203301685238
forecast_2157,2025-03-31 21:00:00,9749.332562865317,12789.236730112329,9256.941669326034
forecast_2158,2025-03-31 22:00:00,11672.965610063693,15446.059567634928,11306.802734086208
forecast_2159,2025-03-31 23:00:00,12911.080156849977,14174.489822712852,13339.018857940231
forecast_2160,2025-04-01 00:00:00,12722.493918651453,13647.135021891492,11976.781817755023
forecast_2161,2025-04-01 01:00:00,11718.979125586431,13247.941120432271,10654.607973841714
forecast_2162,2025-04-01 02:00:00,9892.516506695296,9818.712473748032,9076.210281137615
forecast_2163,2025-04-01 03:00:00,8662.192376526884,8788.25961556104,8676.438924981132
forecast_2164,2025-04-01 04:00:00,7609.911811592014,8178.637322283738,7496.686478743757
forecast_2165,2025-04-01 05:00:00,5553.974708236003,5935.833612793554,7153.314591409195
forecast_2166,2025-04-01 06:00:00,4430.113358834017,4278.266623409496,5066.464038619869
forecast_2167,2025-04-01 07:00:00,4283.047638951261,3799.3755864837235,3167.8838442372275
forecast_2168,2025-04-01 08:00:00,2851.1299707223416,1769.2655738633373,1250.0256911600209
forecast_2169,2025-04-01 09:00:00,912.6587271355671,717.9594337031942,664.2115421789939
forecast_2170,2025-04-01 10:00:00,304.08902952620184,379.29201417378636,657.7327777056947
forecast_2171,2025-04-01 11:00:00,253.0321259631641,296.210085856421,657.7327777056947
forecast_2172,2025-04-01 12:00:00,253.0321259631641,296.2647745676504,657.7327777056947
forecast_2173,2025-04-01 13:00:00,253.0321259631641,296.2647745676504,657.7327777056947
forecast_2174,2025-04-01 14:00:00,253.0321259631641,298.12868725436874,657.7327777056947
forecast_2175,2025-04-01 15:00:00,254.18918597598145,314.8388812579051,659.4683576922671
forecast_2176,2025-04-01 16:00:00,262.90575307011255,390.82115746722565,661.9602651746998
forecast_2177,2025-04-01 17:00:00,324.1492206412133,419.9264049063064,661.9602651746998
forecast_2178,2025-04-01 18:00:00,772.6039618524079,759.1372782893982,661.9602651746998
forecast_2179,2025-04-01 19:00:00,1051.1177027935069,1347.2323251837786,661.9602651746998
forecast_2180,2025-04-01 20:00:00,1363.5627559119073,1810.494270798245,686.9346845605263
forecast_2181,2025-04-01 21:00:00,2007.1084117320966,2788.672915623955,736.077374773042
forecast_2182,2025-04-01 22:00:00,2239.16708910782,3197.984645855843,686.9346845605263
forecast_2183,2025-04-01 23:00:00,2245.711399705291,3230.9278743415402,661.9602651746998
forecast_2184,2025-04-02 00:00:00,2086.0092465796115,2987.88338659986,661.9602651746998
forecast_2185,2025-04-02 01:00:00,1979.134654665279,1809.4461545887916,661.9602651746998
forecast_2186,2025-04-02 02:00:00,1878.4141713490403,1054.5641041588926,659.4683576922671
forecast_2187,2025-04-02 03:00:00,1352.928731539298,847.8800852797689,657.7327777056947
forecast_2188,2025-04-02 04:00:00,842.4213396751832,532.1847957967766,657.7327777056947
forecast_2189,2025-04-02 05:00:00,800.279436980921,450.1065368182841,657.7327777056947
forecast_2190,2025-04-02 06:00:00,836.9955961129292,395.53710607850223,657.7327777056947
forecast_2191,2025-04-02 07:00:00,797.6620397972274,392.8868800605516,659.4683576922671
forecast_2192,2025-04-02 08:00:00,623.2027004343693,353.333223970985,661.9602651746998
forecast_2193,2025-04-02 09:00:00,265.93782852729134,340.734905446396,659.4683576922671
forecast_2194,2025-04-02 10:00:00,399.60384361950565,421.85869032215544,735.5932039599854
forecast_2195,2025-04-02 11:00:00,460.38694359219716,544.9548206642667,961.0406888923951
forecast_2196,2025-04-02 12:00:00,427.45260952318256,846.0296265824811,998.3525526136713
forecast_2197,2025-04-02 13:00:00,537.3280582950013,1245.198449949016,914.7673166209312
forecast_2198,2025-04-02 14:00:00,807.8873129959653,1951.8454341239747,1032.5106742175483
forecast_2199,2025-04-02 15:00:00,1033.8393013945222,2725.8380565033403,1062.2296468631268
forecast_2200,2025-04-02 16:00:00,1102.4873368761164,2501.9226019859098,1062.2296468631268
forecast_2201,2025-04-02 17:00:00,940.4220048790094,1999.1879469803036,1001.8561538712886
forecast_2202,2025-04-02 18:00:00,933.234934203591,1541.8391722798824,864.6827581507534
forecast_2203,2025-04-02 19:00:00,1222.1075627118896,1545.4991857558593,740.820559259769
forecast_2204,2025-04-02 20:00:00,1252.909444164723,1331.85760498507,787.9714267135199
forecast_2205,2025-04-02 21:00:00,811.514738728238,1166.8418791223537,903.8375835687335
forecast_2206,2025-04-02 22:00:00,1056.740167772748,1435.8033769956237,1037.5045417467688
forecast_2207,2025-04-02 23:00:00,1838.8358794080116,2917.603481031245,1191.6862553881115
forecast_2208,2025-04-03 00:00:00,1997.526883459624,3620.8524283998495,2170.9824662998594
forecast_2209,2025-04-03 01:00:00,2426.547246428019,3721.24004573992,1405.3523157386526
forecast_2210,2025-04-03 02:00:00,1988.3971891872266,3639.5453882791307,1394.9641174325675
forecast_2211,2025-04-03 03:00:00,1933.4754998969038,3751.397459339963,1405.3523157386526
forecast_2212,2025-04-03 04:00:00,1831.782080672613,2795.4266338727257,1387.0095127857678
forecast_2213,2025-04-03 05:00:00,1900.8448514269353,2125.446049705073,1279.1181601931728
forecast_2214,2025-04-03 06:00:00,1954.584234244261,2509.1587698591056,1381.8053195156122
forecast_2215,2025-04-03 07:00:00,1906.1174865234757,3483.363706600196,2176.552211144972
forecast_2216,2025-04-03 08:00:00,1768.19732312313,2855.9844089137664,2038.9637116574675
forecast_2217,2025-04-03 09:00:00,1070.087594683823,1506.3661343252768,1080.822254320779
forecast_2218,2025-04-03 10:00:00,609.4226950808142,994.2538369700009,914.7673166209312
forecast_2219,2025-04-03 11:00:00,630.3657408585607,1021.2849639217056,817.5318906970024
forecast_2220,2025-04-03 12:00:00,600.215436729767,1005.3194962969286,666.7034496614267
forecast_2221,2025-04-03 13:00:00,362.649953934408,798.3789027714926,661.9602651746998
forecast_2222,2025-04-03 14:00:00,239.13390940794687,544.1951193135242,661.9602651746998
forecast_2223,2025-04-03 15:00:00,262.90575307011255,392.9789921822241,659.4683576922671
forecast_2224,2025-04-03 16:00:00,260.0197302921102,396.0092138150546,659.4683576922671
forecast_2225,2025-04-03 17:00:00,262.90575307011255,349.292795256747,659.4683576922671
forecast_2226,2025-04-03 18:00:00,283.8618791806969,376.8570605747621,661.9602651746998
forecast_2227,2025-04-03 19:00:00,564.2129040787935,527.8236155988898,666.7034496614267
forecast_2228,2025-04-03 20:00:00,941.9800023680058,1587.5997837144205,796.3482059122924
forecast_2229,2025-04-03 21:00:00,2237.2763988168103,3329.7575254049343,1047.5996804175832
forecast_2230,2025-04-03 22:00:00,3520.3213027486177,4261.305594873416,1864.7083319214676
forecast_2231,2025-04-03 23:00:00,4645.481003632229,4638.568878848091,2712.51497832944
forecast_2232,2025-04-04 00:00:00,5522.310806871557,5982.784809720372,3467.994141968523
forecast_2233,2025-04-04 01:00:00,7786.8049150764855,7776.149727715951,4908.391890309375
forecast_2234,2025-04-04 02:00:00,8889.524498341572,9181.77526050635,7135.159828091824
forecast_2235,2025-04-04 03:00:00,9870.038874041256,10750.613099924996,8693.99597726364
forecast_2236,2025-04-04 04:00:00,11142.357426436936,11462.467239110294,8720.871524723505
forecast_2237,2025-04-04 05:00:00,11371.69904622294,11849.913598764868,8665.247973581118
forecast_2238,2025-04-04 06:00:00,11630.986014361755,11594.224878667246,8350.761417731488
forecast_2239,2025-04-04 07:00:00,11141.84009505975,10653.138005337905,8130.622614046022
forecast_2240,2025-04-04 08:00:00,10189.844569750727,9104.142061279348,5421.169283069442
forecast_2241,2025-04-04 09:00:00,6972.752014326199,7538.231864913527,2917.2158197397466
forecast_2242,2025-04-04 10:00:00,3926.00199004009,4064.669494195508,1457.524461198735
forecast_2243,2025-04-04 11:00:00,2205.401399460828,1590.1718766940912,1202.992086627288
forecast_2244,2025-04-04 12:00:00,1542.3857073846143,1070.4475981141127,903.8375835687335
forecast_2245,2025-04-04 13:00:00,1091.6152993029655,828.6584141139989,792.5574713111758
forecast_2246,2025-04-04 14:00:00,981.4604125871176,818.7350911551805,666.7034496614267
forecast_2247,2025-04-04 15:00:00,1092.7839534843615,1013.1392624511479,792.5574713111758
forecast_2248,2025-04-04 16:00:00,1817.5481376209495,1427.9604918120547,1106.8569598698407
forecast_2249,2025-04-04 17:00:00,2290.6665190236126,2744.9625004893205,1270.4089055719041
forecast_2250,2025-04-04 18:00:00,2421.3399635800683,2880.4948114165395,1883.7956405051798
forecast_2251,2025-04-04 19:00:00,3849.7838350119914,2966.349994607612,1281.2324026901774
forecast_2252,2025-04-04 20:00:00,5387.861620742256,4349.348563259062,2612.967009627896
forecast_2253,2025-04-04 21:00:00,5489.324401559846,4850.689957270504,2545.3908301607885
forecast_2254,2025-04-04 22:00:00,5537.2584300082435,6241.15894686818,1702.0660508056287
forecast_2255,2025-04-04 23:00:00,6178.496869019806,7484.9449407068005,3574.7116331219468
forecast_2256,2025-04-05 00:00:00,7532.686729538791,8673.801058345343,5545.825384531128
forecast_2257,2025-04-05 01:00:00,8827.045779652613,11596.166320168628,7457.1205384269315
forecast_2258,2025-04-05 02:00:00,9316.465387369948,12068.14645899805,7356.979545855854
forecast_2259,2025-04-05 03:00:00,9967.28568643844,12288.281981148288,7407.446774086449
forecast_2260,2025-04-05 04:00:00,10414.038501026651,12851.83506470704,7894.5810567857
forecast_2261,2025-04-05 05:00:00,9759.809788227569,10597.066419729308,7053.844160401119
forecast_2262,2025-04-05 06:00:00,9845.633044654156,10159.37761318173,7376.239217429262
forecast_2263,2025-04-05 07:00:00,9015.005823912203,9399.707175247406,5557.924681493949
forecast_2264,2025-04-05 08:00:00,8103.17350139427,8171.196916419467,4748.336222090124
forecast_2265,2025-04-05 09:00:00,6759.90427589321,7811.790480409133,4051.8625559514126
forecast_2266,2025-04-05 10:00:00,4813.440314578731,6666.616327062296,3487.593222838129
forecast_2267,2025-04-05 11:00:00,4813.309197508466,7074.276707529799,5219.22934838222
forecast_2268,2025-04-05 12:00:00,7754.594728182345,11036.46030074802,8225.938786847566
forecast_2269,2025-04-05 13:00:00,10539.950657658694,14024.122844503214,13395.170664116848
forecast_2270,2025-04-05 14:00:00,13539.1925077331,15278.734486382431,14769.08629359055
forecast_2271,2025-04-05 15:00:00,14284.775337604433,16214.366265541825,14792.30147871294
forecast_2272,2025-04-05 16:00:00,14913.210678817795,16445.664185818383,14088.965068845046
forecast_2273,2025-04-05 17:00:00,13846.166601020735,16182.966891798704,13121.012922483653
forecast_2274,2025-04-05 18:00:00,13719.233306470516,15949.083859593627,14087.197336638117
forecast_2275,2025-04-05 19:00:00,13686.098633723008,15275.140887164618,13510.484121771213
forecast_2276,2025-04-05 20:00:00,14286.20403347872,14773.925095257287,14521.760714206708
forecast_2277,2025-04-05 21:00:00,14251.008657730117,14457.565410515414,14050.109787879885
forecast_2278,2025-04-05 22:00:00,14162.530435710887,14805.68604676913,14188.730063827048
forecast_2279,2025-04-05 23:00:00,15064.689320555572,16003.414581062836,13864.178961475462
forecast_2280,2025-04-06 00:00:00,14866.147342678654,15806.175179579897,13646.588940372796
forecast_2281,2025-04-06 01:00:00,14095.155038040775,15739.774824404778,14708.857533307291
forecast_2282,2025-04-06 02:00:00,13790.147378483234,15040.737967231802,15433.213917521953
forecast_2283,2025-04-06 03:00:00,15374.899761640054,15784.845547367862,16785.331621994344
forecast_2284,2025-04-06 04:00:00,15329.782994659172,16592.84828791651,16005.679071441573
forecast_2285,2025-04-06 05:00:00,15303.761811277776,16444.261513835383,15956.47379333197
forecast_2286,2025-04-06 06:00:00,15137.376228343035,16506.984210371596,15959.915459451233
forecast_2287,2025-04-06 07:00:00,15697.737016491354,16488.452724475672,15573.861831158725
forecast_2288,2025-04-06 08:00:00,15034.749062644254,16076.0241322725,14334.759899445446
forecast_2289,2025-04-06 09:00:00,15021.183154954851,15412.78635577048,11468.090817791142
forecast_2290,2025-04-06 10:00:00,14582.372595934246,13499.7896675698,10773.223652355198
forecast_2291,2025-04-06 11:00:00,13715.184583936247,12893.916933238126,11369.352477354685
forecast_2292,2025-04-06 12:00:00,13413.95213550662,12613.077351794218,11295.98574784082
forecast_2293,2025-04-06 13:00:00,12957.231070512882,12608.425149407227,11364.562558585649
forecast_2294,2025-04-06 14:00:00,12922.391926434848,13628.954371298081,12705.329232799324
forecast_2295,2025-04-06 15:00:00,13184.6225144658,13926.484948970197,12312.801541266372
forecast_2296,2025-04-06 16:00:00,13026.138532709225,12926.335016321184,10806.291543519117
forecast_2297,2025-04-06 17:00:00,13034.684328170788,12343.357307758277,9993.286324370962
forecast_2298,2025-04-06 18:00:00,13178.596662330965,11957.758591100606,9581.145100498577
forecast_2299,2025-04-06 19:00:00,13485.56146285617,13146.200911783992,12278.815547970285
forecast_2300,2025-04-06 20:00:00,13504.993324531193,13751.316710307132,12308.415984158588
forecast_2301,2025-04-06 21:00:00,13735.686110679724,13787.562677488508,13101.707693750606
forecast_2302,2025-04-06 22:00:00,14037.712053698871,14428.30106826926,13806.729894417242
forecast_2303,2025-04-06 23:00:00,14593.823774633405,14975.49767076011,14814.591547797425
forecast_2304,2025-04-07 00:00:00,13911.105657542192,14948.857458812907,15633.271503323505
forecast_2305,2025-04-07 01:00:00,14363.998523524675,15184.034267185274,15221.788685527412
forecast_2306,2025-04-07 02:00:00,13990.281288364096,14577.646793406126,15163.846131099403
forecast_2307,2025-04-07 03:00:00,13851.267350656944,14579.406468072557,14704.908900701766
forecast_2308,2025-04-07 04:00:00,14253.440805504575,15672.04775340775,15595.702943145337
forecast_2309,2025-04-07 05:00:00,14151.26375824132,15630.104290890828,16003.048424475424
forecast_2310,2025-04-07 06:00:00,14899.966593769908,16353.655764749255,16206.260302449777
forecast_2311,2025-04-07 07:00:00,15361.197393895656,15593.745484037761,16386.624362325812
forecast_2312,2025-04-07 08:00:00,15479.261528285551,16161.318274300964,14547.93206697815
forecast_2313,2025-04-07 09:00:00,13596.045864364849,15124.637658266705,13277.205071596774
forecast_2314,2025-04-07 10:00:00,11153.702602493393,13792.87241369139,11958.074235661541
forecast_2315,2025-04-07 11:00:00,10439.75130974806,11240.90420958894,9164.422890934806
forecast_2316,2025-04-07 12:00:00,10334.584375318573,10002.656836059885,8728.413925766094
forecast_2317,2025-04-07 13:00:00,10857.268092634135,11414.748214035097,10885.84631711555
forecast_2318,2025-04-07 14:00:00,11159.760086177652,12382.3763960017,12944.290855819041
forecast_2319,2025-04-07 15:00:00,12872.189679270978,13366.397726274818,12492.306785110195
forecast_2320,2025-04-07 16:00:00,13770.707801344068,14323.63026509179,14601.581736538777
forecast_2321,2025-04-07 17:00:00,14470.254783438144,15185.73638506795,14878.431882477842
forecast_2322,2025-04-07 18:00:00,14739.73516327851,14967.173036441865,15226.300454351262
forecast_2323,2025-04-07 19:00:00,15109.94822691608,16432.584591095987,15208.30791224316
forecast_2324,2025-04-07 20:00:00,16462.163340221614,18528.385400630577,18155.872528075553
forecast_2325,2025-04-07 21:00:00,17648.068900522314,19445.468877142193,19327.67077739517
forecast_2326,2025-04-07 22:00:00,17907.735900885258,19801.612008047614,19533.381991913488
forecast_2327,2025-04-07 23:00:00,17526.57140336786,19385.73705101384,19471.219034811144
forecast_2328,2025-04-08 00:00:00,18173.71195813284,19239.62658576514,19271.61899778853
forecast_2329,2025-04-08 01:00:00,18020.95301326934,19386.59953403187,18858.59056440532
forecast_2330,2025-04-08 02:00:00,18243.539316610673,19246.378600138672,18609.87348036181
forecast_2331,2025-04-08 03:00:00,18979.495411692198,19312.071671596826,18091.097439584915
forecast_2332,2025-04-08 04:00:00,18945.094779657804,19794.195114727547,17631.378812719682
forecast_2333,2025-04-08 05:00:00,19337.94859958056,19835.685726138203,17545.292642114502
forecast_2334,2025-04-08 06:00:00,19038.544387857324,19258.083718623464,17259.753865457973
forecast_2335,2025-04-08 07:00:00,18365.526228142415,19482.1000725506,17606.698707784577
forecast_2336,2025-04-08 08:00:00,17431.14044869172,18401.2536091413,17465.674303705357
forecast_2337,2025-04-08 09:00:00,16557.059926599653,16678.951233132993,13924.905760596677
forecast_2338,2025-04-08 10:00:00,14229.98672598649,15329.056987088363,11359.657495893773
forecast_2339,2025-04-08 11:00:00,14149.950938872766,14198.294788448993,11387.906016876828
forecast_2340,2025-04-08 12:00:00,14088.659245731664,14115.139915120017,10772.95171139096
forecast_2341,2025-04-08 13:00:00,13152.656126401605,13555.478615923124,9491.048322570694
forecast_2342,2025-04-08 14:00:00,12687.782091165855,11348.956014732083,7692.520297990971
forecast_2343,2025-04-08 15:00:00,10550.724665475882,8515.46409372594,5783.878594951619
forecast_2344,2025-04-08 16:00:00,8047.833072473397,6535.345674046328,3069.912455306568
forecast_2345,2025-04-08 17:00:00,4818.640484375266,3912.8354745665238,1272.543698378016
forecast_2346,2025-04-08 18:00:00,2889.9730891954973,1684.862692809345,948.4751104324984
forecast_2347,2025-04-08 19:00:00,1670.1917285993961,1007.3030932756392,727.4584516137336
forecast_2348,2025-04-08 20:00:00,605.57068004939,522.5607270694485,661.9602651746998
forecast_2349,2025-04-08 21:00:00,386.98495995670737,355.91737762021177,659.4683576922671
forecast_2350,2025-04-08 22:00:00,396.4030754549425,376.4772245226757,659.4683576922671
forecast_2351,2025-04-08 23:00:00,709.8971001436021,380.6995255823983,661.9602651746998
forecast_2352,2025-04-09 00:00:00,830.3816397370731,455.5360483196226,661.9602651746998
forecast_2353,2025-04-09 01:00:00,897.6024490603419,812.6844946817548,661.9602651746998
forecast_2354,2025-04-09 02:00:00,1047.9455599453977,1013.7822120524079,666.7034496614267
forecast_2355,2025-04-09 03:00:00,1217.9838459578089,1398.2408907698934,817.5318906970024
forecast_2356,2025-04-09 04:00:00,1212.2203863359853,1712.3145677867765,903.8375835687335
forecast_2357,2025-04-09 05:00:00,1347.0103617105713,1718.7503483831601,817.5318906970024
forecast_2358,2025-04-09 06:00:00,1832.0905219095785,1921.3187932770477,853.3124732634827
forecast_2359,2025-04-09 07:00:00,1948.4857311544997,2006.4253099148154,914.7673166209312
forecast_2360,2025-04-09 08:00:00,2211.352993574286,2141.060966099295,1001.8561538712886
forecast_2361,2025-04-09 09:00:00,1384.4985041319198,2104.300282083709,1120.7167656592853
forecast_2362,2025-04-09 10:00:00,1792.395044962821,1905.4895185036469,1204.2993891622964
forecast_2363,2025-04-09 11:00:00,2142.49673484699,2293.20588701633,1318.6438699693697
forecast_2364,2025-04-09 12:00:00,3752.7897797087035,3503.9594669925164,3339.953752905266
forecast_2365,2025-04-09 13:00:00,4429.514242609657,5299.104010591424,3873.765523270396
forecast_2366,2025-04-09 14:00:00,4201.982818836381,6320.908099591148,5310.89143399089
forecast_2367,2025-04-09 15:00:00,5040.405145333527,6890.012172292305,6921.4908363006225
forecast_2368,2025-04-09 16:00:00,6977.080662989336,6927.715525846482,7040.794141829494
forecast_2369,2025-04-09 17:00:00,7102.569317667835,6959.105458506376,6726.685609785667
forecast_2370,2025-04-09 18:00:00,7072.230785245354,7069.793801237793,4921.521539183855
forecast_2371,2025-04-09 19:00:00,7372.670653165765,7773.144866528867,4311.741335263816
forecast_2372,2025-04-09 20:00:00,7868.218116446251,8249.807775282698,4649.713518625951
forecast_2373,2025-04-09 21:00:00,7186.315827689839,7874.102267450164,4545.831057971912
forecast_2374,2025-04-09 22:00:00,7443.535182566639,8358.535234001956,4517.006289971434
forecast_2375,2025-04-09 23:00:00,7485.596106895182,8062.341442875401,4643.163670698303
forecast_2376,2025-04-10 00:00:00,7871.838804622012,8410.493770364546,5679.703642192221
forecast_2377,2025-04-10 01:00:00,8642.46082798043,9219.537866436844,6760.081391076327
forecast_2378,2025-04-10 02:00:00,10250.272275330775,9542.96964872892,7312.795445069899
forecast_2379,2025-04-10 03:00:00,11177.39395277415,9450.568704557725,7335.329290860791
forecast_2380,2025-04-10 04:00:00,9630.723985162678,8590.944093714012,7050.751518013769
forecast_2381,2025-04-10 05:00:00,8580.328724401686,7888.360117267357,6082.70074131749
forecast_2382,2025-04-10 06:00:00,7493.495916082718,7135.036836577594,5224.139786615078
forecast_2383,2025-04-10 07:00:00,6377.07124704154,7123.245489558319,4350.328534810785
forecast_2384,2025-04-10 08:00:00,6160.2739651412385,6370.470865179997,3822.234387529388
forecast_2385,2025-04-10 09:00:00,4197.716807759447,4939.876862676866,2705.272937001405
forecast_2386,2025-04-10 10:00:00,4509.245344758228,3991.034167390185,3272.379750083781
forecast_2387,2025-04-10 11:00:00,3735.663051916535,3561.9955498430054,3251.367833838512
forecast_2388,2025-04-10 12:00:00,3046.043060878,3138.8016872970124,2767.6522953113445
forecast_2389,2025-04-10 13:00:00,2579.6261474181674,2024.8334912617247,2051.1883915210374
forecast_2390,2025-04-10 14:00:00,2701.4874250758476,2970.8087571075134,1867.037488001169
forecast_2391,2025-04-10 15:00:00,2985.819351481005,3326.799147336979,2349.3414649928236
forecast_2392,2025-04-10 16:00:00,3517.289383595282,3494.7953473623406,1344.468207640191
forecast_2393,2025-04-10 17:00:00,3163.1539763332066,3232.4057643564097,1233.0328379678544
forecast_2394,2025-04-10 18:00:00,2768.588912641525,2528.7627264070707,1174.4162697253298
forecast_2395,2025-04-10 19:00:00,2446.116696271559,2316.6336420573025,1042.12982000701
forecast_2396,2025-04-10 20:00:00,2546.302213647558,2028.4883073471706,1042.12982000701
forecast_2397,2025-04-10 21:00:00,2798.4808454518507,2400.063408915493,1038.6262187493928
forecast_2398,2025-04-10 22:00:00,3168.3248050008824,3336.20393302721,1108.0902032463778
forecast_2399,2025-04-10 23:00:00,3232.840217964068,3892.255498369931,1107.7397947586092
forecast_2400,2025-04-11 00:00:00,3137.617054610506,3502.0961196478283,1184.0354155147916
forecast_2401,2025-04-11 01:00:00,2581.5936094496533,2889.637173694363,1242.3302050623283
forecast_2402,2025-04-11 02:00:00,2644.067167267348,3489.236989311128,1331.4791547833179
forecast_2403,2025-04-11 03:00:00,2623.901156379282,3901.0986163686175,1307.498623362852
forecast_2404,2025-04-11 04:00:00,2520.4353166179253,3609.875791339816,1095.8293240730547
forecast_2405,2025-04-11 05:00:00,2312.151746996052,2331.777263952454,1095.8293240730547
forecast_2406,2025-04-11 06:00:00,1480.2929043044637,1834.6388248360286,1042.12982000701
forecast_2407,2025-04-11 07:00:00,896.0293714983816,1139.1086401026537,846.8733162175431
forecast_2408,2025-04-11 08:00:00,400.69900171355533,513.7761736909612,659.4683576922671
forecast_2409,2025-04-11 09:00:00,289.5538932842968,295.102310906754,657.7327777056947
forecast_2410,2025-04-11 10:00:00,254.18918597598145,296.210085856421,657.7327777056947
forecast_2411,2025-04-11 11:00:00,253.0321259631641,296.2647745676504,657.7327777056947
forecast_2412,2025-04-11 12:00:00,253.0321259631641,295.1569996179834,659.4683576922671
forecast_2413,2025-04-11 13:00:00,254.18918597598145,311.9489013896526,661.9602651746998
forecast_2414,2025-04-11 14:00:00,254.18918597598145,364.3044917073431,661.9602651746998
forecast_2415,2025-04-11 15:00:00,294.1149608210433,355.9839672655377,743.4147810986601
forecast_2416,2025-04-11 16:00:00,371.9335915246153,487.6913621299697,903.8375835687335
forecast_2417,2025-04-11 17:00:00,715.6337713952595,834.1931069767974,860.2690189907613
forecast_2418,2025-04-11 18:00:00,1912.105980398727,983.057217896657,903.8375835687335
forecast_2419,2025-04-11 19:00:00,2633.55726363791,2233.485728658904,994.379365288752
forecast_2420,2025-04-11 20:00:00,3407.571117837904,4066.147461446584,1210.1452644902952
forecast_2421,2025-04-11 21:00:00,4384.273505582661,4476.707502014784,1329.7528407964808
forecast_2422,2025-04-11 22:00:00,6389.439691341007,5442.414172915564,2594.4286572040774
forecast_2423,2025-04-11 23:00:00,5415.862606519225,5730.245672958199,2835.5814101165206
forecast_2424,2025-04-12 00:00:00,5316.7858844528855,5305.707050620573,2777.6603316372093
forecast_2425,2025-04-12 01:00:00,4630.032592210076,5497.190981807102,2536.5075787247656
forecast_2426,2025-04-12 02:00:00,4497.3537178769275,6254.214109202252,2225.4149719365964
forecast_2427,2025-04-12 03:00:00,4684.382239811287,6208.827579075615,2226.7824885135624
forecast_2428,2025-04-12 04:00:00,6693.778656485854,7007.508739188549,3665.1532183898207
forecast_2429,2025-04-12 05:00:00,7579.288518782034,7427.2047823642715,3658.2923953830928
forecast_2430,2025-04-12 06:00:00,7432.238912799874,7491.54785809987,3472.3367670807593
forecast_2431,2025-04-12 07:00:00,7327.315607989006,9628.97172053099,4315.461938172394
forecast_2432,2025-04-12 08:00:00,7422.508371119091,11591.41370817228,6134.019296515055
forecast_2433,2025-04-12 09:00:00,7309.357568106905,11630.00030518511,8867.548766951633
forecast_2434,2025-04-12 10:00:00,7475.87456482454,12057.199700998292,9195.590012542734
forecast_2435,2025-04-12 11:00:00,8038.959668280653,11561.298534888661,10950.40291994287
forecast_2436,2025-04-12 12:00:00,9408.811194908785,12742.882045618118,13002.031071710324
forecast_2437,2025-04-12 13:00:00,10943.758038587515,13994.522075332969,13916.115760114402
forecast_2438,2025-04-12 14:00:00,10676.69044503653,14684.16733396001,12978.59011602414
forecast_2439,2025-04-12 15:00:00,10555.734105406833,13812.569854517622,13130.949167285082
forecast_2440,2025-04-12 16:00:00,11151.25300341559,14998.85263361451,12729.555470297284
forecast_2441,2025-04-12 17:00:00,11881.548435054157,16161.842698149272,13355.443819699169
forecast_2442,2025-04-12 18:00:00,13256.953505732145,15799.027659498945,14535.741066347846
forecast_2443,2025-04-12 19:00:00,15394.849652388144,16734.041698014982,16573.779939520922
forecast_2444,2025-04-12 20:00:00,16632.01047319589,18332.48143263805,17514.348699665105
forecast_2445,2025-04-12 21:00:00,17405.699106803408,18886.39942893348,17737.464633589836
forecast_2446,2025-04-12 22:00:00,18216.758481848072,19005.66486400226,17725.708839906012
forecast_2447,2025-04-12 23:00:00,17978.291975156997,19192.122722362998,17434.400061997127
forecast_2448,2025-04-13 00:00:00,17709.576209342446,19332.921030701382,17533.352366265815
forecast_2449,2025-04-13 01:00:00,17332.78479998078,19394.301038997066,16492.08559571507
forecast_2450,2025-04-13 02:00:00,16405.561452911614,19305.87871106412,16777.543527984923
forecast_2451,2025-04-13 03:00:00,17106.14744962719,19850.639060108373,14912.81175889329
forecast_2452,2025-04-13 04:00:00,17034.807752956276,19562.20714103095,14717.926299076946
forecast_2453,2025-04-13 05:00:00,17110.41985804058,19443.22289124031,14264.144705989635
forecast_2454,2025-04-13 06:00:00,17464.202903523852,18539.81314274535,14321.30036640775
forecast_2455,2025-04-13 07:00:00,17986.947133775153,17742.819803967133,14438.103650314177
forecast_2456,2025-04-13 08:00:00,17992.712119912052,17888.157084084574,15517.532828999518
forecast_2457,2025-04-13 09:00:00,18181.803458347615,17741.82143486772,16652.512013813783
forecast_2458,2025-04-13 10:00:00,17017.764032032163,17470.137616044685,17204.658474811637
forecast_2459,2025-04-13 11:00:00,15646.467561235599,17316.77006254193,17395.02922014193
forecast_2460,2025-04-13 12:00:00,15080.61368960325,17449.87184088099,17493.272581732163
forecast_2461,2025-04-13 13:00:00,14046.470591535108,17406.383922323563,17619.646651509196
forecast_2462,2025-04-13 14:00:00,13490.370334330277,17249.57597259606,17394.42548324266
forecast_2463,2025-04-13 15:00:00,13780.01856414984,17250.126925260964,17145.27605493992
forecast_2464,2025-04-13 16:00:00,14075.53359261855,17206.74121700721,17038.511915652474
forecast_2465,2025-04-13 17:00:00,15219.308935416364,17878.261767968146,17722.203699084443
forecast_2466,2025-04-13 18:00:00,17055.61183773318,18297.299451799005,18402.598245116398
forecast_2467,2025-04-13 19:00:00,17605.36326160889,18369.54105561369,18531.091310287913
forecast_2468,2025-04-13 20:00:00,17589.4824557083,18249.639384358292,18733.34736289102
forecast_2469,2025-04-13 21:00:00,17059.1894314119,18042.790578737728,18663.952191818633
forecast_2470,2025-04-13 22:00:00,15435.259670009746,17335.583370608667,18687.137799746146
forecast_2471,2025-04-13 23:00:00,14206.237776444588,17065.234937096848,17004.536608007154
forecast_2472,2025-04-14 00:00:00,13705.384407848693,16624.958937194973,17012.543553854222
forecast_2473,2025-04-14 01:00:00,12942.13950889337,16291.93973659204,15042.462728857261
forecast_2474,2025-04-14 02:00:00,12239.859649561704,16164.481231136579,13694.626341405412
forecast_2475,2025-04-14 03:00:00,11762.389497143926,15874.09231362584,9366.73375083454
forecast_2476,2025-04-14 04:00:00,10681.315825437434,14672.341193280885,8127.136490669354
forecast_2477,2025-04-14 05:00:00,9422.521864777733,9881.526788961462,7239.3604016644895
forecast_2478,2025-04-14 06:00:00,7291.036296284887,8440.162457530176,4729.392629549472
forecast_2479,2025-04-14 07:00:00,4655.957073355829,7102.309337982219,3187.7322881363552
forecast_2480,2025-04-14 08:00:00,3803.10338209174,5055.340242088192,2610.593298229567
forecast_2481,2025-04-14 09:00:00,2894.6059531452893,3866.3472071137876,1921.095906389089
forecast_2482,2025-04-14 10:00:00,2114.5132625974197,3173.9264069960504,1279.593416468317
forecast_2483,2025-04-14 11:00:00,1869.7556648068653,3438.313600725121,1806.5703709482502
forecast_2484,2025-04-14 12:00:00,2041.5552049116147,3358.006907757065,1850.701308969195
forecast_2485,2025-04-14 13:00:00,2015.1816284575852,3263.6060229504374,2242.631775340945
forecast_2486,2025-04-14 14:00:00,1741.9167784534268,2985.5048651522943,1159.3732975931316
forecast_2487,2025-04-14 15:00:00,1044.316694685132,1515.321648059422,733.1012964775528
forecast_2488,2025-04-14 16:00:00,674.1741987082368,1177.0199789160763,666.7034496614267
forecast_2489,2025-04-14 17:00:00,661.8760588306577,1144.833305328431,735.5932039599854
forecast_2490,2025-04-14 18:00:00,899.331184917662,1571.8173990039681,1021.1469406872191
forecast_2491,2025-04-14 19:00:00,1999.7678140058968,2062.3239302184315,1253.176595468175
forecast_2492,2025-04-14 20:00:00,2546.932288431429,2962.243888679536,2142.795841112267
forecast_2493,2025-04-14 21:00:00,2423.953128997039,3454.7547341424565,2506.3591979169782
forecast_2494,2025-04-14 22:00:00,2790.1303120044604,4334.389765181448,2824.6775109259474
forecast_2495,2025-04-14 23:00:00,4496.112405829912,4603.44476287567,2797.6849588723767
forecast_2496,2025-04-15 00:00:00,4091.510545317302,5466.813103596355,3516.480428995991
forecast_2497,2025-04-15 01:00:00,6357.367065250379,6169.179397231209,4160.032082888089
forecast_2498,2025-04-15 02:00:00,6800.273317479225,6916.113948131397,4328.7748553863785
forecast_2499,2025-04-15 03:00:00,6866.758397171543,7198.6938533375,4110.670494139549
forecast_2500,2025-04-15 04:00:00,6489.6543849681875,8209.468406509603,4017.522581244586
forecast_2501,2025-04-15 05:00:00,7282.228205598166,8493.448228021432,4603.441643220851
forecast_2502,2025-04-15 06:00:00,7802.040051162834,9191.827120719981,5778.150552170476
forecast_2503,2025-04-15 07:00:00,7824.195657703327,9828.27146455739,7748.895940839362
forecast_2504,2025-04-15 08:00:00,8331.980541591713,11793.417048968633,7263.2573576059485
forecast_2505,2025-04-15 09:00:00,8160.563874277999,9840.558442641675,7328.961167350996
forecast_2506,2025-04-15 10:00:00,9620.03205554505,11106.660983113496,8252.53346757519
forecast_2507,2025-04-15 11:00:00,10254.274618659525,11075.607021847041,8226.73058712102
forecast_2508,2025-04-15 12:00:00,10338.365233438211,9394.502293711725,7521.98326965819
forecast_2509,2025-04-15 13:00:00,10912.922805071164,9394.423102534278,7656.424783336234
forecast_2510,2025-04-15 14:00:00,11384.033067188506,10891.414443852287,8730.834559175217
forecast_2511,2025-04-15 15:00:00,11634.668095633473,11340.71412742019,9015.221914269192
forecast_2512,2025-04-15 16:00:00,12863.210196170341,11222.351000642773,8693.38667015701
forecast_2513,2025-04-15 17:00:00,13072.892272498764,11212.095094104356,9273.963468741777
forecast_2514,2025-04-15 18:00:00,13971.361400552772,12771.392382280428,11907.489085759807
forecast_2515,2025-04-15 19:00:00,15172.70514720233,14111.610433584025,13022.742029586638
forecast_2516,2025-04-15 20:00:00,15704.560607155687,16039.439947422463,15543.919256850484
forecast_2517,2025-04-15 21:00:00,15359.114562189256,16800.895439562435,15600.120885924745
forecast_2518,2025-04-15 22:00:00,15891.595904181173,18036.309863522933,16683.8779400066
forecast_2519,2025-04-15 23:00:00,16118.87077606271,18359.608962260412,18188.614199077856
forecast_2520,2025-04-16 00:00:00,15594.628121863168,18451.485558491047,18212.29657298559
forecast_2521,2025-04-16 01:00:00,15794.067924294786,19237.436088515038,17040.177323891556
forecast_2522,2025-04-16 02:00:00,16281.686516734306,19329.5052315697,16136.588223668161
forecast_2523,2025-04-16 03:00:00,16427.8317687667,19069.730145340905,15323.821151448521
forecast_2524,2025-04-16 04:00:00,15523.864314284025,18118.544883387494,16170.979270326872
forecast_2525,2025-04-16 05:00:00,15806.979778105722,17527.175829211435,16263.327900827095
forecast_2526,2025-04-16 06:00:00,15008.22017265463,16749.464728800453,16815.995318958227
forecast_2527,2025-04-16 07:00:00,14432.964847641299,17308.40842273654,14054.222452854718
forecast_2528,2025-04-16 08:00:00,14039.518794247188,16503.503516399098,13927.05453808812
forecast_2529,2025-04-16 09:00:00,12114.86569941109,14083.803308100472,13368.033272690489
forecast_2530,2025-04-16 10:00:00,11375.873385641418,11558.323161078924,12282.14810697646
forecast_2531,2025-04-16 11:00:00,11284.309696208638,9513.512037536655,10904.67812078564
forecast_2532,2025-04-16 12:00:00,12533.93325919675,11318.762954532216,11771.478459141912
forecast_2533,2025-04-16 13:00:00,13021.791533858683,13599.043515954487,13328.378487554417
forecast_2534,2025-04-16 14:00:00,14178.803416472118,15347.61140986811,15139.368602137989
forecast_2535,2025-04-16 15:00:00,14918.690947264728,16396.34535279002,15977.905753388448
forecast_2536,2025-04-16 16:00:00,15605.59396233172,16996.988732764927,16890.79055736756
forecast_2537,2025-04-16 17:00:00,16684.177049583508,18035.384235033882,17754.032239603148
forecast_2538,2025-04-16 18:00:00,17870.15908107547,19206.60483557328,18946.61176774313
forecast_2539,2025-04-16 19:00:00,17904.48869310838,19710.311157432097,19300.164140199337
forecast_2540,2025-04-16 20:00:00,18453.262711032505,20083.395543560124,19421.769825218955
forecast_2541,2025-04-16 21:00:00,17768.679235566764,20093.99855394246,19199.43304438288
forecast_2542,2025-04-16 22:00:00,18072.392839095315,20242.42563575236,18773.87297288128
forecast_2543,2025-04-16 23:00:00,18789.056291072477,20377.600428643393,19171.964234252126
forecast_2544,2025-04-17 00:00:00,18950.659726874677,19885.901518606268,18855.939528376388
forecast_2545,2025-04-17 01:00:00,18150.708976252798,19384.589203243573,18343.703162156096
forecast_2546,2025-04-17 02:00:00,17815.585167830457,19394.89330864653,18478.737014675527
forecast_2547,2025-04-17 03:00:00,17917.04933716209,19312.196847020634,18495.892038633385
forecast_2548,2025-04-17 04:00:00,17273.183095413628,18988.993160711507,18321.63612881852
forecast_2549,2025-04-17 05:00:00,16072.872535103914,18151.074794162076,17397.59541586425
forecast_2550,2025-04-17 06:00:00,16327.17003053324,17414.33106181819,14546.073993699905
forecast_2551,2025-04-17 07:00:00,15653.182890177282,17467.98123590002,14804.74168992466
forecast_2552,2025-04-17 08:00:00,15779.35900311366,16612.176538999523,15939.003201843178
forecast_2553,2025-04-17 09:00:00,13610.476051149812,14631.23623020527,12348.729028852971
forecast_2554,2025-04-17 10:00:00,11233.480243868156,13455.148089324499,11090.503084450409
forecast_2555,2025-04-17 11:00:00,10377.700908620618,11750.945280095228,9866.724930031427
forecast_2556,2025-04-17 12:00:00,10279.44669562583,11099.759029899762,10438.972093511818
forecast_2557,2025-04-17 13:00:00,10199.142618475138,11177.75881174218,11691.909293843497
forecast_2558,2025-04-17 14:00:00,10326.135384615698,12770.807450411103,12493.152291180104
forecast_2559,2025-04-17 15:00:00,10648.646730834964,11724.164582693787,13692.99411059159
forecast_2560,2025-04-17 16:00:00,11387.305357258338,12404.236133186585,13094.816133901633
forecast_2561,2025-04-17 17:00:00,11337.453128279667,11811.284729597206,12372.150260660226
forecast_2562,2025-04-17 18:00:00,10883.618647862784,11533.740986798954,12244.399473300835
forecast_2563,2025-04-17 19:00:00,12600.817278340392,13060.069185025814,12553.879159608987
forecast_2564,2025-04-17 20:00:00,13227.663093629695,14106.28805855161,12825.971707406487
forecast_2565,2025-04-17 21:00:00,13409.625337611365,15061.422943589667,13695.867970365714
forecast_2566,2025-04-17 22:00:00,14485.63075135334,17110.353516533873,16855.790214434426
forecast_2567,2025-04-17 23:00:00,15609.0911183052,18319.41485104536,17507.006790212214
forecast_2568,2025-04-18 00:00:00,18021.250754603432,19385.057232953666,18418.23680885459
forecast_2569,2025-04-18 01:00:00,17646.240789279713,19480.115236446272,17058.860800466035
forecast_2570,2025-04-18 02:00:00,17910.308817265657,19664.310279547826,18405.95168807172
forecast_2571,2025-04-18 03:00:00,18577.405442227056,19735.385570600425,18848.816729709833
forecast_2572,2025-04-18 04:00:00,18688.13597204614,19450.420832926342,18713.998820016895
forecast_2573,2025-04-18 05:00:00,18263.23454056354,18970.964599116618,18233.99247542638
forecast_2574,2025-04-18 06:00:00,16217.543425813536,18224.717143184465,16616.800293587286
forecast_2575,2025-04-18 07:00:00,15690.92711147829,15522.343279973484,15767.353049018362
forecast_2576,2025-04-18 08:00:00,13610.699166004706,14696.340664000072,12511.417175918174
forecast_2577,2025-04-18 09:00:00,12208.785891333031,12672.984568866279,9621.200081252846
forecast_2578,2025-04-18 10:00:00,10736.036587072284,11300.221363754996,10492.042297777767
forecast_2579,2025-04-18 11:00:00,10912.953837244524,12274.526029762215,10786.26590945062
forecast_2580,2025-04-18 12:00:00,10801.282144622728,11877.830502967026,10234.137287973117
forecast_2581,2025-04-18 13:00:00,10487.2701094689,10825.577176781271,9292.610943093092
forecast_2582,2025-04-18 14:00:00,9972.263138158223,9475.229580766763,8906.258516146469
forecast_2583,2025-04-18 15:00:00,9430.736917699216,9437.613192226783,8566.076333151354
forecast_2584,2025-04-18 16:00:00,9173.354961140847,9156.537215821865,8405.368346618134
forecast_2585,2025-04-18 17:00:00,9488.9693933854,9412.861054983028,8122.888259275814
forecast_2586,2025-04-18 18:00:00,10173.883014266612,10327.012649929911,8434.923115199195
forecast_2587,2025-04-18 19:00:00,11226.72674635598,12397.764715044312,9123.396789102646
forecast_2588,2025-04-18 20:00:00,11789.630893029818,13065.848385187996,8838.741050178854
forecast_2589,2025-04-18 21:00:00,12070.497873105272,12348.64353360266,9589.908411845081
forecast_2590,2025-04-18 22:00:00,12608.409257632922,13979.763092572655,10372.183429273611
forecast_2591,2025-04-18 23:00:00,12529.186548544716,14071.073053494143,10881.286112027301
forecast_2592,2025-04-19 00:00:00,13496.45360057221,14710.541357191983,12817.518927657262
forecast_2593,2025-04-19 01:00:00,13227.647507662303,15467.581333779515,12858.230577629209
forecast_2594,2025-04-19 02:00:00,14412.460414716154,17017.32146188827,13728.635989618273
forecast_2595,2025-04-19 03:00:00,15128.076219137874,17055.42728624524,14728.243774861849
forecast_2596,2025-04-19 04:00:00,14571.21428032249,17338.915133062997,14420.002195736379
forecast_2597,2025-04-19 05:00:00,13820.85159330023,15797.469744840142,14009.654238951513
forecast_2598,2025-04-19 06:00:00,12725.537263825678,15125.443233448077,13025.433186837032
forecast_2599,2025-04-19 07:00:00,12512.834776510112,14371.856417382436,13144.472792815452
forecast_2600,2025-04-19 08:00:00,11837.53969611291,14683.808165957651,12858.470444216833
forecast_2601,2025-04-19 09:00:00,11430.335796724165,14415.3942130738,12554.798817192985
forecast_2602,2025-04-19 10:00:00,12692.12419396801,14732.104343712326,12637.374256272415
forecast_2603,2025-04-19 11:00:00,13207.314273373835,14695.24164739892,14106.825855929419
forecast_2604,2025-04-19 12:00:00,13424.477855503093,17534.07869897913,17547.54518558892
forecast_2605,2025-04-19 13:00:00,15056.159179041186,18724.202600784265,18094.900118637273
forecast_2606,2025-04-19 14:00:00,17212.543087063066,19146.881123216488,17439.962774853808
forecast_2607,2025-04-19 15:00:00,17148.2463482872,19515.6034474299,17854.25316739866
forecast_2608,2025-04-19 16:00:00,16607.58342149229,19345.735199077135,17805.105706799273
forecast_2609,2025-04-19 17:00:00,17200.212779353078,19101.82375590082,17636.725416864665
forecast_2610,2025-04-19 18:00:00,17945.098312156646,19158.794577404893,17415.405607091092
forecast_2611,2025-04-19 19:00:00,18306.716165120117,19234.92262388915,18042.855687076815
forecast_2612,2025-04-19 20:00:00,16422.626216585013,18470.9965136203,17141.431728796626
forecast_2613,2025-04-19 21:00:00,15261.979049165288,17809.635045160878,16655.494573898784
forecast_2614,2025-04-19 22:00:00,13914.848750766314,15676.785743967286,11961.835293581431
forecast_2615,2025-04-19 23:00:00,12460.701865996854,13869.404964244906,9965.431606863103
forecast_2616,2025-04-20 00:00:00,10516.648981971459,10592.435070103453,9007.969612873985
forecast_2617,2025-04-20 01:00:00,9235.61508863008,11781.528080731036,7914.129424114524
forecast_2618,2025-04-20 02:00:00,7832.002551096145,8616.79507872474,5995.58786368785
forecast_2619,2025-04-20 03:00:00,5736.372365424815,6300.333805527005,4773.16521994991
forecast_2620,2025-04-20 04:00:00,4080.1937731207304,4534.997918240592,2699.839327167885
forecast_2621,2025-04-20 05:00:00,2863.431613590278,2114.2964557176615,1222.4069738040362
forecast_2622,2025-04-20 06:00:00,2142.316549807119,1459.5522424308958,743.4147810986601
forecast_2623,2025-04-20 07:00:00,956.8621811762017,901.3351866795667,661.9602651746998
forecast_2624,2025-04-20 08:00:00,367.691675944865,497.96730345728884,657.7327777056947
forecast_2625,2025-04-20 09:00:00,254.18918597598145,298.07399854313934,657.7327777056947
forecast_2626,2025-04-20 10:00:00,254.18918597598145,296.3243844533978,657.7327777056947
forecast_2627,2025-04-20 11:00:00,253.0321259631641,296.210085856421,657.7327777056947
forecast_2628,2025-04-20 12:00:00,253.0321259631641,298.07399854313934,659.4683576922671
forecast_2629,2025-04-20 13:00:00,253.0321259631641,333.6815816995146,659.4683576922671
forecast_2630,2025-04-20 14:00:00,253.0321259631641,355.9125446646857,659.4683576922671
forecast_2631,2025-04-20 15:00:00,254.18918597598145,360.09061485423183,661.9602651746998
forecast_2632,2025-04-20 16:00:00,254.18918597598145,355.4760750230381,661.9602651746998
forecast_2633,2025-04-20 17:00:00,262.90575307011255,351.298004833492,659.4683576922671
forecast_2634,2025-04-20 18:00:00,273.4067594435624,348.11610486629843,657.7327777056947
forecast_2635,2025-04-20 19:00:00,297.96332605796846,370.933297085012,657.7327777056947
forecast_2636,2025-04-20 20:00:00,305.1589795002333,354.2355324108411,657.7327777056947
forecast_2637,2025-04-20 21:00:00,360.5954106638148,370.933297085012,657.7327777056947
forecast_2638,2025-04-20 22:00:00,354.1806854279565,339.27363320666893,659.4683576922671
forecast_2639,2025-04-20 23:00:00,354.1806854279565,334.6304545269736,659.4683576922671
forecast_2640,2025-04-21 00:00:00,457.978212615697,319.63985283627625,657.7327777056947
forecast_2641,2025-04-21 01:00:00,632.5052512875858,366.11318014779306,657.7327777056947
forecast_2642,2025-04-21 02:00:00,767.6332162344331,426.5365070792103,659.4683576922671
forecast_2643,2025-04-21 03:00:00,902.8852775479321,552.054880703344,661.9602651746998
forecast_2644,2025-04-21 04:00:00,997.3559130006512,939.1090952336023,666.7034496614267
forecast_2645,2025-04-21 05:00:00,1445.1250213225521,1371.4368427341467,853.3124732634827
forecast_2646,2025-04-21 06:00:00,2242.794369993239,1795.704326873102,978.1557426628744
forecast_2647,2025-04-21 07:00:00,2398.0593025214453,2748.4702654186513,1076.8490669958596
forecast_2648,2025-04-21 08:00:00,2092.671159913946,2888.685695930215,1188.583847248078
forecast_2649,2025-04-21 09:00:00,1959.889272587757,2475.91710644067,1218.9188092950294
forecast_2650,2025-04-21 10:00:00,1748.8850461746256,1487.2787057196026,1269.984756580274
forecast_2651,2025-04-21 11:00:00,1588.2014166012173,1304.6137486765622,1330.1184317573354
forecast_2652,2025-04-21 12:00:00,1562.12754867156,1315.1827843986907,1394.4067075180835
forecast_2653,2025-04-21 13:00:00,1871.50554080933,1322.3442517603685,2077.521939621095
forecast_2654,2025-04-21 14:00:00,2061.669388325178,1394.0026106867003,2058.18757973878
forecast_2655,2025-04-21 15:00:00,2061.669388325178,1419.6216665784866,2072.6280583200023
forecast_2656,2025-04-21 16:00:00,2428.359014640474,1345.5958659956943,1374.163579086212
forecast_2657,2025-04-21 17:00:00,2512.3881318454614,1652.36916315927,1330.1184317573354
forecast_2658,2025-04-21 18:00:00,3533.2238081743985,2712.933250698598,1430.378650221588
forecast_2659,2025-04-21 19:00:00,5249.73298357715,5047.867792435842,2723.6267687400314
forecast_2660,2025-04-21 20:00:00,7203.092864546938,7571.216066979269,3521.714103381484
forecast_2661,2025-04-21 21:00:00,6905.302000259269,8700.39478245979,3398.3243719532497
forecast_2662,2025-04-21 22:00:00,7547.499039399858,9911.505394790638,4738.47573493176
forecast_2663,2025-04-21 23:00:00,7764.756650979371,11907.0348606726,4844.607701667172
forecast_2664,2025-04-22 00:00:00,8213.768437898238,9795.179687497173,4825.878918610952
forecast_2665,2025-04-22 01:00:00,9026.301722653072,9311.447171922056,5621.519168223173
forecast_2666,2025-04-22 02:00:00,8518.093579790562,9935.499381626696,6916.755172349396
forecast_2667,2025-04-22 03:00:00,8344.94540987455,8766.526459007147,5850.8215332218615
forecast_2668,2025-04-22 04:00:00,7697.747043277891,8474.0169309706,4973.62537029759
forecast_2669,2025-04-22 05:00:00,5918.680840543935,8374.17097819032,4846.620379886941
forecast_2670,2025-04-22 06:00:00,4784.37308415057,6632.9674143511465,4209.885522744325
forecast_2671,2025-04-22 07:00:00,4660.808432441412,5270.908932620051,3590.3182860893867
forecast_2672,2025-04-22 08:00:00,4877.087642244968,5226.0015164100605,4343.180644641904
forecast_2673,2025-04-22 09:00:00,5918.684619569145,7031.201642612323,4763.593181180796
forecast_2674,2025-04-22 10:00:00,6166.610986031517,8025.403727927012,5643.650026743606
forecast_2675,2025-04-22 11:00:00,7304.9364475322045,9308.959457282002,7830.257568379244
forecast_2676,2025-04-22 12:00:00,7661.755068444012,10879.971236430765,7645.976792754818
forecast_2677,2025-04-22 13:00:00,7583.705051855279,9196.21164144563,6675.82564556424
forecast_2678,2025-04-22 14:00:00,7128.855002350096,8317.924144851033,4772.850942248702
forecast_2679,2025-04-22 15:00:00,6942.113871636226,8706.576664616168,3904.0080065237307
forecast_2680,2025-04-22 16:00:00,5201.714837706732,7820.78475831972,2864.4393492492777
forecast_2681,2025-04-22 17:00:00,3619.7182273754906,5785.696332632232,2739.8638296816134
forecast_2682,2025-04-22 18:00:00,2699.4409891906325,4013.675351736462,2379.0647203834314
forecast_2683,2025-04-22 19:00:00,3120.9467582974794,3686.086351573779,1384.445302751304
forecast_2684,2025-04-22 20:00:00,4533.369298879057,3378.873256478849,2011.453807939802
forecast_2685,2025-04-22 21:00:00,4582.223922565977,3361.8391921082266,2453.9025443877617
forecast_2686,2025-04-22 22:00:00,4115.958355771208,3516.919655566213,2730.64675834256
forecast_2687,2025-04-22 23:00:00,3976.6572266595526,3736.972727909227,2830.704039329552
forecast_2688,2025-04-23 00:00:00,4144.665943647326,4167.308746831473,2936.122402898431
forecast_2689,2025-04-23 01:00:00,3888.0713304368846,3882.5729337634607,2923.839323661862
forecast_2690,2025-04-23 02:00:00,3862.6815914340705,3817.3378661242095,3151.537038099175
forecast_2691,2025-04-23 03:00:00,3922.810561222954,4669.997298744875,3491.0401621299743
forecast_2692,2025-04-23 04:00:00,3866.9433511988746,4560.199577444058,3778.6486573984635
forecast_2693,2025-04-23 05:00:00,3864.0383725704123,4779.737711838481,3504.6389020584056
forecast_2694,2025-04-23 06:00:00,4526.356914536647,5028.454576651639,3438.268546696066
forecast_2695,2025-04-23 07:00:00,3902.0559009344274,4239.337144355569,2784.254340112247
forecast_2696,2025-04-23 08:00:00,2885.1218621587645,3553.4072033970797,1357.3706860151365
forecast_2697,2025-04-23 09:00:00,2078.155254005778,1997.6535883631564,1198.6563678524765
forecast_2698,2025-04-23 10:00:00,1257.7168237076914,1319.251256932906,864.6827581507534
forecast_2699,2025-04-23 11:00:00,742.8466043134767,732.9054142829486,666.7034496614267
forecast_2700,2025-04-23 12:00:00,327.32063918746496,462.5625020517622,659.4683576922671
forecast_2701,2025-04-23 13:00:00,254.18918597598145,303.03676269637117,659.4683576922671
forecast_2702,2025-04-23 14:00:00,262.90575307011255,298.07399854313934,659.4683576922671
forecast_2703,2025-04-23 15:00:00,332.65995461384307,371.0759443010249,661.9602651746998
forecast_2704,2025-04-23 16:00:00,705.8167395780873,560.6355240168967,666.7034496614267
forecast_2705,2025-04-23 17:00:00,1361.2368759681915,1272.7539289637105,792.5574713111758
forecast_2706,2025-04-23 18:00:00,2436.443938690635,1875.3440551036595,1246.337417315913
forecast_2707,2025-04-23 19:00:00,4593.397410518033,4751.770092927347,2355.8514577241995
forecast_2708,2025-04-23 20:00:00,7487.470148879921,6750.440656420009,3588.666331616253
forecast_2709,2025-04-23 21:00:00,8650.30378643818,9421.051731111467,6305.374320094954
forecast_2710,2025-04-23 22:00:00,10897.040170758626,12386.797348800359,9671.671570545197
forecast_2711,2025-04-23 23:00:00,12105.287331584777,15457.290401641818,11717.553976224484
forecast_2712,2025-04-24 00:00:00,14165.629866109619,16683.1297757535,13913.02708440679
forecast_2713,2025-04-24 01:00:00,14067.588523893708,15448.162284822483,15353.596786078084
forecast_2714,2025-04-24 02:00:00,14668.990126482768,15664.875728720202,16809.2270161938
forecast_2715,2025-04-24 03:00:00,15762.217621568736,16472.568387619605,17653.642664304698
forecast_2716,2025-04-24 04:00:00,17610.149699365036,15889.829205525582,17774.605949464178
forecast_2717,2025-04-24 05:00:00,16503.839432907233,15613.74467549945,17359.234527840817
forecast_2718,2025-04-24 06:00:00,17504.216988877677,16661.242077321418,16430.2852029239
forecast_2719,2025-04-24 07:00:00,17297.348300370377,17624.373703680278,14084.411638693786
forecast_2720,2025-04-24 08:00:00,14762.417276155797,16978.668082873275,12825.055838817427
forecast_2721,2025-04-24 09:00:00,10884.772482856739,14563.047824678175,9937.621690457867
forecast_2722,2025-04-24 10:00:00,9567.413129721102,12026.309464342636,9607.9208136562
forecast_2723,2025-04-24 11:00:00,9889.18449768148,11488.791473517776,10401.832763439535
forecast_2724,2025-04-24 12:00:00,11214.185164322911,12878.03969610087,11710.896973600717
forecast_2725,2025-04-24 13:00:00,12322.52822019921,13087.210607176794,11817.209875810382
forecast_2726,2025-04-24 14:00:00,13958.552936608956,13587.164051665392,13688.219145056724
forecast_2727,2025-04-24 15:00:00,14580.818907741626,15643.927713053592,14930.886915785313
forecast_2728,2025-04-24 16:00:00,15209.65613244278,16454.260743341314,15155.594647947928
forecast_2729,2025-04-24 17:00:00,14999.457604995065,16412.405077584808,15121.417389779575
forecast_2730,2025-04-24 18:00:00,16933.681283531594,17789.387522124143,17271.551568413397
forecast_2731,2025-04-24 19:00:00,17117.67417313041,18505.23526941948,17408.480966234267
forecast_2732,2025-04-24 20:00:00,16481.579705469678,18528.321656289754,17254.32899670635
forecast_2733,2025-04-24 21:00:00,16616.97579413399,17849.75896167501,17119.597912346002
forecast_2734,2025-04-24 22:00:00,16446.264444463337,16579.35713401717,16480.64240148833
forecast_2735,2025-04-24 23:00:00,16374.231087421827,16238.0199505764,16913.05964236206
forecast_2736,2025-04-25 00:00:00,16093.691230408489,16214.487288279028,15725.831480973513
forecast_2737,2025-04-25 01:00:00,14443.560955033283,15945.554565256705,13093.399002176297
forecast_2738,2025-04-25 02:00:00,14698.328743525515,14802.610399005676,11423.414852166845
forecast_2739,2025-04-25 03:00:00,14645.687096184058,14663.10653667716,10930.16590863078
forecast_2740,2025-04-25 04:00:00,15032.547098989506,14573.263002544894,11112.297821400212
forecast_2741,2025-04-25 05:00:00,14953.28206342063,14816.398640873074,11395.761952695811
forecast_2742,2025-04-25 06:00:00,14772.019051875986,14759.764772188753,11401.327430596692
forecast_2743,2025-04-25 07:00:00,14118.827895442897,14096.962719879259,10748.504874997116
forecast_2744,2025-04-25 08:00:00,13887.907719643108,13375.19109059422,9188.374900668881
forecast_2745,2025-04-25 09:00:00,13808.67637156654,13549.573885571712,9187.31932794712
forecast_2746,2025-04-25 10:00:00,13284.508258019898,12861.067387448507,8482.74474524491
forecast_2747,2025-04-25 11:00:00,13126.800820726241,13318.295551755926,8195.03692080191
forecast_2748,2025-04-25 12:00:00,13047.167637826478,12352.578040609154,8175.848473496207
forecast_2749,2025-04-25 13:00:00,13294.729977947387,11521.750468013797,8496.251104716906
forecast_2750,2025-04-25 14:00:00,13303.523673362648,11347.452132514994,8654.928376031752
forecast_2751,2025-04-25 15:00:00,13080.077985104577,11166.333517022325,8778.72133509465
forecast_2752,2025-04-25 16:00:00,13155.65199966851,10948.943320957376,8349.637981815196
forecast_2753,2025-04-25 17:00:00,13098.013857091206,10846.539993825485,7701.0038605172795
forecast_2754,2025-04-25 18:00:00,12808.041773372348,9373.973932122002,8118.898297880356
forecast_2755,2025-04-25 19:00:00,13379.185071313195,10735.588430094296,8887.435938520455
forecast_2756,2025-04-25 20:00:00,13160.79991906028,12202.039980798987,9382.006697776098
forecast_2757,2025-04-25 21:00:00,13425.895298969122,11909.070286267754,10924.340035116302
forecast_2758,2025-04-25 22:00:00,13766.545933904223,12116.038797493638,10889.754227174451
forecast_2759,2025-04-25 23:00:00,13288.830942887318,11417.380507874546,9846.825162740935
forecast_2760,2025-04-26 00:00:00,12200.808558769175,11757.90414078825,10949.649004861527
forecast_2761,2025-04-26 01:00:00,12501.249948572227,14047.741985112061,11013.364783264848
forecast_2762,2025-04-26 02:00:00,12962.778687915628,15961.19089077679,12191.275006128419
forecast_2763,2025-04-26 03:00:00,13518.937239717628,16340.13250320878,12893.62629738917
forecast_2764,2025-04-26 04:00:00,13755.08951279507,15780.43806774636,13413.874678246322
forecast_2765,2025-04-26 05:00:00,14767.768311944088,16165.631354787849,12381.434429923498
forecast_2766,2025-04-26 06:00:00,15116.745954986694,16365.894685700865,14227.680578312556
forecast_2767,2025-04-26 07:00:00,15726.095066604326,15534.989025849514,13891.675371083289
forecast_2768,2025-04-26 08:00:00,16437.337796870263,14778.52041717938,16541.041693682506
forecast_2769,2025-04-26 09:00:00,14018.672280371888,13797.15361347319,15680.4432067559
forecast_2770,2025-04-26 10:00:00,12949.095561481596,13416.699653496506,14427.86554927145
forecast_2771,2025-04-26 11:00:00,12989.009247964535,13474.934353949106,12732.191877513404
forecast_2772,2025-04-26 12:00:00,14626.657060062586,13963.090395380827,15203.97115313324
forecast_2773,2025-04-26 13:00:00,14919.90268032377,14367.097395873312,15216.653275430504
forecast_2774,2025-04-26 14:00:00,14892.110415699673,14466.104381883371,14700.239986174314
forecast_2775,2025-04-26 15:00:00,15404.701606175382,16058.312984224798,15228.322429265882
forecast_2776,2025-04-26 16:00:00,15414.053629362523,16343.182499679606,15206.821263420188
forecast_2777,2025-04-26 17:00:00,16472.349564991757,17674.97387236109,16093.293438924335
forecast_2778,2025-04-26 18:00:00,16877.95957690131,18617.494304606495,16592.65937963682
forecast_2779,2025-04-26 19:00:00,17354.09302857653,19257.386645272964,17771.574375806096
forecast_2780,2025-04-26 20:00:00,17767.137949031272,19758.278528812523,17972.603110941447
forecast_2781,2025-04-26 21:00:00,17535.488226540652,19514.377320547537,18327.628922292548
forecast_2782,2025-04-26 22:00:00,18398.777403263794,19879.49805926014,18159.394921068313
forecast_2783,2025-04-26 23:00:00,18908.657679140997,20103.356209718397,18240.922610548165
forecast_2784,2025-04-27 00:00:00,18973.16470787553,20245.536841578505,18877.102248076502
forecast_2785,2025-04-27 01:00:00,19270.77921806533,20213.15708860921,18375.638844817648
forecast_2786,2025-04-27 02:00:00,19183.7179949182,20156.416763652633,18563.01803528516
forecast_2787,2025-04-27 03:00:00,18948.89590829166,20069.055771226354,18837.75242962334
forecast_2788,2025-04-27 04:00:00,18472.633739763005,20071.663173622317,19412.973283674433
forecast_2789,2025-04-27 05:00:00,18071.40911573913,19685.708286487737,19021.293854007385
forecast_2790,2025-04-27 06:00:00,18136.048929800785,19738.17390840721,19200.835333531213
forecast_2791,2025-04-27 07:00:00,17845.960424825178,19129.068608820777,18369.677332329396
forecast_2792,2025-04-27 08:00:00,17561.412380654932,18786.471801000804,17257.061375438723
forecast_2793,2025-04-27 09:00:00,16230.500493369886,18437.249613695378,17352.3645352125
forecast_2794,2025-04-27 10:00:00,14406.533202613598,17051.69908685913,15335.724164856487
forecast_2795,2025-04-27 11:00:00,14530.478579518307,17086.786080040067,14670.563820317708
forecast_2796,2025-04-27 12:00:00,15430.859657600295,18487.409487015422,15864.860527229848
forecast_2797,2025-04-27 13:00:00,16307.553962815227,18958.42378345147,15826.637052355154
forecast_2798,2025-04-27 14:00:00,15531.455125062354,18674.234583898527,15867.571521550253
forecast_2799,2025-04-27 15:00:00,15000.760716774379,17576.16916845752,15892.156397771036
forecast_2800,2025-04-27 16:00:00,15001.168577319604,16403.578328305688,15166.797057332626
forecast_2801,2025-04-27 17:00:00,14928.173934350658,16494.46982836452,14326.739865007543
forecast_2802,2025-04-27 18:00:00,15088.359562437161,16244.472183037147,14683.068840056221
forecast_2803,2025-04-27 19:00:00,15455.674902853823,16822.643487598532,15306.68710928324
forecast_2804,2025-04-27 20:00:00,16129.306104438036,17959.96734041679,15460.111003535954
forecast_2805,2025-04-27 21:00:00,15688.437739840487,18385.75935013437,15709.268804897798
forecast_2806,2025-04-27 22:00:00,17355.734660695663,18635.454792643035,15499.964661035609
forecast_2807,2025-04-27 23:00:00,15860.420154467496,17738.345093285665,16397.11863478248
forecast_2808,2025-04-28 00:00:00,15905.691903217079,17865.278161170852,15382.225707613115
forecast_2809,2025-04-28 01:00:00,16256.188485003973,17868.907375781004,14934.44015471025
forecast_2810,2025-04-28 02:00:00,15771.140804459967,17218.809037462175,15090.727751454131
forecast_2811,2025-04-28 03:00:00,14552.377042357748,15293.810091749096,13450.966671998496
forecast_2812,2025-04-28 04:00:00,14153.886600180474,14917.222866180044,12360.388042942994
forecast_2813,2025-04-28 05:00:00,13044.500997112755,12594.024850622689,9361.666946867153
forecast_2814,2025-04-28 06:00:00,11252.571720901493,11244.628479581068,8717.892098987337
forecast_2815,2025-04-28 07:00:00,10351.325451926697,11219.549273498835,7844.626686854821
forecast_2816,2025-04-28 08:00:00,8732.179634464306,9052.87101533899,5200.864576859613
forecast_2817,2025-04-28 09:00:00,8069.589219427724,7822.078830432166,4292.516117795688
forecast_2818,2025-04-28 10:00:00,8364.180649242673,7658.59754357362,4815.14251213557
forecast_2819,2025-04-28 11:00:00,10193.720982271636,8376.625025301204,7236.491397188937
forecast_2820,2025-04-28 12:00:00,11982.744920709749,10407.393072435614,10294.26558986557
forecast_2821,2025-04-28 13:00:00,12606.931700020725,10999.646775079182,8719.969914135228
forecast_2822,2025-04-28 14:00:00,12685.852204481045,10822.883909450866,8154.068238703932
forecast_2823,2025-04-28 15:00:00,11421.136451833423,9581.81203295619,6622.802707811592
forecast_2824,2025-04-28 16:00:00,10364.501758637463,7959.159569597876,4857.134775411687
forecast_2825,2025-04-28 17:00:00,7915.466990536001,5879.7340903727245,3564.282448767213
forecast_2826,2025-04-28 18:00:00,4967.983658957957,3898.6693635733914,2854.319660594731
forecast_2827,2025-04-28 19:00:00,4719.714150170495,4362.609329126425,2864.4836625216612
forecast_2828,2025-04-28 20:00:00,6821.390791614147,5085.3587879187235,2809.8494665527896
forecast_2829,2025-04-28 21:00:00,7097.74322629276,5590.561545923087,2759.8232466832583
forecast_2830,2025-04-28 22:00:00,7462.230038083903,6611.917502226102,2775.820806165987
forecast_2831,2025-04-28 23:00:00,7447.925218491873,7299.442574608498,2957.8095973092245
forecast_2832,2025-04-29 00:00:00,5715.637265551437,6118.916520293299,2774.2244970963075
forecast_2833,2025-04-29 01:00:00,4372.828667623639,4144.8070771061675,1326.589950309913
forecast_2834,2025-04-29 02:00:00,3879.710975821699,3902.5543185726056,1197.9918122840168
forecast_2835,2025-04-29 03:00:00,3400.4614060685913,3878.755770085708,1253.745490478657
forecast_2836,2025-04-29 04:00:00,3586.8268952792196,4152.2287376205595,1402.2618324918035
forecast_2837,2025-04-29 05:00:00,4876.47470866108,4557.743921008068,2249.7011634603214
forecast_2838,2025-04-29 06:00:00,7013.804443797974,6650.961208701966,3263.538392147861
forecast_2839,2025-04-29 07:00:00,7940.676508721993,7687.043613854155,4999.680445121572
forecast_2840,2025-04-29 08:00:00,7659.728529299189,8422.986393561947,4782.379758341616
forecast_2841,2025-04-29 09:00:00,7474.747203792625,7868.407897440568,5099.697715242798
forecast_2842,2025-04-29 10:00:00,7381.7376696911815,7195.062872724235,5130.630884874845
forecast_2843,2025-04-29 11:00:00,7828.809970160898,7232.9041253003425,5408.978057963767
forecast_2844,2025-04-29 12:00:00,7883.4519745268335,7091.894836417445,6682.250986909666
forecast_2845,2025-04-29 13:00:00,8198.354651258847,7047.442723459617,7186.948468654239
forecast_2846,2025-04-29 14:00:00,8441.838494725595,7259.3772659335245,6799.100323767911
forecast_2847,2025-04-29 15:00:00,9455.718764962934,7262.799780035375,6789.932755795433
forecast_2848,2025-04-29 16:00:00,10044.1837103153,7748.607653137382,7056.710977310524
forecast_2849,2025-04-29 17:00:00,9658.469165562066,7971.7149238699685,7497.959519743004
forecast_2850,2025-04-29 18:00:00,10505.67578046357,8673.650690827759,8682.295684862693
forecast_2851,2025-04-29 19:00:00,12101.352773345754,11560.298620280326,10116.436931807697
forecast_2852,2025-04-29 20:00:00,14140.213262486426,13861.262567314287,14927.997631131311
forecast_2853,2025-04-29 21:00:00,15028.895994045446,14993.595054350644,16230.295508142488
forecast_2854,2025-04-29 22:00:00,17738.48090034663,17834.90673615888,17757.285614868022
forecast_2855,2025-04-29 23:00:00,18719.51813348684,19365.545310851427,17937.111002623402
forecast_2856,2025-04-30 00:00:00,18649.502487630045,18756.190171835573,18097.87721013
forecast_2857,2025-04-30 01:00:00,20045.534970006047,19298.01043065373,17707.93058543718
forecast_2858,2025-04-30 02:00:00,19782.57087826106,19246.26163831344,18028.032837302497
forecast_2859,2025-04-30 03:00:00,19604.956790281452,18850.168408962025,18100.645819533835
forecast_2860,2025-04-30 04:00:00,19168.706035529452,18770.887958585772,17982.266737296377
forecast_2861,2025-04-30 05:00:00,18685.14013869481,18851.663495526645,17992.71781391924
forecast_2862,2025-04-30 06:00:00,18446.063237467177,19058.882598664903,18319.712519500208
forecast_2863,2025-04-30 07:00:00,17506.857125302788,18865.58324169208,17982.362946013724
forecast_2864,2025-04-30 08:00:00,17158.06745470149,18959.40172553566,17007.672480980324
forecast_2865,2025-04-30 09:00:00,15106.74799178846,18037.84390203672,16301.66195351868
forecast_2866,2025-04-30 10:00:00,14089.524834467204,15411.287677972647,14137.753712159978
forecast_2867,2025-04-30 11:00:00,13128.368769380191,15036.367063530644,14217.807338361707
forecast_2868,2025-04-30 12:00:00,12865.666924782325,14841.27748543527,14069.4854687047
forecast_2869,2025-04-30 13:00:00,11233.0261922377,13208.579578745132,13450.893836407844
forecast_2870,2025-04-30 14:00:00,10147.989798714707,12369.485741501123,12396.894120949324
forecast_2871,2025-04-30 15:00:00,8578.161725818543,11533.351566106378,11143.142718161162
forecast_2872,2025-04-30 16:00:00,8180.079057458339,11123.220573728138,9331.855312754493
forecast_2873,2025-04-30 17:00:00,7367.953272369492,10071.825252551176,7266.6502890488755
forecast_2874,2025-04-30 18:00:00,7286.348672368726,8438.689311675716,5159.933584222252
forecast_2875,2025-04-30 19:00:00,8706.242117648448,8314.386472182234,5181.232794484704
forecast_2876,2025-04-30 20:00:00,8279.75192543171,8259.56881812875,5649.5104442835955
forecast_2877,2025-04-30 21:00:00,9054.639316249784,9287.651781422263,7167.650243762961
forecast_2878,2025-04-30 22:00:00,11486.558795767425,11617.998870027319,8880.922114579498
forecast_2879,2025-04-30 23:00:00,12502.803326176216,14153.00114572226,11620.794632792624
forecast_2880,2025-05-01 00:00:00,14206.79741812118,15473.068383779615,12431.871217894306
forecast_2881,2025-05-01 01:00:00,14455.497794102164,15948.0014256922,12569.697220581578
forecast_2882,2025-05-01 02:00:00,14275.747458837335,16137.229009049473,13779.380319166628
forecast_2883,2025-05-01 03:00:00,15058.963239965607,16434.50146246238,14908.62583788772
forecast_2884,2025-05-01 04:00:00,15654.105861215987,17867.433631125292,16184.771830498697
forecast_2885,2025-05-01 05:00:00,17334.782468038688,18632.032697226157,16827.270293223934
forecast_2886,2025-05-01 06:00:00,17640.446231539896,18686.94809575982,17616.58689648377
forecast_2887,2025-05-01 07:00:00,17426.68332248967,18527.163671593666,16225.52075582234
forecast_2888,2025-05-01 08:00:00,15797.644755594438,18772.905631514644,16488.96975880287
forecast_2889,2025-05-01 09:00:00,14698.889978459503,18447.246510183577,15736.477686834178
forecast_2890,2025-05-01 10:00:00,14820.17817366554,18241.737487125978,15988.475210291692
forecast_2891,2025-05-01 11:00:00,14598.23455746299,18478.405575701025,17339.91244225099
forecast_2892,2025-05-01 12:00:00,14388.02209491385,18459.760427977726,17350.270522568822
forecast_2893,2025-05-01 13:00:00,16203.412001526813,18310.7762992009,17418.556178968942
forecast_2894,2025-05-01 14:00:00,16309.189555523186,18654.94194341008,16998.499597423637
forecast_2895,2025-05-01 15:00:00,15349.741529917028,17175.035347158915,16981.17258995859
forecast_2896,2025-05-01 16:00:00,15095.371967103085,16897.954093070075,16885.003333470853
forecast_2897,2025-05-01 17:00:00,13829.75093693408,17093.02151206225,15355.664129482047
forecast_2898,2025-05-01 18:00:00,12976.773519626713,15751.762048700602,12608.184740226603
forecast_2899,2025-05-01 19:00:00,13080.42524455482,15483.590181558428,13413.815092722629
forecast_2900,2025-05-01 20:00:00,12547.79367760009,15977.086988343746,12906.039804662567
forecast_2901,2025-05-01 21:00:00,12008.24101132461,16828.647598931457,12801.514590116436
forecast_2902,2025-05-01 22:00:00,13818.760947662293,15975.92794449155,13417.308803760208
forecast_2903,2025-05-01 23:00:00,15793.169910079723,17072.75624522445,14226.120769725534
forecast_2904,2025-05-02 00:00:00,17094.882871249854,17831.851296972916,16424.384479763172
forecast_2905,2025-05-02 01:00:00,16265.656584680764,18123.856643498646,17902.378525548364
forecast_2906,2025-05-02 02:00:00,15318.263379380698,17850.43035784245,17710.3169855197
forecast_2907,2025-05-02 03:00:00,15730.842972066113,17242.82453541764,17643.544423859636
forecast_2908,2025-05-02 04:00:00,16591.85393426658,17605.146033682882,17186.72366164081
forecast_2909,2025-05-02 05:00:00,16114.564753390423,16279.82319628277,16239.027820576866
forecast_2910,2025-05-02 06:00:00,16239.947483357004,15660.363853957888,17301.868468200893
forecast_2911,2025-05-02 07:00:00,15301.66397160559,15741.84530136851,16804.394663065646
forecast_2912,2025-05-02 08:00:00,14995.759287564657,15891.786751764792,13552.298113217917
forecast_2913,2025-05-02 09:00:00,14266.521399065241,15614.154915012408,11658.239192220866
forecast_2914,2025-05-02 10:00:00,13483.048875484354,14191.225075339655,11006.375535812524
forecast_2915,2025-05-02 11:00:00,13033.78483447946,12030.417886541156,9208.04320748058
forecast_2916,2025-05-02 12:00:00,12967.200325485788,10794.420225668373,8352.39987095208
forecast_2917,2025-05-02 13:00:00,11316.803895511006,8835.145249174198,7666.630130709821
forecast_2918,2025-05-02 14:00:00,10805.390040336988,8642.58377963466,7324.866647112767
forecast_2919,2025-05-02 15:00:00,10103.357255913194,8671.493855702047,6904.379640952939
forecast_2920,2025-05-02 16:00:00,8402.482227477409,8102.194450971199,6837.20402349926
forecast_2921,2025-05-02 17:00:00,8328.669338057955,8208.384220060147,6014.04461934028
forecast_2922,2025-05-02 18:00:00,9489.59011568852,9392.148932610175,7108.469426048988
forecast_2923,2025-05-02 19:00:00,10168.006754444348,11685.181634150966,8623.933498864797
forecast_2924,2025-05-02 20:00:00,10951.30216415941,12045.423333406256,9749.754550366551
forecast_2925,2025-05-02 21:00:00,11536.271267487606,11881.297222356186,9465.384433053016
forecast_2926,2025-05-02 22:00:00,11780.821163568387,11853.097920457407,9409.82693441601
forecast_2927,2025-05-02 23:00:00,12498.89787437641,13458.576485547903,8361.86216650926
forecast_2928,2025-05-03 00:00:00,12920.765885342906,13960.550915223695,9637.035283678511
forecast_2929,2025-05-03 01:00:00,13964.573439805423,14055.194253222091,12724.171947545987
forecast_2930,2025-05-03 02:00:00,13510.33958450501,13686.566038426197,12032.548250628633
forecast_2931,2025-05-03 03:00:00,12499.790014571925,13027.609676857626,11531.113120152413
forecast_2932,2025-05-03 04:00:00,9755.821752514788,10754.873479019614,9189.104709504187
forecast_2933,2025-05-03 05:00:00,9778.345218025856,10049.664516922381,7731.246519009624
forecast_2934,2025-05-03 06:00:00,7762.615323766768,9059.944813792457,5188.62978779317
forecast_2935,2025-05-03 07:00:00,7126.802800026599,10356.29924819934,4812.189995021032
forecast_2936,2025-05-03 08:00:00,7987.251661313281,13111.561468717346,6983.333410268713
forecast_2937,2025-05-03 09:00:00,7335.106292483137,11650.982281106626,7613.048708448015
forecast_2938,2025-05-03 10:00:00,7828.1762799180315,11093.887224869453,8682.16348738279
forecast_2939,2025-05-03 11:00:00,9522.205716231341,12013.23528663038,9042.73247025893
forecast_2940,2025-05-03 12:00:00,10411.532260779746,12206.823675668207,9360.911333657026
forecast_2941,2025-05-03 13:00:00,10639.835182170611,13432.368605957789,12544.150209457057
forecast_2942,2025-05-03 14:00:00,10945.346092615155,13134.285267221572,12778.357804693427
forecast_2943,2025-05-03 15:00:00,12175.878582914462,12626.37566949058,11913.914865476676
forecast_2944,2025-05-03 16:00:00,13024.089098398394,12214.838783218516,11796.33520981166
forecast_2945,2025-05-03 17:00:00,13338.176345838385,12682.945310611725,12121.22921259316
forecast_2946,2025-05-03 18:00:00,12803.69788455433,13547.950121543861,12838.462251987901
forecast_2947,2025-05-03 19:00:00,13495.705169034209,14384.338348010147,13617.449243005443
forecast_2948,2025-05-03 20:00:00,15055.552863204637,14620.637558751105,14331.786238554167
forecast_2949,2025-05-03 21:00:00,15966.836610112388,15697.921608003282,13537.338331611318
forecast_2950,2025-05-03 22:00:00,15701.841944978554,16168.445550162596,13665.220557365436
forecast_2951,2025-05-03 23:00:00,15958.869738380567,16165.738235941564,15092.45304358997
forecast_2952,2025-05-04 00:00:00,16097.88966444438,16278.2542163401,15301.25607959621
forecast_2953,2025-05-04 01:00:00,15666.175388004242,16473.23183049016,15261.21434022137
forecast_2954,2025-05-04 02:00:00,15453.241309859499,15637.824172531517,15695.466764485816
forecast_2955,2025-05-04 03:00:00,15380.792953441778,15158.332901853686,15686.58587858931
forecast_2956,2025-05-04 04:00:00,16264.404472279606,15468.276665594405,15182.262876247207
forecast_2957,2025-05-04 05:00:00,16182.850087460043,15727.945118770707,14275.713865032309
forecast_2958,2025-05-04 06:00:00,15904.004308325771,16176.129969878257,14766.633669637507
forecast_2959,2025-05-04 07:00:00,15954.312908649392,15576.749171340585,14471.573211105884
forecast_2960,2025-05-04 08:00:00,14830.504725583922,15227.306894856049,13284.46650754996
forecast_2961,2025-05-04 09:00:00,14366.84623956122,14022.358877550821,12551.320578058352
forecast_2962,2025-05-04 10:00:00,14016.395194275949,14037.176045932012,10961.221542028652
forecast_2963,2025-05-04 11:00:00,14583.820533057715,13860.35486852331,11701.161621813868
forecast_2964,2025-05-04 12:00:00,14401.282477946565,14702.65999943017,13522.868550976626
forecast_2965,2025-05-04 13:00:00,14925.012115140062,16120.875455245969,16080.293845135931
forecast_2966,2025-05-04 14:00:00,15911.446716356295,16914.63222501229,16573.46022868304
forecast_2967,2025-05-04 15:00:00,16540.104700842905,17048.897721886682,16779.180095951808
forecast_2968,2025-05-04 16:00:00,16628.625867592225,17194.91545335968,16739.419484454498
forecast_2969,2025-05-04 17:00:00,16182.405605669217,16392.58450081733,15824.835724418532
forecast_2970,2025-05-04 18:00:00,15019.92653767019,15530.37701310623,14373.855820654242
forecast_2971,2025-05-04 19:00:00,14823.885005732405,14447.708257737871,12596.673244897369
forecast_2972,2025-05-04 20:00:00,14376.971588220424,13282.589106205884,10958.249914541386
forecast_2973,2025-05-04 21:00:00,12975.941607722596,11007.072837067204,7338.282243126747
forecast_2974,2025-05-04 22:00:00,11031.285908556174,9400.324403354352,5494.316724569468
forecast_2975,2025-05-04 23:00:00,9700.960900104461,8615.45221441394,4877.755186825159
forecast_2976,2025-05-05 00:00:00,6914.813623730819,7854.749244979615,5127.110238394208
forecast_2977,2025-05-05 01:00:00,7600.905475483611,5851.493645158992,5237.824246625749
forecast_2978,2025-05-05 02:00:00,4792.061446130776,3237.6469650161116,3878.251570422815
forecast_2979,2025-05-05 03:00:00,4283.346092087195,2241.0853070590333,3037.42076899282
forecast_2980,2025-05-05 04:00:00,4095.26321862197,2711.156269853388,2238.914693078752
forecast_2981,2025-05-05 05:00:00,2839.355741050615,1714.138733349229,1189.663363999648
forecast_2982,2025-05-05 06:00:00,1789.2613339270702,968.3122197604307,792.5574713111758
forecast_2983,2025-05-05 07:00:00,1192.63433515656,591.8628341193046,661.9602651746998
forecast_2984,2025-05-05 08:00:00,333.17217107780357,403.2959160778445,657.7327777056947
forecast_2985,2025-05-05 09:00:00,254.18918597598145,294.99004551766063,657.7327777056947
forecast_2986,2025-05-05 10:00:00,254.18918597598145,296.2647745676504,657.7327777056947
forecast_2987,2025-05-05 11:00:00,253.0321259631641,296.2647745676504,657.7327777056947
forecast_2988,2025-05-05 12:00:00,253.0321259631641,296.2647745676504,657.7327777056947
forecast_2989,2025-05-05 13:00:00,253.0321259631641,296.2647745676504,657.7327777056947
forecast_2990,2025-05-05 14:00:00,254.18918597598145,298.07399854313934,657.7327777056947
forecast_2991,2025-05-05 15:00:00,262.90575307011255,325.3856877405127,657.7327777056947
forecast_2992,2025-05-05 16:00:00,336.7347327559544,405.4273796764337,661.9602651746998
forecast_2993,2025-05-05 17:00:00,759.9375317580892,747.427903050831,661.9602651746998
forecast_2994,2025-05-05 18:00:00,1104.028216397041,1639.2540520925934,683.958606265037
forecast_2995,2025-05-05 19:00:00,1882.7878344974658,2021.99882905156,982.1289299877935
forecast_2996,2025-05-05 20:00:00,2944.1975795941557,3475.411433890309,1620.4531392557417
forecast_2997,2025-05-05 21:00:00,3760.2135422514743,3977.72801439036,1375.0130190995742
forecast_2998,2025-05-05 22:00:00,3812.0927134284257,4190.650130585496,2017.4088120685421
forecast_2999,2025-05-05 23:00:00,3546.548692139588,4112.776955875943,1220.4409207213598
forecast_3000,2025-05-06 00:00:00,2873.7314240571295,3418.9924084520985,1223.2657192460342
forecast_3001,2025-05-06 01:00:00,2168.735062228153,1992.3827723169356,792.5574713111758
forecast_3002,2025-05-06 02:00:00,901.8808930201842,712.207616224032,666.7034496614267
forecast_3003,2025-05-06 03:00:00,901.933263018632,499.7212645056492,666.7034496614267
forecast_3004,2025-05-06 04:00:00,776.7591466222132,426.1741176271595,659.4683576922671
forecast_3005,2025-05-06 05:00:00,1036.969239204715,759.6479223122172,664.2115421789939
forecast_3006,2025-05-06 06:00:00,1486.6664517209676,1241.0591719549732,760.5676233458121
forecast_3007,2025-05-06 07:00:00,1802.5168671447493,1545.0779490195785,918.2709178785484
forecast_3008,2025-05-06 08:00:00,1351.9727562612866,1453.295562177535,1032.5106742175483
forecast_3009,2025-05-06 09:00:00,1048.7082552730117,1381.3496640312435,1031.575126516867
forecast_3010,2025-05-06 10:00:00,1029.3779184406276,1372.0079131595337,967.7275568332265
forecast_3011,2025-05-06 11:00:00,845.9281348952625,1198.073344415277,777.543240883872
forecast_3012,2025-05-06 12:00:00,758.9268557808307,941.852045406666,730.1402025279208
forecast_3013,2025-05-06 13:00:00,842.121764034158,914.0118042690732,766.1729559966014
forecast_3014,2025-05-06 14:00:00,799.008743766399,784.6810196991089,776.6011418262494
forecast_3015,2025-05-06 15:00:00,660.7203184880007,545.9553972049905,771.8579573395225
forecast_3016,2025-05-06 16:00:00,314.47169615665405,401.26650831299065,722.7152671270067
forecast_3017,2025-05-06 17:00:00,291.7211459446451,347.99031145632597,659.4683576922671
forecast_3018,2025-05-06 18:00:00,262.90575307011255,358.76095338727174,657.7327777056947
forecast_3019,2025-05-06 19:00:00,273.9520220004062,370.88270592222597,657.7327777056947
forecast_3020,2025-05-06 20:00:00,321.7869862340798,427.4141926648025,657.7327777056947
forecast_3021,2025-05-06 21:00:00,698.7043985307951,578.9573606788459,659.4683576922671
forecast_3022,2025-05-06 22:00:00,1362.83375795904,626.4393635545952,666.7034496614267
forecast_3023,2025-05-06 23:00:00,1578.0278941716988,1499.7391368329995,817.7812670173519
forecast_3024,2025-05-07 00:00:00,2001.6842242913688,2680.652933907603,1641.7529485780287
forecast_3025,2025-05-07 01:00:00,2714.8742787652377,2944.0067567137817,1230.1298991078443
forecast_3026,2025-05-07 02:00:00,2742.8994786597195,3269.7943411065576,1184.0354155147916
forecast_3027,2025-05-07 03:00:00,3153.6307779748236,2510.9289181162544,1247.7181290251422
forecast_3028,2025-05-07 04:00:00,3777.9265460755523,2745.145913203417,1278.5716156561173
forecast_3029,2025-05-07 05:00:00,4465.7430813134415,3374.344093970768,2030.6053760901627
forecast_3030,2025-05-07 06:00:00,5411.803126654601,3971.5839378782866,3461.3685200252557
forecast_3031,2025-05-07 07:00:00,4557.450529839068,3803.568594693466,3324.117262665658
forecast_3032,2025-05-07 08:00:00,3414.0058249301555,3108.563913287676,1491.884411329839
forecast_3033,2025-05-07 09:00:00,2457.1564768016806,2482.1050957657044,1985.826012827285
forecast_3034,2025-05-07 10:00:00,2234.662776683827,2196.8413574296737,2075.130901119969
forecast_3035,2025-05-07 11:00:00,1965.6085904545355,1777.4466191767995,1369.8319176579835
forecast_3036,2025-05-07 12:00:00,2055.379836504494,2492.714051226221,1310.0065782784054
forecast_3037,2025-05-07 13:00:00,1932.2433897055666,2729.033725483352,1123.4838755910005
forecast_3038,2025-05-07 14:00:00,1708.984180482111,1867.576423856939,1028.5374868926292
forecast_3039,2025-05-07 15:00:00,1243.451009920157,1512.263699271522,846.8733162175431
forecast_3040,2025-05-07 16:00:00,754.9270709610616,959.1813201706078,664.2115421789939
forecast_3041,2025-05-07 17:00:00,715.1840737738805,692.5288403828933,664.2115421789939
forecast_3042,2025-05-07 18:00:00,1143.7607163619425,879.6473576443572,664.2115421789939
forecast_3043,2025-05-07 19:00:00,2077.8844258404906,2214.2719435281488,941.5185647052198
forecast_3044,2025-05-07 20:00:00,3534.4307487945434,4167.725693837885,2071.3697033847156
forecast_3045,2025-05-07 21:00:00,6483.168699021716,6037.7181194305695,3681.351634115771
forecast_3046,2025-05-07 22:00:00,7668.353377794776,8111.341786710329,5447.213560899684
forecast_3047,2025-05-07 23:00:00,8608.794491250472,9296.091391447582,7006.083165002705
forecast_3048,2025-05-08 00:00:00,10225.57646256761,10555.696068925457,6734.524053816747
forecast_3049,2025-05-08 01:00:00,9438.041428648074,10211.239560483393,5706.680978286726
forecast_3050,2025-05-08 02:00:00,9598.091990033206,11157.139437982707,7083.728585322741
forecast_3051,2025-05-08 03:00:00,11783.504521872852,13519.757727605145,8769.42102408023
forecast_3052,2025-05-08 04:00:00,11715.161302155031,13281.32636733338,9207.65257166013
forecast_3053,2025-05-08 05:00:00,11768.457525404096,11316.392298372446,9287.969278376582
forecast_3054,2025-05-08 06:00:00,9368.410361575228,9585.444633645766,7429.361707548128
forecast_3055,2025-05-08 07:00:00,7738.89655437903,6934.577245738418,3683.017215273325
forecast_3056,2025-05-08 08:00:00,3721.3710901647405,3724.1080273017724,1418.4947562577731
forecast_3057,2025-05-08 09:00:00,1549.559378193047,1221.5177905127337,944.4462762632636
forecast_3058,2025-05-08 10:00:00,1006.13096397155,496.60111934300295,666.7034496614267
forecast_3059,2025-05-08 11:00:00,544.9669223203814,452.20304286856344,666.7034496614267
forecast_3060,2025-05-08 12:00:00,702.1255117380931,498.9755230338143,853.3124732634827
forecast_3061,2025-05-08 13:00:00,818.4664638676885,808.2933156028005,1155.5793142238897
forecast_3062,2025-05-08 14:00:00,1618.4511905600289,1139.9619179732051,2457.019436832282
forecast_3063,2025-05-08 15:00:00,2004.1101302819964,1453.7082982463437,2161.3458432004354
forecast_3064,2025-05-08 16:00:00,2965.7464312478155,2449.403943469605,2505.2302261653444
forecast_3065,2025-05-08 17:00:00,3314.0829698245243,3120.6857988897705,2746.3829790777877
forecast_3066,2025-05-08 18:00:00,3649.025672104871,3111.8554996411985,2754.0519975022407
forecast_3067,2025-05-08 19:00:00,4508.325710680551,3873.503536074032,2625.232851216329
forecast_3068,2025-05-08 20:00:00,4205.6691706943775,3882.259345657366,2221.411503328275
forecast_3069,2025-05-08 21:00:00,4237.74839261287,3900.2698358353555,2147.28550065474
forecast_3070,2025-05-08 22:00:00,4517.178584665952,4446.467135083103,3242.5236098265773
forecast_3071,2025-05-08 23:00:00,4579.764908666436,5171.997419592835,3315.20207781135
forecast_3072,2025-05-09 00:00:00,5397.86045665215,5144.739918948226,2765.6578874767683
forecast_3073,2025-05-09 01:00:00,7142.957501657182,6831.761864481137,3101.0241983467877
forecast_3074,2025-05-09 02:00:00,7523.915407552956,8002.185580251273,3730.863328203571
forecast_3075,2025-05-09 03:00:00,7370.061437711966,7634.07114034743,3026.716077172222
forecast_3076,2025-05-09 04:00:00,6251.449131391585,7423.552423119292,2150.595892914734
forecast_3077,2025-05-09 05:00:00,4486.267478661232,5925.469380424782,2142.0096284546407
forecast_3078,2025-05-09 06:00:00,3717.240636370436,4254.509377952427,1292.345442031856
forecast_3079,2025-05-09 07:00:00,2846.5476049650615,3840.2529020677757,1299.1307039839862
forecast_3080,2025-05-09 08:00:00,2742.5653945658405,3503.357920136288,1190.5150237014805
forecast_3081,2025-05-09 09:00:00,3941.358614887188,3789.6496001812093,1349.876697349406
forecast_3082,2025-05-09 10:00:00,5899.36760333033,5824.4306711028285,3081.342528995886
forecast_3083,2025-05-09 11:00:00,8034.127265373238,7409.936989792343,4836.2467520961045
forecast_3084,2025-05-09 12:00:00,8482.184022490845,10093.43156395362,8680.716082999186
forecast_3085,2025-05-09 13:00:00,9867.068833197207,11451.95054158903,10163.71119551249
forecast_3086,2025-05-09 14:00:00,10627.313769788298,14085.846021433648,11367.15342180679
forecast_3087,2025-05-09 15:00:00,10328.320741394306,13301.387224556569,10070.560684955823
forecast_3088,2025-05-09 16:00:00,11465.796835560639,13705.070093873725,8947.097518900342
forecast_3089,2025-05-09 17:00:00,11069.120408565554,12435.868930170427,7758.445676943111
forecast_3090,2025-05-09 18:00:00,9629.924266269576,10430.965395220415,6602.664648508173
forecast_3091,2025-05-09 19:00:00,8697.714399273264,8716.85894212351,4155.337018241575
forecast_3092,2025-05-09 20:00:00,7126.633513125945,6931.8783507575445,2945.4099068017517
forecast_3093,2025-05-09 21:00:00,7203.859064609535,7397.195307835222,3602.8561972064504
forecast_3094,2025-05-09 22:00:00,6643.340491305137,9056.871044981015,3550.4069157938065
forecast_3095,2025-05-09 23:00:00,6717.5364472523825,9154.87786742994,3806.399280391667
forecast_3096,2025-05-10 00:00:00,8737.081555264387,12081.61175391333,5524.52855297108
forecast_3097,2025-05-10 01:00:00,12066.394826094353,15374.859241439592,9269.106091533331
forecast_3098,2025-05-10 02:00:00,14173.635395980731,17110.250320597035,13793.975397109563
forecast_3099,2025-05-10 03:00:00,14326.355657656615,18496.189346536168,16030.044350697626
forecast_3100,2025-05-10 04:00:00,14566.428927404722,18376.992469837187,17619.469290550456
forecast_3101,2025-05-10 05:00:00,15795.261364055488,18590.146814859825,17121.11632294893
forecast_3102,2025-05-10 06:00:00,17435.475269155795,18833.721868804114,15554.289133822964
forecast_3103,2025-05-10 07:00:00,17877.849613282415,18761.95415361305,16475.361525420874
forecast_3104,2025-05-10 08:00:00,18027.534974846996,18585.92151061516,16424.18369573766
forecast_3105,2025-05-10 09:00:00,18042.8899465272,18649.799579315433,17079.049910052592
forecast_3106,2025-05-10 10:00:00,18202.927465832076,18645.580499780383,17526.937247301983
forecast_3107,2025-05-10 11:00:00,17959.128653429983,18126.89346508064,17299.0851853626
forecast_3108,2025-05-10 12:00:00,17808.94473599205,17883.229014568595,17288.329248565293
forecast_3109,2025-05-10 13:00:00,17786.58611048447,18038.771450753084,18066.477673719004
forecast_3110,2025-05-10 14:00:00,17570.369538465173,17947.53168239948,18481.33175535598
forecast_3111,2025-05-10 15:00:00,17133.761868114823,17946.761916438794,17797.394703781745
forecast_3112,2025-05-10 16:00:00,16034.729816853109,16997.114869154866,17250.178577760038
forecast_3113,2025-05-10 17:00:00,15060.974475226738,16983.73924921781,15531.221863997343
forecast_3114,2025-05-10 18:00:00,13631.102978211347,16060.776729268135,13059.819881359825
forecast_3115,2025-05-10 19:00:00,12937.057538271793,15485.309541951452,12259.588356086513
forecast_3116,2025-05-10 20:00:00,13129.519070685554,13450.429359565407,12267.353449986205
forecast_3117,2025-05-10 21:00:00,12755.792626856024,12715.390185612017,10744.386124308963
forecast_3118,2025-05-10 22:00:00,12072.478998134859,11517.487012613643,12248.878799876866
forecast_3119,2025-05-10 23:00:00,11534.43057599699,11485.963978347509,9394.926831924226
forecast_3120,2025-05-11 00:00:00,11548.224421907431,10434.329729074827,9345.710627194134
forecast_3121,2025-05-11 01:00:00,10822.790113203298,9605.484459200152,8437.997541600378
forecast_3122,2025-05-11 02:00:00,10653.594810849048,9798.798562133496,8497.576280330833
forecast_3123,2025-05-11 03:00:00,10084.72778218329,9594.570235280607,7784.854460737263
forecast_3124,2025-05-11 04:00:00,10263.766165700712,9539.363723943441,8116.78800807183
forecast_3125,2025-05-11 05:00:00,10381.401468415992,8473.14533779359,7901.03394213108
forecast_3126,2025-05-11 06:00:00,8566.728830431082,7518.959129031347,5894.266426186839
forecast_3127,2025-05-11 07:00:00,7049.797518244566,5957.065659757525,4705.020101801029
forecast_3128,2025-05-11 08:00:00,4385.1485747018805,4048.503679152234,3400.847937115198
forecast_3129,2025-05-11 09:00:00,2446.494652771705,2068.775590224953,1233.3890442116178
forecast_3130,2025-05-11 10:00:00,1059.2735671006808,839.549688915669,944.4462762632636
forecast_3131,2025-05-11 11:00:00,1085.353891877451,496.70090314633444,831.620872540397
forecast_3132,2025-05-11 12:00:00,746.0300409079464,807.7707793860994,914.2977305536293
forecast_3133,2025-05-11 13:00:00,922.7146481588682,1364.41547028976,1245.2007347758097
forecast_3134,2025-05-11 14:00:00,2170.1652058976356,2892.38312956257,2398.44529153148
forecast_3135,2025-05-11 15:00:00,3328.6614310549076,3512.5885436212957,2087.4224507688546
forecast_3136,2025-05-11 16:00:00,3611.318351852539,3486.549557404406,2711.3269283338477
forecast_3137,2025-05-11 17:00:00,4494.642232378764,4343.868755775877,3249.0526786022806
forecast_3138,2025-05-11 18:00:00,7548.6103245348295,5796.213680765721,4829.464516665511
forecast_3139,2025-05-11 19:00:00,8796.615771976427,7891.394023240049,6851.644271839701
forecast_3140,2025-05-11 20:00:00,9468.251787210966,8972.02781837391,8249.361807171637
forecast_3141,2025-05-11 21:00:00,10745.578210253016,9964.697584158304,9699.470625817627
forecast_3142,2025-05-11 22:00:00,12376.839562573934,13205.123554540367,13044.648198005316
forecast_3143,2025-05-11 23:00:00,13939.486842069426,15568.309610740213,14701.357105782885
forecast_3144,2025-05-12 00:00:00,15116.702245326393,16372.723962016282,16215.171105773294
forecast_3145,2025-05-12 01:00:00,14933.337270964843,17041.43611086304,16244.170723512903
forecast_3146,2025-05-12 02:00:00,14971.381492993587,17442.832444050327,15372.42072372094
forecast_3147,2025-05-12 03:00:00,14885.44531020429,17165.09569506898,14880.026915759048
forecast_3148,2025-05-12 04:00:00,15183.622575501397,15928.520698105585,15765.610764292182
forecast_3149,2025-05-12 05:00:00,15372.255027464013,15936.149797954899,17179.17596167024
forecast_3150,2025-05-12 06:00:00,15372.096523071019,16664.310082581273,15915.370703897377
forecast_3151,2025-05-12 07:00:00,15361.102685636622,15673.434037520285,15699.070901925943
forecast_3152,2025-05-12 08:00:00,14605.115093964447,13749.457601851489,12548.04132716663
forecast_3153,2025-05-12 09:00:00,13614.74818261822,12842.518053573682,10390.96398713841
forecast_3154,2025-05-12 10:00:00,11306.255869165698,11372.83777933196,8804.49547413307
forecast_3155,2025-05-12 11:00:00,10257.80727279878,9902.00043107085,7764.694289010624
forecast_3156,2025-05-12 12:00:00,10263.700163167294,10842.45697867026,7622.192139073738
forecast_3157,2025-05-12 13:00:00,10258.177444414336,11091.671902004779,8167.727408971955
forecast_3158,2025-05-12 14:00:00,10242.348268949103,11264.910021545544,7635.2193604304775
forecast_3159,2025-05-12 15:00:00,10271.499151797778,9989.40194276458,8163.027778237624
forecast_3160,2025-05-12 16:00:00,10368.041019695009,10863.288137473679,7535.910877479621
forecast_3161,2025-05-12 17:00:00,10362.911956828179,10644.646276752286,7587.321759246869
forecast_3162,2025-05-12 18:00:00,11006.113776881526,11661.822651522294,7956.985118215901
forecast_3163,2025-05-12 19:00:00,13080.617821064028,13318.154561422143,12882.667520605026
forecast_3164,2025-05-12 20:00:00,14215.21169831405,15208.009951813281,14543.151496884302
forecast_3165,2025-05-12 21:00:00,15897.728850808217,17320.190691160748,15890.967523400279
forecast_3166,2025-05-12 22:00:00,17729.69908980822,18223.19376980223,17654.065039538982
forecast_3167,2025-05-12 23:00:00,17924.634132619107,18414.00572920097,18066.195966915948
forecast_3168,2025-05-13 00:00:00,18125.793728113254,18443.771632166514,18091.29009337137
forecast_3169,2025-05-13 01:00:00,19547.971588927983,18340.77983303958,18242.36108811429
forecast_3170,2025-05-13 02:00:00,19582.80131803613,18963.127387379507,18123.963969354907
forecast_3171,2025-05-13 03:00:00,19462.166572208942,18763.546010477417,18045.644886151505
forecast_3172,2025-05-13 04:00:00,19779.295701182335,18632.77580218704,18335.74306377305
forecast_3173,2025-05-13 05:00:00,19392.166498653616,18549.69852291075,18149.20126949739
forecast_3174,2025-05-13 06:00:00,18725.076629024905,18346.237480636213,18295.275746504147
forecast_3175,2025-05-13 07:00:00,17441.135883973722,18248.19719849973,18141.114169947217
forecast_3176,2025-05-13 08:00:00,17089.450274217153,18433.267509919737,17855.473488825664
forecast_3177,2025-05-13 09:00:00,16010.368049412127,18400.8924971872,17378.148734502065
forecast_3178,2025-05-13 10:00:00,15234.310284807278,16924.67523930592,16591.093997170366
forecast_3179,2025-05-13 11:00:00,14794.761529309315,16469.867526465387,15489.559817906014
forecast_3180,2025-05-13 12:00:00,15090.74009093183,16640.569989211206,15511.941382091023
forecast_3181,2025-05-13 13:00:00,14855.49299172794,16247.878905969783,15375.012908628381
forecast_3182,2025-05-13 14:00:00,14583.399931247932,15594.561806674208,14617.297515754928
forecast_3183,2025-05-13 15:00:00,14568.23703918621,15146.905875771496,14270.637488196866
forecast_3184,2025-05-13 16:00:00,14080.579515942509,14376.01567008083,15007.974071914457
forecast_3185,2025-05-13 17:00:00,14817.920647580211,15274.470143507328,15477.727223253029
forecast_3186,2025-05-13 18:00:00,15268.461337260585,15559.566413287219,16832.207369875785
forecast_3187,2025-05-13 19:00:00,16086.729012328888,16746.370404498135,17951.038754531208
forecast_3188,2025-05-13 20:00:00,17858.284668865144,18091.022807327223,18201.432411534977
forecast_3189,2025-05-13 21:00:00,19632.92125277483,18214.39157195345,18266.68791880916
forecast_3190,2025-05-13 22:00:00,19852.63269697156,18302.131847896602,18384.070443561926
forecast_3191,2025-05-13 23:00:00,19933.788168928357,18339.213476057354,18280.547890876773
forecast_3192,2025-05-14 00:00:00,20119.08497547861,18230.542154325416,18158.974600445887
forecast_3193,2025-05-14 01:00:00,19897.369080313467,18310.58623647378,18194.819527638123
forecast_3194,2025-05-14 02:00:00,20345.144853448845,18269.04138814877,18384.997894920154
forecast_3195,2025-05-14 03:00:00,19954.102244650498,18433.273166463598,17688.443212520822
forecast_3196,2025-05-14 04:00:00,20023.363860844744,18562.588287064606,18208.853366575637
forecast_3197,2025-05-14 05:00:00,20245.2936188299,18598.617793879333,16752.022977650024
forecast_3198,2025-05-14 06:00:00,20341.48103164415,18830.080341909554,15983.155644548382
forecast_3199,2025-05-14 07:00:00,18993.841681058053,18504.220937523416,14080.192592485186
forecast_3200,2025-05-14 08:00:00,16908.47088182109,16450.27344085996,11046.050877048223
forecast_3201,2025-05-14 09:00:00,12289.825601348099,13507.890744691753,8595.396687643883
forecast_3202,2025-05-14 10:00:00,9643.783351321294,9894.76257567776,6674.653323586974
forecast_3203,2025-05-14 11:00:00,8536.096459951614,9165.777413633936,7082.91436754656
forecast_3204,2025-05-14 12:00:00,7527.066121293652,7712.029783956299,7060.584464239744
forecast_3205,2025-05-14 13:00:00,7130.886913297761,7099.762695680598,6889.262468887442
forecast_3206,2025-05-14 14:00:00,7070.223346763657,7009.07106586698,7249.394143167325
forecast_3207,2025-05-14 15:00:00,7044.828919980838,7013.219787275559,6694.457242372487
forecast_3208,2025-05-14 16:00:00,6845.980917883229,6092.639256931345,4637.4699381935325
forecast_3209,2025-05-14 17:00:00,6312.028305146224,5973.258648961363,4350.044396890412
forecast_3210,2025-05-14 18:00:00,7091.685840217431,5753.269659975897,4872.591558009175
forecast_3211,2025-05-14 19:00:00,8239.370257322495,7906.5190578794745,5474.690645764038
forecast_3212,2025-05-14 20:00:00,8437.700256071814,8960.512142469232,6770.250372553353
forecast_3213,2025-05-14 21:00:00,9364.675031834933,9528.33153184522,5965.612880888292
forecast_3214,2025-05-14 22:00:00,11462.161054563734,12610.130360231604,8067.460555650454
forecast_3215,2025-05-14 23:00:00,12717.755415711714,13927.99622467643,8232.005119986523
forecast_3216,2025-05-15 00:00:00,13368.036791134899,14670.18009551504,8948.368449204798
forecast_3217,2025-05-15 01:00:00,12768.55505340017,14758.304576312245,8890.255910898277
forecast_3218,2025-05-15 02:00:00,13094.17194916179,15250.529021274158,11115.353605138436
forecast_3219,2025-05-15 03:00:00,12019.071975970488,15840.054869581028,11525.128822685861
forecast_3220,2025-05-15 04:00:00,13583.966792359115,16088.452405820211,12773.77338128855
forecast_3221,2025-05-15 05:00:00,13208.520241303519,15781.062759914781,12474.663418712498
forecast_3222,2025-05-15 06:00:00,13840.893890755611,17809.447004234098,13764.547466331016
forecast_3223,2025-05-15 07:00:00,15521.46102945277,18635.49451528684,17617.987239394573
forecast_3224,2025-05-15 08:00:00,17793.830444854608,17989.367167297845,18284.09302897642
forecast_3225,2025-05-15 09:00:00,16888.68187244607,18009.991370953976,18318.444826627296
forecast_3226,2025-05-15 10:00:00,15948.029019011537,16759.32164146915,16797.131998590405
forecast_3227,2025-05-15 11:00:00,16049.246981177566,17333.458189772944,15894.286907947204
forecast_3228,2025-05-15 12:00:00,15352.742362298814,16998.441967046536,15993.161001332512
forecast_3229,2025-05-15 13:00:00,15991.466347861697,17138.734267957458,16516.52333671291
forecast_3230,2025-05-15 14:00:00,17579.915907242124,18017.6892191037,18041.4893582382
forecast_3231,2025-05-15 15:00:00,17635.052806583553,18241.40757755182,17649.66340507571
forecast_3232,2025-05-15 16:00:00,18462.585379741013,18037.464387303953,18472.134265809607
forecast_3233,2025-05-15 17:00:00,17241.525806231075,18104.39678578648,18513.7803838259
forecast_3234,2025-05-15 18:00:00,17680.73846779312,18203.49199490509,18536.391441262014
forecast_3235,2025-05-15 19:00:00,18042.460381703524,18094.7827628171,18751.75910550116
forecast_3236,2025-05-15 20:00:00,17368.189714218588,17815.550352702634,18938.325500343497
forecast_3237,2025-05-15 21:00:00,17696.360151971247,18277.23045835212,18935.498825186773
forecast_3238,2025-05-15 22:00:00,18128.71625358365,18143.125970295085,18978.104013322307
forecast_3239,2025-05-15 23:00:00,17576.49289804299,18331.991361703043,19129.254041282016
forecast_3240,2025-05-16 00:00:00,17443.68051691676,18327.943428730316,19139.310889755514
forecast_3241,2025-05-16 01:00:00,17171.509132839634,18335.79759760449,18691.633911278634
forecast_3242,2025-05-16 02:00:00,16843.516765657892,18259.694228558976,18481.25771872
forecast_3243,2025-05-16 03:00:00,16815.09493898129,18447.13079979836,18349.961810796187
forecast_3244,2025-05-16 04:00:00,16871.909870164847,18535.770347818547,18096.46613897723
forecast_3245,2025-05-16 05:00:00,17268.765658642063,18609.995800807483,17675.069578129864
forecast_3246,2025-05-16 06:00:00,17614.851483162995,18577.667466195788,18413.95409581143
forecast_3247,2025-05-16 07:00:00,17170.974162992723,18123.47910888229,18343.76884416564
forecast_3248,2025-05-16 08:00:00,16224.94380570274,16679.98532248605,16269.052851377279
forecast_3249,2025-05-16 09:00:00,15470.17298704247,15826.591904601402,14755.079130815528
forecast_3250,2025-05-16 10:00:00,14078.78260739738,13805.376855535525,12212.924524442735
forecast_3251,2025-05-16 11:00:00,11837.052558177707,13043.099710081438,12234.461648318289
forecast_3252,2025-05-16 12:00:00,10634.103483266397,11545.898503103288,10901.131141176007
forecast_3253,2025-05-16 13:00:00,9642.947351955852,11085.676011656864,9503.179858082232
forecast_3254,2025-05-16 14:00:00,8441.032016777364,9639.771946628121,8888.092775189389
forecast_3255,2025-05-16 15:00:00,7546.790641314061,9065.104086916213,7364.348855380476
forecast_3256,2025-05-16 16:00:00,7269.687280824549,7797.801556179879,7015.165522932356
forecast_3257,2025-05-16 17:00:00,7066.237309064438,7221.089729371604,7008.222071136777
forecast_3258,2025-05-16 18:00:00,7347.206858852337,7502.06328852671,6803.446390881223
forecast_3259,2025-05-16 19:00:00,7311.9874033431915,6538.125673278449,5784.139417364729
forecast_3260,2025-05-16 20:00:00,7129.217747455601,7362.255116018542,5344.975147346302
forecast_3261,2025-05-16 21:00:00,4725.791627161561,6257.658890958703,4409.290767049894
forecast_3262,2025-05-16 22:00:00,4317.733065910631,4520.927804282602,3073.624089907319
forecast_3263,2025-05-16 23:00:00,3843.2328672080525,3908.7134655295995,2747.090034919498
forecast_3264,2025-05-17 00:00:00,4075.309425081216,5218.1046475043095,3048.718614841015
forecast_3265,2025-05-17 01:00:00,5085.3574111948365,6093.787569632277,4056.2488283112057
forecast_3266,2025-05-17 02:00:00,3933.4518895753654,4862.271912579852,2885.954222209816
forecast_3267,2025-05-17 03:00:00,4419.427384567605,3536.085903232718,2690.8640755159904
forecast_3268,2025-05-17 04:00:00,5277.319321952642,5217.29683710621,2827.5075815462815
forecast_3269,2025-05-17 05:00:00,3987.007580945397,5765.01877630393,2269.163261679356
forecast_3270,2025-05-17 06:00:00,2447.3441350688495,3101.5928813065552,1108.3186061873923
forecast_3271,2025-05-17 07:00:00,2114.6937533617365,1862.8635694062064,1045.7504080788044
forecast_3272,2025-05-17 08:00:00,3138.9057476394514,3300.019117498855,2106.6392732317117
forecast_3273,2025-05-17 09:00:00,5051.0684719120545,4363.136672171866,3601.56867781243
forecast_3274,2025-05-17 10:00:00,4275.014661868823,4898.3669544844315,3642.8350666552515
forecast_3275,2025-05-17 11:00:00,4273.691506248801,4953.321972565058,4688.111784707652
forecast_3276,2025-05-17 12:00:00,6897.260283390724,5994.975627869472,6603.420065161941
forecast_3277,2025-05-17 13:00:00,7919.1618434166085,9182.707387687247,8561.195655960159
forecast_3278,2025-05-17 14:00:00,9324.4754248296,11327.164861921905,10151.671297367557
forecast_3279,2025-05-17 15:00:00,11375.820287479577,12884.665935597524,12611.592018400033
forecast_3280,2025-05-17 16:00:00,13413.636591618226,13913.417285594938,15276.535130722803
forecast_3281,2025-05-17 17:00:00,17446.62900475377,17275.074491019077,17598.8546837436
forecast_3282,2025-05-17 18:00:00,18236.534653891584,18714.764484780306,17937.70744523091
forecast_3283,2025-05-17 19:00:00,18721.053014304664,18480.46094358258,17688.343758855004
forecast_3284,2025-05-17 20:00:00,18690.84894648783,18511.060384366167,17860.0242539665
forecast_3285,2025-05-17 21:00:00,18645.827822085084,18733.28238871842,17914.689970502328
forecast_3286,2025-05-17 22:00:00,19188.93764876494,18720.912493916698,17406.82062939104
forecast_3287,2025-05-17 23:00:00,19447.32978181445,19061.75032208087,16463.489162156206
forecast_3288,2025-05-18 00:00:00,19023.56897879096,19211.61011922116,15842.672128305701
forecast_3289,2025-05-18 01:00:00,18547.342345557085,18237.712033489468,16250.862784769191
forecast_3290,2025-05-18 02:00:00,16661.381707308738,17948.77540186976,16109.47307638821
forecast_3291,2025-05-18 03:00:00,15215.26284744621,16094.432559552584,11598.252914475783
forecast_3292,2025-05-18 04:00:00,14431.089511122636,13292.12873132544,8441.043838318628
forecast_3293,2025-05-18 05:00:00,13523.729670908357,11140.625591180953,7102.70606911949
forecast_3294,2025-05-18 06:00:00,9584.277153564866,8428.019124988501,4788.765836739796
forecast_3295,2025-05-18 07:00:00,5626.327440828366,5567.168202828141,1585.8286074808634
forecast_3296,2025-05-18 08:00:00,4103.0438956273865,2659.6040847504823,1149.771771498457
forecast_3297,2025-05-18 09:00:00,1558.1955555414343,826.2190458707657,774.6566051892067
forecast_3298,2025-05-18 10:00:00,1057.3327638385094,401.8822421260579,664.2115421789939
forecast_3299,2025-05-18 11:00:00,969.7147893377853,520.5758244837392,853.3124732634827
forecast_3300,2025-05-18 12:00:00,2191.1394930260426,1374.8316582173916,1277.1980683425072
forecast_3301,2025-05-18 13:00:00,3574.904055896459,3350.010200307952,2019.2360709763282
forecast_3302,2025-05-18 14:00:00,3665.324510820194,3481.465920514957,2079.6071662756403
forecast_3303,2025-05-18 15:00:00,5924.471274927857,4387.431541877617,2940.5950589685503
forecast_3304,2025-05-18 16:00:00,6768.296616302092,6560.504915635841,4362.7617940690325
forecast_3305,2025-05-18 17:00:00,7766.459014584581,7600.236842359156,5155.032082062759
forecast_3306,2025-05-18 18:00:00,8859.075275142326,8137.143035545579,6347.462704296713
forecast_3307,2025-05-18 19:00:00,10181.498300517425,10699.121365926585,8640.108598781
forecast_3308,2025-05-18 20:00:00,11575.332907141534,11865.786409955284,10354.409510747897
forecast_3309,2025-05-18 21:00:00,12883.518725360398,13370.599756166577,12144.589028375858
forecast_3310,2025-05-18 22:00:00,13222.424578313603,13978.796260444633,12776.497059390507
forecast_3311,2025-05-18 23:00:00,13393.77167839524,13530.173426218767,13192.614691821456
forecast_3312,2025-05-19 00:00:00,13567.143236277703,14084.49041173209,12835.128338489187
forecast_3313,2025-05-19 01:00:00,13678.496406831717,15390.623632671846,12473.277545796514
forecast_3314,2025-05-19 02:00:00,12864.943579893126,15053.508585805786,10904.124017102233
forecast_3315,2025-05-19 03:00:00,12347.027798354944,13478.068499405626,8963.853178852878
forecast_3316,2025-05-19 04:00:00,11832.645802463532,12115.970294227542,7771.633696369526
forecast_3317,2025-05-19 05:00:00,11210.325223635327,12129.171601241183,8168.372278550084
forecast_3318,2025-05-19 06:00:00,11585.990484436883,14485.141180880202,8782.927231922653
forecast_3319,2025-05-19 07:00:00,12372.551436932288,16286.037679574296,10542.73590649748
forecast_3320,2025-05-19 08:00:00,11751.851396546135,15549.837675115112,12325.40272857677
forecast_3321,2025-05-19 09:00:00,11109.442410935513,15207.990420453652,12592.959402789935
forecast_3322,2025-05-19 10:00:00,11158.76272267396,14973.262649908775,13695.556834693867
forecast_3323,2025-05-19 11:00:00,12334.271935785047,16753.791067619397,15073.81489240629
forecast_3324,2025-05-19 12:00:00,14467.188501908957,17725.36411894658,15923.678346460652
forecast_3325,2025-05-19 13:00:00,15315.99359315723,17312.016167559323,15967.565119101719
forecast_3326,2025-05-19 14:00:00,15856.122248424825,17325.33221225463,16570.646149727523
forecast_3327,2025-05-19 15:00:00,16809.741017849476,17562.726435502307,16851.81977470106
forecast_3328,2025-05-19 16:00:00,17267.629357145874,17424.345805936166,18885.44817044599
forecast_3329,2025-05-19 17:00:00,17739.461418556482,17439.946443165318,18785.992869316637
forecast_3330,2025-05-19 18:00:00,17777.575179805055,17674.496138785056,18580.00688544506
forecast_3331,2025-05-19 19:00:00,18181.008132053394,18337.395520465212,18749.786762320313
forecast_3332,2025-05-19 20:00:00,18132.423920470475,18309.356251646073,18674.650069336305
forecast_3333,2025-05-19 21:00:00,18184.14653106192,18065.087700358778,18616.61157115353
forecast_3334,2025-05-19 22:00:00,18202.063408696406,18087.10328943248,18301.545637337113
forecast_3335,2025-05-19 23:00:00,17980.39154720413,17727.15904969247,17783.899967028447
forecast_3336,2025-05-20 00:00:00,17932.36226682603,18139.508309081477,17846.665351034586
forecast_3337,2025-05-20 01:00:00,18047.23000895544,18164.433499363433,18449.14783258374
forecast_3338,2025-05-20 02:00:00,18378.124970731635,18361.934045290844,18591.51756960967
forecast_3339,2025-05-20 03:00:00,18139.58844248916,18053.301055572734,18267.740944434503
forecast_3340,2025-05-20 04:00:00,18318.664257915767,17809.00702774524,18630.648467745432
forecast_3341,2025-05-20 05:00:00,18085.486209815113,17821.32962851396,18624.47714492913
forecast_3342,2025-05-20 06:00:00,18065.156069677367,17347.47563466947,18719.06744665877
forecast_3343,2025-05-20 07:00:00,16929.643693902995,16770.173086392508,18182.861064645254
forecast_3344,2025-05-20 08:00:00,16121.504249515512,16275.154465566622,17838.11477194035
forecast_3345,2025-05-20 09:00:00,16035.191140445688,16487.111402626648,18040.352774571307
forecast_3346,2025-05-20 10:00:00,14422.243154711581,15832.655432891825,16489.760151926857
forecast_3347,2025-05-20 11:00:00,14406.89720379831,14276.246396732622,15819.168606718205
forecast_3348,2025-05-20 12:00:00,13894.045115065319,14251.591061597617,14568.323973603721
forecast_3349,2025-05-20 13:00:00,13735.826971759618,14123.195456987829,13932.63085044255
forecast_3350,2025-05-20 14:00:00,13628.276858974841,13898.468725406803,13542.099443120105
forecast_3351,2025-05-20 15:00:00,14118.346603609141,14791.49253868026,13668.478052008932
forecast_3352,2025-05-20 16:00:00,14160.794732999251,13997.35397027175,13796.162422889018
forecast_3353,2025-05-20 17:00:00,14432.384850981942,15239.915087757554,15027.100763288961
forecast_3354,2025-05-20 18:00:00,15028.660971660744,16027.657692253206,17015.683870233566
forecast_3355,2025-05-20 19:00:00,15166.34107976336,16166.475449076606,17997.730179270897
forecast_3356,2025-05-20 20:00:00,15727.827608118934,17139.199832955772,18350.562625095114
forecast_3357,2025-05-20 21:00:00,15952.631337433198,17395.29425940755,16972.800691763154
forecast_3358,2025-05-20 22:00:00,16697.001355976827,17318.183165858936,16934.743234018744
forecast_3359,2025-05-20 23:00:00,17872.979518992943,17608.705389382198,18411.398169946922
forecast_3360,2025-05-21 00:00:00,17555.2103333826,17692.06741555375,18817.32572125791
forecast_3361,2025-05-21 01:00:00,19257.307752229033,18394.770244781357,18792.498545295
forecast_3362,2025-05-21 02:00:00,18401.19052169445,17878.72704440317,18646.077427325963
forecast_3363,2025-05-21 03:00:00,18355.748337487537,17288.600612297545,16896.419512255015
forecast_3364,2025-05-21 04:00:00,16394.430056676032,15753.792679821287,15308.98073168507
forecast_3365,2025-05-21 05:00:00,14954.9352971398,14748.189952966506,14697.629863661761
forecast_3366,2025-05-21 06:00:00,13852.28338275626,13418.945969309492,14316.342494062537
forecast_3367,2025-05-21 07:00:00,9840.143519901958,9994.76444114458,7239.879640845511
forecast_3368,2025-05-21 08:00:00,7688.73898417404,6760.481172018303,3618.714131304975
forecast_3369,2025-05-21 09:00:00,4113.107386491861,3416.746488196169,2405.1181765621122
forecast_3370,2025-05-21 10:00:00,1772.929430369195,1737.7656782868096,1195.5152980447515
forecast_3371,2025-05-21 11:00:00,1451.3310671203303,1378.6732208509957,1210.1452644902952
forecast_3372,2025-05-21 12:00:00,1250.1480020342192,1272.831948280063,1146.4625509799446
forecast_3373,2025-05-21 13:00:00,1151.6923645243462,1263.8202377199477,1058.2564595382078
forecast_3374,2025-05-21 14:00:00,937.2902707384295,931.3878107336902,1028.5374868926292
forecast_3375,2025-05-21 15:00:00,684.1122467742393,879.2771753072508,903.8375835687335
forecast_3376,2025-05-21 16:00:00,366.7583206451576,578.8939260930449,686.4505137474697
forecast_3377,2025-05-21 17:00:00,287.6490131844075,408.629260418282,659.4683576922671
forecast_3378,2025-05-21 18:00:00,279.40907286985714,369.17079171186595,659.4683576922671
forecast_3379,2025-05-21 19:00:00,302.7398735858926,429.70884187148965,657.7327777056947
forecast_3380,2025-05-21 20:00:00,288.4725178349293,450.2729579263736,657.7327777056947
forecast_3381,2025-05-21 21:00:00,318.4380076008598,431.8273988011806,659.4683576922671
forecast_3382,2025-05-21 22:00:00,746.2636218478813,807.2673238669131,661.9602651746998
forecast_3383,2025-05-21 23:00:00,658.9100406746795,639.7635230609503,659.4683576922671
forecast_3384,2025-05-22 00:00:00,641.6404053268792,1045.8468738526808,659.4683576922671
forecast_3385,2025-05-22 01:00:00,1233.5187725173168,2125.364984154731,903.8375835687335
forecast_3386,2025-05-22 02:00:00,2411.6317273262543,2377.1958503683973,910.794129296012
forecast_3387,2025-05-22 03:00:00,2484.9190621559655,3432.9558708077357,967.7275568332265
forecast_3388,2025-05-22 04:00:00,2644.3328480577666,3841.5073395558093,903.8375835687335
forecast_3389,2025-05-22 05:00:00,2354.392238362104,3106.2048472099523,853.3124732634827
forecast_3390,2025-05-22 06:00:00,1568.9653570037995,1696.3463916134267,776.6011418262494
forecast_3391,2025-05-22 07:00:00,1087.2938258834445,1271.9951998375434,853.3124732634827
forecast_3392,2025-05-22 08:00:00,1220.7283598267502,1501.044086181864,987.4547807167213
forecast_3393,2025-05-22 09:00:00,2489.5677359199117,3071.1090344291124,1250.9523952565728
forecast_3394,2025-05-22 10:00:00,3294.8092078705545,3362.837470386795,1950.4747093156159
forecast_3395,2025-05-22 11:00:00,3413.3966514294793,3749.9427062341915,2061.1298424070906
forecast_3396,2025-05-22 12:00:00,3266.68845465435,3744.1761995111046,2331.7477391768243
forecast_3397,2025-05-22 13:00:00,3064.6754068175715,3742.481848162017,1996.9061383070516
forecast_3398,2025-05-22 14:00:00,2442.8429670278865,3428.7488420450595,1338.0660610540133
forecast_3399,2025-05-22 15:00:00,1850.936273191756,3125.485980782058,1033.5313544218498
forecast_3400,2025-05-22 16:00:00,1112.6072309679228,1595.8055551439315,853.3124732634827
forecast_3401,2025-05-22 17:00:00,630.9413790912657,771.1835226851283,666.7034496614267
forecast_3402,2025-05-22 18:00:00,437.14249669945593,443.04917669918996,661.9602651746998
forecast_3403,2025-05-22 19:00:00,676.43241199899,397.97790197904976,659.4683576922671
forecast_3404,2025-05-22 20:00:00,877.8202245933077,415.29560588741845,659.4683576922671
forecast_3405,2025-05-22 21:00:00,1167.795039935731,764.1602971637565,659.4683576922671
forecast_3406,2025-05-22 22:00:00,1950.2111388854428,1304.2648397416074,666.7034496614267
forecast_3407,2025-05-22 23:00:00,2867.719174579065,2056.212620454129,853.3124732634827
forecast_3408,2025-05-23 00:00:00,3247.0517662509164,2915.564419375253,1017.7828765390298
forecast_3409,2025-05-23 01:00:00,3387.3404601049833,3195.4219182664206,1042.12982000701
forecast_3410,2025-05-23 02:00:00,3294.320313372458,3460.4522451653866,1071.8487926525886
forecast_3411,2025-05-23 03:00:00,3369.615625359916,3542.438280002071,1071.8487926525886
forecast_3412,2025-05-23 04:00:00,3245.007052484083,3820.161889460939,1062.0297299996705
forecast_3413,2025-05-23 05:00:00,3511.9606213912325,3737.8713645266325,1042.12982000701
forecast_3414,2025-05-23 06:00:00,3805.913494745529,3747.9377883036323,1042.12982000701
forecast_3415,2025-05-23 07:00:00,3680.6980964167315,3777.444481976556,1028.5374868926292
forecast_3416,2025-05-23 08:00:00,3342.7917915110615,3613.2549672194,1058.2564595382078
forecast_3417,2025-05-23 09:00:00,2828.2147136005656,3480.3203824086318,1070.1669302237622
forecast_3418,2025-05-23 10:00:00,2522.052506579469,2980.7549955681848,1058.2564595382078
forecast_3419,2025-05-23 11:00:00,1968.4166312674047,2628.5411809337043,1058.2564595382078
forecast_3420,2025-05-23 12:00:00,1885.6657593106127,2584.4548381717395,1028.5374868926292
forecast_3421,2025-05-23 13:00:00,1898.7616997086625,2612.809901352966,1058.2564595382078
forecast_3422,2025-05-23 14:00:00,1901.2431706017983,2665.1690461089834,1058.2564595382078
forecast_3423,2025-05-23 15:00:00,1893.982323812515,2740.347703151332,1028.5374868926292
forecast_3424,2025-05-23 16:00:00,2485.7234366302814,2987.1346649406737,1028.5374868926292
forecast_3425,2025-05-23 17:00:00,3234.586124051917,3368.9423541865217,997.8829665463693
forecast_3426,2025-05-23 18:00:00,3731.9803188613587,3325.958940619472,1028.5374868926292
forecast_3427,2025-05-23 19:00:00,3677.283901102653,3560.154289017676,1028.5374868926292
forecast_3428,2025-05-23 20:00:00,3895.298820299888,4245.447832993523,1083.7592633381432
forecast_3429,2025-05-23 21:00:00,3633.486642424049,4695.418159599028,1097.8834982016504
forecast_3430,2025-05-23 22:00:00,5560.026160348463,5158.811530664911,1288.9060159051999
forecast_3431,2025-05-23 23:00:00,5008.8211035997065,6366.123742203909,1213.9185349517581
forecast_3432,2025-05-24 00:00:00,6168.2823667643925,6123.30749024869,1212.6112324167498
forecast_3433,2025-05-24 01:00:00,6184.487200241541,6406.517367698826,1417.745229113582
forecast_3434,2025-05-24 02:00:00,5988.781969235146,6662.805550493433,2070.0392738486917
forecast_3435,2025-05-24 03:00:00,5910.533566333232,6742.250909532801,2073.97122525567
forecast_3436,2025-05-24 04:00:00,6026.946129146996,6767.895950432745,2153.124266907679
forecast_3437,2025-05-24 05:00:00,6628.94608825717,7145.9354003881135,3279.3303150994675
forecast_3438,2025-05-24 06:00:00,6665.854095061133,6984.466934671966,3376.54478181183
forecast_3439,2025-05-24 07:00:00,6428.330785862037,7072.530272837827,4150.480668298291
forecast_3440,2025-05-24 08:00:00,6263.089494945902,6843.153472325341,4238.959719646087
forecast_3441,2025-05-24 09:00:00,6102.339041286263,6441.833720730975,4042.2029292265215
forecast_3442,2025-05-24 10:00:00,4595.5948792584895,5816.812299266151,3623.7652033826917
forecast_3443,2025-05-24 11:00:00,5464.064149329821,4499.155121550163,3469.0478738435245
forecast_3444,2025-05-24 12:00:00,5623.733046429768,4224.50875500269,3268.864883501974
forecast_3445,2025-05-24 13:00:00,5588.6516869500665,5012.055026351814,3798.2728795972653
forecast_3446,2025-05-24 14:00:00,5620.4975391372245,5826.485400801411,4603.579079776662
forecast_3447,2025-05-24 15:00:00,6174.254833453871,6498.765751755387,5771.601160923843
forecast_3448,2025-05-24 16:00:00,6444.685065426681,6972.269900170851,6586.744579658432
forecast_3449,2025-05-24 17:00:00,7052.48353773614,7944.904776213533,6544.525532768044
forecast_3450,2025-05-24 18:00:00,7139.375200481552,8524.977668151942,7891.003199163497
forecast_3451,2025-05-24 19:00:00,7063.302435142567,8609.283173668186,7662.943741006651
forecast_3452,2025-05-24 20:00:00,6743.262522074727,8767.983795152464,6879.257309061186
forecast_3453,2025-05-24 21:00:00,6690.437673047976,8720.671691765927,6382.424791675793
forecast_3454,2025-05-24 22:00:00,6721.9103752863275,7555.358899174081,6599.990289325043
forecast_3455,2025-05-24 23:00:00,5983.189096465004,7277.277644030403,5221.222234066159
forecast_3456,2025-05-25 00:00:00,4840.776075665584,6747.985553227432,4804.345621383528
forecast_3457,2025-05-25 01:00:00,4658.522752184437,5491.353711760572,3496.0212590342016
forecast_3458,2025-05-25 02:00:00,3753.7326690647656,4986.861458428544,3041.6181151820283
forecast_3459,2025-05-25 03:00:00,3807.725370820352,3782.9164561468015,2477.438557096494
forecast_3460,2025-05-25 04:00:00,3762.930954689445,4047.893902454374,2239.151353948159
forecast_3461,2025-05-25 05:00:00,2961.8095731678104,3983.482522787532,2583.7344883911514
forecast_3462,2025-05-25 06:00:00,2271.6853644343682,3725.9345433867647,2545.731319937278
forecast_3463,2025-05-25 07:00:00,2112.3973004909467,3211.8200030969174,2411.001367733866
forecast_3464,2025-05-25 08:00:00,1292.474666553341,1655.6189989105455,1112.8774456268563
forecast_3465,2025-05-25 09:00:00,826.2673429312297,961.031214894239,666.7034496614267
forecast_3466,2025-05-25 10:00:00,1052.9860063850924,619.3660120155021,666.7034496614267
forecast_3467,2025-05-25 11:00:00,1079.7862471579342,755.9101766242409,792.5574713111758
forecast_3468,2025-05-25 12:00:00,2655.30872694507,1382.5755173795542,997.8829665463693
forecast_3469,2025-05-25 13:00:00,3180.4662643792453,2383.0103607093724,1099.5033441705343
forecast_3470,2025-05-25 14:00:00,2888.7637745449365,1616.0575947272016,1028.1749554427367
forecast_3471,2025-05-25 15:00:00,2271.635564441183,1451.2136335777552,1116.743578334366
forecast_3472,2025-05-25 16:00:00,2535.3806275823044,1576.896818180897,1235.458673134961
forecast_3473,2025-05-25 17:00:00,3124.5304454930815,2393.7495770535425,1316.9907531569625
forecast_3474,2025-05-25 18:00:00,4086.845653195679,4057.6788813683793,2235.54336784684
forecast_3475,2025-05-25 19:00:00,5531.663441919894,5857.2638437438445,4662.615481004454
forecast_3476,2025-05-25 20:00:00,6515.841079916672,8240.17787009203,8858.22184795291
forecast_3477,2025-05-25 21:00:00,8066.712987199629,9293.163861706684,7791.7837667854255
forecast_3478,2025-05-25 22:00:00,9117.125681432306,10837.484492559724,8839.293498307981
forecast_3479,2025-05-25 23:00:00,10503.748424835348,13443.864943017066,9112.82786300492
forecast_3480,2025-05-26 00:00:00,11117.967878342708,13481.90166356076,9046.415467103883
forecast_3481,2025-05-26 01:00:00,12138.73419800557,12436.557324899655,9114.61245030481
forecast_3482,2025-05-26 02:00:00,12212.336663875743,11058.056469484069,9125.79192521355
forecast_3483,2025-05-26 03:00:00,10671.56423454472,10169.233947144743,8251.339657761495
forecast_3484,2025-05-26 04:00:00,8362.367258442486,8397.211797639346,6087.06966247672
forecast_3485,2025-05-26 05:00:00,6494.564184483121,5430.090993494802,4346.340247076725
forecast_3486,2025-05-26 06:00:00,4075.67710741463,3477.133828110282,2925.733940308792
forecast_3487,2025-05-26 07:00:00,1990.1426781137202,1671.2019324134958,1240.6541182002663
forecast_3488,2025-05-26 08:00:00,877.9413623372175,550.0582999803648,664.2115421789939
forecast_3489,2025-05-26 09:00:00,254.18918597598145,296.3243844533978,657.7327777056947
forecast_3490,2025-05-26 10:00:00,254.18918597598145,296.2647745676504,657.7327777056947
forecast_3491,2025-05-26 11:00:00,253.0321259631641,296.2647745676504,657.7327777056947
forecast_3492,2025-05-26 12:00:00,253.0321259631641,296.2647745676504,657.7327777056947
forecast_3493,2025-05-26 13:00:00,254.18918597598145,309.9306012092769,657.7327777056947
forecast_3494,2025-05-26 14:00:00,292.7502417898787,392.9014895797066,659.4683576922671
forecast_3495,2025-05-26 15:00:00,321.64474713104863,454.31772081213404,661.9602651746998
forecast_3496,2025-05-26 16:00:00,337.56791815332525,546.4244742283068,661.9602651746998
forecast_3497,2025-05-26 17:00:00,528.0208616097759,833.6277669325916,661.9602651746998
forecast_3498,2025-05-26 18:00:00,863.3841697706223,880.4743585835544,666.7034496614267
forecast_3499,2025-05-26 19:00:00,1618.1242736004224,1342.0628003634683,792.5574713111758
forecast_3500,2025-05-26 20:00:00,2273.4488244376207,1938.588176586531,1082.585456730489
forecast_3501,2025-05-26 21:00:00,3629.3370935541193,3893.630444478302,1465.175483569462
forecast_3502,2025-05-26 22:00:00,5920.808905992845,6086.175911817013,2758.24416330522
forecast_3503,2025-05-26 23:00:00,5992.43095066036,6995.450469965974,4507.233151528404
forecast_3504,2025-05-27 00:00:00,7479.232974669688,7825.32060542463,5341.394212014756
forecast_3505,2025-05-27 01:00:00,7659.888687812197,8846.729632753011,6185.895901351444
forecast_3506,2025-05-27 02:00:00,7732.194239568211,9361.882234329652,7191.5386234340085
forecast_3507,2025-05-27 03:00:00,8121.771398232032,9124.296297614728,6259.882545624193
forecast_3508,2025-05-27 04:00:00,8017.871381300705,8553.422296759425,7105.042398338414
forecast_3509,2025-05-27 05:00:00,5802.857111459356,7833.344610520342,5032.456953844391
forecast_3510,2025-05-27 06:00:00,3979.8458839965742,4929.948864046308,2478.8809476161487
forecast_3511,2025-05-27 07:00:00,1552.0779287225291,1811.2490284343207,1187.276334033861
forecast_3512,2025-05-27 08:00:00,711.1608682939844,808.5474330806541,664.2115421789939
forecast_3513,2025-05-27 09:00:00,253.0321259631641,313.86913566713145,657.7327777056947
forecast_3514,2025-05-27 10:00:00,253.0321259631641,296.2647745676504,657.7327777056947
forecast_3515,2025-05-27 11:00:00,253.0321259631641,296.2647745676504,657.7327777056947
forecast_3516,2025-05-27 12:00:00,253.0321259631641,296.2647745676504,657.7327777056947
forecast_3517,2025-05-27 13:00:00,253.0321259631641,296.2647745676504,657.7327777056947
forecast_3518,2025-05-27 14:00:00,253.0321259631641,296.2647745676504,657.7327777056947
forecast_3519,2025-05-27 15:00:00,253.0321259631641,296.2647745676504,657.7327777056947
forecast_3520,2025-05-27 16:00:00,253.0321259631641,296.2647745676504,657.7327777056947
forecast_3521,2025-05-27 17:00:00,253.0321259631641,296.2647745676504,657.7327777056947
forecast_3522,2025-05-27 18:00:00,253.0321259631641,296.2647745676504,657.7327777056947
forecast_3523,2025-05-27 19:00:00,254.18918597598145,296.37907316462713,657.7327777056947
forecast_3524,2025-05-27 20:00:00,322.9633526683042,369.4767660411113,657.7327777056947
forecast_3525,2025-05-27 21:00:00,799.760013022923,572.8511332110653,666.7034496614267
forecast_3526,2025-05-27 22:00:00,1631.277426932828,1594.8073934416493,853.3124732634827
forecast_3527,2025-05-27 23:00:00,2635.1250362641317,2274.9653985379455,1435.8162181116438
forecast_3528,2025-05-28 00:00:00,4477.141094725541,4007.869353549667,2683.6600856796613
forecast_3529,2025-05-28 01:00:00,6668.741835204751,6759.427739606896,4895.554922568621
forecast_3530,2025-05-28 02:00:00,8106.199622340251,8645.749829563272,5772.543128171454
forecast_3531,2025-05-28 03:00:00,8165.948210116199,8683.402031192882,5504.800533225906
forecast_3532,2025-05-28 04:00:00,8082.136877552892,8220.657269409927,5110.86180387688
forecast_3533,2025-05-28 05:00:00,6618.3708455685555,6070.618009235904,3452.9115769461614
forecast_3534,2025-05-28 06:00:00,4496.127227579151,2663.5643533431767,1472.3906935038872
forecast_3535,2025-05-28 07:00:00,1897.2050237774515,948.8017690042929,853.3124732634827
forecast_3536,2025-05-28 08:00:00,803.5424641396891,336.2996810125243,662.4759621924217
forecast_3537,2025-05-28 09:00:00,253.0321259631641,296.210085856421,657.7327777056947
forecast_3538,2025-05-28 10:00:00,253.0321259631641,296.2647745676504,657.7327777056947
forecast_3539,2025-05-28 11:00:00,253.0321259631641,296.2647745676504,657.7327777056947
forecast_3540,2025-05-28 12:00:00,253.0321259631641,296.37907316462713,659.4683576922671
forecast_3541,2025-05-28 13:00:00,253.0321259631641,298.07399854313934,661.9602651746998
forecast_3542,2025-05-28 14:00:00,254.18918597598145,298.5527181775798,661.9602651746998
forecast_3543,2025-05-28 15:00:00,291.03885317783715,436.1450368647849,681.7073292607429
forecast_3544,2025-05-28 16:00:00,350.76372149662075,907.789175031218,902.5980003396238
forecast_3545,2025-05-28 17:00:00,315.12875388709233,643.1731164152677,902.5980003396238
forecast_3546,2025-05-28 18:00:00,272.32852386493886,514.8948046146961,683.958606265037
forecast_3547,2025-05-28 19:00:00,291.4084104427014,509.0859484283136,666.7034496614267
forecast_3548,2025-05-28 20:00:00,469.33074977619583,503.11341308476983,666.7034496614267
forecast_3549,2025-05-28 21:00:00,785.8622445702927,442.73751342509934,792.5574713111758
forecast_3550,2025-05-28 22:00:00,1584.7680189772818,1197.587033567557,1135.6096352923366
forecast_3551,2025-05-28 23:00:00,2582.9712815534845,1640.4059031469565,1955.4251667228716
forecast_3552,2025-05-29 00:00:00,2299.9854661046747,1361.9516395779933,1853.8500210826976
forecast_3553,2025-05-29 01:00:00,1461.332998590544,1055.8843884999294,1178.6474915519775
forecast_3554,2025-05-29 02:00:00,1197.2406292500295,983.2263905662516,1071.8487926525886
forecast_3555,2025-05-29 03:00:00,1488.9456415348745,1013.8622596259196,1062.0297299996705
forecast_3556,2025-05-29 04:00:00,1719.3113337292903,960.0808659779448,903.8375835687335
forecast_3557,2025-05-29 05:00:00,1285.2929326220883,670.5048156424062,666.7034496614267
forecast_3558,2025-05-29 06:00:00,723.8019440285842,543.5928956562472,661.9602651746998
forecast_3559,2025-05-29 07:00:00,372.45547651124605,380.8115205727434,661.9602651746998
forecast_3560,2025-05-29 08:00:00,280.9995498989409,361.7878674112261,659.4683576922671
forecast_3561,2025-05-29 09:00:00,262.90575307011255,377.6300127841002,659.4683576922671
forecast_3562,2025-05-29 10:00:00,262.90575307011255,354.0919420494587,659.4683576922671
forecast_3563,2025-05-29 11:00:00,262.90575307011255,380.3999791954267,661.9602651746998
forecast_3564,2025-05-29 12:00:00,280.6031000362794,546.904257881241,721.0104853071839
forecast_3565,2025-05-29 13:00:00,310.8812090684013,1104.8890571503016,903.8375835687335
forecast_3566,2025-05-29 14:00:00,611.7929341375459,1268.3011287198674,914.2977305536293
forecast_3567,2025-05-29 15:00:00,653.9001045651453,1295.1879674036995,910.794129296012
forecast_3568,2025-05-29 16:00:00,818.0052356830096,1315.7210893272343,978.1557426628744
forecast_3569,2025-05-29 17:00:00,963.3152579080936,1315.7210893272343,998.3394555402219
forecast_3570,2025-05-29 18:00:00,1010.0542906830594,1351.5192641393728,1028.5374868926292
forecast_3571,2025-05-29 19:00:00,1374.7644552921531,1598.11256403833,1072.4179283057556
forecast_3572,2025-05-29 20:00:00,2019.5096659240637,1651.9809968969034,1071.8487926525886
forecast_3573,2025-05-29 21:00:00,2283.886324200596,1891.0567246757098,1071.8487926525886
forecast_3574,2025-05-29 22:00:00,2458.1986992388747,2428.4286747708193,1083.7592633381432
forecast_3575,2025-05-29 23:00:00,2513.5316868457203,3199.934183836842,1071.8487926525886
forecast_3576,2025-05-30 00:00:00,2489.802415467696,3255.4650364953422,997.8829665463693
forecast_3577,2025-05-30 01:00:00,2546.663794409333,2214.9705666530735,853.3124732634827
forecast_3578,2025-05-30 02:00:00,2741.99984404549,2060.971384565225,903.8375835687335
forecast_3579,2025-05-30 03:00:00,2766.2918526396356,2865.0414623546612,1042.12982000701
forecast_3580,2025-05-30 04:00:00,2581.6662317080168,3221.721793654821,1113.3677432434656
forecast_3581,2025-05-30 05:00:00,3088.93779466021,3634.668415962163,1365.080857762217
forecast_3582,2025-05-30 06:00:00,3186.828993582515,3859.905262756348,1418.420654640501
forecast_3583,2025-05-30 07:00:00,2976.4832614308352,3799.668822743976,1647.6592114448335
forecast_3584,2025-05-30 08:00:00,2040.5425594833973,3039.207222183336,1345.0029821465419
forecast_3585,2025-05-30 09:00:00,1835.3016071245584,2669.021924297447,1280.150446906791
forecast_3586,2025-05-30 10:00:00,1538.99553623397,2465.614037053837,1330.1184317573354
forecast_3587,2025-05-30 11:00:00,1592.5067503023643,1774.2152957774622,1295.794983704803
forecast_3588,2025-05-30 12:00:00,1490.8817030743708,1569.2752920600296,1178.229626805248
forecast_3589,2025-05-30 13:00:00,1133.7277127695338,1374.4850933291705,1047.1300943502813
forecast_3590,2025-05-30 14:00:00,774.5725579903963,944.9864309205083,903.8375835687335
forecast_3591,2025-05-30 15:00:00,458.436732198545,802.6561873235937,730.1402025279208
forecast_3592,2025-05-30 16:00:00,584.856085952949,584.3497695608905,666.7034496614267
forecast_3593,2025-05-30 17:00:00,844.1734493484273,804.4537121217595,666.7034496614267
forecast_3594,2025-05-30 18:00:00,1013.7126972258382,840.0099840859928,666.7034496614267
forecast_3595,2025-05-30 19:00:00,1262.4081918959423,1085.9364933952168,792.5574713111758
forecast_3596,2025-05-30 20:00:00,1448.404367973282,1386.933310899461,903.8375835687335
forecast_3597,2025-05-30 21:00:00,2081.2994917711703,1791.8642232640545,1061.5732410058179
forecast_3598,2025-05-30 22:00:00,2477.4337775690137,2554.912988609639,1051.5824706124138
forecast_3599,2025-05-30 23:00:00,2627.263745951742,1973.5739267114222,860.2690189907613
forecast_3600,2025-05-31 00:00:00,2180.016178071378,1677.8821172511648,776.6011418262494
forecast_3601,2025-05-31 01:00:00,1553.8510284309614,1649.7922283691635,715.8461398739425
forecast_3602,2025-05-31 02:00:00,1266.7026288202055,1776.1874319386975,864.6827581507534
forecast_3603,2025-05-31 03:00:00,2038.6971944679867,1892.395272456392,907.3411848263507
forecast_3604,2025-05-31 04:00:00,2382.5846499158592,2200.9893992181064,792.5574713111758
forecast_3605,2025-05-31 05:00:00,2145.555891766063,1982.4033217173424,666.7034496614267
forecast_3606,2025-05-31 06:00:00,2119.572650828618,1704.413231431719,776.6011418262494
forecast_3607,2025-05-31 07:00:00,2249.238145190052,1739.0923734015116,853.3124732634827
forecast_3608,2025-05-31 08:00:00,1531.2101232813359,1520.7683720399793,907.3411848263507
forecast_3609,2025-05-31 09:00:00,1146.3824695285273,1420.5500733289682,860.2690189907613
forecast_3610,2025-05-31 10:00:00,945.301805176539,1350.599913305163,1043.626493092664
forecast_3611,2025-05-31 11:00:00,962.5045892691112,1343.1373566253096,1290.416249667451
forecast_3612,2025-05-31 12:00:00,1068.4217442181866,1326.2036176415247,1295.794983704803
forecast_3613,2025-05-31 13:00:00,1178.0358540291086,1326.2036176415247,1383.4582286356194
forecast_3614,2025-05-31 14:00:00,1057.5858607539963,1145.9253481360379,1354.0989631778016
forecast_3615,2025-05-31 15:00:00,894.1958562427837,1034.6962499893189,1155.2360957846786
forecast_3616,2025-05-31 16:00:00,912.6350949023952,1039.0704521461125,1027.6019391919476
forecast_3617,2025-05-31 17:00:00,977.3963323797227,1034.6962499893189,897.3933156851726
forecast_3618,2025-05-31 18:00:00,1186.0741398889952,1243.8479799995052,914.2977305536293
forecast_3619,2025-05-31 19:00:00,2124.137802081901,1644.7305412856385,1042.12982000701
forecast_3620,2025-05-31 20:00:00,1799.1197768860325,1644.7305412856385,997.8829665463693
forecast_3621,2025-05-31 21:00:00,1757.7145206070113,1590.5528642796978,910.794129296012
forecast_3622,2025-05-31 22:00:00,1945.512086578782,1693.2539506370154,994.379365288752
forecast_3623,2025-05-31 23:00:00,1761.424727040231,1642.7422073263042,907.3411848263507
forecast_3624,2025-06-01 00:00:00,1486.9164933158615,1478.048694082308,792.5574713111758
forecast_3625,2025-06-01 01:00:00,937.5073516365374,1012.9275782375531,666.7034496614267
forecast_3626,2025-06-01 02:00:00,1135.4657197601177,1177.5209814263426,817.5318906970024
forecast_3627,2025-06-01 03:00:00,1191.0266090329853,1619.7896490585595,907.3411848263507
forecast_3628,2025-06-01 04:00:00,1800.3131537371914,2105.5371627987365,910.794129296012
forecast_3629,2025-06-01 05:00:00,1702.036260598832,1695.8127359915998,859.9395736640265
forecast_3630,2025-06-01 06:00:00,1077.0409806064486,1061.0439242510226,661.9602651746998
forecast_3631,2025-06-01 07:00:00,361.15102242316226,546.6463601973539,657.7327777056947
forecast_3632,2025-06-01 08:00:00,267.70599303178267,300.33935346365723,657.7327777056947
forecast_3633,2025-06-01 09:00:00,253.0321259631641,296.2647745676504,657.7327777056947
forecast_3634,2025-06-01 10:00:00,253.0321259631641,296.2647745676504,657.7327777056947
forecast_3635,2025-06-01 11:00:00,253.0321259631641,296.2647745676504,657.7327777056947
forecast_3636,2025-06-01 12:00:00,253.0321259631641,296.2647745676504,657.7327777056947
forecast_3637,2025-06-01 13:00:00,253.0321259631641,296.2647745676504,657.7327777056947
forecast_3638,2025-06-01 14:00:00,253.0321259631641,296.2647745676504,657.7327777056947
forecast_3639,2025-06-01 15:00:00,253.0321259631641,296.2647745676504,657.7327777056947
forecast_3640,2025-06-01 16:00:00,253.0321259631641,296.2647745676504,657.7327777056947
forecast_3641,2025-06-01 17:00:00,272.44225581727545,313.86913566713145,657.7327777056947
forecast_3642,2025-06-01 18:00:00,940.1465096728164,473.39806390505674,686.4505137474697
forecast_3643,2025-06-01 19:00:00,2594.1105987443743,1996.6564856324835,1299.399130680102
forecast_3644,2025-06-01 20:00:00,4296.659134520281,4173.2129269398565,2829.700380984558
forecast_3645,2025-06-01 21:00:00,5129.181749637929,5349.396503320066,3864.97547548246
forecast_3646,2025-06-01 22:00:00,7201.049769006898,6469.193178852623,4531.890256251223
forecast_3647,2025-06-01 23:00:00,6343.567970443238,6777.426052652061,4236.194512755432
forecast_3648,2025-06-02 00:00:00,7547.153422267445,6758.388179363732,4850.539736355813
forecast_3649,2025-06-02 01:00:00,6953.613681175373,8259.779800926422,4905.885650201994
forecast_3650,2025-06-02 02:00:00,4960.39181835832,6452.96526732616,3767.11058938349
forecast_3651,2025-06-02 03:00:00,7094.522568277479,6154.559970826878,3837.4438157720456
forecast_3652,2025-06-02 04:00:00,4482.333706950861,4111.015418824046,2857.203915276211
forecast_3653,2025-06-02 05:00:00,3732.3089816274705,2402.005131469168,2196.8846273951112
forecast_3654,2025-06-02 06:00:00,2391.449148617767,1853.18703698118,1266.3107364827943
forecast_3655,2025-06-02 07:00:00,695.204824305292,606.7068106455805,910.794129296012
forecast_3656,2025-06-02 08:00:00,405.7909529432303,417.93523045795035,686.4505137474697
forecast_3657,2025-06-02 09:00:00,302.8068805577406,356.0571832577158,664.2115421789939
forecast_3658,2025-06-02 10:00:00,319.8235206323749,370.1126141399313,666.7034496614267
forecast_3659,2025-06-02 11:00:00,495.1260740272186,409.00216606912625,738.6715966119332
forecast_3660,2025-06-02 12:00:00,769.0656959238456,498.6479925313088,903.8375835687335
forecast_3661,2025-06-02 13:00:00,727.3930671286516,575.0334797157161,853.3124732634827
forecast_3662,2025-06-02 14:00:00,953.301859845853,1148.107026456878,943.8542549835013
forecast_3663,2025-06-02 15:00:00,1827.5799318358518,1684.4891382079325,1251.7722044910324
forecast_3664,2025-06-02 16:00:00,3063.1914402655684,2180.497988956219,1239.4485511518062
forecast_3665,2025-06-02 17:00:00,3740.5893384105084,2958.9075198392798,2060.049402131031
forecast_3666,2025-06-02 18:00:00,4301.156289665339,3670.347681117894,2483.3898515684496
forecast_3667,2025-06-02 19:00:00,4542.535879756266,3874.6742217646183,2094.6983290780836
forecast_3668,2025-06-02 20:00:00,3694.227955065043,3654.9711255970024,1273.6921633449156
forecast_3669,2025-06-02 21:00:00,3020.480474081405,3365.6859022242634,1093.0848256088884
forecast_3670,2025-06-02 22:00:00,2607.89387186132,3200.9600753848094,903.8375835687335
forecast_3671,2025-06-02 23:00:00,1453.8719632541308,2012.0150590213902,806.8515339651542
forecast_3672,2025-06-03 00:00:00,1155.474832851414,1652.1453704535888,907.3411848263507
forecast_3673,2025-06-03 01:00:00,1877.3927671587935,2088.325149002313,994.379365288752
forecast_3674,2025-06-03 02:00:00,2661.045962887299,3657.120101368543,1176.1392872281072
forecast_3675,2025-06-03 03:00:00,2667.6333518585134,4557.904554756848,2050.4195232422126
forecast_3676,2025-06-03 04:00:00,2591.317393809052,4743.370267450648,1257.3378656283749
forecast_3677,2025-06-03 05:00:00,2550.778612526566,4300.345024098924,1964.990993484877
forecast_3678,2025-06-03 06:00:00,2314.258462011037,3866.767354218841,2005.0944788232623
forecast_3679,2025-06-03 07:00:00,1657.9785343428005,1933.749858335525,1265.4869331508387
forecast_3680,2025-06-03 08:00:00,1266.2077245764704,1421.8975401431287,1153.2639378616216
forecast_3681,2025-06-03 09:00:00,1109.2531644551086,1723.3273429015655,1279.063989564335
forecast_3682,2025-06-03 10:00:00,2371.651379578371,3357.749790776447,2058.4177954830293
forecast_3683,2025-06-03 11:00:00,4474.172839203771,3523.7903194332307,3238.284326393615
forecast_3684,2025-06-03 12:00:00,6829.277260951928,5345.2804857962155,4867.19116233418
forecast_3685,2025-06-03 13:00:00,7842.36616222048,7367.718026715013,7083.146425182637
forecast_3686,2025-06-03 14:00:00,9908.084287673995,9200.810696253135,8408.397221278436
forecast_3687,2025-06-03 15:00:00,10383.317043307885,9692.815962686558,8556.644826835192
forecast_3688,2025-06-03 16:00:00,11624.298910611946,10715.396525503815,10773.996360354748
forecast_3689,2025-06-03 17:00:00,12340.460135373933,10872.036647022931,10035.46889741209
forecast_3690,2025-06-03 18:00:00,13211.004151527735,11676.346153244629,10653.38808239962
forecast_3691,2025-06-03 19:00:00,13984.680983320975,13267.402961858408,12840.725931052286
forecast_3692,2025-06-03 20:00:00,14821.460177612618,15442.652376583024,15335.187466853207
forecast_3693,2025-06-03 21:00:00,16917.095353472956,16973.090123990532,17406.474746612737
forecast_3694,2025-06-03 22:00:00,16675.2777047405,15973.674803653368,16958.01487262279
forecast_3695,2025-06-03 23:00:00,15609.993497676414,14515.23445116964,14259.1285127361
forecast_3696,2025-06-04 00:00:00,15036.890900617966,13971.059059213309,15093.482611893822
forecast_3697,2025-06-04 01:00:00,15894.565362779551,14300.237484931673,15260.862998187391
forecast_3698,2025-06-04 02:00:00,15721.445658843779,15144.068765739717,14836.083216715086
forecast_3699,2025-06-04 03:00:00,16626.90715787036,17106.74548151195,15631.453879423274
forecast_3700,2025-06-04 04:00:00,17040.975731799575,17590.403744652758,17183.209977340422
forecast_3701,2025-06-04 05:00:00,16872.303785285178,17552.58426955348,17516.873898290876
forecast_3702,2025-06-04 06:00:00,17037.652363129942,17663.083215108538,17853.738191926317
forecast_3703,2025-06-04 07:00:00,16979.736976460466,17837.345859151053,17921.534608597955
forecast_3704,2025-06-04 08:00:00,16693.797886760214,17537.715223216386,17784.849979878076
forecast_3705,2025-06-04 09:00:00,16541.31804399047,17644.43549727231,17514.508328410164
forecast_3706,2025-06-04 10:00:00,16705.108501277595,17703.00543485983,17053.029937195104
forecast_3707,2025-06-04 11:00:00,16601.935550492257,17736.81998492721,16822.04321580889
forecast_3708,2025-06-04 12:00:00,16621.043371201093,17682.258316174695,16437.844728530115
forecast_3709,2025-06-04 13:00:00,16244.067514293954,17534.60201914384,16247.055427905132
forecast_3710,2025-06-04 14:00:00,16098.79305019179,16019.31455521718,14557.73868227073
forecast_3711,2025-06-04 15:00:00,14135.669064796637,15170.155582786512,12601.603108194819
forecast_3712,2025-06-04 16:00:00,13614.839091322003,13844.759927929752,9725.08728667409
forecast_3713,2025-06-04 17:00:00,13335.388936448237,13269.778862494317,9467.429223150688
forecast_3714,2025-06-04 18:00:00,13278.897070504401,12302.43358037251,9108.335680512939
forecast_3715,2025-06-04 19:00:00,13304.417042850499,10799.48407695136,7851.877902955709
forecast_3716,2025-06-04 20:00:00,13511.784685402896,12927.233308483588,8387.468054113946
forecast_3717,2025-06-04 21:00:00,12950.57334110983,13171.029462599074,10151.792255713353
forecast_3718,2025-06-04 22:00:00,13333.732346876026,13740.407236675786,11660.488202519888
forecast_3719,2025-06-04 23:00:00,13110.967002925474,12645.559723639559,12712.773392888552
forecast_3720,2025-06-05 00:00:00,13216.396640521241,14710.703517111077,13479.948407299376
forecast_3721,2025-06-05 01:00:00,13859.342343909728,15917.758569323812,13473.76705612965
forecast_3722,2025-06-05 02:00:00,14325.466229606007,16093.829893347598,13353.561191290524
forecast_3723,2025-06-05 03:00:00,14516.238428879278,15878.514768062489,13414.800907839544
forecast_3724,2025-06-05 04:00:00,14379.131418264826,15933.784653426439,12519.36249649764
forecast_3725,2025-06-05 05:00:00,14261.77912095894,16049.241354628271,13824.882471815643
forecast_3726,2025-06-05 06:00:00,14885.37899669173,16431.52619623487,14183.654522380926
forecast_3727,2025-06-05 07:00:00,14489.782411093096,17079.157445470115,13765.90101456416
forecast_3728,2025-06-05 08:00:00,12650.128089548984,15305.007178473894,11879.635546205138
forecast_3729,2025-06-05 09:00:00,10486.078361649199,12057.723548084756,8822.830362502436
forecast_3730,2025-06-05 10:00:00,8565.859656837176,9726.96982128116,7090.114209946716
forecast_3731,2025-06-05 11:00:00,7845.149919401736,8427.185691438386,5834.921948399501
forecast_3732,2025-06-05 12:00:00,7481.312923443686,7797.072043690967,5754.848005094855
forecast_3733,2025-06-05 13:00:00,7248.391084687503,7190.312555226747,5525.1746991534055
forecast_3734,2025-06-05 14:00:00,7343.260443434333,7814.053469338867,5267.421352494994
forecast_3735,2025-06-05 15:00:00,7469.700226229006,7781.7651845086075,5608.844528813887
forecast_3736,2025-06-05 16:00:00,8265.83652959716,8543.716971014193,6761.070643052796
forecast_3737,2025-06-05 17:00:00,10025.00738890854,9285.849084691818,10623.712359221385
forecast_3738,2025-06-05 18:00:00,11461.040503209544,11649.56091101003,12368.317932445887
forecast_3739,2025-06-05 19:00:00,13650.867637603045,14330.70850967692,16129.28475382653
forecast_3740,2025-06-05 20:00:00,14484.526723211315,16449.66303054263,18024.620782331323
forecast_3741,2025-06-05 21:00:00,16176.795577344228,18291.645173131867,18261.508935988455
forecast_3742,2025-06-05 22:00:00,19146.644319513027,18726.754469790063,18369.898912091627
forecast_3743,2025-06-05 23:00:00,19651.877445138827,18266.1610619958,18090.171122219635
forecast_3744,2025-06-06 00:00:00,20131.74161892695,18047.117585210486,18363.643087633933
forecast_3745,2025-06-06 01:00:00,19595.336536544924,18477.041093339933,17640.41874487125
forecast_3746,2025-06-06 02:00:00,19544.065840212395,18409.62910435089,17827.95081455182
forecast_3747,2025-06-06 03:00:00,19773.819607460064,18332.703103359665,17728.548047551994
forecast_3748,2025-06-06 04:00:00,19681.32474209087,18379.912914576038,17609.586977768555
forecast_3749,2025-06-06 05:00:00,20354.007186101888,18326.5239461198,17816.56670410299
forecast_3750,2025-06-06 06:00:00,20428.745626701664,18087.15393806297,17558.579676572735
forecast_3751,2025-06-06 07:00:00,19279.46888657637,18000.208137140642,18058.926996966875
forecast_3752,2025-06-06 08:00:00,17841.31407263338,17950.240435077165,17431.929593135595
forecast_3753,2025-06-06 09:00:00,15127.21620223288,16326.659520158772,16206.733006360879
forecast_3754,2025-06-06 10:00:00,14666.676325059558,14636.079130095266,15874.098418165639
forecast_3755,2025-06-06 11:00:00,14645.367469846842,15600.249496514036,15566.858202869926
forecast_3756,2025-06-06 12:00:00,13882.637098315512,14535.153896606611,14235.239503162617
forecast_3757,2025-06-06 13:00:00,14096.503923456601,14297.331899058874,13745.628086562036
forecast_3758,2025-06-06 14:00:00,14408.5380220917,14996.329065094711,14029.006203223824
forecast_3759,2025-06-06 15:00:00,14970.665320696233,14353.683703716091,13979.553387290478
forecast_3760,2025-06-06 16:00:00,15066.003426961895,14064.650287997425,14096.188899963832
forecast_3761,2025-06-06 17:00:00,15109.18470664305,15563.369929434983,14910.156738913207
forecast_3762,2025-06-06 18:00:00,15518.947614213375,16401.119434432458,15946.644911566702
forecast_3763,2025-06-06 19:00:00,16598.995450639184,16734.85837101185,17972.93230383113
forecast_3764,2025-06-06 20:00:00,17326.632955616467,17644.326969994763,18216.498376961474
forecast_3765,2025-06-06 21:00:00,17512.055110797744,17772.74746157404,18204.890832512458
forecast_3766,2025-06-06 22:00:00,18089.966313220393,17944.916949906783,18124.549596391626
forecast_3767,2025-06-06 23:00:00,18779.219983824958,17815.98419894412,17684.687622719863
forecast_3768,2025-06-07 00:00:00,18932.645773748092,17787.777753204417,18161.00559354842
forecast_3769,2025-06-07 01:00:00,18589.48379998795,17687.027420479237,18071.92458776172
forecast_3770,2025-06-07 02:00:00,19004.313053434453,17828.86864860903,17976.77344802968
forecast_3771,2025-06-07 03:00:00,18798.597830424376,17732.85110874923,18097.137341511534
forecast_3772,2025-06-07 04:00:00,18125.299009261176,17966.12926960408,18020.312698260765
forecast_3773,2025-06-07 05:00:00,18598.808347668215,18024.99251105931,18024.88389168273
forecast_3774,2025-06-07 06:00:00,19132.623699563977,18055.57526116873,17955.112057917322
forecast_3775,2025-06-07 07:00:00,18508.66007702147,17968.10167037803,17876.24201894307
forecast_3776,2025-06-07 08:00:00,16083.975842959708,17202.203317241627,16917.704489575706
forecast_3777,2025-06-07 09:00:00,13667.237560560758,14926.072758126902,12894.29352417451
forecast_3778,2025-06-07 10:00:00,11314.79336969223,11604.78400178907,9229.667866463647
forecast_3779,2025-06-07 11:00:00,9893.069985067075,10490.588758273212,8587.362462238407
forecast_3780,2025-06-07 12:00:00,8569.49566555633,9083.258293063856,7092.827649598645
forecast_3781,2025-06-07 13:00:00,7683.413298452289,8499.47576036336,5355.438689855038
forecast_3782,2025-06-07 14:00:00,7142.246577621549,8292.837281214455,4681.333132288434
forecast_3783,2025-06-07 15:00:00,6869.618833930843,7216.367893462708,4658.337056128504
forecast_3784,2025-06-07 16:00:00,6415.909965107714,7039.162140453553,4611.166300783889
forecast_3785,2025-06-07 17:00:00,7167.3176387155745,7266.185928651657,5108.456413375771
forecast_3786,2025-06-07 18:00:00,7647.914597744796,8632.417067974146,6142.495262904564
forecast_3787,2025-06-07 19:00:00,9697.16706008084,10439.62558538786,8126.981579509806
forecast_3788,2025-06-07 20:00:00,12104.09441672007,13415.2926667414,11799.787152081573
forecast_3789,2025-06-07 21:00:00,13761.56812637421,15240.358876748185,12925.673775767165
forecast_3790,2025-06-07 22:00:00,14197.855208673247,15236.873462790323,11431.919076433252
forecast_3791,2025-06-07 23:00:00,14056.173565774472,13919.785237885046,11443.699770335967
forecast_3792,2025-06-08 00:00:00,14182.081257392423,14992.756713781162,12174.162197919857
forecast_3793,2025-06-08 01:00:00,14241.319635089021,15481.549723012224,12238.946214734775
forecast_3794,2025-06-08 02:00:00,12538.595361181664,14482.650044066022,11927.52226294781
forecast_3795,2025-06-08 03:00:00,11697.684331895547,12281.949226932245,9469.78344349263
forecast_3796,2025-06-08 04:00:00,11379.739514486788,10632.69201790975,9002.795745767315
forecast_3797,2025-06-08 05:00:00,11082.560600595578,10044.23313149024,8258.17765065806
forecast_3798,2025-06-08 06:00:00,9278.221473386726,8952.29679246316,6621.64766626574
forecast_3799,2025-06-08 07:00:00,5524.324586179056,5690.468546161829,3082.91692016371
forecast_3800,2025-06-08 08:00:00,2040.3368975626083,2116.5680183612544,1190.1290078950155
forecast_3801,2025-06-08 09:00:00,893.1258093785025,921.5794239731179,666.7034496614267
forecast_3802,2025-06-08 10:00:00,275.60216862198575,315.7330483538499,659.4683576922671
forecast_3803,2025-06-08 11:00:00,254.18918597598145,296.2647745676504,657.7327777056947
forecast_3804,2025-06-08 12:00:00,253.0321259631641,296.2647745676504,657.7327777056947
forecast_3805,2025-06-08 13:00:00,253.0321259631641,296.2647745676504,657.7327777056947
forecast_3806,2025-06-08 14:00:00,253.0321259631641,296.2647745676504,657.7327777056947
forecast_3807,2025-06-08 15:00:00,253.0321259631641,296.2647745676504,657.7327777056947
forecast_3808,2025-06-08 16:00:00,253.0321259631641,296.2647745676504,657.7327777056947
forecast_3809,2025-06-08 17:00:00,254.18918597598145,296.210085856421,657.7327777056947
forecast_3810,2025-06-08 18:00:00,379.35009424028897,382.17305169859,664.2115421789939
forecast_3811,2025-06-08 19:00:00,1441.4306610137974,963.6360479254183,846.8733162175431
forecast_3812,2025-06-08 20:00:00,2794.5881188228145,1966.815701895296,1287.3290699451904
forecast_3813,2025-06-08 21:00:00,4725.752962761062,3945.856533723864,2294.4324445555076
forecast_3814,2025-06-08 22:00:00,6639.287630551221,6114.685546414655,3710.204372994307
forecast_3815,2025-06-08 23:00:00,8832.223603830333,8214.341359302436,5648.343017620409
forecast_3816,2025-06-09 00:00:00,11071.062982631509,10283.983431717188,8194.462925504162
forecast_3817,2025-06-09 01:00:00,11638.488533665484,11587.377982937984,9215.730076961921
forecast_3818,2025-06-09 02:00:00,11855.34146599914,12085.915025988936,9166.343468254574
forecast_3819,2025-06-09 03:00:00,12048.749070933613,11177.24357101274,8251.998921478107
forecast_3820,2025-06-09 04:00:00,11968.546691399464,10957.8838410137,7511.435835611849
forecast_3821,2025-06-09 05:00:00,9862.298999314617,9618.225609688068,7162.446260881006
forecast_3822,2025-06-09 06:00:00,7546.578172805751,7677.260555981966,5545.866505090868
forecast_3823,2025-06-09 07:00:00,4288.116100579488,3985.666617303525,3071.992207267172
forecast_3824,2025-06-09 08:00:00,1530.243663527197,1167.1427645482233,1227.0617850858855
forecast_3825,2025-06-09 09:00:00,794.4968153695909,721.2583225027668,818.5922546135145
forecast_3826,2025-06-09 10:00:00,350.6351695456551,402.8481423341703,666.7034496614267
forecast_3827,2025-06-09 11:00:00,466.7613611239141,494.88705781657444,853.3124732634827
forecast_3828,2025-06-09 12:00:00,685.9326077068612,777.6245951400467,981.6593439204917
forecast_3829,2025-06-09 13:00:00,751.1205826464671,864.9142505425704,1028.5374868926292
forecast_3830,2025-06-09 14:00:00,1183.457774541696,1363.076640429985,1239.5002220434694
forecast_3831,2025-06-09 15:00:00,2110.16424123629,1833.044296580699,2029.1613612014323
forecast_3832,2025-06-09 16:00:00,2358.3703340959805,3030.976842211402,2090.584491221828
forecast_3833,2025-06-09 17:00:00,3056.6054847235064,3176.2374392898973,2366.828364667933
forecast_3834,2025-06-09 18:00:00,3644.56911793491,3571.150589653798,2701.350345850508
forecast_3835,2025-06-09 19:00:00,4833.1687972056425,4847.073284770049,3192.9766309636675
forecast_3836,2025-06-09 20:00:00,5454.611930981198,6247.921425727814,3926.7834818271976
forecast_3837,2025-06-09 21:00:00,8182.8911673371795,8309.234879726922,5925.9102597797
forecast_3838,2025-06-09 22:00:00,11087.00691209927,12061.791723546972,10102.249678094307
forecast_3839,2025-06-09 23:00:00,12305.65932354218,14419.254376836874,10781.664950911238
forecast_3840,2025-06-10 00:00:00,13197.246927253553,16243.558385926302,12058.761316803051
forecast_3841,2025-06-10 01:00:00,15953.06597834345,16800.878813100033,16422.48968177577
forecast_3842,2025-06-10 02:00:00,17055.543139828238,17764.781262277615,16303.660573366
forecast_3843,2025-06-10 03:00:00,16451.907179375812,17747.633276103963,17490.875368370824
forecast_3844,2025-06-10 04:00:00,15860.012564250483,17307.213204802218,15870.468037664346
forecast_3845,2025-06-10 05:00:00,17440.933039453994,16764.98331699984,16865.895567922926
forecast_3846,2025-06-10 06:00:00,15983.626937677345,15564.2322152801,15540.652350457323
forecast_3847,2025-06-10 07:00:00,15624.65477655807,15446.474884738447,13114.657233446182
forecast_3848,2025-06-10 08:00:00,12716.230527394155,14394.987776407394,9047.802572894787
forecast_3849,2025-06-10 09:00:00,8989.240869114446,9737.869017489882,6188.887220255568
forecast_3850,2025-06-10 10:00:00,7581.203280764517,7489.265288240126,5223.652338942423
forecast_3851,2025-06-10 11:00:00,5995.241061274429,7381.889917197068,5049.332272644589
forecast_3852,2025-06-10 12:00:00,5707.713256614377,6818.175433955876,5212.226591526231
forecast_3853,2025-06-10 13:00:00,6264.038542291261,7578.629764667909,5220.433822794884
forecast_3854,2025-06-10 14:00:00,7205.909595342493,7787.91502055748,5209.715934266652
forecast_3855,2025-06-10 15:00:00,7825.76469570449,8926.738401146655,5838.123326004351
forecast_3856,2025-06-10 16:00:00,8850.201733759557,9334.926363828254,8169.412547769942
forecast_3857,2025-06-10 17:00:00,9872.520777262687,10325.162624824627,8543.514837486873
forecast_3858,2025-06-10 18:00:00,10117.225636101033,10745.270440758915,8102.542522061104
forecast_3859,2025-06-10 19:00:00,10645.992648552105,11044.17899395847,8588.907089006458
forecast_3860,2025-06-10 20:00:00,11157.33749233247,11339.270685119849,9041.944288131586
forecast_3861,2025-06-10 21:00:00,12684.496787903952,12408.731708100991,11070.55972641803
forecast_3862,2025-06-10 22:00:00,14570.515503952029,15244.153351575722,14418.43232771387
forecast_3863,2025-06-10 23:00:00,14986.448834757797,16244.863193962385,14994.597191010718
forecast_3864,2025-06-11 00:00:00,14792.144658947445,14389.099146074694,15582.5279132369
forecast_3865,2025-06-11 01:00:00,15850.348479347973,15730.94631683862,16077.50697358165
forecast_3866,2025-06-11 02:00:00,15080.831536627613,15820.2956132944,13514.75969054153
forecast_3867,2025-06-11 03:00:00,13883.187366220061,16086.484849464274,12702.209755768996
forecast_3868,2025-06-11 04:00:00,12828.554224558797,15610.01433466429,12051.973914402572
forecast_3869,2025-06-11 05:00:00,12988.088195474704,14507.64019082135,12446.338094581064
forecast_3870,2025-06-11 06:00:00,13929.842665038688,14095.70950050517,11737.655259571009
forecast_3871,2025-06-11 07:00:00,13578.965779226117,11809.821081947965,9689.627064400362
forecast_3872,2025-06-11 08:00:00,11159.157018117086,9861.632136136986,7955.505139509469
forecast_3873,2025-06-11 09:00:00,8833.860777182232,8288.159272485054,5985.287578288165
forecast_3874,2025-06-11 10:00:00,8522.42320939768,7077.404200540552,5717.231486195859
forecast_3875,2025-06-11 11:00:00,9081.990586593574,6603.87967784381,5633.817097062323
forecast_3876,2025-06-11 12:00:00,9029.394543387161,6570.710461105645,5473.53819355153
forecast_3877,2025-06-11 13:00:00,8315.732341121504,6676.275395868923,5963.063611909011
forecast_3878,2025-06-11 14:00:00,8703.036777352367,7188.86802527168,6770.180092042176
forecast_3879,2025-06-11 15:00:00,7905.376704370351,6597.815379715059,5147.762058390379
forecast_3880,2025-06-11 16:00:00,6912.7876546788875,5083.447303597947,3761.8687031549807
forecast_3881,2025-06-11 17:00:00,5152.04636500245,3495.3949212346406,2653.979228528152
forecast_3882,2025-06-11 18:00:00,3949.599925801257,3514.795103601705,2119.719334107599
forecast_3883,2025-06-11 19:00:00,4222.561122726909,5059.956621511588,2795.5536451773055
forecast_3884,2025-06-11 20:00:00,6449.047877881622,5713.288099121031,3576.3967770872973
forecast_3885,2025-06-11 21:00:00,7817.214134994234,7297.917896556767,4312.681165527289
forecast_3886,2025-06-11 22:00:00,7936.323004571507,8597.470567031756,5004.5531948156295
forecast_3887,2025-06-11 23:00:00,8062.55595059678,9111.536562350257,5615.601919328198
forecast_3888,2025-06-12 00:00:00,7939.668001408984,7944.977682203071,5075.478369993567
forecast_3889,2025-06-12 01:00:00,5131.85082042822,5463.859144614031,3798.975390760762
forecast_3890,2025-06-12 02:00:00,4474.062631330181,3805.1972077198043,3312.8362402293214
forecast_3891,2025-06-12 03:00:00,3494.950367169086,2282.6253400307137,1508.8852225059172
forecast_3892,2025-06-12 04:00:00,2185.326377521173,1454.2438178471934,1126.8323101911299
forecast_3893,2025-06-12 05:00:00,1229.6949221678346,963.873985726168,776.6011418262494
forecast_3894,2025-06-12 06:00:00,775.5243823831249,634.792038927663,666.7034496614267
forecast_3895,2025-06-12 07:00:00,692.8800543534373,529.7724237621321,659.4683576922671
forecast_3896,2025-06-12 08:00:00,343.5701527776116,376.6761455420052,659.4683576922671
forecast_3897,2025-06-12 09:00:00,268.6111529285972,299.35949698703246,657.7327777056947
forecast_3898,2025-06-12 10:00:00,254.18918597598145,296.2647745676504,657.7327777056947
forecast_3899,2025-06-12 11:00:00,253.0321259631641,296.2647745676504,657.7327777056947
forecast_3900,2025-06-12 12:00:00,253.0321259631641,296.2647745676504,657.7327777056947
forecast_3901,2025-06-12 13:00:00,253.0321259631641,296.2647745676504,657.7327777056947
forecast_3902,2025-06-12 14:00:00,253.0321259631641,296.2647745676504,657.7327777056947
forecast_3903,2025-06-12 15:00:00,254.18918597598145,296.2647745676504,657.7327777056947
forecast_3904,2025-06-12 16:00:00,254.18918597598145,298.07399854313934,657.7327777056947
forecast_3905,2025-06-12 17:00:00,319.1879319212062,361.5192674266763,659.4683576922671
forecast_3906,2025-06-12 18:00:00,689.644324899955,475.33712886865703,661.9602651746998
forecast_3907,2025-06-12 19:00:00,966.4756812098645,910.7394681239114,661.9602651746998
forecast_3908,2025-06-12 20:00:00,898.8240761094934,1180.8008390464738,730.1402025279208
forecast_3909,2025-06-12 21:00:00,1024.0481577088656,1325.5977619684247,853.3124732634827
forecast_3910,2025-06-12 22:00:00,1943.613447219494,1914.4520991038185,1116.743578334366
forecast_3911,2025-06-12 23:00:00,3015.7576982800106,3450.371953497258,1344.2525938805975
forecast_3912,2025-06-13 00:00:00,4090.4947459294926,4084.257005916194,2555.413465801525
forecast_3913,2025-06-13 01:00:00,5437.4705640889515,6435.173296149657,3183.845323208933
forecast_3914,2025-06-13 02:00:00,7686.114314667968,7496.546353487199,4439.50776214003
forecast_3915,2025-06-13 03:00:00,7664.423187226562,7969.355935637039,4779.87802579587
forecast_3916,2025-06-13 04:00:00,7795.281221961191,7583.769095425154,4563.936903544383
forecast_3917,2025-06-13 05:00:00,6965.972133339319,4867.440022897236,2708.4143936909127
forecast_3918,2025-06-13 06:00:00,3888.351044799599,2026.7286191831263,1413.85408264859
forecast_3919,2025-06-13 07:00:00,1386.4850825744802,904.2616662435566,853.3124732634827
forecast_3920,2025-06-13 08:00:00,737.6302620841418,326.15041320722656,664.2115421789939
forecast_3921,2025-06-13 09:00:00,253.0321259631641,296.210085856421,657.7327777056947
forecast_3922,2025-06-13 10:00:00,253.0321259631641,296.2647745676504,657.7327777056947
forecast_3923,2025-06-13 11:00:00,254.18918597598145,296.3243844533978,657.7327777056947
forecast_3924,2025-06-13 12:00:00,262.90575307011255,287.9247307378417,659.4683576922671
forecast_3925,2025-06-13 13:00:00,432.21839537088425,372.89539412471913,846.8733162175431
forecast_3926,2025-06-13 14:00:00,769.3572057264503,861.8595836127886,1028.9939758864818
forecast_3927,2025-06-13 15:00:00,947.8820144986945,1170.1702269610857,1113.2771705462728
forecast_3928,2025-06-13 16:00:00,999.8107388927026,1534.5760659969762,1043.626493092664
forecast_3929,2025-06-13 17:00:00,1262.0656137711667,2534.0361728565367,1270.304396188521
forecast_3930,2025-06-13 18:00:00,1774.5341875576505,2473.4078406304084,1290.416249667451
forecast_3931,2025-06-13 19:00:00,1605.271209178773,3053.2008643420127,1209.1076311591326
forecast_3932,2025-06-13 20:00:00,1305.7402743424027,3037.0542746350893,1354.0989631778016
forecast_3933,2025-06-13 21:00:00,1967.8697449069052,3246.946747136101,1348.5626362098087
forecast_3934,2025-06-13 22:00:00,3647.4818557357853,4477.532802955883,3104.4401711533055
forecast_3935,2025-06-13 23:00:00,3959.9915083819446,4450.765008670287,2803.8260145341924
forecast_3936,2025-06-14 00:00:00,5380.420355662599,6228.752937643345,4167.700917918185
forecast_3937,2025-06-14 01:00:00,10185.35310501804,10276.718480461339,8221.451361613075
forecast_3938,2025-06-14 02:00:00,11600.264538304411,13049.86665266319,9056.251864251104
forecast_3939,2025-06-14 03:00:00,10971.409639383808,13975.75181735779,8182.563400420743
forecast_3940,2025-06-14 04:00:00,9524.7219669964,11741.11443632592,5588.73308906427
forecast_3941,2025-06-14 05:00:00,7847.662359631629,8242.63025362564,3139.7796650446653
forecast_3942,2025-06-14 06:00:00,3801.242341056538,5234.767908040579,2038.1987272005506
forecast_3943,2025-06-14 07:00:00,1952.6057499389274,1802.956260495106,880.7635627529128
forecast_3944,2025-06-14 08:00:00,1203.2295020324632,1106.0521202310351,664.2115421789939
forecast_3945,2025-06-14 09:00:00,641.632688591402,877.8489735425843,664.2115421789939
forecast_3946,2025-06-14 10:00:00,356.2132514569288,932.1300209298868,661.9602651746998
forecast_3947,2025-06-14 11:00:00,635.6127779575377,935.5248852176634,727.4584516137336
forecast_3948,2025-06-14 12:00:00,545.0173779750882,1074.528982861173,776.6011418262494
forecast_3949,2025-06-14 13:00:00,547.8607238068287,928.8315878458528,903.8375835687335
forecast_3950,2025-06-14 14:00:00,339.1386209209173,581.4123152436775,903.8375835687335
forecast_3951,2025-06-14 15:00:00,303.9091479382535,542.7043907084195,853.3124732634827
forecast_3952,2025-06-14 16:00:00,342.19221641132947,386.03243913705535,664.2115421789939
forecast_3953,2025-06-14 17:00:00,443.416288348695,504.8835940884648,666.7034496614267
forecast_3954,2025-06-14 18:00:00,653.8752945805447,784.30155887159,676.2543278286781
forecast_3955,2025-06-14 19:00:00,794.7262139223623,932.0272927535865,666.7034496614267
forecast_3956,2025-06-14 20:00:00,820.2825610864168,1138.119160493318,666.7034496614267
forecast_3957,2025-06-14 21:00:00,748.9974540588947,977.0068119429404,853.3124732634827
forecast_3958,2025-06-14 22:00:00,1713.159485298604,1118.7758804154532,903.8375835687335
forecast_3959,2025-06-14 23:00:00,1934.1329908569946,1063.7183091637967,1012.1578239428488
forecast_3960,2025-06-15 00:00:00,2835.828739910908,1854.9793462620487,1275.8269998321045
forecast_3961,2025-06-15 01:00:00,4917.647804917315,4034.23059213494,4597.393059592295
forecast_3962,2025-06-15 02:00:00,7117.913867924117,5505.2735412690745,5409.015145788013
forecast_3963,2025-06-15 03:00:00,6424.633714955162,5332.471968947502,5449.89305242858
forecast_3964,2025-06-15 04:00:00,7038.03200930099,5368.513396279023,4918.299954850062
forecast_3965,2025-06-15 05:00:00,6417.552163559771,5125.580650773283,4807.369711050116
forecast_3966,2025-06-15 06:00:00,5322.5776706799825,4716.066833124524,4778.482176223481
forecast_3967,2025-06-15 07:00:00,3590.7680610995208,4137.54652000676,3046.597508443121
forecast_3968,2025-06-15 08:00:00,1531.230820135978,1748.5126086585792,1262.90809999374
forecast_3969,2025-06-15 09:00:00,1014.6075740994531,687.971775748037,1174.2087919127755
forecast_3970,2025-06-15 10:00:00,543.818059818041,435.1715800756988,1012.1578239428488
forecast_3971,2025-06-15 11:00:00,703.9014082923965,414.2847120199498,1095.743059935589
forecast_3972,2025-06-15 12:00:00,1088.9977662999254,975.3644810148274,1331.5960021342573
forecast_3973,2025-06-15 13:00:00,1746.1852876919324,1609.1446154427344,2807.831389434248
forecast_3974,2025-06-15 14:00:00,2039.123318099515,2749.565169821092,3896.2717204619307
forecast_3975,2025-06-15 15:00:00,3055.20651327183,3218.799672183259,4365.178225355072
forecast_3976,2025-06-15 16:00:00,3367.1935101792214,3477.5752751948035,4031.5316611348026
forecast_3977,2025-06-15 17:00:00,3719.9244895442157,3985.7372232065754,4235.465349281796
forecast_3978,2025-06-15 18:00:00,4266.948640312565,5587.857250878396,6034.792230172059
forecast_3979,2025-06-15 19:00:00,7216.664336791253,8588.0805668129,7086.99111830495
forecast_3980,2025-06-15 20:00:00,7673.982005286661,11232.71484703456,5928.269389388639
forecast_3981,2025-06-15 21:00:00,8357.798104619153,11319.306129236347,8041.209515960572
forecast_3982,2025-06-15 22:00:00,10561.234673279958,12744.435125316184,9042.833608977355
forecast_3983,2025-06-15 23:00:00,11805.662813394461,15766.189782424528,10816.146764001485
forecast_3984,2025-06-16 00:00:00,11967.380539585673,15902.896441585679,12088.664114656614
forecast_3985,2025-06-16 01:00:00,11693.064232888668,14560.108330003257,9911.494618225275
forecast_3986,2025-06-16 02:00:00,11143.739341708355,13240.351416972491,9539.561699774724
forecast_3987,2025-06-16 03:00:00,11636.617443433935,13972.28721892309,10149.052331265793
forecast_3988,2025-06-16 04:00:00,11195.499732522745,14569.813008988418,9174.931968902878
forecast_3989,2025-06-16 05:00:00,9383.52195700037,13428.035674328226,9007.219002769309
forecast_3990,2025-06-16 06:00:00,9757.019593634619,13438.235187318904,9535.688459783263
forecast_3991,2025-06-16 07:00:00,10914.907118172776,15360.446120225493,7925.509569391467
forecast_3992,2025-06-16 08:00:00,10404.481213594665,15062.537482866954,7361.311159440559
forecast_3993,2025-06-16 09:00:00,10353.928807687287,13702.181780266259,6958.561444972894
forecast_3994,2025-06-16 10:00:00,9903.622788257995,10804.510018400753,8221.069852628407
forecast_3995,2025-06-16 11:00:00,10798.251886302982,11787.831396681799,9399.896857320127
forecast_3996,2025-06-16 12:00:00,12040.417097084395,12129.327718025426,8541.845076730116
forecast_3997,2025-06-16 13:00:00,9616.264898912099,9678.774862062224,8872.905162934967
forecast_3998,2025-06-16 14:00:00,9683.663811535602,11003.676644836414,8822.747198936555
forecast_3999,2025-06-16 15:00:00,10388.397093092752,12082.949602032102,10345.294808833674
forecast_4000,2025-06-16 16:00:00,10547.415389326092,13065.609996720923,12115.100002247385
forecast_4001,2025-06-16 17:00:00,12542.312010419051,13523.190029576323,11884.52920916672
forecast_4002,2025-06-16 18:00:00,12976.328793148128,13396.987546341048,11583.499525999196
forecast_4003,2025-06-16 19:00:00,13226.675553154408,12856.105507567025,11548.917743689492
forecast_4004,2025-06-16 20:00:00,13238.046620172692,13618.18597830761,12924.661403072936
forecast_4005,2025-06-16 21:00:00,13692.662787750258,14285.443017099471,13219.42943708885
forecast_4006,2025-06-16 22:00:00,17020.17930806583,17506.524071843254,15276.263133141587
forecast_4007,2025-06-16 23:00:00,17776.97072735043,18353.462208686702,16965.593857819527
forecast_4008,2025-06-17 00:00:00,18126.671799944248,18399.688032195467,18233.566173504172
forecast_4009,2025-06-17 01:00:00,18105.856843949765,18320.53358101824,16940.599217846007
forecast_4010,2025-06-17 02:00:00,18655.27698249743,18233.056166893497,17770.733217717217
forecast_4011,2025-06-17 03:00:00,18386.675415300822,18563.24794390307,17272.817209398567
forecast_4012,2025-06-17 04:00:00,18141.66048964922,18825.974034136983,16646.221417664423
forecast_4013,2025-06-17 05:00:00,17982.67021364675,18815.16647802162,16692.13106116375
forecast_4014,2025-06-17 06:00:00,16505.65016402429,18452.356152632296,16738.374598095965
forecast_4015,2025-06-17 07:00:00,13798.291100096234,17056.056590947686,13551.275445635736
forecast_4016,2025-06-17 08:00:00,13053.239626318276,14789.297340895235,11953.461863072516
forecast_4017,2025-06-17 09:00:00,12322.95301259375,13872.93367857814,12257.311043208085
forecast_4018,2025-06-17 10:00:00,10652.13091241179,11688.72197271129,10805.063248254537
forecast_4019,2025-06-17 11:00:00,10102.885431698212,11009.056577571086,9456.451260694444
forecast_4020,2025-06-17 12:00:00,10150.80828237152,11064.99762348017,9408.318860423651
forecast_4021,2025-06-17 13:00:00,10008.966809300857,10976.674585621771,8836.592401439437
forecast_4022,2025-06-17 14:00:00,9372.34156539416,10746.686370120788,8742.049864661778
forecast_4023,2025-06-17 15:00:00,9193.104846425093,9832.882930527889,8720.3404898068
forecast_4024,2025-06-17 16:00:00,8956.154455462056,10087.869113752886,8742.966293415575
forecast_4025,2025-06-17 17:00:00,7855.553729449292,9355.020571703493,7138.517761009923
forecast_4026,2025-06-17 18:00:00,7417.0350006628405,8087.796096858789,5743.660957590254
forecast_4027,2025-06-17 19:00:00,5057.158280915544,7574.885196563519,5223.7177761814255
forecast_4028,2025-06-17 20:00:00,5885.874850703247,7862.067774824651,4824.731177149084
forecast_4029,2025-06-17 21:00:00,7589.654301871073,8620.206018869894,5379.107853012409
forecast_4030,2025-06-17 22:00:00,8680.778658210027,10283.524347159695,6236.928404677548
forecast_4031,2025-06-17 23:00:00,9835.555867018118,12074.393659688369,7245.204199698508
forecast_4032,2025-06-18 00:00:00,10061.639148243667,12264.76350754825,7254.628525294589
forecast_4033,2025-06-18 01:00:00,12282.944472200885,12336.437730823334,7264.369948674883
forecast_4034,2025-06-18 02:00:00,12720.210424517598,12880.34017052264,7782.241437565016
forecast_4035,2025-06-18 03:00:00,12706.39701904168,13111.14721705016,8670.86479281386
forecast_4036,2025-06-18 04:00:00,12553.868632688214,14446.984608000072,8913.012835827869
forecast_4037,2025-06-18 05:00:00,13108.212217281567,15359.897977274712,8760.304828808577
forecast_4038,2025-06-18 06:00:00,13551.172776235166,14386.868367925495,8583.855149875479
forecast_4039,2025-06-18 07:00:00,11260.741742347574,13145.721811524394,7774.4744978049175
forecast_4040,2025-06-18 08:00:00,8716.351800625358,9831.83973240645,6959.263304977721
forecast_4041,2025-06-18 09:00:00,8520.80182987905,8521.919350966898,5156.155889506597
forecast_4042,2025-06-18 10:00:00,7291.083194562571,6950.215429572263,3680.1341325911476
forecast_4043,2025-06-18 11:00:00,6334.252733544752,5620.185118655978,3094.319174632133
forecast_4044,2025-06-18 12:00:00,5362.861483123513,4862.893021717497,2980.926458642013
forecast_4045,2025-06-18 13:00:00,5197.319733370891,4548.164904826014,2907.4873629681015
forecast_4046,2025-06-18 14:00:00,4925.612427210207,4279.149751057099,2990.7630735445136
forecast_4047,2025-06-18 15:00:00,5270.952983548232,4279.466072536384,3058.7700117337013
forecast_4048,2025-06-18 16:00:00,5264.476131321189,4542.263142449074,2998.1270123289687
forecast_4049,2025-06-18 17:00:00,5939.141044284765,4583.58933327196,3671.2344461272032
forecast_4050,2025-06-18 18:00:00,5748.989724348158,5603.663826744913,4481.176245928362
forecast_4051,2025-06-18 19:00:00,7777.367616986851,7595.183084570468,5722.119827328896
forecast_4052,2025-06-18 20:00:00,9107.049899025626,9142.01107816141,8117.093238946176
forecast_4053,2025-06-18 21:00:00,10512.17364429239,10487.563843933083,8877.89184917739
forecast_4054,2025-06-18 22:00:00,11897.091160435288,13698.247558419145,10782.513914467983
forecast_4055,2025-06-18 23:00:00,12936.377546614638,14692.355426667582,12592.531797862895
forecast_4056,2025-06-19 00:00:00,13924.7849448008,14932.191611554303,12802.169192641493
forecast_4057,2025-06-19 01:00:00,14308.463043657965,15728.15714178832,14061.005826192684
forecast_4058,2025-06-19 02:00:00,14053.407074708908,15469.395290142847,13177.004798428537
forecast_4059,2025-06-19 03:00:00,14350.130196545608,14904.360758646848,12823.73237478666
forecast_4060,2025-06-19 04:00:00,15060.7089396053,14348.544284608395,12166.974201303095
forecast_4061,2025-06-19 05:00:00,14045.963302074868,13893.394311555367,10758.458420968189
forecast_4062,2025-06-19 06:00:00,12183.959928608881,12431.125134870079,9113.550671215096
forecast_4063,2025-06-19 07:00:00,9964.86658134892,9902.755241076458,6188.5840707196785
forecast_4064,2025-06-19 08:00:00,7457.721655780685,6239.170073700558,2894.1759628095742
forecast_4065,2025-06-19 09:00:00,3918.7590106868142,2583.819753772935,1273.5169849157016
forecast_4066,2025-06-19 10:00:00,1413.7478435911653,869.8213558405414,907.3411848263507
forecast_4067,2025-06-19 11:00:00,709.6034184316592,313.86913566713145,664.2115421789939
forecast_4068,2025-06-19 12:00:00,253.0321259631641,296.2647745676504,657.7327777056947
forecast_4069,2025-06-19 13:00:00,253.0321259631641,296.2647745676504,657.7327777056947
forecast_4070,2025-06-19 14:00:00,254.18918597598145,296.210085856421,657.7327777056947
forecast_4071,2025-06-19 15:00:00,310.83165932251,395.64650904397405,666.7034496614267
forecast_4072,2025-06-19 16:00:00,994.7947664095867,1056.530384458057,853.3124732634827
forecast_4073,2025-06-19 17:00:00,2135.977507252113,1947.3847067535614,1304.7276380962624
forecast_4074,2025-06-19 18:00:00,3370.2400926025557,3513.487381260113,2216.726543291913
forecast_4075,2025-06-19 19:00:00,4285.027919096,4799.58247952871,2770.323759128548
forecast_4076,2025-06-19 20:00:00,5447.272932908985,6465.526440639287,3126.8123209690866
forecast_4077,2025-06-19 21:00:00,7022.135205192017,8186.029557139754,4431.503766433141
forecast_4078,2025-06-19 22:00:00,8904.109565675615,9626.868900672718,7110.556053487674
forecast_4079,2025-06-19 23:00:00,10599.675223759868,11867.218819287591,7929.76073730045
forecast_4080,2025-06-20 00:00:00,12742.324664426942,13644.864422894665,8528.227597236684
forecast_4081,2025-06-20 01:00:00,12417.128245619795,14216.830118004596,9302.93624964901
forecast_4082,2025-06-20 02:00:00,12988.98780388843,14590.51933175972,10254.621929153494
forecast_4083,2025-06-20 03:00:00,12797.431519351903,15313.244264028875,10982.818404947928
forecast_4084,2025-06-20 04:00:00,13557.26978054638,15584.520834976744,12388.889015716488
forecast_4085,2025-06-20 05:00:00,13917.722145449748,15766.930540266741,11874.450261603764
forecast_4086,2025-06-20 06:00:00,13211.028745090112,15415.772591719573,10388.531335935859
forecast_4087,2025-06-20 07:00:00,12376.92748592126,15388.044379424979,9802.075988011087
forecast_4088,2025-06-20 08:00:00,12434.741427564306,15162.720737679134,11199.661977664597
forecast_4089,2025-06-20 09:00:00,11547.418367799024,15322.584840139843,11891.412170065023
forecast_4090,2025-06-20 10:00:00,10357.09931378439,13605.02025932806,11104.595522157233
forecast_4091,2025-06-20 11:00:00,10481.833103260444,14899.94883787082,12559.466364456932
forecast_4092,2025-06-20 12:00:00,11346.032367990067,15957.25388522079,13857.488861626824
forecast_4093,2025-06-20 13:00:00,13151.263828241214,17686.433822827887,15512.231370455225
forecast_4094,2025-06-20 14:00:00,13292.319953912836,18489.67230074261,16519.6453653357
forecast_4095,2025-06-20 15:00:00,13551.551965402774,18395.12394619051,17669.819153480283
forecast_4096,2025-06-20 16:00:00,15656.298096013963,18534.512120085088,18559.70791664691
forecast_4097,2025-06-20 17:00:00,17418.149201434113,18303.35681410379,18816.241952327233
forecast_4098,2025-06-20 18:00:00,17853.496183789226,18225.377790626855,18161.48362073866
forecast_4099,2025-06-20 19:00:00,18240.942213498703,18058.441324330888,18926.45576165467
forecast_4100,2025-06-20 20:00:00,18248.288468602976,18039.16563405477,19160.633813787335
forecast_4101,2025-06-20 21:00:00,18689.737238222784,17750.65424668891,19410.99734587415
forecast_4102,2025-06-20 22:00:00,18574.411387199012,17643.310783019562,19213.12933681882
forecast_4103,2025-06-20 23:00:00,18255.44853089295,17730.71996472458,18818.602916939595
forecast_4104,2025-06-21 00:00:00,18042.86512922779,18045.919612629143,18342.27128052002
forecast_4105,2025-06-21 01:00:00,18357.504747619583,17959.823707097406,19018.486193069875
forecast_4106,2025-06-21 02:00:00,17851.676422672514,17663.66337755858,18692.355107713618
forecast_4107,2025-06-21 03:00:00,17550.352742912124,17907.99938807451,18450.711972504585
forecast_4108,2025-06-21 04:00:00,14588.052104989236,17617.591429705826,15504.85922837609
forecast_4109,2025-06-21 05:00:00,15151.59664257897,17136.71635156019,16064.716715336433
forecast_4110,2025-06-21 06:00:00,15765.794665561058,15935.167774726773,14486.783471700668
forecast_4111,2025-06-21 07:00:00,14542.832051426338,14577.880806695088,15769.517443115017
forecast_4112,2025-06-21 08:00:00,14290.94669154392,14827.412317777465,15798.267557187277
forecast_4113,2025-06-21 09:00:00,13180.021343283905,12955.29212523614,14762.090618709155
forecast_4114,2025-06-21 10:00:00,9665.469643702181,9458.973007717135,9199.676165551966
forecast_4115,2025-06-21 11:00:00,9209.432084344813,8498.951458305157,9125.555506240347
forecast_4116,2025-06-21 12:00:00,9292.96212112799,9185.876243175122,9985.406577846486
forecast_4117,2025-06-21 13:00:00,9227.857587229493,9746.507349343146,8517.440589767612
forecast_4118,2025-06-21 14:00:00,9545.591614770947,9333.081654808635,8921.125455233283
forecast_4119,2025-06-21 15:00:00,9395.999780131195,9057.533863907005,8995.882586147643
forecast_4120,2025-06-21 16:00:00,10566.872249930666,12001.098912019495,10016.773812406507
forecast_4121,2025-06-21 17:00:00,11210.381543812768,13376.206677271577,12511.263762679364
forecast_4122,2025-06-21 18:00:00,11277.969762680048,12746.769136074137,11366.886280748568
forecast_4123,2025-06-21 19:00:00,11736.175096753297,12554.480392971023,9453.907188662348
forecast_4124,2025-06-21 20:00:00,12242.940099390678,14757.40347850764,12251.882443506682
forecast_4125,2025-06-21 21:00:00,13243.721704484513,15713.243370136843,11039.578937143227
forecast_4126,2025-06-21 22:00:00,13418.742267083304,15274.297531957873,11826.984323778754
forecast_4127,2025-06-21 23:00:00,13818.277146639204,14839.559122406883,11834.940551061914
forecast_4128,2025-06-22 00:00:00,15448.62903792072,15241.106188059664,14467.269729523687
forecast_4129,2025-06-22 01:00:00,14634.257988572965,14968.574206033509,12883.24428280404
forecast_4130,2025-06-22 02:00:00,15037.029586020251,14738.333844428274,12680.206112147518
forecast_4131,2025-06-22 03:00:00,14704.218499659557,14923.098531172034,11500.609303737861
forecast_4132,2025-06-22 04:00:00,12561.364579861762,13835.857845193046,9513.126076288308
forecast_4133,2025-06-22 05:00:00,11872.19041770105,11813.319652554783,8995.821625582947
forecast_4134,2025-06-22 06:00:00,11533.628888474655,10223.563384299092,8619.7838317596
forecast_4135,2025-06-22 07:00:00,11308.344189895937,11662.82599319045,8425.027853336385
forecast_4136,2025-06-22 08:00:00,10302.088475540477,10881.645358452373,7213.0733247086755
forecast_4137,2025-06-22 09:00:00,8440.905118386718,8672.065992884794,5293.761445710331
forecast_4138,2025-06-22 10:00:00,7266.7771863067555,6393.694276082864,4027.0114791453843
forecast_4139,2025-06-22 11:00:00,6960.097672659777,4600.764834282625,3534.385137997585
forecast_4140,2025-06-22 12:00:00,6773.7632232658625,4612.996242064355,3166.6223984615704
forecast_4141,2025-06-22 13:00:00,5621.471178164711,3836.6985174223855,3610.0288740186443
forecast_4142,2025-06-22 14:00:00,4303.291201668847,3211.193058786182,2889.535356495118
forecast_4143,2025-06-22 15:00:00,4200.726922967688,3267.9912193854752,2667.919283515248
forecast_4144,2025-06-22 16:00:00,4256.107950840715,3723.6147774920455,2597.961582953312
forecast_4145,2025-06-22 17:00:00,5244.591661639146,4182.4026479260665,2943.688712077009
forecast_4146,2025-06-22 18:00:00,6889.61567301988,5086.256523168429,3781.323262074343
forecast_4147,2025-06-22 19:00:00,7487.563296481251,5325.748067273508,3739.1555792683416
forecast_4148,2025-06-22 20:00:00,7994.550321957728,5869.6594480938575,3827.2784271489554
forecast_4149,2025-06-22 21:00:00,8740.325601429497,5880.628891130787,4063.8190425328257
forecast_4150,2025-06-22 22:00:00,8523.232841571798,6663.904803890296,4679.129899744142
forecast_4151,2025-06-22 23:00:00,8562.457445823711,6312.66735362444,4557.7917446054435
forecast_4152,2025-06-23 00:00:00,7520.629586201564,4404.135777034344,4181.291556113475
forecast_4153,2025-06-23 01:00:00,4934.10038900643,3907.4373892740123,3738.533347310274
forecast_4154,2025-06-23 02:00:00,3863.506301415184,3337.7161186159346,3584.071221895807
forecast_4155,2025-06-23 03:00:00,3869.5374983064744,2237.0380041457993,2735.3782351006384
forecast_4156,2025-06-23 04:00:00,3070.526315271215,1869.293098034988,2124.019014179829
forecast_4157,2025-06-23 05:00:00,2513.411212273045,1625.0438427796057,1344.3413301417015
forecast_4158,2025-06-23 06:00:00,1565.6074974832186,1383.4028590539035,1041.763407959496
forecast_4159,2025-06-23 07:00:00,1013.6775100702478,740.0365195680275,686.4505137474697
forecast_4160,2025-06-23 08:00:00,339.0815043068215,434.764789120999,664.2115421789939
forecast_4161,2025-06-23 09:00:00,274.6007866099846,395.8893170815203,664.2115421789939
forecast_4162,2025-06-23 10:00:00,280.6031000362794,337.858682007167,722.7152671270067
forecast_4163,2025-06-23 11:00:00,301.1141489283983,348.17710438084134,716.267300820457
forecast_4164,2025-06-23 12:00:00,311.63786779290115,456.1687682046894,776.6011418262494
forecast_4165,2025-06-23 13:00:00,314.7471846895186,596.9597691890248,776.6011418262494
forecast_4166,2025-06-23 14:00:00,388.0903394669395,568.4682344706624,721.0104853071839
forecast_4167,2025-06-23 15:00:00,320.98926235310654,578.5998022034461,667.1246106079412
forecast_4168,2025-06-23 16:00:00,293.9435207727622,451.0891426067777,661.9602651746998
forecast_4169,2025-06-23 17:00:00,260.0197302921102,325.4243276286231,659.4683576922671
forecast_4170,2025-06-23 18:00:00,254.18918597598145,298.07399854313934,657.7327777056947
forecast_4171,2025-06-23 19:00:00,254.18918597598145,296.37907316462713,657.7327777056947
forecast_4172,2025-06-23 20:00:00,262.90575307011255,296.37907316462713,657.7327777056947
forecast_4173,2025-06-23 21:00:00,279.87603860082885,298.12868725436874,657.7327777056947
forecast_4174,2025-06-23 22:00:00,300.181691076962,326.00103827059064,657.7327777056947
forecast_4175,2025-06-23 23:00:00,298.3003598081331,326.7098260725161,657.7327777056947
forecast_4176,2025-06-24 00:00:00,285.87835202712364,356.5703195424712,657.7327777056947
forecast_4177,2025-06-24 01:00:00,322.07082258428187,363.93028969921096,657.7327777056947
forecast_4178,2025-06-24 02:00:00,558.054767397258,411.3678846867607,657.7327777056947
forecast_4179,2025-06-24 03:00:00,703.2812095030242,518.3175211288308,657.7327777056947
forecast_4180,2025-06-24 04:00:00,856.2087067292925,947.2348745114266,659.4683576922671
forecast_4181,2025-06-24 05:00:00,1149.273543595879,1200.6902748999617,667.1246106079412
forecast_4182,2025-06-24 06:00:00,1722.648680675499,1522.677251710553,792.5574713111758
forecast_4183,2025-06-24 07:00:00,2737.292137334748,2898.616211220414,907.3411848263507
forecast_4184,2025-06-24 08:00:00,3085.951680798991,3531.8106851411603,994.379365288752
forecast_4185,2025-06-24 09:00:00,2768.232119204678,3484.4036295743717,1028.5374868926292
forecast_4186,2025-06-24 10:00:00,2376.604200110327,3085.102280995823,1146.4625509799446
forecast_4187,2025-06-24 11:00:00,1797.0209610351517,3028.2545801697224,1280.150446906791
forecast_4188,2025-06-24 12:00:00,1835.8457592137288,3081.8892424256005,1713.6725490755914
forecast_4189,2025-06-24 13:00:00,1873.0809296832235,3127.6420386364694,1374.089613699394
forecast_4190,2025-06-24 14:00:00,1893.3998937805416,2994.416954870044,1757.717696404468
forecast_4191,2025-06-24 15:00:00,1907.9459410357892,3111.3276182435875,1340.4726522001654
forecast_4192,2025-06-24 16:00:00,2161.3016381466286,3434.8066948995574,1228.7378719479473
forecast_4193,2025-06-24 17:00:00,2696.5135442317396,3604.949095959984,1277.372368088522
forecast_4194,2025-06-24 18:00:00,3594.6877642560016,4842.268685721368,1280.150446906791
forecast_4195,2025-06-24 19:00:00,4661.681890690368,6013.156485126962,1408.5274271119206
forecast_4196,2025-06-24 20:00:00,6010.096861073321,7172.5938587668425,2183.5389151960107
forecast_4197,2025-06-24 21:00:00,5123.13290377381,6919.784752046206,2059.274273421469
forecast_4198,2025-06-24 22:00:00,6693.016139197181,7120.735606672158,2150.4505209987037
forecast_4199,2025-06-24 23:00:00,6730.083928550821,7001.265483942307,1472.8393144155948
forecast_4200,2025-06-25 00:00:00,6310.351910741226,6590.191372455951,1343.6367994848986
forecast_4201,2025-06-25 01:00:00,6299.2503682851775,5737.549639878553,1337.934087119203
forecast_4202,2025-06-25 02:00:00,4427.183140991848,4169.042728080127,2029.4714931318842
forecast_4203,2025-06-25 03:00:00,4278.515948228573,3865.2712054827693,2070.9661687574758
forecast_4204,2025-06-25 04:00:00,6563.947392756517,3664.389427293804,2014.8012450071292
forecast_4205,2025-06-25 05:00:00,4436.914937407721,3487.4029456479316,1188.2217752087777
forecast_4206,2025-06-25 06:00:00,4515.959338880824,3399.4656560183707,1118.4126199197585
forecast_4207,2025-06-25 07:00:00,3821.695762554923,3392.779223004861,1004.1480296846573
forecast_4208,2025-06-25 08:00:00,3131.991967385675,3395.2028885788122,987.4547807167213
forecast_4209,2025-06-25 09:00:00,2280.0610278940408,3186.592734642724,983.9511794591041
forecast_4210,2025-06-25 10:00:00,1973.4115176577143,2859.571213094855,900.3659434663641
forecast_4211,2025-06-25 11:00:00,1962.3200299067873,2859.7056668321266,900.3659434663641
forecast_4212,2025-06-25 12:00:00,1566.7847393381603,1968.0490318173604,816.6980663018522
forecast_4213,2025-06-25 13:00:00,1241.7943690828765,1597.3404012877832,766.1729559966014
forecast_4214,2025-06-25 14:00:00,1184.821121971973,994.50175434423,666.7034496614267
forecast_4215,2025-06-25 15:00:00,879.6823471076632,915.4382041010855,661.9602651746998
forecast_4216,2025-06-25 16:00:00,752.3415182403963,582.4870704023763,659.4683576922671
forecast_4217,2025-06-25 17:00:00,765.3123722738719,479.28166665855804,664.2115421789939
forecast_4218,2025-06-25 18:00:00,1005.2210792840503,955.085101364242,666.7034496614267
forecast_4219,2025-06-25 19:00:00,1833.9165555051325,1434.8028207085092,860.2690189907613
forecast_4220,2025-06-25 20:00:00,3551.360485487826,2616.9112254309757,2027.4185782098284
forecast_4221,2025-06-25 21:00:00,4436.040158807347,4138.197313355432,2881.786688573651
forecast_4222,2025-06-25 22:00:00,7025.9834775161235,5807.334040241817,4832.513892480218
forecast_4223,2025-06-25 23:00:00,8107.444138724592,7065.222945550941,6338.0604139839115
forecast_4224,2025-06-26 00:00:00,9125.486249883625,9336.947375871436,8592.830680645488
forecast_4225,2025-06-26 01:00:00,10645.956603647955,11905.260209152937,8943.234453984209
forecast_4226,2025-06-26 02:00:00,11712.524885816914,13046.845419506546,11261.324088303903
forecast_4227,2025-06-26 03:00:00,12340.344086962403,13636.790507266636,13260.817331034148
forecast_4228,2025-06-26 04:00:00,12518.14874999279,14027.20409918462,13002.922309644797
forecast_4229,2025-06-26 05:00:00,12982.958116783102,13857.220032912923,13027.93288980994
forecast_4230,2025-06-26 06:00:00,12970.486766362726,13521.948909644436,12931.62362462309
forecast_4231,2025-06-26 07:00:00,12039.853124311217,13214.232911035386,12312.394344675664
forecast_4232,2025-06-26 08:00:00,11950.457402540535,13383.575802017576,10508.368053411523
forecast_4233,2025-06-26 09:00:00,11347.817668808768,12655.349868323616,9251.390322620256
forecast_4234,2025-06-26 10:00:00,9090.971283328468,9659.4626073572,9052.50540791378
forecast_4235,2025-06-26 11:00:00,8214.40937014861,8301.22791760707,7656.848999774273
forecast_4236,2025-06-26 12:00:00,7648.865827837672,8165.684952049928,7117.272385058044
forecast_4237,2025-06-26 13:00:00,7410.82865122636,7258.30602082152,6978.459135811638
forecast_4238,2025-06-26 14:00:00,7374.350596697774,6372.026385512386,6137.047386220498
forecast_4239,2025-06-26 15:00:00,7397.428195571755,6765.210261713994,7101.56145620698
forecast_4240,2025-06-26 16:00:00,7424.524442455389,6410.485449417758,5753.5077314029795
forecast_4241,2025-06-26 17:00:00,7345.6707739124295,5152.896262110811,4750.291838867403
forecast_4242,2025-06-26 18:00:00,7412.202388062089,4836.5869942572845,4888.800542989864
forecast_4243,2025-06-26 19:00:00,7426.40710100252,5658.291389779105,4862.642608368426
forecast_4244,2025-06-26 20:00:00,8189.638195424911,7411.267779023046,5434.834018487926
forecast_4245,2025-06-26 21:00:00,8619.000945214975,8531.281093449305,7054.195439073459
forecast_4246,2025-06-26 22:00:00,8371.327441635716,8682.646283854929,7530.921074383004
forecast_4247,2025-06-26 23:00:00,7816.561938444849,7892.11858796542,5655.091861940484
forecast_4248,2025-06-27 00:00:00,7655.761100399488,7014.285800360527,4797.207521087818
forecast_4249,2025-06-27 01:00:00,5172.59020197149,5956.855633544769,4714.53255642649
forecast_4250,2025-06-27 02:00:00,4594.111894875986,4298.10304960167,4575.260404410765
forecast_4251,2025-06-27 03:00:00,4480.155992033391,3465.2916963043185,4705.762831462509
forecast_4252,2025-06-27 04:00:00,5367.281301589383,3317.353044463008,4457.102052318989
forecast_4253,2025-06-27 05:00:00,4410.471698037286,3058.092948056715,3448.7249681727726
forecast_4254,2025-06-27 06:00:00,4278.578974096899,2686.8286858699294,2778.798978229496
forecast_4255,2025-06-27 07:00:00,3199.983086240077,1410.1622652686954,1426.0519229767565
forecast_4256,2025-06-27 08:00:00,1225.7797331453314,566.4683088688795,903.8375835687335
forecast_4257,2025-06-27 09:00:00,392.22610701173795,349.98208814711006,664.2115421789939
forecast_4258,2025-06-27 10:00:00,262.89657535157727,296.210085856421,666.7034496614267
forecast_4259,2025-06-27 11:00:00,254.18918597598145,296.2647745676504,659.4683576922671
forecast_4260,2025-06-27 12:00:00,260.0197302921102,296.2647745676504,659.4683576922671
forecast_4261,2025-06-27 13:00:00,312.41310374848973,316.5588922459564,722.7152671270067
forecast_4262,2025-06-27 14:00:00,582.0418419255633,350.9919793513337,711.1029553872156
forecast_4263,2025-06-27 15:00:00,689.1321033209,359.8069082208943,761.8700925449868
forecast_4264,2025-06-27 16:00:00,325.5487325286565,340.7031565116874,659.4683576922671
forecast_4265,2025-06-27 17:00:00,276.4225601259137,298.07399854313934,657.7327777056947
forecast_4266,2025-06-27 18:00:00,262.89657535157727,336.1853824155475,662.4759621924217
forecast_4267,2025-06-27 19:00:00,776.0839079701203,754.4464269538306,664.2115421789939
forecast_4268,2025-06-27 20:00:00,1478.0085800941263,2082.384469224592,1330.9456177212357
forecast_4269,2025-06-27 21:00:00,4072.7707959500467,4405.110472821583,3148.2603100591787
forecast_4270,2025-06-27 22:00:00,6953.461578122525,7423.861868467594,4971.0075932122745
forecast_4271,2025-06-27 23:00:00,7993.19864898535,8551.51528936218,6095.196412481331
forecast_4272,2025-06-28 00:00:00,8960.186194766353,9793.483998595491,6258.170803527455
forecast_4273,2025-06-28 01:00:00,10239.842043412553,10371.245417118549,7974.879795014509
forecast_4274,2025-06-28 02:00:00,11019.975818816367,11181.168862782946,9411.173941529678
forecast_4275,2025-06-28 03:00:00,11943.919070403765,11167.616983762875,9164.593653592488
forecast_4276,2025-06-28 04:00:00,12359.107656534776,12878.586458602793,9043.383404679695
forecast_4277,2025-06-28 05:00:00,12516.528512251902,13008.66389974854,8902.257745716166
forecast_4278,2025-06-28 06:00:00,12098.835796334048,12465.674995738666,8318.996073387578
forecast_4279,2025-06-28 07:00:00,10546.106972334868,12030.217479800018,8864.612125794416
forecast_4280,2025-06-28 08:00:00,9795.070367121289,12170.987731349582,6817.500556041222
forecast_4281,2025-06-28 09:00:00,9188.61470969533,9214.16957525412,4019.3465930926636
forecast_4282,2025-06-28 10:00:00,7660.229103984822,7877.839644063631,2267.251203455105
forecast_4283,2025-06-28 11:00:00,4185.068346930033,4352.091714753223,1110.0669769188435
forecast_4284,2025-06-28 12:00:00,1596.4409322710205,1193.631976504869,664.2115421789939
forecast_4285,2025-06-28 13:00:00,1019.4672847192021,757.762264591069,664.2115421789939
forecast_4286,2025-06-28 14:00:00,974.9489024867291,848.6227491360244,1086.0890579881063
forecast_4287,2025-06-28 15:00:00,1087.974497249228,1530.714548121682,1763.4003334902222
forecast_4288,2025-06-28 16:00:00,1311.607826235368,2755.964966385405,2101.518627871182
forecast_4289,2025-06-28 17:00:00,2607.9103512777247,3862.6369079038186,3354.1867377859307
forecast_4290,2025-06-28 18:00:00,3270.044174946422,3868.3902037371968,3017.221718100661
forecast_4291,2025-06-28 19:00:00,4442.808366429304,5861.320821652417,4208.348133458699
forecast_4292,2025-06-28 20:00:00,6970.427389794715,7974.432350799014,5929.355018086799
forecast_4293,2025-06-28 21:00:00,8139.178179154367,9633.61548101636,7317.941525941913
forecast_4294,2025-06-28 22:00:00,11796.868719286631,13130.123066707209,7705.197121302607
forecast_4295,2025-06-28 23:00:00,12660.926893551108,13307.325621857948,8770.227126384667
forecast_4296,2025-06-29 00:00:00,13021.047188079045,13494.144678276149,8464.240772149931
forecast_4297,2025-06-29 01:00:00,12141.19288407793,12693.02546745832,9425.751492284211
forecast_4298,2025-06-29 02:00:00,12376.803365475444,13803.400057787085,9386.111185985026
forecast_4299,2025-06-29 03:00:00,12293.167071627868,14109.606260017152,9797.2515248104
forecast_4300,2025-06-29 04:00:00,12350.50747092463,14128.021120185114,12153.317239900982
forecast_4301,2025-06-29 05:00:00,12071.017552432404,13473.306934771961,12415.577635193386
forecast_4302,2025-06-29 06:00:00,12878.52522405648,13223.323679637266,11837.82715379856
forecast_4303,2025-06-29 07:00:00,11889.800011222746,12260.236059342295,10617.610393128305
forecast_4304,2025-06-29 08:00:00,10662.156836109585,11254.23838234671,9290.696204118667
forecast_4305,2025-06-29 09:00:00,8587.660350855793,9706.48656642581,6356.960896325925
forecast_4306,2025-06-29 10:00:00,7665.669450042364,7671.03932272369,5305.401232981602
forecast_4307,2025-06-29 11:00:00,7005.488782608007,5647.952917551777,4659.2684857800705
forecast_4308,2025-06-29 12:00:00,5585.033680623353,3955.499521757847,3481.3249763985527
forecast_4309,2025-06-29 13:00:00,4945.416694742992,3633.406064703442,3236.5334867125193
forecast_4310,2025-06-29 14:00:00,4193.920156464195,3456.7684636720687,3078.666071222752
forecast_4311,2025-06-29 15:00:00,4103.490942270079,3458.1415307312354,3126.717678646196
forecast_4312,2025-06-29 16:00:00,4072.6446805783876,3868.040935498594,3805.3547513291187
forecast_4313,2025-06-29 17:00:00,4702.369783088479,4401.064473391432,4107.362807243137
forecast_4314,2025-06-29 18:00:00,4557.676666916677,4589.423074936085,4698.38879166095
forecast_4315,2025-06-29 19:00:00,7409.610586580992,6394.773686563143,6124.835882672018
forecast_4316,2025-06-29 20:00:00,8450.720807514424,8727.709697065613,7240.514104888562
forecast_4317,2025-06-29 21:00:00,10439.098445256837,10443.175782624738,7643.91210938652
forecast_4318,2025-06-29 22:00:00,12562.530226387484,13571.41281896882,9260.670493786667
forecast_4319,2025-06-29 23:00:00,12867.137691867196,13729.084625161597,9812.405548742483
forecast_4320,2025-06-30 00:00:00,12757.970243308442,13902.30470351103,9681.286141644454
forecast_4321,2025-06-30 01:00:00,12814.456329088509,13847.483096046699,9566.487108475274
forecast_4322,2025-06-30 02:00:00,13455.782165158264,14737.656311373687,10504.801877753747
forecast_4323,2025-06-30 03:00:00,13448.509821699845,14713.65442494316,9365.899662260632
forecast_4324,2025-06-30 04:00:00,13207.822973541368,13662.225364146167,8976.455454751254
forecast_4325,2025-06-30 05:00:00,13417.89936166183,12356.619729878847,8758.587501519765
forecast_4326,2025-06-30 06:00:00,13110.541370428287,12362.100581414059,8995.437409255428
forecast_4327,2025-06-30 07:00:00,13475.823932179017,12809.977145159799,8958.23419706797
forecast_4328,2025-06-30 08:00:00,11455.949289812066,10054.849035415067,5732.643369529325
forecast_4329,2025-06-30 09:00:00,9190.898100078211,8255.54013731402,4341.904012125512
forecast_4330,2025-06-30 10:00:00,6378.65674866006,6835.0351996969275,3183.5604150033464
forecast_4331,2025-06-30 11:00:00,4599.351182480977,4800.982839415954,2970.9657668548066
forecast_4332,2025-06-30 12:00:00,4413.816347930046,3610.1338583404927,3167.495624019056
forecast_4333,2025-06-30 13:00:00,4799.760082365019,4755.244142917009,3535.564246487587
forecast_4334,2025-06-30 14:00:00,4432.892611247713,6182.768265393679,4863.045061536756
forecast_4335,2025-06-30 15:00:00,6171.691183977803,7160.126795235267,6250.400318173621
forecast_4336,2025-06-30 16:00:00,5761.765879093761,7961.560468473626,7209.408885329038
forecast_4337,2025-06-30 17:00:00,7338.546695744697,9537.773419316294,7409.419312936034
forecast_4338,2025-06-30 18:00:00,8227.549102054109,9611.24422991613,7209.908421101672
forecast_4339,2025-06-30 19:00:00,10811.219944639884,10239.013365626593,8955.928295693728
forecast_4340,2025-06-30 20:00:00,11512.897051406992,11748.807490062141,9254.159206888813
forecast_4341,2025-06-30 21:00:00,11935.347385043759,13327.853190384249,10169.940385568538
forecast_4342,2025-06-30 22:00:00,14072.267540658577,14931.773699774747,11594.437236489843
forecast_4343,2025-06-30 23:00:00,13786.702192060722,15154.795890420422,12471.153741937484
forecast_4344,2025-07-01 00:00:00,13590.20668126767,15233.872752781568,11504.733038078386
forecast_4345,2025-07-01 01:00:00,14017.623280479145,16397.007931171927,11455.192801116526
forecast_4346,2025-07-01 02:00:00,13390.172982265043,16373.260214431622,12498.907102993047
forecast_4347,2025-07-01 03:00:00,12421.632492429784,15352.759679302713,10837.715829474548
forecast_4348,2025-07-01 04:00:00,12484.174739678074,14264.624070570051,10935.90890323347
forecast_4349,2025-07-01 05:00:00,12868.304509933874,14286.717649475711,11136.48640501073
forecast_4350,2025-07-01 06:00:00,13336.69140086581,15277.311364541736,11403.475183031918
forecast_4351,2025-07-01 07:00:00,13439.091853235906,15610.728208133296,11753.05404142938
forecast_4352,2025-07-01 08:00:00,10814.846613203958,13816.144420841825,9200.430805112539
forecast_4353,2025-07-01 09:00:00,9999.252370951082,11256.087235227878,7628.331669513043
forecast_4354,2025-07-01 10:00:00,8568.320113223268,9582.537759040551,6889.262468887442
forecast_4355,2025-07-01 11:00:00,7629.138367711954,8257.189501846886,7089.27289649444
forecast_4356,2025-07-01 12:00:00,7217.546970389121,7753.8022871974,7863.077333807842
forecast_4357,2025-07-01 13:00:00,7201.621416400207,7192.249271624612,8058.0611197375665
forecast_4358,2025-07-01 14:00:00,7183.808541750524,7074.242304115134,5922.501724544631
forecast_4359,2025-07-01 15:00:00,7033.958368493293,7323.918761359855,5456.016164557467
forecast_4360,2025-07-01 16:00:00,7015.780238367884,7196.383000310552,5698.091351253615
forecast_4361,2025-07-01 17:00:00,6997.878703831618,7438.582436400228,6259.300264848639
forecast_4362,2025-07-01 18:00:00,7357.37463711035,7804.67718218369,6774.594809996665
forecast_4363,2025-07-01 19:00:00,7429.2301131152835,8555.234060099456,8129.783620114974
forecast_4364,2025-07-01 20:00:00,9066.936918791758,9877.567015177247,9381.297500507222
forecast_4365,2025-07-01 21:00:00,11426.571882621378,11939.207848449867,9972.551112045025
forecast_4366,2025-07-01 22:00:00,13009.261077946985,14597.138584299231,13163.640290648345
forecast_4367,2025-07-01 23:00:00,14371.283836269664,15576.499725769472,15527.385934357508
forecast_4368,2025-07-02 00:00:00,14729.040739615102,15825.177286436749,14408.243397493143
forecast_4369,2025-07-02 01:00:00,15911.431001498373,16789.287683742565,16069.301256592686
forecast_4370,2025-07-02 02:00:00,15845.652905047033,17249.620056234733,17039.883405024302
forecast_4371,2025-07-02 03:00:00,16592.422044296043,17314.654607545843,16849.718950222832
forecast_4372,2025-07-02 04:00:00,17016.266850293556,17509.76243571654,18347.848243282086
forecast_4373,2025-07-02 05:00:00,16687.15813874533,17626.000576899958,18407.706820973315
forecast_4374,2025-07-02 06:00:00,16517.20372960466,17482.668588308297,18348.942064465296
forecast_4375,2025-07-02 07:00:00,16877.69911752461,17415.637970145068,17512.46684129337
forecast_4376,2025-07-02 08:00:00,16060.790154577257,16477.50934785301,16006.58716111994
forecast_4377,2025-07-02 09:00:00,14144.514922849878,14936.396727552254,12281.939784376218
forecast_4378,2025-07-02 10:00:00,11660.617206576291,12415.588912145975,9584.421000082588
forecast_4379,2025-07-02 11:00:00,8918.008873164294,11542.812621656118,8320.784729385776
forecast_4380,2025-07-02 12:00:00,8292.160097458658,11472.363590846886,8397.45856626847
forecast_4381,2025-07-02 13:00:00,7412.183979014405,8362.13906502281,7110.84451200472
forecast_4382,2025-07-02 14:00:00,6965.234316065291,7777.596884356288,6754.666552157013
forecast_4383,2025-07-02 15:00:00,6862.844965112605,7667.077288461779,5691.238027894752
forecast_4384,2025-07-02 16:00:00,5638.668130402788,6700.815915751652,4794.075758605604
forecast_4385,2025-07-02 17:00:00,4260.941369966007,5982.928757736251,3840.6659078776465
forecast_4386,2025-07-02 18:00:00,4469.067674231151,5335.926524122537,3317.4466318018267
forecast_4387,2025-07-02 19:00:00,7607.363556857172,7163.82755899389,4651.846633895826
forecast_4388,2025-07-02 20:00:00,9081.400456914345,9107.514517852249,6863.379433120876
forecast_4389,2025-07-02 21:00:00,10924.852584084838,11264.119163462914,8508.089152385377
forecast_4390,2025-07-02 22:00:00,11978.12344432762,13345.452397542806,9504.069500642046
forecast_4391,2025-07-02 23:00:00,12533.8650505418,13863.325794117354,10890.7322849351
forecast_4392,2025-07-03 00:00:00,12421.96634934341,14985.025860239151,10886.82020733906
forecast_4393,2025-07-03 01:00:00,13217.7347435873,14737.724858412115,11264.09044079355
forecast_4394,2025-07-03 02:00:00,13600.036348209129,15173.808521758756,12140.340701996614
forecast_4395,2025-07-03 03:00:00,13821.343924365505,15885.553702518135,12327.196272118865
forecast_4396,2025-07-03 04:00:00,13744.17894380134,15854.996634921277,12218.225562365256
forecast_4397,2025-07-03 05:00:00,14288.170110662779,16134.562413283678,12106.386361381357
forecast_4398,2025-07-03 06:00:00,14259.76173753716,16423.53935216151,12265.33605448163
forecast_4399,2025-07-03 07:00:00,14191.674814635666,16170.51096743342,12499.239859046294
forecast_4400,2025-07-03 08:00:00,14033.264529504237,16543.233482841428,12212.494247432332
forecast_4401,2025-07-03 09:00:00,12493.808019185428,16317.47186396729,12696.5224951537
forecast_4402,2025-07-03 10:00:00,10637.969857366383,14193.547142633688,11357.699816350769
forecast_4403,2025-07-03 11:00:00,9423.673857475582,11856.605845172297,12746.520334727182
forecast_4404,2025-07-03 12:00:00,10356.602710730898,11430.73989152074,12761.862271884096
forecast_4405,2025-07-03 13:00:00,10316.842045130095,11296.05106393218,11333.87098978127
forecast_4406,2025-07-03 14:00:00,9799.664650076613,9732.712009514007,9560.70901534281
forecast_4407,2025-07-03 15:00:00,9797.436676821391,9906.922994599781,9203.026396419524
forecast_4408,2025-07-03 16:00:00,10250.630950900488,9591.821825633951,8769.61245374844
forecast_4409,2025-07-03 17:00:00,9708.54728456949,9758.539517453239,8534.62895979264
forecast_4410,2025-07-03 18:00:00,9875.575880642838,10179.69059497446,9395.558795007228
forecast_4411,2025-07-03 19:00:00,10954.796991404326,12569.053436722814,11359.162163788298
forecast_4412,2025-07-03 20:00:00,11680.73194105452,13447.146824240055,11796.77484970141
forecast_4413,2025-07-03 21:00:00,13052.749026884476,14241.523515419685,12978.684596355775
forecast_4414,2025-07-03 22:00:00,13757.111416703317,14841.33016360536,13860.242916522984
forecast_4415,2025-07-03 23:00:00,13878.327447959582,15520.562106053545,15279.52114670983
forecast_4416,2025-07-04 00:00:00,14883.440234466241,15488.73580600688,14148.6125348147
forecast_4417,2025-07-04 01:00:00,15085.650681320429,14988.373864543963,14318.401506522769
forecast_4418,2025-07-04 02:00:00,15005.046114660803,16806.509649086045,15536.883208172152
forecast_4419,2025-07-04 03:00:00,16187.159870742029,17325.33623302079,17423.856971827714
forecast_4420,2025-07-04 04:00:00,16923.239192712645,17257.619145797693,17874.70567597369
forecast_4421,2025-07-04 05:00:00,17104.944131866647,17366.78001251405,17779.60006599501
forecast_4422,2025-07-04 06:00:00,16584.503483602348,17594.08641785269,18249.917374185643
forecast_4423,2025-07-04 07:00:00,16370.35236094,17882.407458825717,18145.964669315323
forecast_4424,2025-07-04 08:00:00,16450.227279388568,18093.124928663106,18795.827470045635
forecast_4425,2025-07-04 09:00:00,15864.252840416046,17823.072983282145,18290.96639544679
forecast_4426,2025-07-04 10:00:00,14963.1343052819,17776.655285583685,16751.31813043971
forecast_4427,2025-07-04 11:00:00,14685.342642718553,17710.74526250438,17483.501701854533
forecast_4428,2025-07-04 12:00:00,15211.494262694552,17317.746049818656,16777.12247079807
forecast_4429,2025-07-04 13:00:00,14435.591765886895,16565.67308686008,15979.753325321813
forecast_4430,2025-07-04 14:00:00,14812.503226204431,15936.116616055486,16789.17834895588
forecast_4431,2025-07-04 15:00:00,15168.55738985216,16610.735712401434,16671.49517850174
forecast_4432,2025-07-04 16:00:00,15019.671204320111,17241.90285545792,16853.229088958265
forecast_4433,2025-07-04 17:00:00,14906.21483498537,16966.4028025093,17986.37220385883
forecast_4434,2025-07-04 18:00:00,14738.993071092254,16423.898451510024,18377.00491530558
forecast_4435,2025-07-04 19:00:00,15142.159474279402,17137.109317632312,18284.99204075168
forecast_4436,2025-07-04 20:00:00,15381.657455130084,17546.60637052831,18689.361698285487
forecast_4437,2025-07-04 21:00:00,15907.721441648024,17741.68939049548,18851.94291071691
forecast_4438,2025-07-04 22:00:00,16269.80166608316,18294.535359359383,18608.64817738925
forecast_4439,2025-07-04 23:00:00,16472.37973013979,18486.47153007089,18744.44595522249
forecast_4440,2025-07-05 00:00:00,16039.902002795812,17893.362784852976,18579.02256939471
forecast_4441,2025-07-05 01:00:00,15800.576366347621,17300.159418243584,18773.21969481285
forecast_4442,2025-07-05 02:00:00,15542.878799966664,17197.13725337479,18164.017093288836
forecast_4443,2025-07-05 03:00:00,15318.08675627078,17326.123585163157,18967.374865365557
forecast_4444,2025-07-05 04:00:00,15376.483040396375,17372.050136239628,19158.781100269007
forecast_4445,2025-07-05 05:00:00,15472.86991992048,17447.6963735273,19103.06459854782
forecast_4446,2025-07-05 06:00:00,15582.553349637918,17534.313291658447,19118.940853626456
forecast_4447,2025-07-05 07:00:00,15770.35531083401,17559.740330429566,18601.62407863838
forecast_4448,2025-07-05 08:00:00,14898.131257235515,17189.624635807664,16385.180422574595
forecast_4449,2025-07-05 09:00:00,14121.06205946449,16381.293606775787,14341.250430411583
forecast_4450,2025-07-05 10:00:00,12036.680265146255,14650.675973734182,15174.56430279611
forecast_4451,2025-07-05 11:00:00,11117.672539813193,12569.074692351849,14201.510064387894
forecast_4452,2025-07-05 12:00:00,11348.40995068648,12404.787928903897,12897.398472802986
forecast_4453,2025-07-05 13:00:00,12363.600147349187,12380.256989514259,13303.968233362564
forecast_4454,2025-07-05 14:00:00,12577.446685685638,11715.345452942212,14078.885961262928
forecast_4455,2025-07-05 15:00:00,12971.045121127134,11887.576464822292,13619.941565860023
forecast_4456,2025-07-05 16:00:00,11558.111559523237,12200.832099785577,12854.867432340663
forecast_4457,2025-07-05 17:00:00,11355.393868161298,11408.762548852315,13399.893529861398
forecast_4458,2025-07-05 18:00:00,12849.753629752711,11711.110808101865,15410.00473224757
forecast_4459,2025-07-05 19:00:00,13764.076336018226,13912.059697005627,16413.89101776668
forecast_4460,2025-07-05 20:00:00,14385.132107097426,16302.389537763034,16670.66197604981
forecast_4461,2025-07-05 21:00:00,15400.236846020078,17283.372198645535,18288.912898037735
forecast_4462,2025-07-05 22:00:00,17178.234184196666,17571.470297467342,18513.165803474425
forecast_4463,2025-07-05 23:00:00,18040.43874474943,17923.907309758153,18541.017808943587
forecast_4464,2025-07-06 00:00:00,17755.88039521687,17961.300258846564,18237.937747565913
forecast_4465,2025-07-06 01:00:00,18645.454628372543,17748.275106285164,18447.586040364116
forecast_4466,2025-07-06 02:00:00,18777.046900326994,17612.98243285904,18218.833389211533
forecast_4467,2025-07-06 03:00:00,18786.28779401353,17537.12704898958,18551.64119703822
forecast_4468,2025-07-06 04:00:00,18542.142585266185,17598.283929737605,18574.091314821555
forecast_4469,2025-07-06 05:00:00,18327.30035182785,17372.488923148176,18278.94563339397
forecast_4470,2025-07-06 06:00:00,18234.38243909087,17439.897026774597,18681.365794660313
forecast_4471,2025-07-06 07:00:00,16792.408076175543,17504.37493467032,18294.597602048852
forecast_4472,2025-07-06 08:00:00,15429.538477822794,17246.81931796592,15652.629985554415
forecast_4473,2025-07-06 09:00:00,14172.509537650785,16852.227885516706,14007.196227164077
forecast_4474,2025-07-06 10:00:00,12075.767003875048,15598.24498841845,11939.419514925878
forecast_4475,2025-07-06 11:00:00,10722.801664619696,12531.571005910253,8863.596249060827
forecast_4476,2025-07-06 12:00:00,9606.135486974554,9864.948552864518,7718.398916927229
forecast_4477,2025-07-06 13:00:00,8419.562034908144,7308.711919915686,5750.145994055592
forecast_4478,2025-07-06 14:00:00,7524.646356294327,5623.144484428119,4290.038409549495
forecast_4479,2025-07-06 15:00:00,6488.590765457751,4181.005925423791,3058.333607787317
forecast_4480,2025-07-06 16:00:00,6367.522020547305,3806.8411674193762,2974.00752595912
forecast_4481,2025-07-06 17:00:00,7108.223979849316,3916.6279275945735,3203.096920802326
forecast_4482,2025-07-06 18:00:00,7689.765329336407,4533.670689803951,3933.672046784367
forecast_4483,2025-07-06 19:00:00,8736.208004364147,6132.8499515273315,5593.981374771169
forecast_4484,2025-07-06 20:00:00,10237.031140896248,8149.201979084571,7858.6283140698315
forecast_4485,2025-07-06 21:00:00,11685.835123869987,10479.723184677892,8761.65520273634
forecast_4486,2025-07-06 22:00:00,12857.438202348394,12681.460615849988,8976.807993565351
forecast_4487,2025-07-06 23:00:00,12957.989772329387,13365.787838494332,9510.111633061042
forecast_4488,2025-07-07 00:00:00,13399.416392988589,12757.485884359792,9610.706816288217
forecast_4489,2025-07-07 01:00:00,12940.760724859705,13210.986554692403,9327.618430242983
forecast_4490,2025-07-07 02:00:00,12788.29717479793,12971.537676593853,8594.901776873925
forecast_4491,2025-07-07 03:00:00,12791.022100725702,12931.681126829524,8024.492977675933
forecast_4492,2025-07-07 04:00:00,11805.29779134322,11031.387064553053,7464.260591793985
forecast_4493,2025-07-07 05:00:00,9833.801621369248,9713.153601465074,5722.012344135224
forecast_4494,2025-07-07 06:00:00,5857.6317268131215,5917.211952065312,2695.8165900342055
forecast_4495,2025-07-07 07:00:00,2497.586015602631,2154.929573362734,1174.2087919127755
forecast_4496,2025-07-07 08:00:00,911.0442179830468,888.4973888850003,664.2115421789939
forecast_4497,2025-07-07 09:00:00,272.44225581727545,315.7330483538499,657.7327777056947
forecast_4498,2025-07-07 10:00:00,253.0321259631641,298.07399854313934,657.7327777056947
forecast_4499,2025-07-07 11:00:00,253.0321259631641,299.35949698703246,659.4683576922671
forecast_4500,2025-07-07 12:00:00,253.0321259631641,321.3254228242582,661.9602651746998
forecast_4501,2025-07-07 13:00:00,254.18918597598145,353.8768967631245,661.9602651746998
forecast_4502,2025-07-07 14:00:00,299.41959772627786,402.0964027813982,711.1029553872156
forecast_4503,2025-07-07 15:00:00,455.5057469773648,507.30135513421385,811.0127827575027
forecast_4504,2025-07-07 16:00:00,316.57824785755776,664.5960800041305,716.267300820457
forecast_4505,2025-07-07 17:00:00,287.6490131844075,541.2054986160149,661.9602651746998
forecast_4506,2025-07-07 18:00:00,273.4067594435624,393.09673128618977,661.9602651746998
forecast_4507,2025-07-07 19:00:00,279.40907286985714,382.17305169859,659.4683576922671
forecast_4508,2025-07-07 20:00:00,341.7987287224946,457.7417016528555,659.4683576922671
forecast_4509,2025-07-07 21:00:00,728.7296307112966,586.6682357747304,659.4683576922671
forecast_4510,2025-07-07 22:00:00,848.847891232646,739.5270355944285,657.7327777056947
forecast_4511,2025-07-07 23:00:00,831.4336421120088,761.3940073399033,657.7327777056947
forecast_4512,2025-07-08 00:00:00,712.8994103448146,600.4950493463739,657.7327777056947
forecast_4513,2025-07-08 01:00:00,348.2567265653621,490.1895902471586,657.7327777056947
forecast_4514,2025-07-08 02:00:00,285.87835202712364,385.5810463471763,657.7327777056947
forecast_4515,2025-07-08 03:00:00,285.87835202712364,366.12092354401136,657.7327777056947
forecast_4516,2025-07-08 04:00:00,285.87835202712364,363.93028969921096,657.7327777056947
forecast_4517,2025-07-08 05:00:00,285.87835202712364,363.93028969921096,657.7327777056947
forecast_4518,2025-07-08 06:00:00,290.1292661653966,363.93028969921096,657.7327777056947
forecast_4519,2025-07-08 07:00:00,285.87835202712364,356.5703195424712,657.7327777056947
forecast_4520,2025-07-08 08:00:00,273.4067594435624,354.1382774382947,657.7327777056947
forecast_4521,2025-07-08 09:00:00,262.90575307011255,334.0705023382435,657.7327777056947
forecast_4522,2025-07-08 10:00:00,262.90575307011255,362.31879335186477,659.4683576922671
forecast_4523,2025-07-08 11:00:00,273.4067594435624,446.80977662847465,667.1246106079412
forecast_4524,2025-07-08 12:00:00,301.4914857937571,522.3559788646755,716.267300820457
forecast_4525,2025-07-08 13:00:00,533.3912759951966,777.8279979324924,721.0104853071839
forecast_4526,2025-07-08 14:00:00,604.8751937236113,1104.419360402734,765.9207850944013
forecast_4527,2025-07-08 15:00:00,622.8254213295537,1093.74493382447,776.6011418262494
forecast_4528,2025-07-08 16:00:00,626.4857646144543,872.6329533934884,776.6011418262494
forecast_4529,2025-07-08 17:00:00,461.38702812892626,675.0179852561639,661.9602651746998
forecast_4530,2025-07-08 18:00:00,297.7544416533922,547.9997761183256,661.9602651746998
forecast_4531,2025-07-08 19:00:00,460.0634491645231,493.072836772715,661.9602651746998
forecast_4532,2025-07-08 20:00:00,816.9657754474326,783.6339151149832,659.4683576922671
forecast_4533,2025-07-08 21:00:00,1162.1180295139545,1358.3777726733488,659.4683576922671
forecast_4534,2025-07-08 22:00:00,1834.2314924381085,2756.6928836758825,722.7152671270067
forecast_4535,2025-07-08 23:00:00,2217.3035044744925,3120.654978569887,667.1246106079412
forecast_4536,2025-07-09 00:00:00,2048.489658364503,2934.452104922998,661.9602651746998
forecast_4537,2025-07-09 01:00:00,1828.4770497409113,2174.837200001965,659.4683576922671
forecast_4538,2025-07-09 02:00:00,1900.404243748372,2188.872310771397,659.4683576922671
forecast_4539,2025-07-09 03:00:00,1802.7930192732736,2288.0350503940504,659.4683576922671
forecast_4540,2025-07-09 04:00:00,1536.9470289160142,2341.8907774314066,666.7034496614267
forecast_4541,2025-07-09 05:00:00,1897.2171614288213,2995.9484199140015,797.7218167444173
forecast_4542,2025-07-09 06:00:00,2170.802625399342,2781.9495582585173,978.1557426628744
forecast_4543,2025-07-09 07:00:00,2026.66453728599,3235.6272511404945,1075.1724042622996
forecast_4544,2025-07-09 08:00:00,1577.914167288113,3064.2704659383,1048.4373968852897
forecast_4545,2025-07-09 09:00:00,1117.193330813446,2995.042170514806,1146.4625509799446
forecast_4546,2025-07-09 10:00:00,1016.4795074540725,2935.000630599565,1210.1452644902952
forecast_4547,2025-07-09 11:00:00,908.4450314395214,2967.0794591907456,1210.1452644902952
forecast_4548,2025-07-09 12:00:00,1001.6856762169688,2953.277713635045,1241.1854440778945
forecast_4549,2025-07-09 13:00:00,1113.1795510743746,2992.8255695989224,1197.8751259387886
forecast_4550,2025-07-09 14:00:00,1133.4390843342203,2903.4295987310657,1158.373021665499
forecast_4551,2025-07-09 15:00:00,1101.2136560841973,2624.488935982366,1158.373021665499
forecast_4552,2025-07-09 16:00:00,1387.9617044510746,2579.002584824645,1028.5374868926292
forecast_4553,2025-07-09 17:00:00,1494.2818724296171,1842.051598838963,1058.2564595382078
forecast_4554,2025-07-09 18:00:00,1758.8192589639991,1591.9931757865788,1028.5374868926292
forecast_4555,2025-07-09 19:00:00,1987.4638597929013,1640.757622663828,997.8829665463693
forecast_4556,2025-07-09 20:00:00,2544.708205745933,3088.3288926727955,1042.12982000701
forecast_4557,2025-07-09 21:00:00,3270.428379905633,3674.1386549519893,1130.335911448747
forecast_4558,2025-07-09 22:00:00,4163.822151852612,3930.8623250499027,1209.6876711395767
forecast_4559,2025-07-09 23:00:00,4183.444110462559,4275.848789170445,1456.3387044750223
forecast_4560,2025-07-10 00:00:00,4109.946138622761,4231.760188108354,1780.9275397352546
forecast_4561,2025-07-10 01:00:00,4020.090585369363,4436.697845383237,1293.7427800211722
forecast_4562,2025-07-10 02:00:00,4201.213317574836,4424.2390150562915,1254.7777771922754
forecast_4563,2025-07-10 03:00:00,4318.273870461824,5119.615865116493,1283.577089694655
forecast_4564,2025-07-10 04:00:00,5315.751833308248,6960.58120799712,1574.5089814182033
forecast_4565,2025-07-10 05:00:00,6391.127192308568,8335.994973419829,3402.5424840804444
forecast_4566,2025-07-10 06:00:00,6735.075826660066,8278.41083868026,3897.781247474336
forecast_4567,2025-07-10 07:00:00,6361.300133695502,7770.288686102106,3761.249604487287
forecast_4568,2025-07-10 08:00:00,6277.151501667377,7395.192310879764,3492.752331816539
forecast_4569,2025-07-10 09:00:00,6037.52888869104,7705.67085878549,2987.344185372387
forecast_4570,2025-07-10 10:00:00,4698.4794518065255,7733.66429762817,3220.9914067148175
forecast_4571,2025-07-10 11:00:00,5438.574280033036,7259.520425102959,4019.5031446280796
forecast_4572,2025-07-10 12:00:00,5549.935094308419,7622.997784243545,4206.527344077318
forecast_4573,2025-07-10 13:00:00,5496.862727667021,7257.152268013944,4019.5031446280796
forecast_4574,2025-07-10 14:00:00,4446.841201814692,6495.029427384298,3777.2935469463782
forecast_4575,2025-07-10 15:00:00,3693.1869509185294,6380.954511383252,3777.2935469463782
forecast_4576,2025-07-10 16:00:00,3528.383987112221,6338.307875049484,3042.2512884349185
forecast_4577,2025-07-10 17:00:00,3489.959895201157,5750.606301044553,2737.4574389151326
forecast_4578,2025-07-10 18:00:00,3587.398489478197,6389.884747570663,2640.949501332461
forecast_4579,2025-07-10 19:00:00,5476.196672499702,7273.154224755279,3009.8343773035626
forecast_4580,2025-07-10 20:00:00,6287.551304380678,8910.752889406154,3968.4854120953014
forecast_4581,2025-07-10 21:00:00,6558.651840786408,10038.9930582318,4975.025233882138
forecast_4582,2025-07-10 22:00:00,6689.836890237946,11338.30092642921,6193.915765525352
forecast_4583,2025-07-10 23:00:00,6752.993013382438,11367.162003888716,6194.768880341343
forecast_4584,2025-07-11 00:00:00,7305.688078957935,9659.949705661964,7075.883206081667
forecast_4585,2025-07-11 01:00:00,7964.977685245323,11640.372571240956,7372.933467667781
forecast_4586,2025-07-11 02:00:00,7695.202597502635,11946.509850517095,7475.783242392262
forecast_4587,2025-07-11 03:00:00,7899.905634375558,10251.847851481722,7329.070375465058
forecast_4588,2025-07-11 04:00:00,7875.017399429649,9792.37039150021,7147.7961172109135
forecast_4589,2025-07-11 05:00:00,8982.536818873185,9723.81010088949,7198.224381800804
forecast_4590,2025-07-11 06:00:00,9728.680622465032,11066.730473468368,7134.6713142406925
forecast_4591,2025-07-11 07:00:00,9767.51526507598,11050.352789063241,6775.3845911305225
forecast_4592,2025-07-11 08:00:00,8117.401223307112,10696.438514273828,7276.245036400789
forecast_4593,2025-07-11 09:00:00,7755.20940524302,10899.594224791235,7402.014917589765
forecast_4594,2025-07-11 10:00:00,7391.83443031291,8940.633959745846,5938.358379014272
forecast_4595,2025-07-11 11:00:00,6760.383138112613,8617.305566994191,5699.397676290193
forecast_4596,2025-07-11 12:00:00,6284.451358873268,9000.659701570406,5936.403406068048
forecast_4597,2025-07-11 13:00:00,6134.099091308133,8111.032100412983,5093.991903191268
forecast_4598,2025-07-11 14:00:00,6045.815895457454,7652.452216986225,4576.516351007939
forecast_4599,2025-07-11 15:00:00,5489.981505635188,7155.187794825822,4582.531597153322
forecast_4600,2025-07-11 16:00:00,4567.159452129135,6948.164530856651,3818.434510842525
forecast_4601,2025-07-11 17:00:00,3751.616794764201,6445.642919855878,3155.133718265154
forecast_4602,2025-07-11 18:00:00,3686.414951370495,6044.571147997861,2698.2431567819963
forecast_4603,2025-07-11 19:00:00,5474.786608715525,6610.924433929065,2641.816580496936
forecast_4604,2025-07-11 20:00:00,6423.310521310528,7734.660242489888,3441.148793559257
forecast_4605,2025-07-11 21:00:00,6693.606351243373,8583.732958408731,4229.47807745894
forecast_4606,2025-07-11 22:00:00,6819.400358550623,9718.384612702463,4327.124363191722
forecast_4607,2025-07-11 23:00:00,6873.95250884348,9928.912396618043,4220.717282507488
forecast_4608,2025-07-12 00:00:00,6849.1468851274185,9246.34385412054,3919.0744873279136
forecast_4609,2025-07-12 01:00:00,7031.409979813694,8619.266614769469,3574.031348426363
forecast_4610,2025-07-12 02:00:00,6302.081969820567,8244.604162431584,2950.273563850542
forecast_4611,2025-07-12 03:00:00,6542.965550542807,7636.265000150561,2523.3937656286753
forecast_4612,2025-07-12 04:00:00,6536.70670015263,7375.083931278821,2219.6545893118773
forecast_4613,2025-07-12 05:00:00,6174.109119553261,7415.181105198355,2209.386114181981
forecast_4614,2025-07-12 06:00:00,5405.002893524246,7331.041312295289,2160.8787068283514
forecast_4615,2025-07-12 07:00:00,3984.6977279999323,5817.219285943424,1354.0649853145464
forecast_4616,2025-07-12 08:00:00,3383.6635230964384,4118.456557188714,1218.9188092950294
forecast_4617,2025-07-12 09:00:00,2557.365316281984,3344.379002978101,1048.4373968852897
forecast_4618,2025-07-12 10:00:00,1793.9549724159551,2107.4446284877417,994.379365288752
forecast_4619,2025-07-12 11:00:00,1062.1005013860054,1552.4949709241678,903.8375835687335
forecast_4620,2025-07-12 12:00:00,884.3815472397986,1381.6598789034456,776.6011418262494
forecast_4621,2025-07-12 13:00:00,758.6742811675143,1354.6118665321285,765.9207850944013
forecast_4622,2025-07-12 14:00:00,645.6075684375749,1146.8960307912243,667.1246106079412
forecast_4623,2025-07-12 15:00:00,310.7217897576106,694.1185702487629,661.9602651746998
forecast_4624,2025-07-12 16:00:00,254.18918597598145,460.9638051597147,659.4683576922671
forecast_4625,2025-07-12 17:00:00,253.0321259631641,329.005788754109,659.4683576922671
forecast_4626,2025-07-12 18:00:00,253.0321259631641,305.2831174280391,661.9602651746998
forecast_4627,2025-07-12 19:00:00,260.0197302921102,336.6106406513154,659.4683576922671
forecast_4628,2025-07-12 20:00:00,297.6443457317279,376.0679470711375,686.4505137474697
forecast_4629,2025-07-12 21:00:00,828.9755349227987,796.8391746788172,981.6593439204917
forecast_4630,2025-07-12 22:00:00,1574.2308406474706,1420.1254505532702,1230.2825744903894
forecast_4631,2025-07-12 23:00:00,2462.926942644718,2107.5026416717233,1706.8411039345392
forecast_4632,2025-07-13 00:00:00,3194.813651014008,3160.590059413943,2483.9171314631376
forecast_4633,2025-07-13 01:00:00,2882.8491346130822,2520.023717875826,2882.169186104914
forecast_4634,2025-07-13 02:00:00,3053.944610938581,2807.545853496461,3090.967122741784
forecast_4635,2025-07-13 03:00:00,2988.2297220750647,2032.5958822979192,2639.9466245214962
forecast_4636,2025-07-13 04:00:00,2266.76881109467,1504.7370539613478,1312.936355152473
forecast_4637,2025-07-13 05:00:00,1270.364472162822,899.9553300211516,994.379365288752
forecast_4638,2025-07-13 06:00:00,716.1065647921519,512.124305708596,691.6148591807112
forecast_4639,2025-07-13 07:00:00,300.60792778774896,339.8273137025047,659.4683576922671
forecast_4640,2025-07-13 08:00:00,254.18918597598145,298.01438865739203,657.7327777056947
forecast_4641,2025-07-13 09:00:00,253.0321259631641,296.2647745676504,657.7327777056947
forecast_4642,2025-07-13 10:00:00,253.0321259631641,296.2647745676504,657.7327777056947
forecast_4643,2025-07-13 11:00:00,253.0321259631641,296.2647745676504,657.7327777056947
forecast_4644,2025-07-13 12:00:00,253.0321259631641,296.2647745676504,657.7327777056947
forecast_4645,2025-07-13 13:00:00,254.18918597598145,296.2647745676504,657.7327777056947
forecast_4646,2025-07-13 14:00:00,267.71916953805356,296.37907316462713,657.7327777056947
forecast_4647,2025-07-13 15:00:00,513.3655736054385,341.6044150248895,659.4683576922671
forecast_4648,2025-07-13 16:00:00,863.1863131045777,536.5994127022768,907.3411848263507
forecast_4649,2025-07-13 17:00:00,1573.0317644587064,1301.1420757479623,1020.6932628065342
forecast_4650,2025-07-13 18:00:00,2784.96127631214,2043.1738971052862,1284.7281045780855
forecast_4651,2025-07-13 19:00:00,3298.8636235240156,3250.65952837828,1349.882609561437
forecast_4652,2025-07-13 20:00:00,3380.895298179613,3569.598169573881,1653.0788009118703
forecast_4653,2025-07-13 21:00:00,3462.5172834252635,3589.3301031107367,2765.5019665918267
forecast_4654,2025-07-13 22:00:00,3822.8693557846173,4102.001290556211,3672.809642351286
forecast_4655,2025-07-13 23:00:00,4297.963008570845,4980.024040051059,3256.638796463134
forecast_4656,2025-07-14 00:00:00,4120.428746094717,5983.806983305922,3761.592060753803
forecast_4657,2025-07-14 01:00:00,5862.136721569618,5864.284259431923,4644.656028530852
forecast_4658,2025-07-14 02:00:00,5531.592033188586,6532.749868770454,5491.977035523967
forecast_4659,2025-07-14 03:00:00,7318.176985466611,7975.978626109112,5307.3799820327695
forecast_4660,2025-07-14 04:00:00,5614.315398209031,6894.761553988469,3703.3983091236746
forecast_4661,2025-07-14 05:00:00,4590.649219658449,5411.337503989211,3164.802820043578
forecast_4662,2025-07-14 06:00:00,4778.035015256047,5757.332975433136,4231.594257336325
forecast_4663,2025-07-14 07:00:00,4669.876861372891,6893.253850545666,4496.116366573997
forecast_4664,2025-07-14 08:00:00,5708.745173516201,6042.711776171944,3942.2692286581805
forecast_4665,2025-07-14 09:00:00,5206.834207345532,5229.888359065719,3889.5166588911297
forecast_4666,2025-07-14 10:00:00,6315.197228105113,5528.531369202996,3938.0064784475057
forecast_4667,2025-07-14 11:00:00,4885.100537734208,5355.229881839359,3700.9382461393907
forecast_4668,2025-07-14 12:00:00,6039.070952670378,6067.151972039646,3083.424543829495
forecast_4669,2025-07-14 13:00:00,6672.410980498336,6455.333132830694,3429.5300952979874
forecast_4670,2025-07-14 14:00:00,5336.380535464811,5824.272962472338,3476.661439505299
forecast_4671,2025-07-14 15:00:00,4427.258411464149,5449.137294598093,3500.8669092008727
forecast_4672,2025-07-14 16:00:00,5886.428692081861,4687.624210775621,3716.7149569263843
forecast_4673,2025-07-14 17:00:00,5819.615705459742,4480.658336677638,3701.9355429864277
forecast_4674,2025-07-14 18:00:00,6816.676825986387,4665.885741066189,3034.612123500622
forecast_4675,2025-07-14 19:00:00,6990.772590374056,5352.054909455309,3765.1498185795535
forecast_4676,2025-07-14 20:00:00,7787.12142109145,6335.785565300979,4598.596577452516
forecast_4677,2025-07-14 21:00:00,8057.304553413147,8070.545431279042,5061.131527793486
forecast_4678,2025-07-14 22:00:00,8066.115375877687,8691.531086069395,5754.402187121178
forecast_4679,2025-07-14 23:00:00,8617.136191750196,9220.963653558374,5930.323515617547
forecast_4680,2025-07-15 00:00:00,9325.300043719779,10335.35192073421,7601.840661613406
forecast_4681,2025-07-15 01:00:00,12253.640435117226,14675.058069666129,12993.532410691592
forecast_4682,2025-07-15 02:00:00,12171.400971482482,14945.970967640595,13139.26289504558
forecast_4683,2025-07-15 03:00:00,12261.304836188237,15014.996501023561,13548.524014961213
forecast_4684,2025-07-15 04:00:00,11373.210131646658,15364.749776523819,12828.111535683722
forecast_4685,2025-07-15 05:00:00,10907.997746716661,14372.075557245164,9816.978417854858
forecast_4686,2025-07-15 06:00:00,11208.409391896066,14210.779536838334,8281.31635407463
forecast_4687,2025-07-15 07:00:00,9269.023582998385,13276.416064231798,8256.013729435947
forecast_4688,2025-07-15 08:00:00,8739.78843127075,12347.934886362165,8116.250479942597
forecast_4689,2025-07-15 09:00:00,7527.583743030938,9854.284398708722,5960.729458716148
forecast_4690,2025-07-15 10:00:00,5342.826257428736,7733.095350149556,5197.530122612581
forecast_4691,2025-07-15 11:00:00,4033.4548242499077,6012.550781145542,4691.893482007608
forecast_4692,2025-07-15 12:00:00,3132.9256827449653,4101.8767684939085,4244.054922941444
forecast_4693,2025-07-15 13:00:00,2536.3039287459906,3569.00411020732,4188.406517092338
forecast_4694,2025-07-15 14:00:00,2435.53370781092,3824.623691443907,4165.596280266392
forecast_4695,2025-07-15 15:00:00,2718.719499898375,3865.846078578956,3839.5425264325595
forecast_4696,2025-07-15 16:00:00,2832.0275854975216,4394.285866835509,3869.3183563041575
forecast_4697,2025-07-15 17:00:00,3020.661671903195,4523.2634622396545,3161.2423351989146
forecast_4698,2025-07-15 18:00:00,3439.586350024726,4816.429622812053,3726.842030424533
forecast_4699,2025-07-15 19:00:00,3946.4352003247795,5187.255226544217,3781.708935857127
forecast_4700,2025-07-15 20:00:00,4303.019650223394,6167.13168075348,3164.7778748256924
forecast_4701,2025-07-15 21:00:00,7027.0230341882725,7885.18270712294,3994.4446957345476
forecast_4702,2025-07-15 22:00:00,7967.171087690661,8523.44014274329,4998.808361893125
forecast_4703,2025-07-15 23:00:00,8747.370834684296,8752.184148549535,5458.459345076624
forecast_4704,2025-07-16 00:00:00,10356.957094090812,10712.181277844267,6044.110822600965
forecast_4705,2025-07-16 01:00:00,12517.77544656934,12453.581005456277,9066.30129679131
forecast_4706,2025-07-16 02:00:00,12919.51214581353,12972.72997541241,9783.120671955232
forecast_4707,2025-07-16 03:00:00,14523.805639831038,13599.36391266628,10869.7186788482
forecast_4708,2025-07-16 04:00:00,14504.982103388495,14952.03662143072,12698.899829736672
forecast_4709,2025-07-16 05:00:00,13290.102190882046,15298.252237652056,12761.056625495065
forecast_4710,2025-07-16 06:00:00,13242.80666491206,14606.334664268032,12631.889311371566
forecast_4711,2025-07-16 07:00:00,12672.605273393468,14542.855342477913,10244.395504762766
forecast_4712,2025-07-16 08:00:00,10972.931996293923,12415.729949617544,9295.630326846229
forecast_4713,2025-07-16 09:00:00,8869.723917315638,9259.711478173711,6744.287168755067
forecast_4714,2025-07-16 10:00:00,7120.320792098091,7637.455570666466,5813.093061926137
forecast_4715,2025-07-16 11:00:00,6428.835238116754,7214.581508663327,7653.053109923666
forecast_4716,2025-07-16 12:00:00,5381.413577749633,5972.689413442463,7003.14430883543
forecast_4717,2025-07-16 13:00:00,6598.983811993067,6860.222217141362,5874.971158006538
forecast_4718,2025-07-16 14:00:00,5263.6675397106865,6146.501795049828,5619.949330310797
forecast_4719,2025-07-16 15:00:00,5153.3821272220985,6536.0616984140715,4149.417380168918
forecast_4720,2025-07-16 16:00:00,5532.77726222025,6329.704942209579,2775.9753682656833
forecast_4721,2025-07-16 17:00:00,4220.375304679668,6080.055893045809,2067.875193163654
forecast_4722,2025-07-16 18:00:00,4308.790474272357,5405.9429064767855,2576.4416046825327
forecast_4723,2025-07-16 19:00:00,5252.447355348478,7203.680105051868,3083.257979851239
forecast_4724,2025-07-16 20:00:00,8277.273172081565,8704.732387306833,3606.4651947402044
forecast_4725,2025-07-16 21:00:00,9286.75639383799,10287.852948433007,5754.572805007969
forecast_4726,2025-07-16 22:00:00,11766.931921260253,12035.199145684932,8213.773035612478
forecast_4727,2025-07-16 23:00:00,11353.851114994197,13365.397589017699,8877.062645287733
forecast_4728,2025-07-17 00:00:00,11272.57737598354,13669.442694379282,9836.528623210885
forecast_4729,2025-07-17 01:00:00,12022.623575242073,13883.562096419653,10873.889208424696
forecast_4730,2025-07-17 02:00:00,13238.592891891272,15530.063868853298,13289.406734243868
forecast_4731,2025-07-17 03:00:00,13523.427998934607,15953.338170084802,13657.337121318817
forecast_4732,2025-07-17 04:00:00,14011.877775260427,16014.03112972861,15902.130429860923
forecast_4733,2025-07-17 05:00:00,14041.990551536606,15411.823776074754,15025.980630945714
forecast_4734,2025-07-17 06:00:00,13907.715314247243,15806.598102204607,14988.411363447278
forecast_4735,2025-07-17 07:00:00,13859.349332684933,15912.919548616366,14482.550069343479
forecast_4736,2025-07-17 08:00:00,14014.157240439628,16146.721943067701,13936.901001114322
forecast_4737,2025-07-17 09:00:00,12426.746955574814,15739.268993846516,12997.29871022909
forecast_4738,2025-07-17 10:00:00,11292.801146552387,14729.033228407721,12438.730188278238
forecast_4739,2025-07-17 11:00:00,11149.012955070126,14616.251888703537,12262.465226512024
forecast_4740,2025-07-17 12:00:00,10692.58705455508,13726.24225048032,9534.293210355627
forecast_4741,2025-07-17 13:00:00,10334.266912304363,13006.225288248253,8803.442300828072
forecast_4742,2025-07-17 14:00:00,9674.841832244798,12216.945714410347,8689.59316744406
forecast_4743,2025-07-17 15:00:00,8410.854617197565,11216.821902103475,7858.678935786901
forecast_4744,2025-07-17 16:00:00,8675.091872379775,9401.10156604943,6945.040552685014
forecast_4745,2025-07-17 17:00:00,7516.035503256973,9268.96605092076,6914.563747304754
forecast_4746,2025-07-17 18:00:00,8589.774484974578,9488.69736341744,7571.430582596159
forecast_4747,2025-07-17 19:00:00,8589.404773939157,9180.09785887192,7202.64255224542
forecast_4748,2025-07-17 20:00:00,10435.000200199105,9964.559295698715,7031.679241839111
forecast_4749,2025-07-17 21:00:00,11201.09326591306,11255.90230655483,8780.410711490546
forecast_4750,2025-07-17 22:00:00,12340.50118395407,12211.07631349833,9703.66668772216
forecast_4751,2025-07-17 23:00:00,13371.389123784544,13691.788838712058,11015.237362378704
forecast_4752,2025-07-18 00:00:00,12280.53802617586,13869.497586583142,12265.75976720803
forecast_4753,2025-07-18 01:00:00,11682.48691024475,13702.05863925466,12198.254635269794
forecast_4754,2025-07-18 02:00:00,11329.040520445615,14265.134757186708,11472.04218365872
forecast_4755,2025-07-18 03:00:00,11324.446271237437,14482.639287078844,13350.105577349477
forecast_4756,2025-07-18 04:00:00,12290.678286290124,13973.99551248163,11857.04932545679
forecast_4757,2025-07-18 05:00:00,10953.347048092977,13907.816490749834,10401.470747406336
forecast_4758,2025-07-18 06:00:00,10811.032175801714,13881.422821578026,9389.219057078473
forecast_4759,2025-07-18 07:00:00,10870.46124505725,14042.04584957378,8846.954857433739
forecast_4760,2025-07-18 08:00:00,10974.738057885037,13625.471755398456,7825.405292873157
forecast_4761,2025-07-18 09:00:00,10098.16420440955,11927.82628755905,7434.3742629676535
forecast_4762,2025-07-18 10:00:00,8153.348462098213,9817.889047017225,7303.3143235194975
forecast_4763,2025-07-18 11:00:00,5288.055137609795,7063.646552218634,5346.876775016205
forecast_4764,2025-07-18 12:00:00,3901.2086185800667,4842.189058502083,3463.899510874212
forecast_4765,2025-07-18 13:00:00,2713.5171577993247,2625.8943803447737,2133.0205029931367
forecast_4766,2025-07-18 14:00:00,2653.753209697891,2001.1522083451284,2154.404767361327
forecast_4767,2025-07-18 15:00:00,3378.237665390859,3572.1375610816162,3906.604708542195
forecast_4768,2025-07-18 16:00:00,4349.762290833074,5282.391758933346,4204.665862679295
forecast_4769,2025-07-18 17:00:00,6130.686555176215,6834.824287690821,4525.685780723564
forecast_4770,2025-07-18 18:00:00,7325.494058694394,7546.134684515559,4864.720266495183
forecast_4771,2025-07-18 19:00:00,8723.509636151426,8670.97191802674,6886.635795042214
forecast_4772,2025-07-18 20:00:00,8213.973485127479,10774.401418087487,7743.637631796385
forecast_4773,2025-07-18 21:00:00,10441.518976658252,11790.9102332399,8719.70743551437
forecast_4774,2025-07-18 22:00:00,10092.847862163702,9858.053265241999,8626.267262088235
forecast_4775,2025-07-18 23:00:00,9977.597660465417,10121.603349423667,7993.595849645208
forecast_4776,2025-07-19 00:00:00,10487.582365103739,9791.94119594114,8128.672711218751
forecast_4777,2025-07-19 01:00:00,8862.022586705261,9105.755585285731,8473.997539065651
forecast_4778,2025-07-19 02:00:00,7560.8312898673785,8070.595120835516,6742.6395815762025
forecast_4779,2025-07-19 03:00:00,6758.149730655988,7484.013720363951,5840.272427259511
forecast_4780,2025-07-19 04:00:00,5493.426777290033,6237.333493188902,5518.317991990285
forecast_4781,2025-07-19 05:00:00,6755.207447030091,6623.832799372141,5484.23823175802
forecast_4782,2025-07-19 06:00:00,7326.186739576464,6500.070029443341,5563.463409761682
forecast_4783,2025-07-19 07:00:00,6890.690955138341,6411.66960839589,5710.7916804968945
forecast_4784,2025-07-19 08:00:00,6434.670377674118,6393.926848449283,6290.836522657601
forecast_4785,2025-07-19 09:00:00,7450.549280929792,7891.193859669089,7246.280924235626
forecast_4786,2025-07-19 10:00:00,8302.785034361776,8418.938316734944,6959.785713825542
forecast_4787,2025-07-19 11:00:00,8488.080295439771,9117.61933329963,6978.0816646354215
forecast_4788,2025-07-19 12:00:00,10192.590190048992,10879.46088039454,7693.265421729756
forecast_4789,2025-07-19 13:00:00,10409.422167189141,11311.28870195099,7746.766716419721
forecast_4790,2025-07-19 14:00:00,9817.485696312895,11846.04602590378,7863.91003088866
forecast_4791,2025-07-19 15:00:00,10176.60533255027,12448.759653649753,8501.990811963838
forecast_4792,2025-07-19 16:00:00,10337.67128435905,11498.57270978671,8933.48743285541
forecast_4793,2025-07-19 17:00:00,9372.846163335815,11592.237965719498,9668.257203731808
forecast_4794,2025-07-19 18:00:00,9168.175808406193,11921.404775053928,12637.689921119674
forecast_4795,2025-07-19 19:00:00,11017.817862441841,12657.339324050894,12605.801822317073
forecast_4796,2025-07-19 20:00:00,12414.52946370384,12139.14845355218,12580.653152575542
forecast_4797,2025-07-19 21:00:00,12997.529912775793,12805.420007175071,13226.074675246175
forecast_4798,2025-07-19 22:00:00,15089.069581112202,13996.45022828859,13410.133836649527
forecast_4799,2025-07-19 23:00:00,15209.117867761286,15320.367356689512,12938.63427046005
forecast_4800,2025-07-20 00:00:00,14179.944296306965,14713.461671618197,12996.389809270293
forecast_4801,2025-07-20 01:00:00,13516.528500210188,14574.803920557664,13473.850147061268
forecast_4802,2025-07-20 02:00:00,13722.620661842328,14251.241211209508,13090.543264827491
forecast_4803,2025-07-20 03:00:00,14380.45151199169,14203.642616710096,12294.329457709318
forecast_4804,2025-07-20 04:00:00,13599.316410683063,14147.843838140718,13444.214955908374
forecast_4805,2025-07-20 05:00:00,13501.621766178821,14458.776492941595,13448.141346720387
forecast_4806,2025-07-20 06:00:00,13252.058099582466,13866.531351312244,12825.850902482067
forecast_4807,2025-07-20 07:00:00,12685.948781500778,14076.889351849779,12351.72545404857
forecast_4808,2025-07-20 08:00:00,11285.897015348626,13197.024109649032,10164.35010040804
forecast_4809,2025-07-20 09:00:00,8756.288003215086,12720.872877335489,9731.569324635735
forecast_4810,2025-07-20 10:00:00,7637.090626131283,9640.40553624205,8446.216682206596
forecast_4811,2025-07-20 11:00:00,7273.550946255791,7598.971347273985,7865.594679675941
forecast_4812,2025-07-20 12:00:00,6215.984539064177,7487.7040992346065,6356.1271001349005
forecast_4813,2025-07-20 13:00:00,4647.3700237299245,6702.1204759234,6654.872526748771
forecast_4814,2025-07-20 14:00:00,5707.698573453819,6721.008723708539,5916.609950896835
forecast_4815,2025-07-20 15:00:00,4109.125622727915,6061.283139921485,5916.609950896835
forecast_4816,2025-07-20 16:00:00,3859.118149069818,5537.3737272303415,5688.1637566396475
forecast_4817,2025-07-20 17:00:00,4136.144115591314,5955.12436467895,5539.076590151473
forecast_4818,2025-07-20 18:00:00,6373.1183695017735,6800.54386724441,5455.912434878177
forecast_4819,2025-07-20 19:00:00,8096.457927297332,8120.207721334994,6011.880160957681
forecast_4820,2025-07-20 20:00:00,9392.318874811943,10595.58129286308,8503.132252502797
forecast_4821,2025-07-20 21:00:00,11642.13851734382,12661.625693190226,8982.08408339497
forecast_4822,2025-07-20 22:00:00,12006.404577431309,13318.930201464778,9169.164559275008
forecast_4823,2025-07-20 23:00:00,12022.401298166329,13387.154783777416,9398.054009091496
forecast_4824,2025-07-21 00:00:00,12014.708451412875,13572.440758787994,10370.033097358919
forecast_4825,2025-07-21 01:00:00,13347.874456762793,14889.254423824319,11398.136224439382
forecast_4826,2025-07-21 02:00:00,13240.18102940379,14879.194810183442,11500.63592169006
forecast_4827,2025-07-21 03:00:00,12988.473953072928,15751.582963054108,12362.83498546846
forecast_4828,2025-07-21 04:00:00,12686.935584701661,14691.09657366458,10952.533104463502
forecast_4829,2025-07-21 05:00:00,12652.528135207995,12937.380324465797,10215.510055642346
forecast_4830,2025-07-21 06:00:00,13107.091985081772,14207.755211583197,11462.979682464993
forecast_4831,2025-07-21 07:00:00,12821.80323233652,13661.136850301156,9333.33037565293
forecast_4832,2025-07-21 08:00:00,11548.97741227131,12291.210600919707,8027.269467122538
forecast_4833,2025-07-21 09:00:00,10914.570955397618,10898.787452845912,7709.645072797381
forecast_4834,2025-07-21 10:00:00,9731.07379933429,10524.285543477667,8657.832095012933
forecast_4835,2025-07-21 11:00:00,9383.239126426108,11042.065279627615,8795.614769166314
forecast_4836,2025-07-21 12:00:00,8259.214965226902,9757.696726420983,7458.436824840511
forecast_4837,2025-07-21 13:00:00,7325.794680427444,8197.8255218448,5928.95102500039
forecast_4838,2025-07-21 14:00:00,6478.05814962246,7478.321258508712,5698.091351253615
forecast_4839,2025-07-21 15:00:00,6727.800480534761,6738.450897890963,5795.688659656337
forecast_4840,2025-07-21 16:00:00,6414.808472744868,6731.103658355409,5858.6639739489165
forecast_4841,2025-07-21 17:00:00,7638.349083530678,7570.826262590296,6991.1354505934
forecast_4842,2025-07-21 18:00:00,7779.931084862986,7909.560300943964,7215.251087878927
forecast_4843,2025-07-21 19:00:00,8833.104902952055,9567.242876727569,8106.158726310967
forecast_4844,2025-07-21 20:00:00,10784.41947227914,11987.745252319892,10540.352395610109
forecast_4845,2025-07-21 21:00:00,12059.945685159066,14012.752400371532,13333.285623688123
forecast_4846,2025-07-21 22:00:00,14019.00242588491,15794.008077032511,13696.825875552473
forecast_4847,2025-07-21 23:00:00,14942.772877668729,16401.944474829343,13985.134748466118
forecast_4848,2025-07-22 00:00:00,14721.177455341478,16245.21713212404,14250.214805810489
forecast_4849,2025-07-22 01:00:00,15123.461332337556,17393.403217190535,15161.042061147426
forecast_4850,2025-07-22 02:00:00,15844.472365298177,17576.84644470725,15074.747278893981
forecast_4851,2025-07-22 03:00:00,16792.47963911014,17098.870191030604,14262.673069376291
forecast_4852,2025-07-22 04:00:00,17005.290609939933,16935.75004996261,15315.723333658989
forecast_4853,2025-07-22 05:00:00,16413.516855073976,16884.72156345794,15400.075496918405
forecast_4854,2025-07-22 06:00:00,15744.678435190497,17159.15768175362,13559.571952864988
forecast_4855,2025-07-22 07:00:00,14758.960328188818,16201.637155367804,12892.60807779383
forecast_4856,2025-07-22 08:00:00,12741.384199221002,14251.38191307188,10336.365869430361
forecast_4857,2025-07-22 09:00:00,9897.565751342441,10467.80049198942,7231.96467270391
forecast_4858,2025-07-22 10:00:00,8140.065035476948,8379.223182391552,5144.867301540359
forecast_4859,2025-07-22 11:00:00,6244.576242028244,6239.086161400382,3322.5682991965564
forecast_4860,2025-07-22 12:00:00,4379.821026886681,4570.015411025248,2883.1134448476646
forecast_4861,2025-07-22 13:00:00,3957.8733081274177,3793.692909016829,2172.8976705103632
forecast_4862,2025-07-22 14:00:00,3714.192971135964,3591.231688316648,2145.4228016812076
forecast_4863,2025-07-22 15:00:00,3005.2845490765353,3447.8522613095856,2005.3753740022025
forecast_4864,2025-07-22 16:00:00,2437.586882377428,3501.938306363149,1269.984756580274
forecast_4865,2025-07-22 17:00:00,2624.389363230028,2747.94279626528,1354.7411487873314
forecast_4866,2025-07-22 18:00:00,2670.942587481134,3379.0305303481523,2099.6800827799225
forecast_4867,2025-07-22 19:00:00,4247.051796739988,3928.584049204298,2188.699767854917
forecast_4868,2025-07-22 20:00:00,7066.986535122826,5931.692796204133,3203.8657678003283
forecast_4869,2025-07-22 21:00:00,8150.806499427499,7743.088574011541,5035.813666591994
forecast_4870,2025-07-22 22:00:00,8992.029815628115,8479.937965864567,5677.0562407104935
forecast_4871,2025-07-22 23:00:00,10346.071723586007,9592.986805596081,7124.971369964095
forecast_4872,2025-07-23 00:00:00,11350.215216939407,11556.260946670172,8950.51645983887
forecast_4873,2025-07-23 01:00:00,12783.155392362647,11931.934028410706,9109.888109976284
forecast_4874,2025-07-23 02:00:00,12078.896798589052,10771.10353974714,8671.086678514319
forecast_4875,2025-07-23 03:00:00,12281.85442326422,12703.050388204269,8920.935117766925
forecast_4876,2025-07-23 04:00:00,12178.483154396208,12925.408648032371,8304.447324767632
forecast_4877,2025-07-23 05:00:00,12060.914696788937,11333.632752948735,7825.442851150547
forecast_4878,2025-07-23 06:00:00,10975.845616175957,9700.417624988027,7357.768666371261
forecast_4879,2025-07-23 07:00:00,8939.33934969964,7346.753527669277,5604.928978097972
forecast_4880,2025-07-23 08:00:00,5243.935084956151,4830.444059398704,3547.4687755953664
forecast_4881,2025-07-23 09:00:00,3033.1714970673734,2027.915263378712,1259.9246518013208
forecast_4882,2025-07-23 10:00:00,1316.4891818847836,912.4732482171709,880.7635627529128
forecast_4883,2025-07-23 11:00:00,767.5420251238635,358.2656068497501,666.7034496614267
forecast_4884,2025-07-23 12:00:00,276.4225601259137,298.07399854313934,659.4683576922671
forecast_4885,2025-07-23 13:00:00,254.18918597598145,298.07399854313934,659.4683576922671
forecast_4886,2025-07-23 14:00:00,262.90575307011255,297.95969994616263,661.9602651746998
forecast_4887,2025-07-23 15:00:00,279.41420307792566,346.92915855339504,661.9602651746998
forecast_4888,2025-07-23 16:00:00,294.1350523518733,448.82181764963406,671.867795094668
forecast_4889,2025-07-23 17:00:00,503.26687921100074,810.7503205808098,792.5574713111758
forecast_4890,2025-07-23 18:00:00,927.0437355429546,1624.1965596595687,981.6593439204917
forecast_4891,2025-07-23 19:00:00,1754.5610676117346,2752.456886672216,1170.4430824004105
forecast_4892,2025-07-23 20:00:00,2562.6768112462573,2916.567640175975,1253.6616908110175
forecast_4893,2025-07-23 21:00:00,3680.560210886554,4070.149375423533,2145.4228016812076
forecast_4894,2025-07-23 22:00:00,4838.354932469315,5139.641649281546,3142.149810362781
forecast_4895,2025-07-23 23:00:00,5009.220976007907,6042.844690935242,4981.053112784207
forecast_4896,2025-07-24 00:00:00,7281.297369777999,6683.283870256819,4882.740211123486
forecast_4897,2025-07-24 01:00:00,8603.021258663384,8514.901777256357,5559.700570959402
forecast_4898,2025-07-24 02:00:00,9002.442186467375,9037.541188292029,7293.498371710424
forecast_4899,2025-07-24 03:00:00,9114.979467956897,10570.94932653945,7293.498371710424
forecast_4900,2025-07-24 04:00:00,8917.781941484423,10687.565876686538,7293.498371710424
forecast_4901,2025-07-24 05:00:00,9223.004139922814,10063.380991373186,7143.745572556809
forecast_4902,2025-07-24 06:00:00,8784.697174062716,9006.261855773373,7026.193917942923
forecast_4903,2025-07-24 07:00:00,7701.038357471871,6690.169502765695,4019.7884405665172
forecast_4904,2025-07-24 08:00:00,3131.836213035779,3210.2945301174245,1158.2895303844048
forecast_4905,2025-07-24 09:00:00,859.9271288595673,828.3860561330082,664.2115421789939
forecast_4906,2025-07-24 10:00:00,670.040675929146,626.3977104538083,657.7327777056947
forecast_4907,2025-07-24 11:00:00,253.0321259631641,296.2647745676504,657.7327777056947
forecast_4908,2025-07-24 12:00:00,253.0321259631641,296.2647745676504,657.7327777056947
forecast_4909,2025-07-24 13:00:00,253.0321259631641,296.2647745676504,657.7327777056947
forecast_4910,2025-07-24 14:00:00,253.0321259631641,296.2647745676504,657.7327777056947
forecast_4911,2025-07-24 15:00:00,253.0321259631641,296.2647745676504,657.7327777056947
forecast_4912,2025-07-24 16:00:00,253.0321259631641,296.37907316462713,657.7327777056947
forecast_4913,2025-07-24 17:00:00,253.0321259631641,296.2647745676504,657.7327777056947
forecast_4914,2025-07-24 18:00:00,253.0321259631641,296.2647745676504,657.7327777056947
forecast_4915,2025-07-24 19:00:00,254.18918597598145,296.3243844533978,657.7327777056947
forecast_4916,2025-07-24 20:00:00,306.3517351073238,348.9200602977636,659.4683576922671
forecast_4917,2025-07-24 21:00:00,689.2350564026478,483.8176896508905,792.5574713111758
forecast_4918,2025-07-24 22:00:00,1286.4226347158829,1517.298144528148,1058.348933439656
forecast_4919,2025-07-24 23:00:00,2393.331309824117,3087.454242123936,2090.0117037050354
forecast_4920,2025-07-25 00:00:00,2764.827035387081,3884.8021948976348,2169.4033331016735
forecast_4921,2025-07-25 01:00:00,3826.7164711625664,4122.738735111978,2834.6320180001367
forecast_4922,2025-07-25 02:00:00,4234.884057057879,4750.3915064361445,3412.76747327049
forecast_4923,2025-07-25 03:00:00,4310.183163047388,5647.8804309846555,3908.3889935716243
forecast_4924,2025-07-25 04:00:00,4047.52093373906,4684.563585480295,3066.6442100224344
forecast_4925,2025-07-25 05:00:00,2894.5140594115956,3915.017354885953,2159.0151347955884
forecast_4926,2025-07-25 06:00:00,2780.9006175769578,3415.2436506216864,2077.8567838252516
forecast_4927,2025-07-25 07:00:00,1423.9582053635086,1792.1834117748513,1028.5374868926292
forecast_4928,2025-07-25 08:00:00,538.6372833520427,619.7959660797253,664.2115421789939
forecast_4929,2025-07-25 09:00:00,268.6111529285972,349.8420853463088,659.4683576922671
forecast_4930,2025-07-25 10:00:00,254.18918597598145,280.4520048244798,657.7327777056947
forecast_4931,2025-07-25 11:00:00,253.0321259631641,296.37907316462713,657.7327777056947
forecast_4932,2025-07-25 12:00:00,253.0321259631641,296.37907316462713,657.7327777056947
forecast_4933,2025-07-25 13:00:00,253.0321259631641,298.12868725436874,657.7327777056947
forecast_4934,2025-07-25 14:00:00,253.0321259631641,280.62099213268596,657.7327777056947
forecast_4935,2025-07-25 15:00:00,254.18918597598145,289.83722507149565,657.7327777056947
forecast_4936,2025-07-25 16:00:00,254.18918597598145,301.1291378787546,657.7327777056947
forecast_4937,2025-07-25 17:00:00,281.15882291140656,322.89689738569604,657.7327777056947
forecast_4938,2025-07-25 18:00:00,379.7170449919185,376.2831533543202,664.2115421789939
forecast_4939,2025-07-25 19:00:00,1487.1125442732987,1074.551945608208,1027.4677594860598
forecast_4940,2025-07-25 20:00:00,3112.924937165356,2775.491733500202,2117.685408909115
forecast_4941,2025-07-25 21:00:00,4152.752873367574,3701.5833039115764,3105.40590546164
forecast_4942,2025-07-25 22:00:00,5842.20758947539,5229.865610039984,5202.787713363759
forecast_4943,2025-07-25 23:00:00,7440.505408104946,6216.335447446037,7254.958700644143
forecast_4944,2025-07-26 00:00:00,7859.12668274727,7154.123117137683,8795.443917544044
forecast_4945,2025-07-26 01:00:00,7647.672281536434,8050.554141868047,8884.78154719918
forecast_4946,2025-07-26 02:00:00,7700.8614964101625,8097.795764681505,8842.88776145223
forecast_4947,2025-07-26 03:00:00,7695.952032566752,7957.514738303532,8615.845827731893
forecast_4948,2025-07-26 04:00:00,7692.191490107158,7575.1091323393775,7149.206838457035
forecast_4949,2025-07-26 05:00:00,5831.483941089996,5815.796999588465,4705.702364843758
forecast_4950,2025-07-26 06:00:00,4308.138614860714,3618.0530483434886,3034.8784187312917
forecast_4951,2025-07-26 07:00:00,3000.9287563342946,2143.0380207995304,2141.6860468427226
forecast_4952,2025-07-26 08:00:00,1649.3661074932213,1227.060133200321,997.8829665463693
forecast_4953,2025-07-26 09:00:00,368.774023266055,531.3381802219121,664.2115421789939
forecast_4954,2025-07-26 10:00:00,254.18918597598145,344.7900778557365,657.7327777056947
forecast_4955,2025-07-26 11:00:00,254.18918597598145,298.07399854313934,657.7327777056947
forecast_4956,2025-07-26 12:00:00,253.0321259631641,296.37907316462713,657.7327777056947
forecast_4957,2025-07-26 13:00:00,253.0321259631641,296.37907316462713,657.7327777056947
forecast_4958,2025-07-26 14:00:00,253.0321259631641,296.37907316462713,657.7327777056947
forecast_4959,2025-07-26 15:00:00,253.0321259631641,296.37907316462713,657.7327777056947
forecast_4960,2025-07-26 16:00:00,253.0321259631641,298.12868725436874,657.7327777056947
forecast_4961,2025-07-26 17:00:00,254.18918597598145,296.3243844533978,657.7327777056947
forecast_4962,2025-07-26 18:00:00,262.90575307011255,298.07399854313934,664.2115421789939
forecast_4963,2025-07-26 19:00:00,400.4031734351085,415.50658395521305,686.4505137474697
forecast_4964,2025-07-26 20:00:00,1404.7068488641132,1307.5232642574406,1223.5370810366474
forecast_4965,2025-07-26 21:00:00,2654.981814713605,2556.3422575238637,2954.8192894076133
forecast_4966,2025-07-26 22:00:00,4936.281040890253,4615.255520392226,5337.2230342775765
forecast_4967,2025-07-26 23:00:00,6908.63244227877,6382.295740346453,7525.652544257042
forecast_4968,2025-07-27 00:00:00,9012.564694408959,8039.112363822169,8719.007119555099
forecast_4969,2025-07-27 01:00:00,11103.30657195549,11037.335766982464,8603.503152918474
forecast_4970,2025-07-27 02:00:00,11825.173858553728,11226.675708802866,9002.7682106544
forecast_4971,2025-07-27 03:00:00,12329.924394151389,10454.982126786854,8878.11519901376
forecast_4972,2025-07-27 04:00:00,12371.235510052556,10637.511087266113,9009.32174105656
forecast_4973,2025-07-27 05:00:00,9663.941641820998,9089.808808730746,7828.366275926065
forecast_4974,2025-07-27 06:00:00,8622.216921280029,8291.229222492937,6071.415388394357
forecast_4975,2025-07-27 07:00:00,7847.532439594295,6507.304950997301,4070.845832474475
forecast_4976,2025-07-27 08:00:00,3766.033713126689,2804.4893146767604,2087.502953618343
forecast_4977,2025-07-27 09:00:00,1671.1037363579296,1237.5959880576845,1012.1578239428488
forecast_4978,2025-07-27 10:00:00,967.998185467671,854.9087534841132,664.2115421789939
forecast_4979,2025-07-27 11:00:00,318.38812123298123,352.1576345164872,666.7034496614267
forecast_4980,2025-07-27 12:00:00,314.9434046919347,343.1133080516482,776.6011418262494
forecast_4981,2025-07-27 13:00:00,293.77643149834256,353.5987875085404,776.6011418262494
forecast_4982,2025-07-27 14:00:00,524.3830969031746,423.4980411339854,903.8375835687335
forecast_4983,2025-07-27 15:00:00,900.0654572477428,1295.9741214851315,1054.3888431881862
forecast_4984,2025-07-27 16:00:00,1952.6198986849988,2572.7178951795095,1961.9609526574309
forecast_4985,2025-07-27 17:00:00,2569.646669060351,3314.154996205142,2029.9273569038792
forecast_4986,2025-07-27 18:00:00,3818.4807064793627,3287.5384132103572,1419.5580933206193
forecast_4987,2025-07-27 19:00:00,6321.169056478742,4810.7824734651795,2688.971658364266
forecast_4988,2025-07-27 20:00:00,7767.888843485756,6567.50089271151,4346.114247669378
forecast_4989,2025-07-27 21:00:00,8961.623584537227,8505.531116846829,6828.0289690084055
forecast_4990,2025-07-27 22:00:00,10345.253287697808,10152.76591488242,8609.084844417264
forecast_4991,2025-07-27 23:00:00,12079.330900671277,10533.025830371007,9358.031656607911
forecast_4992,2025-07-28 00:00:00,12612.04491271984,11945.008679520166,9568.99320089561
forecast_4993,2025-07-28 01:00:00,12764.891592426811,11810.470137845745,9489.296973955414
forecast_4994,2025-07-28 02:00:00,12736.683377257543,11962.17469146858,9935.653877678236
forecast_4995,2025-07-28 03:00:00,12229.056718651895,11982.870981536034,9155.574303103711
forecast_4996,2025-07-28 04:00:00,12259.150794643585,10585.526758308315,8963.963868039617
forecast_4997,2025-07-28 05:00:00,11992.287434333008,10875.38982529894,8567.176518900107
forecast_4998,2025-07-28 06:00:00,9877.922246184378,9260.4866878477,6702.46085597866
forecast_4999,2025-07-28 07:00:00,8514.742597911016,7392.096164912677,4925.79384510314
forecast_5000,2025-07-28 08:00:00,4237.608530479981,3041.959154644007,2813.6417466023677
forecast_5001,2025-07-28 09:00:00,1746.5932907678828,996.066463054857,1210.1453232856443
forecast_5002,2025-07-28 10:00:00,779.8544244987486,661.3081300437996,666.7034496614267
forecast_5003,2025-07-28 11:00:00,285.1299495015095,296.3243844533978,659.4683576922671
forecast_5004,2025-07-28 12:00:00,254.18918597598145,296.2647745676504,657.7327777056947
forecast_5005,2025-07-28 13:00:00,253.0321259631641,296.37907316462713,657.7327777056947
forecast_5006,2025-07-28 14:00:00,253.0321259631641,296.37907316462713,657.7327777056947
forecast_5007,2025-07-28 15:00:00,253.0321259631641,296.2647745676504,657.7327777056947
forecast_5008,2025-07-28 16:00:00,253.0321259631641,296.37907316462713,657.7327777056947
forecast_5009,2025-07-28 17:00:00,253.0321259631641,296.37907316462713,657.7327777056947
forecast_5010,2025-07-28 18:00:00,253.0321259631641,296.2647745676504,657.7327777056947
forecast_5011,2025-07-28 19:00:00,254.18918597598145,296.2647745676504,657.7327777056947
forecast_5012,2025-07-28 20:00:00,260.0197302921102,296.2647745676504,659.4683576922671
forecast_5013,2025-07-28 21:00:00,350.7947187468873,310.0448998062537,661.9602651746998
forecast_5014,2025-07-28 22:00:00,964.4111375942646,427.6845112818013,666.7034496614267
forecast_5015,2025-07-28 23:00:00,796.4905376716675,551.6348773345634,765.9207850944013
forecast_5016,2025-07-29 00:00:00,1048.0230111588505,919.332531549326,997.530749915972
forecast_5017,2025-07-29 01:00:00,1936.1513264561806,1407.8464042750124,1910.007402909622
forecast_5018,2025-07-29 02:00:00,2406.1680104373677,1609.0528967154014,2002.3461168305232
forecast_5019,2025-07-29 03:00:00,2320.8152413528233,1587.2678453334959,1852.9271359367333
forecast_5020,2025-07-29 04:00:00,1943.0955579588772,1344.0679857893147,1066.7826473847629
forecast_5021,2025-07-29 05:00:00,1184.818891487063,566.0096533941423,835.5030313302726
forecast_5022,2025-07-29 06:00:00,342.1428470925215,307.0329583477789,659.4683576922671
forecast_5023,2025-07-29 07:00:00,254.18918597598145,296.37907316462713,657.7327777056947
forecast_5024,2025-07-29 08:00:00,253.0321259631641,296.2647745676504,657.7327777056947
forecast_5025,2025-07-29 09:00:00,253.0321259631641,296.2647745676504,657.7327777056947
forecast_5026,2025-07-29 10:00:00,253.0321259631641,296.2647745676504,657.7327777056947
forecast_5027,2025-07-29 11:00:00,253.0321259631641,296.2647745676504,657.7327777056947
forecast_5028,2025-07-29 12:00:00,253.0321259631641,296.2647745676504,657.7327777056947
forecast_5029,2025-07-29 13:00:00,253.0321259631641,296.2647745676504,657.7327777056947
forecast_5030,2025-07-29 14:00:00,253.0321259631641,296.2647745676504,657.7327777056947
forecast_5031,2025-07-29 15:00:00,253.0321259631641,296.2647745676504,657.7327777056947
forecast_5032,2025-07-29 16:00:00,253.0321259631641,296.2647745676504,657.7327777056947
forecast_5033,2025-07-29 17:00:00,253.0321259631641,296.2647745676504,657.7327777056947
forecast_5034,2025-07-29 18:00:00,254.18918597598145,298.12868725436874,657.7327777056947
forecast_5035,2025-07-29 19:00:00,274.11455968080645,365.9622989719878,657.7327777056947
forecast_5036,2025-07-29 20:00:00,279.87603860082885,329.0055573958688,659.4683576922671
forecast_5037,2025-07-29 21:00:00,333.02138020331597,344.0664194280542,664.2115421789939
forecast_5038,2025-07-29 22:00:00,927.2305750540658,795.7940656460821,853.3124732634827
forecast_5039,2025-07-29 23:00:00,1372.0811693195024,1295.9637115205378,1019.9677403671861
forecast_5040,2025-07-30 00:00:00,2197.5500140554786,1612.525164014601,1537.2697335713144
forecast_5041,2025-07-30 01:00:00,2242.2928956831392,1593.011758726117,1952.6776069187872
forecast_5042,2025-07-30 02:00:00,2262.939279857931,1651.8886975803757,1941.915256823265
forecast_5043,2025-07-30 03:00:00,2303.756333151796,1436.9422572213348,1195.7716090843473
forecast_5044,2025-07-30 04:00:00,1323.8734876732199,881.76654574093,853.3124732634827
forecast_5045,2025-07-30 05:00:00,732.7910563134053,526.3524212043203,664.2115421789939
forecast_5046,2025-07-30 06:00:00,777.7144240971592,369.92104756003556,657.7327777056947
forecast_5047,2025-07-30 07:00:00,361.2419582104086,331.10759660227404,657.7327777056947
forecast_5048,2025-07-30 08:00:00,279.87603860082885,298.07399854313934,657.7327777056947
forecast_5049,2025-07-30 09:00:00,262.90575307011255,298.07399854313934,657.7327777056947
forecast_5050,2025-07-30 10:00:00,262.90575307011255,298.07399854313934,657.7327777056947
forecast_5051,2025-07-30 11:00:00,279.40907286985714,323.6094168838475,659.4683576922671
forecast_5052,2025-07-30 12:00:00,299.920121761976,367.29609511034704,661.9602651746998
forecast_5053,2025-07-30 13:00:00,296.03806797118494,356.5565032734445,661.9602651746998
forecast_5054,2025-07-30 14:00:00,305.62552162046074,389.32766430255907,659.4683576922671
forecast_5055,2025-07-30 15:00:00,296.03806797118494,377.44371137190376,659.4683576922671
forecast_5056,2025-07-30 16:00:00,292.09356930486683,373.55634116778765,659.4683576922671
forecast_5057,2025-07-30 17:00:00,276.4225601259137,312.8308054954655,657.7327777056947
forecast_5058,2025-07-30 18:00:00,254.18918597598145,298.07399854313934,659.4683576922671
forecast_5059,2025-07-30 19:00:00,262.90575307011255,312.8308054954655,659.4683576922671
forecast_5060,2025-07-30 20:00:00,379.95065087735964,422.41912876192765,659.4683576922671
forecast_5061,2025-07-30 21:00:00,986.43794057508,786.2887267613091,664.2115421789939
forecast_5062,2025-07-30 22:00:00,1924.8410184883767,1640.991073359491,846.8733162175431
forecast_5063,2025-07-30 23:00:00,2356.239480019157,2837.7722270572076,1018.4710672815323
forecast_5064,2025-07-31 00:00:00,2380.018058562996,3371.29813120836,1171.904683550592
forecast_5065,2025-07-31 01:00:00,2195.9491544830935,3570.258136915995,1615.6383289527234
forecast_5066,2025-07-31 02:00:00,2172.6561704423902,3641.005901288634,2142.4516422456213
forecast_5067,2025-07-31 03:00:00,2844.021394366442,3844.9787842004507,2092.080662859228
forecast_5068,2025-07-31 04:00:00,2781.3927691198105,3931.342005644527,2430.574992641158
forecast_5069,2025-07-31 05:00:00,2873.8460689383937,3697.9863534722826,2104.864733926492
forecast_5070,2025-07-31 06:00:00,2326.3851316932155,1978.162224744899,1245.9755953670274
forecast_5071,2025-07-31 07:00:00,1427.3781146307795,1096.1520388617994,1130.335911448747
forecast_5072,2025-07-31 08:00:00,744.886024868731,815.0034175567046,903.8375835687335
forecast_5073,2025-07-31 09:00:00,608.4888536367911,532.3435276017149,776.6011418262494
forecast_5074,2025-07-31 10:00:00,561.7748724188107,527.5073923763448,776.6011418262494
forecast_5075,2025-07-31 11:00:00,608.9931257632107,602.1132747911729,903.8375835687335
forecast_5076,2025-07-31 12:00:00,561.8868101585102,775.2106613576215,903.8375835687335
forecast_5077,2025-07-31 13:00:00,321.48507100805483,789.4979310202245,892.467298681463
forecast_5078,2025-07-31 14:00:00,279.40907286985714,676.2399337509946,776.6011418262494
forecast_5079,2025-07-31 15:00:00,269.2965113501398,538.5593144331299,771.8579573395225
forecast_5080,2025-07-31 16:00:00,262.90575307011255,428.63256237550104,661.9602651746998
forecast_5081,2025-07-31 17:00:00,254.18918597598145,298.07399854313934,657.7327777056947
forecast_5082,2025-07-31 18:00:00,253.0321259631641,296.2647745676504,657.7327777056947
forecast_5083,2025-07-31 19:00:00,253.0321259631641,296.2647745676504,657.7327777056947
forecast_5084,2025-07-31 20:00:00,254.18918597598145,296.3243844533978,657.7327777056947
forecast_5085,2025-07-31 21:00:00,262.90575307011255,298.07399854313934,657.7327777056947
forecast_5086,2025-07-31 22:00:00,341.1507091620444,382.85910735680557,659.4683576922671
forecast_5087,2025-07-31 23:00:00,693.5337758722651,758.8229910236366,661.9602651746998
forecast_5088,2025-08-01 00:00:00,672.5545178088444,947.0654760066727,661.9602651746998
forecast_5089,2025-08-01 01:00:00,763.2498148165498,854.5619292173033,661.9602651746998
forecast_5090,2025-08-01 02:00:00,587.5071320281004,569.205328809841,659.4683576922671
forecast_5091,2025-08-01 03:00:00,338.1939894691853,408.8080466217599,659.4683576922671
forecast_5092,2025-08-01 04:00:00,304.95823860488616,408.31414846606685,659.4683576922671
forecast_5093,2025-08-01 05:00:00,300.1094535791549,353.8226932030192,657.7327777056947
forecast_5094,2025-08-01 06:00:00,260.0197302921102,297.6736743700793,657.7327777056947
forecast_5095,2025-08-01 07:00:00,254.18918597598145,298.12868725436874,657.7327777056947
forecast_5096,2025-08-01 08:00:00,253.0321259631641,296.37907316462713,657.7327777056947
forecast_5097,2025-08-01 09:00:00,253.0321259631641,296.2647745676504,657.7327777056947
forecast_5098,2025-08-01 10:00:00,253.0321259631641,296.2647745676504,657.7327777056947
forecast_5099,2025-08-01 11:00:00,253.0321259631641,296.2647745676504,657.7327777056947
forecast_5100,2025-08-01 12:00:00,253.0321259631641,296.37907316462713,659.4683576922671
forecast_5101,2025-08-01 13:00:00,253.0321259631641,299.41418569826175,661.9602651746998
forecast_5102,2025-08-01 14:00:00,253.0321259631641,305.33780613926837,659.4683576922671
forecast_5103,2025-08-01 15:00:00,253.0321259631641,298.12868725436874,659.4683576922671
forecast_5104,2025-08-01 16:00:00,253.0321259631641,298.12868725436874,657.7327777056947
forecast_5105,2025-08-01 17:00:00,253.0321259631641,298.5965567474283,657.7327777056947
forecast_5106,2025-08-01 18:00:00,254.18918597598145,300.46046943414666,657.7327777056947
forecast_5107,2025-08-01 19:00:00,284.6894550687699,367.2418915502418,659.4683576922671
forecast_5108,2025-08-01 20:00:00,427.2084867451123,416.5403247930787,659.4683576922671
forecast_5109,2025-08-01 21:00:00,654.2681005439067,451.0315968821349,659.4683576922671
forecast_5110,2025-08-01 22:00:00,1414.7815402060828,541.5824147579835,664.2115421789939
forecast_5111,2025-08-01 23:00:00,1171.9085820296937,708.3672155961556,664.2115421789939
forecast_5112,2025-08-02 00:00:00,2081.362265860858,1788.7655606375763,1111.3655044902316
forecast_5113,2025-08-02 01:00:00,5824.037022423891,4176.72058701392,2514.448556199632
forecast_5114,2025-08-02 02:00:00,7967.454512310763,5456.09650080399,3655.597029705391
forecast_5115,2025-08-02 03:00:00,9185.463964370636,7772.08494789836,4817.459377702511
forecast_5116,2025-08-02 04:00:00,9493.851996545873,9684.672828727224,5875.23383848072
forecast_5117,2025-08-02 05:00:00,11149.123229159311,11402.037644624748,6647.625217991721
forecast_5118,2025-08-02 06:00:00,12173.5576794438,11662.39492305144,7555.218539396994
forecast_5119,2025-08-02 07:00:00,11165.851421032694,11334.059930337191,7436.490283726156
forecast_5120,2025-08-02 08:00:00,8957.161406315263,8986.766828556716,5228.9471838227055
forecast_5121,2025-08-02 09:00:00,6606.831499064475,6401.917616328591,3105.660966877408
forecast_5122,2025-08-02 10:00:00,3755.214060026836,3652.3228778396287,2140.965850786536
forecast_5123,2025-08-02 11:00:00,2579.667116821663,1778.6355602203785,1826.1045997258836
forecast_5124,2025-08-02 12:00:00,1968.8521250841761,1198.2186235180045,1231.3407114038557
forecast_5125,2025-08-02 13:00:00,1564.4972718828217,1064.3117614993664,1112.9847356015484
forecast_5126,2025-08-02 14:00:00,1223.5992182905145,844.101131977986,1024.7786441598118
forecast_5127,2025-08-02 15:00:00,979.0202677345276,511.0853067988381,853.3124732634827
forecast_5128,2025-08-02 16:00:00,535.8954059487235,322.86703455524855,666.7034496614267
forecast_5129,2025-08-02 17:00:00,310.09726751736855,300.46046943414666,666.7034496614267
forecast_5130,2025-08-02 18:00:00,286.6111116228907,300.46046943414666,661.9602651746998
forecast_5131,2025-08-02 19:00:00,306.454877499435,330.01273720168257,667.1246106079412
forecast_5132,2025-08-02 20:00:00,488.9387244070026,337.894764601945,666.7034496614267
forecast_5133,2025-08-02 21:00:00,820.6805654612015,458.2822905672958,743.4147810986601
forecast_5134,2025-08-02 22:00:00,1777.9363268271823,1257.6678185045016,907.3411848263507
forecast_5135,2025-08-02 23:00:00,2573.4090737950232,2083.6136060778654,1208.4485407741988
forecast_5136,2025-08-03 00:00:00,4045.3214242955205,2795.0801696711205,2094.5358101233014
forecast_5137,2025-08-03 01:00:00,6655.662206556199,4361.460216979198,3189.753752942271
forecast_5138,2025-08-03 02:00:00,7303.017970758849,5860.98640986661,4094.427829348288
forecast_5139,2025-08-03 03:00:00,7207.640666542245,6063.361093532159,3946.128713734928
forecast_5140,2025-08-03 04:00:00,4527.189234607208,4900.834745763283,2131.456951864713
forecast_5141,2025-08-03 05:00:00,2856.7864327382404,2278.4544246180276,1189.4089686851246
forecast_5142,2025-08-03 06:00:00,1683.1522248628037,1045.5728487384722,796.3482059122924
forecast_5143,2025-08-03 07:00:00,400.5707070749747,440.3807002189392,659.4683576922671
forecast_5144,2025-08-03 08:00:00,260.0197302921102,297.6736743700793,657.7327777056947
forecast_5145,2025-08-03 09:00:00,254.18918597598145,296.2647745676504,657.7327777056947
forecast_5146,2025-08-03 10:00:00,253.0321259631641,296.2647745676504,657.7327777056947
forecast_5147,2025-08-03 11:00:00,253.0321259631641,296.2647745676504,657.7327777056947
forecast_5148,2025-08-03 12:00:00,254.18918597598145,295.809761683361,657.7327777056947
forecast_5149,2025-08-03 13:00:00,262.90575307011255,381.3704684089495,657.7327777056947
forecast_5150,2025-08-03 14:00:00,433.80690510430486,757.3801526113568,664.2115421789939
forecast_5151,2025-08-03 15:00:00,897.2449228750571,1474.136601507737,1077.8440627938
forecast_5152,2025-08-03 16:00:00,1959.599615572525,3486.929401131018,1280.7694747909022
forecast_5153,2025-08-03 17:00:00,2689.4755656502866,3883.694876677973,2054.8720973601066
forecast_5154,2025-08-03 18:00:00,3778.5613196901563,4838.060860326732,2081.7264424163977
forecast_5155,2025-08-03 19:00:00,5444.529933102475,6338.939845115818,3361.1418040604563
forecast_5156,2025-08-03 20:00:00,6605.972786959988,6176.126305227287,3733.0283086998033
forecast_5157,2025-08-03 21:00:00,4692.91243407113,5688.62490149835,3246.5760569213267
forecast_5158,2025-08-03 22:00:00,5563.98327963815,5594.152105979857,3988.0809111394606
forecast_5159,2025-08-03 23:00:00,4424.019334925046,6954.811523807036,4254.759151369824
forecast_5160,2025-08-04 00:00:00,5799.959918925688,7507.429945056079,4005.1009721873997
forecast_5161,2025-08-04 01:00:00,4468.2009486390425,7352.680092640539,3489.508310102979
forecast_5162,2025-08-04 02:00:00,4298.300510188603,7983.183269042672,3649.5552462008213
forecast_5163,2025-08-04 03:00:00,4312.288078676112,6780.420667664216,4019.4314834314455
forecast_5164,2025-08-04 04:00:00,4548.617698046383,7334.714184234139,3311.980806137988
forecast_5165,2025-08-04 05:00:00,5327.338936076002,8347.194036620229,4031.1880619373806
forecast_5166,2025-08-04 06:00:00,7212.435829844932,8647.598049575387,9032.201295017756
forecast_5167,2025-08-04 07:00:00,8383.645022277651,11296.281289419177,10738.677575144186
forecast_5168,2025-08-04 08:00:00,8255.353157851405,13699.916941456093,9257.531394956924
forecast_5169,2025-08-04 09:00:00,9276.232447268372,12984.545444362937,7865.309627774349
forecast_5170,2025-08-04 10:00:00,8321.195846942122,10690.545097336111,6205.095689961461
forecast_5171,2025-08-04 11:00:00,7332.4164005804705,9227.645442258083,5769.716023993282
forecast_5172,2025-08-04 12:00:00,6746.307027343309,7188.08831258101,5261.475411036938
forecast_5173,2025-08-04 13:00:00,4450.616784441933,6838.576791994395,4777.418890275735
forecast_5174,2025-08-04 14:00:00,4068.7213605092766,5426.0175982970995,4787.7731107185655
forecast_5175,2025-08-04 15:00:00,4034.610179967626,4140.800376132713,4871.040238115558
forecast_5176,2025-08-04 16:00:00,4761.150416071813,4223.097333752562,4908.0774847683115
forecast_5177,2025-08-04 17:00:00,4311.728063264907,4357.682235216424,4908.0774847683115
forecast_5178,2025-08-04 18:00:00,6692.832980285961,5122.664321424467,4889.515038884104
forecast_5179,2025-08-04 19:00:00,7287.034300493082,6199.534392296153,4534.528292503761
forecast_5180,2025-08-04 20:00:00,7340.614230160107,7338.241361088783,5078.655756848527
forecast_5181,2025-08-04 21:00:00,8036.481434660549,8937.883440115178,5380.339676950263
forecast_5182,2025-08-04 22:00:00,8091.625529133811,9481.239833416184,4886.558524794787
forecast_5183,2025-08-04 23:00:00,8142.885512223237,10343.658921178363,4889.971582334059
forecast_5184,2025-08-05 00:00:00,7569.528800404914,12572.254287286609,4901.401852642605
forecast_5185,2025-08-05 01:00:00,7086.106364247484,9684.381636751368,4966.598075796811
forecast_5186,2025-08-05 02:00:00,4917.244617230669,7788.405074280813,3695.527071173828
forecast_5187,2025-08-05 03:00:00,4425.777820880026,6533.102527442618,3464.8441942184845
forecast_5188,2025-08-05 04:00:00,4072.566050168204,4079.8588748714537,2851.3557757655117
forecast_5189,2025-08-05 05:00:00,3139.8522214067343,2870.0506667801574,1788.5348651797935
forecast_5190,2025-08-05 06:00:00,1708.0548269575097,1568.842279604915,1213.3895001055907
forecast_5191,2025-08-05 07:00:00,1420.7479088773025,1025.7132107849407,1146.2681702408395
forecast_5192,2025-08-05 08:00:00,1226.750443041563,1093.9969705445042,995.5472762680878
forecast_5193,2025-08-05 09:00:00,1065.9676577896266,1020.3121780282421,1040.1524034165236
forecast_5194,2025-08-05 10:00:00,1430.4337203159846,1628.9425200001745,1280.7471066757962
forecast_5195,2025-08-05 11:00:00,2370.209913076296,3239.634283839821,2282.082092056773
forecast_5196,2025-08-05 12:00:00,3615.3549196696317,3633.637449272951,3965.006110416535
forecast_5197,2025-08-05 13:00:00,5092.359011045913,5340.945160142519,4543.012760162859
forecast_5198,2025-08-05 14:00:00,6873.146240489363,7078.2557671012355,5042.753518973999
forecast_5199,2025-08-05 15:00:00,7437.562128697075,7179.538030265282,5557.5502132700985
forecast_5200,2025-08-05 16:00:00,8415.951371226412,7212.021487786141,5823.0564526685675
forecast_5201,2025-08-05 17:00:00,7779.451158188458,8062.1657802677855,6925.1044714465825
forecast_5202,2025-08-05 18:00:00,7774.9872365389065,7756.555454020878,7229.565912117585
forecast_5203,2025-08-05 19:00:00,7578.624655591711,8618.876405247454,7241.114435949477
forecast_5204,2025-08-05 20:00:00,8081.713075312191,9438.824814210328,7707.9436325108545
forecast_5205,2025-08-05 21:00:00,8742.82312573546,10236.60447742233,7671.613551664255
forecast_5206,2025-08-05 22:00:00,10609.493546944905,11625.578396149956,8594.117876661967
forecast_5207,2025-08-05 23:00:00,11699.390294895094,12959.357947900733,8963.46318515018
forecast_5208,2025-08-06 00:00:00,11590.701590531327,12553.424125730624,9752.018411104646
forecast_5209,2025-08-06 01:00:00,11951.078307673175,12605.81187737513,10080.86591013097
forecast_5210,2025-08-06 02:00:00,12260.908107323117,13079.564611968533,10643.740516415386
forecast_5211,2025-08-06 03:00:00,12363.518424185264,14174.906718824725,13426.206750950845
forecast_5212,2025-08-06 04:00:00,12653.00386902934,15869.092922048027,14295.034917851957
forecast_5213,2025-08-06 05:00:00,13401.041698827012,15542.871416729962,13403.173406270895
forecast_5214,2025-08-06 06:00:00,13938.314568932721,15224.3695414619,15423.82362459235
forecast_5215,2025-08-06 07:00:00,12926.693726751848,15216.297221612967,15016.653223632358
forecast_5216,2025-08-06 08:00:00,13067.767829062412,15646.36256708462,14081.384484677186
forecast_5217,2025-08-06 09:00:00,14817.713671240464,15686.621973288933,13464.311968711021
forecast_5218,2025-08-06 10:00:00,13167.486302376026,15736.252448641128,13237.781326414735
forecast_5219,2025-08-06 11:00:00,12318.921818162544,15717.233999030086,13941.113898549604
forecast_5220,2025-08-06 12:00:00,13058.178538029548,15636.31040217476,13356.879437530768
forecast_5221,2025-08-06 13:00:00,12830.54696451577,16518.769948511013,14559.93166702555
forecast_5222,2025-08-06 14:00:00,14082.344406865237,17043.867259414077,16873.30486997437
forecast_5223,2025-08-06 15:00:00,13199.590571624829,16066.120384325355,15903.506835482414
forecast_5224,2025-08-06 16:00:00,13556.50876403309,16607.30294301721,14973.357329704688
forecast_5225,2025-08-06 17:00:00,14922.219718935798,16364.460337125609,16698.50186801196
forecast_5226,2025-08-06 18:00:00,15181.653354392653,16513.830446635613,17204.452220006468
forecast_5227,2025-08-06 19:00:00,14712.691780072037,17023.810747630476,16604.528633392165
forecast_5228,2025-08-06 20:00:00,14955.460711528396,16004.49894582696,16811.6996518218
forecast_5229,2025-08-06 21:00:00,15151.535703451653,16769.029296603,17426.53392268993
forecast_5230,2025-08-06 22:00:00,14791.639402670346,17580.206024969324,14132.241822873732
forecast_5231,2025-08-06 23:00:00,15123.39151041034,17449.961766016368,16029.740625765751
forecast_5232,2025-08-07 00:00:00,15000.721837885629,17278.00571216492,16077.57527055476
forecast_5233,2025-08-07 01:00:00,14791.610881411068,17653.485780828916,16025.149112306151
forecast_5234,2025-08-07 02:00:00,15130.7813435836,17763.1106453926,17206.526949438572
forecast_5235,2025-08-07 03:00:00,14910.597998326659,17244.7471283251,16124.905996963924
forecast_5236,2025-08-07 04:00:00,14727.704493655352,16390.654046076514,15877.077554454645
forecast_5237,2025-08-07 05:00:00,14651.231489450915,16734.359523922314,14620.11281410747
forecast_5238,2025-08-07 06:00:00,14345.763046811353,15859.146603872072,14378.089190482797
forecast_5239,2025-08-07 07:00:00,13922.709190065385,14624.979188125633,11398.013021969975
forecast_5240,2025-08-07 08:00:00,12899.822092123122,12164.121833778781,9089.078158227538
forecast_5241,2025-08-07 09:00:00,10020.804677356075,9122.909103551085,7026.196408033468
forecast_5242,2025-08-07 10:00:00,6674.80088858004,6243.002249266168,3758.2810222789994
forecast_5243,2025-08-07 11:00:00,4642.892292215261,2966.467923771572,2046.7435333569788
forecast_5244,2025-08-07 12:00:00,2736.002732045405,1633.5949464873158,1288.1660540005767
forecast_5245,2025-08-07 13:00:00,1371.8649257063494,974.3108628894155,797.7218167444173
forecast_5246,2025-08-07 14:00:00,647.9589937763542,607.7676472010016,666.7034496614267
forecast_5247,2025-08-07 15:00:00,319.34752732043034,418.72787237082355,659.4683576922671
forecast_5248,2025-08-07 16:00:00,271.6131424457084,337.3809134716751,659.4683576922671
forecast_5249,2025-08-07 17:00:00,305.58808961538136,365.4089190360572,659.4683576922671
forecast_5250,2025-08-07 18:00:00,577.7611800893166,412.5536917612006,666.7034496614267
forecast_5251,2025-08-07 19:00:00,1272.6106145204103,1096.7253562466012,792.5574713111758
forecast_5252,2025-08-07 20:00:00,2677.0468307100796,3379.6859479554187,1443.299396174473
forecast_5253,2025-08-07 21:00:00,4317.687903442891,4441.664450839431,2562.9557551099156
forecast_5254,2025-08-07 22:00:00,4528.366973505631,5349.532941138381,3487.147552463431
forecast_5255,2025-08-07 23:00:00,7161.551229839225,6953.9486018528505,5384.809676092439
forecast_5256,2025-08-08 00:00:00,7363.584983817209,8387.661104565777,6099.9793571376285
forecast_5257,2025-08-08 01:00:00,7735.87427669311,8640.068136844518,6189.785137495653
forecast_5258,2025-08-08 02:00:00,7817.935744393706,8157.948270211191,6134.673332415496
forecast_5259,2025-08-08 03:00:00,7714.161148064108,7116.268224802996,5666.582727498653
forecast_5260,2025-08-08 04:00:00,5873.733827507347,5312.292328756709,4692.537216992653
forecast_5261,2025-08-08 05:00:00,4639.040951463968,4094.9359350279337,2715.9347703089816
forecast_5262,2025-08-08 06:00:00,3621.916351163316,2422.2411915621083,1410.2110019771653
forecast_5263,2025-08-08 07:00:00,1676.9676896696626,1505.3995081191251,860.2690189907613
forecast_5264,2025-08-08 08:00:00,942.8721766472036,575.4418246051232,666.7034496614267
forecast_5265,2025-08-08 09:00:00,288.1175936657858,309.0202758885677,659.4683576922671
forecast_5266,2025-08-08 10:00:00,254.18918597598145,297.6736743700793,659.4683576922671
forecast_5267,2025-08-08 11:00:00,254.18918597598145,298.12868725436874,659.4683576922671
forecast_5268,2025-08-08 12:00:00,253.0321259631641,296.37907316462713,657.7327777056947
forecast_5269,2025-08-08 13:00:00,253.0321259631641,296.2647745676504,657.7327777056947
forecast_5270,2025-08-08 14:00:00,253.0321259631641,296.37907316462713,657.7327777056947
forecast_5271,2025-08-08 15:00:00,253.0321259631641,296.2647745676504,657.7327777056947
forecast_5272,2025-08-08 16:00:00,253.0321259631641,296.2647745676504,657.7327777056947
forecast_5273,2025-08-08 17:00:00,253.0321259631641,296.2647745676504,657.7327777056947
forecast_5274,2025-08-08 18:00:00,253.0321259631641,296.2647745676504,657.7327777056947
forecast_5275,2025-08-08 19:00:00,253.0321259631641,296.2647745676504,657.7327777056947
forecast_5276,2025-08-08 20:00:00,253.0321259631641,296.2647745676504,657.7327777056947
forecast_5277,2025-08-08 21:00:00,254.18918597598145,295.809761683361,657.7327777056947
forecast_5278,2025-08-08 22:00:00,347.1311657404823,361.7239822534933,659.4683576922671
forecast_5279,2025-08-08 23:00:00,1074.383663072937,878.0256851262217,903.8375835687335
forecast_5280,2025-08-09 00:00:00,1550.8744024345601,1162.80359665983,1102.5264407902955
forecast_5281,2025-08-09 01:00:00,1715.692459821155,1216.6380294973555,1057.218826207045
forecast_5282,2025-08-09 02:00:00,1904.1422020948398,1549.1151324511636,2082.1499524863807
forecast_5283,2025-08-09 03:00:00,2510.97141349643,2343.5126707219706,1275.418599259636
forecast_5284,2025-08-09 04:00:00,4148.029384392906,3231.176742127565,2131.1944476726194
forecast_5285,2025-08-09 05:00:00,6683.230562676923,4734.40122232969,3312.299777188542
forecast_5286,2025-08-09 06:00:00,4618.169276586965,4695.53495498888,3225.5220845868635
forecast_5287,2025-08-09 07:00:00,3711.9159080134186,4118.77559125086,2134.696470517277
forecast_5288,2025-08-09 08:00:00,3005.035831455745,2589.647013072554,1212.6112324167498
forecast_5289,2025-08-09 09:00:00,2522.4697950843533,1809.8362527199492,1190.5150237014805
forecast_5290,2025-08-09 10:00:00,2745.016975978458,1691.5091250127402,1227.230083491963
forecast_5291,2025-08-09 11:00:00,3016.8212815728925,2741.5270069804014,1980.1510720975434
forecast_5292,2025-08-09 12:00:00,2049.494089979946,1825.6300730328944,1163.5661130492954
forecast_5293,2025-08-09 13:00:00,851.5745980026161,1105.5765365907505,797.7218167444173
forecast_5294,2025-08-09 14:00:00,356.6497063935252,495.9937587903707,664.2115421789939
forecast_5295,2025-08-09 15:00:00,341.57028677607894,407.39324961093195,664.2115421789939
forecast_5296,2025-08-09 16:00:00,627.8412346964658,512.6028447139015,666.7034496614267
forecast_5297,2025-08-09 17:00:00,782.0329897576983,977.1736157281973,853.3124732634827
forecast_5298,2025-08-09 18:00:00,1001.3979526941582,1136.0637939898368,1051.5824706124138
forecast_5299,2025-08-09 19:00:00,707.1739137826646,1146.7564870108888,1014.6049345740226
forecast_5300,2025-08-09 20:00:00,813.5955955842185,1121.3024669096717,907.3411848263507
forecast_5301,2025-08-09 21:00:00,1014.3021004669187,975.4709833406681,806.8515339651542
forecast_5302,2025-08-09 22:00:00,1003.8107868111429,919.665336990706,903.8375835687335
forecast_5303,2025-08-09 23:00:00,856.2087067292925,645.1542897592514,853.3124732634827
forecast_5304,2025-08-10 00:00:00,715.3588451230129,532.3546688260661,722.7152671270067
forecast_5305,2025-08-10 01:00:00,755.5326355366602,553.4265290916198,659.4683576922671
forecast_5306,2025-08-10 02:00:00,747.478983678149,656.8816676031512,657.7327777056947
forecast_5307,2025-08-10 03:00:00,842.2529816049698,928.605176208788,657.7327777056947
forecast_5308,2025-08-10 04:00:00,797.876233395689,923.5289446711183,657.7327777056947
forecast_5309,2025-08-10 05:00:00,1177.8131842885662,1069.1381920916474,659.4683576922671
forecast_5310,2025-08-10 06:00:00,1685.1581376630825,1331.5382903859531,661.9602651746998
forecast_5311,2025-08-10 07:00:00,1621.3736297303562,1314.591388879692,661.9602651746998
forecast_5312,2025-08-10 08:00:00,928.8865023528866,973.9710887729625,661.9602651746998
forecast_5313,2025-08-10 09:00:00,760.3135450189438,818.5811870826649,661.9602651746998
forecast_5314,2025-08-10 10:00:00,717.1473234434387,824.3687743176126,666.7034496614267
forecast_5315,2025-08-10 11:00:00,636.269075804131,824.3687743176126,765.9207850944013
forecast_5316,2025-08-10 12:00:00,630.807896223397,788.153439145243,903.8375835687335
forecast_5317,2025-08-10 13:00:00,609.2855083738962,791.3259046779249,903.8375835687335
forecast_5318,2025-08-10 14:00:00,545.1913385019677,666.0587019377551,853.3124732634827
forecast_5319,2025-08-10 15:00:00,306.9342382727149,505.75830081728856,776.6011418262494
forecast_5320,2025-08-10 16:00:00,277.3957856198398,361.59991445144243,661.9602651746998
forecast_5321,2025-08-10 17:00:00,254.18918597598145,297.6736743700793,661.9602651746998
forecast_5322,2025-08-10 18:00:00,253.0321259631641,296.2647745676504,657.7327777056947
forecast_5323,2025-08-10 19:00:00,253.0321259631641,296.2647745676504,657.7327777056947
forecast_5324,2025-08-10 20:00:00,253.0321259631641,296.2647745676504,657.7327777056947
forecast_5325,2025-08-10 21:00:00,254.18918597598145,296.2647745676504,657.7327777056947
forecast_5326,2025-08-10 22:00:00,254.18918597598145,296.37907316462713,657.7327777056947
forecast_5327,2025-08-10 23:00:00,254.18918597598145,296.37907316462713,657.7327777056947
forecast_5328,2025-08-11 00:00:00,260.0197302921102,296.37907316462713,657.7327777056947
forecast_5329,2025-08-11 01:00:00,262.90575307011255,296.37907316462713,657.7327777056947
forecast_5330,2025-08-11 02:00:00,262.90575307011255,295.1569996179834,657.7327777056947
forecast_5331,2025-08-11 03:00:00,279.87603860082885,306.04858825218236,657.7327777056947
forecast_5332,2025-08-11 04:00:00,304.95823860488616,372.82974175141953,657.7327777056947
forecast_5333,2025-08-11 05:00:00,299.7818534428892,378.49001921162574,657.7327777056947
forecast_5334,2025-08-11 06:00:00,262.90575307011255,324.5399484042596,657.7327777056947
forecast_5335,2025-08-11 07:00:00,262.90575307011255,298.6074068888091,657.7327777056947
forecast_5336,2025-08-11 08:00:00,254.18918597598145,296.2647745676504,657.7327777056947
forecast_5337,2025-08-11 09:00:00,254.18918597598145,296.2647745676504,657.7327777056947
forecast_5338,2025-08-11 10:00:00,253.0321259631641,296.2647745676504,657.7327777056947
forecast_5339,2025-08-11 11:00:00,253.0321259631641,296.2647745676504,657.7327777056947
forecast_5340,2025-08-11 12:00:00,253.0321259631641,296.2647745676504,657.7327777056947
forecast_5341,2025-08-11 13:00:00,253.0321259631641,296.2647745676504,657.7327777056947
forecast_5342,2025-08-11 14:00:00,253.0321259631641,296.2647745676504,657.7327777056947
forecast_5343,2025-08-11 15:00:00,253.0321259631641,296.2647745676504,657.7327777056947
forecast_5344,2025-08-11 16:00:00,253.0321259631641,296.2647745676504,657.7327777056947
forecast_5345,2025-08-11 17:00:00,253.0321259631641,296.2647745676504,657.7327777056947
forecast_5346,2025-08-11 18:00:00,253.0321259631641,296.2647745676504,657.7327777056947
forecast_5347,2025-08-11 19:00:00,253.0321259631641,296.2647745676504,657.7327777056947
forecast_5348,2025-08-11 20:00:00,253.0321259631641,296.2647745676504,657.7327777056947
forecast_5349,2025-08-11 21:00:00,253.0321259631641,296.37907316462713,657.7327777056947
forecast_5350,2025-08-11 22:00:00,254.18918597598145,296.2647745676504,657.7327777056947
forecast_5351,2025-08-11 23:00:00,254.18918597598145,296.2647745676504,657.7327777056947
forecast_5352,2025-08-12 00:00:00,341.7012328943898,315.33272418078985,664.2115421789939
forecast_5353,2025-08-12 01:00:00,693.6863888249331,387.38036547750164,727.4584516137336
forecast_5354,2025-08-12 02:00:00,1980.245070587657,1464.5908942110887,1035.7962357305341
forecast_5355,2025-08-12 03:00:00,3106.055041372191,3526.771935865835,1962.635207207626
forecast_5356,2025-08-12 04:00:00,3041.4417953992092,3760.801332653801,1935.1250487061777
forecast_5357,2025-08-12 05:00:00,2012.1058101394924,2213.617237084859,1085.1594478789807
forecast_5358,2025-08-12 06:00:00,1238.4688537266325,1626.488504652259,686.4505137474697
forecast_5359,2025-08-12 07:00:00,708.2651818851135,955.8954188326545,664.2115421789939
forecast_5360,2025-08-12 08:00:00,348.25997434256595,577.5228297383476,659.4683576922671
forecast_5361,2025-08-12 09:00:00,286.9235664993636,387.099131952104,659.4683576922671
forecast_5362,2025-08-12 10:00:00,262.90575307011255,334.9556766090765,659.4683576922671
forecast_5363,2025-08-12 11:00:00,262.90575307011255,378.4097590231892,661.9602651746998
forecast_5364,2025-08-12 12:00:00,260.0197302921102,361.2149911405422,661.9602651746998
forecast_5365,2025-08-12 13:00:00,254.18918597598145,348.89624328393785,661.9602651746998
forecast_5366,2025-08-12 14:00:00,253.0321259631641,345.71434331674425,667.1246106079412
forecast_5367,2025-08-12 15:00:00,253.0321259631641,340.1004012453741,667.1246106079412
forecast_5368,2025-08-12 16:00:00,253.0321259631641,329.84718028596035,661.9602651746998
forecast_5369,2025-08-12 17:00:00,254.18918597598145,297.6736743700793,666.7034496614267
forecast_5370,2025-08-12 18:00:00,335.7398124005664,340.3484715505327,664.2115421789939
forecast_5371,2025-08-12 19:00:00,885.9994512403448,531.6118679385625,827.1262521315
forecast_5372,2025-08-12 20:00:00,1243.1267672773376,1054.9121352812363,853.3124732634827
forecast_5373,2025-08-12 21:00:00,1903.1667005785912,1977.5788407517139,978.1557426628744
forecast_5374,2025-08-12 22:00:00,2239.646860733968,3490.9231928097806,1052.9745073069478
forecast_5375,2025-08-12 23:00:00,3201.0320812057503,4000.43781418502,1304.7276380962624
forecast_5376,2025-08-13 00:00:00,3432.4130536800185,3842.064485539712,2094.526287017679
forecast_5377,2025-08-13 01:00:00,3486.1265849769725,2600.479266017767,2096.512973690442
forecast_5378,2025-08-13 02:00:00,3468.2399818914673,2457.716338008325,1469.6751671308618
forecast_5379,2025-08-13 03:00:00,4080.128589111139,3719.78543814537,1378.0455167350124
forecast_5380,2025-08-13 04:00:00,3614.052512096656,3899.916284137313,1317.723311441638
forecast_5381,2025-08-13 05:00:00,3537.3351824956417,3886.373111629102,1267.2540239253983
forecast_5382,2025-08-13 06:00:00,4305.49456690346,3983.610661543392,2210.4307836755042
forecast_5383,2025-08-13 07:00:00,6061.952972856331,6156.144280176768,3381.990580716111
forecast_5384,2025-08-13 08:00:00,7689.685978262688,7989.7401933520305,5078.446312878665
forecast_5385,2025-08-13 09:00:00,9845.24197374245,10014.785789760335,6343.595225003781
forecast_5386,2025-08-13 10:00:00,8929.193159863014,11730.268984316544,7607.469562849566
forecast_5387,2025-08-13 11:00:00,8857.677721026279,13749.901686857047,7735.264323518352
forecast_5388,2025-08-13 12:00:00,8164.786242718861,11058.909186929193,7498.935496963619
forecast_5389,2025-08-13 13:00:00,7646.7352055141555,12021.710826649602,7438.152054108604
forecast_5390,2025-08-13 14:00:00,7200.276698037773,9886.852572823973,7236.871510259125
forecast_5391,2025-08-13 15:00:00,7111.234573254153,9370.500927154455,7489.147664561722
forecast_5392,2025-08-13 16:00:00,7109.207680830984,9096.357796142023,7728.015444754092
forecast_5393,2025-08-13 17:00:00,7966.434077856038,10869.634480089993,8533.367026505695
forecast_5394,2025-08-13 18:00:00,9944.134828569859,14195.353489265686,13825.566132955206
forecast_5395,2025-08-13 19:00:00,11789.426540233257,14334.522546706256,15128.722700460372
forecast_5396,2025-08-13 20:00:00,14145.808377112835,16350.165655411654,14185.175663365813
forecast_5397,2025-08-13 21:00:00,15385.449910587737,17903.68613978585,15970.314901535672
forecast_5398,2025-08-13 22:00:00,16046.132994241143,18418.123475993787,18906.690973520446
forecast_5399,2025-08-13 23:00:00,15929.433455902501,18781.503523528383,19031.670326342184
forecast_5400,2025-08-14 00:00:00,16147.55381629959,18826.13117530564,19247.636829987347
forecast_5401,2025-08-14 01:00:00,16670.28714883689,18800.005818919944,19294.80310381357
forecast_5402,2025-08-14 02:00:00,16613.99387081359,18743.764699549647,19140.661468491104
forecast_5403,2025-08-14 03:00:00,16524.514056816144,18461.635093849065,18911.487625294616
forecast_5404,2025-08-14 04:00:00,14956.961555617778,18004.305999243115,17793.34928526934
forecast_5405,2025-08-14 05:00:00,15168.98548646898,18169.298870570467,16219.134588413115
forecast_5406,2025-08-14 06:00:00,14671.985062644704,17836.873437957143,15435.69631717094
forecast_5407,2025-08-14 07:00:00,14413.261977613563,17506.36384856861,14439.91631104591
forecast_5408,2025-08-14 08:00:00,14423.700961131453,16832.27496762919,15757.886045322899
forecast_5409,2025-08-14 09:00:00,15170.085798240552,15541.739906285313,13712.879770539144
forecast_5410,2025-08-14 10:00:00,14067.836901650104,13823.970364519042,11913.156277789938
forecast_5411,2025-08-14 11:00:00,12890.424987403005,12519.043402896534,10739.932475882753
forecast_5412,2025-08-14 12:00:00,11164.902776118628,11701.880682242567,10730.949163052801
forecast_5413,2025-08-14 13:00:00,10070.780012401392,11857.616651600449,11852.545086983188
forecast_5414,2025-08-14 14:00:00,10647.831685003686,12773.025225280859,12585.068541930033
forecast_5415,2025-08-14 15:00:00,10978.940701497811,12001.895836149206,13106.67599339317
forecast_5416,2025-08-14 16:00:00,12592.248117225041,13253.063756701953,13154.756248469877
forecast_5417,2025-08-14 17:00:00,14395.569457881362,13848.539596689447,12899.849997211772
forecast_5418,2025-08-14 18:00:00,14549.491697568152,14358.077329181728,12843.93980944405
forecast_5419,2025-08-14 19:00:00,13669.600123968912,14552.29689330597,13342.47352905133
forecast_5420,2025-08-14 20:00:00,14465.631720483574,15026.926466018946,14583.754192350807
forecast_5421,2025-08-14 21:00:00,13893.402393441891,15083.677460401159,14665.427381534424
forecast_5422,2025-08-14 22:00:00,14552.49854481898,16097.681579224716,14017.239224868055
forecast_5423,2025-08-14 23:00:00,13832.57932345731,15953.041660986677,13707.965972515958
forecast_5424,2025-08-15 00:00:00,13483.1627358452,15775.498272471197,12839.000751936746
forecast_5425,2025-08-15 01:00:00,13945.122780353622,14837.099827873066,9742.036217349068
forecast_5426,2025-08-15 02:00:00,13888.19786134108,14189.30909565468,8776.907425806658
forecast_5427,2025-08-15 03:00:00,12597.870438286724,14164.916526516192,8539.575780837482
forecast_5428,2025-08-15 04:00:00,12145.07683883475,14173.033403730276,8645.387039869065
forecast_5429,2025-08-15 05:00:00,11996.968645888317,13031.64298047889,7973.990616539317
forecast_5430,2025-08-15 06:00:00,9259.600160024627,8617.1989275308,7214.29306965071
forecast_5431,2025-08-15 07:00:00,7762.461515882007,7034.29956223985,4934.150463022468
forecast_5432,2025-08-15 08:00:00,4961.073329026747,4853.022371235839,3128.082929307823
forecast_5433,2025-08-15 09:00:00,2839.510002335885,2172.8982619461285,1320.1519022853722
forecast_5434,2025-08-15 10:00:00,1602.3573491092811,1124.6467242147612,1194.0186249590977
forecast_5435,2025-08-15 11:00:00,689.4861570477419,570.1620856943215,903.8375835687335
forecast_5436,2025-08-15 12:00:00,806.0979524730668,405.6419000559583,721.0104853071839
forecast_5437,2025-08-15 13:00:00,796.1135648730173,498.02010292228096,797.7218167444173
forecast_5438,2025-08-15 14:00:00,895.4317959962297,808.5332512192574,903.8375835687335
forecast_5439,2025-08-15 15:00:00,1111.678743731983,958.8261408303039,981.6593439204917
forecast_5440,2025-08-15 16:00:00,1065.7568847424986,1249.4542868009612,899.4238444087414
forecast_5441,2025-08-15 17:00:00,918.6878676243108,1517.8408770133572,827.1262521315
forecast_5442,2025-08-15 18:00:00,916.3151926670486,1562.897649309511,978.1557426628744
forecast_5443,2025-08-15 19:00:00,1384.1479661520057,2263.4819661524207,1212.6112324167498
forecast_5444,2025-08-15 20:00:00,2640.482212981945,3588.6582480660572,1490.7932058301362
forecast_5445,2025-08-15 21:00:00,3957.74524465133,4404.866575523947,3093.1346672707286
forecast_5446,2025-08-15 22:00:00,6900.445662515621,6925.093562275363,5605.3014748281985
forecast_5447,2025-08-15 23:00:00,8686.67666078481,8799.375391066898,7898.504705164698
forecast_5448,2025-08-16 00:00:00,10586.722703308094,10811.719700113621,9343.187014072286
forecast_5449,2025-08-16 01:00:00,11583.289592343626,13200.702615439252,9565.772144505769
forecast_5450,2025-08-16 02:00:00,12230.045154529467,12492.4609717095,9501.331126410018
forecast_5451,2025-08-16 03:00:00,12284.578116460578,12443.16621872982,9290.376892117118
forecast_5452,2025-08-16 04:00:00,12263.393116458337,12473.946673264141,9950.751884744703
forecast_5453,2025-08-16 05:00:00,11935.279094570515,12638.853034354877,9545.766408218406
forecast_5454,2025-08-16 06:00:00,11848.32973128019,12999.978508316868,9175.995294415623
forecast_5455,2025-08-16 07:00:00,12333.513951649933,12944.586555119757,8112.656509025114
forecast_5456,2025-08-16 08:00:00,11275.655084632981,10885.557285038129,7217.229742149405
forecast_5457,2025-08-16 09:00:00,9528.661166784592,8937.681006895826,6155.893457781634
forecast_5458,2025-08-16 10:00:00,6961.26739907133,6517.938568489213,5473.399776132566
forecast_5459,2025-08-16 11:00:00,6560.14299610805,4782.881889177084,5244.95241108795
forecast_5460,2025-08-16 12:00:00,7018.2068805658655,5508.847041563453,5457.362064428389
forecast_5461,2025-08-16 13:00:00,7418.347766158186,6789.660935941528,5302.711905686956
forecast_5462,2025-08-16 14:00:00,7753.141858903788,7157.907882784061,5812.984930128652
forecast_5463,2025-08-16 15:00:00,7894.060059252073,8276.890626847044,7223.901852544649
forecast_5464,2025-08-16 16:00:00,8125.47032706675,9099.617553395929,7692.49002559078
forecast_5465,2025-08-16 17:00:00,8809.877859921415,9425.599723948297,9289.697197782853
forecast_5466,2025-08-16 18:00:00,11451.690833786244,11716.621045828328,12612.871183240979
forecast_5467,2025-08-16 19:00:00,12604.539754733994,13916.843775707475,13688.12356057993
forecast_5468,2025-08-16 20:00:00,13761.367926562962,15662.377255721858,15363.061671916503
forecast_5469,2025-08-16 21:00:00,14012.90425450278,17487.398632013843,16317.48583523875
forecast_5470,2025-08-16 22:00:00,16091.87018439019,18099.809556620334,15923.947331521344
forecast_5471,2025-08-16 23:00:00,18067.358685526844,18321.77278365903,16070.458234206966
forecast_5472,2025-08-17 00:00:00,17907.423366137104,18213.0053481798,16203.848157175398
forecast_5473,2025-08-17 01:00:00,18365.909120805598,18006.759338357453,16799.01243011513
forecast_5474,2025-08-17 02:00:00,18493.61145593449,18150.29111514352,16630.774276432265
forecast_5475,2025-08-17 03:00:00,18482.82574312783,18097.354629957827,15659.151771625606
forecast_5476,2025-08-17 04:00:00,18675.37707331946,17955.875544866976,15759.325733846821
forecast_5477,2025-08-17 05:00:00,18653.93148166447,18033.85390238442,16594.162621519423
forecast_5478,2025-08-17 06:00:00,18419.14433308156,18222.780721920262,16105.455363242843
forecast_5479,2025-08-17 07:00:00,17319.810202334054,17695.922407520455,12716.138005088264
forecast_5480,2025-08-17 08:00:00,15286.675130928099,16892.088380641762,12328.638234070093
forecast_5481,2025-08-17 09:00:00,12031.15753548998,14692.97995283367,10168.517318763832
forecast_5482,2025-08-17 10:00:00,9180.745635076959,10816.850318903953,8155.7257569837075
forecast_5483,2025-08-17 11:00:00,7773.223196961941,8725.637911959779,6144.407185204547
forecast_5484,2025-08-17 12:00:00,6992.704970672846,6886.625358945914,4472.5652249497925
forecast_5485,2025-08-17 13:00:00,5396.266845907248,5587.167611105333,3234.231671828529
forecast_5486,2025-08-17 14:00:00,5339.683771470792,4540.949751725155,3457.58183956239
forecast_5487,2025-08-17 15:00:00,6200.606897861038,5436.7503648217635,3808.0503853870105
forecast_5488,2025-08-17 16:00:00,6666.784999873246,6063.482573440823,3798.7599236205942
forecast_5489,2025-08-17 17:00:00,6398.488598422049,5138.8500895067655,4015.0414749288293
forecast_5490,2025-08-17 18:00:00,7590.561368516193,5061.753554931034,4703.625930726381
forecast_5491,2025-08-17 19:00:00,8810.780871880532,7262.113880051978,6034.483145562488
forecast_5492,2025-08-17 20:00:00,8977.449830760666,8937.305320338215,7367.826713926557
forecast_5493,2025-08-17 21:00:00,10121.939497920259,10263.383794932524,7394.481037041873
forecast_5494,2025-08-17 22:00:00,10564.419899536984,10321.046198174174,7471.955297965668
forecast_5495,2025-08-17 23:00:00,9761.651837231502,10229.12188243963,6126.52697625006
forecast_5496,2025-08-18 00:00:00,10686.483435683405,10862.015233789582,7460.028820259708
forecast_5497,2025-08-18 01:00:00,11822.856529119512,11359.670722903318,8540.68622291462
forecast_5498,2025-08-18 02:00:00,11483.184143299757,11207.130657178031,8265.899557446397
forecast_5499,2025-08-18 03:00:00,12406.260332532134,12775.728457111647,8221.290518222455
forecast_5500,2025-08-18 04:00:00,13274.255591165778,13783.992786731294,8797.150727236369
forecast_5501,2025-08-18 05:00:00,12750.428728782723,13411.69866145667,9190.112575544657
forecast_5502,2025-08-18 06:00:00,12451.93445174856,12992.831917997455,8995.757169034106
forecast_5503,2025-08-18 07:00:00,12249.798317956225,13485.495011706953,9065.014399624448
forecast_5504,2025-08-18 08:00:00,11342.873383966074,13034.450773616238,8044.804105825776
forecast_5505,2025-08-18 09:00:00,10655.3589666157,10961.755538800198,6427.057489862635
forecast_5506,2025-08-18 10:00:00,8774.68730454606,9215.948483359962,7040.274452296387
forecast_5507,2025-08-18 11:00:00,7618.350814847581,8105.562766819375,4945.301656189716
forecast_5508,2025-08-18 12:00:00,7230.184165780159,6941.321587259018,4801.260373306653
forecast_5509,2025-08-18 13:00:00,5737.4873671401665,6696.752114275785,4634.213284252543
forecast_5510,2025-08-18 14:00:00,6733.9466757845685,6121.552481357264,4916.497510982619
forecast_5511,2025-08-18 15:00:00,6733.251126914694,6653.039773167761,5293.566722923051
forecast_5512,2025-08-18 16:00:00,7148.824970851009,7201.399190258965,5354.590023138198
forecast_5513,2025-08-18 17:00:00,7439.297860024186,7510.177528931864,7027.645564886098
forecast_5514,2025-08-18 18:00:00,8352.54607891972,8457.583471871127,8099.91072508621
forecast_5515,2025-08-18 19:00:00,10483.994558106268,10774.124547641817,9225.83500505836
forecast_5516,2025-08-18 20:00:00,11118.495061060003,13479.736491045245,11380.260931165172
forecast_5517,2025-08-18 21:00:00,13266.914190977634,14605.447116859132,13860.070339383437
forecast_5518,2025-08-18 22:00:00,13238.772989831099,14575.413300614618,14955.645378499054
forecast_5519,2025-08-18 23:00:00,13600.22022379284,15390.153451368305,15038.637302239522
forecast_5520,2025-08-19 00:00:00,15537.146927909023,15666.04392866278,14940.971850250848
forecast_5521,2025-08-19 01:00:00,15491.91094299188,17580.429084664716,15916.27931660052
forecast_5522,2025-08-19 02:00:00,15553.65742999794,17971.52375383674,15520.046398189263
forecast_5523,2025-08-19 03:00:00,16453.852570302617,18095.725079237014,15203.710875449473
forecast_5524,2025-08-19 04:00:00,15773.559532945237,17897.909488236743,15685.158883501466
forecast_5525,2025-08-19 05:00:00,15548.673611536778,17978.47743550155,15771.453216497588
forecast_5526,2025-08-19 06:00:00,15117.64759195254,17880.540031448163,15457.408704013356
forecast_5527,2025-08-19 07:00:00,15294.55808553904,17744.705247729667,15968.931019835483
forecast_5528,2025-08-19 08:00:00,14991.932927656522,18179.65797483404,16639.605751169667
forecast_5529,2025-08-19 09:00:00,14631.482622108811,17507.0611207483,16334.008033029659
forecast_5530,2025-08-19 10:00:00,12909.157373849386,15857.917399074508,13430.54212142966
forecast_5531,2025-08-19 11:00:00,11724.795125397279,15450.87471149216,13844.691591946601
forecast_5532,2025-08-19 12:00:00,11967.121352878077,14216.511949864765,13458.625876440618
forecast_5533,2025-08-19 13:00:00,11861.631290966174,12386.87680132783,12690.4791063072
forecast_5534,2025-08-19 14:00:00,10878.517989292435,12097.924997159022,12524.189158280258
forecast_5535,2025-08-19 15:00:00,10750.388071495856,11781.980742620433,11117.395354249373
forecast_5536,2025-08-19 16:00:00,11066.927162809186,11332.110263498911,12008.547904112744
forecast_5537,2025-08-19 17:00:00,11512.348636495368,11613.957386404229,11211.57504621542
forecast_5538,2025-08-19 18:00:00,11347.957955231126,12457.022061698955,12158.153268825801
forecast_5539,2025-08-19 19:00:00,12203.539084222424,14856.428216668117,13303.304187872007
forecast_5540,2025-08-19 20:00:00,13316.95080374479,16643.341982540784,15060.610005340746
forecast_5541,2025-08-19 21:00:00,13915.48779600082,16439.25737721315,14387.499358381983
forecast_5542,2025-08-19 22:00:00,15815.927511383929,17266.269957058048,14379.278466825508
forecast_5543,2025-08-19 23:00:00,16513.665505753474,18242.12987777878,15832.889048097863
forecast_5544,2025-08-20 00:00:00,15096.452929944562,18175.02926009784,18240.992478475146
forecast_5545,2025-08-20 01:00:00,16379.802438198249,18344.52689719835,17689.261599943864
forecast_5546,2025-08-20 02:00:00,15976.825523512773,18511.115560487633,18137.673580359704
forecast_5547,2025-08-20 03:00:00,16080.145639387862,18478.988851977163,17780.023000970836
forecast_5548,2025-08-20 04:00:00,15478.560335571883,18429.82655314407,18246.782230300953
forecast_5549,2025-08-20 05:00:00,16392.93669782769,18196.756131282662,17619.12670132316
forecast_5550,2025-08-20 06:00:00,16649.79993234996,18344.950168298485,15654.89494029128
forecast_5551,2025-08-20 07:00:00,16897.98155096798,18206.186910721153,15567.474304450112
forecast_5552,2025-08-20 08:00:00,15506.948207296227,16787.96186464026,14344.115143470186
forecast_5553,2025-08-20 09:00:00,12372.621982033952,15150.521289262586,11260.489147216682
forecast_5554,2025-08-20 10:00:00,9481.167325096876,11570.542509714802,8800.867390732707
forecast_5555,2025-08-20 11:00:00,7968.919966893156,9443.105105944833,7170.716170800139
forecast_5556,2025-08-20 12:00:00,6894.120538335299,8458.015290489418,5802.066593512453
forecast_5557,2025-08-20 13:00:00,6236.940215446051,6683.108095155655,5337.219374975682
forecast_5558,2025-08-20 14:00:00,5070.088918305462,6215.970119232059,5177.871428098179
forecast_5559,2025-08-20 15:00:00,4308.245423469839,5453.952583597976,4501.424662490132
forecast_5560,2025-08-20 16:00:00,4287.310533449381,4589.752632780603,4656.658416921961
forecast_5561,2025-08-20 17:00:00,6435.018991235587,4762.448452466956,5253.702488122818
forecast_5562,2025-08-20 18:00:00,6439.795750448284,5576.695450161473,5989.516438281566
forecast_5563,2025-08-20 19:00:00,7474.167239552468,7480.9177649009725,7355.548638479902
forecast_5564,2025-08-20 20:00:00,8644.378453166588,9542.433017193256,6860.861257305177
forecast_5565,2025-08-20 21:00:00,10047.865802715007,11431.908373581351,6456.677752317629
forecast_5566,2025-08-20 22:00:00,10815.605228055236,14279.939344800874,9677.140550248143
forecast_5567,2025-08-20 23:00:00,12226.421650619646,13507.781101852306,9834.112297862743
forecast_5568,2025-08-21 00:00:00,13010.956015530604,14232.273399982707,9777.0003794821
forecast_5569,2025-08-21 01:00:00,13361.951212152027,14824.96129272588,10404.364914534237
forecast_5570,2025-08-21 02:00:00,14716.26651126098,16460.931967062752,13117.571459681207
forecast_5571,2025-08-21 03:00:00,15465.782350018879,16153.419235805719,12531.003908120665
forecast_5572,2025-08-21 04:00:00,15471.46131721733,15201.089094235856,13108.211594020197
forecast_5573,2025-08-21 05:00:00,14695.893669693343,13508.776096672704,14086.572245515452
forecast_5574,2025-08-21 06:00:00,13024.873104051809,13303.972817277318,10875.940453401274
forecast_5575,2025-08-21 07:00:00,9310.570620736258,8800.60365153942,6912.644166468826
forecast_5576,2025-08-21 08:00:00,5688.669161943016,6182.089145090478,4105.111816247205
forecast_5577,2025-08-21 09:00:00,3912.4629347668874,3023.9969571697134,1384.7864463253395
forecast_5578,2025-08-21 10:00:00,1762.6833831569206,1171.950934178295,1200.868667148242
forecast_5579,2025-08-21 11:00:00,1109.649774445794,529.1552636927016,853.3124732634827
forecast_5580,2025-08-21 12:00:00,644.6584923357174,325.9958877748548,666.7034496614267
forecast_5581,2025-08-21 13:00:00,301.6625893594652,300.46046943414666,661.9602651746998
forecast_5582,2025-08-21 14:00:00,254.18918597598145,296.37907316462713,659.4683576922671
forecast_5583,2025-08-21 15:00:00,254.18918597598145,296.2647745676504,657.7327777056947
forecast_5584,2025-08-21 16:00:00,254.18918597598145,296.37907316462713,657.7327777056947
forecast_5585,2025-08-21 17:00:00,254.18918597598145,296.2647745676504,657.7327777056947
forecast_5586,2025-08-21 18:00:00,254.18918597598145,296.2647745676504,657.7327777056947
forecast_5587,2025-08-21 19:00:00,281.0700657672511,297.6736743700793,659.4683576922671
forecast_5588,2025-08-21 20:00:00,341.51791959199807,383.45264427684396,659.4683576922671
forecast_5589,2025-08-21 21:00:00,739.7492936726379,651.8408276406941,735.5932039599854
forecast_5590,2025-08-21 22:00:00,1812.081463148818,1378.1950323462493,1027.6019391919476
forecast_5591,2025-08-21 23:00:00,2807.192664721095,1970.7961268787017,1316.6654838919626
forecast_5592,2025-08-22 00:00:00,3158.292446475932,2643.515119602595,2167.7848647145843
forecast_5593,2025-08-22 01:00:00,3922.4927775679726,2812.169019923255,2535.8301338613137
forecast_5594,2025-08-22 02:00:00,4593.515609149046,4179.050958805386,3240.368772066502
forecast_5595,2025-08-22 03:00:00,5641.597493208968,6063.920855126233,4576.194467674655
forecast_5596,2025-08-22 04:00:00,8584.70312232863,8394.775550443506,6029.089459628481
forecast_5597,2025-08-22 05:00:00,8910.029656947234,10273.363330301514,7297.3846347062845
forecast_5598,2025-08-22 06:00:00,10374.378012861947,11748.380970417193,8463.02706088289
forecast_5599,2025-08-22 07:00:00,12119.083735485032,12197.19214179574,7983.846814027956
forecast_5600,2025-08-22 08:00:00,10522.053932666138,10781.075646065881,7206.8755217065755
forecast_5601,2025-08-22 09:00:00,9306.239058895746,8648.362230054288,5672.268781350941
forecast_5602,2025-08-22 10:00:00,7130.688220878404,6015.930421023496,4159.155148831564
forecast_5603,2025-08-22 11:00:00,3861.064345345435,4264.866378546633,2787.1742378215695
forecast_5604,2025-08-22 12:00:00,2527.0273681956737,2978.9375638682823,1670.237809191594
forecast_5605,2025-08-22 13:00:00,2821.470305399298,2784.1950636078327,2130.0735545504294
forecast_5606,2025-08-22 14:00:00,3116.8179398987645,3107.260213761378,2741.3879523898395
forecast_5607,2025-08-22 15:00:00,3564.4312951158695,3479.9879598001817,3598.9132687480937
forecast_5608,2025-08-22 16:00:00,4031.0037179972874,3677.952979563705,4530.467285347712
forecast_5609,2025-08-22 17:00:00,5247.204478264151,4939.850876505587,5081.956222977981
forecast_5610,2025-08-22 18:00:00,7333.293449523534,6837.911932484521,5713.937515406329
forecast_5611,2025-08-22 19:00:00,9389.391498383819,9969.79970391684,7253.03348963916
forecast_5612,2025-08-22 20:00:00,10699.747828045518,11859.105990926799,8845.275906652896
forecast_5613,2025-08-22 21:00:00,12811.885082145089,12641.667740739129,9918.962186367466
forecast_5614,2025-08-22 22:00:00,15332.52858200095,15833.580195887782,12385.663665669259
forecast_5615,2025-08-22 23:00:00,15690.768573540568,16341.801913246198,13533.645201272608
forecast_5616,2025-08-23 00:00:00,15589.767732056169,16333.707803991176,13755.058973523302
forecast_5617,2025-08-23 01:00:00,15138.303737088747,15626.342314093097,13496.58141884345
forecast_5618,2025-08-23 02:00:00,15095.81334872249,15033.70662815735,13685.204674797022
forecast_5619,2025-08-23 03:00:00,15477.36763214891,14599.041933227894,13069.906632759583
forecast_5620,2025-08-23 04:00:00,15374.990655651538,13288.692351369149,12267.85679282966
forecast_5621,2025-08-23 05:00:00,14649.132987130002,12385.415032167397,10536.711187832
forecast_5622,2025-08-23 06:00:00,13078.101952115883,12651.242172223097,9408.340207953346
forecast_5623,2025-08-23 07:00:00,9966.449101538248,7886.191927026778,7537.699628326937
forecast_5624,2025-08-23 08:00:00,5835.148245442293,4100.30139201523,3575.0434824749727
forecast_5625,2025-08-23 09:00:00,3106.4215860761988,1822.6468832559299,1313.624155867365
forecast_5626,2025-08-23 10:00:00,1266.4959952517036,671.1469235533317,686.4505137474697
forecast_5627,2025-08-23 11:00:00,657.8396146411482,298.5965567474283,662.4759621924217
forecast_5628,2025-08-23 12:00:00,253.0321259631641,296.2647745676504,657.7327777056947
forecast_5629,2025-08-23 13:00:00,253.0321259631641,296.2647745676504,657.7327777056947
forecast_5630,2025-08-23 14:00:00,253.0321259631641,296.2647745676504,657.7327777056947
forecast_5631,2025-08-23 15:00:00,253.0321259631641,296.2647745676504,657.7327777056947
forecast_5632,2025-08-23 16:00:00,254.18918597598145,300.46046943414666,657.7327777056947
forecast_5633,2025-08-23 17:00:00,292.3690937408836,365.3984895630072,657.7327777056947
forecast_5634,2025-08-23 18:00:00,749.1876403972615,531.7913547411978,659.4683576922671
forecast_5635,2025-08-23 19:00:00,1016.1273926797301,1078.3706697076825,846.8733162175431
forecast_5636,2025-08-23 20:00:00,833.356812552271,1499.3817684830203,994.379365288752
forecast_5637,2025-08-23 21:00:00,1961.00601048642,1980.3305213671872,1265.599536606718
forecast_5638,2025-08-23 22:00:00,3517.0018412310405,3364.2341139309524,2184.90121627324
forecast_5639,2025-08-23 23:00:00,4384.371469687183,4133.765349952204,2621.7088327720544
forecast_5640,2025-08-24 00:00:00,4951.74465967962,4016.2963245952387,2569.1261914637903
forecast_5641,2025-08-24 01:00:00,4057.0771755243245,2456.1488312404304,1440.8442064627532
forecast_5642,2025-08-24 02:00:00,3088.9938342929795,1732.1767900384461,1266.3107364827943
forecast_5643,2025-08-24 03:00:00,3126.9209312824387,1800.4412973631067,997.8829665463693
forecast_5644,2025-08-24 04:00:00,2288.0994988907,1377.9260259710186,797.7218167444173
forecast_5645,2025-08-24 05:00:00,1422.495229931613,783.2402325768319,680.9975123154051
forecast_5646,2025-08-24 06:00:00,749.1619703658064,483.41190855829865,661.9602651746998
forecast_5647,2025-08-24 07:00:00,344.6819097949134,352.3868213211952,657.7327777056947
forecast_5648,2025-08-24 08:00:00,265.72513015059485,296.2647745676504,657.7327777056947
forecast_5649,2025-08-24 09:00:00,253.0321259631641,296.2647745676504,657.7327777056947
forecast_5650,2025-08-24 10:00:00,253.0321259631641,296.2647745676504,657.7327777056947
forecast_5651,2025-08-24 11:00:00,253.0321259631641,296.2647745676504,657.7327777056947
forecast_5652,2025-08-24 12:00:00,253.0321259631641,296.37907316462713,657.7327777056947
forecast_5653,2025-08-24 13:00:00,254.18918597598145,295.92406028033776,657.7327777056947
forecast_5654,2025-08-24 14:00:00,262.90575307011255,315.57933181253446,659.4683576922671
forecast_5655,2025-08-24 15:00:00,521.4163859567177,590.5296247284975,730.8500194732585
forecast_5656,2025-08-24 16:00:00,888.8815455940928,2019.3600229027288,1032.6074132304852
forecast_5657,2025-08-24 17:00:00,1144.6141980465238,1747.630932192985,1028.9939758864818
forecast_5658,2025-08-24 18:00:00,1764.1081045209746,1600.0835767270046,988.1011084441421
forecast_5659,2025-08-24 19:00:00,2238.1352597820355,1658.7224329720507,1090.4414001102407
forecast_5660,2025-08-24 20:00:00,2480.67756961344,1682.832513602457,1482.90971986863
forecast_5661,2025-08-24 21:00:00,2541.714652324391,1682.832513602457,1148.9285189063992
forecast_5662,2025-08-24 22:00:00,2620.9016275666186,1682.832513602457,1242.3302050623283
forecast_5663,2025-08-24 23:00:00,2741.9165484841606,1734.3801993935253,1395.1618682936682
forecast_5664,2025-08-25 00:00:00,2656.119550264828,2033.8982933623436,1266.3107364827943
forecast_5665,2025-08-25 01:00:00,3135.8873189971914,3383.305450765708,1223.7375976046762
forecast_5666,2025-08-25 02:00:00,3880.4464549258946,3922.893004361209,1275.418599259636
forecast_5667,2025-08-25 03:00:00,4401.964964122688,3966.7642039667576,2219.584823286334
forecast_5668,2025-08-25 04:00:00,4292.201530308366,3903.5853437349406,2546.0964432308256
forecast_5669,2025-08-25 05:00:00,4567.772016815076,4109.172893517944,2819.208465477477
forecast_5670,2025-08-25 06:00:00,7229.547916421817,4146.87870347576,2483.9171314631376
forecast_5671,2025-08-25 07:00:00,6377.538277871432,3975.9946081953385,2084.5578314162694
forecast_5672,2025-08-25 08:00:00,3832.971211897225,1543.8710712715642,1091.0105357634077
forecast_5673,2025-08-25 09:00:00,1322.384669234537,555.7218286042363,792.5574713111758
forecast_5674,2025-08-25 10:00:00,912.4569242899659,390.6924004770875,666.7034496614267
forecast_5675,2025-08-25 11:00:00,630.8759036593498,480.08715774876293,743.4147810986601
forecast_5676,2025-08-25 12:00:00,734.1980035477658,995.8036865011425,981.6593439204917
forecast_5677,2025-08-25 13:00:00,832.9134609978164,1385.1957950917572,1265.1659754983605
forecast_5678,2025-08-25 14:00:00,1012.7709391309729,1508.3187933942268,1307.525900792812
forecast_5679,2025-08-25 15:00:00,2257.596214361275,2751.3565169641324,2572.095784104387
forecast_5680,2025-08-25 16:00:00,3093.309522010265,3301.121752951429,3060.477993925341
forecast_5681,2025-08-25 17:00:00,4229.913284093856,5116.173209451447,3322.017065572081
forecast_5682,2025-08-25 18:00:00,5795.703396108034,6514.7542839744,4688.792067045995
forecast_5683,2025-08-25 19:00:00,9237.246963055091,10509.09436071661,8353.454367268885
forecast_5684,2025-08-25 20:00:00,11105.811055843244,12630.284193951202,9175.369797382533
forecast_5685,2025-08-25 21:00:00,12053.068514292489,13969.074957962468,11145.152475105759
forecast_5686,2025-08-25 22:00:00,12905.460544220376,14991.15896279745,12389.104188341089
forecast_5687,2025-08-25 23:00:00,12970.83193000762,15441.72217972437,12665.449469863894
forecast_5688,2025-08-26 00:00:00,13515.161878146537,15694.64054447913,11765.020724653576
forecast_5689,2025-08-26 01:00:00,13991.008415934008,17050.404541173815,12634.401246792275
forecast_5690,2025-08-26 02:00:00,14552.009513216777,16854.322052369407,12580.929938128562
forecast_5691,2025-08-26 03:00:00,14368.790879176187,16627.39814924351,12634.438375874917
forecast_5692,2025-08-26 04:00:00,15087.68406998579,17190.735356572266,12921.609986808979
forecast_5693,2025-08-26 05:00:00,15200.896652208781,18011.53759149355,12965.174719166122
forecast_5694,2025-08-26 06:00:00,14865.766111624815,18231.17866963144,13818.295077353701
forecast_5695,2025-08-26 07:00:00,14651.297991442334,17779.02909720763,14066.607125708344
forecast_5696,2025-08-26 08:00:00,13112.259142585874,15011.525212732708,13646.39078364372
forecast_5697,2025-08-26 09:00:00,12839.882645885864,14019.844961936291,12800.327421434537
forecast_5698,2025-08-26 10:00:00,12692.672092029801,11980.25536220473,13010.881679071488
forecast_5699,2025-08-26 11:00:00,11676.265338597534,12738.000757136044,13728.947454686207
forecast_5700,2025-08-26 12:00:00,10923.981992804434,12619.213410619564,14833.831688347273
forecast_5701,2025-08-26 13:00:00,10991.71776882801,12922.583037141396,13884.271430532124
forecast_5702,2025-08-26 14:00:00,12131.710097764288,12433.523512344324,13360.583767993576
forecast_5703,2025-08-26 15:00:00,12473.9935083003,12887.092176746637,13844.40968290678
forecast_5704,2025-08-26 16:00:00,12336.894965318537,14155.463164273586,13698.032115883252
forecast_5705,2025-08-26 17:00:00,11155.282483388133,13419.428583033985,13079.195463090186
forecast_5706,2025-08-26 18:00:00,11116.621973884534,11687.173355174104,12309.750890811192
forecast_5707,2025-08-26 19:00:00,10498.256642224562,11378.51037179622,10112.546962912707
forecast_5708,2025-08-26 20:00:00,9982.647797688136,10610.56031354507,9214.90890553987
forecast_5709,2025-08-26 21:00:00,11256.732872222472,10854.929799200088,9583.833900091964
forecast_5710,2025-08-26 22:00:00,12053.47964366728,12224.757975035429,10083.464312312139
forecast_5711,2025-08-26 23:00:00,12199.28684237119,12459.934525367726,9342.578416223678
forecast_5712,2025-08-27 00:00:00,12168.07804214679,10842.387703981514,8359.914141575431
forecast_5713,2025-08-27 01:00:00,11773.658138180062,10452.814480795627,8379.264831626924
forecast_5714,2025-08-27 02:00:00,9311.156455053042,8901.482643193764,7653.365794305081
forecast_5715,2025-08-27 03:00:00,7422.866127225219,6395.67816738633,5355.915550392985
forecast_5716,2025-08-27 04:00:00,5177.785013057162,3788.4437835801714,3429.555072284914
forecast_5717,2025-08-27 05:00:00,3110.0791580513805,1671.4813854018157,1308.969344585516
forecast_5718,2025-08-27 06:00:00,1448.0638227239328,631.4731961047253,796.3482059122924
forecast_5719,2025-08-27 07:00:00,350.6320117344636,331.8344947372692,664.2115421789939
forecast_5720,2025-08-27 08:00:00,254.18918597598145,300.46046943414666,657.7327777056947
forecast_5721,2025-08-27 09:00:00,253.0321259631641,298.12868725436874,657.7327777056947
forecast_5722,2025-08-27 10:00:00,253.0321259631641,296.37907316462713,657.7327777056947
forecast_5723,2025-08-27 11:00:00,253.0321259631641,300.34617083716984,657.7327777056947
forecast_5724,2025-08-27 12:00:00,254.18918597598145,300.46046943414666,659.4683576922671
forecast_5725,2025-08-27 13:00:00,298.3714071671784,366.88313697320643,661.9602651746998
forecast_5726,2025-08-27 14:00:00,326.87179108429723,520.2892555178147,721.0104853071839
forecast_5727,2025-08-27 15:00:00,580.1633675826862,843.136592001696,816.6980663018522
forecast_5728,2025-08-27 16:00:00,610.6362456787482,874.3038137766158,776.6011418262494
forecast_5729,2025-08-27 17:00:00,617.8294695624701,912.403904604979,776.6011418262494
forecast_5730,2025-08-27 18:00:00,622.9599027857165,941.3421568962142,721.0104853071839
forecast_5731,2025-08-27 19:00:00,702.2378256121934,1185.877643158843,827.1262521315
forecast_5732,2025-08-27 20:00:00,874.4607664705279,1296.2285783024934,730.1402025279208
forecast_5733,2025-08-27 21:00:00,895.3398655879433,1014.7706736983761,666.7034496614267
forecast_5734,2025-08-27 22:00:00,1154.0100529562887,1005.2004191643261,666.7034496614267
forecast_5735,2025-08-27 23:00:00,1322.004559486604,1356.2146362690523,666.7034496614267
forecast_5736,2025-08-28 00:00:00,1504.4740842646138,1600.804097927979,792.5574713111758
forecast_5737,2025-08-28 01:00:00,1778.434928062651,1644.086416149917,994.379365288752
forecast_5738,2025-08-28 02:00:00,1985.5305925583932,1741.1589221731015,1180.5880709845328
forecast_5739,2025-08-28 03:00:00,2261.2047145202114,2247.1340767870797,1351.069483394272
forecast_5740,2025-08-28 04:00:00,2883.874594065985,3219.9419112006017,1390.677397956129
forecast_5741,2025-08-28 05:00:00,3670.8007558687723,3843.554122499292,2169.6716923186505
forecast_5742,2025-08-28 06:00:00,3863.48455063331,4088.801967821757,2184.353115379695
forecast_5743,2025-08-28 07:00:00,3206.142053476927,4054.420220431096,1344.3413301417015
forecast_5744,2025-08-28 08:00:00,2487.095053688031,3631.4802609243316,1199.018899302369
forecast_5745,2025-08-28 09:00:00,2339.4729344667444,3123.1717844594277,1917.9897474498853
forecast_5746,2025-08-28 10:00:00,2119.4916209347457,1969.4182063069668,1252.7184033684132
forecast_5747,2025-08-28 11:00:00,1665.335373062521,1595.4452605379984,1252.7184033684132
forecast_5748,2025-08-28 12:00:00,1724.5130578856472,1585.6588496625675,1397.1007871716306
forecast_5749,2025-08-28 13:00:00,2484.882726648645,2151.2546854815064,2102.8898946268105
forecast_5750,2025-08-28 14:00:00,3156.234091439074,3334.387022091283,2162.543450067533
forecast_5751,2025-08-28 15:00:00,3868.737380125068,3528.7441305141956,2447.9365707158086
forecast_5752,2025-08-28 16:00:00,4066.3263048520334,3806.2737861083115,3188.792968051447
forecast_5753,2025-08-28 17:00:00,4526.0785664478735,4534.120452295272,4529.855194068443
forecast_5754,2025-08-28 18:00:00,6684.684832962518,5805.960871940023,5367.043945644786
forecast_5755,2025-08-28 19:00:00,8276.72415401772,8557.718190497613,7283.015379964547
forecast_5756,2025-08-28 20:00:00,8777.468587312012,11343.736182789287,7676.037186063571
forecast_5757,2025-08-28 21:00:00,10835.652185156583,13968.373613178683,9251.134242599312
forecast_5758,2025-08-28 22:00:00,13163.794550864593,15311.656970386804,12057.745848055058
forecast_5759,2025-08-28 23:00:00,14373.19464224407,16411.756132008908,12920.109111411764
forecast_5760,2025-08-29 00:00:00,15342.823363216123,17871.64409536425,15193.18428422001
forecast_5761,2025-08-29 01:00:00,15761.384326443153,18246.182501561707,15469.010656291266
forecast_5762,2025-08-29 02:00:00,15990.083813201662,18033.69989805988,16086.489782002367
forecast_5763,2025-08-29 03:00:00,15513.66019291247,18003.81481671552,17791.730062025792
forecast_5764,2025-08-29 04:00:00,15467.535124402446,18354.528285235196,18540.01511796741
forecast_5765,2025-08-29 05:00:00,15372.913184247343,18409.02153053857,19041.074001778292
forecast_5766,2025-08-29 06:00:00,15514.97232874856,18531.87765831266,18819.750524858373
forecast_5767,2025-08-29 07:00:00,15449.330843607142,17999.895917113186,18027.64657630388
forecast_5768,2025-08-29 08:00:00,14832.471297928923,17942.083996612106,18449.46584283744
forecast_5769,2025-08-29 09:00:00,15121.777130559607,17931.331085033984,17491.169121770137
forecast_5770,2025-08-29 10:00:00,15133.476791248995,16623.356069093174,14730.619821742614
forecast_5771,2025-08-29 11:00:00,13766.96799526575,14808.879868924716,14544.332761247802
forecast_5772,2025-08-29 12:00:00,13662.833512064206,13628.372452680178,14395.94653120653
forecast_5773,2025-08-29 13:00:00,13464.49592144359,12871.689141058465,14490.939218326112
forecast_5774,2025-08-29 14:00:00,13493.533106955501,12555.764500425677,13053.635778824475
forecast_5775,2025-08-29 15:00:00,11791.906066648542,11476.34624509302,12308.529191587319
forecast_5776,2025-08-29 16:00:00,11180.207796120148,11310.312136106451,12232.290488967708
forecast_5777,2025-08-29 17:00:00,11039.389990668064,11466.956418648868,12302.078271197766
forecast_5778,2025-08-29 18:00:00,11512.125042702635,12822.554142836865,11327.376168201388
forecast_5779,2025-08-29 19:00:00,13055.547477467295,14600.45677056473,12138.696676583088
forecast_5780,2025-08-29 20:00:00,14247.848364244113,15680.510165574884,13651.556926889058
forecast_5781,2025-08-29 21:00:00,14601.621162188563,16243.691694164654,14871.17983615692
forecast_5782,2025-08-29 22:00:00,14921.073752686145,16468.404966559152,15333.023386212013
forecast_5783,2025-08-29 23:00:00,15036.1650522709,17114.53179737906,15314.14032638962
forecast_5784,2025-08-30 00:00:00,15202.001614609417,16798.85021127146,13797.056319859083
forecast_5785,2025-08-30 01:00:00,15722.605288677189,15989.787563284317,13023.631973148582
forecast_5786,2025-08-30 02:00:00,15245.493356866247,15069.927456160784,12201.10430920261
forecast_5787,2025-08-30 03:00:00,14662.947512066148,14350.933221763622,9989.45697659727
forecast_5788,2025-08-30 04:00:00,14211.380708793708,14626.241447983082,9714.417828030215
forecast_5789,2025-08-30 05:00:00,13019.891193011488,14375.784179179003,8966.862246866629
forecast_5790,2025-08-30 06:00:00,12364.17934923086,13167.495906115113,8712.202572453854
forecast_5791,2025-08-30 07:00:00,12072.097904567587,12984.14561566705,7332.313848349467
forecast_5792,2025-08-30 08:00:00,9416.33206892696,9580.006530356282,6000.257259057684
forecast_5793,2025-08-30 09:00:00,7006.6905007007545,7426.859296853358,3994.0266284500713
forecast_5794,2025-08-30 10:00:00,4278.13865216367,3964.6687482793036,2113.276187217495
forecast_5795,2025-08-30 11:00:00,2477.8080423769197,2002.3030384321635,1347.3226943893096
forecast_5796,2025-08-30 12:00:00,1914.0285378559595,1640.8829321036399,1228.7378719479473
forecast_5797,2025-08-30 13:00:00,1583.8699907390223,1174.9032121728599,1703.3183286327614
forecast_5798,2025-08-30 14:00:00,1804.1732082738513,1500.6240371090387,1384.9259291817343
forecast_5799,2025-08-30 15:00:00,2462.9390961151294,2452.4867744365497,2059.348238808287
forecast_5800,2025-08-30 16:00:00,2399.6193220867526,2684.215930356484,2048.2986717497383
forecast_5801,2025-08-30 17:00:00,3125.6238161848105,2323.618113094887,1400.7860184063088
forecast_5802,2025-08-30 18:00:00,3585.280368791877,3630.979316604774,2515.3877585577884
forecast_5803,2025-08-30 19:00:00,4311.1045913563285,4253.077312760249,3235.680824488966
forecast_5804,2025-08-30 20:00:00,5419.493347499711,5083.502720130682,3592.0737394794023
forecast_5805,2025-08-30 21:00:00,6901.295947034695,5985.176076158243,3910.586307829702
forecast_5806,2025-08-30 22:00:00,7377.777187979652,7331.286501852414,4404.578499781356
forecast_5807,2025-08-30 23:00:00,7326.760721031342,8226.32657430885,4845.085187140274
forecast_5808,2025-08-31 00:00:00,8099.323637477015,8907.429797226727,5070.442030289631
forecast_5809,2025-08-31 01:00:00,7630.956218822222,8680.416158110549,4855.918964211651
forecast_5810,2025-08-31 02:00:00,7992.926561889389,9635.038673735839,5331.30039626971
forecast_5811,2025-08-31 03:00:00,7979.442677715934,9304.090891350377,5159.00031490815
forecast_5812,2025-08-31 04:00:00,8004.706106612473,8572.206513300533,4200.938065199281
forecast_5813,2025-08-31 05:00:00,7065.879125796509,7506.517929726693,2819.9629284094713
forecast_5814,2025-08-31 06:00:00,4909.542565019753,6088.636471301091,2126.434410074196
forecast_5815,2025-08-31 07:00:00,4094.009964440539,4258.824471224386,1148.9285189063992
forecast_5816,2025-08-31 08:00:00,2715.7783933735514,2339.135545218051,796.3482059122924
forecast_5817,2025-08-31 09:00:00,950.3005512632062,709.1595973688351,664.2115421789939
forecast_5818,2025-08-31 10:00:00,373.83698522423146,435.2867151394127,664.2115421789939
forecast_5819,2025-08-31 11:00:00,396.9328970443545,537.5679159480328,686.4505137474697
forecast_5820,2025-08-31 12:00:00,719.882026819678,1133.1290654459476,997.8829665463693
forecast_5821,2025-08-31 13:00:00,1261.103886203849,1513.1206803890457,1239.5002220434694
forecast_5822,2025-08-31 14:00:00,2038.2612403997023,2805.259806812505,2137.7264864774243
forecast_5823,2025-08-31 15:00:00,2958.8144931026022,3368.5277609624623,3091.965413867656
forecast_5824,2025-08-31 16:00:00,4037.545923049462,4473.237231811227,4476.995989062057
forecast_5825,2025-08-31 17:00:00,6629.857767247015,5795.626195044881,5408.563614791512
forecast_5826,2025-08-31 18:00:00,6984.36365630556,6789.183967443501,6146.19064274591
forecast_5827,2025-08-31 19:00:00,8172.6788488131615,8190.577229179192,6945.794536588891
forecast_5828,2025-08-31 20:00:00,9791.126731514505,10274.730898770664,6953.708932776934
forecast_5829,2025-08-31 21:00:00,10112.074091747203,11673.311156957545,7649.828058850809
forecast_5830,2025-08-31 22:00:00,11012.184827482877,12723.508936215081,8270.34399027919
forecast_5831,2025-08-31 23:00:00,10991.799002973177,13053.713124237347,8762.550430501058
forecast_5832,2025-09-01 00:00:00,12101.242055179628,13910.335850107153,8903.352832296243
forecast_5833,2025-09-01 01:00:00,13492.984558818509,15197.278441234736,9699.381311130695
forecast_5834,2025-09-01 02:00:00,13292.126184534165,16188.870393498533,11934.455637488723
forecast_5835,2025-09-01 03:00:00,12139.013660148765,15972.28602126642,12659.275746219439
forecast_5836,2025-09-01 04:00:00,12695.506228369148,15772.482101423706,12687.041385806855
forecast_5837,2025-09-01 05:00:00,13247.447622642538,15379.267939967616,12700.519459425996
forecast_5838,2025-09-01 06:00:00,12926.087892350048,15140.519176524691,12318.575587333335
forecast_5839,2025-09-01 07:00:00,11714.55126886778,13702.36553244774,10714.361379996422
forecast_5840,2025-09-01 08:00:00,10601.27427022717,12760.950904133517,9806.199815424548
forecast_5841,2025-09-01 09:00:00,9287.567091194709,11326.928752115022,8421.118298183123
forecast_5842,2025-09-01 10:00:00,8201.949482583872,11296.368950418835,8173.357605748248
forecast_5843,2025-09-01 11:00:00,7440.683515696352,9656.915264893389,7830.899009122583
forecast_5844,2025-09-01 12:00:00,7185.643116086586,8695.587728797447,7719.1308433050235
forecast_5845,2025-09-01 13:00:00,7262.013370873676,8693.243341055542,8523.54268816231
forecast_5846,2025-09-01 14:00:00,7236.010101242064,9009.442089778144,7261.647013829689
forecast_5847,2025-09-01 15:00:00,7772.046426514559,9034.785820193301,7217.451646919237
forecast_5848,2025-09-01 16:00:00,9118.18732013243,9041.931051144196,8010.296508054273
forecast_5849,2025-09-01 17:00:00,8694.982348868161,8760.604581508134,7601.281042084214
forecast_5850,2025-09-01 18:00:00,8233.920065865914,7958.014830359345,6748.455839075516
forecast_5851,2025-09-01 19:00:00,7594.381370832702,7952.009167785933,6430.323330089656
forecast_5852,2025-09-01 20:00:00,7731.641925809405,8799.311105087128,7036.825840716602
forecast_5853,2025-09-01 21:00:00,8454.177871864656,9319.066915758529,7854.466247180711
forecast_5854,2025-09-01 22:00:00,9399.840956590017,10760.261131175332,7752.089274297701
forecast_5855,2025-09-01 23:00:00,11196.949317947065,13497.74510231062,8280.005548015066
forecast_5856,2025-09-02 00:00:00,11490.413994653774,11633.596944983805,8625.991370162525
forecast_5857,2025-09-02 01:00:00,11216.11262971352,13024.596356985512,10362.831784362928
forecast_5858,2025-09-02 02:00:00,11066.194873699218,13233.643294410387,10407.96144779235
forecast_5859,2025-09-02 03:00:00,10560.252997123946,11460.650139243178,9329.452960902514
forecast_5860,2025-09-02 04:00:00,10307.519630215367,11355.562896039826,9021.498160221912
forecast_5861,2025-09-02 05:00:00,10330.285438567236,11873.404248679333,9269.28412759097
forecast_5862,2025-09-02 06:00:00,9759.597638376777,12131.149451550913,7984.068421473183
forecast_5863,2025-09-02 07:00:00,8356.906176789678,10084.097400145485,6696.701505483574
forecast_5864,2025-09-02 08:00:00,5818.383533966748,8494.612857762604,4011.6605723023313
forecast_5865,2025-09-02 09:00:00,5022.822493870342,5902.344339750112,2186.0761004656006
forecast_5866,2025-09-02 10:00:00,3586.1552724890703,2691.8702271421053,1339.0988146450463
forecast_5867,2025-09-02 11:00:00,2674.0375038682296,1804.0041817847766,2157.4243196094735
forecast_5868,2025-09-02 12:00:00,2134.393094821845,1244.194362624981,1090.4014125866777
forecast_5869,2025-09-02 13:00:00,1108.5493457636514,665.7981157111776,1076.605732618863
forecast_5870,2025-09-02 14:00:00,557.9387018670046,415.86324502702564,664.2115421789939
forecast_5871,2025-09-02 15:00:00,254.18918597598145,298.5965567474283,657.7327777056947
forecast_5872,2025-09-02 16:00:00,254.18918597598145,296.2647745676504,657.7327777056947
forecast_5873,2025-09-02 17:00:00,254.18918597598145,296.37907316462713,657.7327777056947
forecast_5874,2025-09-02 18:00:00,253.0321259631641,296.2647745676504,657.7327777056947
forecast_5875,2025-09-02 19:00:00,253.0321259631641,296.2647745676504,657.7327777056947
forecast_5876,2025-09-02 20:00:00,253.0321259631641,296.37907316462713,657.7327777056947
forecast_5877,2025-09-02 21:00:00,254.18918597598145,298.6074068888091,657.7327777056947
forecast_5878,2025-09-02 22:00:00,262.90575307011255,352.7967279358327,657.7327777056947
forecast_5879,2025-09-02 23:00:00,272.2502270390668,385.7648481096089,657.7327777056947
forecast_5880,2025-09-03 00:00:00,272.2502270390668,325.02400345556305,657.7327777056947
forecast_5881,2025-09-03 01:00:00,272.2502270390668,361.0318120879189,657.7327777056947
forecast_5882,2025-09-03 02:00:00,262.90575307011255,365.20988227746494,657.7327777056947
forecast_5883,2025-09-03 03:00:00,272.2502270390668,365.7935944661335,657.7327777056947
forecast_5884,2025-09-03 04:00:00,272.2502270390668,407.2101552143478,657.7327777056947
forecast_5885,2025-09-03 05:00:00,262.90575307011255,433.33091126469145,657.7327777056947
forecast_5886,2025-09-03 06:00:00,260.0197302921102,365.20988227746494,657.7327777056947
forecast_5887,2025-09-03 07:00:00,254.18918597598145,297.6736743700793,657.7327777056947
forecast_5888,2025-09-03 08:00:00,253.0321259631641,295.92406028033776,657.7327777056947
forecast_5889,2025-09-03 09:00:00,253.0321259631641,295.809761683361,657.7327777056947
forecast_5890,2025-09-03 10:00:00,253.0321259631641,297.6736743700793,657.7327777056947
forecast_5891,2025-09-03 11:00:00,260.0197302921102,345.0268511644555,661.9602651746998
forecast_5892,2025-09-03 12:00:00,262.33295589732023,386.3432597763714,661.9602651746998
forecast_5893,2025-09-03 13:00:00,277.35584894714646,455.3605630122214,667.1246106079412
forecast_5894,2025-09-03 14:00:00,284.03290174779283,489.48335461491877,771.8579573395225
forecast_5895,2025-09-03 15:00:00,294.5566206122958,499.8126602289628,712.0349103951585
forecast_5896,2025-09-03 16:00:00,288.0219279240703,482.56292548695967,661.9602651746998
forecast_5897,2025-09-03 17:00:00,277.3957856198398,384.67000508062983,659.4683576922671
forecast_5898,2025-09-03 18:00:00,254.18918597598145,318.6564833641132,657.7327777056947
forecast_5899,2025-09-03 19:00:00,254.18918597598145,297.6736743700793,657.7327777056947
forecast_5900,2025-09-03 20:00:00,262.90575307011255,347.56244714557863,657.7327777056947
forecast_5901,2025-09-03 21:00:00,279.87603860082885,378.4097590231892,657.7327777056947
forecast_5902,2025-09-03 22:00:00,289.4613470760554,378.4097590231892,657.7327777056947
forecast_5903,2025-09-03 23:00:00,297.2878995331647,365.20988227746494,657.7327777056947
forecast_5904,2025-09-04 00:00:00,533.2898120756655,417.6041108553765,659.4683576922671
forecast_5905,2025-09-04 01:00:00,888.642113557578,600.1914888170701,659.4683576922671
forecast_5906,2025-09-04 02:00:00,1074.1898732292013,914.0270074695629,659.4683576922671
forecast_5907,2025-09-04 03:00:00,941.1572678165601,904.253627702408,657.7327777056947
forecast_5908,2025-09-04 04:00:00,869.0264036531355,853.1456061752681,657.7327777056947
forecast_5909,2025-09-04 05:00:00,1198.3827395040958,920.4039363680579,659.4683576922671
forecast_5910,2025-09-04 06:00:00,1918.961718562818,1399.2006822544756,661.9602651746998
forecast_5911,2025-09-04 07:00:00,2193.213813154783,2690.6280596252245,661.9602651746998
forecast_5912,2025-09-04 08:00:00,1931.5515339566143,2863.9393885933387,806.8515339651542
forecast_5913,2025-09-04 09:00:00,1472.8646150594034,2610.426788591192,903.8375835687335
forecast_5914,2025-09-04 10:00:00,1018.1423359971566,1635.2548139737778,842.8842874338349
forecast_5915,2025-09-04 11:00:00,865.6748219857949,1492.241982839064,849.8408331611133
forecast_5916,2025-09-04 12:00:00,909.0034711251698,1615.4559777591614,1047.586583344134
forecast_5917,2025-09-04 13:00:00,1029.7911590907386,1832.6472567751644,1178.229626805248
forecast_5918,2025-09-04 14:00:00,1306.223366837486,1793.0547621339283,1154.6269726079486
forecast_5919,2025-09-04 15:00:00,1574.8922530367324,2550.3005072835676,1319.6902459276876
forecast_5920,2025-09-04 16:00:00,1766.914502126366,2743.7586443699283,1349.0495113855054
forecast_5921,2025-09-04 17:00:00,1891.140479611644,2673.30459026645,1319.3277144777953
forecast_5922,2025-09-04 18:00:00,1991.8089090739563,2569.212207136852,1188.2281820228286
forecast_5923,2025-09-04 19:00:00,2087.630404157128,2710.6725844035386,1106.3153925047181
forecast_5924,2025-09-04 20:00:00,2565.287288231314,3149.592737746793,1136.0343651502967
forecast_5925,2025-09-04 21:00:00,2476.043270199618,3195.8702481726423,1078.868453296159
forecast_5926,2025-09-04 22:00:00,2752.0395096840575,3455.9097074951446,1047.4657422586674
forecast_5927,2025-09-04 23:00:00,2024.057750604664,3247.842300021817,987.4547807167213
forecast_5928,2025-09-05 00:00:00,1946.2482634157302,1875.9282959890702,842.8842874338349
forecast_5929,2025-09-05 01:00:00,2196.167060248545,1545.5581778702917,666.7034496614267
forecast_5930,2025-09-05 02:00:00,2006.9169549742012,1490.6398966316056,666.7034496614267
forecast_5931,2025-09-05 03:00:00,1852.421711197529,1452.565817448675,666.7034496614267
forecast_5932,2025-09-05 04:00:00,1909.524374970435,1669.579279089512,743.4147810986601
forecast_5933,2025-09-05 05:00:00,2184.2321594048194,2642.824181449827,903.8375835687335
forecast_5934,2025-09-05 06:00:00,2344.8889554160774,3208.109757774776,997.8829665463693
forecast_5935,2025-09-05 07:00:00,2140.074495683053,3174.709899232062,997.8829665463693
forecast_5936,2025-09-05 08:00:00,1477.118560391122,2347.600553351175,903.8375835687335
forecast_5937,2025-09-05 09:00:00,830.227740996231,1122.4958644255119,666.7034496614267
forecast_5938,2025-09-05 10:00:00,296.5633916557544,547.4852792407343,659.4683576922671
forecast_5939,2025-09-05 11:00:00,253.0321259631641,414.9333790785966,659.4683576922671
forecast_5940,2025-09-05 12:00:00,253.0321259631641,338.51179509583915,659.4683576922671
forecast_5941,2025-09-05 13:00:00,253.0321259631641,296.37907316462713,659.4683576922671
forecast_5942,2025-09-05 14:00:00,253.0321259631641,296.37907316462713,657.7327777056947
forecast_5943,2025-09-05 15:00:00,253.0321259631641,296.2647745676504,657.7327777056947
forecast_5944,2025-09-05 16:00:00,254.18918597598145,297.6736743700793,659.4683576922671
forecast_5945,2025-09-05 17:00:00,293.01711330133384,365.7935944661335,659.4683576922671
forecast_5946,2025-09-05 18:00:00,554.7976370952422,580.1443751036196,661.9602651746998
forecast_5947,2025-09-05 19:00:00,959.3058017546894,1108.4471373325864,666.7034496614267
forecast_5948,2025-09-05 20:00:00,1523.8257047413904,1984.2049624822598,666.7034496614267
forecast_5949,2025-09-05 21:00:00,2415.463297262472,3160.390912192606,941.5185647052198
forecast_5950,2025-09-05 22:00:00,4567.246382642128,5876.934978414803,1342.8560884067904
forecast_5951,2025-09-05 23:00:00,6284.635713392143,7834.959166256396,2971.8691129643034
forecast_5952,2025-09-06 00:00:00,9128.912012941242,12004.527325338813,5553.554327232602
forecast_5953,2025-09-06 01:00:00,11528.151466980586,12396.889124367959,8350.373831414023
forecast_5954,2025-09-06 02:00:00,12272.102918344672,13759.875668640161,10038.567598580674
forecast_5955,2025-09-06 03:00:00,13580.841896713167,15670.191900825517,11549.598374548415
forecast_5956,2025-09-06 04:00:00,14313.785612628755,16417.16999479183,13489.615810263578
forecast_5957,2025-09-06 05:00:00,14260.759910624154,16035.557501477806,13941.83816291286
forecast_5958,2025-09-06 06:00:00,14870.4667006092,17478.415095144293,14297.73311494826
forecast_5959,2025-09-06 07:00:00,15214.967764888232,17784.58935515252,14304.335034974158
forecast_5960,2025-09-06 08:00:00,14120.485240450487,17215.226112017615,13710.717037541766
forecast_5961,2025-09-06 09:00:00,13213.597364065834,16002.083712221967,13794.718328783365
forecast_5962,2025-09-06 10:00:00,13096.8153236564,13711.573980879984,13495.12179204846
forecast_5963,2025-09-06 11:00:00,13231.766300369496,13223.716962973975,13215.375759074896
forecast_5964,2025-09-06 12:00:00,13173.297666907107,14552.109418320726,13605.554271827239
forecast_5965,2025-09-06 13:00:00,12637.857738868928,15278.481086455617,14527.669959713832
forecast_5966,2025-09-06 14:00:00,12139.425734520202,15342.838874100917,14433.806157117262
forecast_5967,2025-09-06 15:00:00,12675.581122164116,15280.750850858818,14444.180966889035
forecast_5968,2025-09-06 16:00:00,12629.087588134014,15478.787917451491,13423.97575767152
forecast_5969,2025-09-06 17:00:00,12695.894577744353,14915.603736444242,13708.091300036749
forecast_5970,2025-09-06 18:00:00,13333.440636317076,14814.116868339144,13956.760137495556
forecast_5971,2025-09-06 19:00:00,13440.733256464848,15343.217285315975,14220.817103110452
forecast_5972,2025-09-06 20:00:00,13928.675967387977,16312.50650145727,14218.490370824296
forecast_5973,2025-09-06 21:00:00,14255.807289164713,16553.30375805441,13963.496412158322
forecast_5974,2025-09-06 22:00:00,14696.143651006414,17608.917509030714,16087.281323050109
forecast_5975,2025-09-06 23:00:00,14874.35954208834,17973.30490195244,16140.179035351739
forecast_5976,2025-09-07 00:00:00,15004.827103753958,17962.861287611035,16514.854838722225
forecast_5977,2025-09-07 01:00:00,15065.096760710096,17812.842667042347,17654.776852965773
forecast_5978,2025-09-07 02:00:00,15166.762496191626,17456.76322799472,17616.837601887913
forecast_5979,2025-09-07 03:00:00,15024.46804814113,17495.002810053476,16040.040867599804
forecast_5980,2025-09-07 04:00:00,14998.939428814501,16581.314687679183,14430.839611584282
forecast_5981,2025-09-07 05:00:00,14823.696200049884,16686.015541110977,13957.13652662113
forecast_5982,2025-09-07 06:00:00,13819.425341457125,15232.514378167174,12006.7448850649
forecast_5983,2025-09-07 07:00:00,12934.960177208937,13113.265283373621,9441.326468631907
forecast_5984,2025-09-07 08:00:00,12490.133571385602,11762.174283480406,8554.782170179633
forecast_5985,2025-09-07 09:00:00,10558.116665275085,10875.860740199598,8169.008167813474
forecast_5986,2025-09-07 10:00:00,10081.285664871517,9443.783764965188,7111.236446403152
forecast_5987,2025-09-07 11:00:00,8480.992174449832,8304.953461130284,5642.127522529455
forecast_5988,2025-09-07 12:00:00,7558.8363414628275,7250.255697705688,5043.301142912731
forecast_5989,2025-09-07 13:00:00,4840.013197849241,5722.051348154743,4524.017984891952
forecast_5990,2025-09-07 14:00:00,4241.348294863574,5241.210693382981,3981.425683490938
forecast_5991,2025-09-07 15:00:00,6625.520212841082,6346.711211181438,4181.212333321724
forecast_5992,2025-09-07 16:00:00,7189.846574548695,7252.888541863735,4769.87028891003
forecast_5993,2025-09-07 17:00:00,7860.711532533994,7891.514504392631,6066.207108515242
forecast_5994,2025-09-07 18:00:00,8748.89288122737,9422.324700381218,7397.55506382749
forecast_5995,2025-09-07 19:00:00,11624.298129856534,10504.826324452746,7483.9762101318
forecast_5996,2025-09-07 20:00:00,11833.163686924316,12237.691680225991,8564.24417332214
forecast_5997,2025-09-07 21:00:00,11839.003370061071,13051.704822769958,8705.764434658533
forecast_5998,2025-09-07 22:00:00,12052.455129559168,13611.456315920723,8884.1162992519
forecast_5999,2025-09-07 23:00:00,12606.347233086159,12788.953475054794,9143.599984493692
forecast_6000,2025-09-08 00:00:00,13005.389307665166,12756.830159999867,8791.78204722553
forecast_6001,2025-09-08 01:00:00,12829.975869241416,13656.78910355495,8626.709698630637
forecast_6002,2025-09-08 02:00:00,11167.849084670825,11513.163345307303,8560.19590328721
forecast_6003,2025-09-08 03:00:00,9633.968435233071,9411.863583357073,7492.150588045287
forecast_6004,2025-09-08 04:00:00,6747.492447808747,6452.315664428937,5309.4933196807015
forecast_6005,2025-09-08 05:00:00,4821.973790827237,3332.2273471416033,3641.5799278424297
forecast_6006,2025-09-08 06:00:00,3069.7323551120367,1418.5274485015082,1292.8789967666721
forecast_6007,2025-09-08 07:00:00,1307.1294405659733,547.84091672409,735.5932039599854
forecast_6008,2025-09-08 08:00:00,771.775207291249,328.6783982659455,664.2115421789939
forecast_6009,2025-09-08 09:00:00,254.18918597598145,296.37907316462713,657.7327777056947
forecast_6010,2025-09-08 10:00:00,253.0321259631641,296.2647745676504,657.7327777056947
forecast_6011,2025-09-08 11:00:00,253.0321259631641,296.2647745676504,657.7327777056947
forecast_6012,2025-09-08 12:00:00,253.0321259631641,296.2647745676504,657.7327777056947
forecast_6013,2025-09-08 13:00:00,253.0321259631641,296.2647745676504,657.7327777056947
forecast_6014,2025-09-08 14:00:00,253.0321259631641,298.7108553444051,657.7327777056947
forecast_6015,2025-09-08 15:00:00,332.35544307612525,355.0129339693591,659.4683576922671
forecast_6016,2025-09-08 16:00:00,1095.677691207976,752.3511068875911,797.7218167444173
forecast_6017,2025-09-08 17:00:00,2797.3838693371513,2409.1158691218416,1241.9712404223078
forecast_6018,2025-09-08 18:00:00,3257.1098900352426,3040.2266855531993,1214.9952070815677
forecast_6019,2025-09-08 19:00:00,3157.8560345171963,2345.095840831448,1178.2849601020853
forecast_6020,2025-09-08 20:00:00,2584.84549467453,2952.474145086565,1228.3753404980548
forecast_6021,2025-09-08 21:00:00,2627.9060525599875,3222.1940750469935,1364.090652170739
forecast_6022,2025-09-08 22:00:00,2665.6434558235733,3434.0373018922714,1242.3302050623283
forecast_6023,2025-09-08 23:00:00,2318.9175441186344,3102.9791860046403,1264.803444048468
forecast_6024,2025-09-09 00:00:00,1903.67846846116,2268.3397749130613,1247.3555975752497
forecast_6025,2025-09-09 01:00:00,2206.3366077629134,3117.9985353845605,1139.0239920502258
forecast_6026,2025-09-09 02:00:00,2534.9590100078594,3564.067898109525,1918.105831046887
forecast_6027,2025-09-09 03:00:00,2599.8874010578484,2255.7177291181492,1043.626493092664
forecast_6028,2025-09-09 04:00:00,2309.208727569759,1585.6642501919082,853.3124732634827
forecast_6029,2025-09-09 05:00:00,2474.058935117546,1812.8198700971145,806.8515339651542
forecast_6030,2025-09-09 06:00:00,2521.0912111996017,2879.652419932055,914.2977305536293
forecast_6031,2025-09-09 07:00:00,1874.6738587483367,1745.0440717938477,914.2977305536293
forecast_6032,2025-09-09 08:00:00,1284.5324055594097,1064.424209461048,797.7218167444173
forecast_6033,2025-09-09 09:00:00,939.7803908258207,1042.9245772403851,666.7034496614267
forecast_6034,2025-09-09 10:00:00,894.7496001813986,1022.6335389830459,666.7034496614267
forecast_6035,2025-09-09 11:00:00,1023.7432059524233,1072.4921768342515,666.7034496614267
forecast_6036,2025-09-09 12:00:00,1198.3001619939791,1275.815934710352,776.6011418262494
forecast_6037,2025-09-09 13:00:00,1278.7489813919735,1282.520991606361,827.1262521315
forecast_6038,2025-09-09 14:00:00,1122.749732197162,946.9687244454959,715.8461398739425
forecast_6039,2025-09-09 15:00:00,1050.4580143970256,929.3153976350346,671.867795094668
forecast_6040,2025-09-09 16:00:00,1072.4459700704151,871.4489794957905,666.7034496614267
forecast_6041,2025-09-09 17:00:00,1134.5458739295716,656.2304078720006,666.7034496614267
forecast_6042,2025-09-09 18:00:00,1096.128629922137,653.8018661885933,776.6011418262494
forecast_6043,2025-09-09 19:00:00,1102.5049073306395,904.253627702408,776.6011418262494
forecast_6044,2025-09-09 20:00:00,1162.1496876999831,973.9053940282602,787.9714267135199
forecast_6045,2025-09-09 21:00:00,1527.957026296302,1114.7769746714755,903.8375835687335
forecast_6046,2025-09-09 22:00:00,2058.8871420887067,1369.9996811453927,903.8375835687335
forecast_6047,2025-09-09 23:00:00,1650.5266657293862,1346.3227663122263,853.3124732634827
forecast_6048,2025-09-10 00:00:00,1831.5738218442336,1240.404286120667,792.5574713111758
forecast_6049,2025-09-10 01:00:00,1897.3891830858224,1388.7337911356112,903.8375835687335
forecast_6050,2025-09-10 02:00:00,2539.82822092995,1701.4089374970577,994.379365288752
forecast_6051,2025-09-10 03:00:00,2711.373550434989,1927.7770666685278,1086.0102614201367
forecast_6052,2025-09-10 04:00:00,2850.4433838181158,2417.7508176821657,1086.0102614201367
forecast_6053,2025-09-10 05:00:00,2832.4419138642606,3746.227914382929,1031.7016341773622
forecast_6054,2025-09-10 06:00:00,3017.4735961301462,3615.3691739686938,1061.4206068229407
forecast_6055,2025-09-10 07:00:00,3142.5382182567214,3825.5912257972036,1085.4011382434069
forecast_6056,2025-09-10 08:00:00,2438.64485927656,3233.904500709645,1047.8282737085597
forecast_6057,2025-09-10 09:00:00,1555.9503148451154,1789.7547274370293,1136.0343651502967
forecast_6058,2025-09-10 10:00:00,1047.5864418322356,1510.7587550269175,1235.6080807666679
forecast_6059,2025-09-10 11:00:00,899.9153407520723,1404.1763320278021,1223.6976100811132
forecast_6060,2025-09-10 12:00:00,909.183274600713,1378.7458372435744,1195.5234487525067
forecast_6061,2025-09-10 13:00:00,864.352470192176,1345.7518092364185,1256.007532417337
forecast_6062,2025-09-10 14:00:00,784.1579659824233,1123.8997029825123,1097.4610607538111
forecast_6063,2025-09-10 15:00:00,665.5185253699914,889.7649361473698,1018.1093010629813
forecast_6064,2025-09-10 16:00:00,665.5185253699914,843.2269281362296,967.7275568332265
forecast_6065,2025-09-10 17:00:00,681.3536354246296,877.7469750660745,994.379365288752
forecast_6066,2025-09-10 18:00:00,909.4512837241334,1239.5580181640976,1082.2369909586737
forecast_6067,2025-09-10 19:00:00,1162.0905781019917,1687.3169780000633,1066.5668404213288
forecast_6068,2025-09-10 20:00:00,1392.2774677685438,1668.5691388597527,1042.12982000701
forecast_6069,2025-09-10 21:00:00,2343.546784595468,1950.9818059746183,1042.12982000701
forecast_6070,2025-09-10 22:00:00,2415.0147534541798,2012.4794816019917,1071.8487926525886
forecast_6071,2025-09-10 23:00:00,2495.4497674491076,3052.3139497203338,1095.8293240730547
forecast_6072,2025-09-11 00:00:00,2377.767846190477,2872.559248080196,1071.8487926525886
forecast_6073,2025-09-11 01:00:00,2384.511744273088,2257.3193569493105,1038.6262187493928
forecast_6074,2025-09-11 02:00:00,2837.528896100316,1968.533229136729,1150.2358214414076
forecast_6075,2025-09-11 03:00:00,3494.8733454501153,2759.3286609158304,1249.772303153738
forecast_6076,2025-09-11 04:00:00,4141.644392160678,3590.5928360478947,1242.3302050623283
forecast_6077,2025-09-11 05:00:00,4179.0937826369045,4072.923760895942,1814.0159339325626
forecast_6078,2025-09-11 06:00:00,4721.660252057704,4522.975209405146,2235.003836442656
forecast_6079,2025-09-11 07:00:00,4810.557732520798,5335.715989535478,2849.914873591181
forecast_6080,2025-09-11 08:00:00,3874.897843606302,5655.017694389055,3032.473080003162
forecast_6081,2025-09-11 09:00:00,3484.9820996356984,5847.436220152567,2753.9646678216386
forecast_6082,2025-09-11 10:00:00,3203.2741107769557,4815.061119514955,2631.1751430910795
forecast_6083,2025-09-11 11:00:00,2841.571962927867,4087.8399176790685,2640.949501332461
forecast_6084,2025-09-11 12:00:00,2631.230924496779,4096.37023577472,3023.151113929679
forecast_6085,2025-09-11 13:00:00,2338.4649848910567,3991.266327045863,3344.6424604650338
forecast_6086,2025-09-11 14:00:00,2529.2331099719804,4025.1291371178277,3432.114297953251
forecast_6087,2025-09-11 15:00:00,2668.5263005328393,3518.883170649525,2628.532681237343
forecast_6088,2025-09-11 16:00:00,2975.8344296969794,3393.342359960488,2093.675488226406
forecast_6089,2025-09-11 17:00:00,3245.503508712329,3148.194654366307,2048.723406083416
forecast_6090,2025-09-11 18:00:00,3306.741707441838,3699.5041782317917,2094.1016118469247
forecast_6091,2025-09-11 19:00:00,3664.821670267743,6419.452741285851,2219.6545893118773
forecast_6092,2025-09-11 20:00:00,4800.002328733957,7840.829578284011,2671.0296097910914
forecast_6093,2025-09-11 21:00:00,4597.955271147978,7512.366030313964,2985.5501139231324
forecast_6094,2025-09-11 22:00:00,5617.090932418871,8120.608990538623,3097.6982012478356
forecast_6095,2025-09-11 23:00:00,5763.94150136827,8215.757619649727,3515.8553655056776
forecast_6096,2025-09-12 00:00:00,6416.3237591288,7647.325046379474,3237.2841745899755
forecast_6097,2025-09-12 01:00:00,5584.850766227488,7555.206153231578,3303.141863039639
forecast_6098,2025-09-12 02:00:00,5155.0906370087305,7597.485062698586,3134.308139492816
forecast_6099,2025-09-12 03:00:00,4066.0909581220913,6535.928309716865,2765.877193940148
forecast_6100,2025-09-12 04:00:00,4365.398662974074,6545.921071927609,2737.8427450537342
forecast_6101,2025-09-12 05:00:00,4451.528935222594,6669.364737188624,2737.8427450537342
forecast_6102,2025-09-12 06:00:00,4867.255207448017,6363.221095236713,2740.843535025193
forecast_6103,2025-09-12 07:00:00,4885.396283249609,6557.158108029747,2749.9477300721574
forecast_6104,2025-09-12 08:00:00,3640.531629962284,5928.889937129472,3086.57774591188
forecast_6105,2025-09-12 09:00:00,4099.567347954225,5147.422348269542,3386.554768325585
forecast_6106,2025-09-12 10:00:00,3180.0877622519424,3381.719649708835,2109.0778967017427
forecast_6107,2025-09-12 11:00:00,2863.919185060461,3137.3405542663922,2048.7068014024308
forecast_6108,2025-09-12 12:00:00,2802.949587430179,2993.581309091517,2038.2786155727827
forecast_6109,2025-09-12 13:00:00,2605.7544066940522,2951.3960382595433,2027.5162654772605
forecast_6110,2025-09-12 14:00:00,2780.357595524704,3060.7804419221866,1374.4977433520864
forecast_6111,2025-09-12 15:00:00,3097.923706067276,3217.148071014132,2078.7347234969384
forecast_6112,2025-09-12 16:00:00,3444.7384872663874,3422.701978197359,2461.3407418788
forecast_6113,2025-09-12 17:00:00,4223.361399998234,4358.86087130455,2118.2473068135087
forecast_6114,2025-09-12 18:00:00,4406.324728695154,3814.727017838447,2476.8825574956873
forecast_6115,2025-09-12 19:00:00,3984.457868048217,3767.301569301224,2101.2600637909604
forecast_6116,2025-09-12 20:00:00,4973.553406439598,4338.736065231757,2153.784380182346
forecast_6117,2025-09-12 21:00:00,3683.670268451527,4276.099495777171,2347.6056941072384
forecast_6118,2025-09-12 22:00:00,5094.592047632254,4693.453794033438,2794.5786060177415
forecast_6119,2025-09-12 23:00:00,5420.480784987048,4763.298660616642,3129.7374737672085
forecast_6120,2025-09-13 00:00:00,5185.64373298134,5037.509892599793,2630.1139047922807
forecast_6121,2025-09-13 01:00:00,5854.900565081976,5447.513505396804,3413.7012523417334
forecast_6122,2025-09-13 02:00:00,6325.389045178997,7594.512008802376,4584.61131139848
forecast_6123,2025-09-13 03:00:00,7134.379181253175,9259.539395108237,4855.670060739257
forecast_6124,2025-09-13 04:00:00,8388.092015401413,8685.52086691097,5436.622780181131
forecast_6125,2025-09-13 05:00:00,8978.276231251364,9259.633469284383,6353.814721118288
forecast_6126,2025-09-13 06:00:00,12309.176515819514,11920.829138394554,7553.036309452678
forecast_6127,2025-09-13 07:00:00,14549.117699547487,14936.5741168062,11487.837707541421
forecast_6128,2025-09-13 08:00:00,14071.239117427293,15593.742709483844,14925.210940137884
forecast_6129,2025-09-13 09:00:00,12709.324077861584,16539.21058113616,14659.132080589663
forecast_6130,2025-09-13 10:00:00,11230.61702985142,14738.881946041813,11425.043982628858
forecast_6131,2025-09-13 11:00:00,10017.744809977597,11014.377001876723,8915.292948136243
forecast_6132,2025-09-13 12:00:00,8966.390739987268,9206.20058760145,7716.029159173809
forecast_6133,2025-09-13 13:00:00,7565.593657204973,6424.359385703696,3611.684410943674
forecast_6134,2025-09-13 14:00:00,3249.8395245801153,3001.551506676813,1215.119857782113
forecast_6135,2025-09-13 15:00:00,1304.5269899432985,1356.2996552069621,949.6106216965051
forecast_6136,2025-09-13 16:00:00,1117.9580637276213,1435.1413500684243,944.4462762632636
forecast_6137,2025-09-13 17:00:00,1711.7827594638316,1542.4069047237792,1146.8297351428264
forecast_6138,2025-09-13 18:00:00,2056.377212887469,2599.208980161995,1778.326590156789
forecast_6139,2025-09-13 19:00:00,2121.7070312488445,3090.736829110333,1156.8033969821686
forecast_6140,2025-09-13 20:00:00,1553.0421260940884,1647.5973722687231,842.8842874338349
forecast_6141,2025-09-13 21:00:00,947.0851286095018,766.2480448702821,664.2115421789939
forecast_6142,2025-09-13 22:00:00,728.7798151729851,417.84759467986714,657.7327777056947
forecast_6143,2025-09-13 23:00:00,795.7148197049554,465.2798992522579,659.4683576922671
forecast_6144,2025-09-14 00:00:00,1137.8149751917763,864.7560209832885,661.9602651746998
forecast_6145,2025-09-14 01:00:00,1955.9574072673017,1317.469546212873,661.9602651746998
forecast_6146,2025-09-14 02:00:00,2254.240384764806,1395.017874022942,667.1246106079412
forecast_6147,2025-09-14 03:00:00,1432.708315452671,1274.8951892354607,659.4683576922671
forecast_6148,2025-09-14 04:00:00,1337.1173202319096,1357.8878620505168,661.9602651746998
forecast_6149,2025-09-14 05:00:00,2033.9369349822277,1759.2651126569176,661.9602651746998
forecast_6150,2025-09-14 06:00:00,2021.3168586111242,1807.1395943046882,676.2543278286781
forecast_6151,2025-09-14 07:00:00,1845.72651058251,1653.5838405505237,666.7034496614267
forecast_6152,2025-09-14 08:00:00,1877.4382463306606,1647.2745715468427,666.7034496614267
forecast_6153,2025-09-14 09:00:00,1828.9610897437021,1546.333448268001,842.8842874338349
forecast_6154,2025-09-14 10:00:00,1334.0391307540303,1288.9249007192425,914.2977305536293
forecast_6155,2025-09-14 11:00:00,1028.6912166370432,1174.9797719931353,1047.1300943502813
forecast_6156,2025-09-14 12:00:00,1122.4191646308482,1221.0372827941112,1425.6300198019856
forecast_6157,2025-09-14 13:00:00,1506.4084343817487,1610.4030388088945,1309.1630916330203
forecast_6158,2025-09-14 14:00:00,1616.151809516859,2867.6710581775797,2430.5247239327427
forecast_6159,2025-09-14 15:00:00,2291.3535187295734,3458.7408155637277,3026.2708418553148
forecast_6160,2025-09-14 16:00:00,3107.1736382563968,3503.7870533495725,4038.197426888205
forecast_6161,2025-09-14 17:00:00,4607.513862934429,5137.062317017617,5104.687618830585
forecast_6162,2025-09-14 18:00:00,7479.039425917787,7001.257051990215,7248.344135389535
forecast_6163,2025-09-14 19:00:00,9397.666481442653,10298.988187281404,9756.165619697955
forecast_6164,2025-09-14 20:00:00,11843.430456048,13279.758046597839,12203.221521477302
forecast_6165,2025-09-14 21:00:00,14299.63832058587,14575.022636024281,13909.224892982678
forecast_6166,2025-09-14 22:00:00,14498.173463268356,15464.994494350161,14756.693696014443
forecast_6167,2025-09-14 23:00:00,14917.060937095768,15927.985508762267,16125.701611202167
forecast_6168,2025-09-15 00:00:00,15797.79856278337,16561.19248386069,15270.848463240158
forecast_6169,2025-09-15 01:00:00,16690.636065485938,16184.879714461425,14141.442935658086
forecast_6170,2025-09-15 02:00:00,15128.0706095955,14355.671793408477,11739.43000799559
forecast_6171,2025-09-15 03:00:00,14561.71885872657,13581.410499290088,9823.30970116069
forecast_6172,2025-09-15 04:00:00,14333.758143297924,12780.798855411258,9605.530300786431
forecast_6173,2025-09-15 05:00:00,13115.827626612654,11361.741006982249,9195.849605728414
forecast_6174,2025-09-15 06:00:00,9892.78516091345,9424.013040568703,5826.374987904029
forecast_6175,2025-09-15 07:00:00,7269.426325234623,5819.586522554105,4205.002176382026
forecast_6176,2025-09-15 08:00:00,4330.724157770417,2317.3042434912118,1482.7788918099723
forecast_6177,2025-09-15 09:00:00,1470.288709871529,884.65910788828,792.5574713111758
forecast_6178,2025-09-15 10:00:00,671.1977359419634,316.25560655813877,664.2115421789939
forecast_6179,2025-09-15 11:00:00,253.0321259631641,296.2647745676504,657.7327777056947
forecast_6180,2025-09-15 12:00:00,253.0321259631641,296.2647745676504,657.7327777056947
forecast_6181,2025-09-15 13:00:00,253.0321259631641,296.2647745676504,657.7327777056947
forecast_6182,2025-09-15 14:00:00,254.18918597598145,296.2647745676504,657.7327777056947
forecast_6183,2025-09-15 15:00:00,697.6826101669935,307.71947410939435,686.4505137474697
forecast_6184,2025-09-15 16:00:00,1044.8080786953483,469.40429457815964,1071.5671147645999
forecast_6185,2025-09-15 17:00:00,2320.0718512019243,1220.6148854724547,1410.5436514424086
forecast_6186,2025-09-15 18:00:00,4048.772901402778,3662.8419141213876,2946.2084069213365
forecast_6187,2025-09-15 19:00:00,4995.2230425343105,4427.089593787603,3994.479705206134
forecast_6188,2025-09-15 20:00:00,5232.872054828176,5494.2054820485355,4833.008705402459
forecast_6189,2025-09-15 21:00:00,4844.800583356174,5774.801887346512,4852.858221716576
forecast_6190,2025-09-15 22:00:00,6579.990417704308,6659.066893921916,4957.810841658206
forecast_6191,2025-09-15 23:00:00,5669.4839177369995,6676.7885427858855,4957.810841658206
forecast_6192,2025-09-16 00:00:00,6779.538236246252,6770.334889362546,5761.723691277876
forecast_6193,2025-09-16 01:00:00,10111.750204073924,8787.375276994628,7248.53382226265
forecast_6194,2025-09-16 02:00:00,11791.320553337493,10433.84617096903,8745.817592368176
forecast_6195,2025-09-16 03:00:00,12636.016241896776,11530.149350777938,8957.609319149065
forecast_6196,2025-09-16 04:00:00,12385.778419361728,13858.608030662252,9289.249710944641
forecast_6197,2025-09-16 05:00:00,13027.534372064818,14458.466999342974,9610.777381036809
forecast_6198,2025-09-16 06:00:00,13353.870993779012,14944.048589944116,9594.720868159966
forecast_6199,2025-09-16 07:00:00,13510.91367188036,14266.052178650378,9069.001499782018
forecast_6200,2025-09-16 08:00:00,12604.817459651695,13286.866606076586,6851.558448032901
forecast_6201,2025-09-16 09:00:00,10156.4518097994,10542.466086418175,5974.935243431714
forecast_6202,2025-09-16 10:00:00,8659.039695454076,8011.1085262234465,6993.144623855423
forecast_6203,2025-09-16 11:00:00,7421.9829193854675,7717.432541640078,6654.872526748771
forecast_6204,2025-09-16 12:00:00,7159.748502812242,7924.813705294143,6759.527936660879
forecast_6205,2025-09-16 13:00:00,7589.881965500351,8802.685301946349,6889.262468887442
forecast_6206,2025-09-16 14:00:00,7627.240359028685,9516.168532783759,7023.037688567732
forecast_6207,2025-09-16 15:00:00,7683.975495850648,10372.310520403586,7290.703739279894
forecast_6208,2025-09-16 16:00:00,7697.0274775897,9002.914204359948,7081.093000434863
forecast_6209,2025-09-16 17:00:00,7698.925082258014,8951.785144865142,7376.849206832022
forecast_6210,2025-09-16 18:00:00,7416.286792244495,9652.76676274875,7291.840166083178
forecast_6211,2025-09-16 19:00:00,8273.509553749554,9666.75107896746,8758.022958271711
forecast_6212,2025-09-16 20:00:00,8509.54106631897,9563.355532204892,8512.036946532598
forecast_6213,2025-09-16 21:00:00,9380.73665749146,10149.36816370618,9338.158157964313
forecast_6214,2025-09-16 22:00:00,11691.14550981413,12613.61724091942,12526.403699706721
forecast_6215,2025-09-16 23:00:00,13166.222415732027,13797.794247032816,13047.209941551238
forecast_6216,2025-09-17 00:00:00,15400.841546234433,15274.021947093424,14961.334876575707
forecast_6217,2025-09-17 01:00:00,15053.305989905246,17480.699126506883,14736.568876702746
forecast_6218,2025-09-17 02:00:00,15471.43421790402,17814.116570284,15132.25445233369
forecast_6219,2025-09-17 03:00:00,15627.897967265215,18020.37338093581,17382.53208539955
forecast_6220,2025-09-17 04:00:00,16591.07357351386,18270.034333312306,18446.481898962957
forecast_6221,2025-09-17 05:00:00,16271.844333059871,18205.050109672236,17616.47552706152
forecast_6222,2025-09-17 06:00:00,14396.743579731929,17195.033922803705,16220.058714631416
forecast_6223,2025-09-17 07:00:00,13274.116265946202,14960.818899556598,12706.49268764968
forecast_6224,2025-09-17 08:00:00,12088.459045141411,12682.243533706194,11957.287912047066
forecast_6225,2025-09-17 09:00:00,9451.697089337598,12010.401936911105,8742.830298749002
forecast_6226,2025-09-17 10:00:00,5769.787172654772,7974.636519269446,4739.0903538106795
forecast_6227,2025-09-17 11:00:00,5223.635184921049,6705.1103869405415,3059.24046088641
forecast_6228,2025-09-17 12:00:00,2742.9129310079834,4322.605932721452,2123.147890424131
forecast_6229,2025-09-17 13:00:00,3145.099733887974,4327.8470034109905,2613.4749374155545
forecast_6230,2025-09-17 14:00:00,4905.950180525668,6763.988306187991,3989.639114890439
forecast_6231,2025-09-17 15:00:00,5680.267478630411,6091.560721281288,4050.929832750323
forecast_6232,2025-09-17 16:00:00,5789.744731085738,5362.898677212152,3202.182208745941
forecast_6233,2025-09-17 17:00:00,4214.994168949301,4266.069680010888,1278.8039599759027
forecast_6234,2025-09-17 18:00:00,3635.9854049512896,2618.8268883437386,1153.4916137766186
forecast_6235,2025-09-17 19:00:00,2407.183613378823,2058.327480141623,792.5574713111758
forecast_6236,2025-09-17 20:00:00,1581.5256064990294,1458.636784747613,853.3124732634827
forecast_6237,2025-09-17 21:00:00,1312.8806914103434,1420.7141959044513,1011.37831656607
forecast_6238,2025-09-17 22:00:00,1330.9631963459956,1230.1677372292736,967.7275568332265
forecast_6239,2025-09-17 23:00:00,898.4143463719174,814.6508096496993,766.1729559966014
forecast_6240,2025-09-18 00:00:00,753.4157748834348,548.7490140672616,666.7034496614267
forecast_6241,2025-09-18 01:00:00,797.5430176694866,506.2660664777421,666.7034496614267
forecast_6242,2025-09-18 02:00:00,1016.7055830337027,434.21213430040916,666.7034496614267
forecast_6243,2025-09-18 03:00:00,1509.126750181297,474.83720167233844,842.8842874338349
forecast_6244,2025-09-18 04:00:00,2015.646916196564,788.9192529777691,1275.7626540821161
forecast_6245,2025-09-18 05:00:00,2234.7330731646066,1573.2881622451835,1274.1552928554781
forecast_6246,2025-09-18 06:00:00,2859.5143107919694,3339.9227054267926,2561.610716364614
forecast_6247,2025-09-18 07:00:00,3485.247636701185,3511.860406728654,3790.0675178551937
forecast_6248,2025-09-18 08:00:00,4220.53716792394,4038.3716142963267,4380.69010010662
forecast_6249,2025-09-18 09:00:00,5145.382418294735,4649.996824256641,4441.460370088271
forecast_6250,2025-09-18 10:00:00,4468.900907431509,4747.440615045763,4391.045866856888
forecast_6251,2025-09-18 11:00:00,4256.299200882522,5216.130697153458,4481.028791722517
forecast_6252,2025-09-18 12:00:00,3420.463635746056,5270.926960602001,3853.404771910968
forecast_6253,2025-09-18 13:00:00,3327.7347053428966,4702.413510446993,2937.9576268763353
forecast_6254,2025-09-18 14:00:00,3208.517491303029,3776.8541566877334,2131.791794461418
forecast_6255,2025-09-18 15:00:00,2453.707888553809,3388.130580586899,2106.174072200743
forecast_6256,2025-09-18 16:00:00,1387.7800635014603,2894.1343424734223,2033.3043929270934
forecast_6257,2025-09-18 17:00:00,736.0604353715503,1812.580770592343,2022.5420428315713
forecast_6258,2025-09-18 18:00:00,835.9415120295995,2551.3269614366245,1892.8575227317367
forecast_6259,2025-09-18 19:00:00,1569.4632114366307,3017.1273876632176,2399.199879384264
forecast_6260,2025-09-18 20:00:00,2553.394740734926,3738.8679734881894,2423.405349079838
forecast_6261,2025-09-18 21:00:00,2772.9351351538157,3712.7944152969635,2428.0454074596523
forecast_6262,2025-09-18 22:00:00,2281.8869286930862,2241.0913566454315,1399.0964309363703
forecast_6263,2025-09-18 23:00:00,2070.9184598319525,1902.2231498178758,1896.4040323548738
forecast_6264,2025-09-19 00:00:00,2549.1395424466377,3180.4085592550146,1359.4776972151535
forecast_6265,2025-09-19 01:00:00,2786.6981638404723,3564.122629429186,1330.1184317573354
forecast_6266,2025-09-19 02:00:00,2884.8877497033345,3455.106833655123,1228.7378719479473
forecast_6267,2025-09-19 03:00:00,2792.2000387835596,3405.127414836762,1172.4972565290063
forecast_6268,2025-09-19 04:00:00,2987.073265887086,3695.968670665713,1062.0297299996705
forecast_6269,2025-09-19 05:00:00,2434.6822969245127,3136.6428165106945,997.8829665463693
forecast_6270,2025-09-19 06:00:00,2414.9569590433903,2212.1530318972254,903.8375835687335
forecast_6271,2025-09-19 07:00:00,2081.5428453057434,1823.2557851773436,776.6011418262494
forecast_6272,2025-09-19 08:00:00,1713.6350420233393,1432.1521726862927,715.8461398739425
forecast_6273,2025-09-19 09:00:00,1128.1938199093788,1185.5131359816116,722.7152671270067
forecast_6274,2025-09-19 10:00:00,691.7387266915739,805.852156433233,659.4683576922671
forecast_6275,2025-09-19 11:00:00,325.5815962448066,446.64590381762264,657.7327777056947
forecast_6276,2025-09-19 12:00:00,279.87603860082885,364.2973267864265,657.7327777056947
forecast_6277,2025-09-19 13:00:00,279.87603860082885,360.6367071847926,657.7327777056947
forecast_6278,2025-09-19 14:00:00,279.87603860082885,363.81860715198616,657.7327777056947
forecast_6279,2025-09-19 15:00:00,322.4060579341868,345.920793582015,657.7327777056947
forecast_6280,2025-09-19 16:00:00,512.8794844416345,405.1158499554076,657.7327777056947
forecast_6281,2025-09-19 17:00:00,858.7431931709668,496.4902503750316,657.7327777056947
forecast_6282,2025-09-19 18:00:00,1789.2584297599878,1225.529425351293,659.4683576922671
forecast_6283,2025-09-19 19:00:00,2621.15725163484,1871.021974732496,796.3482059122924
forecast_6284,2025-09-19 20:00:00,2904.6098583805547,2924.504179876981,994.379365288752
forecast_6285,2025-09-19 21:00:00,3710.2950652555346,3470.6842303244935,1071.4862612026961
forecast_6286,2025-09-19 22:00:00,4918.194899796921,4281.167493544332,1228.709504763929
forecast_6287,2025-09-19 23:00:00,7023.177490378318,5907.389796719603,2016.277331482801
forecast_6288,2025-09-20 00:00:00,7287.506775731801,7786.819522096334,2396.463172092853
forecast_6289,2025-09-20 01:00:00,7159.703206495094,7734.727041011477,2450.593019784649
forecast_6290,2025-09-20 02:00:00,6912.658107555231,7520.499620800864,2692.98997306343
forecast_6291,2025-09-20 03:00:00,8141.005012910314,8426.692328185494,4175.6970664361315
forecast_6292,2025-09-20 04:00:00,7086.114208835357,8247.54074057695,4742.793973070629
forecast_6293,2025-09-20 05:00:00,6995.664605484513,8030.212187201521,5138.827463902706
forecast_6294,2025-09-20 06:00:00,6928.082967032189,6204.032313243076,6622.989113445399
forecast_6295,2025-09-20 07:00:00,5788.38594400287,3925.1133359316636,5267.346573089801
forecast_6296,2025-09-20 08:00:00,4480.3622515554,3726.307795340255,3033.3746480621217
forecast_6297,2025-09-20 09:00:00,3951.667639167138,4019.7834220398654,2653.3863031767332
forecast_6298,2025-09-20 10:00:00,2820.6841354949725,2344.9871381900402,1412.6887640507514
forecast_6299,2025-09-20 11:00:00,2330.2576469303626,1649.6026438180638,1323.5249460059686
forecast_6300,2025-09-20 12:00:00,1937.1265395385285,1704.7954111854913,1343.2742680350061
forecast_6301,2025-09-20 13:00:00,2332.2061389199057,1753.8812894191674,1997.7670005817047
forecast_6302,2025-09-20 14:00:00,2612.3444818666276,2519.8687361847205,2067.944205600152
forecast_6303,2025-09-20 15:00:00,2398.7506619920514,1724.359584645809,1154.2644411580563
forecast_6304,2025-09-20 16:00:00,1719.7283426678969,1501.3854538195133,1125.8527710474862
forecast_6305,2025-09-20 17:00:00,1331.3529949904198,1289.2644012947533,971.2311580908438
forecast_6306,2025-09-20 18:00:00,1108.0122904304967,876.1530117706101,917.2024465279758
forecast_6307,2025-09-20 19:00:00,972.478738681174,822.9720887694406,971.2311580908438
forecast_6308,2025-09-20 20:00:00,1621.8774888953035,1345.7696813570806,1194.0186249590977
forecast_6309,2025-09-20 21:00:00,2573.86620261783,2030.4978762798496,1316.6883354030083
forecast_6310,2025-09-20 22:00:00,3287.2935863932457,3124.3975343207467,2517.5410094411245
forecast_6311,2025-09-20 23:00:00,3931.3657157101843,3919.8911206612947,2792.3861403081946
forecast_6312,2025-09-21 00:00:00,3876.4519669791393,3916.5776742598546,3038.3175387060214
forecast_6313,2025-09-21 01:00:00,3876.7668980340013,4144.504779245539,3657.3904174024356
forecast_6314,2025-09-21 02:00:00,3795.859256046395,4444.455552749769,3723.9753308555373
forecast_6315,2025-09-21 03:00:00,3826.6387807439496,4531.1669464081815,3436.433185774092
forecast_6316,2025-09-21 04:00:00,4515.73832330244,4390.258643141793,3535.6153097083065
forecast_6317,2025-09-21 05:00:00,4820.414042573413,4811.231382300573,3596.25601217116
forecast_6318,2025-09-21 06:00:00,4889.753850429077,6319.68911623086,3615.773982992653
forecast_6319,2025-09-21 07:00:00,4883.55014884935,6209.295368454078,3452.001948636446
forecast_6320,2025-09-21 08:00:00,3913.9765606085325,5163.602198266883,3480.6190963713525
forecast_6321,2025-09-21 09:00:00,3718.1132825631744,3752.775688939278,3068.3457004416077
forecast_6322,2025-09-21 10:00:00,2608.2809014477175,3437.9419518382397,2412.763911673982
forecast_6323,2025-09-21 11:00:00,1812.7429142958695,2077.23547207451,2057.225649844665
forecast_6324,2025-09-21 12:00:00,1090.9116512905443,1619.548754110369,1721.5328816566532
forecast_6325,2025-09-21 13:00:00,850.7720330111299,1628.1468904904477,1847.4615171109926
forecast_6326,2025-09-21 14:00:00,784.6348983444989,1737.9560453614308,1433.4903523830471
forecast_6327,2025-09-21 15:00:00,1115.8853184102627,2000.527713260744,1871.6669868065667
forecast_6328,2025-09-21 16:00:00,1206.7857738383782,2727.5594843323174,1871.6669868065667
forecast_6329,2025-09-21 17:00:00,1909.6298625876316,2442.2272654502945,1453.0333593162738
forecast_6330,2025-09-21 18:00:00,2035.0364966162183,3457.970859556459,2382.2089029630897
forecast_6331,2025-09-21 19:00:00,3055.664948091952,3935.051701852675,2135.068581238377
forecast_6332,2025-09-21 20:00:00,4125.564145620227,5336.6861430011195,2259.527809563287
forecast_6333,2025-09-21 21:00:00,5045.420754413288,7012.839863028977,2631.4717538593386
forecast_6334,2025-09-21 22:00:00,5179.3011703645525,7150.118832002273,2608.4534883041074
forecast_6335,2025-09-21 23:00:00,5081.76864133739,7494.475362743056,2538.7430127594534
forecast_6336,2025-09-22 00:00:00,5647.799128825214,7437.912966125878,2247.502420416994
forecast_6337,2025-09-22 01:00:00,5225.0469663225595,6926.765549187308,2209.386114181981
forecast_6338,2025-09-22 02:00:00,5255.4790202043205,6456.129326502103,2209.386114181981
forecast_6339,2025-09-22 03:00:00,4991.098622959734,6717.277929509779,2193.9671010256593
forecast_6340,2025-09-22 04:00:00,4951.67169596135,6964.589557872193,2174.0000376942307
forecast_6341,2025-09-22 05:00:00,5155.600060330137,7475.489455223532,2604.0175217101373
forecast_6342,2025-09-22 06:00:00,6005.857981773586,7572.977679826645,2895.6358167485623
forecast_6343,2025-09-22 07:00:00,5892.865089591207,7089.821541858735,3103.4962376234716
forecast_6344,2025-09-22 08:00:00,5441.341558030392,7164.679298617781,3999.5141008942182
forecast_6345,2025-09-22 09:00:00,5307.568185186259,6953.865545530347,4350.258222644823
forecast_6346,2025-09-22 10:00:00,5236.052456624488,6367.667728699694,3760.7778315952337
forecast_6347,2025-09-22 11:00:00,3459.5306599617297,5264.528717052772,3075.936308506024
forecast_6348,2025-09-22 12:00:00,3374.785141343411,4301.915319939764,2915.6443310943923
forecast_6349,2025-09-22 13:00:00,3230.686002851158,4558.709681460949,3020.4229541428954
forecast_6350,2025-09-22 14:00:00,3096.8871749504933,4613.769608061048,2420.1705034899123
forecast_6351,2025-09-22 15:00:00,2968.33264581624,3498.9941031919516,2109.0778967017427
forecast_6352,2025-09-22 16:00:00,2883.3410425053144,3248.2105939754206,2083.4601744410684
forecast_6353,2025-09-22 17:00:00,2848.8927708645065,3222.401962180181,2083.4601744410684
forecast_6354,2025-09-22 18:00:00,3017.1450420475526,3401.8004344515043,2121.3858019608706
forecast_6355,2025-09-22 19:00:00,3297.640520317189,3844.758234514592,1398.110132643423
forecast_6356,2025-09-22 20:00:00,3387.895347482666,4648.986342977535,1585.3513678309037
forecast_6357,2025-09-22 21:00:00,3456.363814455154,5069.585700502702,1268.3649106113899
forecast_6358,2025-09-22 22:00:00,3512.9735791998364,4177.8217553626655,1307.498623362852
forecast_6359,2025-09-22 23:00:00,3244.1620936089976,3790.127432940758,1102.351870795795
forecast_6360,2025-09-23 00:00:00,2612.9626331452682,3354.34960583635,1027.6019391919476
forecast_6361,2025-09-23 01:00:00,2358.0312196166988,1980.4470632230186,735.5932039599854
forecast_6362,2025-09-23 02:00:00,1931.6698893284283,1616.413105842018,666.7034496614267
forecast_6363,2025-09-23 03:00:00,2072.398656129534,1870.1673731099534,664.2115421789939
forecast_6364,2025-09-23 04:00:00,2391.947293433982,2144.6419125515613,686.4505137474697
forecast_6365,2025-09-23 05:00:00,3015.4978701752684,3577.804729394194,1027.6019391919476
forecast_6366,2025-09-23 06:00:00,3405.4723674894694,3847.45488588631,1123.2613676114327
forecast_6367,2025-09-23 07:00:00,3672.683502812687,3864.486544037278,1097.8834982016504
forecast_6368,2025-09-23 08:00:00,3245.050833432845,3835.868108792872,1293.7427800211722
forecast_6369,2025-09-23 09:00:00,2465.374370659612,3329.6684628801186,1330.1184317573354
forecast_6370,2025-09-23 10:00:00,1656.1705222733776,3086.3299549656417,1240.6483426335017
forecast_6371,2025-09-23 11:00:00,1030.5706405715882,2005.2700985497606,1330.1184317573354
forecast_6372,2025-09-23 12:00:00,908.1207949883061,1724.0024294753566,1330.1184317573354
forecast_6373,2025-09-23 13:00:00,1039.2297708799597,1658.9596531382485,1330.1184317573354
forecast_6374,2025-09-23 14:00:00,1187.1844587329845,2331.26323062153,1310.0065782784054
forecast_6375,2025-09-23 15:00:00,1351.1067740987055,2122.92715102281,1172.4972565290063
forecast_6376,2025-09-23 16:00:00,1360.9347894580103,2193.851225057023,1099.5033441705343
forecast_6377,2025-09-23 17:00:00,1623.8232069079445,2684.5152179744264,1025.033885635012
forecast_6378,2025-09-23 18:00:00,1901.1971924750865,3279.451404066846,1001.5592539131519
forecast_6379,2025-09-23 19:00:00,2645.2529085696533,3488.7720636169265,978.1557426628744
forecast_6380,2025-09-23 20:00:00,3300.4876108172175,3838.0623609839945,910.794129296012
forecast_6381,2025-09-23 21:00:00,3567.378960119655,3630.635834227351,981.6593439204917
forecast_6382,2025-09-23 22:00:00,3749.8586878049073,3653.445451353878,910.794129296012
forecast_6383,2025-09-23 23:00:00,3601.4893011683184,3650.8751672628046,853.3124732634827
forecast_6384,2025-09-24 00:00:00,4216.762186816706,3446.546721216261,853.3124732634827
forecast_6385,2025-09-24 01:00:00,3947.6163235668546,3636.3801157579574,997.8829665463693
forecast_6386,2025-09-24 02:00:00,3830.3117663507714,3965.276545947939,1245.6996266140575
forecast_6387,2025-09-24 03:00:00,4685.28903871625,4382.218273257223,2136.3296205824017
forecast_6388,2025-09-24 04:00:00,4846.934744073905,5016.525857280224,2221.411503328275
forecast_6389,2025-09-24 05:00:00,6089.128725826006,6652.041295181965,2866.3856041287722
forecast_6390,2025-09-24 06:00:00,6134.981361182623,7687.955396684342,3294.1226501929114
forecast_6391,2025-09-24 07:00:00,5130.603958489157,6392.165582979833,3718.259894845573
forecast_6392,2025-09-24 08:00:00,5426.272257692841,6761.755434357144,4263.754210667416
forecast_6393,2025-09-24 09:00:00,6013.665434646107,7410.263332744694,4631.332765884674
forecast_6394,2025-09-24 10:00:00,4681.274351753622,7278.3721434704585,4660.210870297233
forecast_6395,2025-09-24 11:00:00,6270.141876203905,7433.617252628994,5539.012094701276
forecast_6396,2025-09-24 12:00:00,7962.208822100935,9131.947811113361,7086.266009447389
forecast_6397,2025-09-24 13:00:00,7832.006441189516,11477.130905002376,8536.206010721191
forecast_6398,2025-09-24 14:00:00,9357.422338652746,13315.903145961847,10245.748900910005
forecast_6399,2025-09-24 15:00:00,10215.301220227557,12772.235914349721,8962.01017030864
forecast_6400,2025-09-24 16:00:00,10121.55543107244,11563.647966415334,8550.928174149036
forecast_6401,2025-09-24 17:00:00,10601.231865683545,11145.481461254629,8653.028719258424
forecast_6402,2025-09-24 18:00:00,10550.043417755418,11658.663452310062,8214.726668836887
forecast_6403,2025-09-24 19:00:00,11271.532215364487,12172.681866819572,10220.049809611946
forecast_6404,2025-09-24 20:00:00,12029.053092308677,12877.702681882885,12635.347640145794
forecast_6405,2025-09-24 21:00:00,13967.499114367549,16175.854218020351,13472.143122806365
forecast_6406,2025-09-24 22:00:00,15090.303189396373,17575.02640689927,14419.27363591598
forecast_6407,2025-09-24 23:00:00,15948.105431010548,17376.357607455408,14800.727925641342
forecast_6408,2025-09-25 00:00:00,15315.154153324682,17047.010966292048,14445.135608796885
forecast_6409,2025-09-25 01:00:00,17093.787053953703,18005.878601801116,17073.312955986425
forecast_6410,2025-09-25 02:00:00,17342.063003353236,18046.67470410697,17504.298647009964
forecast_6411,2025-09-25 03:00:00,16374.406652157428,17970.727498345685,17413.622185965927
forecast_6412,2025-09-25 04:00:00,15365.279629242028,17238.643425663315,17557.548322738152
forecast_6413,2025-09-25 05:00:00,14784.96292274167,16454.04266376903,14533.38922610386
forecast_6414,2025-09-25 06:00:00,14950.413651618786,16654.80863219909,14961.948884100708
forecast_6415,2025-09-25 07:00:00,14716.46937206476,16375.596185742193,14159.918761042954
forecast_6416,2025-09-25 08:00:00,15341.453919434181,16920.071947865392,14645.591816291493
forecast_6417,2025-09-25 09:00:00,15513.473635748232,16089.251471333686,14413.506888920587
forecast_6418,2025-09-25 10:00:00,13309.588942110713,15621.573334466646,12925.978936795284
forecast_6419,2025-09-25 11:00:00,12941.537959209207,14957.634059076687,12506.952468466468
forecast_6420,2025-09-25 12:00:00,13245.590148953419,16173.70667728384,12614.319554445052
forecast_6421,2025-09-25 13:00:00,13733.430264896751,16466.57403834725,13160.70101840392
forecast_6422,2025-09-25 14:00:00,13594.61373536789,15412.14115455058,13257.97674400936
forecast_6423,2025-09-25 15:00:00,13840.607718263524,15227.383883383252,14229.46348432467
forecast_6424,2025-09-25 16:00:00,13699.00440800386,15288.346413795167,14042.914547054625
forecast_6425,2025-09-25 17:00:00,14129.077255883492,15825.837001512875,13625.196597780086
forecast_6426,2025-09-25 18:00:00,14536.738572598459,16899.3146425681,14148.620029678339
forecast_6427,2025-09-25 19:00:00,15360.26305176212,16935.580108948816,14510.836653411981
forecast_6428,2025-09-25 20:00:00,16438.9987899783,16264.574300435857,15337.89344904222
forecast_6429,2025-09-25 21:00:00,18080.179449835225,16356.745244334583,14475.836251862633
forecast_6430,2025-09-25 22:00:00,18499.124575970687,17385.535936086526,14267.226261017897
forecast_6431,2025-09-25 23:00:00,18460.075603433954,17622.28002125416,13635.385854499964
forecast_6432,2025-09-26 00:00:00,17692.599738096305,16186.624528400012,13088.555744816858
forecast_6433,2025-09-26 01:00:00,15477.086926664439,14386.803860840975,10862.975704145534
forecast_6434,2025-09-26 02:00:00,12949.80859997306,11329.194417137809,9222.720095164632
forecast_6435,2025-09-26 03:00:00,9774.249427130591,9461.239622569201,8585.765091648102
forecast_6436,2025-09-26 04:00:00,8558.372810778901,8394.166431700784,5748.619572844228
forecast_6437,2025-09-26 05:00:00,5593.878154960103,5755.602123259441,3435.262113953568
forecast_6438,2025-09-26 06:00:00,2614.259253398657,2186.207818785576,1364.948491536271
forecast_6439,2025-09-26 07:00:00,1318.536019493132,1314.12778291441,853.3124732634827
forecast_6440,2025-09-26 08:00:00,345.40017575468903,659.7279670404839,666.7034496614267
forecast_6441,2025-09-26 09:00:00,254.18918597598145,436.90196893065166,657.7327777056947
forecast_6442,2025-09-26 10:00:00,253.0321259631641,296.2647745676504,657.7327777056947
forecast_6443,2025-09-26 11:00:00,253.0321259631641,296.2647745676504,657.7327777056947
forecast_6444,2025-09-26 12:00:00,253.0321259631641,296.2647745676504,657.7327777056947
forecast_6445,2025-09-26 13:00:00,253.0321259631641,296.2647745676504,657.7327777056947
forecast_6446,2025-09-26 14:00:00,253.0321259631641,296.2647745676504,657.7327777056947
forecast_6447,2025-09-26 15:00:00,253.0321259631641,296.2647745676504,657.7327777056947
forecast_6448,2025-09-26 16:00:00,253.0321259631641,296.2647745676504,657.7327777056947
forecast_6449,2025-09-26 17:00:00,253.0321259631641,296.2647745676504,657.7327777056947
forecast_6450,2025-09-26 18:00:00,253.0321259631641,296.2647745676504,657.7327777056947
forecast_6451,2025-09-26 19:00:00,253.0321259631641,296.2647745676504,657.7327777056947
forecast_6452,2025-09-26 20:00:00,253.0321259631641,296.37907316462713,657.7327777056947
forecast_6453,2025-09-26 21:00:00,260.0197302921102,314.1709926505879,657.7327777056947
forecast_6454,2025-09-26 22:00:00,279.87603860082885,367.9966773415323,657.7327777056947
forecast_6455,2025-09-26 23:00:00,285.87835202712364,386.1224612089601,657.7327777056947
forecast_6456,2025-09-27 00:00:00,330.06236380098244,363.81860715198616,657.7327777056947
forecast_6457,2025-09-27 01:00:00,602.5192273914206,397.7752225183715,657.7327777056947
forecast_6458,2025-09-27 02:00:00,730.5797157228257,507.5471166591668,657.7327777056947
forecast_6459,2025-09-27 03:00:00,836.7533294731747,606.4450757942134,657.7327777056947
forecast_6460,2025-09-27 04:00:00,907.7481411962854,871.21109524364,657.7327777056947
forecast_6461,2025-09-27 05:00:00,1399.840970872,1279.9753716021148,659.4683576922671
forecast_6462,2025-09-27 06:00:00,1626.1905403366352,1574.8202157937428,661.9602651746998
forecast_6463,2025-09-27 07:00:00,1616.0469038258623,1561.6410516079375,661.9602651746998
forecast_6464,2025-09-27 08:00:00,1540.9637809707754,1264.5520012986353,661.9602651746998
forecast_6465,2025-09-27 09:00:00,875.3884729750669,621.1077708693279,659.4683576922671
forecast_6466,2025-09-27 10:00:00,298.9834200447598,390.8095005863499,659.4683576922671
forecast_6467,2025-09-27 11:00:00,254.18918597598145,304.882793254979,657.7327777056947
forecast_6468,2025-09-27 12:00:00,253.0321259631641,297.6736743700793,659.4683576922671
forecast_6469,2025-09-27 13:00:00,253.0321259631641,298.12868725436874,659.4683576922671
forecast_6470,2025-09-27 14:00:00,253.0321259631641,298.12868725436874,659.4683576922671
forecast_6471,2025-09-27 15:00:00,253.0321259631641,297.6736743700793,659.4683576922671
forecast_6472,2025-09-27 16:00:00,254.18918597598145,316.9510103834844,659.4683576922671
forecast_6473,2025-09-27 17:00:00,262.90575307011255,375.37549378156695,659.4683576922671
forecast_6474,2025-09-27 18:00:00,375.78662272070306,480.17037533689984,661.9602651746998
forecast_6475,2025-09-27 19:00:00,602.719631789086,687.3697355488752,727.4584516137336
forecast_6476,2025-09-27 20:00:00,711.7648327127193,806.3141166402081,715.8461398739425
forecast_6477,2025-09-27 21:00:00,862.5958291461617,1303.49402046819,1009.5580841034805
forecast_6478,2025-09-27 22:00:00,2558.4817804857485,2876.331177866065,2091.562883366684
forecast_6479,2025-09-27 23:00:00,3626.0660724517707,3749.9145091011974,2804.823273535591
forecast_6480,2025-09-28 00:00:00,4284.0832976495585,4647.735541019616,3463.7669282837815
forecast_6481,2025-09-28 01:00:00,5441.461129481559,6789.973460866354,4703.10244349365
forecast_6482,2025-09-28 02:00:00,7614.491036603479,8252.543941706515,5512.968917744065
forecast_6483,2025-09-28 03:00:00,8294.440918375307,9424.104158333208,5799.020190704797
forecast_6484,2025-09-28 04:00:00,8360.000699749147,9497.014190330861,5968.5982913066355
forecast_6485,2025-09-28 05:00:00,7697.258240674761,9085.323411888668,5754.608189774992
forecast_6486,2025-09-28 06:00:00,6763.346467034471,7335.843508175264,4702.948185849139
forecast_6487,2025-09-28 07:00:00,4680.082996965107,5623.5651270951985,3486.2925930371225
forecast_6488,2025-09-28 08:00:00,3931.492989952983,4082.48170797809,2864.6669938188543
forecast_6489,2025-09-28 09:00:00,3125.2026359258316,3589.778309290221,1560.0225555693112
forecast_6490,2025-09-28 10:00:00,3374.261448560591,3688.0618479587,3270.258853262717
forecast_6491,2025-09-28 11:00:00,4777.303713266769,6274.798447397826,3612.050957092704
forecast_6492,2025-09-28 12:00:00,3673.8207285233634,5212.969809948297,2624.952658549487
forecast_6493,2025-09-28 13:00:00,2958.968997083476,2958.8630408260956,1134.1994704599606
forecast_6494,2025-09-28 14:00:00,3410.2859842346725,3772.1624626148123,1135.8399844111916
forecast_6495,2025-09-28 15:00:00,5961.108995588525,6672.024553778011,1283.7302157719944
forecast_6496,2025-09-28 16:00:00,6463.435243691848,7684.198766991438,2125.2978050405973
forecast_6497,2025-09-28 17:00:00,6064.516507044497,6207.318302229843,2592.716792551765
forecast_6498,2025-09-28 18:00:00,5937.2203357604185,5386.946777636357,2501.3432094411633
forecast_6499,2025-09-28 19:00:00,7072.399775248521,6412.75718647826,3450.326270244953
forecast_6500,2025-09-28 20:00:00,7178.740781605595,7803.185968682667,4491.138652591236
forecast_6501,2025-09-28 21:00:00,6232.934320665318,7314.690541837817,3853.608578698346
forecast_6502,2025-09-28 22:00:00,4396.543398412191,5625.657186984192,2752.594002032302
forecast_6503,2025-09-28 23:00:00,3991.781203181746,3920.2140500671767,2234.9891682730918
forecast_6504,2025-09-29 00:00:00,3770.842451537929,3632.1310261907856,2195.158081531464
forecast_6505,2025-09-29 01:00:00,3675.28565174459,3904.056441721851,2608.69002658554
forecast_6506,2025-09-29 02:00:00,3410.4544434399613,3551.165742509614,2139.509232119654
forecast_6507,2025-09-29 03:00:00,2827.949041151594,2086.1060126281013,1241.9676736124359
forecast_6508,2025-09-29 04:00:00,2151.3099886247883,1364.7432256384761,1205.3376673568414
forecast_6509,2025-09-29 05:00:00,1857.3849253900014,1079.662642469826,853.3124732634827
forecast_6510,2025-09-29 06:00:00,1004.6669198846182,547.8280931195204,659.4683576922671
forecast_6511,2025-09-29 07:00:00,385.929331261229,313.5274456121081,657.7327777056947
forecast_6512,2025-09-29 08:00:00,262.90575307011255,296.37907316462713,657.7327777056947
forecast_6513,2025-09-29 09:00:00,254.18918597598145,296.2647745676504,657.7327777056947
forecast_6514,2025-09-29 10:00:00,253.0321259631641,296.2647745676504,657.7327777056947
forecast_6515,2025-09-29 11:00:00,253.0321259631641,296.2647745676504,657.7327777056947
forecast_6516,2025-09-29 12:00:00,253.0321259631641,296.2647745676504,657.7327777056947
forecast_6517,2025-09-29 13:00:00,253.0321259631641,296.2647745676504,657.7327777056947
forecast_6518,2025-09-29 14:00:00,253.0321259631641,296.2647745676504,659.4683576922671
forecast_6519,2025-09-29 15:00:00,254.18918597598145,296.37907316462713,659.4683576922671
forecast_6520,2025-09-29 16:00:00,262.90575307011255,298.12868725436874,657.7327777056947
forecast_6521,2025-09-29 17:00:00,262.90575307011255,298.12868725436874,657.7327777056947
forecast_6522,2025-09-29 18:00:00,262.90575307011255,298.12868725436874,657.7327777056947
forecast_6523,2025-09-29 19:00:00,262.90575307011255,300.46046943414666,657.7327777056947
forecast_6524,2025-09-29 20:00:00,262.90575307011255,320.5705911770483,657.7327777056947
forecast_6525,2025-09-29 21:00:00,302.9651832045546,338.4319605433981,657.7327777056947
forecast_6526,2025-09-29 22:00:00,809.9854936002866,833.2453546408526,681.7073292607429
forecast_6527,2025-09-29 23:00:00,1235.59899452276,1129.0913860891756,907.3411848263507
forecast_6528,2025-09-30 00:00:00,1354.8672319883917,1000.8162274338129,792.5574713111758
forecast_6529,2025-09-30 01:00:00,1477.2192089852854,1035.269073004752,1060.7224274646621
forecast_6530,2025-09-30 02:00:00,1686.2362153480494,1164.8969824248484,1202.176180362459
forecast_6531,2025-09-30 03:00:00,1959.305553248776,1209.9749961628072,1090.3072204043526
forecast_6532,2025-09-30 04:00:00,2083.2553860040584,1191.9299929736926,1951.352421433006
forecast_6533,2025-09-30 05:00:00,2685.433761871307,1085.814166644009,1114.4219315307066
forecast_6534,2025-09-30 06:00:00,1817.7868192630965,986.3365831442203,1038.6262187493928
forecast_6535,2025-09-30 07:00:00,1111.1614349710085,797.6285030600704,907.3411848263507
forecast_6536,2025-09-30 08:00:00,355.0061301555391,464.55604108278186,659.4683576922671
forecast_6537,2025-09-30 09:00:00,266.89477924638993,298.5965567474283,657.7327777056947
forecast_6538,2025-09-30 10:00:00,253.0321259631641,298.5965567474283,657.7327777056947
forecast_6539,2025-09-30 11:00:00,269.03472578205333,296.2647745676504,659.4683576922671
forecast_6540,2025-09-30 12:00:00,385.4397484403791,325.7312958267677,722.7152671270067
forecast_6541,2025-09-30 13:00:00,313.31994235095505,336.4569732292507,659.4683576922671
forecast_6542,2025-09-30 14:00:00,322.27951657366754,339.0281217626649,686.4505137474697
forecast_6543,2025-09-30 15:00:00,726.2358062722736,546.3443199511714,961.0406888923951
forecast_6544,2025-09-30 16:00:00,931.2814389617448,902.9241859870305,997.8829665463693
forecast_6545,2025-09-30 17:00:00,1650.7043057798194,935.3158415161328,994.379365288752
forecast_6546,2025-09-30 18:00:00,2472.122247982285,1870.8653222236092,1285.806797565721
forecast_6547,2025-09-30 19:00:00,4382.858558010931,2877.47123303887,2136.402865675606
forecast_6548,2025-09-30 20:00:00,5324.702658748385,4372.263853569225,2279.5987797985263
forecast_6549,2025-09-30 21:00:00,5551.57374959337,6200.389039501931,4191.988706581658
forecast_6550,2025-09-30 22:00:00,6257.362647804075,7619.880019975378,5637.024378160883
forecast_6551,2025-09-30 23:00:00,6100.080642236571,8206.612103639753,6441.406722774047
forecast_6552,2025-10-01 00:00:00,8193.267085911186,8392.51250665864,7235.603863236832
forecast_6553,2025-10-01 01:00:00,9394.319570108992,8978.500708910087,8138.8225496798495
forecast_6554,2025-10-01 02:00:00,10507.024663384325,10025.783386467752,8637.181154226817
forecast_6555,2025-10-01 03:00:00,12273.83334588652,10536.863273245088,8368.529999768123
forecast_6556,2025-10-01 04:00:00,11203.636968413171,10056.865043447446,8587.885665391852
forecast_6557,2025-10-01 05:00:00,9659.24831629282,9211.258603081002,7357.768666371261
forecast_6558,2025-10-01 06:00:00,9451.523475110163,8770.915186531704,6074.254124313178
forecast_6559,2025-10-01 07:00:00,8172.360773492141,8421.193764698353,6000.608885560078
forecast_6560,2025-10-01 08:00:00,5268.114656505268,6481.494727649626,3514.506965418419
forecast_6561,2025-10-01 09:00:00,3523.69400396978,4040.5476163516446,2223.950069227065
forecast_6562,2025-10-01 10:00:00,1288.7334512174853,2029.9208195329797,1230.5653863435027
forecast_6563,2025-10-01 11:00:00,953.1085332258663,798.6457454053141,1062.6829342480996
forecast_6564,2025-10-01 12:00:00,915.402868284387,812.8159022492049,978.1557426628744
forecast_6565,2025-10-01 13:00:00,1662.7187044217474,1162.5116210293459,1048.4373968852897
forecast_6566,2025-10-01 14:00:00,1894.5531153084728,1467.189658652554,1048.4373968852897
forecast_6567,2025-10-01 15:00:00,2266.464082677952,1526.045728622743,1146.4625509799446
forecast_6568,2025-10-01 16:00:00,2446.4358781368983,1764.4059389872323,1210.1452644902952
forecast_6569,2025-10-01 17:00:00,3788.265196513525,2453.729776422905,1285.9035793718133
forecast_6570,2025-10-01 18:00:00,5455.090589894181,4153.709403062863,2765.722247125256
forecast_6571,2025-10-01 19:00:00,7667.124807850635,6028.311293548806,3404.8340322603153
forecast_6572,2025-10-01 20:00:00,7895.377884038004,7833.0553018673,4276.054460353256
forecast_6573,2025-10-01 21:00:00,8113.197551986321,7351.07257225978,4873.166968124244
forecast_6574,2025-10-01 22:00:00,8250.474297093626,6539.366719469831,5155.352986181459
forecast_6575,2025-10-01 23:00:00,7837.119382307292,5057.142737975274,4401.286676416952
forecast_6576,2025-10-02 00:00:00,7288.61022363418,5382.7401469053575,4660.382236338709
forecast_6577,2025-10-02 01:00:00,8124.702269262592,7542.528049567215,6118.503400885957
forecast_6578,2025-10-02 02:00:00,8165.529235328341,8336.044163270846,5775.178912320711
forecast_6579,2025-10-02 03:00:00,6922.536311353327,7338.55436956795,5170.045519279343
forecast_6580,2025-10-02 04:00:00,4806.799564770775,5290.731409109334,4177.023630239452
forecast_6581,2025-10-02 05:00:00,3702.702542417278,3790.8104585607157,2287.645022510862
forecast_6582,2025-10-02 06:00:00,2662.6604765155685,2165.9338319024587,1292.345442031856
forecast_6583,2025-10-02 07:00:00,1334.6508047400177,750.6081324898282,735.5932039599854
forecast_6584,2025-10-02 08:00:00,350.8567543908931,408.8277939754547,659.4683576922671
forecast_6585,2025-10-02 09:00:00,254.18918597598145,298.12868725436874,657.7327777056947
forecast_6586,2025-10-02 10:00:00,253.0321259631641,296.2647745676504,657.7327777056947
forecast_6587,2025-10-02 11:00:00,253.0321259631641,296.2647745676504,657.7327777056947
forecast_6588,2025-10-02 12:00:00,253.0321259631641,296.2647745676504,657.7327777056947
forecast_6589,2025-10-02 13:00:00,253.0321259631641,296.2647745676504,657.7327777056947
forecast_6590,2025-10-02 14:00:00,253.0321259631641,296.37907316462713,657.7327777056947
forecast_6591,2025-10-02 15:00:00,253.0321259631641,296.2647745676504,657.7327777056947
forecast_6592,2025-10-02 16:00:00,253.0321259631641,296.37907316462713,657.7327777056947
forecast_6593,2025-10-02 17:00:00,253.0321259631641,298.12868725436874,657.7327777056947
forecast_6594,2025-10-02 18:00:00,254.18918597598145,298.6074068888091,657.7327777056947
forecast_6595,2025-10-02 19:00:00,254.18918597598145,296.37907316462713,657.7327777056947
forecast_6596,2025-10-02 20:00:00,254.18918597598145,298.01438865739203,657.7327777056947
forecast_6597,2025-10-02 21:00:00,254.18918597598145,324.0440421704217,657.7327777056947
forecast_6598,2025-10-02 22:00:00,285.87835202712364,356.34526597287334,657.7327777056947
forecast_6599,2025-10-02 23:00:00,554.5036437817698,377.1363626472233,657.7327777056947
forecast_6600,2025-10-03 00:00:00,1148.8422962784036,1031.0907822196666,659.4683576922671
forecast_6601,2025-10-03 01:00:00,2013.1155830580415,2624.3685551778735,903.8375835687335
forecast_6602,2025-10-03 02:00:00,2488.0312782270803,3481.854430625956,997.8829665463693
forecast_6603,2025-10-03 03:00:00,2771.326581264983,3652.5399460707895,1042.12982000701
forecast_6604,2025-10-03 04:00:00,2671.460631102936,3555.894344646674,1184.0354155147916
forecast_6605,2025-10-03 05:00:00,3416.341928878296,3754.6082718508396,1212.6112324167498
forecast_6606,2025-10-03 06:00:00,3622.811999929949,4038.017164555,1404.26973107051
forecast_6607,2025-10-03 07:00:00,3990.437609482143,5121.31931746404,2235.003836442656
forecast_6608,2025-10-03 08:00:00,3917.4048666499416,5783.881184332696,3095.917289422122
forecast_6609,2025-10-03 09:00:00,3596.662010468974,5996.254502417789,3245.184451848705
forecast_6610,2025-10-03 10:00:00,3219.789290904361,5044.168108929701,3040.8630661024804
forecast_6611,2025-10-03 11:00:00,2686.4643081976155,3410.934755579618,2744.017261283936
forecast_6612,2025-10-03 12:00:00,2286.0589537630376,3428.7441418492062,2709.209598663363
forecast_6613,2025-10-03 13:00:00,2372.211581718881,3481.1720575447935,2505.2302261653444
forecast_6614,2025-10-03 14:00:00,2705.0048934730216,3315.6621804109855,2147.194202936755
forecast_6615,2025-10-03 15:00:00,3262.2497789146946,4463.41169694843,2195.42081879164
forecast_6616,2025-10-03 16:00:00,5758.050884901764,6676.0678715020795,3541.558833079286
forecast_6617,2025-10-03 17:00:00,5841.020190943042,7102.882755008293,3672.1265298991143
forecast_6618,2025-10-03 18:00:00,6167.0923405696885,7226.479077104976,3697.962328914609
forecast_6619,2025-10-03 19:00:00,6725.7235361631,7449.531159325018,3828.706276762225
forecast_6620,2025-10-03 20:00:00,6968.947614686363,7502.935894414333,3816.3012875033187
forecast_6621,2025-10-03 21:00:00,7286.2078643092755,7912.695614581755,3949.9032026603104
forecast_6622,2025-10-03 22:00:00,7125.260479352221,7182.227037961704,3009.79519936777
forecast_6623,2025-10-03 23:00:00,6061.167591598149,6505.2611321448885,2167.463777885208
forecast_6624,2025-10-04 00:00:00,4881.0311092143365,4973.798210979496,1202.7323347664799
forecast_6625,2025-10-04 01:00:00,4060.1523515963077,4652.779170983193,1240.963963292974
forecast_6626,2025-10-04 02:00:00,3919.52304199029,4179.38409581684,1213.3094117750284
forecast_6627,2025-10-04 03:00:00,4003.452956476906,3654.1157729196384,1032.2509223567401
forecast_6628,2025-10-04 04:00:00,3780.1352401534336,3367.6867356636803,1004.1480296846573
forecast_6629,2025-10-04 05:00:00,3747.520395792277,3239.019035447004,971.2311580908438
forecast_6630,2025-10-04 06:00:00,3473.823454713911,3199.3278248817214,842.8842874338349
forecast_6631,2025-10-04 07:00:00,3100.742773204234,3136.9521059101244,766.1729559966014
forecast_6632,2025-10-04 08:00:00,2641.827514318326,2767.3466672681398,766.1729559966014
forecast_6633,2025-10-04 09:00:00,2122.5651338273105,2598.2677067718296,666.7034496614267
forecast_6634,2025-10-04 10:00:00,2101.987009159091,1629.9902639929353,666.7034496614267
forecast_6635,2025-10-04 11:00:00,1720.8925848771148,1341.1092356669405,666.7034496614267
forecast_6636,2025-10-04 12:00:00,1270.9189128739692,1214.1094660349388,666.7034496614267
forecast_6637,2025-10-04 13:00:00,1057.5416856736742,937.0771877790269,671.867795094668
forecast_6638,2025-10-04 14:00:00,911.7444140297463,877.0188118287563,766.1729559966014
forecast_6639,2025-10-04 15:00:00,953.5514664462123,888.5410923693241,730.1402025279208
forecast_6640,2025-10-04 16:00:00,933.3246604493146,880.2535824179898,766.1729559966014
forecast_6641,2025-10-04 17:00:00,1120.5442748955838,904.5125213286083,766.1729559966014
forecast_6642,2025-10-04 18:00:00,1075.8801951705377,811.986496560253,740.820559259769
forecast_6643,2025-10-04 19:00:00,946.3633166750038,684.4108564958858,686.9346845605263
forecast_6644,2025-10-04 20:00:00,704.5589750331239,569.1535522472049,661.9602651746998
forecast_6645,2025-10-04 21:00:00,410.49852790870773,393.23013642973604,659.4683576922671
forecast_6646,2025-10-04 22:00:00,317.9494122710362,356.79283422833777,659.4683576922671
forecast_6647,2025-10-04 23:00:00,285.87835202712364,412.2529640269422,657.7327777056947
forecast_6648,2025-10-05 00:00:00,262.90575307011255,384.03693372220306,657.7327777056947
forecast_6649,2025-10-05 01:00:00,262.90575307011255,332.8979062740144,657.7327777056947
forecast_6650,2025-10-05 02:00:00,254.18918597598145,297.6736743700793,657.7327777056947
forecast_6651,2025-10-05 03:00:00,253.0321259631641,298.12868725436874,657.7327777056947
forecast_6652,2025-10-05 04:00:00,253.0321259631641,296.37907316462713,657.7327777056947
forecast_6653,2025-10-05 05:00:00,253.0321259631641,296.37907316462713,657.7327777056947
forecast_6654,2025-10-05 06:00:00,253.0321259631641,296.37907316462713,657.7327777056947
forecast_6655,2025-10-05 07:00:00,253.0321259631641,296.37907316462713,657.7327777056947
forecast_6656,2025-10-05 08:00:00,253.0321259631641,296.37907316462713,657.7327777056947
forecast_6657,2025-10-05 09:00:00,253.0321259631641,296.2647745676504,657.7327777056947
forecast_6658,2025-10-05 10:00:00,253.0321259631641,296.2647745676504,657.7327777056947
forecast_6659,2025-10-05 11:00:00,253.0321259631641,296.2647745676504,657.7327777056947
forecast_6660,2025-10-05 12:00:00,254.18918597598145,296.2647745676504,657.7327777056947
forecast_6661,2025-10-05 13:00:00,254.18918597598145,296.37907316462713,657.7327777056947
forecast_6662,2025-10-05 14:00:00,254.18918597598145,296.37907316462713,657.7327777056947
forecast_6663,2025-10-05 15:00:00,300.4282151154634,308.7450859422985,657.7327777056947
forecast_6664,2025-10-05 16:00:00,384.6794051038106,385.1089895413796,657.7327777056947
forecast_6665,2025-10-05 17:00:00,515.3943191691419,393.5327897266699,657.7327777056947
forecast_6666,2025-10-05 18:00:00,757.2854266589483,527.1741977943664,659.4683576922671
forecast_6667,2025-10-05 19:00:00,1184.2047491131511,1409.0710008403314,681.7073292607429
forecast_6668,2025-10-05 20:00:00,1462.178649907574,2259.4055596633616,902.5980003396238
forecast_6669,2025-10-05 21:00:00,1555.37313949396,1847.7266424003406,738.6715966119332
forecast_6670,2025-10-05 22:00:00,1448.7854963083769,1889.7307978645829,666.7034496614267
forecast_6671,2025-10-05 23:00:00,1521.0409483424216,1816.6874320276033,738.8287365010042
forecast_6672,2025-10-06 00:00:00,2231.6417387340184,1852.4310291673276,715.8461398739425
forecast_6673,2025-10-06 01:00:00,2714.1771667941584,2172.044780254002,893.4093977390855
forecast_6674,2025-10-06 02:00:00,3345.2564475364716,3041.6873396752126,1139.3435856688088
forecast_6675,2025-10-06 03:00:00,3453.119432413923,3517.657598206368,1249.056937442327
forecast_6676,2025-10-06 04:00:00,3759.7445556835564,5166.488148366187,2137.347339953127
forecast_6677,2025-10-06 05:00:00,4603.014347255057,6856.323873932919,3821.9818626876176
forecast_6678,2025-10-06 06:00:00,6796.788963378362,7844.795498494086,4696.391283768529
forecast_6679,2025-10-06 07:00:00,7297.729253583692,9919.37545567071,6128.153566264889
forecast_6680,2025-10-06 08:00:00,8960.800623674195,10635.369415383873,7076.553993781311
forecast_6681,2025-10-06 09:00:00,9313.209084816945,11090.192998895527,8390.744955910892
forecast_6682,2025-10-06 10:00:00,9560.049139318859,10789.120858851584,7275.928224942878
forecast_6683,2025-10-06 11:00:00,7845.657630315157,9414.602141643261,6957.975458030048
forecast_6684,2025-10-06 12:00:00,6875.414327087649,9003.000168474724,4806.011203067193
forecast_6685,2025-10-06 13:00:00,6544.9262092171,8256.344903994759,4038.494569004547
forecast_6686,2025-10-06 14:00:00,6671.409147500682,7368.612025369194,3693.325241658752
forecast_6687,2025-10-06 15:00:00,6908.366857286288,7795.75412361496,3855.0677201267376
forecast_6688,2025-10-06 16:00:00,6995.4606034681665,8287.35286490108,4521.946990856131
forecast_6689,2025-10-06 17:00:00,7110.308927878355,9058.62821931026,5187.570051367011
forecast_6690,2025-10-06 18:00:00,7662.496233625879,10153.608634921198,5570.377335051603
forecast_6691,2025-10-06 19:00:00,9325.195545653858,12120.011415347564,6207.618352243203
forecast_6692,2025-10-06 20:00:00,10430.122813810445,12644.569675986688,9785.944756357363
forecast_6693,2025-10-06 21:00:00,12813.0193225433,15668.079066636035,11729.48594180027
forecast_6694,2025-10-06 22:00:00,14473.468834307267,16568.77049547746,11218.324883457832
forecast_6695,2025-10-06 23:00:00,13726.095319584821,15015.243385075173,10821.837714042165
forecast_6696,2025-10-07 00:00:00,13297.360672910927,14845.966005561306,10813.259162855105
forecast_6697,2025-10-07 01:00:00,11985.47415774774,15803.434830541757,10420.681182797027
forecast_6698,2025-10-07 02:00:00,10540.551451625844,14296.615786640014,10258.4665151999
forecast_6699,2025-10-07 03:00:00,10271.813004992913,12497.885313298222,9790.146375263657
forecast_6700,2025-10-07 04:00:00,8176.720461657974,10881.799045304218,7627.774756100736
forecast_6701,2025-10-07 05:00:00,8797.259735521635,10589.81980804082,6761.9126365308275
forecast_6702,2025-10-07 06:00:00,7694.216728943376,9305.3452971693,5906.064022868426
forecast_6703,2025-10-07 07:00:00,7582.615520989918,9297.11175394352,4846.619005253123
forecast_6704,2025-10-07 08:00:00,7924.207061187568,9215.609509713842,3866.8110130145733
forecast_6705,2025-10-07 09:00:00,6937.721127141367,7757.000706845783,3042.514813633074
forecast_6706,2025-10-07 10:00:00,4923.677435176106,5987.93083216379,2375.467514244167
forecast_6707,2025-10-07 11:00:00,5190.145764754239,6045.704505996743,2111.2046190140427
forecast_6708,2025-10-07 12:00:00,4316.966454542855,5667.32462999891,2037.99440279478
forecast_6709,2025-10-07 13:00:00,3915.7926814777106,4868.876735705454,1382.5998286241384
forecast_6710,2025-10-07 14:00:00,3947.7735640214173,4244.581758782157,1046.4281089275046
forecast_6711,2025-10-07 15:00:00,3391.3554254020796,4142.574366122457,896.9129989967029
forecast_6712,2025-10-07 16:00:00,2914.183290717354,3237.4530519000105,792.5574713111758
forecast_6713,2025-10-07 17:00:00,2095.5845475496117,1762.4214029287384,661.9602651746998
forecast_6714,2025-10-07 18:00:00,1861.706648025344,1248.134794858316,659.4683576922671
forecast_6715,2025-10-07 19:00:00,1614.8611929977965,1056.6918970782335,657.7327777056947
forecast_6716,2025-10-07 20:00:00,1011.3645896479509,825.1279854660486,657.7327777056947
forecast_6717,2025-10-07 21:00:00,410.647373745002,439.44019176938707,657.7327777056947
forecast_6718,2025-10-07 22:00:00,302.73686958196043,338.98012229736804,657.7327777056947
forecast_6719,2025-10-07 23:00:00,278.2525404653615,297.5879104167543,657.7327777056947
forecast_6720,2025-10-08 00:00:00,278.2525404653615,331.8174063067371,657.7327777056947
forecast_6721,2025-10-08 01:00:00,278.2525404653615,298.12868725436874,657.7327777056947
forecast_6722,2025-10-08 02:00:00,272.2502270390668,298.12868725436874,657.7327777056947
forecast_6723,2025-10-08 03:00:00,262.90575307011255,296.2647745676504,657.7327777056947
forecast_6724,2025-10-08 04:00:00,262.90575307011255,296.37907316462713,657.7327777056947
forecast_6725,2025-10-08 05:00:00,272.2502270390668,296.37907316462713,657.7327777056947
forecast_6726,2025-10-08 06:00:00,282.5034546036344,297.6736743700793,657.7327777056947
forecast_6727,2025-10-08 07:00:00,438.9197705109617,335.3848283505987,657.7327777056947
forecast_6728,2025-10-08 08:00:00,729.4882210410361,366.05928406866343,659.4683576922671
forecast_6729,2025-10-08 09:00:00,818.7703773313413,480.4374494887919,661.9602651746998
forecast_6730,2025-10-08 10:00:00,808.6565376340567,640.5223584236464,659.4683576922671
forecast_6731,2025-10-08 11:00:00,716.9293730376758,596.5071922714467,659.4683576922671
forecast_6732,2025-10-08 12:00:00,362.91316841612405,495.01274665884995,659.4683576922671
forecast_6733,2025-10-08 13:00:00,288.11646224545296,452.9811513835857,659.4683576922671
forecast_6734,2025-10-08 14:00:00,373.5926527130622,508.18679535499285,659.4683576922671
forecast_6735,2025-10-08 15:00:00,760.00233614975,830.6047645362993,735.5932039599854
forecast_6736,2025-10-08 16:00:00,989.2271573385235,1197.1176823889539,903.8695447239813
forecast_6737,2025-10-08 17:00:00,1935.4494293831242,1479.503655226385,1174.629442094397
forecast_6738,2025-10-08 18:00:00,3015.80423241081,2924.5955841308437,1355.1452012059258
forecast_6739,2025-10-08 19:00:00,3690.6666733573975,3461.84021799996,2699.2917971993097
forecast_6740,2025-10-08 20:00:00,3627.2481928403795,4760.234513719987,3268.575491479175
forecast_6741,2025-10-08 21:00:00,4605.116042453031,5794.6474649803695,3541.480019277823
forecast_6742,2025-10-08 22:00:00,4708.314850204391,6045.347678054846,4061.3728263899347
forecast_6743,2025-10-08 23:00:00,6148.924126523768,6364.163741401831,4709.0917341622135
forecast_6744,2025-10-09 00:00:00,6341.352579771627,6783.321719863639,4918.734093287107
forecast_6745,2025-10-09 01:00:00,6416.200015941814,7899.832421724544,4719.593007629201
forecast_6746,2025-10-09 02:00:00,6432.681337279647,8645.493838331628,4554.93259453711
forecast_6747,2025-10-09 03:00:00,6469.553420706795,8796.181180651216,4613.002098778583
forecast_6748,2025-10-09 04:00:00,6179.079826604473,8632.588965063016,4608.684383903613
forecast_6749,2025-10-09 05:00:00,6346.941013287449,8518.815530018068,4609.000396497298
forecast_6750,2025-10-09 06:00:00,6307.678969649744,7715.829196040191,4589.460948268536
forecast_6751,2025-10-09 07:00:00,6301.818345013412,7561.410563472625,4611.403987624831
forecast_6752,2025-10-09 08:00:00,6345.371524874121,7149.575795204303,4560.394196296247
forecast_6753,2025-10-09 09:00:00,6174.660845692242,6779.5695818206705,4018.317987928234
forecast_6754,2025-10-09 10:00:00,5200.365658436569,6555.132874824169,3725.7581840569133
forecast_6755,2025-10-09 11:00:00,3664.3636092197594,5951.99655379153,3533.324075429164
forecast_6756,2025-10-09 12:00:00,3261.1014412032523,5511.002508486944,3333.099314685889
forecast_6757,2025-10-09 13:00:00,3249.1448381062846,4716.132482179351,2884.3242528637793
forecast_6758,2025-10-09 14:00:00,3092.9517841934903,4302.317297951273,2349.5512161127394
forecast_6759,2025-10-09 15:00:00,3021.065239883691,3700.1682449037153,2073.251612867367
forecast_6760,2025-10-09 16:00:00,2831.645436339345,3261.642493990299,2017.8841845945212
forecast_6761,2025-10-09 17:00:00,2638.1479404503248,3137.948224779666,1372.6081396312006
forecast_6762,2025-10-09 18:00:00,2554.034332411499,3154.9227788255826,1066.0583497163193
forecast_6763,2025-10-09 19:00:00,2395.4357119531214,3189.6005987378385,987.4547807167213
forecast_6764,2025-10-09 20:00:00,2251.910250221596,3406.4454296180907,842.8842874338349
forecast_6765,2025-10-09 21:00:00,1873.606226676458,2968.288351375713,666.7034496614267
forecast_6766,2025-10-09 22:00:00,1910.444312735608,2515.4049600285643,661.9602651746998
forecast_6767,2025-10-09 23:00:00,2031.4432907817863,1761.1325523494456,661.9602651746998
forecast_6768,2025-10-10 00:00:00,1975.192126769818,1616.607624326132,661.9602651746998
forecast_6769,2025-10-10 01:00:00,1999.5349431110237,1737.6666314791316,661.9602651746998
forecast_6770,2025-10-10 02:00:00,1996.2788371582694,2063.842556631375,722.7152671270067
forecast_6771,2025-10-10 03:00:00,1853.702984987754,2489.978601571625,730.1402025279208
forecast_6772,2025-10-10 04:00:00,1877.5350338877506,3069.891912637355,766.1729559966014
forecast_6773,2025-10-10 05:00:00,1801.914043631255,3240.3321696116727,766.1729559966014
forecast_6774,2025-10-10 06:00:00,1875.8182697640127,3325.0321883260594,766.1729559966014
forecast_6775,2025-10-10 07:00:00,2095.4003487273844,3464.8598114148176,766.1729559966014
forecast_6776,2025-10-10 08:00:00,2303.1421902643733,3307.8974238230376,816.6980663018522
forecast_6777,2025-10-10 09:00:00,2176.2230791056345,3083.2069072924373,816.6980663018522
forecast_6778,2025-10-10 10:00:00,1827.2720099989558,3001.0308519299297,766.1729559966014
forecast_6779,2025-10-10 11:00:00,1541.368632863494,2404.4048488056205,766.1729559966014
forecast_6780,2025-10-10 12:00:00,1664.2880056685706,2057.09972374121,893.4093977390855
forecast_6781,2025-10-10 13:00:00,2058.231077343219,2551.9402253120525,987.4547807167213
forecast_6782,2025-10-10 14:00:00,2110.4946482952664,3187.22274973652,1018.1093010629813
forecast_6783,2025-10-10 15:00:00,2272.2548232473932,2321.9594190353682,1018.1093010629813
forecast_6784,2025-10-10 16:00:00,2297.5087791076335,2280.145679365653,971.2311580908438
forecast_6785,2025-10-10 17:00:00,2238.583570693935,2496.478156682318,842.8842874338349
forecast_6786,2025-10-10 18:00:00,2244.195427072033,3262.662784212108,715.8461398739425
forecast_6787,2025-10-10 19:00:00,2237.683912231633,3330.148490535785,893.4093977390855
forecast_6788,2025-10-10 20:00:00,2172.7627779559225,3736.75983121863,987.4547807167213
forecast_6789,2025-10-10 21:00:00,2629.0713537620786,4094.204519389733,1135.6718337004042
forecast_6790,2025-10-10 22:00:00,3387.0831824542643,4168.312043832312,1380.249212126481
forecast_6791,2025-10-10 23:00:00,4191.368415005697,5135.764672758392,2195.564304342305
forecast_6792,2025-10-11 00:00:00,4326.081552149378,5770.08261738819,2556.471121713794
forecast_6793,2025-10-11 01:00:00,4380.705995084567,6883.954298976047,3068.7297509347763
forecast_6794,2025-10-11 02:00:00,6915.499232016814,7648.200107987755,3873.5436637545426
forecast_6795,2025-10-11 03:00:00,7129.210123782463,9941.941296595913,4090.267302101566
forecast_6796,2025-10-11 04:00:00,8267.133906421937,12047.202656516069,4706.370870527784
forecast_6797,2025-10-11 05:00:00,9808.416194335636,13325.800954672794,5697.611288271609
forecast_6798,2025-10-11 06:00:00,9896.946584578047,13539.627840326382,6977.773219044297
forecast_6799,2025-10-11 07:00:00,10378.838147407998,13133.3903317558,7291.5781191226615
forecast_6800,2025-10-11 08:00:00,10172.1100337347,12405.843111700859,7556.965990739014
forecast_6801,2025-10-11 09:00:00,10113.860274408926,12932.311195097796,7225.536205204432
forecast_6802,2025-10-11 10:00:00,10768.687292335042,11676.70151574753,7494.588909765957
forecast_6803,2025-10-11 11:00:00,10935.935619248683,10374.367532952516,7906.370098694979
forecast_6804,2025-10-11 12:00:00,10335.71521397043,11374.148895018612,8101.463074220609
forecast_6805,2025-10-11 13:00:00,10142.463552383157,12676.596331607489,7972.724252159191
forecast_6806,2025-10-11 14:00:00,8612.66467347841,12620.018044792334,8623.260282665438
forecast_6807,2025-10-11 15:00:00,9467.110807806264,11661.565898148987,9120.99755493842
forecast_6808,2025-10-11 16:00:00,10562.019411986807,12337.778980478608,9954.119395214968
forecast_6809,2025-10-11 17:00:00,11320.441337828619,11953.239517898626,9617.399084243418
forecast_6810,2025-10-11 18:00:00,11661.125181452026,13731.468448570615,11386.219464209662
forecast_6811,2025-10-11 19:00:00,11700.489418330033,13430.51774277021,13470.965436478018
forecast_6812,2025-10-11 20:00:00,11980.131407041144,12937.576886138999,12986.957011532188
forecast_6813,2025-10-11 21:00:00,11923.138138581457,12559.40891018831,11675.064687098587
forecast_6814,2025-10-11 22:00:00,11786.258032490969,13514.978242048057,12564.525796498381
forecast_6815,2025-10-11 23:00:00,11097.168739862656,13646.781256651235,13607.824374455693
forecast_6816,2025-10-12 00:00:00,11156.742525117868,13318.624558845117,10506.931705107458
forecast_6817,2025-10-12 01:00:00,11996.501460821057,13683.517385914902,10348.712464007258
forecast_6818,2025-10-12 02:00:00,10988.409739618337,12733.415891457142,10099.82670854458
forecast_6819,2025-10-12 03:00:00,9345.237438614207,9488.94828765337,7439.865447305053
forecast_6820,2025-10-12 04:00:00,7732.489714311278,7236.186182858156,4882.423086013207
forecast_6821,2025-10-12 05:00:00,4606.382826464842,5834.7931699360615,3079.33060408435
forecast_6822,2025-10-12 06:00:00,3262.5994098015117,3582.069178128119,2062.7890203334036
forecast_6823,2025-10-12 07:00:00,2907.0174622226814,3297.7896815656727,2429.7755813134836
forecast_6824,2025-10-12 08:00:00,4120.248088125902,3949.872699549314,3091.0561171619584
forecast_6825,2025-10-12 09:00:00,4165.814526755992,4602.811373709641,3747.3088898260003
forecast_6826,2025-10-12 10:00:00,4384.120095379088,5320.467809033593,4465.011909108069
forecast_6827,2025-10-12 11:00:00,4592.127982610292,5430.428015494066,5371.131729781572
forecast_6828,2025-10-12 12:00:00,4076.376757664241,6453.499137527811,5535.20033587607
forecast_6829,2025-10-12 13:00:00,4106.479223752167,6555.371076703011,5512.422050267468
forecast_6830,2025-10-12 14:00:00,5651.169255078645,7032.272287838586,6451.91272279513
forecast_6831,2025-10-12 15:00:00,6089.138127930424,7238.959768205564,5679.64435518503
forecast_6832,2025-10-12 16:00:00,7291.320108678017,7854.877127820857,5638.25376128017
forecast_6833,2025-10-12 17:00:00,6782.1649513677785,7502.0906134368215,5132.618260840567
forecast_6834,2025-10-12 18:00:00,6412.014986021802,7226.922274730215,4589.563306861092
forecast_6835,2025-10-12 19:00:00,6205.764501145104,7260.265584033387,4536.47710202886
forecast_6836,2025-10-12 20:00:00,6210.223055860197,8372.576385594835,4540.113611724432
forecast_6837,2025-10-12 21:00:00,6177.515335275957,8448.953631092416,4526.514871796001
forecast_6838,2025-10-12 22:00:00,6093.295676609547,7602.602868013916,4424.516933850135
forecast_6839,2025-10-12 23:00:00,5562.399074435304,6045.243395989577,3414.569189401836
forecast_6840,2025-10-13 00:00:00,3468.126666625015,3844.845430871668,2669.5812952526976
forecast_6841,2025-10-13 01:00:00,3374.785507259048,3573.1584261215066,1829.797714237254
forecast_6842,2025-10-13 02:00:00,2950.3894055557585,3287.9664340206195,1635.555794387571
forecast_6843,2025-10-13 03:00:00,2577.2615216724735,3276.5255897459365,1202.3698033165874
forecast_6844,2025-10-13 04:00:00,2650.1234347491004,3144.95186129376,1221.672700855978
forecast_6845,2025-10-13 05:00:00,2623.7029599926373,3759.8604341399273,2063.3281721893864
forecast_6846,2025-10-13 06:00:00,3746.490137898156,4650.724802907921,2971.1468244033777
forecast_6847,2025-10-13 07:00:00,6238.3023735878905,6543.666163069558,4544.662741453549
forecast_6848,2025-10-13 08:00:00,6609.655596627464,6559.849296316522,4272.233072440444
forecast_6849,2025-10-13 09:00:00,4884.009800507668,5997.566880460656,3466.43567655318
forecast_6850,2025-10-13 10:00:00,4805.3146557245345,5260.192316206169,3750.02533025243
forecast_6851,2025-10-13 11:00:00,5578.708722039367,4349.840630784924,3703.0903582618494
forecast_6852,2025-10-13 12:00:00,4939.300263755758,4237.664095020513,3711.8037635848823
forecast_6853,2025-10-13 13:00:00,5751.570127483716,5142.100128413578,3432.2125001368595
forecast_6854,2025-10-13 14:00:00,6568.378197530081,6281.794191461256,2949.021689527362
forecast_6855,2025-10-13 15:00:00,6603.585595555977,6251.447653303955,3228.0485440638176
forecast_6856,2025-10-13 16:00:00,6389.705782449141,5313.27692605522,3750.7877513084727
forecast_6857,2025-10-13 17:00:00,5725.338165373038,4961.014572206643,4028.5643066146085
forecast_6858,2025-10-13 18:00:00,6444.209380657185,6249.41728748299,4510.262170006625
forecast_6859,2025-10-13 19:00:00,6526.7603067395075,6980.9623096128435,4748.175958205029
forecast_6860,2025-10-13 20:00:00,6679.5616282685705,7182.649329059981,4589.603603360369
forecast_6861,2025-10-13 21:00:00,6739.954883305957,7005.705786579254,4452.407809011738
forecast_6862,2025-10-13 22:00:00,7008.345884592891,7257.500670466104,4172.848293332308
forecast_6863,2025-10-13 23:00:00,7440.299370846963,7907.783260197604,4130.087991956947
forecast_6864,2025-10-14 00:00:00,7677.610799662056,7754.871705923273,4578.9903059666485
forecast_6865,2025-10-14 01:00:00,10150.14832969396,9807.384337325555,5174.565842581255
forecast_6866,2025-10-14 02:00:00,9123.820985903512,11907.597468589194,4934.897785185315
forecast_6867,2025-10-14 03:00:00,8177.12070196185,9349.574436620022,4527.635629401234
forecast_6868,2025-10-14 04:00:00,7846.765162998221,8489.168582320159,4608.166094125609
forecast_6869,2025-10-14 05:00:00,9646.373281381922,9273.229795458505,6616.717123874112
forecast_6870,2025-10-14 06:00:00,7978.9298068569315,9762.379804772183,5476.750848392315
forecast_6871,2025-10-14 07:00:00,7026.75645268497,7750.7224225202035,5038.586148743558
forecast_6872,2025-10-14 08:00:00,6610.995397790047,6530.8367404779765,5078.253777973843
forecast_6873,2025-10-14 09:00:00,6562.605926311498,6469.138357531703,5030.748470937091
forecast_6874,2025-10-14 10:00:00,6323.8002969997715,6847.234090821978,4991.029300006869
forecast_6875,2025-10-14 11:00:00,5548.581619106094,6215.41267058455,5002.084493878548
forecast_6876,2025-10-14 12:00:00,5501.2983790144235,6318.795777765416,4535.228277119033
forecast_6877,2025-10-14 13:00:00,5658.35070965392,6279.787866243935,4526.514871796001
forecast_6878,2025-10-14 14:00:00,6320.4176782933255,6706.957824205837,4568.575975674849
forecast_6879,2025-10-14 15:00:00,5548.581619106094,6136.271920429867,4560.493014917665
forecast_6880,2025-10-14 16:00:00,4385.3363246463605,6294.38321801787,4567.1288567254105
forecast_6881,2025-10-14 17:00:00,5324.981259046615,6221.465558775226,4408.766776667114
forecast_6882,2025-10-14 18:00:00,4290.217783942219,6388.819897335384,4516.927459858297
forecast_6883,2025-10-14 19:00:00,4728.13071175053,6770.5842867980755,4695.389110173319
forecast_6884,2025-10-14 20:00:00,5369.103903396832,6889.746321726229,4576.979266758439
forecast_6885,2025-10-14 21:00:00,4215.199502821019,6583.861513064166,4085.4032498252113
forecast_6886,2025-10-14 22:00:00,3319.028662950294,5946.841152404884,3353.2489738808604
forecast_6887,2025-10-14 23:00:00,3294.22905147734,5685.2860496010635,2675.2546262461933
forecast_6888,2025-10-15 00:00:00,3301.973084188196,5481.672105332042,2359.0877387265177
forecast_6889,2025-10-15 01:00:00,4497.306770329366,5529.518984767574,2510.916912529743
forecast_6890,2025-10-15 02:00:00,4338.366855770697,5841.513096975157,2560.4986138515487
forecast_6891,2025-10-15 03:00:00,4226.998364449328,5023.353518810644,2636.370220999131
forecast_6892,2025-10-15 04:00:00,4066.8807399651887,4781.924231230473,2370.186758689283
forecast_6893,2025-10-15 05:00:00,3487.683891248148,4972.777533409146,2074.0790547997567
forecast_6894,2025-10-15 06:00:00,3541.256363134516,4885.263524785623,2571.462930054983
forecast_6895,2025-10-15 07:00:00,3381.5201778673822,4932.2447324525,2440.350484296606
forecast_6896,2025-10-15 08:00:00,3051.4829765098757,4346.344753378476,2444.2093627412423
forecast_6897,2025-10-15 09:00:00,2835.0630960748667,3497.526079965981,2467.227628296473
forecast_6898,2025-10-15 10:00:00,2363.07436382772,3109.619626908863,2068.046338788234
forecast_6899,2025-10-15 11:00:00,1792.8605762649822,2607.8094580673087,1263.2033617683383
forecast_6900,2025-10-15 12:00:00,1657.3457830181699,2591.2671660173073,1319.3277144777953
forecast_6901,2025-10-15 13:00:00,1431.500630211051,2151.2602836643027,1036.339377070741
forecast_6902,2025-10-15 14:00:00,1414.973777008626,1961.514195253258,987.4547807167213
forecast_6903,2025-10-15 15:00:00,1258.9456186915381,1675.7824710223201,900.3659434663641
forecast_6904,2025-10-15 16:00:00,1569.2300595925203,2336.7295706721234,842.8842874338349
forecast_6905,2025-10-15 17:00:00,1969.6965932016403,3249.66886638348,715.8461398739425
forecast_6906,2025-10-15 18:00:00,2214.617055145153,2764.5616060797765,864.6827581507534
forecast_6907,2025-10-15 19:00:00,3205.7528922060424,2926.123971238797,1041.7672885571178
forecast_6908,2025-10-15 20:00:00,3625.244691682709,3199.9930279491527,1073.3310775084951
forecast_6909,2025-10-15 21:00:00,4124.827708592056,3531.160297454945,1201.8205151372094
forecast_6910,2025-10-15 22:00:00,4153.128873863119,4804.948138718527,1380.249212126481
forecast_6911,2025-10-15 23:00:00,4693.223328151206,5617.860068088617,2024.6431124103972
forecast_6912,2025-10-16 00:00:00,5929.958656370316,6390.459527330347,3131.8277843301867
forecast_6913,2025-10-16 01:00:00,3934.9097710990645,4661.041217246949,1290.525797968885
forecast_6914,2025-10-16 02:00:00,2911.364819183484,3597.642536080828,1251.0355488657146
forecast_6915,2025-10-16 03:00:00,4357.726603244094,3906.7484061866403,2020.0676806235242
forecast_6916,2025-10-16 04:00:00,5247.644211121545,4976.914272176731,2184.3600431499444
forecast_6917,2025-10-16 05:00:00,4469.704902658787,6125.191539168751,3005.002732474845
forecast_6918,2025-10-16 06:00:00,6304.757725389345,7268.253341678514,4135.926176773473
forecast_6919,2025-10-16 07:00:00,5072.065007450361,5810.924825473407,4603.767728632103
forecast_6920,2025-10-16 08:00:00,6498.419936468221,5786.469003432044,4451.017099253817
forecast_6921,2025-10-16 09:00:00,7001.486804343974,6296.812050114973,4509.287533956117
forecast_6922,2025-10-16 10:00:00,6870.843750182173,5417.54842721237,4562.746671830952
forecast_6923,2025-10-16 11:00:00,6704.73686165863,5654.408403822681,4582.286120059715
forecast_6924,2025-10-16 12:00:00,6046.16420498452,5598.137166544842,5028.984250979876
forecast_6925,2025-10-16 13:00:00,5907.081038528191,5121.237537030321,5083.983573092282
forecast_6926,2025-10-16 14:00:00,6061.930507031727,6201.122315279339,4903.0818737237305
forecast_6927,2025-10-16 15:00:00,5514.376597902892,5543.550280252441,4372.569331478335
forecast_6928,2025-10-16 16:00:00,4857.84172918435,5127.0803070836255,4583.138898746265
forecast_6929,2025-10-16 17:00:00,4631.450983081426,5494.8029985711055,4604.237932842001
forecast_6930,2025-10-16 18:00:00,4561.555162033127,5188.458756316011,4637.101267822005
forecast_6931,2025-10-16 19:00:00,4555.4352660794075,5985.728216010391,4713.891628019509
forecast_6932,2025-10-16 20:00:00,5433.673395958453,6797.591032288484,3897.2482410602447
forecast_6933,2025-10-16 21:00:00,4659.277961955141,7334.781720406967,3816.516476237136
forecast_6934,2025-10-16 22:00:00,4714.344984830512,6838.591156957188,3361.9092178593346
forecast_6935,2025-10-16 23:00:00,3818.811645777084,6033.584050918953,2680.69803058293
forecast_6936,2025-10-17 00:00:00,3863.2984108741884,5330.404874429898,2117.0579390762095
forecast_6937,2025-10-17 01:00:00,4744.222732831086,5678.634791580175,2517.283558125568
forecast_6938,2025-10-17 02:00:00,3824.821412593389,5506.464890381556,2439.3581895078055
forecast_6939,2025-10-17 03:00:00,3790.7334453827434,4975.012476492948,2068.6552715820594
forecast_6940,2025-10-17 04:00:00,3635.534836174715,4936.503839707587,1341.6388866849077
forecast_6941,2025-10-17 05:00:00,3793.810424770431,4548.6229222421325,1230.3868862844258
forecast_6942,2025-10-17 06:00:00,3905.1891672660945,4462.002366841126,1132.0049530341394
forecast_6943,2025-10-17 07:00:00,4029.0761016356328,3709.7426219875388,1018.6585892423593
forecast_6944,2025-10-17 08:00:00,3466.0096593977046,3554.619157441602,900.3659434663641
forecast_6945,2025-10-17 09:00:00,2600.544725591286,3077.3884830762863,806.8515339651542
forecast_6946,2025-10-17 10:00:00,1939.2771362724338,1587.8807568543457,666.7034496614267
forecast_6947,2025-10-17 11:00:00,1016.5332081787712,967.6211641690539,661.9602651746998
forecast_6948,2025-10-17 12:00:00,749.1799059284673,927.2927810977166,661.9602651746998
forecast_6949,2025-10-17 13:00:00,742.8057856339749,917.0346965250228,661.9602651746998
forecast_6950,2025-10-17 14:00:00,732.662149123202,963.7335497182751,666.7034496614267
forecast_6951,2025-10-17 15:00:00,710.8832174531701,1209.5473569893834,666.7034496614267
forecast_6952,2025-10-17 16:00:00,1278.746294988227,2379.527019292741,766.1729559966014
forecast_6953,2025-10-17 17:00:00,1998.2596215218432,2621.4230466275544,910.794129296012
forecast_6954,2025-10-17 18:00:00,3292.848638292334,3761.2643503108347,1231.7447620497842
forecast_6955,2025-10-17 19:00:00,4099.148643197125,4218.498662503507,2164.9263389928988
forecast_6956,2025-10-17 20:00:00,4700.207636111502,5219.751147257543,2181.8567865019227
forecast_6957,2025-10-17 21:00:00,4263.897299952958,5016.931205443468,2509.689432742909
forecast_6958,2025-10-17 22:00:00,4869.852699019964,4933.864588015036,2938.08950912235
forecast_6959,2025-10-17 23:00:00,4924.872604312561,5296.822980311228,2893.421463088724
forecast_6960,2025-10-18 00:00:00,5333.724294484333,6744.992490433962,3320.7382200268717
forecast_6961,2025-10-18 01:00:00,5533.323175620297,7777.68076460566,4244.83622808354
forecast_6962,2025-10-18 02:00:00,5844.630440814723,8293.035760705901,5080.560356850676
forecast_6963,2025-10-18 03:00:00,5546.969375514651,8141.664259001399,4868.310739090199
forecast_6964,2025-10-18 04:00:00,6527.523920220016,8044.0319628943835,4874.94287458141
forecast_6965,2025-10-18 05:00:00,4439.884040121587,4542.073853211773,4106.257789425437
forecast_6966,2025-10-18 06:00:00,2705.3896628687244,2327.363523595556,1567.4336404173478
forecast_6967,2025-10-18 07:00:00,2275.700215205904,1769.7170617047057,2369.2804179841537
forecast_6968,2025-10-18 08:00:00,1845.545786916827,1626.9573873167274,1184.7245807652112
forecast_6969,2025-10-18 09:00:00,1656.7289125001487,1628.371352353614,1364.090652170739
forecast_6970,2025-10-18 10:00:00,2202.372731937224,1616.8694599477521,1206.2776481402739
forecast_6971,2025-10-18 11:00:00,2141.6980795368772,1484.8758950000476,1996.1865814961377
forecast_6972,2025-10-18 12:00:00,2166.870104616499,1846.8255281390575,2078.177272491332
forecast_6973,2025-10-18 13:00:00,2203.307839219714,2833.399859638494,2439.8375272874414
forecast_6974,2025-10-18 14:00:00,2132.9128535639825,3103.03220677922,2356.212981234522
forecast_6975,2025-10-18 15:00:00,2564.3116594515504,3266.0248869408465,2939.3902956506654
forecast_6976,2025-10-18 16:00:00,2827.392746280171,3110.8152717350204,3054.2282375289715
forecast_6977,2025-10-18 17:00:00,3004.3301846094296,3128.112087887062,2932.780487745194
forecast_6978,2025-10-18 18:00:00,2626.803086094327,3116.200584582006,2824.918528461208
forecast_6979,2025-10-18 19:00:00,2420.641156700073,3132.9564742413595,2556.5749434158643
forecast_6980,2025-10-18 20:00:00,1852.1228504323894,2909.3283570006856,2330.9949628003624
forecast_6981,2025-10-18 21:00:00,1801.658062763646,2508.0120076427065,1974.1400938076513
forecast_6982,2025-10-18 22:00:00,1785.9343547920616,2466.4156711521678,1253.788785089482
forecast_6983,2025-10-18 23:00:00,1616.1650935640555,1405.6623409632994,971.2311580908438
forecast_6984,2025-10-19 00:00:00,1421.2815368331217,1055.641436209858,792.5574713111758
forecast_6985,2025-10-19 01:00:00,1579.401006502368,1034.7172566818904,666.7034496614267
forecast_6986,2025-10-19 02:00:00,1244.222267615554,933.5053951269932,661.9602651746998
forecast_6987,2025-10-19 03:00:00,1118.2928294861058,750.8878636151255,659.4683576922671
forecast_6988,2025-10-19 04:00:00,865.0024453548227,606.3922772150544,657.7327777056947
forecast_6989,2025-10-19 05:00:00,825.4043997271152,625.9758334540609,657.7327777056947
forecast_6990,2025-10-19 06:00:00,875.2924696876551,638.4430940069883,657.7327777056947
forecast_6991,2025-10-19 07:00:00,860.3784060725047,834.4110617267881,657.7327777056947
forecast_6992,2025-10-19 08:00:00,918.068570117199,1012.4031984827292,659.4683576922671
forecast_6993,2025-10-19 09:00:00,911.2387137181034,1235.643769568638,712.2870812973588
forecast_6994,2025-10-19 10:00:00,890.2152088519975,1550.2524626772042,842.8842874338349
forecast_6995,2025-10-19 11:00:00,1198.0192342234116,1693.7688352750542,967.7275568332265
forecast_6996,2025-10-19 12:00:00,2341.911078182008,2230.038018674622,1272.5927704391875
forecast_6997,2025-10-19 13:00:00,2710.6354933182743,3364.7986145388336,2626.2620644711533
forecast_6998,2025-10-19 14:00:00,3608.457596021793,3569.4770965506277,3456.985785430178
forecast_6999,2025-10-19 15:00:00,4657.860808112422,4395.97469705834,3852.1256637993747
forecast_7000,2025-10-19 16:00:00,5292.993201259471,5888.786207836542,4095.676865693606
forecast_7001,2025-10-19 17:00:00,6846.808691860419,6777.9694167592725,4817.323358454449
forecast_7002,2025-10-19 18:00:00,6915.189350931441,7567.471861210017,5431.767301515361
forecast_7003,2025-10-19 19:00:00,7127.968304768762,8473.780841537879,5965.1724670358235
forecast_7004,2025-10-19 20:00:00,7053.794100596393,8314.365172391676,5707.414499000292
forecast_7005,2025-10-19 21:00:00,7233.013117074205,6880.853654176174,4671.303746965972
forecast_7006,2025-10-19 22:00:00,7379.386679673482,7133.6930870133165,4080.652413209756
forecast_7007,2025-10-19 23:00:00,6598.997519312933,5212.594981281041,2913.78649421947
forecast_7008,2025-10-20 00:00:00,3996.2367082391866,2930.2642011377675,1991.1435808128185
forecast_7009,2025-10-20 01:00:00,2209.1584542896485,1702.1852509081923,1033.0584980113829
forecast_7010,2025-10-20 02:00:00,1232.7788683429649,837.3775316587371,740.820559259769
forecast_7011,2025-10-20 03:00:00,1146.2084690514555,962.4034408732074,853.3124732634827
forecast_7012,2025-10-20 04:00:00,1791.7818635267097,1233.7512017109234,1173.971293339988
forecast_7013,2025-10-20 05:00:00,2172.3736345932543,1820.9908544690952,1387.765580226413
forecast_7014,2025-10-20 06:00:00,2811.9076685416344,3162.3251508492576,2563.745196598297
forecast_7015,2025-10-20 07:00:00,3465.0006342531196,3576.3982012030656,3022.460296843562
forecast_7016,2025-10-20 08:00:00,3237.318655976879,3290.868423806468,3054.865942354286
forecast_7017,2025-10-20 09:00:00,3177.5517636159466,3286.830655792745,3810.344641731533
forecast_7018,2025-10-20 10:00:00,2943.0254777015916,3590.6785099670756,3897.0566125757387
forecast_7019,2025-10-20 11:00:00,2579.996364427957,3465.020565557108,3942.4606184830614
forecast_7020,2025-10-20 12:00:00,2315.6982750637444,3148.445072264343,3877.113306844106
forecast_7021,2025-10-20 13:00:00,2050.439142701944,3059.784640640961,3416.959399516094
forecast_7022,2025-10-20 14:00:00,1433.235260264968,2846.8477089844246,2604.866571501737
forecast_7023,2025-10-20 15:00:00,1172.9135395782146,2469.1268077798168,1921.5401089250724
forecast_7024,2025-10-20 16:00:00,1257.6530043773378,1421.969269675188,1006.5169742416754
forecast_7025,2025-10-20 17:00:00,1313.2496557154202,913.8567776597765,686.4505137474697
forecast_7026,2025-10-20 18:00:00,902.3651130222045,748.8284334312269,659.4683576922671
forecast_7027,2025-10-20 19:00:00,692.8563859656149,593.0140287916872,657.7327777056947
forecast_7028,2025-10-20 20:00:00,867.0040988203325,463.80591381138703,657.7327777056947
forecast_7029,2025-10-20 21:00:00,767.1594658954358,401.7459746868071,657.7327777056947
forecast_7030,2025-10-20 22:00:00,547.7690410051746,329.7092656156532,657.7327777056947
forecast_7031,2025-10-20 23:00:00,574.9390225746561,360.3823649352004,657.7327777056947
forecast_7032,2025-10-21 00:00:00,891.5036549134159,588.7879997135658,659.4683576922671
forecast_7033,2025-10-21 01:00:00,1487.8913283056904,1969.699043381137,907.3411848263507
forecast_7034,2025-10-21 02:00:00,2134.619253790412,1804.7875360441747,1097.4456579678297
forecast_7035,2025-10-21 03:00:00,1565.0742758103972,1324.4293245864192,1046.1030073319293
forecast_7036,2025-10-21 04:00:00,1033.2730814771887,1379.3436870212454,1001.8561538712886
forecast_7037,2025-10-21 05:00:00,775.890780761634,1304.3867457179135,864.6827581507534
forecast_7038,2025-10-21 06:00:00,751.936279911808,894.450302476064,666.7034496614267
forecast_7039,2025-10-21 07:00:00,803.8358349382424,607.984663721381,661.9602651746998
forecast_7040,2025-10-21 08:00:00,497.2021992345457,433.871054334934,661.9602651746998
forecast_7041,2025-10-21 09:00:00,246.158119655361,352.5533665302887,657.7327777056947
forecast_7042,2025-10-21 10:00:00,253.0321259631641,298.98323962698134,657.7327777056947
forecast_7043,2025-10-21 11:00:00,253.0321259631641,298.7108553444051,657.7327777056947
forecast_7044,2025-10-21 12:00:00,253.0321259631641,296.37907316462713,657.7327777056947
forecast_7045,2025-10-21 13:00:00,253.0321259631641,298.12868725436874,657.7327777056947
forecast_7046,2025-10-21 14:00:00,253.0321259631641,298.12868725436874,657.7327777056947
forecast_7047,2025-10-21 15:00:00,253.0321259631641,313.74448890992335,657.7327777056947
forecast_7048,2025-10-21 16:00:00,254.18918597598145,340.3425483955419,659.4683576922671
forecast_7049,2025-10-21 17:00:00,250.41932458835927,351.33807621168245,661.9602651746998
forecast_7050,2025-10-21 18:00:00,280.4089989173323,393.46745376766876,661.9602651746998
forecast_7051,2025-10-21 19:00:00,282.38780101592675,393.46745376766876,661.9602651746998
forecast_7052,2025-10-21 20:00:00,279.2932685767823,435.9356215392698,659.4683576922671
forecast_7053,2025-10-21 21:00:00,298.37315515454486,552.3945782779306,661.9602651746998
forecast_7054,2025-10-21 22:00:00,318.08093674321964,686.4250887548916,686.9346845605263
forecast_7055,2025-10-21 23:00:00,430.4022729331097,910.318608727113,661.9602651746998
forecast_7056,2025-10-22 00:00:00,498.36542676860364,646.9368044586887,661.9602651746998
forecast_7057,2025-10-22 01:00:00,313.06068989630955,387.4410559876319,661.9602651746998
forecast_7058,2025-10-22 02:00:00,273.2909551504875,409.8965278754801,661.9602651746998
forecast_7059,2025-10-22 03:00:00,279.2932685767823,405.77331248608874,661.9602651746998
forecast_7060,2025-10-22 04:00:00,332.7120948816955,463.2690901862544,664.2115421789939
forecast_7061,2025-10-22 05:00:00,709.0993881222317,442.9448245858406,686.4505137474697
forecast_7062,2025-10-22 06:00:00,1047.001968850927,494.21547882676913,907.3411848263507
forecast_7063,2025-10-22 07:00:00,1708.7775756967792,834.7835729049887,1051.1032816752004
forecast_7064,2025-10-22 08:00:00,2666.3818638362636,1534.801143536312,1865.2048949437249
forecast_7065,2025-10-22 09:00:00,2185.4849203561325,2075.34188754743,2608.911234208362
forecast_7066,2025-10-22 10:00:00,2075.906527280035,2020.6164236483753,1483.6248694146389
forecast_7067,2025-10-22 11:00:00,1761.6956792972337,2655.2684076277815,1864.9288535917738
forecast_7068,2025-10-22 12:00:00,1647.1301401918813,2511.325778741527,1711.6394337817842
forecast_7069,2025-10-22 13:00:00,1595.6708126088106,1638.6056345344127,1708.803043948875
forecast_7070,2025-10-22 14:00:00,1500.146538764037,1376.0913431526503,2064.2179337475163
forecast_7071,2025-10-22 15:00:00,1572.829304031879,1492.1383920769044,1927.2345977500204
forecast_7072,2025-10-22 16:00:00,1621.8559336767414,2301.4447464154505,1073.3483185088487
forecast_7073,2025-10-22 17:00:00,1946.3635361029997,1936.2196975737522,893.4093977390855
forecast_7074,2025-10-22 18:00:00,1858.6772584298237,1501.377123240181,666.7034496614267
forecast_7075,2025-10-22 19:00:00,1931.3031355451087,1329.6715847566384,661.9602651746998
forecast_7076,2025-10-22 20:00:00,2263.586768625862,1479.0911322442364,661.9602651746998
forecast_7077,2025-10-22 21:00:00,2257.562419785877,1505.9290998819476,661.9602651746998
forecast_7078,2025-10-22 22:00:00,2294.156199704739,1259.7379643272552,661.9602651746998
forecast_7079,2025-10-22 23:00:00,1923.6473592961433,937.3278239842733,659.4683576922671
forecast_7080,2025-10-23 00:00:00,1495.0427433194732,913.5677479147478,659.4683576922671
forecast_7081,2025-10-23 01:00:00,1348.5855093545808,730.5401316444073,659.4683576922671
forecast_7082,2025-10-23 02:00:00,1439.0679317634779,518.8930856664568,657.7327777056947
forecast_7083,2025-10-23 03:00:00,951.2273669003723,421.35515623755225,657.7327777056947
forecast_7084,2025-10-23 04:00:00,377.4491554177221,298.98323962698134,657.7327777056947
forecast_7085,2025-10-23 05:00:00,265.6651435887253,296.2647745676504,657.7327777056947
forecast_7086,2025-10-23 06:00:00,265.6651435887253,296.37907316462713,657.7327777056947
forecast_7087,2025-10-23 07:00:00,285.9707960648585,296.37907316462713,657.7327777056947
forecast_7088,2025-10-23 08:00:00,279.4940094721294,296.2647745676504,657.7327777056947
forecast_7089,2025-10-23 09:00:00,269.3735424257385,296.2647745676504,657.7327777056947
forecast_7090,2025-10-23 10:00:00,265.72513015059485,296.37907316462713,657.7327777056947
forecast_7091,2025-10-23 11:00:00,253.0321259631641,296.2647745676504,657.7327777056947
forecast_7092,2025-10-23 12:00:00,253.0321259631641,296.37907316462713,657.7327777056947
forecast_7093,2025-10-23 13:00:00,253.0321259631641,298.12868725436874,657.7327777056947
forecast_7094,2025-10-23 14:00:00,253.0321259631641,298.12868725436874,657.7327777056947
forecast_7095,2025-10-23 15:00:00,254.18918597598145,315.9542048271981,657.7327777056947
forecast_7096,2025-10-23 16:00:00,254.18918597598145,359.27201342466697,657.7327777056947
forecast_7097,2025-10-23 17:00:00,260.0197302921102,340.4131461099254,657.7327777056947
forecast_7098,2025-10-23 18:00:00,265.6651435887253,380.84569127385413,657.7327777056947
forecast_7099,2025-10-23 19:00:00,299.939650823714,394.1258282080149,659.4683576922671
forecast_7100,2025-10-23 20:00:00,623.100774313983,411.393220808685,659.4683576922671
forecast_7101,2025-10-23 21:00:00,587.417616404689,376.0372001150069,661.9602651746998
forecast_7102,2025-10-23 22:00:00,350.9756228576956,393.9350136849782,661.9602651746998
forecast_7103,2025-10-23 23:00:00,438.47615614584095,427.89162905136345,661.9602651746998
forecast_7104,2025-10-24 00:00:00,803.2142164120968,502.2674168597641,691.6778690472532
forecast_7105,2025-10-24 01:00:00,1075.1383751176527,597.8657100146745,817.5318906970024
forecast_7106,2025-10-24 02:00:00,1286.4124684559538,856.8380479669771,907.3411848263507
forecast_7107,2025-10-24 03:00:00,1572.3427387581128,1336.392621798034,1042.12982000701
forecast_7108,2025-10-24 04:00:00,2112.475074519323,1979.2658674518382,1347.8347504566889
forecast_7109,2025-10-24 05:00:00,2813.1317416991037,3476.597769421153,2015.8510449438368
forecast_7110,2025-10-24 06:00:00,3353.829474576765,3688.423242950807,2934.2084087243325
forecast_7111,2025-10-24 07:00:00,4099.31933762088,3927.6218275938836,3828.495813589869
forecast_7112,2025-10-24 08:00:00,4064.5088639675705,3644.7079844957902,3937.0775469473365
forecast_7113,2025-10-24 09:00:00,3319.63686179079,3387.015471383249,3190.352839475662
forecast_7114,2025-10-24 10:00:00,2591.2312451478315,2587.20988545923,2854.9100277762823
forecast_7115,2025-10-24 11:00:00,2017.0232665351966,1655.1772429544349,2366.170693498407
forecast_7116,2025-10-24 12:00:00,1708.5168666696022,2648.937475107544,2099.83832468621
forecast_7117,2025-10-24 13:00:00,1758.441369289198,2872.1955977306434,2388.9615028321937
forecast_7118,2025-10-24 14:00:00,2037.7017877454819,2841.5651178765283,2377.7478199268144
forecast_7119,2025-10-24 15:00:00,2598.4423701783207,2876.8664467424132,1405.614196106731
forecast_7120,2025-10-24 16:00:00,3370.8026008541806,3281.891179331531,1561.3308488868747
forecast_7121,2025-10-24 17:00:00,3849.978414379825,3543.4499075298636,1244.344391667361
forecast_7122,2025-10-24 18:00:00,4609.639880096746,3534.9764376882968,1343.2742680350061
forecast_7123,2025-10-24 19:00:00,4694.029622551153,3775.098992106736,1382.3768290338762
forecast_7124,2025-10-24 20:00:00,3884.0410589646517,3740.3080358859092,1127.6715978199761
forecast_7125,2025-10-24 21:00:00,3808.937157908741,3592.699214775462,1061.0580753730483
forecast_7126,2025-10-24 22:00:00,3838.670816344682,3459.0336893056024,983.9511794591041
forecast_7127,2025-10-24 23:00:00,3652.8867911017355,3618.952005853885,967.7275568332265
forecast_7128,2025-10-25 00:00:00,3216.6408553327483,3945.1187443797585,987.4547807167213
forecast_7129,2025-10-25 01:00:00,2361.2280315526577,3866.6325162869834,1047.6183764415446
forecast_7130,2025-10-25 02:00:00,2416.2927487272536,3891.799771148838,1146.1000195300521
forecast_7131,2025-10-25 03:00:00,2417.520337714144,4038.7712407312806,1311.4789716648902
forecast_7132,2025-10-25 04:00:00,2177.9452843533295,4046.8004306251555,2100.403351133378
forecast_7133,2025-10-25 05:00:00,2290.7289724015905,3927.6858328108488,1381.2070037293952
forecast_7134,2025-10-25 06:00:00,2293.2389835638155,3698.9547855453834,1264.616751091844
forecast_7135,2025-10-25 07:00:00,2355.2460837055237,4056.248444472864,1357.226472308929
forecast_7136,2025-10-25 08:00:00,2503.229802084808,4026.6606982995604,1229.3181987773075
forecast_7137,2025-10-25 09:00:00,1930.6521631489388,2082.2663585807795,1100.4670669664333
forecast_7138,2025-10-25 10:00:00,1192.7572971064405,1400.2811692556393,981.6593439204917
forecast_7139,2025-10-25 11:00:00,524.5093709404161,624.3318334246743,735.5932039599854
forecast_7140,2025-10-25 12:00:00,358.5350962682643,432.8629290314655,664.2115421789939
forecast_7141,2025-10-25 13:00:00,618.9367859020946,324.61702911617283,666.7034496614267
forecast_7142,2025-10-25 14:00:00,681.3364254026752,347.9090508262681,661.9602651746998
forecast_7143,2025-10-25 15:00:00,606.4470406891359,336.4569732292507,661.9602651746998
forecast_7144,2025-10-25 16:00:00,666.846883866828,370.1873111863327,666.7034496614267
forecast_7145,2025-10-25 17:00:00,831.022311910821,370.1873111863327,721.0104853071839
forecast_7146,2025-10-25 18:00:00,1075.0288137804262,394.4092163677122,827.1262521315
forecast_7147,2025-10-25 19:00:00,1160.58824686149,485.3098736943101,776.6011418262494
forecast_7148,2025-10-25 20:00:00,860.2295818318277,546.5844075188645,691.6778690472532
forecast_7149,2025-10-25 21:00:00,798.4907773740156,556.5960779079281,666.7034496614267
forecast_7150,2025-10-25 22:00:00,814.1342553836132,681.3411211924933,806.8515339651542
forecast_7151,2025-10-25 23:00:00,1194.5715579848036,1215.034914194446,899.0943990820066
forecast_7152,2025-10-26 00:00:00,1329.1847816446789,1304.4127542922283,902.5980003396238
forecast_7153,2025-10-26 01:00:00,1042.1898865944347,597.9466592198565,659.4683576922671
forecast_7154,2025-10-26 02:00:00,778.5727209467539,430.44426499229667,662.4759621924217
forecast_7155,2025-10-26 03:00:00,1102.681007666866,516.5416798871809,664.2115421789939
forecast_7156,2025-10-26 04:00:00,1807.8859996864417,822.1608611844556,735.5932039599854
forecast_7157,2025-10-26 05:00:00,2493.8074606420228,1314.8813566199037,1090.7446102702993
forecast_7158,2025-10-26 06:00:00,3869.0194361694716,2026.1184653034318,1149.398104973701
forecast_7159,2025-10-26 07:00:00,4261.883179721268,2527.5668784337354,1526.52599812352
forecast_7160,2025-10-26 08:00:00,4483.895518185156,4033.5870504537147,2612.2080957396265
forecast_7161,2025-10-26 09:00:00,5871.873307308716,3769.829842845704,2536.435521219618
forecast_7162,2025-10-26 10:00:00,4110.046496995203,2801.839737094183,1335.7932556382511
forecast_7163,2025-10-26 11:00:00,3511.0745934026854,2219.6582842305506,1368.4263709455508
forecast_7164,2025-10-26 12:00:00,3452.1674270862395,3391.9789427634655,1913.195238171041
forecast_7165,2025-10-26 13:00:00,3796.2564321572327,3393.297758284927,2039.974482726162
forecast_7166,2025-10-26 14:00:00,4130.9012058529825,3527.91577430759,2119.918969156774
forecast_7167,2025-10-26 15:00:00,5782.4397523263415,3884.8090831573695,2500.2186632073694
forecast_7168,2025-10-26 16:00:00,6948.693010691555,5100.997963843144,3157.8991927432785
forecast_7169,2025-10-26 17:00:00,7192.313460284042,6952.688452954129,4415.626976149944
forecast_7170,2025-10-26 18:00:00,7820.003346282567,8626.608324266854,5920.523193807549
forecast_7171,2025-10-26 19:00:00,8799.254894623924,10033.92794732935,8539.19574512165
forecast_7172,2025-10-26 20:00:00,11027.864683251473,11927.27086377471,9662.10596499521
forecast_7173,2025-10-26 21:00:00,11907.53708317789,13364.299207962526,12295.628167600953
forecast_7174,2025-10-26 22:00:00,13389.877358374191,14246.108284740005,12507.418184071854
forecast_7175,2025-10-26 23:00:00,14131.654151182996,14288.897849682631,12755.22162711037
forecast_7176,2025-10-27 00:00:00,15070.687552839896,14788.786150443786,14442.624477647783
forecast_7177,2025-10-27 01:00:00,15135.235745351882,16660.141606914483,13072.79015755202
forecast_7178,2025-10-27 02:00:00,17354.34176865445,16775.274618647014,14770.80645998819
forecast_7179,2025-10-27 03:00:00,17655.700131618934,18327.945600935647,16936.22446161146
forecast_7180,2025-10-27 04:00:00,17725.724328422068,18990.068295364414,16515.474351472803
forecast_7181,2025-10-27 05:00:00,16674.49842180045,18205.767557236904,14092.494455064672
forecast_7182,2025-10-27 06:00:00,14711.075689103756,16703.92105812516,13157.617421073146
forecast_7183,2025-10-27 07:00:00,14242.170480175268,16177.157005892828,13321.005759145057
forecast_7184,2025-10-27 08:00:00,13438.806082703295,16510.54107530374,13335.842215712288
forecast_7185,2025-10-27 09:00:00,13309.749492584617,15158.771954282754,11917.030570073828
forecast_7186,2025-10-27 10:00:00,12218.449497977383,12832.391236814845,10353.85749416266
forecast_7187,2025-10-27 11:00:00,11500.27495063054,13092.348962827931,9616.198859773716
forecast_7188,2025-10-27 12:00:00,12492.482908542768,12374.316594704118,9732.115907437505
forecast_7189,2025-10-27 13:00:00,13241.166760942942,13216.552655791194,9469.767312088996
forecast_7190,2025-10-27 14:00:00,13329.558964426382,13529.944862074102,8874.663280769586
forecast_7191,2025-10-27 15:00:00,14157.600027216642,14002.340105493155,9412.35946476179
forecast_7192,2025-10-27 16:00:00,14406.0090163526,14167.049829459424,9748.32901398751
forecast_7193,2025-10-27 17:00:00,15078.456570428758,14758.2736454739,11928.24952793617
forecast_7194,2025-10-27 18:00:00,15276.661072596791,14591.754538776653,10851.250086038668
forecast_7195,2025-10-27 19:00:00,15103.314285504985,14517.043452260512,9913.632817727603
forecast_7196,2025-10-27 20:00:00,15028.724549319013,13934.734436653907,9516.502327903236
forecast_7197,2025-10-27 21:00:00,14758.374546048391,13753.322551302079,9681.648845760823
forecast_7198,2025-10-27 22:00:00,13474.430096311957,12420.484825769174,9317.169312334689
forecast_7199,2025-10-27 23:00:00,12283.329432319522,12641.622235289848,10907.607313932067
forecast_7200,2025-10-28 00:00:00,12059.29502933733,12723.133583497955,10199.36610214232
forecast_7201,2025-10-28 01:00:00,13010.93167733528,14454.973116257752,13069.264968775233
forecast_7202,2025-10-28 02:00:00,13667.086158362425,14825.83351432422,12251.687883557384
forecast_7203,2025-10-28 03:00:00,12581.175429187346,15714.231577380362,11816.801900634275
forecast_7204,2025-10-28 04:00:00,11742.20654863495,14789.011117599304,10845.492315638307
forecast_7205,2025-10-28 05:00:00,11373.275343469259,13908.434389437407,8905.588616642417
forecast_7206,2025-10-28 06:00:00,10901.560461962557,12611.003397868433,8153.01245970699
forecast_7207,2025-10-28 07:00:00,11129.101820925363,12230.4623704853,7158.1031381319335
forecast_7208,2025-10-28 08:00:00,11071.956432030367,12543.409057249964,6724.225470603093
forecast_7209,2025-10-28 09:00:00,8576.880342937384,8815.920414599219,5038.361103335725
forecast_7210,2025-10-28 10:00:00,7350.251650931112,6146.061969905864,4046.066447821185
forecast_7211,2025-10-28 11:00:00,5348.025790913243,4498.819871262376,3047.9712975319208
forecast_7212,2025-10-28 12:00:00,5181.293051389055,3618.766646692159,2760.4730535142553
forecast_7213,2025-10-28 13:00:00,4742.444262146001,3298.530948489725,2939.225522103473
forecast_7214,2025-10-28 14:00:00,4830.664206345078,3359.6618769641027,2692.4601977167886
forecast_7215,2025-10-28 15:00:00,5838.094198302579,3519.773072716718,2746.1232063951425
forecast_7216,2025-10-28 16:00:00,4943.252700956763,4003.32775003832,2763.327469027117
forecast_7217,2025-10-28 17:00:00,6816.101011654634,6276.278961931017,3208.2858399692223
forecast_7218,2025-10-28 18:00:00,7246.1683905155205,8062.784947893737,4582.070637064654
forecast_7219,2025-10-28 19:00:00,8185.760928492955,9318.348719352158,5677.216513447059
forecast_7220,2025-10-28 20:00:00,9236.66050424246,12145.916955200884,7512.941812440663
forecast_7221,2025-10-28 21:00:00,10250.796560607407,12947.45799593191,7699.5274956114545
forecast_7222,2025-10-28 22:00:00,10451.418503002551,13373.279112151478,7296.717864162968
forecast_7223,2025-10-28 23:00:00,10702.006034482256,11376.377248111203,7248.461954278015
forecast_7224,2025-10-29 00:00:00,11008.84104286679,10821.277106888581,6863.046172554148
forecast_7225,2025-10-29 01:00:00,8451.66209398078,9948.41263805464,5046.84965452727
forecast_7226,2025-10-29 02:00:00,7450.7174868403945,8191.819472952193,3715.214613529434
forecast_7227,2025-10-29 03:00:00,6246.346111647667,7330.455396683363,3212.6542983709032
forecast_7228,2025-10-29 04:00:00,5333.85075627237,5924.810637266417,3072.4459567931663
forecast_7229,2025-10-29 05:00:00,4075.4498472149075,4585.043533402216,2755.7576848693343
forecast_7230,2025-10-29 06:00:00,2745.3865514028826,2700.369648787504,2309.672923527744
forecast_7231,2025-10-29 07:00:00,1646.6669592805906,1174.667533530171,1064.6956147895812
forecast_7232,2025-10-29 08:00:00,723.7532036728674,673.8973555033693,846.8733162175431
forecast_7233,2025-10-29 09:00:00,260.300295435701,364.19411915567963,659.4683576922671
forecast_7234,2025-10-29 10:00:00,253.0321259631641,296.2647745676504,657.7327777056947
forecast_7235,2025-10-29 11:00:00,253.0321259631641,296.2647745676504,657.7327777056947
forecast_7236,2025-10-29 12:00:00,253.0321259631641,296.2647745676504,657.7327777056947
forecast_7237,2025-10-29 13:00:00,253.0321259631641,296.2647745676504,657.7327777056947
forecast_7238,2025-10-29 14:00:00,253.0321259631641,296.2647745676504,657.7327777056947
forecast_7239,2025-10-29 15:00:00,253.0321259631641,296.2647745676504,657.7327777056947
forecast_7240,2025-10-29 16:00:00,253.0321259631641,296.2647745676504,657.7327777056947
forecast_7241,2025-10-29 17:00:00,250.41932458835927,296.2647745676504,657.7327777056947
forecast_7242,2025-10-29 18:00:00,311.15659097401317,318.8935343596048,659.4683576922671
forecast_7243,2025-10-29 19:00:00,714.1621553875779,472.1749729111044,846.8733162175431
forecast_7244,2025-10-29 20:00:00,948.4288911503985,1146.2465222534443,1369.1328771509784
forecast_7245,2025-10-29 21:00:00,1432.4618902410916,2555.652055043026,3187.9546093074396
forecast_7246,2025-10-29 22:00:00,2980.0041320583973,4069.051794374176,5063.504617706361
forecast_7247,2025-10-29 23:00:00,3533.7814009452864,4069.594687662495,5542.877551315057
forecast_7248,2025-10-30 00:00:00,4865.545022285463,5091.333451161408,6018.7644697732085
forecast_7249,2025-10-30 01:00:00,5718.688666276913,6416.55377193399,7868.649177118583
forecast_7250,2025-10-30 02:00:00,7425.384354637876,9636.604504248791,9711.381812542126
forecast_7251,2025-10-30 03:00:00,10473.703505365778,14050.923443304084,12062.262286167805
forecast_7252,2025-10-30 04:00:00,11942.017042127094,15056.134125053848,13581.466892291932
forecast_7253,2025-10-30 05:00:00,12386.877193729268,13348.539653390511,13672.753368411042
forecast_7254,2025-10-30 06:00:00,11877.484064150369,12446.668505813397,13259.911756135469
forecast_7255,2025-10-30 07:00:00,9797.646753266159,11192.145047468459,10352.111123762326
forecast_7256,2025-10-30 08:00:00,8730.662946194854,9346.948109548888,7968.6085732761185
forecast_7257,2025-10-30 09:00:00,8068.745793786928,7874.6150388563965,5362.944502902067
forecast_7258,2025-10-30 10:00:00,6194.2885194794,4537.8053747796275,3031.3908315811195
forecast_7259,2025-10-30 11:00:00,3439.314893964101,3147.976199523456,1313.61990602343
forecast_7260,2025-10-30 12:00:00,2578.7181234984205,2005.8204610807181,1235.6480682902306
forecast_7261,2025-10-30 13:00:00,2153.2580712455024,1536.087676410888,1180.4262918447168
forecast_7262,2025-10-30 14:00:00,1745.635660705778,1231.0143539647174,1027.6019391919476
forecast_7263,2025-10-30 15:00:00,1592.6426681997684,960.8042130645292,999.4713933314127
forecast_7264,2025-10-30 16:00:00,1582.5205749641998,986.3737127727569,1149.779332447555
forecast_7265,2025-10-30 17:00:00,2951.820952996108,1689.5325718376127,1384.15787759158
forecast_7266,2025-10-30 18:00:00,3360.533885913821,2687.1427427201147,2088.160260157935
forecast_7267,2025-10-30 19:00:00,3288.2980902881077,2016.0077464045323,1431.1985268407307
forecast_7268,2025-10-30 20:00:00,3216.8866686689585,1683.0891420423657,2471.627619824942
forecast_7269,2025-10-30 21:00:00,3127.2314127263644,1411.3167761713771,2159.910608836753
forecast_7270,2025-10-30 22:00:00,2199.5206761471773,1010.8625337929207,1057.218826207045
forecast_7271,2025-10-30 23:00:00,1188.7990608804319,964.3261271062578,817.5318906970024
forecast_7272,2025-10-31 00:00:00,1004.032217875548,668.0449903607165,738.8287365010042
forecast_7273,2025-10-31 01:00:00,628.4694260775057,524.6183182985421,659.4683576922671
forecast_7274,2025-10-31 02:00:00,326.40082600942713,362.63099034783255,659.4683576922671
forecast_7275,2025-10-31 03:00:00,327.09418943989874,362.63099034783255,657.7327777056947
forecast_7276,2025-10-31 04:00:00,338.8592139383475,330.18615083464357,657.7327777056947
forecast_7277,2025-10-31 05:00:00,392.0543440704912,352.83897808691626,657.7327777056947
forecast_7278,2025-10-31 06:00:00,512.2851990067021,387.388362736334,660.2246851881275
forecast_7279,2025-10-31 07:00:00,616.2445071506851,384.20646276914033,659.4683576922671
forecast_7280,2025-10-31 08:00:00,512.2851990067021,358.4529201582865,659.4683576922671
forecast_7281,2025-10-31 09:00:00,364.39334910024684,358.4529201582865,657.7327777056947
forecast_7282,2025-10-31 10:00:00,277.47408244571193,319.6396002073051,657.7327777056947
forecast_7283,2025-10-31 11:00:00,267.48274284313976,298.12868725436874,657.7327777056947
forecast_7284,2025-10-31 12:00:00,262.90575307011255,298.12868725436874,657.7327777056947
forecast_7285,2025-10-31 13:00:00,253.0321259631641,296.37907316462713,657.7327777056947
forecast_7286,2025-10-31 14:00:00,253.0321259631641,296.2647745676504,657.7327777056947
forecast_7287,2025-10-31 15:00:00,253.0321259631641,296.2647745676504,657.7327777056947
forecast_7288,2025-10-31 16:00:00,253.0321259631641,295.809761683361,657.7327777056947
forecast_7289,2025-10-31 17:00:00,307.59629085698697,362.6270650549047,664.2115421789939
forecast_7290,2025-10-31 18:00:00,1392.6127515393705,1119.2320635266165,903.8375835687335
forecast_7291,2025-10-31 19:00:00,3153.4140253212195,3392.0418741348085,1360.3048831790538
forecast_7292,2025-10-31 20:00:00,4655.767484716058,5187.856808352672,3269.9935390849296
forecast_7293,2025-10-31 21:00:00,7669.689058644202,8007.214956180489,5907.005440167335
forecast_7294,2025-10-31 22:00:00,9686.540603563777,9295.828916627375,7924.67479187302
forecast_7295,2025-10-31 23:00:00,10807.658452470225,10713.418168421338,8707.600719276805
forecast_7296,2025-11-01 00:00:00,11933.432030476422,12982.922663711486,9289.516446142505
forecast_7297,2025-11-01 01:00:00,12183.506989312631,13344.263921386064,9185.193290890782
forecast_7298,2025-11-01 02:00:00,12595.124123278321,14290.194060322601,9883.403967060618
forecast_7299,2025-11-01 03:00:00,11693.302227818207,13024.883179004446,10784.445978534373
forecast_7300,2025-11-01 04:00:00,11440.000578329811,11747.738864339142,12639.485232650648
forecast_7301,2025-11-01 05:00:00,11516.345405223963,12722.17199886725,12422.728403444187
forecast_7302,2025-11-01 06:00:00,12601.002340823758,12946.349212393116,12420.053596423986
forecast_7303,2025-11-01 07:00:00,13046.368645848333,13618.765284374482,12619.135852241174
forecast_7304,2025-11-01 08:00:00,14332.112844937645,13759.42243478182,13756.828278596953
forecast_7305,2025-11-01 09:00:00,14845.358114067194,15086.810353116842,12916.372353425239
forecast_7306,2025-11-01 10:00:00,15225.659108719865,15547.850250523774,13446.823246342092
forecast_7307,2025-11-01 11:00:00,15422.105502503115,15222.028115000605,11677.614069293968
forecast_7308,2025-11-01 12:00:00,14611.747896828112,14665.643076814938,9664.496745311928
forecast_7309,2025-11-01 13:00:00,14890.065558196435,13675.292322949816,9494.492876129178
forecast_7310,2025-11-01 14:00:00,14648.817917248049,13083.003444104437,8794.595147649987
forecast_7311,2025-11-01 15:00:00,14303.968743886824,12626.599960744408,8960.410893509295
forecast_7312,2025-11-01 16:00:00,14355.738319851289,12552.408779482063,9796.428714514192
forecast_7313,2025-11-01 17:00:00,14601.515956946212,13134.806707756827,10912.92275118519
forecast_7314,2025-11-01 18:00:00,15340.760921228928,13758.692309140699,11028.628515073391
forecast_7315,2025-11-01 19:00:00,15788.865986258903,14455.924861489018,12699.690412473657
forecast_7316,2025-11-01 20:00:00,16227.342202580874,16138.321834401862,14808.006988944951
forecast_7317,2025-11-01 21:00:00,16820.534968867025,17461.28542143941,14927.843450013845
forecast_7318,2025-11-01 22:00:00,15968.549449098815,17063.361586977648,13752.794503036206
forecast_7319,2025-11-01 23:00:00,16424.663448379793,17123.9341377199,14490.28522981517
forecast_7320,2025-11-02 00:00:00,16339.059474647695,16054.201815334998,14852.284042793723
forecast_7321,2025-11-02 01:00:00,15770.594635977604,16388.30938883252,14241.952858311055
forecast_7322,2025-11-02 02:00:00,16221.97625486264,16616.771862904374,14147.836323150977
forecast_7323,2025-11-02 03:00:00,16512.50956207519,15885.709118739425,14264.428407949372
forecast_7324,2025-11-02 04:00:00,16692.982347242665,14868.556699141456,14928.204552963265
forecast_7325,2025-11-02 05:00:00,16870.28179641061,15707.96776215136,14574.074733077645
forecast_7326,2025-11-02 06:00:00,16888.540871825146,17175.70930661856,14589.544313156468
forecast_7327,2025-11-02 07:00:00,17211.074197773047,17759.83532886494,15298.116397270403
forecast_7328,2025-11-02 08:00:00,17678.985216532717,18477.224050441284,17018.692352865397
forecast_7329,2025-11-02 09:00:00,17524.004619725823,18446.391875115474,17607.53036352712
forecast_7330,2025-11-02 10:00:00,17457.977954557537,18771.31734217774,16755.44898612031
forecast_7331,2025-11-02 11:00:00,17392.357291990735,18370.753055080357,16829.246527443687
forecast_7332,2025-11-02 12:00:00,16873.468919985615,17514.5725948253,14631.042013049184
forecast_7333,2025-11-02 13:00:00,16579.006778314222,15922.294088302402,14026.664270804127
forecast_7334,2025-11-02 14:00:00,15754.200316472616,15984.024690087,12716.38234109837
forecast_7335,2025-11-02 15:00:00,15917.265322302415,14907.977962047658,11518.951205244352
forecast_7336,2025-11-02 16:00:00,15224.855082438991,13962.191426540187,10520.222908872918
forecast_7337,2025-11-02 17:00:00,14924.545454952633,13794.763831867294,9874.144591645027
forecast_7338,2025-11-02 18:00:00,14790.855174412533,12987.233560835117,9638.985742528972
forecast_7339,2025-11-02 19:00:00,14777.087852182682,12386.960897161913,9476.715049508584
forecast_7340,2025-11-02 20:00:00,13077.78011327934,11327.238812410927,8420.441852998567
forecast_7341,2025-11-02 21:00:00,11199.34144596809,9948.010596359745,6805.620558065934
forecast_7342,2025-11-02 22:00:00,9965.719197711272,9875.651059008313,6684.053473388301
forecast_7343,2025-11-02 23:00:00,10143.838000552221,8560.844888966642,7284.202177458081
forecast_7344,2025-11-03 00:00:00,8826.772807864112,7038.308962207193,7131.396066470841
forecast_7345,2025-11-03 01:00:00,7170.824790365938,4231.206986350527,6984.900837580344
forecast_7346,2025-11-03 02:00:00,4455.847350082657,3144.893060487142,5867.46026213408
forecast_7347,2025-11-03 03:00:00,3434.959828373508,1655.1930865426996,4582.215457539418
forecast_7348,2025-11-03 04:00:00,2357.418209987166,983.2832499082846,3252.6846610972566
forecast_7349,2025-11-03 05:00:00,2581.1298157294464,1117.2125454276315,3084.249092589652
forecast_7350,2025-11-03 06:00:00,3322.4678295091553,3345.050630688916,3361.3779989919203
forecast_7351,2025-11-03 07:00:00,4759.380504074572,4078.6998627114103,4078.761451362718
forecast_7352,2025-11-03 08:00:00,3513.8884266546165,3899.0999514241566,4199.125352932666
forecast_7353,2025-11-03 09:00:00,2242.1166096952693,3471.6039637165145,3234.2563777635123
forecast_7354,2025-11-03 10:00:00,1320.7750135802182,1935.65473391978,1454.613069945979
forecast_7355,2025-11-03 11:00:00,726.1047773089334,856.7463220422524,1020.7520101819024
forecast_7356,2025-11-03 12:00:00,302.42934099459785,379.2366566835126,666.7034496614267
forecast_7357,2025-11-03 13:00:00,254.00092305717303,346.6267386079421,661.9602651746998
forecast_7358,2025-11-03 14:00:00,253.0321259631641,309.1655742406304,657.7327777056947
forecast_7359,2025-11-03 15:00:00,253.0321259631641,302.93957219892263,657.7327777056947
forecast_7360,2025-11-03 16:00:00,248.09100639519497,342.94625129535035,657.7327777056947
forecast_7361,2025-11-03 17:00:00,350.6917957693255,469.2484416771752,659.4683576922671
forecast_7362,2025-11-03 18:00:00,1359.157172984691,908.2186258148222,691.6778690472532
forecast_7363,2025-11-03 19:00:00,1986.2086438061917,1738.3609514555726,853.3124732634827
forecast_7364,2025-11-03 20:00:00,3278.2919318530535,3729.8436693195044,1219.36908235165
forecast_7365,2025-11-03 21:00:00,4593.455283435015,5132.858512856112,2305.973787620026
forecast_7366,2025-11-03 22:00:00,7362.482808223087,7374.229303423216,3965.010722491432
forecast_7367,2025-11-03 23:00:00,9428.426316674238,8587.220785428452,5629.365132416034
forecast_7368,2025-11-04 00:00:00,9691.118161306129,9243.532434388022,7998.900114836295
forecast_7369,2025-11-04 01:00:00,12018.27123993084,11652.177605233572,7755.038924502951
forecast_7370,2025-11-04 02:00:00,12474.683027351752,12368.060959991335,8426.330555272869
forecast_7371,2025-11-04 03:00:00,12671.253918304481,14158.20198849106,8208.026361757624
forecast_7372,2025-11-04 04:00:00,13490.215833866121,14645.813246464872,8870.231648747438
forecast_7373,2025-11-04 05:00:00,14424.535881187872,14627.972890596513,9239.16310816416
forecast_7374,2025-11-04 06:00:00,14987.785810411213,16264.4191624342,10303.209009417673
forecast_7375,2025-11-04 07:00:00,15162.063372383709,17156.26798022958,10851.022843774925
forecast_7376,2025-11-04 08:00:00,15390.974948105864,17364.327879455104,13689.944582211854
forecast_7377,2025-11-04 09:00:00,13751.657792066533,17127.896848909586,12980.854659297358
forecast_7378,2025-11-04 10:00:00,12227.2278394674,15347.293624745595,10504.371796444455
forecast_7379,2025-11-04 11:00:00,11290.027985726865,14383.143696682702,10057.900827029905
forecast_7380,2025-11-04 12:00:00,10815.913807951487,12012.915648638835,9025.500445355876
forecast_7381,2025-11-04 13:00:00,10457.056103419607,11419.8396215363,7734.381154296034
forecast_7382,2025-11-04 14:00:00,9827.542929280497,9826.34403691016,7171.76020392314
forecast_7383,2025-11-04 15:00:00,10109.357747978811,11366.495333688366,6783.912059036811
forecast_7384,2025-11-04 16:00:00,10670.25176083594,9754.165893779194,6938.647270748469
forecast_7385,2025-11-04 17:00:00,11251.960700918502,11969.49929165831,7661.281681991348
forecast_7386,2025-11-04 18:00:00,11240.410206845205,11650.210143509166,7735.794816827646
forecast_7387,2025-11-04 19:00:00,12747.575274848607,14142.964857296805,8620.640647211701
forecast_7388,2025-11-04 20:00:00,12928.476840694977,13631.08664321473,8828.636148064978
forecast_7389,2025-11-04 21:00:00,12384.103489358447,13096.08778823916,8217.459948472586
forecast_7390,2025-11-04 22:00:00,12187.259075876154,11235.24721141077,8484.663437509766
forecast_7391,2025-11-04 23:00:00,9562.940737951136,9776.431274496828,7103.185532285029
forecast_7392,2025-11-05 00:00:00,8453.436925253995,8581.929691471749,5636.030029581814
forecast_7393,2025-11-05 01:00:00,7880.560821958529,8225.141441012296,5149.700036733819
forecast_7394,2025-11-05 02:00:00,6586.540028859631,6081.6239713450295,3630.1862291544335
forecast_7395,2025-11-05 03:00:00,4285.547171253864,2921.4849272925485,2008.2425771468727
forecast_7396,2025-11-05 04:00:00,1913.1144029149334,1716.946978962486,948.4751104324984
forecast_7397,2025-11-05 05:00:00,1033.8789401084612,947.1244525775855,666.7034496614267
forecast_7398,2025-11-05 06:00:00,379.14666649962203,534.561766413374,657.7327777056947
forecast_7399,2025-11-05 07:00:00,310.447768451362,396.2200300336122,657.7327777056947
forecast_7400,2025-11-05 08:00:00,279.2932685767823,373.5545250944698,657.7327777056947
forecast_7401,2025-11-05 09:00:00,259.1372753254887,309.6366743045508,657.7327777056947
forecast_7402,2025-11-05 10:00:00,248.09100639519497,296.2647745676504,657.7327777056947
forecast_7403,2025-11-05 11:00:00,253.0321259631641,296.2647745676504,657.7327777056947
forecast_7404,2025-11-05 12:00:00,253.0321259631641,296.2647745676504,657.7327777056947
forecast_7405,2025-11-05 13:00:00,253.0321259631641,296.37907316462713,657.7327777056947
forecast_7406,2025-11-05 14:00:00,253.0321259631641,296.37907316462713,657.7327777056947
forecast_7407,2025-11-05 15:00:00,253.0321259631641,296.37907316462713,657.7327777056947
forecast_7408,2025-11-05 16:00:00,253.0321259631641,296.37907316462713,657.7327777056947
forecast_7409,2025-11-05 17:00:00,253.0321259631641,295.1569996179834,657.7327777056947
forecast_7410,2025-11-05 18:00:00,254.18918597598145,295.1569996179834,657.7327777056947
forecast_7411,2025-11-05 19:00:00,250.41932458835927,322.52050907274486,657.7327777056947
forecast_7412,2025-11-05 20:00:00,250.41932458835927,375.74934831862356,657.7327777056947
forecast_7413,2025-11-05 21:00:00,261.46559351865295,357.75367224058374,659.4683576922671
forecast_7414,2025-11-05 22:00:00,302.6240692928177,453.1423961789111,661.9602651746998
forecast_7415,2025-11-05 23:00:00,546.2382402817614,601.2915992137932,666.7034496614267
forecast_7416,2025-11-06 00:00:00,1387.1535676100234,1081.4167319954868,994.379365288752
forecast_7417,2025-11-06 01:00:00,2359.444234377147,1841.312726493114,1535.8212879746961
forecast_7418,2025-11-06 02:00:00,3355.159865758719,3450.47574090594,2686.978092698411
forecast_7419,2025-11-06 03:00:00,4561.290419296805,4217.38803747115,3307.6225053609246
forecast_7420,2025-11-06 04:00:00,5284.349853692488,4605.0337977704085,4112.6595776567865
forecast_7421,2025-11-06 05:00:00,5342.01821558053,5226.060298713701,4481.623054973201
forecast_7422,2025-11-06 06:00:00,6384.957759978921,5733.394855141066,4962.915303011161
forecast_7423,2025-11-06 07:00:00,5600.922144281511,5345.248463744907,4551.215780081939
forecast_7424,2025-11-06 08:00:00,4678.111337525914,4408.133008967483,2566.7189472259242
forecast_7425,2025-11-06 09:00:00,2332.0842717311994,1991.0992540199572,941.5185647052198
forecast_7426,2025-11-06 10:00:00,1104.3421149437652,796.8953013863538,664.2115421789939
forecast_7427,2025-11-06 11:00:00,271.2851958044581,311.5054720150515,657.7327777056947
forecast_7428,2025-11-06 12:00:00,253.0321259631641,294.95419715400806,657.7327777056947
forecast_7429,2025-11-06 13:00:00,253.0321259631641,296.2647745676504,657.7327777056947
forecast_7430,2025-11-06 14:00:00,253.0321259631641,296.2647745676504,657.7327777056947
forecast_7431,2025-11-06 15:00:00,253.0321259631641,296.2647745676504,657.7327777056947
forecast_7432,2025-11-06 16:00:00,253.0321259631641,298.12868725436874,657.7327777056947
forecast_7433,2025-11-06 17:00:00,254.18918597598145,296.81810984072644,659.4683576922671
forecast_7434,2025-11-06 18:00:00,273.2909551504875,356.45064308834117,661.9602651746998
forecast_7435,2025-11-06 19:00:00,287.5942942003259,386.970432090181,661.9602651746998
forecast_7436,2025-11-06 20:00:00,273.2909551504875,416.0812827447888,661.9602651746998
forecast_7437,2025-11-06 21:00:00,273.2909551504875,368.65886012395583,661.9602651746998
forecast_7438,2025-11-06 22:00:00,282.38780101592675,409.2497108026671,659.4683576922671
forecast_7439,2025-11-06 23:00:00,290.214353473036,414.4147000638442,661.9602651746998
forecast_7440,2025-11-07 00:00:00,306.19970761165405,526.3840712066758,664.2115421789939
forecast_7441,2025-11-07 01:00:00,664.9758091826933,859.4205856802248,686.4505137474697
forecast_7442,2025-11-07 02:00:00,1114.5230633605527,1510.1032274730755,914.2977305536293
forecast_7443,2025-11-07 03:00:00,2087.31737837761,1981.7503331482571,1071.8487926525886
forecast_7444,2025-11-07 04:00:00,2463.5702804390653,3167.9696876751577,1371.7868991236
forecast_7445,2025-11-07 05:00:00,2185.066890376313,3564.448224279812,2532.6453711382837
forecast_7446,2025-11-07 06:00:00,1433.8550907358665,2072.467190210515,1854.8460171941865
forecast_7447,2025-11-07 07:00:00,848.4685751895291,934.4051965288038,1012.9719727464042
forecast_7448,2025-11-07 08:00:00,613.9344921293363,525.7675442876986,686.4505137474697
forecast_7449,2025-11-07 09:00:00,302.3363409215703,328.26629299561955,659.4683576922671
forecast_7450,2025-11-07 10:00:00,253.0321259631641,294.47627301414457,657.7327777056947
forecast_7451,2025-11-07 11:00:00,253.0321259631641,292.726658924403,657.7327777056947
forecast_7452,2025-11-07 12:00:00,253.0321259631641,296.81810984072644,657.7327777056947
forecast_7453,2025-11-07 13:00:00,260.0197302921102,335.7293723784507,659.4683576922671
forecast_7454,2025-11-07 14:00:00,321.0931693445683,435.73370310405517,661.9602651746998
forecast_7455,2025-11-07 15:00:00,745.2855075422403,805.622361020554,842.8842874338349
forecast_7456,2025-11-07 16:00:00,1618.7303022127971,1498.335202482356,900.3659434663641
forecast_7457,2025-11-07 17:00:00,2399.7638170403466,3304.5302849220957,1047.8282737085597
forecast_7458,2025-11-07 18:00:00,3511.997644541363,3498.6578466009587,1330.45259602321
forecast_7459,2025-11-07 19:00:00,4586.0947399593115,3552.758603343711,2052.2380320014395
forecast_7460,2025-11-07 20:00:00,4689.696787159564,3533.7539953428322,2109.9465540678984
forecast_7461,2025-11-07 21:00:00,3785.2726745162813,3366.402675658917,2458.8178035542755
forecast_7462,2025-11-07 22:00:00,3396.577604064103,3204.518495284372,2121.657549213739
forecast_7463,2025-11-07 23:00:00,3267.389956353378,2843.9166467580408,2042.8795156263564
forecast_7464,2025-11-08 00:00:00,3273.859235510645,3100.90341209437,1896.743785034067
forecast_7465,2025-11-08 01:00:00,3701.2726054274417,3373.8924601355675,1426.0381083978198
forecast_7466,2025-11-08 02:00:00,4120.879870118091,3596.5094170480966,1366.6006943297575
forecast_7467,2025-11-08 03:00:00,3873.8682299120737,3079.8048009502586,1246.3405346677505
forecast_7468,2025-11-08 04:00:00,3548.0743107657136,3348.966488322266,1257.4988845479213
forecast_7469,2025-11-08 05:00:00,3593.4342042144017,3448.3282974624176,1408.2589170337972
forecast_7470,2025-11-08 06:00:00,3367.425310521948,3563.2564022957404,1521.7142114664953
forecast_7471,2025-11-08 07:00:00,2511.0342759055025,2917.0784978352594,1142.2140216395153
forecast_7472,2025-11-08 08:00:00,2066.9188890122728,1595.1060543888805,991.4279680416406
forecast_7473,2025-11-08 09:00:00,1894.5966444704295,1022.5710948220152,817.5318906970024
forecast_7474,2025-11-08 10:00:00,1803.8325951614183,947.8406886426872,666.7034496614267
forecast_7475,2025-11-08 11:00:00,1305.7112486549083,933.9030709608684,666.7034496614267
forecast_7476,2025-11-08 12:00:00,1147.3291116474018,1216.4865507095114,842.8842874338349
forecast_7477,2025-11-08 13:00:00,972.3643977492105,1311.5978540193096,893.4093977390855
forecast_7478,2025-11-08 14:00:00,971.5779860566093,1254.0428751939903,904.3391307912832
forecast_7479,2025-11-08 15:00:00,1722.859646540687,1830.490341510976,1036.339377070741
forecast_7480,2025-11-08 16:00:00,2324.165261717332,3587.271967492573,1868.0426907611811
forecast_7481,2025-11-08 17:00:00,3534.4121185312833,4731.3164928494925,1388.8251511198355
forecast_7482,2025-11-08 18:00:00,4174.084211339868,6448.556275736953,2480.618426190068
forecast_7483,2025-11-08 19:00:00,5439.461284386651,7505.228294607337,3170.6592553626297
forecast_7484,2025-11-08 20:00:00,5578.3135926538125,8310.712747585703,4723.122056421115
forecast_7485,2025-11-08 21:00:00,7494.033869749711,8255.644038346363,4862.881414133701
forecast_7486,2025-11-08 22:00:00,8252.915050830354,9069.138457185305,5881.379707111593
forecast_7487,2025-11-08 23:00:00,10164.32945391546,9584.863675906587,7173.927236145672
forecast_7488,2025-11-09 00:00:00,8678.275263719643,10070.865576677252,7560.566228204858
forecast_7489,2025-11-09 01:00:00,9108.642475383249,10051.307791895559,7261.247699007787
forecast_7490,2025-11-09 02:00:00,11486.92872773705,11586.389634118303,7796.739506202604
forecast_7491,2025-11-09 03:00:00,12109.663035289042,13136.55454713434,8172.897896689217
forecast_7492,2025-11-09 04:00:00,12612.272719396668,12538.672269056884,9076.26763917659
forecast_7493,2025-11-09 05:00:00,13247.832704667957,14490.946900478617,8941.887179532392
forecast_7494,2025-11-09 06:00:00,14321.02881204107,14326.654077104127,9740.359192746206
forecast_7495,2025-11-09 07:00:00,14444.368670443611,15289.838989099797,10417.413547096417
forecast_7496,2025-11-09 08:00:00,13970.006033085787,15262.224750416082,11259.40802316846
forecast_7497,2025-11-09 09:00:00,13539.605315835788,14083.353540800377,8914.861141669313
forecast_7498,2025-11-09 10:00:00,13012.762478513741,13613.224652578143,9387.416999520701
forecast_7499,2025-11-09 11:00:00,12481.064711859532,11744.763571339461,8413.646419617415
forecast_7500,2025-11-09 12:00:00,11087.72340741092,10992.15500857145,7772.698239162883
forecast_7501,2025-11-09 13:00:00,11372.975251680497,9563.186106617442,8838.640343220464
forecast_7502,2025-11-09 14:00:00,12187.389216974409,10934.294737670903,8364.565694870314
forecast_7503,2025-11-09 15:00:00,13353.724634914619,11073.248927420836,8378.449018530862
forecast_7504,2025-11-09 16:00:00,13926.315040892689,13011.054367416233,9533.689201240315
forecast_7505,2025-11-09 17:00:00,14649.961459446504,13746.102633520864,10878.145495357221
forecast_7506,2025-11-09 18:00:00,14902.080472715097,14423.017419831385,13362.856611277039
forecast_7507,2025-11-09 19:00:00,16289.041783637465,15773.157011544236,14447.770719599444
forecast_7508,2025-11-09 20:00:00,17091.656623015304,16388.73166745372,15651.038018209918
forecast_7509,2025-11-09 21:00:00,17197.271241098566,16807.76113722253,15490.833673455165
forecast_7510,2025-11-09 22:00:00,16813.14435497336,15514.277967368858,14775.795484576194
forecast_7511,2025-11-09 23:00:00,15120.430674846057,15124.854143440205,12357.673705540044
forecast_7512,2025-11-10 00:00:00,14445.046995074405,14254.082459175199,10763.419821393609
forecast_7513,2025-11-10 01:00:00,14242.743999832644,13867.427398203028,11342.370692945979
forecast_7514,2025-11-10 02:00:00,14261.053721215105,13741.943888854297,9736.685519208213
forecast_7515,2025-11-10 03:00:00,14325.179333521088,13438.596963647404,8579.095432302427
forecast_7516,2025-11-10 04:00:00,14469.759778216281,13713.14012663486,9296.919492844854
forecast_7517,2025-11-10 05:00:00,16021.811004390504,14480.898855169484,11803.131711637352
forecast_7518,2025-11-10 06:00:00,16882.561025328727,15318.347793129404,14275.2504585276
forecast_7519,2025-11-10 07:00:00,16821.803649911635,15279.979181667837,14420.671894203851
forecast_7520,2025-11-10 08:00:00,15168.49031428996,14984.35786044876,14099.094347131122
forecast_7521,2025-11-10 09:00:00,14800.76500037537,14938.817542206836,14175.887556554482
forecast_7522,2025-11-10 10:00:00,13809.857565511778,14882.38338426287,13564.628303803043
forecast_7523,2025-11-10 11:00:00,13089.210936409489,13180.287709547567,9310.167439336316
forecast_7524,2025-11-10 12:00:00,11476.03027743268,9822.804429698073,7296.466728927536
forecast_7525,2025-11-10 13:00:00,9245.83070284472,8945.194048288657,5497.9934884421
forecast_7526,2025-11-10 14:00:00,8271.142995156191,8057.006292963537,4753.480230838742
forecast_7527,2025-11-10 15:00:00,7703.262049588117,7978.54700392938,5314.075848230935
forecast_7528,2025-11-10 16:00:00,8283.70028877253,8888.808921916057,7392.271931488498
forecast_7529,2025-11-10 17:00:00,10712.667214512805,10310.30010757843,7844.08423807351
forecast_7530,2025-11-10 18:00:00,13218.508723984976,12289.327141691276,9348.418495590207
forecast_7531,2025-11-10 19:00:00,15234.119164950982,14750.57019890818,12963.241043229642
forecast_7532,2025-11-10 20:00:00,17085.842543663864,16417.513210150086,14367.238128116343
forecast_7533,2025-11-10 21:00:00,19404.95853981597,17586.201585985407,14671.410863025241
forecast_7534,2025-11-10 22:00:00,19779.99836478827,19107.933569364643,15459.764349968405
forecast_7535,2025-11-10 23:00:00,19916.04659907598,19402.718506668632,16629.355280695025
forecast_7536,2025-11-11 00:00:00,20024.316561385884,19153.003810434446,16864.19298979547
forecast_7537,2025-11-11 01:00:00,20185.90123246396,19314.52219659182,16285.060784555337
forecast_7538,2025-11-11 02:00:00,19559.731645576583,18062.13564307453,14286.723645151218
forecast_7539,2025-11-11 03:00:00,16817.816586372654,16164.140967160822,11987.461124133453
forecast_7540,2025-11-11 04:00:00,15725.733675934423,15820.957777695226,10491.310528996057
forecast_7541,2025-11-11 05:00:00,11866.692137484988,12585.912459543059,8060.507549959422
forecast_7542,2025-11-11 06:00:00,10186.184970549255,9326.89419141777,5620.350120443595
forecast_7543,2025-11-11 07:00:00,8130.242594122555,6439.924937246912,4742.734997447478
forecast_7544,2025-11-11 08:00:00,7058.507009851902,4831.409513001219,3114.6844248960288
forecast_7545,2025-11-11 09:00:00,4513.571738526326,3591.375786219436,2235.919166626706
forecast_7546,2025-11-11 10:00:00,3409.8850895602664,2010.170405563639,1242.0544814983787
forecast_7547,2025-11-11 11:00:00,2559.4849238565607,1573.2483798871128,1223.4618740407266
forecast_7548,2025-11-11 12:00:00,2295.751842338409,1282.9076063802154,1071.573069088639
forecast_7549,2025-11-11 13:00:00,1601.0376538591568,856.8573032705029,1032.5106742175483
forecast_7550,2025-11-11 14:00:00,1683.5715040577438,724.3834078940647,1001.8561538712886
forecast_7551,2025-11-11 15:00:00,1382.7071027117781,510.5801142334223,903.8375835687335
forecast_7552,2025-11-11 16:00:00,998.4311319036264,348.4945349719607,659.4683576922671
forecast_7553,2025-11-11 17:00:00,934.5868244393112,328.80277031258777,657.7327777056947
forecast_7554,2025-11-11 18:00:00,850.4371813252901,368.65886012395583,657.7327777056947
forecast_7555,2025-11-11 19:00:00,398.1786774680075,345.020667131245,657.7327777056947
forecast_7556,2025-11-11 20:00:00,439.87989715194345,354.39698934065325,657.7327777056947
forecast_7557,2025-11-11 21:00:00,794.6508204525175,494.20753433093813,659.4683576922671
forecast_7558,2025-11-11 22:00:00,799.007940487809,800.4607725093827,661.9602651746998
forecast_7559,2025-11-11 23:00:00,823.144806865606,942.9114872457556,686.9346845605263
forecast_7560,2025-11-12 00:00:00,1049.8545371695652,984.0778248799285,722.7152671270067
forecast_7561,2025-11-12 01:00:00,1104.602427532231,1002.049413380017,666.7034496614267
forecast_7562,2025-11-12 02:00:00,1128.3415619770572,1328.8900198297147,743.4147810986601
forecast_7563,2025-11-12 03:00:00,1152.7220676578568,1739.170195647535,903.8375835687335
forecast_7564,2025-11-12 04:00:00,1151.7886633019168,2270.472808568297,1062.2296468631268
forecast_7565,2025-11-12 05:00:00,1712.126910370192,3886.353118038791,1269.7616372695986
forecast_7566,2025-11-12 06:00:00,2954.6685421460547,5178.226658157018,1443.7906329018751
forecast_7567,2025-11-12 07:00:00,4228.000500557742,6920.921238145405,3329.5799127805813
forecast_7568,2025-11-12 08:00:00,5090.774109016368,7687.839660016951,3738.572728599739
forecast_7569,2025-11-12 09:00:00,6142.552236649414,7120.561656797536,3487.9265893051975
forecast_7570,2025-11-12 10:00:00,4575.503909808025,5281.340680149811,2521.6414430024274
forecast_7571,2025-11-12 11:00:00,4306.794866308106,3531.0949744275385,3050.036329414618
forecast_7572,2025-11-12 12:00:00,4742.4742216175,3859.2658340471107,4050.4452491173097
forecast_7573,2025-11-12 13:00:00,5670.8750651619375,4754.388646642165,4671.69870037167
forecast_7574,2025-11-12 14:00:00,6070.07015064099,6580.058671431939,5191.871163797545
forecast_7575,2025-11-12 15:00:00,7143.791407285008,7458.703919257956,5412.354636997904
forecast_7576,2025-11-12 16:00:00,7621.381340609891,8971.40976915614,6329.973009429996
forecast_7577,2025-11-12 17:00:00,9959.215188523945,11212.392099366534,8659.798785905932
forecast_7578,2025-11-12 18:00:00,12115.81658757613,14209.131756670122,11301.951460850456
forecast_7579,2025-11-12 19:00:00,15369.037632063122,15639.301387737607,13491.4220915677
forecast_7580,2025-11-12 20:00:00,16524.094338336792,17587.660637498317,15119.21207515294
forecast_7581,2025-11-12 21:00:00,17552.78020837154,18189.199554363466,16012.593855876903
forecast_7582,2025-11-12 22:00:00,18572.970896006627,18585.88459112743,16955.378276248357
forecast_7583,2025-11-12 23:00:00,19162.290470181477,19088.340828544086,17790.505188127263
forecast_7584,2025-11-13 00:00:00,19981.894693848066,19399.04211532608,17761.218400127487
forecast_7585,2025-11-13 01:00:00,20568.58032836574,19292.861914646644,17838.708210642057
forecast_7586,2025-11-13 02:00:00,20299.393540538083,19336.53669090421,18504.42385632156
forecast_7587,2025-11-13 03:00:00,20161.553731958258,19558.187840549355,18771.07779173663
forecast_7588,2025-11-13 04:00:00,19890.657194386426,19139.23042056114,18411.659387584892
forecast_7589,2025-11-13 05:00:00,19312.14913420217,18791.951970446935,17420.834375005794
forecast_7590,2025-11-13 06:00:00,19324.17930141049,17857.408988293973,16442.560170813762
forecast_7591,2025-11-13 07:00:00,18692.89919862613,17105.560153377875,15793.591900727028
forecast_7592,2025-11-13 08:00:00,17321.149331217726,15643.146246804365,14925.130347645909
forecast_7593,2025-11-13 09:00:00,15359.548137407744,14393.298026878963,11624.399727168751
forecast_7594,2025-11-13 10:00:00,10801.350962572356,11387.468286155763,8933.54079582224
forecast_7595,2025-11-13 11:00:00,8328.268522237051,9048.888541443497,7403.8225679557045
forecast_7596,2025-11-13 12:00:00,7565.210293911567,8120.672282967523,5445.2460294038365
forecast_7597,2025-11-13 13:00:00,7116.081277650383,6596.6512097646755,3526.2094719415268
forecast_7598,2025-11-13 14:00:00,6203.336952032194,5086.996572577847,2693.2773123508437
forecast_7599,2025-11-13 15:00:00,5242.356303330202,4733.613738155827,2044.7830381489894
forecast_7600,2025-11-13 16:00:00,5411.554745644053,4830.175820539067,1406.1057689298125
forecast_7601,2025-11-13 17:00:00,7124.66915662425,5344.0528400541425,2216.8444610776305
forecast_7602,2025-11-13 18:00:00,7793.619439803692,7200.639876014085,3678.968909423431
forecast_7603,2025-11-13 19:00:00,8274.290453720376,8377.150443330005,3934.6026967494317
forecast_7604,2025-11-13 20:00:00,8147.906102631738,8129.066632662582,3788.3472839094866
forecast_7605,2025-11-13 21:00:00,8213.593856842588,8448.415045289967,5151.3001721533
forecast_7606,2025-11-13 22:00:00,8140.58292366002,8271.362989819207,5967.6201359914685
forecast_7607,2025-11-13 23:00:00,8045.193891713117,9226.189912019474,7146.372799929819
forecast_7608,2025-11-14 00:00:00,7918.55249589638,9050.251374184616,6633.213502603207
forecast_7609,2025-11-14 01:00:00,4925.032638414152,5221.781129001506,3577.5464992295665
forecast_7610,2025-11-14 02:00:00,3018.744682751017,3715.386956326782,2925.870733412416
forecast_7611,2025-11-14 03:00:00,3000.0881418304284,3991.788138503393,2961.5370655434263
forecast_7612,2025-11-14 04:00:00,2510.072752686287,3916.6223070338356,2864.037081454116
forecast_7613,2025-11-14 05:00:00,2597.9316042767055,4021.408511789227,2921.962775226068
forecast_7614,2025-11-14 06:00:00,2612.2551025930534,3478.9363321889527,3309.471202845472
forecast_7615,2025-11-14 07:00:00,3614.8253543663013,2622.7121381223133,3270.06076621334
forecast_7616,2025-11-14 08:00:00,4085.832880931932,3682.2246624687455,3277.132907817133
forecast_7617,2025-11-14 09:00:00,4253.609390220063,3845.7444200641744,3124.963893214989
forecast_7618,2025-11-14 10:00:00,4932.261964888074,3698.4171348337177,2740.8064635394176
forecast_7619,2025-11-14 11:00:00,4632.859575236166,3532.6732619223026,2220.892863829913
forecast_7620,2025-11-14 12:00:00,4989.908624232183,3414.3945290184834,2591.8844437442112
forecast_7621,2025-11-14 13:00:00,4946.87288191918,3551.442608751329,3132.6583079189168
forecast_7622,2025-11-14 14:00:00,5822.103629858699,3548.558100132258,3058.1058655517104
forecast_7623,2025-11-14 15:00:00,6249.57408736778,4517.402333555717,3217.7101999665183
forecast_7624,2025-11-14 16:00:00,7066.716721715687,6310.214841622469,3941.472209159908
forecast_7625,2025-11-14 17:00:00,8450.661937993767,8196.401953656505,5170.92844472153
forecast_7626,2025-11-14 18:00:00,9372.914941899531,8696.675563876855,6943.7367955847585
forecast_7627,2025-11-14 19:00:00,10730.192482946459,9896.936184249094,7644.8738596001685
forecast_7628,2025-11-14 20:00:00,11390.845176665069,10343.437755405303,7399.601759714962
forecast_7629,2025-11-14 21:00:00,11154.342644719256,10693.516906752408,6866.63072614384
forecast_7630,2025-11-14 22:00:00,11428.734163896723,10903.591934531953,7366.796153017766
forecast_7631,2025-11-14 23:00:00,10735.916688831985,10293.938869226318,7195.60915050975
forecast_7632,2025-11-15 00:00:00,9265.253295284963,8975.541526178486,5216.835483773808
forecast_7633,2025-11-15 01:00:00,8122.396546094537,6915.4541441377105,3960.2485399913
forecast_7634,2025-11-15 02:00:00,6949.744333569307,5458.934048915389,3204.23971348545
forecast_7635,2025-11-15 03:00:00,7427.586178432389,5382.121670334484,3029.721187552955
forecast_7636,2025-11-15 04:00:00,7469.596072308466,5356.047225710192,3372.680297408556
forecast_7637,2025-11-15 05:00:00,7710.203832683673,6331.412878234114,3098.024889897062
forecast_7638,2025-11-15 06:00:00,5645.41383309147,6085.009187090387,2633.929176063722
forecast_7639,2025-11-15 07:00:00,5211.754860076948,4258.6685408607755,1986.613495570538
forecast_7640,2025-11-15 08:00:00,4506.2965295121885,3528.2472089272537,1231.9758847957305
forecast_7641,2025-11-15 09:00:00,3121.30912468091,1856.1851483443502,796.3482059122924
forecast_7642,2025-11-15 10:00:00,1861.0602808675649,847.4955765742118,664.2115421789939
forecast_7643,2025-11-15 11:00:00,861.4407509979025,398.521106819379,661.9602651746998
forecast_7644,2025-11-15 12:00:00,737.7359699183897,356.75743746501337,661.9602651746998
forecast_7645,2025-11-15 13:00:00,633.8643140236534,352.5793672754673,659.4683576922671
forecast_7646,2025-11-15 14:00:00,717.5333123898914,410.8678203972562,664.2115421789939
forecast_7647,2025-11-15 15:00:00,1124.621320828921,943.9687823965611,686.4505137474697
forecast_7648,2025-11-15 16:00:00,2113.578531286394,1687.806561296105,1256.2709691723485
forecast_7649,2025-11-15 17:00:00,4181.726147899273,3912.4592890275467,2289.114462579255
forecast_7650,2025-11-15 18:00:00,7078.334649995979,6218.425944696396,4020.7377191757305
forecast_7651,2025-11-15 19:00:00,7632.9219887025365,7930.476899160525,5017.695053998159
forecast_7652,2025-11-15 20:00:00,7636.331751904841,8541.870297211006,5493.62089724754
forecast_7653,2025-11-15 21:00:00,7973.055775726245,9715.800468804297,7205.77379794413
forecast_7654,2025-11-15 22:00:00,8560.469782312503,10417.016577005546,7879.545795348435
forecast_7655,2025-11-15 23:00:00,9050.485499893462,10562.6748501216,7530.688036660375
forecast_7656,2025-11-16 00:00:00,10166.081371155406,11334.105759251892,7421.886272454826
forecast_7657,2025-11-16 01:00:00,11622.37673978791,9437.3307173389,7084.968579042705
forecast_7658,2025-11-16 02:00:00,11217.13180903914,8985.060552242427,6835.573994023374
forecast_7659,2025-11-16 03:00:00,11428.399958219245,9718.705281125238,7747.186121482229
forecast_7660,2025-11-16 04:00:00,12062.033148832978,10920.159283491834,8221.641375827128
forecast_7661,2025-11-16 05:00:00,12912.820732823722,13089.955270836299,8213.370784801507
forecast_7662,2025-11-16 06:00:00,12774.56570946211,14530.032272985914,8112.711884895805
forecast_7663,2025-11-16 07:00:00,12797.441418865712,14471.115919107635,8444.31170588583
forecast_7664,2025-11-16 08:00:00,12809.608516189057,14398.818613980873,9383.478489999803
forecast_7665,2025-11-16 09:00:00,12545.272605839291,15400.17902769435,9596.317487137418
forecast_7666,2025-11-16 10:00:00,13197.414987105536,14639.396779817136,12103.231736533706
forecast_7667,2025-11-16 11:00:00,11644.336560046977,14075.89748932524,13037.337895621997
forecast_7668,2025-11-16 12:00:00,11642.257161143169,13103.486800453538,13281.936308669301
forecast_7669,2025-11-16 13:00:00,11949.702226770056,13055.120188190265,13119.973864403055
forecast_7670,2025-11-16 14:00:00,12572.79441432084,12782.178807980736,12892.941013578704
forecast_7671,2025-11-16 15:00:00,13572.879911595426,13297.653188912116,14128.665678571148
forecast_7672,2025-11-16 16:00:00,16125.0080832965,16366.347535526449,16295.22325767402
forecast_7673,2025-11-16 17:00:00,18168.03383246666,18697.240749303222,17520.591116423755
forecast_7674,2025-11-16 18:00:00,18966.900351730194,19441.86835591164,18228.655095524115
forecast_7675,2025-11-16 19:00:00,19107.618847906015,20116.331115479534,18226.325884617192
forecast_7676,2025-11-16 20:00:00,19631.510770330642,20231.384313984316,18671.42265845684
forecast_7677,2025-11-16 21:00:00,19899.00593320881,20219.06867915703,18813.040585268813
forecast_7678,2025-11-16 22:00:00,19566.1926261853,19957.0641061226,18785.835403868383
forecast_7679,2025-11-16 23:00:00,19194.79217146059,19635.297770327004,18818.55648014937
forecast_7680,2025-11-17 00:00:00,19302.67542246774,19597.785204383075,18869.70421806347
forecast_7681,2025-11-17 01:00:00,19328.830007065637,19397.434703728897,18507.474029523553
forecast_7682,2025-11-17 02:00:00,19959.462007297312,19726.450560678924,18087.65069630904
forecast_7683,2025-11-17 03:00:00,19678.317631375023,19680.445490103666,17249.764929813762
forecast_7684,2025-11-17 04:00:00,19639.067959394204,19719.08149131903,17489.4730743954
forecast_7685,2025-11-17 05:00:00,19662.393686308904,19787.673828532857,18117.459999956
forecast_7686,2025-11-17 06:00:00,19619.738782574546,19871.997895040207,17845.351153464646
forecast_7687,2025-11-17 07:00:00,19597.275066632334,19866.861799132315,17957.045142962877
forecast_7688,2025-11-17 08:00:00,19382.34131560794,19625.060721099864,17599.48891323527
forecast_7689,2025-11-17 09:00:00,18108.022633950433,18863.096031539062,17791.864333885365
forecast_7690,2025-11-17 10:00:00,14867.201102483295,17825.707045053852,16237.82287819085
forecast_7691,2025-11-17 11:00:00,14375.172991914345,16066.058981261016,15005.774983702513
forecast_7692,2025-11-17 12:00:00,14089.88655187868,15393.234890563961,12146.508379667148
forecast_7693,2025-11-17 13:00:00,14157.181195181958,14037.678773546053,11106.232517024913
forecast_7694,2025-11-17 14:00:00,13308.486994350911,12883.763862944857,10095.328086547233
forecast_7695,2025-11-17 15:00:00,13814.487559377285,12462.12384446865,9953.572920312163
forecast_7696,2025-11-17 16:00:00,14132.797608545288,12843.513953121454,11580.340443135388
forecast_7697,2025-11-17 17:00:00,14271.130865871552,13696.034164099221,13471.822037193222
forecast_7698,2025-11-17 18:00:00,14523.774546975188,14034.419721569584,14314.694667046972
forecast_7699,2025-11-17 19:00:00,13783.483266359686,15087.736403562905,13970.461910986289
forecast_7700,2025-11-17 20:00:00,14172.324807040106,15205.846749693379,14539.532741488021
forecast_7701,2025-11-17 21:00:00,13981.40973144404,15686.89069415929,14988.17299822343
forecast_7702,2025-11-17 22:00:00,15478.709171308927,16254.57391976834,15711.343140041334
forecast_7703,2025-11-17 23:00:00,15129.983117287356,16560.176575916226,15970.144564142416
forecast_7704,2025-11-18 00:00:00,15042.900941563927,16121.469051817261,15792.694011812744
forecast_7705,2025-11-18 01:00:00,14520.908092224807,16265.486490831576,14698.307161072833
forecast_7706,2025-11-18 02:00:00,14399.957403774844,16902.51450249865,15912.10238002489
forecast_7707,2025-11-18 03:00:00,14555.814877434856,17397.724044057097,16679.030537802035
forecast_7708,2025-11-18 04:00:00,14906.960296841364,17014.87157043572,16752.660183174103
forecast_7709,2025-11-18 05:00:00,15151.774881452304,18059.32647265429,16749.159285337366
forecast_7710,2025-11-18 06:00:00,15891.279934975211,18782.339385452804,18381.665638131894
forecast_7711,2025-11-18 07:00:00,16625.185977463338,19337.08170147479,18057.259113269036
forecast_7712,2025-11-18 08:00:00,16266.420964479603,18540.36130503208,17811.421533061082
forecast_7713,2025-11-18 09:00:00,15622.763162173927,16797.736207507376,16565.083513669942
forecast_7714,2025-11-18 10:00:00,15123.106622245832,15919.510734910553,13242.32114519683
forecast_7715,2025-11-18 11:00:00,14111.490795327347,14946.69151108712,11624.09898687158
forecast_7716,2025-11-18 12:00:00,14402.331431446699,13895.800412473258,9252.275762548996
forecast_7717,2025-11-18 13:00:00,13466.710592019977,12758.904238371095,8580.352612409955
forecast_7718,2025-11-18 14:00:00,12727.774764472693,11261.892837151505,8011.495617272248
forecast_7719,2025-11-18 15:00:00,11195.954991446499,9581.650702487692,7093.028024180945
forecast_7720,2025-11-18 16:00:00,10058.594154307677,8782.875870879176,6725.678076265998
forecast_7721,2025-11-18 17:00:00,9688.576746119044,8336.303067182042,5447.517720583652
forecast_7722,2025-11-18 18:00:00,9644.129417846607,9484.45256541434,5203.850083630436
forecast_7723,2025-11-18 19:00:00,9970.5789616386,10187.243847110369,5465.883517258068
forecast_7724,2025-11-18 20:00:00,9695.52560283701,10888.80761290892,6755.694223408643
forecast_7725,2025-11-18 21:00:00,9903.776437554941,13195.030229947923,5883.25931725384
forecast_7726,2025-11-18 22:00:00,10676.86034502296,13817.546170364862,5910.957322173495
forecast_7727,2025-11-18 23:00:00,10655.453405438679,14616.261697619742,5735.353738078606
forecast_7728,2025-11-19 00:00:00,10893.877833039083,12212.552819458246,6044.282920000719
forecast_7729,2025-11-19 01:00:00,11785.280575603032,12723.594480080017,7982.578272851961
forecast_7730,2025-11-19 02:00:00,11812.961331424392,13411.798142084222,7673.775693919022
forecast_7731,2025-11-19 03:00:00,11207.266015543635,12598.174811836661,7236.13568105287
forecast_7732,2025-11-19 04:00:00,9035.609846715102,9195.757924966241,5734.455327791036
forecast_7733,2025-11-19 05:00:00,5470.416057359111,6131.3370309952115,5149.006361636643
forecast_7734,2025-11-19 06:00:00,4245.5385696116,3555.420780826734,4057.5768339235524
forecast_7735,2025-11-19 07:00:00,3129.7435460192673,2790.7483458716915,2530.982464515587
forecast_7736,2025-11-19 08:00:00,2107.136334830343,1725.9876762751555,1284.641421473151
forecast_7737,2025-11-19 09:00:00,1124.069772122417,873.8023234802356,907.3411848263507
forecast_7738,2025-11-19 10:00:00,317.1447241238817,504.31612210212086,664.2115421789939
forecast_7739,2025-11-19 11:00:00,254.18918597598145,313.3139400138895,664.2115421789939
forecast_7740,2025-11-19 12:00:00,260.0197302921102,313.3139400138895,666.7034496614267
forecast_7741,2025-11-19 13:00:00,316.17257989987803,342.828912025283,686.4505137474697
forecast_7742,2025-11-19 14:00:00,982.2602968386325,772.5315752958699,1125.394379944932
forecast_7743,2025-11-19 15:00:00,2227.357460833709,1550.923556998004,2133.137697503064
forecast_7744,2025-11-19 16:00:00,4230.174095354847,3552.3809264910624,3129.04609620579
forecast_7745,2025-11-19 17:00:00,7488.246462807552,6217.891168592252,5767.007879754903
forecast_7746,2025-11-19 18:00:00,8826.337446594847,8054.1540950908775,7811.723851671637
forecast_7747,2025-11-19 19:00:00,10843.532192291048,10585.51363698523,10920.848638161746
forecast_7748,2025-11-19 20:00:00,13640.9752938509,14209.133497704559,12992.483079370446
forecast_7749,2025-11-19 21:00:00,17254.984046137517,16252.59111360638,13217.406478014356
forecast_7750,2025-11-19 22:00:00,19194.92288567179,17961.359877091847,15829.403381242411
forecast_7751,2025-11-19 23:00:00,19928.952797241906,19384.103102166348,16170.508537094114
forecast_7752,2025-11-20 00:00:00,20485.448605947422,19549.715671255934,17180.702471642926
forecast_7753,2025-11-20 01:00:00,19592.79225333497,19637.061841775118,18632.393077721845
forecast_7754,2025-11-20 02:00:00,19468.53875244994,20162.883553788786,18728.934379163904
forecast_7755,2025-11-20 03:00:00,19828.907423446166,20393.605596926733,19030.87254391041
forecast_7756,2025-11-20 04:00:00,20527.713932528553,20096.81424992113,18647.493350704368
forecast_7757,2025-11-20 05:00:00,20284.08532034189,19725.8156788524,18489.03342651556
forecast_7758,2025-11-20 06:00:00,20251.430706375846,19491.378330352898,18329.608049371152
forecast_7759,2025-11-20 07:00:00,19355.780611418402,19652.53414287789,18255.339314130124
forecast_7760,2025-11-20 08:00:00,18691.161531721034,19154.098290441794,18384.04714640591
forecast_7761,2025-11-20 09:00:00,18339.325280022593,19047.09145832185,18155.464169121133
forecast_7762,2025-11-20 10:00:00,17694.206492647605,18607.81300352174,18504.47336304435
forecast_7763,2025-11-20 11:00:00,18316.16391362413,18904.43658232108,18252.134351649504
forecast_7764,2025-11-20 12:00:00,19087.25182926792,19513.580206840146,18229.8585619296
forecast_7765,2025-11-20 13:00:00,19444.975985680292,19454.713550903383,18317.856663187278
forecast_7766,2025-11-20 14:00:00,19719.715257796124,19436.086011606152,18491.372272187124
forecast_7767,2025-11-20 15:00:00,19737.796147028846,19285.36073164179,18399.67065662369
forecast_7768,2025-11-20 16:00:00,19800.017722835066,19631.35459847989,18656.396724249273
forecast_7769,2025-11-20 17:00:00,19826.429094380634,19701.752037084865,18771.67111736175
forecast_7770,2025-11-20 18:00:00,19941.667116816785,19706.933815038,18798.2796281805
forecast_7771,2025-11-20 19:00:00,20085.890103813777,19757.880345371075,18478.949498737937
forecast_7772,2025-11-20 20:00:00,20043.6076400732,19770.58305852962,18544.790818249603
forecast_7773,2025-11-20 21:00:00,19850.110382955496,19854.94704146645,18385.765877552934
forecast_7774,2025-11-20 22:00:00,19354.215107722754,19769.60246135544,18300.69937035937
forecast_7775,2025-11-20 23:00:00,17929.125147479994,19259.14566083491,18391.58692237691
forecast_7776,2025-11-21 00:00:00,17133.132797494618,18458.916618698644,18379.414736965573
forecast_7777,2025-11-21 01:00:00,16916.26091156579,18645.38756311714,18479.791651437765
forecast_7778,2025-11-21 02:00:00,17205.166181669407,18682.493040149064,17451.27671446758
forecast_7779,2025-11-21 03:00:00,17811.433077513015,18358.406764833722,17371.893889508407
forecast_7780,2025-11-21 04:00:00,17052.1743679035,18237.508995573462,17282.582710314928
forecast_7781,2025-11-21 05:00:00,17630.370633195667,18592.33906348782,16256.30145336397
forecast_7782,2025-11-21 06:00:00,18432.13356015772,18691.04288233861,16860.083992917178
forecast_7783,2025-11-21 07:00:00,19278.561613541842,18752.8156634994,16180.829535290488
forecast_7784,2025-11-21 08:00:00,18368.247056570155,19224.336106704344,17301.963610658557
forecast_7785,2025-11-21 09:00:00,15547.02259948746,18265.059522418964,16697.811401717234
forecast_7786,2025-11-21 10:00:00,15013.768026394744,17673.17306158868,16652.163111169117
forecast_7787,2025-11-21 11:00:00,14895.144367656792,17613.240416636174,15508.99596704242
forecast_7788,2025-11-21 12:00:00,15728.512534055544,17130.565274499666,14340.51522106023
forecast_7789,2025-11-21 13:00:00,16619.036185433226,16742.676635370262,14009.828803699234
forecast_7790,2025-11-21 14:00:00,16127.189001346069,16971.373319467828,13530.498826247112
forecast_7791,2025-11-21 15:00:00,17163.36551007434,17178.732953587292,16718.075912691198
forecast_7792,2025-11-21 16:00:00,17582.63682004174,17203.091345497167,17198.562489535754
forecast_7793,2025-11-21 17:00:00,18064.038047069054,17627.277658292685,17586.37417285469
forecast_7794,2025-11-21 18:00:00,18235.388197539505,18108.429226805765,17984.890218776913
forecast_7795,2025-11-21 19:00:00,18007.923488221044,18375.171450185648,17784.340595302914
forecast_7796,2025-11-21 20:00:00,16756.262976818056,18375.37366836721,17881.464900677627
forecast_7797,2025-11-21 21:00:00,16554.98725862467,17719.999904184027,17349.760055494204
forecast_7798,2025-11-21 22:00:00,16957.15672766528,18242.873160357783,17740.95937338344
forecast_7799,2025-11-21 23:00:00,17341.069341119208,18589.42376890362,17811.581849158665
forecast_7800,2025-11-22 00:00:00,18389.18506964712,18907.857580379226,17369.83450725671
forecast_7801,2025-11-22 01:00:00,18486.958610178262,18263.58931843353,16344.264232406093
forecast_7802,2025-11-22 02:00:00,18581.43430216115,18181.003378529847,16361.548743995041
forecast_7803,2025-11-22 03:00:00,18203.21648060029,18329.929654073632,16105.100734517566
forecast_7804,2025-11-22 04:00:00,18292.92943457899,18100.405707522215,16338.785344859212
forecast_7805,2025-11-22 05:00:00,18063.580421558705,18592.475787867905,17395.86956958668
forecast_7806,2025-11-22 06:00:00,18204.736364397435,19513.71480204258,16319.2649282231
forecast_7807,2025-11-22 07:00:00,17903.037843693433,19287.730621076254,15772.41578231604
forecast_7808,2025-11-22 08:00:00,17809.860661379527,18549.168125100306,15110.566238064042
forecast_7809,2025-11-22 09:00:00,17652.55397820634,18448.705861884548,14484.835663618063
forecast_7810,2025-11-22 10:00:00,15518.250361419405,17382.61826307881,13252.260098566572
forecast_7811,2025-11-22 11:00:00,12271.874673122435,16123.178668096773,11244.073332200847
forecast_7812,2025-11-22 12:00:00,11078.783734636789,14956.057568037697,13001.220704975683
forecast_7813,2025-11-22 13:00:00,11308.78463199543,14323.824255084764,12184.653740652877
forecast_7814,2025-11-22 14:00:00,12561.641627009803,14270.474450499727,12438.526474042235
forecast_7815,2025-11-22 15:00:00,13209.860784766968,13991.04532148449,13841.769791916744
forecast_7816,2025-11-22 16:00:00,14349.66195154012,15318.394428494785,15572.8063491007
forecast_7817,2025-11-22 17:00:00,16204.85761245669,16982.215092964343,16093.577846825798
forecast_7818,2025-11-22 18:00:00,18288.381880868852,18760.7287807886,17233.81042309419
forecast_7819,2025-11-22 19:00:00,19684.562188782904,19124.750103693714,17938.331151783743
forecast_7820,2025-11-22 20:00:00,20238.2785867307,19308.21431490584,18189.841080556456
forecast_7821,2025-11-22 21:00:00,20425.836414738988,19790.980339812424,18194.661364747466
forecast_7822,2025-11-22 22:00:00,20542.353307905883,19733.894636061606,18579.248716209568
forecast_7823,2025-11-22 23:00:00,20285.95405949358,19724.722589057834,18358.79466604839
forecast_7824,2025-11-23 00:00:00,20550.037370363458,20088.231507356206,18124.59255846114
forecast_7825,2025-11-23 01:00:00,20389.071380456655,20256.519279768774,18006.24852625405
forecast_7826,2025-11-23 02:00:00,20492.117321992522,20289.161710965003,18115.865993076033
forecast_7827,2025-11-23 03:00:00,20541.86857850184,20109.54142743196,18155.73705489203
forecast_7828,2025-11-23 04:00:00,20624.761349101766,19884.310510142263,18167.824417999946
forecast_7829,2025-11-23 05:00:00,20588.001152228135,20088.626106019878,17826.31200483112
forecast_7830,2025-11-23 06:00:00,20511.527869982332,19911.31532082671,17762.077220350595
forecast_7831,2025-11-23 07:00:00,20610.63938095979,19483.325172176672,18213.205537893176
forecast_7832,2025-11-23 08:00:00,20286.70070461365,19327.27601546992,18227.41675677041
forecast_7833,2025-11-23 09:00:00,19833.24483044272,19279.733633581578,17977.499197501136
forecast_7834,2025-11-23 10:00:00,19464.486895085647,19119.83984727724,17535.38118029502
forecast_7835,2025-11-23 11:00:00,18167.081261252886,18817.66157520906,15914.58729033887
forecast_7836,2025-11-23 12:00:00,17782.912111458485,18646.479531920246,17774.93660074262
forecast_7837,2025-11-23 13:00:00,17821.030836040976,17371.994307588215,16157.856607804284
forecast_7838,2025-11-23 14:00:00,17022.67104254431,16847.24068857163,15876.921635560153
forecast_7839,2025-11-23 15:00:00,16176.98406914362,16710.89323696474,16256.564415207802
forecast_7840,2025-11-23 16:00:00,16401.493213776183,16690.15481448619,16377.889584551147
forecast_7841,2025-11-23 17:00:00,18244.118669989897,17722.48758082564,16602.72617748836
forecast_7842,2025-11-23 18:00:00,18730.946077468525,18589.93476439722,17721.189378763225
forecast_7843,2025-11-23 19:00:00,19751.837541971592,19122.767446053636,17449.81554524005
forecast_7844,2025-11-23 20:00:00,19440.733198531765,18873.48778290623,17571.723716297485
forecast_7845,2025-11-23 21:00:00,19504.98377567404,18656.162650168157,17883.763202807477
forecast_7846,2025-11-23 22:00:00,18581.242703629272,18605.968766811922,17781.385870607315
forecast_7847,2025-11-23 23:00:00,17539.576359827443,17934.777811855824,17169.509256891877
forecast_7848,2025-11-24 00:00:00,16341.331619120258,16705.201751030887,15652.969791463538
forecast_7849,2025-11-24 01:00:00,15888.024235805133,16050.196315038716,14205.642152148797
forecast_7850,2025-11-24 02:00:00,15589.93431690858,15718.653860742692,13392.935526940051
forecast_7851,2025-11-24 03:00:00,15316.716253137274,15403.50090860121,12043.939858258103
forecast_7852,2025-11-24 04:00:00,14098.589366939641,14726.177655135321,11480.675847432827
forecast_7853,2025-11-24 05:00:00,13868.724843994298,15122.899422058279,12772.427222728238
forecast_7854,2025-11-24 06:00:00,14138.41514538695,15754.030707805092,13497.945186599862
forecast_7855,2025-11-24 07:00:00,14912.248359447864,16103.490654759555,14422.967608706653
forecast_7856,2025-11-24 08:00:00,14962.776205088076,15523.99369565362,13562.3231039961
forecast_7857,2025-11-24 09:00:00,12927.636524912134,14176.317562532542,12981.585268220282
forecast_7858,2025-11-24 10:00:00,10954.41764234427,11941.206387982367,8706.413518883597
forecast_7859,2025-11-24 11:00:00,10799.797189433393,11576.115340163424,8786.486659486947
forecast_7860,2025-11-24 12:00:00,11090.4105974532,11265.617913635637,9666.698792305659
forecast_7861,2025-11-24 13:00:00,11371.631585434685,11725.106151601596,12078.962774300342
forecast_7862,2025-11-24 14:00:00,12722.717670939042,13898.432622543216,12955.275067237912
forecast_7863,2025-11-24 15:00:00,13136.228587627405,14105.901017490376,13318.842753632434
forecast_7864,2025-11-24 16:00:00,13190.637326906779,12813.358441951746,11951.760763697599
forecast_7865,2025-11-24 17:00:00,13077.088126859731,12597.794618553793,12551.410782777155
forecast_7866,2025-11-24 18:00:00,13378.8016804486,13169.184302828344,13437.819504383839
forecast_7867,2025-11-24 19:00:00,12914.613615637136,13512.875082822127,11640.195919332855
forecast_7868,2025-11-24 20:00:00,12417.21949625626,13834.000932539464,11761.527365929482
forecast_7869,2025-11-24 21:00:00,12898.917956468027,14010.050402270066,11687.127672077866
forecast_7870,2025-11-24 22:00:00,13706.766451974085,14061.094534891134,12215.446502638042
forecast_7871,2025-11-24 23:00:00,14384.774358102624,14302.08076181419,12740.978704769785
forecast_7872,2025-11-25 00:00:00,14284.947202449513,15271.02241348207,14314.623834969712
forecast_7873,2025-11-25 01:00:00,15329.28426128843,15490.424658173,13512.291166573088
forecast_7874,2025-11-25 02:00:00,13929.692475332758,14716.76785476723,13455.208684898354
forecast_7875,2025-11-25 03:00:00,14853.488878591801,15221.260135037868,13064.174127214308
forecast_7876,2025-11-25 04:00:00,14497.84314441677,15410.392120538254,12977.02318677038
forecast_7877,2025-11-25 05:00:00,14250.234814686366,15712.489194306476,13101.46397274399
forecast_7878,2025-11-25 06:00:00,14673.729642585542,15356.64757337365,11772.217904424811
forecast_7879,2025-11-25 07:00:00,14327.971832839266,15541.131684294745,10932.039319519006
forecast_7880,2025-11-25 08:00:00,14222.990822829943,15114.855430802965,11635.99615969015
forecast_7881,2025-11-25 09:00:00,11701.218148301288,13438.938169271327,9208.076872745862
forecast_7882,2025-11-25 10:00:00,10694.446923869338,12926.366960775855,7852.814683692859
forecast_7883,2025-11-25 11:00:00,10567.14902207163,10101.206535757734,6828.056407250694
forecast_7884,2025-11-25 12:00:00,9765.177010069845,11671.719212069293,7222.62505272456
forecast_7885,2025-11-25 13:00:00,10148.456371177872,9207.798727392099,8141.366467021078
forecast_7886,2025-11-25 14:00:00,11038.515599845236,9180.72788672827,8647.556785761877
forecast_7887,2025-11-25 15:00:00,10724.954697122772,9331.849191485855,8843.997822653819
forecast_7888,2025-11-25 16:00:00,11350.126864693226,11303.789722409663,12248.138335427826
forecast_7889,2025-11-25 17:00:00,12112.522547666402,12198.755293997086,12999.275768628455
forecast_7890,2025-11-25 18:00:00,12094.371816833069,10976.7989457032,11612.070114641463
forecast_7891,2025-11-25 19:00:00,11359.5058944196,10856.245577672742,8839.748110444847
forecast_7892,2025-11-25 20:00:00,10261.611354889834,8477.629144252985,6691.961387152699
forecast_7893,2025-11-25 21:00:00,8089.41267462652,6326.969867761591,5655.388554059913
forecast_7894,2025-11-25 22:00:00,7163.645821010873,4070.002292724329,5227.227560140016
forecast_7895,2025-11-25 23:00:00,4772.350795109995,3543.6712997659124,4492.714122293057
forecast_7896,2025-11-26 00:00:00,4139.369155184943,3433.2919024561634,3435.2284000511645
forecast_7897,2025-11-26 01:00:00,3813.9836172228106,3575.210676734062,3576.6554911650273
forecast_7898,2025-11-26 02:00:00,3181.724132608972,3582.581268046108,2434.094171670113
forecast_7899,2025-11-26 03:00:00,2607.887285242387,2571.828410677044,2110.6461177802594
forecast_7900,2025-11-26 04:00:00,2386.5572154826878,1850.93109095777,1357.6356536660105
forecast_7901,2025-11-26 05:00:00,1627.9850643698428,1601.7466248831595,1213.391905272918
forecast_7902,2025-11-26 06:00:00,2255.223832239478,2046.4816465391364,2190.45502683062
forecast_7903,2025-11-26 07:00:00,3770.069779438706,3569.086474664879,3398.534445882212
forecast_7904,2025-11-26 08:00:00,3959.9438368864335,3519.5560591023795,3208.0963820791376
forecast_7905,2025-11-26 09:00:00,3859.4005598807003,3772.829309177877,2860.3711291313516
forecast_7906,2025-11-26 10:00:00,4682.425368516983,3539.986927737083,2661.9089033816604
forecast_7907,2025-11-26 11:00:00,4683.906712058405,3528.5124650076905,2496.3065014943186
forecast_7908,2025-11-26 12:00:00,3812.667046394621,3605.8396507121156,2604.070483261306
forecast_7909,2025-11-26 13:00:00,3894.3090831101667,3567.80340019114,3153.607681180457
forecast_7910,2025-11-26 14:00:00,4797.946270520704,4857.293421705197,3992.192232123176
forecast_7911,2025-11-26 15:00:00,5283.359620675934,6692.141977922809,5055.9464200952725
forecast_7912,2025-11-26 16:00:00,7202.399392702013,8208.076280874253,7144.831833917403
forecast_7913,2025-11-26 17:00:00,9500.289724901308,10112.546853876735,7570.6523578041215
forecast_7914,2025-11-26 18:00:00,11462.4629756181,11965.333897981856,9331.361653970755
forecast_7915,2025-11-26 19:00:00,12900.774503872326,13645.470823895444,9839.241796152372
forecast_7916,2025-11-26 20:00:00,14451.630358700097,14721.858257154998,11366.005064637347
forecast_7917,2025-11-26 21:00:00,15490.479635145031,16553.801970633758,12710.138567143147
forecast_7918,2025-11-26 22:00:00,15641.389101432436,17171.199790984618,13569.50815966995
forecast_7919,2025-11-26 23:00:00,16482.699621888944,16716.992299919097,12402.587614402186
forecast_7920,2025-11-27 00:00:00,16986.34179795435,16712.094433023092,14615.308999289424
forecast_7921,2025-11-27 01:00:00,17399.375435598176,17971.83429131632,14875.39050082858
forecast_7922,2025-11-27 02:00:00,17333.757603596023,18098.53682514649,14533.349193868373
forecast_7923,2025-11-27 03:00:00,17249.15767971574,17629.563732124658,13535.976829705894
forecast_7924,2025-11-27 04:00:00,16536.16145195564,18068.501877335006,15069.321709729082
forecast_7925,2025-11-27 05:00:00,16151.177764887241,18585.2124157872,14927.624843832924
forecast_7926,2025-11-27 06:00:00,15894.770717802428,18015.805380879658,15194.710694729558
forecast_7927,2025-11-27 07:00:00,14606.603915709067,18233.364178053398,15114.037617260346
forecast_7928,2025-11-27 08:00:00,13720.049252882678,18130.303337040234,13755.272666067223
forecast_7929,2025-11-27 09:00:00,14525.9605627639,17841.03797437785,15099.339525409048
forecast_7930,2025-11-27 10:00:00,13939.410899279257,17611.019604730944,13904.222052553878
forecast_7931,2025-11-27 11:00:00,14560.144017064167,18471.64808303307,17166.676129825293
forecast_7932,2025-11-27 12:00:00,14605.325907548147,18685.86698178018,16697.415578940578
forecast_7933,2025-11-27 13:00:00,15528.000461378027,18984.24553660361,18020.81394465724
forecast_7934,2025-11-27 14:00:00,17496.16136134108,19257.92623344285,17729.27421518713
forecast_7935,2025-11-27 15:00:00,18410.772154879207,18544.553127012477,17599.794574631123
forecast_7936,2025-11-27 16:00:00,18510.796382561854,18578.503378882964,17612.168990420087
forecast_7937,2025-11-27 17:00:00,18564.82312566748,18612.922203861795,17086.687858225177
forecast_7938,2025-11-27 18:00:00,18593.664735568913,18766.900105807348,17229.81636850648
forecast_7939,2025-11-27 19:00:00,18450.460451670464,18831.892013611592,17079.52633278994
forecast_7940,2025-11-27 20:00:00,18749.70229712682,18956.850186526495,16737.80804553394
forecast_7941,2025-11-27 21:00:00,18396.360040671407,19088.12639388043,15993.966182884013
forecast_7942,2025-11-27 22:00:00,17772.59103889616,18358.248352019105,15986.877610599035
forecast_7943,2025-11-27 23:00:00,17035.697343252,18323.061187011288,15883.942376879222
forecast_7944,2025-11-28 00:00:00,16800.14562202133,18468.172731318846,15923.392940992004
forecast_7945,2025-11-28 01:00:00,17546.02161082533,18330.629351914347,16855.778494657607
forecast_7946,2025-11-28 02:00:00,17963.89155804795,18434.047369563552,16966.544967009486
forecast_7947,2025-11-28 03:00:00,17356.080429828646,18647.543841481558,17403.618892623148
forecast_7948,2025-11-28 04:00:00,17136.99752172333,18400.64260896504,17222.57474116215
forecast_7949,2025-11-28 05:00:00,17564.91731021926,18303.543851574846,17209.01042978846
forecast_7950,2025-11-28 06:00:00,18004.278586125693,18743.456039602235,15105.256889914192
forecast_7951,2025-11-28 07:00:00,18081.57129139205,19011.768926399654,12674.366951600357
forecast_7952,2025-11-28 08:00:00,18111.5445590019,18461.230106914907,11643.606890500978
forecast_7953,2025-11-28 09:00:00,16407.185338063515,16742.140382843405,9989.78408815559
forecast_7954,2025-11-28 10:00:00,12171.89295437122,13012.255110451839,8887.734755588182
forecast_7955,2025-11-28 11:00:00,10437.17217108601,11147.877853250624,7765.178747078249
forecast_7956,2025-11-28 12:00:00,9527.25518622961,9037.155183181516,6892.635566846055
forecast_7957,2025-11-28 13:00:00,8218.253393285117,8051.435818544689,5309.947757096155
forecast_7958,2025-11-28 14:00:00,8348.058409836542,7766.395552413002,4757.702675392315
forecast_7959,2025-11-28 15:00:00,7643.960141219982,7360.902640906361,4714.852813960562
forecast_7960,2025-11-28 16:00:00,7213.603095842341,7584.720676144818,4792.605591245405
forecast_7961,2025-11-28 17:00:00,8033.606598288458,8239.365418109506,4940.689689247805
forecast_7962,2025-11-28 18:00:00,8827.103903830095,8748.786759444469,5187.616132935066
forecast_7963,2025-11-28 19:00:00,8506.642365431238,8714.375357425775,5567.971193599776
forecast_7964,2025-11-28 20:00:00,7784.15181773363,8076.165461949529,5812.226329823377
forecast_7965,2025-11-28 21:00:00,7621.538148563214,6082.347803570798,5642.652551070586
forecast_7966,2025-11-28 22:00:00,6756.985946140606,4182.907165182887,4905.202219501694
forecast_7967,2025-11-28 23:00:00,5741.802811983237,5173.88058405799,4855.817476544778
forecast_7968,2025-11-29 00:00:00,6793.781517427786,6240.8066485805975,5326.819631736804
forecast_7969,2025-11-29 01:00:00,8126.422077079628,7004.495492075801,5425.718243448628
forecast_7970,2025-11-29 02:00:00,8842.125472577456,7011.954737266906,5525.052132934986
forecast_7971,2025-11-29 03:00:00,9712.197466622129,8826.547709196315,6111.963866126882
forecast_7972,2025-11-29 04:00:00,11424.233789635788,12039.07289784687,7680.990196139532
forecast_7973,2025-11-29 05:00:00,12011.358250724583,13864.32418101667,9052.794204665632
forecast_7974,2025-11-29 06:00:00,12775.118425073004,15341.715963895276,10292.63343657942
forecast_7975,2025-11-29 07:00:00,13897.431122181708,15495.921405383264,9417.188106384598
forecast_7976,2025-11-29 08:00:00,13228.741352063662,14874.11371026366,9322.946005324276
forecast_7977,2025-11-29 09:00:00,12386.974571459757,15070.169253964423,9157.228213015309
forecast_7978,2025-11-29 10:00:00,12086.898897472962,14039.387598221283,7806.637650268635
forecast_7979,2025-11-29 11:00:00,11090.275698957388,13135.473761319765,7254.778151063763
forecast_7980,2025-11-29 12:00:00,10991.444290685084,12208.534501149034,8757.429113163005
forecast_7981,2025-11-29 13:00:00,12238.496737296338,12805.230671560454,9674.882047513165
forecast_7982,2025-11-29 14:00:00,13027.857843521653,14502.683652119993,12893.010465237121
forecast_7983,2025-11-29 15:00:00,15296.426673346694,14744.766503631943,13322.695500511525
forecast_7984,2025-11-29 16:00:00,17383.783227222062,17720.402764188766,16421.762370237047
forecast_7985,2025-11-29 17:00:00,18582.841135012903,19113.317117693565,18558.54033759155
forecast_7986,2025-11-29 18:00:00,19462.329347352563,19703.73107738251,19059.20947017747
forecast_7987,2025-11-29 19:00:00,19993.645430060362,19942.838574974783,19345.218964142598
forecast_7988,2025-11-29 20:00:00,19976.229754568176,19827.20775539673,19790.412576120354
forecast_7989,2025-11-29 21:00:00,20175.668392658932,19753.53910656747,19686.416936119065
forecast_7990,2025-11-29 22:00:00,20214.075171874123,19510.13192925095,19743.63204482315
forecast_7991,2025-11-29 23:00:00,20133.74932579125,19690.871270514628,19787.616132455936
forecast_7992,2025-11-30 00:00:00,20045.212916017663,19512.43133128035,19680.05998432583
forecast_7993,2025-11-30 01:00:00,19951.64271390127,19475.053329800336,19606.58849331305
forecast_7994,2025-11-30 02:00:00,19926.877458581457,19503.181631544416,19061.216960684957
forecast_7995,2025-11-30 03:00:00,19635.39005401125,19333.726756264594,18582.916828309175
forecast_7996,2025-11-30 04:00:00,18475.620342786766,18555.71615465047,17601.16457713969
forecast_7997,2025-11-30 05:00:00,17568.02684400715,18060.013844833775,17958.424061909256
forecast_7998,2025-11-30 06:00:00,17178.2753871946,17283.77383345148,17009.900659045485
forecast_7999,2025-11-30 07:00:00,16597.17235591082,17322.1651638605,17096.90469791455
forecast_8000,2025-11-30 08:00:00,16752.692714943758,17065.572600288524,17863.800986723734
forecast_8001,2025-11-30 09:00:00,16565.577710521855,16811.2149658466,16732.255975967862
forecast_8002,2025-11-30 10:00:00,16212.994722421054,15906.36502555312,15242.401383438972
forecast_8003,2025-11-30 11:00:00,16274.506385760144,15236.970660602059,13319.512545441374
forecast_8004,2025-11-30 12:00:00,15354.538629728646,14416.619471378746,11293.759970679346
forecast_8005,2025-11-30 13:00:00,13832.987035646074,13618.155606247532,12133.507057145727
forecast_8006,2025-11-30 14:00:00,12698.964250553812,13015.098170404144,12287.070089233948
forecast_8007,2025-11-30 15:00:00,12714.550124309075,13058.321813880762,12479.173391963272
forecast_8008,2025-11-30 16:00:00,12998.383349619075,13543.985489521869,12454.59536536923
forecast_8009,2025-11-30 17:00:00,13235.53700948916,15113.835677641811,11948.50955838986
forecast_8010,2025-11-30 18:00:00,15914.953944236064,18384.85864393526,15522.198720852717
forecast_8011,2025-11-30 19:00:00,18269.16872117526,19475.715886887763,18125.771475598496
forecast_8012,2025-11-30 20:00:00,19045.829927861712,19924.071448248756,19218.431831496713
forecast_8013,2025-11-30 21:00:00,19355.147390256363,20327.77922028042,19449.0412577101
forecast_8014,2025-11-30 22:00:00,19734.868526909013,20272.980226276668,19575.411151674714
forecast_8015,2025-11-30 23:00:00,19726.949434024144,20137.58446304172,19617.445855595604
forecast_8016,2025-12-01 00:00:00,19666.44541229134,20312.235771779822,19484.799497289652
forecast_8017,2025-12-01 01:00:00,19632.304379671703,19939.052431789918,18734.220832093768
forecast_8018,2025-12-01 02:00:00,18993.562299495727,19909.588664350256,18115.06266003224
forecast_8019,2025-12-01 03:00:00,19048.271533451596,20067.372933737457,17694.987665607023
forecast_8020,2025-12-01 04:00:00,18675.847366991056,20032.441916150063,17589.387563217035
forecast_8021,2025-12-01 05:00:00,18854.417243748212,20158.64737876555,18013.0526443615
forecast_8022,2025-12-01 06:00:00,19130.026727419237,20212.448971555146,18586.613731401947
forecast_8023,2025-12-01 07:00:00,19537.58671892997,20373.295448687786,18818.315595616914
forecast_8024,2025-12-01 08:00:00,19638.66551010604,19864.16604575871,17252.604379838074
forecast_8025,2025-12-01 09:00:00,16581.97469703739,18030.92000875234,15257.618947574676
forecast_8026,2025-12-01 10:00:00,14223.06430884036,15713.412471358792,10767.260685430285
forecast_8027,2025-12-01 11:00:00,11463.645991952022,10735.56248139949,7491.367545048987
forecast_8028,2025-12-01 12:00:00,8430.12223331632,8600.080103566399,4846.315842537168
forecast_8029,2025-12-01 13:00:00,8614.504312236124,7181.8805605688,3664.280758703321
forecast_8030,2025-12-01 14:00:00,6654.9190278215665,5377.105737990944,3351.8456598675853
forecast_8031,2025-12-01 15:00:00,6177.375735615572,4173.165563261379,2882.375152748592
forecast_8032,2025-12-01 16:00:00,6650.567318649328,4735.327909418889,2543.963334134335
forecast_8033,2025-12-01 17:00:00,6970.7408540863835,6218.654463255857,2851.88159208597
forecast_8034,2025-12-01 18:00:00,7626.436585671528,7283.5470934939785,3638.544694728672
forecast_8035,2025-12-01 19:00:00,8616.9000466895,8522.08468880675,4722.986097513274
forecast_8036,2025-12-01 20:00:00,9579.615090406944,9095.279996963432,5722.873082840524
forecast_8037,2025-12-01 21:00:00,11279.60929388862,10693.813026060894,7708.696787038687
forecast_8038,2025-12-01 22:00:00,13627.709419119394,12301.141046852146,8476.355948436156
forecast_8039,2025-12-01 23:00:00,14780.64341704424,14036.872666635163,8946.10750261168
forecast_8040,2025-12-02 00:00:00,16854.69485536532,14566.451884061487,9517.363974305179
forecast_8041,2025-12-02 01:00:00,17039.31297944665,15421.573564193464,11008.446141237438
forecast_8042,2025-12-02 02:00:00,18943.066876039076,16543.63782039913,11742.186008625107
forecast_8043,2025-12-02 03:00:00,19399.03525559084,17642.67171782499,15779.706200726225
forecast_8044,2025-12-02 04:00:00,19336.407017470417,17676.45188473102,16612.665118695244
forecast_8045,2025-12-02 05:00:00,18565.86063661027,16988.75352558632,13031.562821605807
forecast_8046,2025-12-02 06:00:00,16767.714034343604,15760.269755321811,10694.35372657433
forecast_8047,2025-12-02 07:00:00,15373.53562158526,15051.934812035397,8816.140916329565
forecast_8048,2025-12-02 08:00:00,12455.10474186798,14123.479055709811,6375.422315820501
forecast_8049,2025-12-02 09:00:00,11506.323418053025,12104.916297166617,4956.588062746852
forecast_8050,2025-12-02 10:00:00,10009.999216375658,9721.380066433145,4127.1289880646045
forecast_8051,2025-12-02 11:00:00,9815.985991691163,8060.7461352079745,3920.107004264072
forecast_8052,2025-12-02 12:00:00,9853.409274710826,7569.260629465131,4522.71848790191
forecast_8053,2025-12-02 13:00:00,10360.182442310215,7476.199876242768,6972.850179687853
forecast_8054,2025-12-02 14:00:00,11352.310744905511,8192.274434095412,7898.451811371795
forecast_8055,2025-12-02 15:00:00,12831.564731179536,10777.511690016714,8725.778475289746
forecast_8056,2025-12-02 16:00:00,14806.50903829858,12183.065562316611,12061.137470824706
forecast_8057,2025-12-02 17:00:00,15051.453548630558,13871.947103511051,13866.987230714065
forecast_8058,2025-12-02 18:00:00,14806.520886382157,14334.007959277835,14815.669030539046
forecast_8059,2025-12-02 19:00:00,14862.298387580999,14651.816013764377,15531.685887336444
forecast_8060,2025-12-02 20:00:00,15977.297930537321,15732.984187042497,15623.845921615464
forecast_8061,2025-12-02 21:00:00,16177.35928983948,17516.233025031364,17103.877513142408
forecast_8062,2025-12-02 22:00:00,15306.188530174939,16976.841139737666,16857.810005103733
forecast_8063,2025-12-02 23:00:00,15027.351623086975,16996.463923822605,16470.108163755638
forecast_8064,2025-12-03 00:00:00,15048.864274446902,17445.038478508413,17330.27151783364
forecast_8065,2025-12-03 01:00:00,15132.670956688622,18425.48211656056,17840.59000635744
forecast_8066,2025-12-03 02:00:00,15054.63263208228,18426.581050779474,18112.30463017891
forecast_8067,2025-12-03 03:00:00,14681.653847944292,18359.50414525031,17642.071926693345
forecast_8068,2025-12-03 04:00:00,14741.349165400356,17698.1280967158,16349.085791214568
forecast_8069,2025-12-03 05:00:00,14096.253426200488,17390.68772777507,15157.105755976798
forecast_8070,2025-12-03 06:00:00,14164.796846388674,16505.67892201173,15134.001927883777
forecast_8071,2025-12-03 07:00:00,14196.333962694702,16725.972352348657,14706.758693735916
forecast_8072,2025-12-03 08:00:00,14357.580164307703,16982.290857037897,14309.723630148965
forecast_8073,2025-12-03 09:00:00,14735.114904300513,17613.314013811516,14739.846265743672
forecast_8074,2025-12-03 10:00:00,14939.76558411087,17875.870071816367,15105.434467590585
forecast_8075,2025-12-03 11:00:00,15879.682179083155,18701.07152034624,14724.233154521216
forecast_8076,2025-12-03 12:00:00,16075.1813813,18628.944696521397,14535.035334902961
forecast_8077,2025-12-03 13:00:00,15030.912964614492,18481.05840087837,14197.712779702133
forecast_8078,2025-12-03 14:00:00,15101.465461171214,18568.262669029165,14182.071218326217
forecast_8079,2025-12-03 15:00:00,15275.166579570101,18613.952864020262,14388.500033091148
forecast_8080,2025-12-03 16:00:00,15284.486372576488,18776.070148104405,14941.625645262437
forecast_8081,2025-12-03 17:00:00,15271.388337774359,18477.25858519265,14734.959367229061
forecast_8082,2025-12-03 18:00:00,15259.860247805696,17795.52121914619,15017.854071479858
forecast_8083,2025-12-03 19:00:00,15106.118540516629,17803.441743880543,15810.404938404172
forecast_8084,2025-12-03 20:00:00,14806.182451267694,17954.743501812958,16097.570786047301
forecast_8085,2025-12-03 21:00:00,15245.620331272741,18379.4313404199,16149.989905188524
forecast_8086,2025-12-03 22:00:00,15583.612236987756,18843.46228370698,16293.613706683216
forecast_8087,2025-12-03 23:00:00,16498.141406216775,18778.826726322754,15950.660472083046
forecast_8088,2025-12-04 00:00:00,16527.157274436988,18240.49588316613,16084.28820431425
forecast_8089,2025-12-04 01:00:00,17062.290380074195,18896.44542303616,16470.24540548924
forecast_8090,2025-12-04 02:00:00,17259.14984068474,18727.997242071368,17258.619340170113
forecast_8091,2025-12-04 03:00:00,17785.184253208667,18274.62793957015,17955.668725221727
forecast_8092,2025-12-04 04:00:00,17953.55588419164,18069.984909489147,18149.83169117005
forecast_8093,2025-12-04 05:00:00,19341.55859068565,18087.07712319479,18460.292061388987
forecast_8094,2025-12-04 06:00:00,19123.982859093365,17976.59759064822,19473.18397337983
forecast_8095,2025-12-04 07:00:00,19508.78266808823,17857.09190981415,19532.023001451853
forecast_8096,2025-12-04 08:00:00,19093.025802827877,18250.342527904377,19464.98026167619
forecast_8097,2025-12-04 09:00:00,18005.101846582256,18267.935901330067,18880.347240608142
forecast_8098,2025-12-04 10:00:00,15778.160336397195,18479.531656167925,18325.85242901627
forecast_8099,2025-12-04 11:00:00,14972.862335388409,16698.436150259433,16160.764194605803
forecast_8100,2025-12-04 12:00:00,14464.161792159768,14037.83432424847,11812.273978778361
forecast_8101,2025-12-04 13:00:00,14123.902208706291,13524.348890054933,8702.042455947132
forecast_8102,2025-12-04 14:00:00,14078.178795942944,13293.975485557685,8478.579703379419
forecast_8103,2025-12-04 15:00:00,14049.411313113447,13400.80377838763,9038.53781509577
forecast_8104,2025-12-04 16:00:00,14576.05848043237,13387.898294962306,11802.110455003098
forecast_8105,2025-12-04 17:00:00,14860.751651312417,14741.787562172041,14997.20971128016
forecast_8106,2025-12-04 18:00:00,14667.346635704555,16068.866523170562,16222.48537506829
forecast_8107,2025-12-04 19:00:00,14468.106530108358,16343.71802750501,16127.00646748002
forecast_8108,2025-12-04 20:00:00,15460.698329333807,15991.974642443127,17065.634302302795
forecast_8109,2025-12-04 21:00:00,16053.938279591104,16968.914460052365,17370.504962028597
forecast_8110,2025-12-04 22:00:00,15197.365953055321,17632.689365664548,17003.988967487414
forecast_8111,2025-12-04 23:00:00,15865.692452827212,17441.68183859488,15597.687846221132
forecast_8112,2025-12-05 00:00:00,15819.6381859536,18126.03286978583,15500.085953444548
forecast_8113,2025-12-05 01:00:00,14844.033191269491,17392.091261508154,14923.674853771769
forecast_8114,2025-12-05 02:00:00,14800.930329633691,17563.72072998759,16954.360986138658
forecast_8115,2025-12-05 03:00:00,14683.585410110536,17262.352401149226,18023.99707157889
forecast_8116,2025-12-05 04:00:00,15064.86779299404,17895.207442558338,16406.00507190282
forecast_8117,2025-12-05 05:00:00,15437.85597113778,18367.789200298783,16495.28948517693
forecast_8118,2025-12-05 06:00:00,15550.024850889478,17851.934917643335,17260.96461974588
forecast_8119,2025-12-05 07:00:00,16719.1591628619,18327.86249027537,17117.73858046522
forecast_8120,2025-12-05 08:00:00,17584.732329644634,18995.224201218844,16915.84745728277
forecast_8121,2025-12-05 09:00:00,17291.770495453515,18992.302551879147,16208.358834189426
forecast_8122,2025-12-05 10:00:00,16606.404710678144,17811.879483982215,15253.629655260098
forecast_8123,2025-12-05 11:00:00,15569.078194435182,17291.65674048965,14557.87788126169
forecast_8124,2025-12-05 12:00:00,14173.800093035936,16609.270363589898,13686.972826808444
forecast_8125,2025-12-05 13:00:00,13602.101423919328,15825.560572801729,13513.581109001432
forecast_8126,2025-12-05 14:00:00,13675.148655821156,15600.144258551527,13448.596917782168
forecast_8127,2025-12-05 15:00:00,14615.1984664747,15977.928029754103,14697.551372113234
forecast_8128,2025-12-05 16:00:00,15730.315477274733,16011.020828891778,14898.759123368614
forecast_8129,2025-12-05 17:00:00,17266.64320894251,16246.507974369582,15364.23486569436
forecast_8130,2025-12-05 18:00:00,17969.998775210144,17269.121456443343,15911.922713932508
forecast_8131,2025-12-05 19:00:00,18743.021160577828,18382.1610023131,16400.745215415132
forecast_8132,2025-12-05 20:00:00,18809.239922862773,18861.25580148662,16586.197382025966
forecast_8133,2025-12-05 21:00:00,18912.41040857088,19659.904098325987,16986.341852255187
forecast_8134,2025-12-05 22:00:00,19844.30858763938,19761.701870147604,17590.931409733235
forecast_8135,2025-12-05 23:00:00,20384.287159226773,19736.568085546045,19011.579842931507
forecast_8136,2025-12-06 00:00:00,20379.360313176625,19759.667238200658,19065.108167672548
forecast_8137,2025-12-06 01:00:00,20533.741734473537,20001.0499856494,19141.527301600207
forecast_8138,2025-12-06 02:00:00,20733.80715015172,20095.371903494193,17948.48316392635
forecast_8139,2025-12-06 03:00:00,20852.352598572186,20311.973557635956,19343.90502202417
forecast_8140,2025-12-06 04:00:00,20742.783335711003,20087.067005089237,19466.540442176232
forecast_8141,2025-12-06 05:00:00,20796.310787335016,20123.435987308447,18807.028655130816
forecast_8142,2025-12-06 06:00:00,20804.720456138864,20063.771257253604,18158.504689848807
forecast_8143,2025-12-06 07:00:00,20579.687965633882,19994.99747054952,16669.53062742408
forecast_8144,2025-12-06 08:00:00,19866.37752260171,19722.08260571422,16087.508856109247
forecast_8145,2025-12-06 09:00:00,19189.19565204884,19343.10502229586,16215.838930357373
forecast_8146,2025-12-06 10:00:00,17190.260371513872,18264.102389626998,15761.0883196947
forecast_8147,2025-12-06 11:00:00,15706.103327554418,16961.93024016053,16010.902165169453
forecast_8148,2025-12-06 12:00:00,15023.65119076819,16335.881263366255,14345.621693757164
forecast_8149,2025-12-06 13:00:00,15833.70584410495,17358.307898853775,14504.360526240873
forecast_8150,2025-12-06 14:00:00,17752.708132426673,18575.828239906463,17845.99119847026
forecast_8151,2025-12-06 15:00:00,19264.714522089016,18639.52612458172,19164.754494615187
forecast_8152,2025-12-06 16:00:00,18679.22726125463,18618.35282018048,17916.959508845794
forecast_8153,2025-12-06 17:00:00,16952.39622424927,18321.782942408405,17627.443617322155
forecast_8154,2025-12-06 18:00:00,17605.997584606193,17539.931742708042,16796.72851941206
forecast_8155,2025-12-06 19:00:00,17975.973174002014,17907.744261623207,18684.7041934438
forecast_8156,2025-12-06 20:00:00,18245.989729835837,18006.855341838884,18511.889371838577
forecast_8157,2025-12-06 21:00:00,18759.15209396336,18750.62487139582,19249.189978859464
forecast_8158,2025-12-06 22:00:00,19422.63427416805,19064.262212378464,19508.420520069594
forecast_8159,2025-12-06 23:00:00,19695.637264027016,19600.82157074022,19576.830125278975
forecast_8160,2025-12-07 00:00:00,19835.316460829163,19713.984032174933,19808.464869678995
forecast_8161,2025-12-07 01:00:00,18911.08266102965,19405.76826862154,19616.544488759955
forecast_8162,2025-12-07 02:00:00,18643.628587811498,19090.568912148745,18872.10505122679
forecast_8163,2025-12-07 03:00:00,18731.385482643527,18980.07341568068,19055.58765582419
forecast_8164,2025-12-07 04:00:00,19200.47238570338,19413.790383720254,19115.171366840616
forecast_8165,2025-12-07 05:00:00,19290.985579368404,19559.249908726513,18800.567468314424
forecast_8166,2025-12-07 06:00:00,19552.910796692468,19665.006598719337,18409.282419620242
forecast_8167,2025-12-07 07:00:00,19682.71073214028,19979.57824823194,18367.99556837195
forecast_8168,2025-12-07 08:00:00,19313.724145163756,20161.936439625217,17883.842078071404
forecast_8169,2025-12-07 09:00:00,19189.951775519774,19802.355425713646,18401.026687141642
forecast_8170,2025-12-07 10:00:00,18311.923144894445,19180.51316673647,18786.79916648291
forecast_8171,2025-12-07 11:00:00,17862.132951382904,18949.720724462084,19058.849523602075
forecast_8172,2025-12-07 12:00:00,18350.709391623408,19387.872881826137,18640.31521121136
forecast_8173,2025-12-07 13:00:00,17560.332116100944,18893.490770620694,17014.47633575408
forecast_8174,2025-12-07 14:00:00,18101.64342607946,19016.514876174617,17019.073064159085
forecast_8175,2025-12-07 15:00:00,18442.675906612607,19094.880114392654,18029.102923686212
forecast_8176,2025-12-07 16:00:00,18773.38871257577,19376.052882047865,19008.252995724844
forecast_8177,2025-12-07 17:00:00,18629.627406747873,19582.062169197867,19232.342004545757
forecast_8178,2025-12-07 18:00:00,18771.48475015007,19549.439943112233,19232.54700837008
forecast_8179,2025-12-07 19:00:00,18384.370141631127,19357.851573982833,19304.61367395925
forecast_8180,2025-12-07 20:00:00,18962.378393133604,19626.024067428378,18755.165048266168
forecast_8181,2025-12-07 21:00:00,19010.353596701607,19493.391330467384,18291.46797050687
forecast_8182,2025-12-07 22:00:00,18987.01654361397,19504.449920507315,18320.593925620884
forecast_8183,2025-12-07 23:00:00,19180.045313716346,19416.6317780308,18080.509661942615
forecast_8184,2025-12-08 00:00:00,19239.332439942686,19317.3020857702,17474.17668850389
forecast_8185,2025-12-08 01:00:00,19006.627362237406,19636.62663232821,17851.353362804086
forecast_8186,2025-12-08 02:00:00,18344.698740945558,19390.32972537887,16822.651946651087
forecast_8187,2025-12-08 03:00:00,18498.870284329652,19160.022547231067,16552.289321618675
forecast_8188,2025-12-08 04:00:00,17466.58402683255,17155.571237147487,15831.635157677161
forecast_8189,2025-12-08 05:00:00,15661.09619437822,15076.763554671561,14302.011234273083
forecast_8190,2025-12-08 06:00:00,14907.157171717752,14596.20000094575,11979.195943951638
forecast_8191,2025-12-08 07:00:00,14462.34543269149,14912.250644683716,12267.234610625
forecast_8192,2025-12-08 08:00:00,13499.310820516668,13226.84128241691,8896.75086748818
forecast_8193,2025-12-08 09:00:00,13278.494516739254,11433.171576374221,8250.10890577734
forecast_8194,2025-12-08 10:00:00,11409.65745693175,10437.192983014618,6084.755842463145
forecast_8195,2025-12-08 11:00:00,9793.77861855592,8164.716747895209,5142.06014596473
forecast_8196,2025-12-08 12:00:00,7986.386303000218,7417.684459765376,4685.737359939626
forecast_8197,2025-12-08 13:00:00,7458.1577951117315,6541.376518354696,3744.457742048396
forecast_8198,2025-12-08 14:00:00,7157.773790200439,5744.068329053464,3863.715587504908
forecast_8199,2025-12-08 15:00:00,7100.28466885978,7436.416504489913,4686.358010384953
forecast_8200,2025-12-08 16:00:00,7921.90520889905,8030.300786260066,4796.0361460513395
forecast_8201,2025-12-08 17:00:00,9186.174819179601,9375.239145209476,6200.0489608381495
forecast_8202,2025-12-08 18:00:00,11472.43497968312,13014.702289773613,8997.00725065019
forecast_8203,2025-12-08 19:00:00,13666.829118803496,14976.591275317076,11771.605895521954
forecast_8204,2025-12-08 20:00:00,13851.449819081992,15338.047412099151,12667.773550866137
forecast_8205,2025-12-08 21:00:00,14648.554435784918,15983.479153251024,12549.85050366855
forecast_8206,2025-12-08 22:00:00,15335.960478362442,16090.508736038415,12668.312755628274
forecast_8207,2025-12-08 23:00:00,15541.39864512835,16209.371459729842,13426.720830937204
forecast_8208,2025-12-09 00:00:00,15750.950412323398,16817.218668583337,13518.453800570967
forecast_8209,2025-12-09 01:00:00,15742.113634568575,17495.77409109215,13601.506118973932
forecast_8210,2025-12-09 02:00:00,15862.285280256732,17858.382195348946,13942.315895016296
forecast_8211,2025-12-09 03:00:00,16154.912444493291,17912.893451003907,13992.324969746891
forecast_8212,2025-12-09 04:00:00,17098.247073159648,17987.907991243846,13626.378986042822
forecast_8213,2025-12-09 05:00:00,17607.63674549784,18516.845415580763,14224.86176003615
forecast_8214,2025-12-09 06:00:00,17529.618331790218,19100.291259101312,14808.817236880515
forecast_8215,2025-12-09 07:00:00,18060.151621529152,19665.615515494086,14951.772084380596
forecast_8216,2025-12-09 08:00:00,19063.438188236534,19846.308150404984,16060.40645935968
forecast_8217,2025-12-09 09:00:00,19032.607060784423,19804.193074368137,16096.995224524206
forecast_8218,2025-12-09 10:00:00,16618.523973016378,18884.70381598822,16312.86427371531
forecast_8219,2025-12-09 11:00:00,15923.662103404355,17964.69018151676,16350.265826765051
forecast_8220,2025-12-09 12:00:00,14741.611180284735,16844.07903945184,15163.75504760503
forecast_8221,2025-12-09 13:00:00,14076.875534959268,15231.45130639181,13274.744373041758
forecast_8222,2025-12-09 14:00:00,14149.00667350424,14569.043532266334,10950.86267063103
forecast_8223,2025-12-09 15:00:00,14123.747340381708,13916.228473968664,10943.453118312396
forecast_8224,2025-12-09 16:00:00,13508.299930945232,13428.10460175492,11651.92522265654
forecast_8225,2025-12-09 17:00:00,13374.345099573251,12662.603801541134,10582.915330725442
forecast_8226,2025-12-09 18:00:00,15226.72898812427,14012.231781073928,12622.36933977577
forecast_8227,2025-12-09 19:00:00,14899.39465638497,15098.057043118813,12581.325126713493
forecast_8228,2025-12-09 20:00:00,14709.420517233197,16298.772325119373,11957.475490505458
forecast_8229,2025-12-09 21:00:00,13634.088956264886,15780.268485348202,11497.397748430312
forecast_8230,2025-12-09 22:00:00,13795.119297709502,15188.85120444996,11425.654818299357
forecast_8231,2025-12-09 23:00:00,12654.39126574518,14633.52267202846,10664.768747261242
forecast_8232,2025-12-10 00:00:00,13249.051122469895,14211.054844246788,10694.703769168935
forecast_8233,2025-12-10 01:00:00,13124.010302023991,15004.955942050266,11004.765928170764
forecast_8234,2025-12-10 02:00:00,13245.081792738953,15881.359435998937,12424.149909484033
forecast_8235,2025-12-10 03:00:00,13706.907143168874,15942.65533587289,14053.997856651704
forecast_8236,2025-12-10 04:00:00,14384.887621985505,16479.35629025612,13702.653390223448
forecast_8237,2025-12-10 05:00:00,14346.389440551173,17080.640083820526,13619.331064801003
forecast_8238,2025-12-10 06:00:00,14546.184440958652,17207.978171432544,12904.184532261555
forecast_8239,2025-12-10 07:00:00,16066.667946405676,17267.40943135807,13112.530997857179
forecast_8240,2025-12-10 08:00:00,16173.563868121884,17302.63739860336,11840.705518460241
forecast_8241,2025-12-10 09:00:00,15567.01111629986,16802.694829578668,11703.196223741548
forecast_8242,2025-12-10 10:00:00,14936.24012224311,15614.000518646513,10879.144376249296
forecast_8243,2025-12-10 11:00:00,13438.526309113236,15287.586517451515,9907.697100949565
forecast_8244,2025-12-10 12:00:00,11863.044441500973,13948.720059035923,8643.52772665001
forecast_8245,2025-12-10 13:00:00,10613.1624851065,13287.943977658715,7812.738578180295
forecast_8246,2025-12-10 14:00:00,9615.458167769308,12928.904122915346,6758.242012124164
forecast_8247,2025-12-10 15:00:00,9621.272085955134,10015.452181993522,5865.542605051985
forecast_8248,2025-12-10 16:00:00,9507.425884968901,10071.568665810826,6570.028692732458
forecast_8249,2025-12-10 17:00:00,10151.544537694883,12761.569584587805,5881.681354952855
forecast_8250,2025-12-10 18:00:00,10934.410550813293,12606.983010054037,5599.826148072136
forecast_8251,2025-12-10 19:00:00,11212.718011619243,12712.963032040338,7446.304117761642
forecast_8252,2025-12-10 20:00:00,11589.14772277332,15109.932368321188,8249.019150278948
forecast_8253,2025-12-10 21:00:00,12951.45263592427,14695.971200812337,9457.406299862037
forecast_8254,2025-12-10 22:00:00,14471.490823059157,15827.750346318668,12918.657560919253
forecast_8255,2025-12-10 23:00:00,14919.103462832581,16056.413318106032,12565.762008610758
forecast_8256,2025-12-11 00:00:00,17325.54221671538,17914.453558576213,14662.021903408313
forecast_8257,2025-12-11 01:00:00,18410.38229100182,19212.633557279572,15712.325021004624
forecast_8258,2025-12-11 02:00:00,18478.672802688383,19901.992649862772,17008.29658270477
forecast_8259,2025-12-11 03:00:00,18840.354667298427,19803.746218706146,19123.52604688804
forecast_8260,2025-12-11 04:00:00,19440.399397682962,19977.397985591102,19671.84459613497
forecast_8261,2025-12-11 05:00:00,19858.367341647445,20094.257700422128,19794.059841523347
forecast_8262,2025-12-11 06:00:00,19795.67387841012,19978.839179443654,19392.37103159908
forecast_8263,2025-12-11 07:00:00,19582.611508969676,19965.814078195217,19164.688605973162
forecast_8264,2025-12-11 08:00:00,19192.384480580822,19699.52245098824,18370.000347704838
forecast_8265,2025-12-11 09:00:00,18336.09342494187,18756.300294053413,18440.22829919494
forecast_8266,2025-12-11 10:00:00,17703.89451848323,18415.111255999564,18348.47492413423
forecast_8267,2025-12-11 11:00:00,16792.48653119524,17563.857611399606,18382.815797804837
forecast_8268,2025-12-11 12:00:00,16774.607906096342,16745.02400015293,14966.394121615731
forecast_8269,2025-12-11 13:00:00,15441.541212069826,15931.424459348225,13591.897300917597
forecast_8270,2025-12-11 14:00:00,15210.22002580966,15097.331279760037,11842.690329117318
forecast_8271,2025-12-11 15:00:00,14662.94125634018,14441.128860435052,12164.035082753653
forecast_8272,2025-12-11 16:00:00,14473.07045485936,13305.630192197059,11638.285358619667
forecast_8273,2025-12-11 17:00:00,14704.167985756609,13189.981171533616,11819.791663948161
forecast_8274,2025-12-11 18:00:00,14247.359400242723,13446.648880864701,10080.65406909749
forecast_8275,2025-12-11 19:00:00,13237.960850257077,12589.07781698589,8605.941877282132
forecast_8276,2025-12-11 20:00:00,11188.909776467668,9665.739643820161,5924.5959528512485
forecast_8277,2025-12-11 21:00:00,8419.436363931622,8191.354938822033,4826.988026527656
forecast_8278,2025-12-11 22:00:00,7054.951928705433,6030.2016003050385,4453.194861556894
forecast_8279,2025-12-11 23:00:00,5829.749706724084,4107.385163816534,4847.517465521489
forecast_8280,2025-12-12 00:00:00,4834.467050329002,4987.788406948608,4860.35300075797
forecast_8281,2025-12-12 01:00:00,4872.02588692194,4194.703788407768,4212.81191559294
forecast_8282,2025-12-12 02:00:00,4068.0175660073533,4137.0564908844435,3580.397569722122
forecast_8283,2025-12-12 03:00:00,3441.1245676359295,4084.774144294917,3547.4157270078053
forecast_8284,2025-12-12 04:00:00,3437.5925632380176,4137.218021800118,3262.0308693526927
forecast_8285,2025-12-12 05:00:00,4396.117521300757,4114.147012088188,2632.363083214289
forecast_8286,2025-12-12 06:00:00,4360.880743476597,4119.667197122072,3014.802361833999
forecast_8287,2025-12-12 07:00:00,3702.4543808692224,4349.050222868883,2571.68019312291
forecast_8288,2025-12-12 08:00:00,3566.1094509609275,3457.36371456489,1687.6468285182993
forecast_8289,2025-12-12 09:00:00,3038.1839019257413,3133.0494834449846,1208.3606307738246
forecast_8290,2025-12-12 10:00:00,1914.7101608842252,3095.0092907376893,987.9243667840234
forecast_8291,2025-12-12 11:00:00,1267.633230836209,1673.6110421307203,817.5318906970024
forecast_8292,2025-12-12 12:00:00,929.7294647900211,1177.2410492724523,661.9602651746998
forecast_8293,2025-12-12 13:00:00,764.5238134639424,905.7279017246992,657.7327777056947
forecast_8294,2025-12-12 14:00:00,818.9828074494309,771.4867036100828,657.7327777056947
forecast_8295,2025-12-12 15:00:00,832.4182987787223,770.2536446949294,657.7327777056947
forecast_8296,2025-12-12 16:00:00,1017.6983521520557,811.6914579007814,657.7327777056947
forecast_8297,2025-12-12 17:00:00,1971.9410498897093,1099.5918059683854,657.7327777056947
forecast_8298,2025-12-12 18:00:00,2079.6261143819165,1679.4253609671136,657.7327777056947
forecast_8299,2025-12-12 19:00:00,2130.480136012283,2316.576369613712,661.9602651746998
forecast_8300,2025-12-12 20:00:00,2093.4102425942574,2568.591165282315,854.2545723211055
forecast_8301,2025-12-12 21:00:00,2106.3693956575894,2989.560844434292,991.4279680416406
forecast_8302,2025-12-12 22:00:00,2251.0834500154588,3144.463567078128,1123.6214141818632
forecast_8303,2025-12-12 23:00:00,2800.0681041838952,2709.710938944,1317.462904043931
forecast_8304,2025-12-13 00:00:00,2724.3529869929835,3651.47917689935,1469.8757690107382
forecast_8305,2025-12-13 01:00:00,4032.0942617813635,4044.1875075026046,2383.593636154143
forecast_8306,2025-12-13 02:00:00,4828.322582399681,5056.47933025985,3077.6241056142658
forecast_8307,2025-12-13 03:00:00,4960.687238005209,6758.041833208879,4801.521795817071
forecast_8308,2025-12-13 04:00:00,6089.107160594544,7729.1945924080455,5470.17502320228
forecast_8309,2025-12-13 05:00:00,6246.529848112727,7856.7616974911125,5617.67885957539
forecast_8310,2025-12-13 06:00:00,7064.046983125545,7790.0120192227,5557.492512685546
forecast_8311,2025-12-13 07:00:00,7411.792547573702,8225.806107145581,5937.844830617809
forecast_8312,2025-12-13 08:00:00,7431.341851909689,8010.391887119605,6961.436266089631
forecast_8313,2025-12-13 09:00:00,6484.747242213038,7755.656331819218,5116.8475116192185
forecast_8314,2025-12-13 10:00:00,3950.8974161555693,5431.12348451597,2721.203281289664
forecast_8315,2025-12-13 11:00:00,2356.398710973785,3144.2618528374214,1250.0256911600209
forecast_8316,2025-12-13 12:00:00,1296.7099733078696,1550.6965802753941,895.9245822413001
forecast_8317,2025-12-13 13:00:00,817.3237818833546,870.8355615584209,715.8461398739425
forecast_8318,2025-12-13 14:00:00,652.0763049252121,915.4782009990262,777.9835619189844
forecast_8319,2025-12-13 15:00:00,689.3944595465236,892.7253552125583,724.9758570946794
forecast_8320,2025-12-13 16:00:00,1014.1265232245245,1241.773001593319,691.6778690472532
forecast_8321,2025-12-13 17:00:00,2333.5047281731504,1995.2624461668674,792.5574713111758
forecast_8322,2025-12-13 18:00:00,3543.7775328417615,3735.6507661064593,1161.9093804513802
forecast_8323,2025-12-13 19:00:00,4433.860420321029,3937.9652518071716,2051.0002124607427
forecast_8324,2025-12-13 20:00:00,5521.282896471884,5296.539337399104,2947.521265924695
forecast_8325,2025-12-13 21:00:00,7160.993853777052,6510.181954253696,4305.386064884435
forecast_8326,2025-12-13 22:00:00,9556.727734413285,8179.2121480745,6159.838717670649
forecast_8327,2025-12-13 23:00:00,11260.20746003107,9571.156397095365,8958.596951563068
forecast_8328,2025-12-14 00:00:00,11517.952660602321,10082.415902106228,9747.95250873466
forecast_8329,2025-12-14 01:00:00,13902.027871323979,13382.44347213003,10800.208796963914
forecast_8330,2025-12-14 02:00:00,14899.09797393026,14264.244318957328,9945.437312381699
forecast_8331,2025-12-14 03:00:00,15521.633706052497,14795.84180885255,11536.774627035815
forecast_8332,2025-12-14 04:00:00,16065.595077089598,15834.414910892228,15608.361172053861
forecast_8333,2025-12-14 05:00:00,16324.7017111024,16318.140435045678,15800.321858859295
forecast_8334,2025-12-14 06:00:00,16526.883485104674,16439.101167859655,14897.742280490624
forecast_8335,2025-12-14 07:00:00,16903.91526176046,17138.04043987628,16037.63857012933
forecast_8336,2025-12-14 08:00:00,17163.935946132253,17339.55672657401,15101.561497157692
forecast_8337,2025-12-14 09:00:00,17080.014215036546,17969.078667770158,15145.983069828493
forecast_8338,2025-12-14 10:00:00,16820.07233892619,16824.991170700563,15108.130678776637
forecast_8339,2025-12-14 11:00:00,16601.23749326175,16206.895259335146,15389.359391503345
forecast_8340,2025-12-14 12:00:00,16309.122296358822,15614.982820854639,14670.240398944148
forecast_8341,2025-12-14 13:00:00,14715.669943352119,14845.550687570427,13284.242034835359
forecast_8342,2025-12-14 14:00:00,14077.550543296486,13499.463609141661,12507.623565304842
forecast_8343,2025-12-14 15:00:00,13745.420208708587,12514.211176285242,12436.846601239919
forecast_8344,2025-12-14 16:00:00,13896.048593809315,14392.539331438975,12308.47096095571
forecast_8345,2025-12-14 17:00:00,14461.63074160346,14765.052649836705,12648.720407897083
forecast_8346,2025-12-14 18:00:00,15827.341935263685,15395.787067287849,13781.269984215778
forecast_8347,2025-12-14 19:00:00,15853.2882358048,16361.515999886838,15440.31374911149
forecast_8348,2025-12-14 20:00:00,16554.328499793537,16375.647243783667,16393.443036626173
forecast_8349,2025-12-14 21:00:00,16901.94141914654,16914.98203635074,16585.010659298357
forecast_8350,2025-12-14 22:00:00,16422.572038752427,17163.09966571202,17476.793482265308
forecast_8351,2025-12-14 23:00:00,16565.602015610053,17611.910846139966,16711.289481880125
forecast_8352,2025-12-15 00:00:00,16861.670340521196,17618.739684048316,15733.1731416311
forecast_8353,2025-12-15 01:00:00,16403.3181616746,18787.91366258225,16967.375612110405
forecast_8354,2025-12-15 02:00:00,18421.117061531684,19192.134928818436,18113.806636808375
forecast_8355,2025-12-15 03:00:00,18906.33718799559,19351.92095671502,17395.759340462937
forecast_8356,2025-12-15 04:00:00,19101.837573890272,19064.910328298756,17787.26122365481
forecast_8357,2025-12-15 05:00:00,19693.306852233298,18190.988206795835,15710.451086558052
forecast_8358,2025-12-15 06:00:00,19830.204799367806,17730.939370714517,15646.438161444245
forecast_8359,2025-12-15 07:00:00,19638.633006952943,17974.022184427962,15409.150043607839
forecast_8360,2025-12-15 08:00:00,19228.948511714883,18908.18870557256,14260.421351707646
forecast_8361,2025-12-15 09:00:00,18282.3520335389,18679.31936544722,14236.443695985878
forecast_8362,2025-12-15 10:00:00,16742.43542770249,17035.03651554176,14305.210729374478
forecast_8363,2025-12-15 11:00:00,16219.052704728927,16642.03584529198,13409.998329399987
forecast_8364,2025-12-15 12:00:00,15292.3049133249,16519.39825402141,11137.312951925534
forecast_8365,2025-12-15 13:00:00,13002.099867617153,15320.96712137743,10953.203396501001
forecast_8366,2025-12-15 14:00:00,13272.211764369547,15329.196681278583,13196.935657364525
forecast_8367,2025-12-15 15:00:00,14925.272484316476,16170.242869956346,13166.555991695484
forecast_8368,2025-12-15 16:00:00,17479.30071588778,16788.69926304318,13665.009439607757
forecast_8369,2025-12-15 17:00:00,19206.986812968138,18614.734991380832,17189.748489255726
forecast_8370,2025-12-15 18:00:00,19646.79763470994,19324.92371503085,18112.615547309142
forecast_8371,2025-12-15 19:00:00,19762.369660363736,19608.101468842873,18654.807446524304
forecast_8372,2025-12-15 20:00:00,20292.39968618159,19241.726190680114,18579.882737975386
forecast_8373,2025-12-15 21:00:00,19575.564826350666,19293.595213561908,18623.61892251001
forecast_8374,2025-12-15 22:00:00,19902.567681822027,19460.012648283555,18033.528272619493
forecast_8375,2025-12-15 23:00:00,20070.633972936717,19348.710236480798,15488.530149152988
forecast_8376,2025-12-16 00:00:00,18611.87914325975,18201.601604206317,14700.231396377112
forecast_8377,2025-12-16 01:00:00,18718.56499756956,17368.676422101522,13576.43104439982
forecast_8378,2025-12-16 02:00:00,16280.807105096192,16424.539380149123,13419.06492469633
forecast_8379,2025-12-16 03:00:00,16220.192147354475,16838.74703898537,13720.641971606377
forecast_8380,2025-12-16 04:00:00,15205.57026637716,16734.25908157224,14522.484454926656
forecast_8381,2025-12-16 05:00:00,14012.165453779822,15464.160315993777,13449.937898739276
forecast_8382,2025-12-16 06:00:00,13280.88585531229,14170.028360459974,13006.25277024942
forecast_8383,2025-12-16 07:00:00,13412.78790105189,14401.594426731564,13107.511406985335
forecast_8384,2025-12-16 08:00:00,13870.392867568491,15079.265087609081,14801.538858255142
forecast_8385,2025-12-16 09:00:00,13815.909537597297,14832.28519197788,11126.635583927413
forecast_8386,2025-12-16 10:00:00,13410.89975347657,12611.018518019035,9691.687063270243
forecast_8387,2025-12-16 11:00:00,13522.571117723943,12170.642239487914,9836.614258717982
forecast_8388,2025-12-16 12:00:00,13502.927081478478,11613.476580347122,10274.4336247141
forecast_8389,2025-12-16 13:00:00,13355.796695431549,11452.44332068479,12244.064200825736
forecast_8390,2025-12-16 14:00:00,13198.9355518638,11151.468195295285,11333.50846952059
forecast_8391,2025-12-16 15:00:00,12738.510025618856,11179.254618618163,9558.398586150468
forecast_8392,2025-12-16 16:00:00,11962.238984500142,11336.312496258352,9322.295142155765
forecast_8393,2025-12-16 17:00:00,11216.95101449441,11644.843728481455,10666.003210303323
forecast_8394,2025-12-16 18:00:00,11464.927844902948,11671.926676610232,13236.346559967555
forecast_8395,2025-12-16 19:00:00,11151.900609419861,12001.736562062893,14063.781659279653
forecast_8396,2025-12-16 20:00:00,11681.62057694526,12769.88133735974,10945.792041510173
forecast_8397,2025-12-16 21:00:00,11918.94484795434,13074.13846979939,10650.044416149252
forecast_8398,2025-12-16 22:00:00,10417.553716285192,12693.270525812888,10155.07785877664
forecast_8399,2025-12-16 23:00:00,9641.969616360413,13632.879436335666,8044.0653928889105
forecast_8400,2025-12-17 00:00:00,10535.151246150184,13019.907645228277,9593.145644705037
forecast_8401,2025-12-17 01:00:00,10280.568397278812,11330.455898912584,10372.454616631272
forecast_8402,2025-12-17 02:00:00,11025.806846157047,11136.370542281444,10250.220038696934
forecast_8403,2025-12-17 03:00:00,11157.702332485676,11216.40478160571,9484.489295537182
forecast_8404,2025-12-17 04:00:00,10998.718905426158,10881.450134644176,7755.624462912468
forecast_8405,2025-12-17 05:00:00,10505.327069400557,10828.751430798988,7921.54909578265
forecast_8406,2025-12-17 06:00:00,10449.27560546213,11839.736557665543,7966.654321419691
forecast_8407,2025-12-17 07:00:00,10259.861920145584,10140.377660835471,7649.7496478116755
forecast_8408,2025-12-17 08:00:00,10774.814101011661,10971.007637770037,6110.0489458634165
forecast_8409,2025-12-17 09:00:00,10060.412919800196,9929.412354888764,5477.055038535655
forecast_8410,2025-12-17 10:00:00,7965.845621134082,7716.145356462241,5372.648117175849
forecast_8411,2025-12-17 11:00:00,7396.793316681718,6676.634670775627,5030.077131454625
forecast_8412,2025-12-17 12:00:00,7006.9876217976325,6816.60071918816,4429.6468314788035
forecast_8413,2025-12-17 13:00:00,6820.175888215412,5073.030991552468,3086.1793534632216
forecast_8414,2025-12-17 14:00:00,5996.48961634261,3509.9959360960834,2555.2450140436135
forecast_8415,2025-12-17 15:00:00,4218.8226815606085,3445.5398440855615,2032.1389687393876
forecast_8416,2025-12-17 16:00:00,3950.9564322538818,3807.2929854993417,2181.1631514003166
forecast_8417,2025-12-17 17:00:00,4994.998358329265,4161.593343768036,2566.9650594810873
forecast_8418,2025-12-17 18:00:00,5482.818426530412,5316.625121845383,3287.1244680715754
forecast_8419,2025-12-17 19:00:00,7679.871877550184,7041.40471278682,3862.1169535998174
forecast_8420,2025-12-17 20:00:00,8135.957171500495,8734.67272707323,5271.732673089204
forecast_8421,2025-12-17 21:00:00,8910.16139098375,9398.25151399328,7449.087534428499
forecast_8422,2025-12-17 22:00:00,9915.745235212196,10870.262088306752,9004.40593071233
forecast_8423,2025-12-17 23:00:00,12346.74106062485,14416.674059459783,9349.06945317192
forecast_8424,2025-12-18 00:00:00,12894.768979478029,13223.352542122044,9156.584959107695
forecast_8425,2025-12-18 01:00:00,14099.375978932769,14134.734436974944,11001.932976034872
forecast_8426,2025-12-18 02:00:00,14049.714879709161,15280.606409531165,12884.858481561056
forecast_8427,2025-12-18 03:00:00,14400.869477850047,15319.612886692805,12067.648468732661
forecast_8428,2025-12-18 04:00:00,14428.331056175952,15539.267576184455,11259.100040047773
forecast_8429,2025-12-18 05:00:00,14417.879623301105,15259.951781429318,11752.547199989147
forecast_8430,2025-12-18 06:00:00,14107.647655546383,14361.832572044106,10923.504793468634
forecast_8431,2025-12-18 07:00:00,13811.372336330794,13543.880317583866,9309.955816876163
forecast_8432,2025-12-18 08:00:00,12493.323506406146,12492.860444312368,8689.828526648982
forecast_8433,2025-12-18 09:00:00,12318.478922808503,13348.626739917232,6249.992521278186
forecast_8434,2025-12-18 10:00:00,9571.533043178399,9911.881891293413,5087.8702823752155
forecast_8435,2025-12-18 11:00:00,8027.583595300445,7184.1531578071545,4186.715879492672
forecast_8436,2025-12-18 12:00:00,6058.689818101309,6010.263372687485,3375.2858798964444
forecast_8437,2025-12-18 13:00:00,5075.81291880954,4883.788145361862,2705.182008010178
forecast_8438,2025-12-18 14:00:00,4975.810346249875,4639.765817145284,2230.255662629472
forecast_8439,2025-12-18 15:00:00,6055.14142724521,4986.733167898301,2024.137647514987
forecast_8440,2025-12-18 16:00:00,6786.747746602552,5843.253269866366,2319.4836133813324
forecast_8441,2025-12-18 17:00:00,7763.821279627536,6972.2101403717215,3538.1844301761157
forecast_8442,2025-12-18 18:00:00,8803.764487372426,8849.463599581755,5092.155699627287
forecast_8443,2025-12-18 19:00:00,10005.697595552378,10716.484838361557,5071.734226243544
forecast_8444,2025-12-18 20:00:00,10079.32752382421,11978.466772218408,5512.435546906895
forecast_8445,2025-12-18 21:00:00,11308.585852591154,13976.391740023648,6070.2161288564685
forecast_8446,2025-12-18 22:00:00,12545.451508683791,14546.69734351595,7594.661309947691
forecast_8447,2025-12-18 23:00:00,14914.604731631825,15790.962932672783,9481.964194087135
forecast_8448,2025-12-19 00:00:00,16252.408348760995,15935.824379069,10715.372029992799
forecast_8449,2025-12-19 01:00:00,16956.806915401183,15798.734201777255,12223.74930223244
forecast_8450,2025-12-19 02:00:00,17604.14136565781,17429.646962235296,14577.591602837603
forecast_8451,2025-12-19 03:00:00,18225.764175843753,18419.220908852185,14412.406720502971
forecast_8452,2025-12-19 04:00:00,18906.40172251809,18797.257534957316,15691.283571702725
forecast_8453,2025-12-19 05:00:00,19280.626770559364,19034.522154547758,14067.935815519664
forecast_8454,2025-12-19 06:00:00,19034.066159400143,18814.73707913224,14106.356833014399
forecast_8455,2025-12-19 07:00:00,18838.83490623069,18507.990568774658,15644.275830155977
forecast_8456,2025-12-19 08:00:00,18227.473357578798,18857.5709571173,16771.77455947962
forecast_8457,2025-12-19 09:00:00,19052.814385087422,19275.56474474433,16954.36909466657
forecast_8458,2025-12-19 10:00:00,18152.91246867383,19421.54022176495,17663.045762885613
forecast_8459,2025-12-19 11:00:00,18977.597839002854,19885.26072682275,18533.346685131037
forecast_8460,2025-12-19 12:00:00,18767.785795532003,19818.266449828778,18579.95818443636
forecast_8461,2025-12-19 13:00:00,18605.278330042904,19275.20717026793,18550.395265987365
forecast_8462,2025-12-19 14:00:00,18881.176926370612,19113.975326517826,18880.640844663445
forecast_8463,2025-12-19 15:00:00,18611.875782042673,18774.331977029426,18568.289190099335
forecast_8464,2025-12-19 16:00:00,18500.06879789565,18751.637887829962,17971.52657227261
forecast_8465,2025-12-19 17:00:00,18940.90454172378,19002.30624560871,18268.46249045416
forecast_8466,2025-12-19 18:00:00,18592.960116595215,18950.93081527743,18609.939650846933
forecast_8467,2025-12-19 19:00:00,18128.87102551433,18670.31961240766,18191.97511630936
forecast_8468,2025-12-19 20:00:00,17088.711028711878,18405.508954182536,15080.498125949907
forecast_8469,2025-12-19 21:00:00,17546.9346189845,18570.447115183742,17980.190922150832
forecast_8470,2025-12-19 22:00:00,17053.551548478543,18583.18930800426,15565.449494521716
forecast_8471,2025-12-19 23:00:00,16318.019228597284,17420.05092892012,14930.938966864234
forecast_8472,2025-12-20 00:00:00,17036.908602139905,17825.042585880732,13529.022845432171
forecast_8473,2025-12-20 01:00:00,17822.452842451625,17727.90446082032,16234.146158054678
forecast_8474,2025-12-20 02:00:00,17719.333557874717,17895.29456829628,14836.429593695939
forecast_8475,2025-12-20 03:00:00,17333.681183505974,17670.582182344846,13249.093366808413
forecast_8476,2025-12-20 04:00:00,16923.40223651455,17409.78545336022,13502.530843708228
forecast_8477,2025-12-20 05:00:00,15632.057703174229,16815.74514046297,12346.133249929317
forecast_8478,2025-12-20 06:00:00,16428.045252022705,17100.190986708894,11613.402147134273
forecast_8479,2025-12-20 07:00:00,16404.97390460309,18137.771041042193,13157.938704244923
forecast_8480,2025-12-20 08:00:00,16710.783454307926,18338.606210839243,13455.894057711383
forecast_8481,2025-12-20 09:00:00,16844.33449261417,18158.47815410231,12915.927961503516
forecast_8482,2025-12-20 10:00:00,16445.611028209743,17391.12420948196,13031.701552714541
forecast_8483,2025-12-20 11:00:00,15464.649669392737,17757.144517356388,13014.81266500313
forecast_8484,2025-12-20 12:00:00,15330.155699135672,17693.04011073716,13649.883804258261
forecast_8485,2025-12-20 13:00:00,15859.323502023652,16999.290537350833,12246.994217554447
forecast_8486,2025-12-20 14:00:00,15277.393779223576,15724.4947633464,12424.158663927708
forecast_8487,2025-12-20 15:00:00,16141.431178595381,15908.902621249901,12926.450282456004
forecast_8488,2025-12-20 16:00:00,17104.694647848693,16614.006059641448,13231.613068009314
forecast_8489,2025-12-20 17:00:00,16821.801169322483,17243.085034482978,12821.249257036125
forecast_8490,2025-12-20 18:00:00,16232.152731885551,16447.873918341436,11219.299978263665
forecast_8491,2025-12-20 19:00:00,14459.991150930004,15940.699344642033,9958.94444112288
forecast_8492,2025-12-20 20:00:00,13634.160038227788,15855.654648793396,10727.955782866182
forecast_8493,2025-12-20 21:00:00,13193.367173021674,15560.455732806615,14179.682595150065
forecast_8494,2025-12-20 22:00:00,13988.70945490101,14010.976860548431,13988.07228963773
forecast_8495,2025-12-20 23:00:00,15785.516294824012,14720.465759233304,12854.226861924108
forecast_8496,2025-12-21 00:00:00,17667.646928239577,17281.9123117993,12528.591625458084
forecast_8497,2025-12-21 01:00:00,18794.628308599553,19923.678061735438,17201.848450224028
forecast_8498,2025-12-21 02:00:00,19584.76033349388,20101.522710854857,18122.999932557184
forecast_8499,2025-12-21 03:00:00,19627.514227203246,20041.567992939934,18049.550536764356
forecast_8500,2025-12-21 04:00:00,19374.60965213115,20022.394676416494,17989.18342823613
forecast_8501,2025-12-21 05:00:00,18940.636751646405,19943.408341495327,17491.02381327279
forecast_8502,2025-12-21 06:00:00,18544.64630422729,19778.56379864687,17257.464037701313
forecast_8503,2025-12-21 07:00:00,17969.60826703898,19149.59765050609,17044.041150465204
forecast_8504,2025-12-21 08:00:00,16970.733066831388,19023.88260261094,16227.158541088196
forecast_8505,2025-12-21 09:00:00,15477.720874215647,18522.805349282607,15285.364135321899
forecast_8506,2025-12-21 10:00:00,15358.672346726682,16665.15034311772,13525.29786072945
forecast_8507,2025-12-21 11:00:00,14395.796394237,15167.654983359569,10399.87033866311
forecast_8508,2025-12-21 12:00:00,13436.21033166594,11866.73216452017,7636.361549703409
forecast_8509,2025-12-21 13:00:00,11301.700578376785,8747.91841948053,5581.449172661158
forecast_8510,2025-12-21 14:00:00,9742.100187144255,7158.428746995142,3554.2937796651086
forecast_8511,2025-12-21 15:00:00,9197.187989882466,6657.399949619173,3179.123581790688
forecast_8512,2025-12-21 16:00:00,7586.050170149023,5761.982569437557,3048.278653411384
forecast_8513,2025-12-21 17:00:00,7227.649920092886,4914.588061331861,3065.3990790064577
forecast_8514,2025-12-21 18:00:00,6290.8210086843455,4256.595167937485,2729.5755443086423
forecast_8515,2025-12-21 19:00:00,4157.373552692587,3901.052462109978,1944.225266011184
forecast_8516,2025-12-21 20:00:00,3728.7143057976164,2066.1674575651527,1326.269634897218
forecast_8517,2025-12-21 21:00:00,3188.6223105801296,1416.6517527601188,1078.7992977672584
forecast_8518,2025-12-21 22:00:00,1989.4363322413421,787.2737577622336,846.8733162175431
forecast_8519,2025-12-21 23:00:00,1312.3215851967493,519.5646758903171,666.7034496614267
forecast_8520,2025-12-22 00:00:00,1150.966073714045,521.1701783112273,659.4683576922671
forecast_8521,2025-12-22 01:00:00,1165.8088398665993,485.65963855889265,681.770339127285
forecast_8522,2025-12-22 02:00:00,996.6143582185356,515.8654598805831,661.9602651746998
forecast_8523,2025-12-22 03:00:00,662.0300962210642,539.4073987291532,657.7327777056947
forecast_8524,2025-12-22 04:00:00,396.9700827295434,411.5029832572013,657.7327777056947
forecast_8525,2025-12-22 05:00:00,397.2379281228186,382.30219987630454,657.7327777056947
forecast_8526,2025-12-22 06:00:00,555.5935697879631,382.30219987630454,657.7327777056947
forecast_8527,2025-12-22 07:00:00,596.9032135427972,374.89286613824044,657.7327777056947
forecast_8528,2025-12-22 08:00:00,670.845837760568,373.1604994468141,657.7327777056947
forecast_8529,2025-12-22 09:00:00,785.4035258247268,469.4705661998648,657.7327777056947
forecast_8530,2025-12-22 10:00:00,587.9860191572558,472.4189310691938,657.7327777056947
forecast_8531,2025-12-22 11:00:00,398.43055100259147,381.6947343743412,657.7327777056947
forecast_8532,2025-12-22 12:00:00,254.71138374294304,336.01381361606343,657.7327777056947
forecast_8533,2025-12-22 13:00:00,261.7931436230206,310.47167158248715,657.7327777056947
forecast_8534,2025-12-22 14:00:00,253.0321259631641,310.47167158248715,657.7327777056947
forecast_8535,2025-12-22 15:00:00,260.63608361020323,310.47167158248715,657.7327777056947
forecast_8536,2025-12-22 16:00:00,312.6602168055491,369.87584323908334,657.7327777056947
forecast_8537,2025-12-22 17:00:00,1049.2874929108436,559.3643980316058,661.9602651746998
forecast_8538,2025-12-22 18:00:00,1338.918246242391,1355.203687873344,706.6817486465694
forecast_8539,2025-12-22 19:00:00,1290.3140763947947,1875.418125020907,914.7673166209312
forecast_8540,2025-12-22 20:00:00,1366.5850381813202,2640.59504800956,1014.8950148971365
forecast_8541,2025-12-22 21:00:00,2414.814393700348,2479.4100039319756,959.197727195691
forecast_8542,2025-12-22 22:00:00,2892.2351176693055,3716.1023228788245,1274.9403971449522
forecast_8543,2025-12-22 23:00:00,3909.861667396183,4305.451181215306,2267.2898741964846
forecast_8544,2025-12-23 00:00:00,4181.724109845046,6446.172902388019,2331.32236658202
forecast_8545,2025-12-23 01:00:00,4752.984667988864,6951.264232052982,2995.5432971282485
forecast_8546,2025-12-23 02:00:00,5945.0472247697635,7559.666040237656,3225.4589157138553
forecast_8547,2025-12-23 03:00:00,6265.720850965556,7812.866244430426,2958.9969911416215
forecast_8548,2025-12-23 04:00:00,6379.768399253009,7478.016554752549,2785.422432326141
forecast_8549,2025-12-23 05:00:00,7051.114913906092,7573.640579691031,2979.948899551039
forecast_8550,2025-12-23 06:00:00,6926.044654167844,7887.326756769173,3665.3469478263564
forecast_8551,2025-12-23 07:00:00,5956.021813429166,7683.364630248821,3361.9341450116017
forecast_8552,2025-12-23 08:00:00,5078.741311864716,6650.406234325575,3040.5531763007266
forecast_8553,2025-12-23 09:00:00,4936.396807980177,5692.7137932124415,3274.53114918302
forecast_8554,2025-12-23 10:00:00,4968.1048540733445,5780.854735167877,4072.374329978565
forecast_8555,2025-12-23 11:00:00,6865.235944082674,6510.073940328437,3983.632243198789
forecast_8556,2025-12-23 12:00:00,6826.606911972752,6988.126191252755,3910.7507600933377
forecast_8557,2025-12-23 13:00:00,5022.230353182627,5615.096837962434,3900.0495490370786
forecast_8558,2025-12-23 14:00:00,5021.331785499787,4465.8598968807355,3343.0636472197343
forecast_8559,2025-12-23 15:00:00,4997.55884297365,5033.4934357729935,3522.5355543032624
forecast_8560,2025-12-23 16:00:00,5330.905565554734,6158.87096318729,3438.6092408045283
forecast_8561,2025-12-23 17:00:00,7347.270415399017,8053.606194428935,3255.3797575569374
forecast_8562,2025-12-23 18:00:00,8245.49802080754,11260.583636695923,3591.8347409365247
forecast_8563,2025-12-23 19:00:00,9961.15245289595,11574.683278620176,6475.095162424048
forecast_8564,2025-12-23 20:00:00,9192.58867072545,12225.726066440275,7676.079324330354
forecast_8565,2025-12-23 21:00:00,8564.163620587226,12679.201965743088,6117.059004251087
forecast_8566,2025-12-23 22:00:00,7779.455869602714,11369.182786248752,6693.552344294284
forecast_8567,2025-12-23 23:00:00,7424.7934512719785,11411.914201292338,6926.659316524803
forecast_8568,2025-12-24 00:00:00,8073.072789492813,10062.721959207069,7082.400429454137
forecast_8569,2025-12-24 01:00:00,10301.183348907774,13119.724777438914,9134.963875566547
forecast_8570,2025-12-24 02:00:00,9737.750699398604,13404.32584161062,8310.921783355287
forecast_8571,2025-12-24 03:00:00,9389.148570543,9314.091415091068,5706.899558422998
forecast_8572,2025-12-24 04:00:00,8316.44646947942,8254.460292245982,4373.117420371693
forecast_8573,2025-12-24 05:00:00,5925.145568361715,6708.559101816829,3301.670484843762
forecast_8574,2025-12-24 06:00:00,4639.769949033354,3746.1073991017256,2603.4638115544167
forecast_8575,2025-12-24 07:00:00,2979.184011002133,2014.782161474089,1142.4735204016704
forecast_8576,2025-12-24 08:00:00,1563.232310084492,679.2529469246065,686.4505137474697
forecast_8577,2025-12-24 09:00:00,634.3956021473325,347.8918926376552,664.2115421789939
forecast_8578,2025-12-24 10:00:00,312.37962430491217,298.07399854313934,657.7327777056947
forecast_8579,2025-12-24 11:00:00,290.63464286931986,298.07399854313934,657.7327777056947
forecast_8580,2025-12-24 12:00:00,307.58342808566476,332.2217174663788,661.9602651746998
forecast_8581,2025-12-24 13:00:00,301.3811392696807,343.4342885803347,661.9602651746998
forecast_8582,2025-12-24 14:00:00,292.71973718292844,327.69511139611785,659.4683576922671
forecast_8583,2025-12-24 15:00:00,306.7150571824426,343.65162753960476,659.4683576922671
forecast_8584,2025-12-24 16:00:00,291.2066824145761,343.4342885803347,657.7327777056947
forecast_8585,2025-12-24 17:00:00,315.79851931467726,316.7244483981147,657.7327777056947
forecast_8586,2025-12-24 18:00:00,291.56320477843275,305.2831174280391,657.7327777056947
forecast_8587,2025-12-24 19:00:00,299.95761652390263,306.5686158719321,657.7327777056947
forecast_8588,2025-12-24 20:00:00,321.80987411705735,369.66423202211706,657.7327777056947
forecast_8589,2025-12-24 21:00:00,449.4007488793386,371.2040150758611,657.7327777056947
forecast_8590,2025-12-24 22:00:00,791.1239833283831,518.2392799494257,661.9602651746998
forecast_8591,2025-12-24 23:00:00,1310.8032662452683,1069.5909531187694,792.5574713111758
forecast_8592,2025-12-25 00:00:00,1875.5638484625404,1716.8302572742873,1138.6496625542
forecast_8593,2025-12-25 01:00:00,3657.4781717883598,2449.0661460077254,1365.0785050527786
forecast_8594,2025-12-25 02:00:00,6016.4735354817685,3607.4350196627647,2532.140161692401
forecast_8595,2025-12-25 03:00:00,7487.987455047623,7158.017966070061,4721.164605877089
forecast_8596,2025-12-25 04:00:00,9325.110698536122,9214.55434951385,6256.1067771579055
forecast_8597,2025-12-25 05:00:00,10332.839385327125,10384.134197235664,7182.601297801963
forecast_8598,2025-12-25 06:00:00,11899.762150206298,11949.002936440973,8229.581855735563
forecast_8599,2025-12-25 07:00:00,13158.905853769527,13270.157056200813,8754.400932269851
forecast_8600,2025-12-25 08:00:00,13640.270807710567,13932.708245766373,8775.717768517416
forecast_8601,2025-12-25 09:00:00,13644.618190664172,15010.848745701293,9401.837257888694
forecast_8602,2025-12-25 10:00:00,14740.423821058377,16389.374269390526,13423.083678299565
forecast_8603,2025-12-25 11:00:00,14926.33290316573,15668.759765626597,12833.34909479398
forecast_8604,2025-12-25 12:00:00,14750.467018345957,16587.199420253728,12521.614855397343
forecast_8605,2025-12-25 13:00:00,15185.873344052156,16972.393266954023,13304.7149783538
forecast_8606,2025-12-25 14:00:00,14968.860324009613,16392.009122974305,12932.44708230789
forecast_8607,2025-12-25 15:00:00,14960.547317839897,16408.183498264203,12458.757375137644
forecast_8608,2025-12-25 16:00:00,15037.241483665022,16306.715062749685,12193.601917911263
forecast_8609,2025-12-25 17:00:00,14846.479230835732,16093.371133719196,12381.182677382314
forecast_8610,2025-12-25 18:00:00,14998.639951785077,16700.645605761812,12567.99449896921
forecast_8611,2025-12-25 19:00:00,14916.666074119887,16964.87815786913,14558.534089669769
forecast_8612,2025-12-25 20:00:00,14995.721360282518,17719.660514379008,15026.907282012773
forecast_8613,2025-12-25 21:00:00,14959.544339822965,18088.287902739485,15396.279751157675
forecast_8614,2025-12-25 22:00:00,15353.35146150381,18280.858341782587,15222.979592626089
forecast_8615,2025-12-25 23:00:00,15339.480829459024,18784.49971327281,15423.081827554717
forecast_8616,2025-12-26 00:00:00,15401.865087954493,19205.366511810735,15829.926175082586
forecast_8617,2025-12-26 01:00:00,16338.040065372028,19113.08870646868,14998.924411750562
forecast_8618,2025-12-26 02:00:00,15799.869518716547,19197.146978393175,15029.049662841364
forecast_8619,2025-12-26 03:00:00,16059.024383606851,19165.947258960925,14388.18406344745
forecast_8620,2025-12-26 04:00:00,16459.847041177447,19180.381641015738,15225.321866848002
forecast_8621,2025-12-26 05:00:00,17097.899295894716,17867.79159632643,14011.607184035867
forecast_8622,2025-12-26 06:00:00,17195.386044434363,17649.78066902084,12833.375320697025
forecast_8623,2025-12-26 07:00:00,17381.93999205579,19026.325665836473,13787.508617650474
forecast_8624,2025-12-26 08:00:00,17688.609819384805,19519.676859061106,14241.023149901835
forecast_8625,2025-12-26 09:00:00,17168.04038028663,18820.88973924506,14017.809027955369
forecast_8626,2025-12-26 10:00:00,14852.716716470884,16616.866456454285,12178.079628947988
forecast_8627,2025-12-26 11:00:00,14044.891181748932,16043.381077646754,9481.094614533158
forecast_8628,2025-12-26 12:00:00,13541.50115541914,14805.168442204716,9891.131765011782
forecast_8629,2025-12-26 13:00:00,12145.275696295219,15194.760824624118,9143.120560030133
forecast_8630,2025-12-26 14:00:00,12478.287611418622,14197.854562239901,8943.55617159839
forecast_8631,2025-12-26 15:00:00,12956.182180866226,13214.416904441616,8766.258898398757
forecast_8632,2025-12-26 16:00:00,13263.060460609724,13095.516562830682,9320.066081311936
forecast_8633,2025-12-26 17:00:00,13764.211189728285,15192.64988839674,12795.73318253778
forecast_8634,2025-12-26 18:00:00,14375.575171694683,14599.847198984455,14138.146533660602
forecast_8635,2025-12-26 19:00:00,15377.73717669844,15244.016405703675,13343.492375389857
forecast_8636,2025-12-26 20:00:00,16104.012719173832,16593.610413048005,13895.478895560449
forecast_8637,2025-12-26 21:00:00,15848.721979476506,17725.918417250818,14439.838496333881
forecast_8638,2025-12-26 22:00:00,17113.926407848932,19444.337477196153,15888.978149292947
forecast_8639,2025-12-26 23:00:00,17407.232850728116,19661.809027680712,15723.975632900252
forecast_8640,2025-12-27 00:00:00,17397.246892965155,19844.865325936837,15671.173273978395
forecast_8641,2025-12-27 01:00:00,17329.848648485087,19719.66458121357,16439.813449467765
forecast_8642,2025-12-27 02:00:00,17750.093115202508,19379.33795172047,15656.786973422795
forecast_8643,2025-12-27 03:00:00,17427.290623515033,19681.7764800577,15125.609743784778
forecast_8644,2025-12-27 04:00:00,17023.875856161623,19489.028301324935,15129.263904079035
forecast_8645,2025-12-27 05:00:00,16810.565309642516,19364.697083617226,14286.350053641818
forecast_8646,2025-12-27 06:00:00,16494.977904058072,19363.218183389392,14205.463909156679
forecast_8647,2025-12-27 07:00:00,16539.978713231456,19193.036548922006,14098.049757990138
forecast_8648,2025-12-27 08:00:00,16910.766595902824,18872.26635042133,14272.782730364042
forecast_8649,2025-12-27 09:00:00,16492.679959555277,18233.435458391945,13504.555565143344
forecast_8650,2025-12-27 10:00:00,15830.96042961826,16225.383074004192,11825.01700312035
forecast_8651,2025-12-27 11:00:00,15715.734459260935,14918.061460762818,12779.33492384721
forecast_8652,2025-12-27 12:00:00,15387.567385285243,14319.140645912887,12540.444950096378
forecast_8653,2025-12-27 13:00:00,15562.376091275833,15279.058383811565,11930.057044326642
forecast_8654,2025-12-27 14:00:00,15506.241770318287,15871.37762042604,12999.521044822652
forecast_8655,2025-12-27 15:00:00,15930.377365750315,16048.83057793566,14521.817851814849
forecast_8656,2025-12-27 16:00:00,16181.613297644511,16484.667206513128,14289.368165663775
forecast_8657,2025-12-27 17:00:00,16843.144492914656,18203.988354335816,16458.556602318225
forecast_8658,2025-12-27 18:00:00,17400.282816893417,18755.322012332057,18602.69753783622
forecast_8659,2025-12-27 19:00:00,17515.125375167117,18961.44225915819,18308.07688588193
forecast_8660,2025-12-27 20:00:00,17727.779591874765,18996.497378919415,17097.57370854127
forecast_8661,2025-12-27 21:00:00,18193.29293741691,18780.415069304596,18427.561681714767
forecast_8662,2025-12-27 22:00:00,18224.087196799614,18773.975995271616,18509.696213584866
forecast_8663,2025-12-27 23:00:00,18295.37051362981,18914.55138067905,18835.75733003559
forecast_8664,2025-12-28 00:00:00,18392.274804276396,18872.772631919666,18937.951577144406
forecast_8665,2025-12-28 01:00:00,18327.845091299037,19087.344919690302,18789.569835946437
forecast_8666,2025-12-28 02:00:00,18321.489165836785,19778.885049696662,19424.34496015391
forecast_8667,2025-12-28 03:00:00,19308.679993709426,20023.59573095,19471.997186405282
forecast_8668,2025-12-28 04:00:00,19526.316837015933,20562.849025287316,18957.32790059894
forecast_8669,2025-12-28 05:00:00,19861.28867735266,20635.04397949457,19634.039948391026
forecast_8670,2025-12-28 06:00:00,20229.444870197513,20732.56741548531,19697.25060847521
forecast_8671,2025-12-28 07:00:00,20075.860396099677,20550.314398780403,19432.176305329533
forecast_8672,2025-12-28 08:00:00,20450.834575238125,20126.71845920562,19245.46894424245
forecast_8673,2025-12-28 09:00:00,19227.67909495773,20029.967188130722,18455.20499462741
forecast_8674,2025-12-28 10:00:00,18087.3068802813,19438.80833540798,18544.284088623524
forecast_8675,2025-12-28 11:00:00,17692.732328803315,18957.354601610037,16575.45191275643
forecast_8676,2025-12-28 12:00:00,17071.8024181967,18731.65742340549,15730.869352173377
forecast_8677,2025-12-28 13:00:00,16289.379341381806,17047.87309157208,14454.179618791162
forecast_8678,2025-12-28 14:00:00,14917.233940906804,15827.297359853546,14276.546906826741
forecast_8679,2025-12-28 15:00:00,15593.331251746422,14257.889720591053,14423.844369079397
forecast_8680,2025-12-28 16:00:00,15767.714611477324,14220.34678262781,14045.087130935446
forecast_8681,2025-12-28 17:00:00,15466.806108161763,14595.752349698436,13700.672884419153
forecast_8682,2025-12-28 18:00:00,16637.431326085774,14927.451962951547,13985.032571534452
forecast_8683,2025-12-28 19:00:00,16850.543160677054,16187.35034043957,13777.965396556421
forecast_8684,2025-12-28 20:00:00,17385.198047349255,16840.21051497388,15140.513094627811
forecast_8685,2025-12-28 21:00:00,16575.22504162394,17280.47605594225,14638.06024666945
forecast_8686,2025-12-28 22:00:00,16529.154125342076,17292.686711745122,15057.565206632553
forecast_8687,2025-12-28 23:00:00,17071.110311463253,17412.79336381088,14800.98099952716
forecast_8688,2025-12-29 00:00:00,18416.738855905263,18884.304119517397,15827.908077704935
forecast_8689,2025-12-29 01:00:00,18095.455801580745,19123.69503709339,16678.178927260724
forecast_8690,2025-12-29 02:00:00,18046.87871665849,18644.971214808953,15969.35316508239
forecast_8691,2025-12-29 03:00:00,18006.34818737825,19047.674382277582,18567.87619107218
forecast_8692,2025-12-29 04:00:00,17726.36942926941,19282.576544775737,18620.12270294091
forecast_8693,2025-12-29 05:00:00,17714.30139497455,19230.87700517105,18448.500950035923
forecast_8694,2025-12-29 06:00:00,18451.28493048519,18821.282064517298,18828.6942173234
forecast_8695,2025-12-29 07:00:00,18356.11715886375,18730.233490921582,19116.064776382183
forecast_8696,2025-12-29 08:00:00,18312.30407037377,18753.142753800643,19222.61739228009
forecast_8697,2025-12-29 09:00:00,18236.124227721615,19133.757272530904,19177.321153437864
forecast_8698,2025-12-29 10:00:00,18215.374613086133,18753.5761284633,18687.42496995691
forecast_8699,2025-12-29 11:00:00,17478.66972425331,18844.465122764996,18413.65639818628
forecast_8700,2025-12-29 12:00:00,17017.591594092977,18447.696492254025,18069.425228735643
forecast_8701,2025-12-29 13:00:00,16984.467287245898,18004.036771945925,15602.098426008146
forecast_8702,2025-12-29 14:00:00,16077.31823316167,17791.680921625724,14193.32255376727
forecast_8703,2025-12-29 15:00:00,15875.484237588626,17871.968695336785,14300.235523815598
forecast_8704,2025-12-29 16:00:00,16922.68031725204,17506.12723731428,15787.367215762468
forecast_8705,2025-12-29 17:00:00,16479.52389631849,17230.855800075347,16574.018639530346
forecast_8706,2025-12-29 18:00:00,16997.74951614844,17314.614447394266,17004.98668776888
forecast_8707,2025-12-29 19:00:00,16706.88243881129,17272.804915871537,17462.449405625142
forecast_8708,2025-12-29 20:00:00,15981.911933476222,17320.052839507196,18031.501987109095
forecast_8709,2025-12-29 21:00:00,16114.693392486366,17126.514942124224,17246.25626144368
forecast_8710,2025-12-29 22:00:00,15242.463730320562,15632.331805980613,17479.105456252324
forecast_8711,2025-12-29 23:00:00,15255.081337838212,15219.709753338999,16967.116623447273
forecast_8712,2025-12-30 00:00:00,15391.611944321043,15001.854897606161,15893.506277423172
forecast_8713,2025-12-30 01:00:00,15191.73012573359,14928.831277726906,15472.272579216708
forecast_8714,2025-12-30 02:00:00,14345.421327562322,14562.381436483993,15838.421398106346
forecast_8715,2025-12-30 03:00:00,13845.44111924688,14073.090280852606,15706.523406696191
forecast_8716,2025-12-30 04:00:00,13768.013169091311,13533.620899461279,15725.72812122688
forecast_8717,2025-12-30 05:00:00,13365.364490406713,12909.59917285972,12939.760563272263
forecast_8718,2025-12-30 06:00:00,13464.570516108995,12869.408655693604,10483.698584674614
forecast_8719,2025-12-30 07:00:00,13655.1377352683,12670.43932623116,9399.750259800643
forecast_8720,2025-12-30 08:00:00,13611.975964458989,11620.95205449397,9033.56478116834
forecast_8721,2025-12-30 09:00:00,13042.635578463378,11011.374952881091,7868.081345533329
forecast_8722,2025-12-30 10:00:00,12464.403450151805,9607.681336377198,6814.738241551569
forecast_8723,2025-12-30 11:00:00,11194.189504206473,9081.72973606562,5194.513342470677
forecast_8724,2025-12-30 12:00:00,10750.089209425865,8732.455164772526,5626.312650081777
forecast_8725,2025-12-30 13:00:00,10803.579995985527,8920.510964157002,7325.28374350702
forecast_8726,2025-12-30 14:00:00,12043.24746530926,10811.395469479976,7448.500292199972
forecast_8727,2025-12-30 15:00:00,12559.464454188852,10383.517895240142,7634.858775031622
forecast_8728,2025-12-30 16:00:00,13027.600632441114,11059.221489109561,7578.910919396459
forecast_8729,2025-12-30 17:00:00,13527.050717873377,10969.723648459896,8511.313389004537
forecast_8730,2025-12-30 18:00:00,13563.772897205263,10865.819150160314,9768.912415348612
forecast_8731,2025-12-30 19:00:00,13461.120645362465,11299.411871645618,10065.6300631106
forecast_8732,2025-12-30 20:00:00,13469.924317435036,12872.763309866383,10303.865033086193
forecast_8733,2025-12-30 21:00:00,14108.293419415044,13321.924303486881,12583.794493385029
forecast_8734,2025-12-30 22:00:00,14144.078815416855,14027.675434269147,13102.162378451734
forecast_8735,2025-12-30 23:00:00,14040.772899214231,14513.549396695114,13833.516281486174
forecast_8736,2025-12-31 00:00:00,14206.287203673943,14767.310465457751,14334.890058849216
forecast_8737,2025-12-31 01:00:00,14324.878615172172,16117.890476900118,14555.977914000983
forecast_8738,2025-12-31 02:00:00,14454.342657512903,17308.006333127938,14959.889008642169
forecast_8739,2025-12-31 03:00:00,14057.029671244198,17631.064172623875,14807.258479162154
forecast_8740,2025-12-31 04:00:00,14001.487036824567,16113.081943696754,15386.180636113844
forecast_8741,2025-12-31 05:00:00,14374.716054698665,16059.263785403109,15178.293287541339
forecast_8742,2025-12-31 06:00:00,14178.426870207983,15840.566313104518,14922.884632809777
forecast_8743,2025-12-31 07:00:00,14335.394128174152,15574.508957924563,16409.19705903889
forecast_8744,2025-12-31 08:00:00,14141.643912204268,15869.25872597419,15277.573070202383
forecast_8745,2025-12-31 09:00:00,14277.807551514084,15565.092340817782,12782.913772231326
forecast_8746,2025-12-31 10:00:00,14098.271204856821,14297.27065795547,10700.434680113034
forecast_8747,2025-12-31 11:00:00,13672.878628191917,13259.75474071457,8622.709409558956
forecast_8748,2025-12-31 12:00:00,12674.305360474169,12097.914003871585,7370.06469881572
forecast_8749,2025-12-31 13:00:00,11985.693302354663,12053.035115513052,7289.998161657517
forecast_8750,2025-12-31 14:00:00,11526.698405354762,11109.58613695885,6725.638127180723
forecast_8751,2025-12-31 15:00:00,11292.652893284376,10762.367545557487,6702.867433104502
forecast_8752,2025-12-31 16:00:00,10715.732875063904,9360.91563932083,6995.954424390342
forecast_8753,2025-12-31 17:00:00,10319.358501842296,11140.11741522222,7605.905930632524
forecast_8754,2025-12-31 18:00:00,11414.192942985694,12817.873800107744,9084.16511256957
forecast_8755,2025-12-31 19:00:00,11795.63046975464,11623.462799016692,12719.878155441684
forecast_8756,2025-12-31 20:00:00,11941.413426095447,13052.260774100683,12828.925762309618
forecast_8757,2025-12-31 21:00:00,12632.746722186579,14891.05645781886,12523.660504177857
forecast_8758,2025-12-31 22:00:00,13455.55939242089,15880.665308924334,13401.211285191885
forecast_8759,2025-12-31 23:00:00,14283.775351480534,14958.180489609082,14176.862409704005
forecast_8760,2026-01-01 00:00:00,13368.181590663959,14961.8022173072,15812.514180262155
